Oct 04 10:02:03 baseweed-admin systemd[854]: Started qdwin compositor (libweston + qdwin-shell.so).
Oct 04 10:02:03 baseweed-admin systemd[854]: Starting qdistro screen locker (qdlocker)...
Oct 04 10:02:04 baseweed-admin systemd[854]: Starting qdshell desktop (Quickshell QML on top of qdwin)...
Oct 04 10:02:04 baseweed-admin weston[921]: Date: 2026-10-04 UTC
Oct 04 10:02:04 baseweed-admin weston[921]: [10:02:04.244] weston 16.0.0
Oct 04 10:02:04 baseweed-admin weston[921]:                https://wayland.freedesktop.org
Oct 04 10:02:04 baseweed-admin weston[921]:                Bug reports to: https://gitlab.freedesktop.org/wayland/weston/issues/
Oct 04 10:02:04 baseweed-admin weston[921]:                Build: 16.0.0
Oct 04 10:02:04 baseweed-admin weston[921]: [10:02:04.244] Command line: /usr/bin/weston --config=/home/admin/weston.ini --socket=wayland-1
Oct 04 10:02:04 baseweed-admin weston[921]: [10:02:04.244] OS: Linux, 7.2.8-1-default, #1 SMP PREEMPT_DYNAMIC Sat Sep 26 07:00:58 UTC 2026 (9b36732), x86_64
Oct 04 10:02:04 baseweed-admin weston[921]: [10:02:04.244] Flight recorder: enabled, scopes subscribed: log
Oct 04 10:02:04 baseweed-admin weston[921]: [10:02:04.245] Using config file '/home/admin/weston.ini'
Oct 04 10:02:04 baseweed-admin weston[921]: [10:02:04.245] Output repaint window is 7 ms maximum.
Oct 04 10:02:04 baseweed-admin weston[921]: [10:02:04.246] Loading module '/usr/libexec/qdistro/qdwin-libweston/lib64/libweston-16/drm-backend.so'
Oct 04 10:02:04 baseweed-admin weston[921]: [10:02:04.295] initializing drm backend
Oct 04 10:02:04 baseweed-admin weston[921]: [10:02:04.295] Trying libseat launcher...
Oct 04 10:02:04 baseweed-admin weston[921]: [10:02:04.307] [libseat/libseat.c:73] Seat opened with backend 'seatd'
Oct 04 10:02:04 baseweed-admin weston[921]: [10:02:04.307] [libseat/backend/seatd.c:218] Enabling seat
Oct 04 10:02:04 baseweed-admin weston[921]: [10:02:04.307] libseat: session control granted
Oct 04 10:02:04 baseweed-admin weston[921]: [10:02:04.312] using /dev/dri/card0
Oct 04 10:02:04 baseweed-admin weston[921]: [10:02:04.312] DRM: supports atomic modesetting
Oct 04 10:02:04 baseweed-admin weston[921]: [10:02:04.312] DRM: supports cursor-plane hotspot (virtualized cursor)
Oct 04 10:02:04 baseweed-admin weston[921]: [10:02:04.312] DRM: does not support GBM modifiers
Oct 04 10:02:04 baseweed-admin weston[921]: [10:02:04.312] DRM: does not support Atomic async page flip
Oct 04 10:02:04 baseweed-admin weston[921]: [10:02:04.312] DRM: supports picture aspect ratio
Oct 04 10:02:04 baseweed-admin weston[921]: [10:02:04.312] DRM: EDID for the following head fails conformity:
Oct 04 10:02:04 baseweed-admin weston[921]: Block 1, CTA-861 Extension Block:
Oct 04 10:02:04 baseweed-admin weston[921]:   Padding: Contains non-zero bytes.
Oct 04 10:02:04 baseweed-admin weston[921]: [10:02:04.313] DRM: head 'Virtual-1' found, connector 40 is connected, EDID make 'Red Hat, Inc.', model 'QEMU Monitor', serial ''
Oct 04 10:02:04 baseweed-admin weston[921]:                Supported EOTF modes: SDR
Oct 04 10:02:04 baseweed-admin weston[921]:                Supported colorimetry modes: default
Oct 04 10:02:04 baseweed-admin weston[921]:                Supported VRR modes: (none),
Oct 04 10:02:04 baseweed-admin weston[921]:                Supported color formats: AUTO
Oct 04 10:02:05 baseweed-admin weston[921]: [10:02:05.108] Loading module '/usr/libexec/qdistro/qdwin-libweston/lib64/libweston-16/gl-renderer.so'
Oct 04 10:02:05 baseweed-admin weston[921]: [10:02:05.149] warning: failed to query rendering device from EGL
Oct 04 10:02:05 baseweed-admin weston[921]: [10:02:05.149] EGL version: 1.5
Oct 04 10:02:05 baseweed-admin weston[921]: [10:02:05.149] EGL vendor: Mesa Project
Oct 04 10:02:05 baseweed-admin weston[921]: [10:02:05.149] EGL client APIs: OpenGL OpenGL_ES
Oct 04 10:02:05 baseweed-admin weston[921]: [10:02:05.149] EGL features:
Oct 04 10:02:05 baseweed-admin weston[921]:                EGL Wayland extension: no
Oct 04 10:02:05 baseweed-admin weston[921]:                context priority: no
Oct 04 10:02:05 baseweed-admin weston[921]:                buffer age: yes
Oct 04 10:02:05 baseweed-admin weston[921]:                partial update: no
Oct 04 10:02:05 baseweed-admin weston[921]:                swap buffers with damage: no
Oct 04 10:02:05 baseweed-admin weston[921]:                configless context: yes
Oct 04 10:02:05 baseweed-admin weston[921]:                surfaceless context: yes
Oct 04 10:02:05 baseweed-admin weston[921]:                dmabuf support: modifiers
Oct 04 10:02:05 baseweed-admin weston[921]:                fence sync: yes (wait)
Oct 04 10:02:05 baseweed-admin weston[921]: [10:02:05.379] GL version: OpenGL ES 3.2 Mesa 26.2.3
Oct 04 10:02:05 baseweed-admin weston[921]: [10:02:05.379] GLSL version: OpenGL ES GLSL ES 3.20
Oct 04 10:02:05 baseweed-admin weston[921]: [10:02:05.379] GL vendor: Mesa
Oct 04 10:02:05 baseweed-admin weston[921]: [10:02:05.379] GL renderer: llvmpipe (LLVM 23.1.1, 256 bits)
Oct 04 10:02:05 baseweed-admin weston[921]: [10:02:05.401] GL ES 3.2 - renderer features:
Oct 04 10:02:05 baseweed-admin weston[921]:                read-back format: ARGB8888
Oct 04 10:02:05 baseweed-admin weston[921]:                glReadPixels supports y-flip: yes
Oct 04 10:02:05 baseweed-admin weston[921]:                glReadPixels supports PBO: yes
Oct 04 10:02:05 baseweed-admin weston[921]:                wl_shm 10 bpc formats: yes
Oct 04 10:02:05 baseweed-admin weston[921]:                wl_shm 16 bpc formats: yes
Oct 04 10:02:05 baseweed-admin weston[921]:                wl_shm half-float formats: yes
Oct 04 10:02:05 baseweed-admin weston[921]:                internal R and RG formats: yes
Oct 04 10:02:05 baseweed-admin weston[921]:                OES_EGL_image_external: yes
Oct 04 10:02:05 baseweed-admin weston[921]:                GPU timeline: no
Oct 04 10:02:05 baseweed-admin weston[921]:                Texture immutability: yes
Oct 04 10:02:05 baseweed-admin weston[921]:                Required precision: yes
Oct 04 10:02:05 baseweed-admin weston[921]:                In-shader blending: yes
Oct 04 10:02:05 baseweed-admin weston[921]: [10:02:05.401] Using GL renderer
Oct 04 10:02:05 baseweed-admin weston[921]: [10:02:05.580] event3  - QEMU QEMU USB Tablet: is tagged by udev as: Mouse
Oct 04 10:02:05 baseweed-admin weston[921]: [10:02:05.580] event3  - QEMU QEMU USB Tablet: device is a pointer
Oct 04 10:02:05 baseweed-admin weston[921]: [10:02:05.581] event4  - Power Button: is tagged by udev as: Keyboard
Oct 04 10:02:05 baseweed-admin weston[921]: [10:02:05.581] event4  - Power Button: device is a keyboard
Oct 04 10:02:05 baseweed-admin weston[921]: [10:02:05.582] event0  - AT Translated Set 2 keyboard: is tagged by udev as: Keyboard
Oct 04 10:02:05 baseweed-admin weston[921]: [10:02:05.583] event0  - AT Translated Set 2 keyboard: device is a keyboard
Oct 04 10:02:05 baseweed-admin weston[921]: [10:02:05.584] event2  - VirtualPS/2 VMware VMMouse: is tagged by udev as: Mouse
Oct 04 10:02:05 baseweed-admin weston[921]: [10:02:05.584] event2  - VirtualPS/2 VMware VMMouse: emulating high-resolution scroll wheel events.
Oct 04 10:02:05 baseweed-admin weston[921]: [10:02:05.585] event2  - VirtualPS/2 VMware VMMouse: device is a pointer
Oct 04 10:02:05 baseweed-admin weston[921]: [10:02:05.586] event1  - VirtualPS/2 VMware VMMouse: is tagged by udev as: Mouse
Oct 04 10:02:05 baseweed-admin weston[921]: [10:02:05.586] event1  - VirtualPS/2 VMware VMMouse: device is a pointer
Oct 04 10:02:05 baseweed-admin weston[921]: [10:02:05.586] event5  - PC Speaker: not tagged as supported input device
Oct 04 10:02:05 baseweed-admin weston[921]: [10:02:05.596] event5  - not using input device '/dev/input/event5'
Oct 04 10:02:05 baseweed-admin weston[921]: [10:02:05.597] event6  - ydotoold virtual device: is tagged by udev as: Keyboard
Oct 04 10:02:05 baseweed-admin weston[921]: [10:02:05.597] event6  - ydotoold virtual device: emulating high-resolution scroll wheel events.
Oct 04 10:02:05 baseweed-admin weston[921]: [10:02:05.597] event6  - ydotoold virtual device: device is a keyboard
Oct 04 10:02:05 baseweed-admin weston[921]: [10:02:05.598] libinput: configuring device "QEMU QEMU USB Tablet".
Oct 04 10:02:05 baseweed-admin weston[921]: [10:02:05.598] input device event3 has no enabled output associated (none named), skipping calibration for now.
Oct 04 10:02:05 baseweed-admin weston[921]: [10:02:05.606] libinput: configuring device "Power Button".
Oct 04 10:02:05 baseweed-admin weston[921]: [10:02:05.607] libinput: configuring device "AT Translated Set 2 keyboard".
Oct 04 10:02:05 baseweed-admin weston[921]: [10:02:05.607] libinput: configuring device "VirtualPS/2 VMware VMMouse".
Oct 04 10:02:05 baseweed-admin weston[921]: [10:02:05.607] libinput: configuring device "VirtualPS/2 VMware VMMouse".
Oct 04 10:02:05 baseweed-admin weston[921]: [10:02:05.607] input device event1 has no enabled output associated (none named), skipping calibration for now.
Oct 04 10:02:05 baseweed-admin weston[921]: [10:02:05.607] libinput: configuring device "ydotoold virtual device".
Oct 04 10:02:05 baseweed-admin weston[921]: [10:02:05.607] Registered plugin API 'weston_drm_output_api_v1' of size 40
Oct 04 10:02:05 baseweed-admin weston[921]: [10:02:05.607] Loading module '/usr/libexec/qdistro/qdwin-libweston/lib64/libweston-16/pipewire-backend.so'
Oct 04 10:02:05 baseweed-admin weston[921]: [10:02:05.608] Initializing PipeWire backend
Oct 04 10:02:05 baseweed-admin weston[921]: [10:02:05.612] Registered plugin API 'weston_pipewire_output_api_v2' of size 24
Oct 04 10:02:05 baseweed-admin weston[921]: [10:02:05.612] Color manager: no-op
Oct 04 10:02:05 baseweed-admin weston[921]:                  protocol support: no
Oct 04 10:02:05 baseweed-admin weston[921]: [10:02:05.612] Setting output 'Virtual-1' to color AUTO format
Oct 04 10:02:05 baseweed-admin weston[921]: [10:02:05.612] Output 'Virtual-1' attempts EOTF mode SDR and colorimetry mode default.
Oct 04 10:02:05 baseweed-admin weston[921]: [10:02:05.612] Output 'Virtual-1' using color profile: stock sRGB color profile
Oct 04 10:02:05 baseweed-admin weston[921]: [10:02:05.612] Chosen EGL config details: id:  46 rgba: 8 8 8 0 buf: 24 dep:  0 stcl: 0 int: 1-1 type: win val: fix vis_id: XRGB8888 (0x34325258)
Oct 04 10:02:05 baseweed-admin weston[921]: [10:02:05.613] Output Virtual-1 (crtc 39) video modes:
Oct 04 10:02:05 baseweed-admin weston[921]:                1280x800@75.0, preferred, 107.3 MHz
Oct 04 10:02:05 baseweed-admin weston[921]:                5120x2160@50.0 64:27, 742.5 MHz
Oct 04 10:02:05 baseweed-admin weston[921]:                4096x2160@50.0 256:135, 594.0 MHz
Oct 04 10:02:05 baseweed-admin weston[921]:                3840x2160@60.0 16:9, 594.0 MHz
Oct 04 10:02:05 baseweed-admin weston[921]:                3840x2160@59.9 16:9, 593.4 MHz
Oct 04 10:02:05 baseweed-admin weston[921]:                3840x2160@50.0 16:9, 594.0 MHz
Oct 04 10:02:05 baseweed-admin weston[921]:                1920x1440@60.0, 234.0 MHz
Oct 04 10:02:05 baseweed-admin weston[921]:                2560x1080@50.0 64:27, 185.6 MHz
Oct 04 10:02:05 baseweed-admin weston[921]:                1856x1392@60.0, 218.2 MHz
Oct 04 10:02:05 baseweed-admin weston[921]:                1792x1344@60.0, 204.8 MHz
Oct 04 10:02:05 baseweed-admin weston[921]:                2048x1152@60.0, 162.0 MHz
Oct 04 10:02:05 baseweed-admin weston[921]:                1920x1200@59.9, 193.2 MHz
Oct 04 10:02:05 baseweed-admin weston[921]:                1920x1080@60.0, current, 148.5 MHz
Oct 04 10:02:05 baseweed-admin weston[921]:                1920x1080@50.0 16:9, 148.5 MHz
Oct 04 10:02:05 baseweed-admin weston[921]:                1600x1200@60.0, 162.0 MHz
Oct 04 10:02:05 baseweed-admin weston[921]:                1680x1050@60.0, 146.2 MHz
Oct 04 10:02:05 baseweed-admin weston[921]:                1400x1050@60.0, 121.8 MHz
Oct 04 10:02:05 baseweed-admin weston[921]:                1280x1024@60.0, 108.0 MHz
Oct 04 10:02:05 baseweed-admin weston[921]:                1440x900@59.9, 106.5 MHz
Oct 04 10:02:05 baseweed-admin weston[921]:                1280x960@60.0, 108.0 MHz
Oct 04 10:02:05 baseweed-admin weston[921]:                1360x768@60.0, 85.5 MHz
Oct 04 10:02:05 baseweed-admin weston[921]:                1280x768@59.9, 79.5 MHz
Oct 04 10:02:05 baseweed-admin weston[921]:                1024x768@60.0, 65.0 MHz
Oct 04 10:02:05 baseweed-admin weston[921]:                800x600@60.3, 40.0 MHz
Oct 04 10:02:05 baseweed-admin weston[921]:                640x480@60.0 4:3, 25.2 MHz
Oct 04 10:02:05 baseweed-admin weston[921]:                640x480@59.9, 25.2 MHz
Oct 04 10:02:05 baseweed-admin weston[921]: [10:02:05.613] associating input device event3 with output Virtual-1 (none by udev)
Oct 04 10:02:05 baseweed-admin weston[921]: [10:02:05.613] associating input device event4 with output Virtual-1 (none by udev)
Oct 04 10:02:05 baseweed-admin weston[921]: [10:02:05.613] associating input device event0 with output Virtual-1 (none by udev)
Oct 04 10:02:05 baseweed-admin weston[921]: [10:02:05.613] associating input device event2 with output Virtual-1 (none by udev)
Oct 04 10:02:05 baseweed-admin weston[921]: [10:02:05.613] associating input device event1 with output Virtual-1 (none by udev)
Oct 04 10:02:05 baseweed-admin weston[921]: [10:02:05.613] associating input device event6 with output Virtual-1 (none by udev)
Oct 04 10:02:05 baseweed-admin weston[921]: [10:02:05.613] Output 'Virtual-1' enabled with head(s) Virtual-1
Oct 04 10:02:05 baseweed-admin weston[921]: [10:02:05.613] pipewire_backend_output_configure.. Done
Oct 04 10:02:05 baseweed-admin weston[921]: [10:02:05.614] Output 'pipewire-0' attempts EOTF mode SDR and colorimetry mode default.
Oct 04 10:02:05 baseweed-admin weston[921]: [10:02:05.614] Output 'pipewire-0' using color profile: stock sRGB color profile
Oct 04 10:02:05 baseweed-admin weston[921]: [10:02:05.656] Output 'pipewire-0' enabled with head(s) pipewire-0
Oct 04 10:02:05 baseweed-admin weston[921]: [10:02:05.656] pipewire_backend_output_configure.. Done
Oct 04 10:02:05 baseweed-admin weston[921]: [10:02:05.656] Output 'pipewire-1' attempts EOTF mode SDR and colorimetry mode default.
Oct 04 10:02:05 baseweed-admin weston[921]: [10:02:05.656] Output 'pipewire-1' using color profile: stock sRGB color profile
Oct 04 10:02:05 baseweed-admin weston[921]: [10:02:05.656] Output 'pipewire-1' enabled with head(s) pipewire-1
Oct 04 10:02:05 baseweed-admin weston[921]: [10:02:05.656] Compositor capabilities:
Oct 04 10:02:05 baseweed-admin weston[921]:                arbitrary surface rotation: yes
Oct 04 10:02:05 baseweed-admin weston[921]:                screen capture uses y-flip: yes
Oct 04 10:02:05 baseweed-admin weston[921]:                cursor planes: yes
Oct 04 10:02:05 baseweed-admin weston[921]:                arbitrary resolutions: yes
Oct 04 10:02:05 baseweed-admin weston[921]:                view mask clipping: yes
Oct 04 10:02:05 baseweed-admin weston[921]:                explicit sync: no
Oct 04 10:02:05 baseweed-admin weston[921]:                color operations: yes
Oct 04 10:02:05 baseweed-admin weston[921]:                color representation: yes
Oct 04 10:02:05 baseweed-admin weston[921]:                in-shader blending: yes
Oct 04 10:02:05 baseweed-admin weston[921]:                presentation clock: CLOCK_MONOTONIC, id 1
Oct 04 10:02:05 baseweed-admin weston[921]:                presentation clock resolution: 0.000000001 s
Oct 04 10:02:05 baseweed-admin weston[921]: [10:02:05.657] Loading module '/usr/lib64/weston/qdwin-shell.so'
Oct 04 10:02:05 baseweed-admin weston[921]: [10:02:05.658] qdwin: locker bind policy defaulting to entrypoint=/usr/local/bin/qdlocker:/usr/bin/qdlocker (system interpreter + root-owned entrypoint; no explicit policy configured); set --qdwin-allowed-locker-any to override to uid-only
Oct 04 10:02:05 baseweed-admin weston[921]: [10:02:05.658] qdwin: locker bind policy uid=1000 entrypoint=/usr/local/bin/qdlocker:/usr/bin/qdlocker exe=(any) label=(any)
Oct 04 10:02:05 baseweed-admin weston[921]: [10:02:05.658] qdwin: ext-idle-notify idle_time=0 internal_mode=1
Oct 04 10:02:05 baseweed-admin weston[921]: [10:02:05.659] qdwin: cursor-shape theme=(default) size=24 loaded=0/36
Oct 04 10:02:05 baseweed-admin weston[921]: [10:02:05.659] qdwin: layer-popup grab handler registered
Oct 04 10:02:05 baseweed-admin weston[921]: [10:02:05.659] qdwin/nested-proxy: default keyboard grab installed on seat 'default'
Oct 04 10:02:05 baseweed-admin weston[921]: [10:02:05.659] qdwin: background curtain 3200x1080 installed
Oct 04 10:02:05 baseweed-admin weston[921]: [10:02:05.659] qdwin: WARNING shell-authorized output capture enabled via QDWIN_ENABLE_SHELL_CAPTURE — dev/test only, do not use in production
Oct 04 10:02:05 baseweed-admin weston[921]: [10:02:05.659] qdwin: retained-frame capture armed on output=Virtual-1
Oct 04 10:02:05 baseweed-admin weston[921]: [10:02:05.659] qdwin: shell loaded (allowed_uid=1000); desktop + qdwin_shell_v1 ready
Oct 04 10:02:05 baseweed-admin weston[921]: [10:02:05.659] Loading module '/usr/lib64/libweston-16/xwayland.so'
Oct 04 10:02:05 baseweed-admin weston[921]: [10:02:05.661] Registered plugin API 'weston_xwayland_v3' of size 32
Oct 04 10:02:05 baseweed-admin weston[921]: [10:02:05.661] Registered plugin API 'weston_xwayland_surface_v2' of size 24
Oct 04 10:02:05 baseweed-admin weston[921]: [10:02:05.661] xserver listening on display :0
Oct 04 10:02:05 baseweed-admin systemd[854]: Started qdistro screen locker (qdlocker).
Oct 04 10:02:05 baseweed-admin systemd[854]: Started qdshell desktop (Quickshell QML on top of qdwin).
Oct 04 10:02:05 baseweed-admin weston[921]: [10:02:05.894] qdwin: bind attempt pid=1036 uid=1000 (allowed_uid=1000)
Oct 04 10:02:05 baseweed-admin weston[921]: [10:02:05.895] qdwin: bind accepted for uid=1000, hello sent
Oct 04 10:02:05 baseweed-admin weston[921]: [10:02:05.895] qdwin: cursor-sprite registered shape=default hotspot=3,1
Oct 04 10:02:05 baseweed-admin weston[921]: [10:02:05.896] qdwin: cursor_retry_install: scheduling first retry in 1000ms
Oct 04 10:02:05 baseweed-admin weston[921]: [10:02:05.896] qdwin: cursor-sprite registered shape=context-menu hotspot=3,1
Oct 04 10:02:05 baseweed-admin weston[921]: [10:02:05.898] qdwin: cursor-sprite registered shape=help hotspot=12,21
Oct 04 10:02:05 baseweed-admin weston[921]: [10:02:05.898] qdwin: cursor-sprite registered shape=pointer hotspot=7,5
Oct 04 10:02:05 baseweed-admin weston[921]: [10:02:05.904] qdwin: cursor-sprite registered shape=progress hotspot=3,1
Oct 04 10:02:05 baseweed-admin weston[921]: [10:02:05.911] qdwin: cursor-sprite registered shape=wait hotspot=11,11
Oct 04 10:02:05 baseweed-admin weston[921]: [10:02:05.911] qdwin: cursor-sprite registered shape=cell hotspot=11,11
Oct 04 10:02:05 baseweed-admin weston[921]: [10:02:05.911] qdwin: cursor-sprite registered shape=crosshair hotspot=11,11
Oct 04 10:02:05 baseweed-admin weston[921]: [10:02:05.911] qdwin: cursor-sprite registered shape=text hotspot=11,12
Oct 04 10:02:05 baseweed-admin weston[921]: [10:02:05.912] qdwin: cursor-sprite registered shape=vertical-text hotspot=12,11
Oct 04 10:02:05 baseweed-admin weston[921]: [10:02:05.912] qdwin: cursor-sprite registered shape=alias hotspot=18,5
Oct 04 10:02:05 baseweed-admin weston[921]: [10:02:05.912] qdwin: cursor-sprite registered shape=copy hotspot=3,1
Oct 04 10:02:05 baseweed-admin weston[921]: [10:02:05.912] qdwin: cursor-sprite registered shape=move hotspot=3,1
Oct 04 10:02:05 baseweed-admin weston[921]: [10:02:05.913] qdwin: cursor-sprite registered shape=no-drop hotspot=3,1
Oct 04 10:02:05 baseweed-admin weston[921]: [10:02:05.913] qdwin: cursor-sprite registered shape=not-allowed hotspot=12,12
Oct 04 10:02:05 baseweed-admin weston[921]: [10:02:05.913] qdwin: cursor-sprite registered shape=grab hotspot=11,2
Oct 04 10:02:05 baseweed-admin weston[921]: [10:02:05.913] qdwin: cursor-sprite registered shape=grabbing hotspot=9,5
Oct 04 10:02:05 baseweed-admin weston[921]: [10:02:05.914] qdwin: cursor-sprite registered shape=e-resize hotspot=19,13
Oct 04 10:02:05 baseweed-admin weston[921]: [10:02:05.914] qdwin: cursor-sprite registered shape=n-resize hotspot=13,6
Oct 04 10:02:05 baseweed-admin weston[921]: [10:02:05.914] qdwin: cursor-sprite registered shape=ne-resize hotspot=15,10
Oct 04 10:02:05 baseweed-admin weston[921]: [10:02:05.914] qdwin: cursor-sprite registered shape=nw-resize hotspot=10,10
Oct 04 10:02:05 baseweed-admin weston[921]: [10:02:05.914] qdwin: cursor-sprite registered shape=s-resize hotspot=13,18
Oct 04 10:02:05 baseweed-admin weston[921]: [10:02:05.915] qdwin: cursor-sprite registered shape=se-resize hotspot=15,15
Oct 04 10:02:05 baseweed-admin weston[921]: [10:02:05.915] qdwin: cursor-sprite registered shape=sw-resize hotspot=10,15
Oct 04 10:02:05 baseweed-admin weston[921]: [10:02:05.915] qdwin: cursor-sprite registered shape=w-resize hotspot=6,13
Oct 04 10:02:05 baseweed-admin weston[921]: [10:02:05.915] qdwin: cursor-sprite registered shape=ew-resize hotspot=12,12
Oct 04 10:02:05 baseweed-admin weston[921]: [10:02:05.916] qdwin: cursor-sprite registered shape=ns-resize hotspot=12,13
Oct 04 10:02:05 baseweed-admin weston[921]: [10:02:05.916] qdwin: cursor-sprite registered shape=nesw-resize hotspot=11,11
Oct 04 10:02:05 baseweed-admin weston[921]: [10:02:05.916] qdwin: cursor-sprite registered shape=nwse-resize hotspot=11,11
Oct 04 10:02:05 baseweed-admin weston[921]: [10:02:05.917] qdwin: cursor-sprite registered shape=col-resize hotspot=12,12
Oct 04 10:02:05 baseweed-admin weston[921]: [10:02:05.917] qdwin: cursor-sprite registered shape=row-resize hotspot=12,13
Oct 04 10:02:05 baseweed-admin weston[921]: [10:02:05.917] qdwin: cursor-sprite registered shape=all-scroll hotspot=11,11
Oct 04 10:02:05 baseweed-admin weston[921]: [10:02:05.917] qdwin: cursor-sprite registered shape=zoom-in hotspot=11,10
Oct 04 10:02:05 baseweed-admin weston[921]: [10:02:05.918] qdwin: cursor-sprite registered shape=zoom-out hotspot=11,10
Oct 04 10:02:05 baseweed-admin weston[921]: [10:02:05.918] qdwin: cursor-sprite registered shape=dnd-ask hotspot=3,1
Oct 04 10:02:05 baseweed-admin weston[921]: [10:02:05.918] qdwin: cursor-sprite registered shape=all-resize hotspot=12,11
Oct 04 10:02:05 baseweed-admin dbus-run-session[1038]: No running instances for "/usr/share/quickshell/qdshell/shell.qml"
Oct 04 10:02:05 baseweed-admin dbus-run-session[1038]:   INFO: Launching config: "/usr/share/quickshell/qdshell/shell.qml"
Oct 04 10:02:05 baseweed-admin dbus-run-session[1038]:   INFO: Shell ID: "0d0d1ceeb7f0392fec595c8531945b05" Path ID "0d0d1ceeb7f0392fec595c8531945b05"
Oct 04 10:02:05 baseweed-admin dbus-run-session[1038]:   INFO: Saving logs to "/run/user/1000/quickshell/by-id/ushvndmt/log.qslog"
Oct 04 10:02:06 baseweed-admin qdlocker[1033]: 2026-10-04 10:02:06,114 qdlocker.app INFO using built-in defaults (no trusted config file found)
Oct 04 10:02:06 baseweed-admin qdlocker[1033]: 2026-10-04 10:02:06,148 qdlocker.auth INFO PAM service from env: qdlocker
Oct 04 10:02:06 baseweed-admin weston[921]: [10:02:06.331] qdwin: locker bind attempt pid=1033 uid=1000 (allowed_locker_uid=1000)
Oct 04 10:02:06 baseweed-admin weston[921]: [10:02:06.331] qdwin: locker bound pid=1033 uid=1000 (initially_locked=0)
Oct 04 10:02:06 baseweed-admin qdlocker[1033]: 2026-10-04 10:02:06,331 qdlocker.wayland INFO locker connected
Oct 04 10:02:06 baseweed-admin qdlocker[1033]: 2026-10-04 10:02:06,336 qdlocker.idle INFO idle watcher started; timeout=300000ms
Oct 04 10:02:06 baseweed-admin qdlocker[1033]: 2026-10-04 10:02:06,338 qdlocker.ctrl INFO ctrl socket at /run/user/1000/qdlocker.sock
Oct 04 10:02:06 baseweed-admin qdlocker[1033]: 2026-10-04 10:02:06,343 qdlocker.app INFO locker bound; initially_locked=False
Oct 04 10:02:06 baseweed-admin dbus-run-session[1038]: MESA-EGL: warning: failed to get driver name for fd -1
Oct 04 10:02:06 baseweed-admin dbus-run-session[1038]: MESA-EGL: warning: MESA-LOADER: failed to retrieve device information
Oct 04 10:02:06 baseweed-admin dbus-run-session[1038]: MESA-EGL: warning: failed to get driver name for fd -1
Oct 04 10:02:06 baseweed-admin qdlocker[1033]: 2026-10-04 10:02:06,462 qdlocker.logind INFO logind sleep delay-inhibitor acquired (fd=20)
Oct 04 10:02:06 baseweed-admin qdlocker[1033]: 2026-10-04 10:02:06,466 qdlocker.logind WARNING cannot identify one owned active Wayland session (0 candidates); session lock unavailable
Oct 04 10:02:06 baseweed-admin qdlocker[1033]: 2026-10-04 10:02:06,469 qdlocker.logind INFO logind automatic sleep locking ready; session=None
Oct 04 10:02:06 baseweed-admin dbus-run-session[1038]: MESA: error: ZINK: failed to choose pdev
Oct 04 10:02:06 baseweed-admin dbus-run-session[1038]: MESA-EGL: warning: egl: failed to create dri2 screen
Oct 04 10:02:23 baseweed-admin dbus-run-session[1038]:   INFO qml: [20261004-100223]           I18n Service started
Oct 04 10:02:23 baseweed-admin dbus-run-session[1038]:   INFO qml: [20261004-100223]           I18n Loading "en" (locale: "en-Latn-US")
Oct 04 10:02:23 baseweed-admin dbus-run-session[1038]:   INFO qml: [20261004-100223]          Shell ---------------------------
Oct 04 10:02:23 baseweed-admin dbus-run-session[1038]:   INFO qml: [20261004-100223]          Shell Qdshell Hello!
Oct 04 10:02:23 baseweed-admin dbus-run-session[1038]:   WARN scene: @Commons/I18n.qml[104:5]: Unable to assign QJSValue to QObject*
Oct 04 10:02:24 baseweed-admin dbus-run-session[1038]:   INFO: Configuration Loaded
Oct 04 10:02:24 baseweed-admin dbus-run-session[1038]:   WARN scene: @Commons/I18n.qml[104:5]: Unable to assign QJSValue to QObject*
Oct 04 10:02:24 baseweed-admin dbus-run-session[1038]:   INFO qml: [20261004-100224]       Settings Settings loaded
Oct 04 10:02:24 baseweed-admin dbus-run-session[1038]:   INFO qml: [20261004-100224]           I18n Loaded translations for "en"
Oct 04 10:02:24 baseweed-admin dbus-run-session[1038]:   INFO qml: [20261004-100224] PluginRegistry Loaded plugin states from: /home/admin/.config/qdshell/plugins.json
Oct 04 10:02:24 baseweed-admin dbus-run-session[1038]:   INFO qml: [20261004-100224] PluginRegistry Scanning plugin folder: /home/admin/.config/qdshell/plugins
Oct 04 10:02:24 baseweed-admin dbus-run-session[1038]:   INFO qml: [20261004-100224]          Icons Service started
Oct 04 10:02:24 baseweed-admin dbus-run-session[1038]:   INFO: ctrl-server: listening on /run/user/1000/qdshell.sock
Oct 04 10:02:24 baseweed-admin dbus-run-session[1038]:   WARN scene: QML Connections at @Services/Hardware/BrightnessService.qml[66:3]: Detected function "onEnableDdcSupportChanged" in Connections element. This is probably intended to be a signal handler but no signal of the target matches the name.
Oct 04 10:02:24 baseweed-admin dbus-run-session[1038]:   INFO qml: [20261004-100224]     Brightness Service started
Oct 04 10:02:24 baseweed-admin dbus-run-session[1038]:   INFO qml: [20261004-100224] DesktopWidgetR Service started
Oct 04 10:02:24 baseweed-admin dbus-run-session[1038]:   WARN scene: QML Connections at @Services/UI/BarService.qml[147:3]: Detected function "onDisplayModeChanged" in Connections element. This is probably intended to be a signal handler but no signal of the target matches the name.
Oct 04 10:02:24 baseweed-admin dbus-run-session[1038]:   WARN scene: QML Connections at @Services/UI/BarService.qml[147:3]: Detected function "onScreenOverridesChanged" in Connections element. This is probably intended to be a signal handler but no signal of the target matches the name.
Oct 04 10:02:24 baseweed-admin dbus-run-session[1038]:   INFO qml: [20261004-100224]     BarService Service started
Oct 04 10:02:24 baseweed-admin dbus-run-session[1038]:   WARN scene: QML Connections at @Services/Networking/NetworkService.qml[73:3]: Detected function "onWifiEnabledChanged" in Connections element. This is probably intended to be a signal handler but no signal of the target matches the name.
Oct 04 10:02:24 baseweed-admin dbus-run-session[1038]:   INFO qml: [20261004-100224]        Network Service started
Oct 04 10:02:24 baseweed-admin dbus-run-session[1038]:   WARN scene: QML Connections at @Modules/Panels/Dock/StaticDockPanel.qml[350:3]: Detected function "onPinnedAppsChanged" in Connections element. This is probably intended to be a signal handler but no signal of the target matches the name.
Oct 04 10:02:24 baseweed-admin dbus-run-session[1038]:   WARN scene: QML Connections at @Modules/Panels/Dock/StaticDockPanel.qml[350:3]: Detected function "onOnlySameOutputChanged" in Connections element. This is probably intended to be a signal handler but no signal of the target matches the name.
Oct 04 10:02:24 baseweed-admin dbus-run-session[1038]:   WARN scene: QML Connections at @Services/System/SystemStatService.qml[320:3]: Detected function "onEnableDgpuMonitoringChanged" in Connections element. This is probably intended to be a signal handler but no signal of the target matches the name.
Oct 04 10:02:24 baseweed-admin dbus-run-session[1038]:   INFO qml: [20261004-100224]     SystemStat Service started (polling deferred until a consumer registers).
Oct 04 10:02:24 baseweed-admin dbus-run-session[1038]:   WARN scene: QML Connections at @Modules/Panels/Dock/StaticDockPanel.qml[350:3]: Detected function "onPinnedAppsChanged" in Connections element. This is probably intended to be a signal handler but no signal of the target matches the name.
Oct 04 10:02:24 baseweed-admin dbus-run-session[1038]:   WARN scene: QML Connections at @Modules/Panels/Dock/StaticDockPanel.qml[350:3]: Detected function "onOnlySameOutputChanged" in Connections element. This is probably intended to be a signal handler but no signal of the target matches the name.
Oct 04 10:02:24 baseweed-admin dbus-run-session[1038]:   WARN scene: QML Connections at @Modules/Panels/Dock/StaticDockPanel.qml[350:3]: Detected function "onPinnedAppsChanged" in Connections element. This is probably intended to be a signal handler but no signal of the target matches the name.
Oct 04 10:02:24 baseweed-admin dbus-run-session[1038]:   WARN scene: QML Connections at @Modules/Panels/Dock/StaticDockPanel.qml[350:3]: Detected function "onOnlySameOutputChanged" in Connections element. This is probably intended to be a signal handler but no signal of the target matches the name.
Oct 04 10:02:24 baseweed-admin dbus-run-session[1038]:   WARN scene: QML Connections at @Services/UI/WallpaperService.qml[140:3]: Detected function "onWallpaperDownloaded" in Connections element. This is probably intended to be a signal handler but no signal of the target matches the name.
Oct 04 10:02:24 baseweed-admin dbus-run-session[1038]:   WARN scene: QML Connections at @Services/UI/WallpaperService.qml[61:3]: Detected function "onDirectoryChanged" in Connections element. This is probably intended to be a signal handler but no signal of the target matches the name.
Oct 04 10:02:24 baseweed-admin dbus-run-session[1038]:   WARN scene: QML Connections at @Services/UI/WallpaperService.qml[61:3]: Detected function "onEnableMultiMonitorDirectoriesChanged" in Connections element. This is probably intended to be a signal handler but no signal of the target matches the name.
Oct 04 10:02:24 baseweed-admin dbus-run-session[1038]:   WARN scene: QML Connections at @Services/UI/WallpaperService.qml[61:3]: Detected function "onAutomationEnabledChanged" in Connections element. This is probably intended to be a signal handler but no signal of the target matches the name.
Oct 04 10:02:24 baseweed-admin dbus-run-session[1038]:   WARN scene: QML Connections at @Services/UI/WallpaperService.qml[61:3]: Detected function "onRandomIntervalSecChanged" in Connections element. This is probably intended to be a signal handler but no signal of the target matches the name.
Oct 04 10:02:24 baseweed-admin dbus-run-session[1038]:   WARN scene: QML Connections at @Services/UI/WallpaperService.qml[61:3]: Detected function "onWallpaperChangeModeChanged" in Connections element. This is probably intended to be a signal handler but no signal of the target matches the name.
Oct 04 10:02:24 baseweed-admin dbus-run-session[1038]:   WARN scene: QML Connections at @Services/UI/WallpaperService.qml[61:3]: Detected function "onViewModeChanged" in Connections element. This is probably intended to be a signal handler but no signal of the target matches the name.
Oct 04 10:02:24 baseweed-admin dbus-run-session[1038]:   WARN scene: QML Connections at @Services/UI/WallpaperService.qml[61:3]: Detected function "onShowHiddenFilesChanged" in Connections element. This is probably intended to be a signal handler but no signal of the target matches the name.
Oct 04 10:02:24 baseweed-admin dbus-run-session[1038]:   WARN scene: QML Connections at @Services/UI/WallpaperService.qml[61:3]: Detected function "onUseSolidColorChanged" in Connections element. This is probably intended to be a signal handler but no signal of the target matches the name.
Oct 04 10:02:24 baseweed-admin dbus-run-session[1038]:   WARN scene: QML Connections at @Services/UI/WallpaperService.qml[61:3]: Detected function "onSolidColorChanged" in Connections element. This is probably intended to be a signal handler but no signal of the target matches the name.
Oct 04 10:02:24 baseweed-admin dbus-run-session[1038]:   WARN scene: QML Connections at @Services/UI/WallpaperService.qml[61:3]: Detected function "onSortOrderChanged" in Connections element. This is probably intended to be a signal handler but no signal of the target matches the name.
Oct 04 10:02:24 baseweed-admin dbus-run-session[1038]:   WARN scene: QML Connections at @Modules/Background/Background.qml[80:7]: Detected function "onFillModeChanged" in Connections element. This is probably intended to be a signal handler but no signal of the target matches the name.
Oct 04 10:02:24 baseweed-admin dbus-run-session[1038]:   WARN scene: QML Connections at @Modules/Background/Background.qml[80:7]: Detected function "onFillModeChanged" in Connections element. This is probably intended to be a signal handler but no signal of the target matches the name.
Oct 04 10:02:24 baseweed-admin dbus-run-session[1038]:   WARN scene: QML Connections at @Modules/Background/Background.qml[80:7]: Detected function "onFillModeChanged" in Connections element. This is probably intended to be a signal handler but no signal of the target matches the name.
Oct 04 10:02:24 baseweed-admin dbus-run-session[1038]:   WARN scene: QML Connections at @Modules/Dock/Dock.qml[45:7]: Detected function "onPinnedAppsChanged" in Connections element. This is probably intended to be a signal handler but no signal of the target matches the name.
Oct 04 10:02:24 baseweed-admin dbus-run-session[1038]:   WARN scene: QML Connections at @Modules/Dock/Dock.qml[45:7]: Detected function "onOnlySameOutputChanged" in Connections element. This is probably intended to be a signal handler but no signal of the target matches the name.
Oct 04 10:02:24 baseweed-admin dbus-run-session[1038]:   WARN scene: QML Connections at @Modules/Dock/Dock.qml[45:7]: Detected function "onPinnedAppsChanged" in Connections element. This is probably intended to be a signal handler but no signal of the target matches the name.
Oct 04 10:02:24 baseweed-admin dbus-run-session[1038]:   WARN scene: QML Connections at @Modules/Dock/Dock.qml[45:7]: Detected function "onOnlySameOutputChanged" in Connections element. This is probably intended to be a signal handler but no signal of the target matches the name.
Oct 04 10:02:24 baseweed-admin dbus-run-session[1038]:   WARN scene: QML Connections at @Modules/Dock/Dock.qml[45:7]: Detected function "onPinnedAppsChanged" in Connections element. This is probably intended to be a signal handler but no signal of the target matches the name.
Oct 04 10:02:24 baseweed-admin dbus-run-session[1038]:   WARN scene: QML Connections at @Modules/Dock/Dock.qml[45:7]: Detected function "onOnlySameOutputChanged" in Connections element. This is probably intended to be a signal handler but no signal of the target matches the name.
Oct 04 10:02:24 baseweed-admin dbus-run-session[1038]:   INFO qml: [20261004-100224]          Shell ---------------------------
Oct 04 10:02:24 baseweed-admin dbus-run-session[1038]:   INFO qml: [20261004-100224]      Wallpaper Service started
Oct 04 10:02:24 baseweed-admin dbus-run-session[1038]:   INFO qml: [20261004-100224]     ImageCache Service started
Oct 04 10:02:25 baseweed-admin dbus-run-session[1038]:   WARN scene: QML Connections at @Services/Theming/AppThemeService.qml[30:3]: Detected function "onDarkModeChanged" in Connections element. This is probably intended to be a signal handler but no signal of the target matches the name.
Oct 04 10:02:25 baseweed-admin dbus-run-session[1038]:   WARN scene: QML Connections at @Services/Theming/AppThemeService.qml[30:3]: Detected function "onMonitorForColorsChanged" in Connections element. This is probably intended to be a signal handler but no signal of the target matches the name.
Oct 04 10:02:25 baseweed-admin dbus-run-session[1038]:   WARN scene: QML Connections at @Services/Theming/AppThemeService.qml[30:3]: Detected function "onGenerationMethodChanged" in Connections element. This is probably intended to be a signal handler but no signal of the target matches the name.
Oct 04 10:02:25 baseweed-admin dbus-run-session[1038]:   INFO qml: [20261004-100225] AppThemeServic Service started
Oct 04 10:02:25 baseweed-admin dbus-run-session[1038]:   WARN scene: QML Connections at @Services/Theming/ColorSchemeService.qml[20:3]: Detected function "onDarkModeChanged" in Connections element. This is probably intended to be a signal handler but no signal of the target matches the name.
Oct 04 10:02:25 baseweed-admin dbus-run-session[1038]:   INFO qml: [20261004-100225]    ColorScheme Service started
Oct 04 10:02:25 baseweed-admin dbus-run-session[1038]:   INFO qml: [20261004-100225] AppPresentatio Service started
Oct 04 10:02:25 baseweed-admin dbus-run-session[1038]:   WARN scene: QML Connections at @Services/Location/DarkModeService.qml[43:3]: Detected function "onSchedulingModeChanged" in Connections element. This is probably intended to be a signal handler but no signal of the target matches the name.
Oct 04 10:02:25 baseweed-admin dbus-run-session[1038]:   WARN scene: QML Connections at @Services/Location/DarkModeService.qml[28:3]: Detected function "onManualSunriseChanged" in Connections element. This is probably intended to be a signal handler but no signal of the target matches the name.
Oct 04 10:02:25 baseweed-admin dbus-run-session[1038]:   WARN scene: QML Connections at @Services/Location/DarkModeService.qml[28:3]: Detected function "onManualSunsetChanged" in Connections element. This is probably intended to be a signal handler but no signal of the target matches the name.
Oct 04 10:02:25 baseweed-admin dbus-run-session[1038]:   INFO qml: [20261004-100225] DarkModeServic Service started
Oct 04 10:02:25 baseweed-admin dbus-run-session[1038]:   WARN scene: @Services/Location/DarkModeService.qml[29:5]: Unable to assign QJSValue to QObject*
Oct 04 10:02:25 baseweed-admin dbus-run-session[1038]:   WARN scene: @Services/Location/DarkModeService.qml[44:5]: Unable to assign QJSValue to QObject*
Oct 04 10:02:25 baseweed-admin dbus-run-session[1038]:   WARN scene: @Services/Theming/ColorSchemeService.qml[21:5]: Unable to assign QJSValue to QObject*
Oct 04 10:02:25 baseweed-admin dbus-run-session[1038]:   WARN scene: @Services/Theming/AppThemeService.qml[31:5]: Unable to assign QJSValue to QObject*
Oct 04 10:02:25 baseweed-admin dbus-run-session[1038]:   WARN scene: @Modules/Dock/Dock.qml[46:9]: Unable to assign QJSValue to QObject*
Oct 04 10:02:25 baseweed-admin dbus-run-session[1038]:   WARN scene: @Modules/Dock/Dock.qml[46:9]: Unable to assign QJSValue to QObject*
Oct 04 10:02:25 baseweed-admin dbus-run-session[1038]:   WARN scene: @Modules/Dock/Dock.qml[46:9]: Unable to assign QJSValue to QObject*
Oct 04 10:02:25 baseweed-admin dbus-run-session[1038]:   WARN scene: @Modules/Background/Background.qml[81:9]: Unable to assign QJSValue to QObject*
Oct 04 10:02:25 baseweed-admin dbus-run-session[1038]:   WARN scene: @Modules/Background/Background.qml[81:9]: Unable to assign QJSValue to QObject*
Oct 04 10:02:25 baseweed-admin dbus-run-session[1038]:   WARN scene: @Modules/Background/Background.qml[81:9]: Unable to assign QJSValue to QObject*
Oct 04 10:02:25 baseweed-admin dbus-run-session[1038]:   WARN scene: @Services/UI/WallpaperService.qml[62:5]: Unable to assign QJSValue to QObject*
Oct 04 10:02:25 baseweed-admin dbus-run-session[1038]:   WARN scene: @Modules/Panels/SessionMenu/SessionMenu.qml[152:5]: Unable to assign QJSValue to QObject*
Oct 04 10:02:25 baseweed-admin dbus-run-session[1038]:   WARN scene: @Modules/Panels/Dock/StaticDockPanel.qml[351:5]: Unable to assign QJSValue to QObject*
Oct 04 10:02:25 baseweed-admin dbus-run-session[1038]:   WARN scene: @Modules/Panels/SessionMenu/SessionMenu.qml[152:5]: Unable to assign QJSValue to QObject*
Oct 04 10:02:25 baseweed-admin dbus-run-session[1038]:   WARN scene: @Modules/Panels/Dock/StaticDockPanel.qml[351:5]: Unable to assign QJSValue to QObject*
Oct 04 10:02:25 baseweed-admin dbus-run-session[1038]:   WARN scene: @Services/System/SystemStatService.qml[321:5]: Unable to assign QJSValue to QObject*
Oct 04 10:02:25 baseweed-admin dbus-run-session[1038]:   WARN scene: @Modules/Panels/SessionMenu/SessionMenu.qml[152:5]: Unable to assign QJSValue to QObject*
Oct 04 10:02:25 baseweed-admin dbus-run-session[1038]:   WARN scene: @Services/Networking/NetworkService.qml[74:5]: Unable to assign QJSValue to QObject*
Oct 04 10:02:25 baseweed-admin dbus-run-session[1038]:   WARN scene: @Modules/Panels/Dock/StaticDockPanel.qml[351:5]: Unable to assign QJSValue to QObject*
Oct 04 10:02:25 baseweed-admin dbus-run-session[1038]:   WARN scene: @Services/UI/BarService.qml[148:5]: Unable to assign QJSValue to QObject*
Oct 04 10:02:25 baseweed-admin dbus-run-session[1038]:   WARN scene: @Services/Hardware/BrightnessService.qml[67:5]: Unable to assign QJSValue to QObject*
Oct 04 10:02:25 baseweed-admin dbus-run-session[1038]:   INFO qml: [20261004-100225]      Wallpaper Starting scan for Virtual-1 in /home/admin/Pictures/Wallpapers recursive: false
Oct 04 10:02:25 baseweed-admin dbus-run-session[1038]:   INFO qml: [20261004-100225]      Wallpaper Starting scan for pipewire-0 in /home/admin/Pictures/Wallpapers recursive: false
Oct 04 10:02:25 baseweed-admin dbus-run-session[1038]:   INFO qml: [20261004-100225]      Wallpaper Starting scan for pipewire-1 in /home/admin/Pictures/Wallpapers recursive: false
Oct 04 10:02:25 baseweed-admin dbus-run-session[1038]:   INFO qml: [20261004-100225]       Location Service started
Oct 04 10:02:25 baseweed-admin dbus-run-session[1038]:   WARN scene: QML Connections at @Services/Location/NightLightService.qml[96:3]: Detected function "onEnabledChanged" in Connections element. This is probably intended to be a signal handler but no signal of the target matches the name.
Oct 04 10:02:25 baseweed-admin dbus-run-session[1038]:   WARN scene: QML Connections at @Services/Location/NightLightService.qml[96:3]: Detected function "onForcedChanged" in Connections element. This is probably intended to be a signal handler but no signal of the target matches the name.
Oct 04 10:02:25 baseweed-admin dbus-run-session[1038]:   WARN scene: QML Connections at @Services/Location/NightLightService.qml[96:3]: Detected function "onNightTempChanged" in Connections element. This is probably intended to be a signal handler but no signal of the target matches the name.
Oct 04 10:02:25 baseweed-admin dbus-run-session[1038]:   WARN scene: QML Connections at @Services/Location/NightLightService.qml[96:3]: Detected function "onDayTempChanged" in Connections element. This is probably intended to be a signal handler but no signal of the target matches the name.
Oct 04 10:02:25 baseweed-admin dbus-run-session[1038]:   WARN scene: QML Connections at @Services/Control/HooksService.qml[16:3]: Detected function "onDarkModeChanged" in Connections element. This is probably intended to be a signal handler but no signal of the target matches the name.
Oct 04 10:02:25 baseweed-admin dbus-run-session[1038]:   INFO qml: [20261004-100225]   HooksService Service started
Oct 04 10:02:25 baseweed-admin dbus-run-session[1038]:   WARN quickshell.dbus.objectmanager: Failed to create DBusObjectManagerInterface for "org.bluez" "/" : QDBusError("org.freedesktop.DBus.Error.ServiceUnknown", "The name is not activatable")
Oct 04 10:02:25 baseweed-admin dbus-run-session[1038]:   INFO qml: [20261004-100225]      Bluetooth Service started
Oct 04 10:02:25 baseweed-admin dbus-run-session[1038]:   INFO qml: [20261004-100225]  IdleInhibitor Service started
Oct 04 10:02:25 baseweed-admin dbus-run-session[1038]:   INFO qml: [20261004-100225] CapabilityServ qdwin live-apply capabilities: pointer=false xkb=false wm=false output=false workspace=false idleDpms=false keybind=false
Oct 04 10:02:25 baseweed-admin dbus-run-session[1038]:   INFO qml: [20261004-100225]   PowerService Service started
Oct 04 10:02:25 baseweed-admin dbus-run-session[1038]:   INFO qml: [20261004-100225] AccessibilityS Service started
Oct 04 10:02:25 baseweed-admin dbus-run-session[1038]:   INFO qml: [20261004-100225]  KeyboardInput Service started
Oct 04 10:02:25 baseweed-admin dbus-run-session[1038]:   INFO qml: [20261004-100225] PointerInputSe Service started (qdwin live-apply: persist-only until shell binds >= v28)
Oct 04 10:02:25 baseweed-admin dbus-run-session[1038]:   INFO qml: [20261004-100225] WindowManagerS Service started (qdwin v25 live-apply: false, shortcuts: false)
Oct 04 10:02:25 baseweed-admin dbus-run-session[1038]:   INFO qml: [20261004-100225] SessionService started; saved=0 canApplyPlacement=false
Oct 04 10:02:25 baseweed-admin dbus-run-session[1038]:   INFO qml: [20261004-100225]    HostService Service started
Oct 04 10:02:25 baseweed-admin dbus-run-session[1038]:   INFO qml: [20261004-100225] CustomButtonIP Service started
Oct 04 10:02:25 baseweed-admin dbus-run-session[1038]:   INFO qml: [20261004-100225]     IPCService Service started
Oct 04 10:02:25 baseweed-admin dbus-run-session[1038]:   INFO qml: [20261004-100225]        PodApps service started
Oct 04 10:02:25 baseweed-admin dbus-run-session[1038]:   INFO qml: [20261004-100225]         VMApps service started
Oct 04 10:02:25 baseweed-admin dbus-run-session[1038]:   INFO qml: [20261004-100225]      Tier3Apps service started
Oct 04 10:02:25 baseweed-admin dbus-run-session[1038]:   INFO qml: [20261004-100225]     Tier3sApps service started
Oct 04 10:02:25 baseweed-admin dbus-run-session[1038]:   INFO qml: [20261004-100225]      Tier4Apps service started
Oct 04 10:02:25 baseweed-admin dbus-run-session[1038]:   INFO qml: [20261004-100225] RemoteMachineW service started
Oct 04 10:02:25 baseweed-admin dbus-run-session[1038]:   INFO qml: [20261004-100225]  Tier3FocusIPC service started
Oct 04 10:02:25 baseweed-admin dbus-run-session[1038]:   WARN quickshell.dbus: Could not launch service org.freedesktop.UPower.PowerProfiles: QDBusError(org.freedesktop.DBus.Error.ServiceUnknown, The name is not activatable)
Oct 04 10:02:25 baseweed-admin dbus-run-session[1038]:   WARN quickshell.service.powerprofiles: Could not start PowerProfilesDaemon. The PowerProfiles service will not work.
Oct 04 10:02:25 baseweed-admin weston[921]: [10:02:25.479] qdwin: bind attempt pid=1038 uid=1000 (allowed_uid=1000)
Oct 04 10:02:25 baseweed-admin weston[921]: [10:02:25.479] qdwin: bind accepted for uid=1000, hello sent
Oct 04 10:02:25 baseweed-admin weston[921]: [10:02:25.480] qdwin: ext_workspace_manager bound (count=4 active=0)
Oct 04 10:02:25 baseweed-admin weston[921]: [10:02:25.480] qdwin: zwlr_output_manager bound (serial=1)
Oct 04 10:02:25 baseweed-admin weston[921]: [10:02:25.480] qdwin: shell bound (uid=1000 pid=1038); replaying 0 toplevels
Oct 04 10:02:25 baseweed-admin weston[921]: [10:02:25.480] qdwin: seat_focus_changed seat=default handle=4294967295
Oct 04 10:02:25 baseweed-admin dbus-run-session[1038]:   INFO qml: [20261004-100225]          Qdwin qdwin_shell_v1 bound v34
Oct 04 10:02:25 baseweed-admin dbus-run-session[1038]:   INFO qml: [20261004-100225]  ClipboardGate wired to qdwin_shell_v1; broker default=deny
Oct 04 10:02:25 baseweed-admin weston[921]: [10:02:25.489] qdwin: workspace 0 name="1"
Oct 04 10:02:25 baseweed-admin weston[921]: [10:02:25.489] qdwin: workspace 1 name="2"
Oct 04 10:02:25 baseweed-admin weston[921]: [10:02:25.489] qdwin: workspace 2 name="3"
Oct 04 10:02:25 baseweed-admin weston[921]: [10:02:25.489] qdwin: workspace 3 name="4"
Oct 04 10:02:25 baseweed-admin weston[921]: [10:02:25.491] qdwin: set_wm_policy focus=0 ffm_delay=0 raise_click=1 raise_hover=0 placement=2 snap=1 dist=16
Oct 04 10:02:25 baseweed-admin dbus-run-session[1038]:   INFO qml: [20261004-100225] WindowManagerS applied WM policy focus=click placement=smart snap=true/16
Oct 04 10:02:25 baseweed-admin dbus-run-session[1038]:   INFO qml: [20261004-100225] CapabilityServ wmPolicy -> true
Oct 04 10:02:25 baseweed-admin weston[921]: [10:02:25.492] qdwin: register_hotkey id=7101 mods=0x2 key=62
Oct 04 10:02:25 baseweed-admin weston[921]: [10:02:25.492] qdwin: register_hotkey id=7102 mods=0x4 key=103
Oct 04 10:02:25 baseweed-admin weston[921]: [10:02:25.492] qdwin: register_hotkey id=7103 mods=0x4 key=33
Oct 04 10:02:25 baseweed-admin dbus-run-session[1038]:   INFO qml: [20261004-100225] WindowManagerS registered WM shortcuts (5 active)
Oct 04 10:02:25 baseweed-admin dbus-run-session[1038]:   INFO qml: [20261004-100225] CapabilityServ keybindRegistration -> true
Oct 04 10:02:25 baseweed-admin dbus-run-session[1038]:   INFO qml: [20261004-100225] PointerInputSe applied pointer config accelSpeed=0 profile=0 natural=0 tap=1 scroll=1
Oct 04 10:02:25 baseweed-admin weston[921]: [10:02:25.493] qdwin: register_hotkey id=7104 mods=0x4 key=105
Oct 04 10:02:25 baseweed-admin weston[921]: [10:02:25.493] qdwin: register_hotkey id=7105 mods=0x4 key=106
Oct 04 10:02:25 baseweed-admin weston[921]: [10:02:25.493] qdwin: set_pointer_config accel=0 profile=0 natural=0 tap=1 left=0 middle=0 dwt=1 scroll=1 (6 devices)
Oct 04 10:02:25 baseweed-admin dbus-run-session[1038]:   INFO qml: [20261004-100225] CapabilityServ pointerConfig -> true
Oct 04 10:02:25 baseweed-admin dbus-run-session[1038]:   INFO qml: [20261004-100225]  KeyboardInput applied qdwin key-repeat rate=25 delay=500
Oct 04 10:02:25 baseweed-admin dbus-run-session[1038]:   INFO qml: [20261004-100225] CapabilityServ xkbRepeat -> true
Oct 04 10:02:25 baseweed-admin weston[921]: [10:02:25.494] qdwin: set_key_repeat rate=25 delay=500
Oct 04 10:02:25 baseweed-admin dbus-run-session[1038]:   INFO qml: [20261004-100225]   PowerService idle policy armed: inactivity=0ms (nothing), displayOff=0ms, presentation=false
Oct 04 10:02:25 baseweed-admin dbus-run-session[1038]:   INFO qml: [20261004-100225] CapabilityServ idleDpms -> true
Oct 04 10:02:25 baseweed-admin dbus-run-session[1038]:   INFO qml: [20261004-100225] CapabilityServ outputManagement -> true
Oct 04 10:02:25 baseweed-admin dbus-run-session[1038]:   WARN qml: [20261004-100225]       Location Weather is still fetching
Oct 04 10:02:25 baseweed-admin dbus-run-session[1038]:   WARN quickshell.dbus: Could not launch service org.freedesktop.UPower: QDBusError(org.freedesktop.DBus.Error.ServiceUnknown, The name is not activatable)
Oct 04 10:02:25 baseweed-admin dbus-run-session[1038]:   WARN quickshell.service.upower: Could not start UPower. The UPower service will not work.
Oct 04 10:02:25 baseweed-admin dbus-run-session[1038]:   INFO qml: [20261004-100225]    HostService Detected openSUSE Tumbleweed
Oct 04 10:02:25 baseweed-admin dbus-run-session[1038]:   INFO qml: [20261004-100225]    HostService Looking for logo icon: distributor-logo-Tumbleweed
Oct 04 10:02:25 baseweed-admin dbus-run-session[1038]:   INFO qml: [20261004-100225]    HostService resolved hostname baseweed-admin
Oct 04 10:02:25 baseweed-admin dbus-run-session[1038]:   WARN: Process failed to start, likely because the binary could not be found. Command: QList("bluetoothctl", "show")
Oct 04 10:02:25 baseweed-admin dbus-run-session[1038]:   WARN: Process failed to start, likely because the binary could not be found. Command: QList("udisksctl", "monitor")
Oct 04 10:02:25 baseweed-admin dbus-run-session[1038]:   INFO qml: [20261004-100225] PluginRegistry All plugin manifests loaded. Total plugins: 0
Oct 04 10:02:25 baseweed-admin dbus-run-session[1038]:   INFO qml: [20261004-100225]  PluginService Initializing plugin system
Oct 04 10:02:25 baseweed-admin dbus-run-session[1038]:   INFO qml: [20261004-100225]  PluginService Found 0 enabled plugins: []
Oct 04 10:02:25 baseweed-admin dbus-run-session[1038]:   INFO qml: [20261004-100225]  PluginService No plugins to load
Oct 04 10:02:25 baseweed-admin dbus-run-session[1038]:   INFO qml: [20261004-100225]  PluginService Refreshing available plugins
Oct 04 10:02:25 baseweed-admin weston[921]: [10:02:25.759] qdwin: layer-shell get_layer_surface ns=qdshell-background-Virtual-1 layer=2 output=0x55b5678cb700
Oct 04 10:02:25 baseweed-admin weston[921]: [10:02:25.759] qdwin: layer-shell configure ns=qdshell-background-Virtual-1 layer=2 box=0,0 1920x1080 serial=1
Oct 04 10:02:25 baseweed-admin weston[921]: [10:02:25.759] qdwin: layer-shell get_layer_surface ns=qdshell-bar-content-Virtual-1 layer=2 output=0x55b5678cb700
Oct 04 10:02:25 baseweed-admin weston[921]: [10:02:25.759] qdwin: layer-shell configure ns=qdshell-bar-content-Virtual-1 layer=2 box=0,0 1920x31 serial=2
Oct 04 10:02:25 baseweed-admin weston[921]: [10:02:25.759] qdwin: layer-shell get_layer_surface ns=qdshell-bar-exclusion-top-Virtual-1 layer=2 output=0x55b5678cb700
Oct 04 10:02:25 baseweed-admin weston[921]: [10:02:25.759] qdwin: layer-shell configure ns=qdshell-bar-exclusion-top-Virtual-1 layer=2 box=0,0 1920x31 serial=3
Oct 04 10:02:25 baseweed-admin weston[921]: [10:02:25.759] qdwin: layer-shell get_layer_surface ns=qdshell-background-pipewire-0 layer=2 output=0x55b5678ccdc0
Oct 04 10:02:25 baseweed-admin weston[921]: [10:02:25.759] qdwin: layer-shell configure ns=qdshell-background-pipewire-0 layer=2 box=1920,0 640x480 serial=4
Oct 04 10:02:25 baseweed-admin weston[921]: [10:02:25.759] qdwin: layer-shell get_layer_surface ns=qdshell-bar-content-pipewire-0 layer=2 output=0x55b5678ccdc0
Oct 04 10:02:25 baseweed-admin weston[921]: [10:02:25.759] qdwin: layer-shell configure ns=qdshell-bar-content-pipewire-0 layer=2 box=1920,0 640x31 serial=5
Oct 04 10:02:25 baseweed-admin weston[921]: [10:02:25.759] qdwin: layer-shell get_layer_surface ns=qdshell-bar-exclusion-top-pipewire-0 layer=2 output=0x55b5678ccdc0
Oct 04 10:02:25 baseweed-admin weston[921]: [10:02:25.759] qdwin: layer-shell configure ns=qdshell-bar-exclusion-top-pipewire-0 layer=2 box=1920,0 640x31 serial=6
Oct 04 10:02:25 baseweed-admin weston[921]: [10:02:25.759] qdwin: layer-shell get_layer_surface ns=qdshell-background-pipewire-1 layer=2 output=0x55b5678f28b0
Oct 04 10:02:25 baseweed-admin weston[921]: [10:02:25.759] qdwin: layer-shell configure ns=qdshell-background-pipewire-1 layer=2 box=2560,0 640x480 serial=7
Oct 04 10:02:25 baseweed-admin weston[921]: [10:02:25.759] qdwin: layer-shell get_layer_surface ns=qdshell-bar-content-pipewire-1 layer=2 output=0x55b5678f28b0
Oct 04 10:02:25 baseweed-admin weston[921]: [10:02:25.759] qdwin: layer-shell configure ns=qdshell-bar-content-pipewire-1 layer=2 box=2560,0 640x31 serial=8
Oct 04 10:02:25 baseweed-admin weston[921]: [10:02:25.759] qdwin: layer-shell get_layer_surface ns=qdshell-bar-exclusion-top-pipewire-1 layer=2 output=0x55b5678f28b0
Oct 04 10:02:25 baseweed-admin weston[921]: [10:02:25.759] qdwin: layer-shell configure ns=qdshell-bar-exclusion-top-pipewire-1 layer=2 box=2560,0 640x31 serial=9
Oct 04 10:02:25 baseweed-admin weston[921]: [10:02:25.759] qdwin: layer-shell get_layer_surface ns=qdshell-dock-peek-Virtual-1 layer=2 output=0x55b5678cb700
Oct 04 10:02:25 baseweed-admin weston[921]: [10:02:25.759] qdwin: layer-shell configure ns=qdshell-dock-peek-Virtual-1 layer=2 box=0,1079 1920x1 serial=10
Oct 04 10:02:25 baseweed-admin weston[921]: [10:02:25.759] qdwin: layer-shell get_layer_surface ns=qdshell-dock-peek-pipewire-0 layer=2 output=0x55b5678ccdc0
Oct 04 10:02:25 baseweed-admin weston[921]: [10:02:25.759] qdwin: layer-shell configure ns=qdshell-dock-peek-pipewire-0 layer=2 box=1920,479 640x1 serial=11
Oct 04 10:02:25 baseweed-admin weston[921]: [10:02:25.760] qdwin: layer-shell get_layer_surface ns=qdshell-dock-peek-pipewire-1 layer=2 output=0x55b5678f28b0
Oct 04 10:02:25 baseweed-admin weston[921]: [10:02:25.760] qdwin: layer-shell configure ns=qdshell-dock-peek-pipewire-1 layer=2 box=2560,479 640x1 serial=12
Oct 04 10:02:25 baseweed-admin weston[921]: [10:02:25.760] qdwin: layer-shell get_layer_surface ns=qdshell-image-cache-renderer layer=2 output=(nil)
Oct 04 10:02:25 baseweed-admin weston[921]: [10:02:25.760] qdwin: layer-shell configure ns=qdshell-image-cache-renderer layer=2 box=960,540 1x1 serial=13
Oct 04 10:02:25 baseweed-admin dbus-run-session[1038]:  ERROR qml: [20261004-100225]       Location Geocoding error: 0
Oct 04 10:02:25 baseweed-admin dbus-run-session[1038]:   WARN scene: QML Connections at qs:/usr/share/quickshell/qdshell/Modules/Bar/Widgets/Taskbar.qml[981:3]: Detected function "onPinnedAppsChanged" in Connections element. This is probably intended to be a signal handler but no signal of the target matches the name.
Oct 04 10:02:25 baseweed-admin dbus-run-session[1038]:   WARN scene: QML Connections at qs:/usr/share/quickshell/qdshell/Modules/Bar/Widgets/Taskbar.qml[981:3]: Detected function "onPinnedAppsChanged" in Connections element. This is probably intended to be a signal handler but no signal of the target matches the name.
Oct 04 10:02:25 baseweed-admin dbus-run-session[1038]:   WARN scene: QML Connections at qs:/usr/share/quickshell/qdshell/Modules/Bar/Widgets/Taskbar.qml[981:3]: Detected function "onPinnedAppsChanged" in Connections element. This is probably intended to be a signal handler but no signal of the target matches the name.
Oct 04 10:02:25 baseweed-admin dbus-run-session[1038]:   WARN: Could not load icon "user-desktop?fallback=application-x-executable" at size QSize(19, 19) from request
Oct 04 10:02:25 baseweed-admin dbus-run-session[1038]:   WARN qml: [20261004-100225]     ImageCache ImageMagick not found, using Qt fallback
Oct 04 10:02:25 baseweed-admin dbus-run-session[1038]:   WARN qml: [20261004-100225]      Wallpaper Scan failed for Virtual-1 exit code: 1 (directory might not exist)
Oct 04 10:02:25 baseweed-admin dbus-run-session[1038]:   WARN qml: [20261004-100225]      Wallpaper Scan failed for pipewire-0 exit code: 1 (directory might not exist)
Oct 04 10:02:25 baseweed-admin dbus-run-session[1038]:   WARN qml: [20261004-100225]      Wallpaper Scan failed for pipewire-1 exit code: 1 (directory might not exist)
Oct 04 10:02:25 baseweed-admin dbus-run-session[1038]:   WARN qml: [20261004-100225]   PowerService Button monitor unavailable (exit 1); releasing key inhibitors, logind will handle power/sleep keys
Oct 04 10:02:25 baseweed-admin weston[921]: [10:02:25.989] qdwin: set_key_repeat rate=25 delay=500
Oct 04 10:02:25 baseweed-admin dbus-run-session[1038]:   INFO qml: [20261004-100225]  KeyboardInput applied qdwin key-repeat rate=25 delay=500
Oct 04 10:02:25 baseweed-admin dbus-run-session[1038]:   INFO qml: [20261004-100225] PointerInputSe enumerated 3 pointer device(s) via proc
Oct 04 10:02:25 baseweed-admin dbus-run-session[1038]:   INFO qml: [20261004-100225]        PodApps cache refresh loaded 0 apps
Oct 04 10:02:27 baseweed-admin weston[921]: [10:02:27.297] qdwin: layer-shell mapped ns=qdshell-background-Virtual-1 layer=2 at 0,0 1920x1080
Oct 04 10:02:28 baseweed-admin weston[921]: [10:02:28.372] qdwin: layer-shell mapped ns=qdshell-bar-content-Virtual-1 layer=2 at 0,0 1920x31
Oct 04 10:02:28 baseweed-admin weston[921]: [10:02:28.856] qdwin: layer-shell mapped ns=qdshell-bar-exclusion-top-Virtual-1 layer=2 at 0,0 1920x31
Oct 04 10:02:29 baseweed-admin weston[921]: [10:02:29.470] qdwin: layer-shell mapped ns=qdshell-background-pipewire-0 layer=2 at 1920,0 640x480
Oct 04 10:02:29 baseweed-admin qdlocker[1033]: 2026-10-04 10:02:29,782 qdlocker.logind INFO logind session rebound in place; session=None
Oct 04 10:02:30 baseweed-admin weston[921]: [10:02:30.063] qdwin: layer-shell mapped ns=qdshell-bar-content-pipewire-0 layer=2 at 1920,0 640x31
Oct 04 10:02:30 baseweed-admin weston[921]: [10:02:30.684] qdwin: layer-shell mapped ns=qdshell-bar-exclusion-top-pipewire-0 layer=2 at 1920,0 640x31
Oct 04 10:02:31 baseweed-admin weston[921]: [10:02:31.378] qdwin: layer-shell mapped ns=qdshell-background-pipewire-1 layer=2 at 2560,0 640x480
Oct 04 10:02:31 baseweed-admin weston[921]: [10:02:31.857] qdwin: layer-shell mapped ns=qdshell-bar-content-pipewire-1 layer=2 at 2560,0 640x31
Oct 04 10:02:32 baseweed-admin weston[921]: [10:02:32.221] qdwin: layer-shell mapped ns=qdshell-bar-exclusion-top-pipewire-1 layer=2 at 2560,0 640x31
Oct 04 10:02:32 baseweed-admin weston[921]: [10:02:32.642] qdwin: layer-shell mapped ns=qdshell-dock-peek-Virtual-1 layer=2 at 0,1079 1920x1
Oct 04 10:02:33 baseweed-admin weston[921]: [10:02:33.129] qdwin: layer-shell mapped ns=qdshell-dock-peek-pipewire-0 layer=2 at 1920,479 640x1
Oct 04 10:02:33 baseweed-admin weston[921]: [10:02:33.673] qdwin: layer-shell mapped ns=qdshell-dock-peek-pipewire-1 layer=2 at 2560,479 640x1
Oct 04 10:02:34 baseweed-admin weston[921]: [10:02:34.102] qdwin: layer-shell mapped ns=qdshell-image-cache-renderer layer=2 at 960,540 1x1
Oct 04 10:02:34 baseweed-admin dbus-run-session[1038]:   INFO qml: [20261004-100234]           Time Time jump detected (8s) - likely system resume
Oct 04 10:02:34 baseweed-admin dbus-run-session[1038]:   INFO qml: [20261004-100234]        Network System resumed - forcing state poll
Oct 04 10:02:34 baseweed-admin dbus-run-session[1038]:   INFO qml: [20261004-100234]     SystemStat System resumed - resetting differential state
Oct 04 10:02:34 baseweed-admin dbus-run-session[1038]:   INFO qml: [20261004-100234] DarkModeServic System resumed - re-evaluating dark mode
Oct 04 10:02:34 baseweed-admin dbus-run-session[1038]:   INFO qml: [20261004-100234]     NightLight System resumed - re-applying night light
Oct 04 10:02:34 baseweed-admin dbus-run-session[1038]:   INFO qml: [20261004-100234]      Bluetooth System resumed - forcing state poll
Oct 04 10:02:34 baseweed-admin dbus-run-session[1038]:   WARN scene: qs:/usr/share/quickshell/qdshell/Modules/Bar/Widgets/Taskbar.qml[982:5]: Unable to assign QJSValue to QObject*
Oct 04 10:02:34 baseweed-admin dbus-run-session[1038]:   WARN scene: qs:/usr/share/quickshell/qdshell/Modules/Bar/Widgets/Taskbar.qml[982:5]: Unable to assign QJSValue to QObject*
Oct 04 10:02:34 baseweed-admin dbus-run-session[1038]:   WARN scene: qs:/usr/share/quickshell/qdshell/Modules/Bar/Widgets/Taskbar.qml[982:5]: Unable to assign QJSValue to QObject*
Oct 04 10:02:34 baseweed-admin dbus-run-session[1038]:   WARN scene: @Services/Control/HooksService.qml[17:5]: Unable to assign QJSValue to QObject*
Oct 04 10:02:34 baseweed-admin dbus-run-session[1038]:   WARN scene: @Services/Location/NightLightService.qml[97:5]: Unable to assign QJSValue to QObject*
Oct 04 10:02:34 baseweed-admin dbus-run-session[1038]:   INFO qml: [20261004-100234]    ColorScheme Applying color scheme: Qdshell (default)
Oct 04 10:02:34 baseweed-admin dbus-run-session[1038]:   INFO qml: [20261004-100234]           Font Service started
Oct 04 10:02:34 baseweed-admin dbus-run-session[1038]:  ERROR qml: [20261004-100234]  PluginService Empty response from Qdshell Plugins
Oct 04 10:02:34 baseweed-admin dbus-run-session[1038]:  ERROR qml: [20261004-100234]  PluginService Failed to fetch registry from Qdshell Plugins - exit code: 1
Oct 04 10:02:34 baseweed-admin weston[921]: [10:02:34.403] qdwin: layer-shell get_layer_surface ns=qdshell-osd-Virtual-1 layer=3 output=0x55b5678cb700
Oct 04 10:02:34 baseweed-admin weston[921]: [10:02:34.403] qdwin: layer-shell configure ns=qdshell-osd-Virtual-1 layer=3 box=1591,40 320x72 serial=14
Oct 04 10:02:34 baseweed-admin weston[921]: [10:02:34.403] qdwin: layer-shell get_layer_surface ns=qdshell-osd-pipewire-0 layer=3 output=0x55b5678ccdc0
Oct 04 10:02:34 baseweed-admin weston[921]: [10:02:34.403] qdwin: layer-shell configure ns=qdshell-osd-pipewire-0 layer=3 box=2231,40 320x72 serial=15
Oct 04 10:02:34 baseweed-admin weston[921]: [10:02:34.403] qdwin: layer-shell get_layer_surface ns=qdshell-osd-pipewire-1 layer=3 output=0x55b5678f28b0
Oct 04 10:02:34 baseweed-admin weston[921]: [10:02:34.403] qdwin: layer-shell configure ns=qdshell-osd-pipewire-1 layer=3 box=2871,40 320x72 serial=16
Oct 04 10:02:35 baseweed-admin dbus-run-session[1038]:   INFO qml: [20261004-100235]        PodApps cache refresh loaded 0 apps
Oct 04 10:02:35 baseweed-admin weston[921]: [10:02:35.666] qdwin: layer-shell mapped ns=qdshell-osd-Virtual-1 layer=3 at 1591,40 320x72
Oct 04 10:02:35 baseweed-admin weston[921]: [10:02:35.769] qdwin: layer-shell mapped ns=qdshell-osd-pipewire-0 layer=3 at 2231,40 320x72
Oct 04 10:02:36 baseweed-admin weston[921]: [10:02:36.692] qdwin: layer-shell mapped ns=qdshell-osd-pipewire-1 layer=3 at 2871,40 320x72
Oct 04 10:02:36 baseweed-admin dbus-run-session[1038]:   WARN qml: [20261004-100236]        Network Connectivity check error: Error: Not authorized to recheck connectivity.
Oct 04 10:02:36 baseweed-admin dbus-run-session[1038]:   INFO qml: [20261004-100236]           Font Loaded 11 fonts, 3 monospace
Oct 04 10:02:36 baseweed-admin weston[921]: [10:02:36.970] qdwin: layer-shell get_layer_surface ns=qdshell-wallpaper-Virtual-1 layer=0 output=0x55b5678cb700
Oct 04 10:02:36 baseweed-admin weston[921]: [10:02:36.970] qdwin: layer-shell configure ns=qdshell-wallpaper-Virtual-1 layer=0 box=0,0 1920x1080 serial=17
Oct 04 10:02:36 baseweed-admin weston[921]: [10:02:36.970] qdwin: layer-shell get_layer_surface ns=qdshell-wallpaper-pipewire-0 layer=0 output=0x55b5678ccdc0
Oct 04 10:02:36 baseweed-admin weston[921]: [10:02:36.970] qdwin: layer-shell configure ns=qdshell-wallpaper-pipewire-0 layer=0 box=1920,0 640x480 serial=18
Oct 04 10:02:36 baseweed-admin weston[921]: [10:02:36.970] qdwin: layer-shell get_layer_surface ns=qdshell-wallpaper-pipewire-1 layer=0 output=0x55b5678f28b0
Oct 04 10:02:36 baseweed-admin weston[921]: [10:02:36.970] qdwin: layer-shell configure ns=qdshell-wallpaper-pipewire-1 layer=0 box=2560,0 640x480 serial=19
Oct 04 10:02:37 baseweed-admin weston[921]: [10:02:37.742] qdwin: layer-shell mapped ns=qdshell-wallpaper-Virtual-1 layer=0 at 0,0 1920x1080
Oct 04 10:02:38 baseweed-admin weston[921]: [10:02:38.418] qdwin: layer-shell mapped ns=qdshell-wallpaper-pipewire-0 layer=0 at 1920,0 640x480
Oct 04 10:02:39 baseweed-admin weston[921]: [10:02:39.190] qdwin: layer-shell mapped ns=qdshell-wallpaper-pipewire-1 layer=0 at 2560,0 640x480
Oct 04 10:02:39 baseweed-admin dbus-run-session[1038]:   INFO qml: [20261004-100239] DarkModeServic Resume retry - re-evaluating dark mode again
Oct 04 10:02:39 baseweed-admin dbus-run-session[1038]:   INFO qml: [20261004-100239]     NightLight Resume retry - re-applying night light again
Oct 04 10:02:39 baseweed-admin dbus-run-session[1038]:   INFO qml: [20261004-100239]           Time Time jump detected (5s) - likely system resume
Oct 04 10:02:39 baseweed-admin dbus-run-session[1038]:   INFO qml: [20261004-100239]        Network System resumed - forcing state poll
Oct 04 10:02:39 baseweed-admin dbus-run-session[1038]:   INFO qml: [20261004-100239]     SystemStat System resumed - resetting differential state
Oct 04 10:02:39 baseweed-admin dbus-run-session[1038]:   INFO qml: [20261004-100239] DarkModeServic System resumed - re-evaluating dark mode
Oct 04 10:02:39 baseweed-admin dbus-run-session[1038]:   INFO qml: [20261004-100239]     NightLight System resumed - re-applying night light
Oct 04 10:02:39 baseweed-admin dbus-run-session[1038]:   INFO qml: [20261004-100239]      Bluetooth System resumed - forcing state poll
Oct 04 10:02:39 baseweed-admin dbus-run-session[1038]:   WARN: Process failed to start, likely because the binary could not be found. Command: QList("bluetoothctl", "show")
Oct 04 10:02:39 baseweed-admin dbus-run-session[1038]:   WARN qml: [20261004-100239]        Network Connectivity check error: Error: Not authorized to recheck connectivity.
Oct 04 10:02:39 baseweed-admin dbus-run-session[1038]:   WARN qml: [20261004-100239]     SystemStat No supported temperature sensor found
Oct 04 10:02:39 baseweed-admin dbus-run-session[1038]:   WARN: Process failed to start, likely because the binary could not be found. Command: QList("bluetoothctl", "show")
Oct 04 10:02:40 baseweed-admin dbus-run-session[1038]:   INFO qml: [20261004-100240] DarkModeServic Resume retry - re-evaluating dark mode again
Oct 04 10:02:40 baseweed-admin dbus-run-session[1038]:   INFO qml: [20261004-100240]     NightLight Resume retry - re-applying night light again
Oct 04 10:02:40 baseweed-admin dbus-run-session[1038]:   WARN: Process failed to start, likely because the binary could not be found. Command: QList("bluetoothctl", "show")
Oct 04 10:02:41 baseweed-admin dbus-run-session[1038]:   WARN: Process failed to start, likely because the binary could not be found. Command: QList("bluetoothctl", "show")
Oct 04 10:02:43 baseweed-admin dbus-run-session[1038]:   WARN: Process failed to start, likely because the binary could not be found. Command: QList("bluetoothctl", "show")
Oct 04 10:02:45 baseweed-admin dbus-run-session[1038]:   WARN: Process failed to start, likely because the binary could not be found. Command: QList("bluetoothctl", "show")
Oct 04 10:02:45 baseweed-admin dbus-run-session[1038]:   WARN qml: [20261004-100245]       Location Weather is still fetching
Oct 04 10:02:45 baseweed-admin dbus-run-session[1038]:  ERROR qml: [20261004-100245]       Location Geocoding error: 0
Oct 04 10:02:47 baseweed-admin dbus-run-session[1038]:   WARN: Process failed to start, likely because the binary could not be found. Command: QList("bluetoothctl", "show")
Oct 04 10:02:49 baseweed-admin dbus-run-session[1038]:   WARN qml: [20261004-100249]        Network Connectivity check error: Error: Not authorized to recheck connectivity.
Oct 04 10:02:49 baseweed-admin dbus-run-session[1038]:   WARN: Process failed to start, likely because the binary could not be found. Command: QList("bluetoothctl", "show")
Oct 04 10:02:51 baseweed-admin dbus-run-session[1038]:   WARN: Process failed to start, likely because the binary could not be found. Command: QList("bluetoothctl", "show")
Oct 04 10:02:53 baseweed-admin dbus-run-session[1038]:   WARN: Process failed to start, likely because the binary could not be found. Command: QList("bluetoothctl", "show")
Oct 04 10:02:55 baseweed-admin dbus-run-session[1038]:   WARN: Process failed to start, likely because the binary could not be found. Command: QList("bluetoothctl", "show")
Oct 04 10:02:55 baseweed-admin dbus-run-session[1038]:   INFO qml: [20261004-100255]        PodApps cache refresh loaded 0 apps
Oct 04 10:02:57 baseweed-admin dbus-run-session[1038]:   WARN: Process failed to start, likely because the binary could not be found. Command: QList("bluetoothctl", "show")
Oct 04 10:02:59 baseweed-admin dbus-run-session[1038]:   WARN: Process failed to start, likely because the binary could not be found. Command: QList("bluetoothctl", "show")
Oct 04 10:03:01 baseweed-admin dbus-run-session[1038]:   WARN: Process failed to start, likely because the binary could not be found. Command: QList("bluetoothctl", "show")
Oct 04 10:03:03 baseweed-admin dbus-run-session[1038]:   WARN: Process failed to start, likely because the binary could not be found. Command: QList("bluetoothctl", "show")
Oct 04 10:03:05 baseweed-admin dbus-run-session[1038]:   WARN qml: [20261004-100305]        Network Connectivity check error: Error: Not authorized to recheck connectivity.
Oct 04 10:03:05 baseweed-admin dbus-run-session[1038]:   WARN: Process failed to start, likely because the binary could not be found. Command: QList("bluetoothctl", "show")
Oct 04 10:03:05 baseweed-admin dbus-run-session[1038]:   WARN qml: [20261004-100305]       Location Weather is still fetching
Oct 04 10:03:05 baseweed-admin dbus-run-session[1038]:  ERROR qml: [20261004-100305]       Location Geocoding error: 0
Oct 04 10:03:07 baseweed-admin dbus-run-session[1038]:   WARN: Process failed to start, likely because the binary could not be found. Command: QList("bluetoothctl", "show")
Oct 04 10:03:09 baseweed-admin dbus-run-session[1038]:   WARN: Process failed to start, likely because the binary could not be found. Command: QList("bluetoothctl", "show")
Oct 04 10:03:11 baseweed-admin dbus-run-session[1038]:   WARN: Process failed to start, likely because the binary could not be found. Command: QList("bluetoothctl", "show")
Oct 04 10:03:13 baseweed-admin dbus-run-session[1038]:   WARN: Process failed to start, likely because the binary could not be found. Command: QList("bluetoothctl", "show")
Oct 04 10:03:15 baseweed-admin dbus-run-session[1038]:   WARN: Process failed to start, likely because the binary could not be found. Command: QList("bluetoothctl", "show")
Oct 04 10:03:17 baseweed-admin dbus-run-session[1038]:   WARN: Process failed to start, likely because the binary could not be found. Command: QList("bluetoothctl", "show")
Oct 04 10:03:19 baseweed-admin dbus-run-session[1038]:   WARN qml: [20261004-100319]        Network Connectivity check error: Error: Not authorized to recheck connectivity.
Oct 04 10:03:19 baseweed-admin dbus-run-session[1038]:   WARN: Process failed to start, likely because the binary could not be found. Command: QList("bluetoothctl", "show")
Oct 04 10:03:21 baseweed-admin dbus-run-session[1038]:   WARN: Process failed to start, likely because the binary could not be found. Command: QList("bluetoothctl", "show")
Oct 04 10:03:22 baseweed-admin weston[921]: [10:03:22.619] qdwin/secctx: helper pid=4838 launcher parent pid=4829 exe unreadable; falling back to verified root-parent + stable-starttime attestation
Oct 04 10:03:22 baseweed-admin weston[921]: [10:03:22.620] qdwin/secctx: helper pid=4838 launcher parent pid=4829 exe unreadable; falling back to verified root-parent + stable-starttime attestation
Oct 04 10:03:22 baseweed-admin weston[921]: [10:03:22.621] qdwin/secctx: helper pid=4838 launcher parent pid=4829 exe unreadable; falling back to verified root-parent + stable-starttime attestation
Oct 04 10:03:22 baseweed-admin weston[921]: [10:03:22.621] qdwin/secctx: helper pid=4838 launcher parent pid=4829 exe unreadable; falling back to verified root-parent + stable-starttime attestation
Oct 04 10:03:22 baseweed-admin weston[921]: [10:03:22.621] qdwin/secctx: manager bound by uid=1000 pid=4838 (helper)
Oct 04 10:03:22 baseweed-admin weston[921]: [10:03:22.621] qdwin/secctx: committed engine=qdistro.tier3s app_id=qdistro.tier3s.s127a instance_id=2905dba4e2f8ca31f64d49a24563a860 listen_fd=72 close_fd=73
Oct 04 10:03:22 baseweed-admin weston[921]: [10:03:22.642] qdwin/secctx: client accepted engine=qdistro.tier3s app_id=qdistro.tier3s.s127a instance_id=2905dba4e2f8ca31f64d49a24563a860 (total tagged: 1)
Oct 04 10:03:23 baseweed-admin dbus-run-session[1038]:   WARN: Process failed to start, likely because the binary could not be found. Command: QList("bluetoothctl", "show")
Oct 04 10:03:25 baseweed-admin dbus-run-session[1038]:   WARN: Process failed to start, likely because the binary could not be found. Command: QList("bluetoothctl", "show")
Oct 04 10:03:25 baseweed-admin dbus-run-session[1038]:   WARN qml: [20261004-100325]       Location Weather is still fetching
Oct 04 10:03:25 baseweed-admin dbus-run-session[1038]:  ERROR qml: [20261004-100325]       Location Geocoding error: 0
Oct 04 10:03:25 baseweed-admin dbus-run-session[1038]:   INFO qml: [20261004-100325]        PodApps cache refresh loaded 0 apps
Oct 04 10:03:27 baseweed-admin dbus-run-session[1038]:   WARN: Process failed to start, likely because the binary could not be found. Command: QList("bluetoothctl", "show")
Oct 04 10:03:29 baseweed-admin dbus-run-session[1038]:   WARN: Process failed to start, likely because the binary could not be found. Command: QList("bluetoothctl", "show")
Oct 04 10:03:31 baseweed-admin dbus-run-session[1038]:   WARN: Process failed to start, likely because the binary could not be found. Command: QList("bluetoothctl", "show")
Oct 04 10:03:31 baseweed-admin dbus-run-session[1038]:   INFO qml: [20261004-100331]        PodApps auto-scan: qdistro-tier3s-s127a transitioned to running
Oct 04 10:03:31 baseweed-admin weston[921]: [10:03:31.983] qdwin: toplevel_added handle=1 uid=1000 pid=4840 app_id=(null) title=""
Oct 04 10:03:31 baseweed-admin weston[921]: [10:03:31.983] qdwin: toplevel_security_context handle=1 engine=qdistro.tier3s app_id=qdistro.tier3s.s127a instance=2905dba4e2f8ca31f64d49a24563a860
Oct 04 10:03:31 baseweed-admin weston[921]: [10:03:31.983] qdwin: toplevel_peer_identity handle=1 pid=4840 starttime=7172 uid=1000 exe=/usr/bin/waypipe label=system_u:system_r:unconfined_service_t:s0
Oct 04 10:03:31 baseweed-admin weston[921]: [10:03:31.983] qdwin: holding_released handle=1 via default_toplevel_policy (held → normal)
Oct 04 10:03:31 baseweed-admin weston[921]: [10:03:31.988] Detected an unmapped surface or view in the layer list, which should not occur.
Oct 04 10:03:31 baseweed-admin weston[921]:                Warning: the above message will not be printed again.
Oct 04 10:03:31 baseweed-admin dbus-run-session[1038]:   INFO qml: [20261004-100331]          Qdwin toplevel_security_context handle=1 engine=qdistro.tier3s app_id=qdistro.tier3s.s127a instance=2905dba4e2f8ca31f64d49a24563a860
Oct 04 10:03:31 baseweed-admin dbus-run-session[1038]:   INFO qml: [20261004-100331]     Tier3sApps [tier3s] toplevel observed silo=s127a secctx=qdistro.tier3s.s127a color=#ffe54c handle=1
Oct 04 10:03:31 baseweed-admin dbus-run-session[1038]:   INFO qml: [20261004-100331]     Tier3sApps [tier3s] silo=s127a color=#ffe54c
Oct 04 10:03:32 baseweed-admin weston[921]: [10:03:32.024] qdwin: toplevel_title handle=1 title="[3s:s127a] Wayland Terminal"
Oct 04 10:03:32 baseweed-admin weston[921]: [10:03:32.024] qdwin: toplevel_app_id handle=1 app_id="org.freedesktop.weston.wayland-terminal"
Oct 04 10:03:32 baseweed-admin weston[921]: [10:03:32.024] qdwin: mapped handle=1 size=806x491 pos=557,310 (normal)
Oct 04 10:03:32 baseweed-admin weston[921]: [10:03:32.024] qdwin: focus handle=1 (was 4294967295) seat=default
Oct 04 10:03:32 baseweed-admin weston[921]: [10:03:32.024] qdwin: seat_focus_changed seat=default handle=1
Oct 04 10:03:32 baseweed-admin dbus-run-session[1038]:   WARN: Could not load icon "org.freedesktop.weston.wayland-terminal?fallback=application-x-executable" at size QSize(19, 19) from request
Oct 04 10:03:33 baseweed-admin dbus-run-session[1038]:   WARN: Process failed to start, likely because the binary could not be found. Command: QList("bluetoothctl", "show")
Oct 04 10:03:34 baseweed-admin podman[5463]: 2026-10-04 10:03:34.036422513 +0000 UTC m=+0.194051676 container exec 17fe78550de3bf3e83ad3396f8b03c5257e14892fc66c89d9468bded06f525f1 (image=localhost/qdistro/tier3s-weston-terminal:latest, name=qdistro-tier3s-s127a, org.opensuse.base.title=openSUSE Tumbleweed Base Container, org.qdistro.tier3s.workload=weston-terminal, org.opensuse.base.created=2026-09-30T20:05:54.126624488Z, org.opensuse.base.url=https://www.opensuse.org, org.opensuse.lifecycle-url=https://en.opensuse.org/Lifetime, org.opencontainers.image.vendor=openSUSE Project, org.opensuse.base.source=https://build.opensuse.org/package/show/openSUSE:Factory/opensuse-tumbleweed-image?rev=561f9d4c8e4e1a441f95ad4ec6b5a914, org.opencontainers.image.description=Image containing a minimal environment for containers based on openSUSE Tumbleweed., org.opensuse.base.version=20260930.37.208, org.opencontainers.image.title=openSUSE Tumbleweed Base Container, io.buildah.version=1.44.1, org.opencontainers.image.version=20260930.37.208, org.opensuse.base.lifecycle-url=https://en.opensuse.org/Lifetime, org.qdistro.snapshot=20260930, org.openbuildservice.disturl=obs://build.opensuse.org/openSUSE:Factory/images/561f9d4c8e4e1a441f95ad4ec6b5a914-opensuse-tumbleweed-image:docker, org.opensuse.reference=registry.opensuse.org/opensuse/tumbleweed:20260930.37.208, qdistro_tier3s_token=2905dba4e2f8ca31f64d49a24563a860, qdistro_tier3s_unit=qdistro-tier3s-silo@s127a.service, org.opencontainers.image.created=2026-09-30T20:05:54.126624488Z, org.opencontainers.image.source=https://build.opensuse.org/package/show/openSUSE:Factory/opensuse-tumbleweed-image?rev=561f9d4c8e4e1a441f95ad4ec6b5a914, org.opensuse.base.vendor=openSUSE Project, org.opensuse.base.disturl=obs://build.opensuse.org/openSUSE:Factory/images/561f9d4c8e4e1a441f95ad4ec6b5a914-opensuse-tumbleweed-image:docker, org.opensuse.base.reference=registry.opensuse.org/opensuse/tumbleweed:20260930.37.208, org.opencontainers.image.url=https://www.opensuse.org, org.opensuse.base.description=Image containing a minimal environment for containers based on openSUSE Tumbleweed.)
Oct 04 10:03:34 baseweed-admin conmon[5517]: conmon 17fe78550de3bf3e83ad <nwarn>: Failed to open cgroups file: /sys/fs/cgroup/user.slice/user-1000.slice/user@1000.service/app.slice/qdshell.service/memory.events
Oct 04 10:03:34 baseweed-admin podman[5539]: 2026-10-04 10:03:34.130357369 +0000 UTC m=+0.070127783 container exec_died 17fe78550de3bf3e83ad3396f8b03c5257e14892fc66c89d9468bded06f525f1 (image=localhost/qdistro/tier3s-weston-terminal:latest, name=qdistro-tier3s-s127a, org.opensuse.base.version=20260930.37.208, org.opensuse.base.lifecycle-url=https://en.opensuse.org/Lifetime, org.opensuse.reference=registry.opensuse.org/opensuse/tumbleweed:20260930.37.208, org.qdistro.snapshot=20260930, org.qdistro.tier3s.workload=weston-terminal, org.openbuildservice.disturl=obs://build.opensuse.org/openSUSE:Factory/images/561f9d4c8e4e1a441f95ad4ec6b5a914-opensuse-tumbleweed-image:docker, qdistro_tier3s_token=2905dba4e2f8ca31f64d49a24563a860, org.opencontainers.image.url=https://www.opensuse.org, org.opensuse.base.created=2026-09-30T20:05:54.126624488Z, org.opensuse.base.url=https://www.opensuse.org, org.opensuse.base.source=https://build.opensuse.org/package/show/openSUSE:Factory/opensuse-tumbleweed-image?rev=561f9d4c8e4e1a441f95ad4ec6b5a914, org.opencontainers.image.source=https://build.opensuse.org/package/show/openSUSE:Factory/opensuse-tumbleweed-image?rev=561f9d4c8e4e1a441f95ad4ec6b5a914, org.opensuse.base.vendor=openSUSE Project, org.opencontainers.image.vendor=openSUSE Project, org.opencontainers.image.version=20260930.37.208, io.buildah.version=1.44.1, org.opencontainers.image.created=2026-09-30T20:05:54.126624488Z, qdistro_tier3s_unit=qdistro-tier3s-silo@s127a.service, org.opensuse.base.disturl=obs://build.opensuse.org/openSUSE:Factory/images/561f9d4c8e4e1a441f95ad4ec6b5a914-opensuse-tumbleweed-image:docker, org.opensuse.base.reference=registry.opensuse.org/opensuse/tumbleweed:20260930.37.208, org.opensuse.lifecycle-url=https://en.opensuse.org/Lifetime, execID=d7a2fe2899b90555a71465df08af01ca51cba29602ce0fc25dab5c052d089555, org.opencontainers.image.description=Image containing a minimal environment for containers based on openSUSE Tumbleweed., org.opencontainers.image.title=openSUSE Tumbleweed Base Container, org.opensuse.base.description=Image containing a minimal environment for containers based on openSUSE Tumbleweed., org.opensuse.base.title=openSUSE Tumbleweed Base Container)
Oct 04 10:03:34 baseweed-admin podman[5463]: 2026-10-04 10:03:34.179173381 +0000 UTC m=+0.336802544 container exec_died 17fe78550de3bf3e83ad3396f8b03c5257e14892fc66c89d9468bded06f525f1 (image=localhost/qdistro/tier3s-weston-terminal:latest, name=qdistro-tier3s-s127a, org.opensuse.base.source=https://build.opensuse.org/package/show/openSUSE:Factory/opensuse-tumbleweed-image?rev=561f9d4c8e4e1a441f95ad4ec6b5a914, org.opensuse.base.version=20260930.37.208, org.opencontainers.image.title=openSUSE Tumbleweed Base Container, execID=d7a2fe2899b90555a71465df08af01ca51cba29602ce0fc25dab5c052d089555, org.opencontainers.image.version=20260930.37.208, org.opencontainers.image.created=2026-09-30T20:05:54.126624488Z, org.opencontainers.image.description=Image containing a minimal environment for containers based on openSUSE Tumbleweed., org.opensuse.base.vendor=openSUSE Project, org.opensuse.base.description=Image containing a minimal environment for containers based on openSUSE Tumbleweed., org.opensuse.base.lifecycle-url=https://en.opensuse.org/Lifetime, org.opensuse.lifecycle-url=https://en.opensuse.org/Lifetime, org.openbuildservice.disturl=obs://build.opensuse.org/openSUSE:Factory/images/561f9d4c8e4e1a441f95ad4ec6b5a914-opensuse-tumbleweed-image:docker, org.opencontainers.image.vendor=openSUSE Project, org.opensuse.base.title=openSUSE Tumbleweed Base Container, org.opensuse.base.url=https://www.opensuse.org, org.opensuse.reference=registry.opensuse.org/opensuse/tumbleweed:20260930.37.208, org.opencontainers.image.source=https://build.opensuse.org/package/show/openSUSE:Factory/opensuse-tumbleweed-image?rev=561f9d4c8e4e1a441f95ad4ec6b5a914, org.qdistro.tier3s.workload=weston-terminal, org.opensuse.base.created=2026-09-30T20:05:54.126624488Z, org.opensuse.base.disturl=obs://build.opensuse.org/openSUSE:Factory/images/561f9d4c8e4e1a441f95ad4ec6b5a914-opensuse-tumbleweed-image:docker, qdistro_tier3s_token=2905dba4e2f8ca31f64d49a24563a860, qdistro_tier3s_unit=qdistro-tier3s-silo@s127a.service, org.opensuse.base.reference=registry.opensuse.org/opensuse/tumbleweed:20260930.37.208, io.buildah.version=1.44.1, org.opencontainers.image.url=https://www.opensuse.org, org.qdistro.snapshot=20260930)
Oct 04 10:03:34 baseweed-admin dbus-run-session[1038]:   WARN qml: [20261004-100334]        Network Connectivity check error: Error: Not authorized to recheck connectivity.
Oct 04 10:03:34 baseweed-admin weston[921]: [10:03:34.453] qdwin/secctx: helper pid=5617 launcher parent pid=5610 exe unreadable; falling back to verified root-parent + stable-starttime attestation
Oct 04 10:03:34 baseweed-admin weston[921]: [10:03:34.453] qdwin/secctx: helper pid=5617 launcher parent pid=5610 exe unreadable; falling back to verified root-parent + stable-starttime attestation
Oct 04 10:03:34 baseweed-admin weston[921]: [10:03:34.454] qdwin/secctx: helper pid=5617 launcher parent pid=5610 exe unreadable; falling back to verified root-parent + stable-starttime attestation
Oct 04 10:03:34 baseweed-admin weston[921]: [10:03:34.454] qdwin/secctx: helper pid=5617 launcher parent pid=5610 exe unreadable; falling back to verified root-parent + stable-starttime attestation
Oct 04 10:03:34 baseweed-admin weston[921]: [10:03:34.454] qdwin/secctx: manager bound by uid=1000 pid=5617 (helper)
Oct 04 10:03:34 baseweed-admin weston[921]: [10:03:34.454] qdwin/secctx: committed engine=qdistro.tier3s app_id=qdistro.tier3s.s127b instance_id=b68aa71af3b359041be500e34c4bfb42 listen_fd=80 close_fd=81
Oct 04 10:03:34 baseweed-admin dbus-run-session[1038]:   INFO qml: [20261004-100334]        PodApps cache refresh loaded 0 apps
Oct 04 10:03:34 baseweed-admin weston[921]: [10:03:34.457] qdwin/secctx: client accepted engine=qdistro.tier3s app_id=qdistro.tier3s.s127b instance_id=b68aa71af3b359041be500e34c4bfb42 (total tagged: 2)
Oct 04 10:03:35 baseweed-admin weston[921]: [10:03:35.105] qdwin: toplevel_added handle=2 uid=1000 pid=5623 app_id=(null) title=""
Oct 04 10:03:35 baseweed-admin weston[921]: [10:03:35.105] qdwin: toplevel_security_context handle=2 engine=qdistro.tier3s app_id=qdistro.tier3s.s127b instance=b68aa71af3b359041be500e34c4bfb42
Oct 04 10:03:35 baseweed-admin weston[921]: [10:03:35.106] qdwin: toplevel_peer_identity handle=2 pid=5623 starttime=8356 uid=1000 exe=/usr/bin/waypipe label=system_u:system_r:unconfined_service_t:s0
Oct 04 10:03:35 baseweed-admin weston[921]: [10:03:35.106] qdwin: holding_released handle=2 via default_toplevel_policy (held → normal)
Oct 04 10:03:35 baseweed-admin dbus-run-session[1038]:   INFO qml: [20261004-100335]          Qdwin toplevel_security_context handle=2 engine=qdistro.tier3s app_id=qdistro.tier3s.s127b instance=b68aa71af3b359041be500e34c4bfb42
Oct 04 10:03:35 baseweed-admin dbus-run-session[1038]:   INFO qml: [20261004-100335]     Tier3sApps [tier3s] toplevel observed silo=s127b secctx=qdistro.tier3s.s127b color=#64b5f6 handle=2
Oct 04 10:03:35 baseweed-admin dbus-run-session[1038]:   INFO qml: [20261004-100335]     Tier3sApps [tier3s] silo=s127b color=#64b5f6
Oct 04 10:03:35 baseweed-admin weston[921]: [10:03:35.163] qdwin: toplevel_title handle=2 title="[3s:s127b] Wayland Terminal"
Oct 04 10:03:35 baseweed-admin weston[921]: [10:03:35.163] qdwin: toplevel_app_id handle=2 app_id="org.freedesktop.weston.wayland-terminal"
Oct 04 10:03:35 baseweed-admin weston[921]: [10:03:35.164] qdwin: mapped handle=2 size=806x491 pos=0,31 (normal)
Oct 04 10:03:35 baseweed-admin weston[921]: [10:03:35.164] qdwin: focus handle=2 (was 1) seat=default
Oct 04 10:03:35 baseweed-admin weston[921]: [10:03:35.164] qdwin: seat_focus_changed seat=default handle=2
Oct 04 10:03:35 baseweed-admin dbus-run-session[1038]:   WARN: Process failed to start, likely because the binary could not be found. Command: QList("bluetoothctl", "show")
Oct 04 10:03:35 baseweed-admin dbus-run-session[1038]:   INFO qml: [20261004-100335]  Tier3FocusIPC findSiloHandle silo=s127a → HANDLE=1
Oct 04 10:03:35 baseweed-admin dbus-run-session[1038]:   INFO qml: [20261004-100335]  Tier3FocusIPC findSiloHandle silo=s127b → HANDLE=2
Oct 04 10:03:35 baseweed-admin dbus-run-session[1038]:   INFO qml: [20261004-100335]  Tier3FocusIPC injectFocus handle=2 seat=default
Oct 04 10:03:35 baseweed-admin weston[921]: [10:03:35.629] qdwin: set_keyboard_focus seat=default handle=2
Oct 04 10:03:35 baseweed-admin weston[921]: [10:03:35.629] qdwin: seat_focus_changed seat=default handle=2
Oct 04 10:03:35 baseweed-admin dbus-run-session[1038]:   INFO qml: [20261004-100335]          Qdwin ipc injectFocus handle=2 seat=default
Oct 04 10:03:35 baseweed-admin weston[921]: [10:03:35.670] qdwin/secctx: helper pid=5897 launcher parent pid=5892 exe unreadable; falling back to verified root-parent + stable-starttime attestation
Oct 04 10:03:35 baseweed-admin weston[921]: [10:03:35.671] qdwin/secctx: helper pid=5897 launcher parent pid=5892 exe unreadable; falling back to verified root-parent + stable-starttime attestation
Oct 04 10:03:35 baseweed-admin weston[921]: [10:03:35.672] qdwin/secctx: helper pid=5897 launcher parent pid=5892 exe unreadable; falling back to verified root-parent + stable-starttime attestation
Oct 04 10:03:35 baseweed-admin weston[921]: [10:03:35.672] qdwin/secctx: helper pid=5897 launcher parent pid=5892 exe unreadable; falling back to verified root-parent + stable-starttime attestation
Oct 04 10:03:35 baseweed-admin weston[921]: [10:03:35.672] qdwin/secctx: manager bound by uid=1000 pid=5897 (helper)
Oct 04 10:03:35 baseweed-admin weston[921]: [10:03:35.673] qdwin/secctx: committed engine=qdistro.tier3s app_id=qdistro.tier3s.s127a instance_id=clipsrc-s127a-5892 listen_fd=88 close_fd=89
Oct 04 10:03:35 baseweed-admin weston[921]: [10:03:35.676] qdwin/secctx: client accepted engine=qdistro.tier3s app_id=qdistro.tier3s.s127a instance_id=clipsrc-s127a-5892 (total tagged: 3)
Oct 04 10:03:35 baseweed-admin weston[921]: [10:03:35.677] qdwin: v15 data_source wrap installed src=0x55b567a51750 seat=default
Oct 04 10:03:35 baseweed-admin weston[921]: [10:03:35.677] qdwin: selection_set_source_identity engine=qdistro.tier3s app_id=qdistro.tier3s.s127a instance=clipsrc-s127a-5892
Oct 04 10:03:35 baseweed-admin weston[921]: [10:03:35.677] qdwin: selection_set seat=default handle=2 primary=0 mimes='text/plain'
Oct 04 10:03:35 baseweed-admin weston[921]: [10:03:35.677] qdwin: v15 data_source wrap installed src=0x55b567edd240 seat=default
Oct 04 10:03:35 baseweed-admin weston[921]: [10:03:35.677] qdwin: selection_set_source_identity engine=qdistro.tier3s app_id=qdistro.tier3s.s127a instance=clipsrc-s127a-5892
Oct 04 10:03:35 baseweed-admin weston[921]: [10:03:35.677] qdwin: selection_set seat=default handle=2 primary=0 mimes='text/plain'
Oct 04 10:03:35 baseweed-admin weston[921]: [10:03:35.677] qdwin: v15 data_source wrap installed src=0x55b567edf620 seat=default
Oct 04 10:03:35 baseweed-admin weston[921]: [10:03:35.677] qdwin: selection_set_source_identity engine=qdistro.tier3s app_id=qdistro.tier3s.s127a instance=clipsrc-s127a-5892
Oct 04 10:03:35 baseweed-admin weston[921]: [10:03:35.677] qdwin: selection_set seat=default handle=2 primary=0 mimes='text/plain'
Oct 04 10:03:35 baseweed-admin dbus-run-session[1038]:   INFO qml: [20261004-100335]  ClipboardGate CLIPBOARD_GATE seat=default src_silo=s127a dst_silo=s127b mime_types=text/plain verdict=deny reason=broker:deny
Oct 04 10:03:35 baseweed-admin weston[921]: [10:03:35.749] qdwin: v15 data_source wrap installed src=0x55b567edab90 seat=default
Oct 04 10:03:35 baseweed-admin weston[921]: [10:03:35.749] qdwin: selection_set seat=default handle=2 primary=0 mimes='text/plain'
Oct 04 10:03:35 baseweed-admin weston[921]: [10:03:35.749] qdwin: selection_set seat=default handle=2 primary=0 mimes='text/plain'
Oct 04 10:03:35 baseweed-admin weston[921]: [10:03:35.749] qdwin: clear_selection seat=default clipboard cleared
Oct 04 10:03:35 baseweed-admin dbus-run-session[1038]:   INFO qml: [20261004-100335]  ClipboardGate CLIPBOARD_GATE seat=default src_silo=s127a dst_silo=s127b mime_types=text/plain verdict=deny reason=broker:deny
Oct 04 10:03:35 baseweed-admin dbus-run-session[1038]:   INFO qml: [20261004-100335]  ClipboardGate CLIPBOARD_GATE seat=default src_silo=s127a dst_silo=s127b mime_types=text/plain verdict=deny reason=broker:deny
Oct 04 10:03:35 baseweed-admin dbus-run-session[1038]:   INFO qml: [20261004-100335]  ClipboardGate CLIPBOARD_GATE seat=default src_silo=s127b dst_silo=s127b mime_types=text/plain verdict=deny reason=broker:deny
Oct 04 10:03:35 baseweed-admin weston[921]: [10:03:35.883] qdwin: selection_set seat=default handle=2 primary=0 mimes='text/plain'
Oct 04 10:03:35 baseweed-admin weston[921]: [10:03:35.883] qdwin: selection_set seat=default handle=2 primary=0 mimes='text/plain'
Oct 04 10:03:35 baseweed-admin weston[921]: [10:03:35.883] qdwin: clear_selection seat=default clipboard cleared
Oct 04 10:03:35 baseweed-admin dbus-run-session[1038]:   INFO qml: [20261004-100335]  ClipboardGate CLIPBOARD_GATE seat=default src_silo=s127b dst_silo=s127b mime_types=text/plain verdict=deny reason=broker:deny
Oct 04 10:03:35 baseweed-admin weston[921]: [10:03:35.981] qdwin/secctx: helper pid=5936 launcher parent pid=5931 exe unreadable; falling back to verified root-parent + stable-starttime attestation
Oct 04 10:03:35 baseweed-admin weston[921]: [10:03:35.982] qdwin/secctx: helper pid=5936 launcher parent pid=5931 exe unreadable; falling back to verified root-parent + stable-starttime attestation
Oct 04 10:03:35 baseweed-admin weston[921]: [10:03:35.982] qdwin/secctx: helper pid=5936 launcher parent pid=5931 exe unreadable; falling back to verified root-parent + stable-starttime attestation
Oct 04 10:03:35 baseweed-admin weston[921]: [10:03:35.982] qdwin/secctx: helper pid=5936 launcher parent pid=5931 exe unreadable; falling back to verified root-parent + stable-starttime attestation
Oct 04 10:03:35 baseweed-admin weston[921]: [10:03:35.982] qdwin/secctx: manager bound by uid=1000 pid=5936 (helper)
Oct 04 10:03:35 baseweed-admin weston[921]: [10:03:35.982] qdwin/secctx: committed engine=qdistro.tier3s app_id=qdistro.tier3s.s127a instance_id=clipsrc-s127a-5931 listen_fd=92 close_fd=93
Oct 04 10:03:35 baseweed-admin weston[921]: [10:03:35.983] qdwin/secctx: client accepted engine=qdistro.tier3s app_id=qdistro.tier3s.s127a instance_id=clipsrc-s127a-5931 (total tagged: 3)
Oct 04 10:03:35 baseweed-admin weston[921]: [10:03:35.983] qdwin: v15 data_source wrap installed src=0x55b567a51750 seat=default
Oct 04 10:03:35 baseweed-admin weston[921]: [10:03:35.983] qdwin: selection_set_source_identity engine=qdistro.tier3s app_id=qdistro.tier3s.s127a instance=clipsrc-s127a-5931
Oct 04 10:03:35 baseweed-admin weston[921]: [10:03:35.983] qdwin: selection_set seat=default handle=2 primary=0 mimes='image/png'
Oct 04 10:03:35 baseweed-admin weston[921]: [10:03:35.983] qdwin: v15 data_source wrap installed src=0x55b567edf620 seat=default
Oct 04 10:03:35 baseweed-admin weston[921]: [10:03:35.983] qdwin: selection_set_source_identity engine=qdistro.tier3s app_id=qdistro.tier3s.s127a instance=clipsrc-s127a-5931
Oct 04 10:03:35 baseweed-admin weston[921]: [10:03:35.983] qdwin: selection_set seat=default handle=2 primary=0 mimes='image/png'
Oct 04 10:03:35 baseweed-admin weston[921]: [10:03:35.984] qdwin: v15 data_source wrap installed src=0x55b567edd240 seat=default
Oct 04 10:03:35 baseweed-admin weston[921]: [10:03:35.984] qdwin: selection_set_source_identity engine=qdistro.tier3s app_id=qdistro.tier3s.s127a instance=clipsrc-s127a-5931
Oct 04 10:03:35 baseweed-admin weston[921]: [10:03:35.984] qdwin: selection_set seat=default handle=2 primary=0 mimes='image/png'
Oct 04 10:03:35 baseweed-admin dbus-run-session[1038]:   INFO qml: [20261004-100335]  ClipboardGate CLIPBOARD_GATE seat=default src_silo=s127b dst_silo=s127b mime_types=text/plain verdict=deny reason=broker:deny
Oct 04 10:03:36 baseweed-admin dbus-run-session[1038]:   INFO qml: [20261004-100336]  ClipboardGate CLIPBOARD_GATE seat=default src_silo=s127b dst_silo=s127b mime_types=text/plain verdict=deny reason=broker:deny
Oct 04 10:03:36 baseweed-admin dbus-run-session[1038]:   INFO qml: [20261004-100336]  ClipboardGate tier3s mime-strip src_app=qdistro.tier3s.s127a before=1 after=0
Oct 04 10:03:36 baseweed-admin dbus-run-session[1038]:   INFO qml: [20261004-100336]  ClipboardGate CLIPBOARD_GATE seat=default src_silo=s127a dst_silo=s127b mime_types= verdict=deny reason=tier3s-no-allowed-mimes
Oct 04 10:03:36 baseweed-admin weston[921]: [10:03:36.040] qdwin: v15 data_source wrap installed src=0x55b567edab90 seat=default
Oct 04 10:03:36 baseweed-admin weston[921]: [10:03:36.040] qdwin: selection_set seat=default handle=2 primary=0 mimes='image/png'
Oct 04 10:03:36 baseweed-admin weston[921]: [10:03:36.040] qdwin: selection_set seat=default handle=2 primary=0 mimes='image/png'
Oct 04 10:03:36 baseweed-admin weston[921]: [10:03:36.040] qdwin: clear_selection seat=default clipboard cleared
Oct 04 10:03:36 baseweed-admin dbus-run-session[1038]:   INFO qml: [20261004-100336]  ClipboardGate tier3s mime-strip src_app=qdistro.tier3s.s127a before=1 after=0
Oct 04 10:03:36 baseweed-admin dbus-run-session[1038]:   INFO qml: [20261004-100336]  ClipboardGate CLIPBOARD_GATE seat=default src_silo=s127a dst_silo=s127b mime_types= verdict=deny reason=tier3s-no-allowed-mimes
Oct 04 10:03:36 baseweed-admin dbus-run-session[1038]:   INFO qml: [20261004-100336]  ClipboardGate tier3s mime-strip src_app=qdistro.tier3s.s127a before=1 after=0
Oct 04 10:03:36 baseweed-admin dbus-run-session[1038]:   INFO qml: [20261004-100336]  ClipboardGate CLIPBOARD_GATE seat=default src_silo=s127a dst_silo=s127b mime_types= verdict=deny reason=tier3s-no-allowed-mimes
Oct 04 10:03:36 baseweed-admin dbus-run-session[1038]:   INFO qml: [20261004-100336]  ClipboardGate tier3s mime-strip src_app=qdistro.tier3s.s127b before=1 after=0
Oct 04 10:03:36 baseweed-admin dbus-run-session[1038]:   INFO qml: [20261004-100336]  ClipboardGate CLIPBOARD_GATE seat=default src_silo=s127b dst_silo=s127b mime_types= verdict=deny reason=tier3s-no-allowed-mimes
Oct 04 10:03:36 baseweed-admin dbus-run-session[1038]:   INFO qml: [20261004-100336]  ClipboardGate tier3s mime-strip src_app=qdistro.tier3s.s127b before=1 after=0
Oct 04 10:03:36 baseweed-admin weston[921]: [10:03:36.045] qdwin: selection_set seat=default handle=2 primary=0 mimes='image/png'
Oct 04 10:03:36 baseweed-admin weston[921]: [10:03:36.045] qdwin: selection_set seat=default handle=2 primary=0 mimes='image/png'
Oct 04 10:03:36 baseweed-admin weston[921]: [10:03:36.045] qdwin: clear_selection seat=default clipboard cleared
Oct 04 10:03:36 baseweed-admin dbus-run-session[1038]:   INFO qml: [20261004-100336]  ClipboardGate CLIPBOARD_GATE seat=default src_silo=s127b dst_silo=s127b mime_types= verdict=deny reason=tier3s-no-allowed-mimes
Oct 04 10:03:36 baseweed-admin dbus-run-session[1038]:   INFO qml: [20261004-100336]  ClipboardGate tier3s mime-strip src_app=qdistro.tier3s.s127b before=1 after=0
Oct 04 10:03:36 baseweed-admin dbus-run-session[1038]:   INFO qml: [20261004-100336]  ClipboardGate CLIPBOARD_GATE seat=default src_silo=s127b dst_silo=s127b mime_types= verdict=deny reason=tier3s-no-allowed-mimes
Oct 04 10:03:36 baseweed-admin dbus-run-session[1038]:   INFO qml: [20261004-100336]  ClipboardGate tier3s mime-strip src_app=qdistro.tier3s.s127b before=1 after=0
Oct 04 10:03:36 baseweed-admin dbus-run-session[1038]:   INFO qml: [20261004-100336]  ClipboardGate CLIPBOARD_GATE seat=default src_silo=s127b dst_silo=s127b mime_types= verdict=deny reason=tier3s-no-allowed-mimes
Oct 04 10:03:36 baseweed-admin weston[921]: [10:03:36.438] qdwin/secctx: helper pid=5986 launcher parent pid=5981 exe unreadable; falling back to verified root-parent + stable-starttime attestation
Oct 04 10:03:36 baseweed-admin weston[921]: [10:03:36.438] qdwin/secctx: helper pid=5986 launcher parent pid=5981 exe unreadable; falling back to verified root-parent + stable-starttime attestation
Oct 04 10:03:36 baseweed-admin weston[921]: [10:03:36.438] qdwin/secctx: helper pid=5986 launcher parent pid=5981 exe unreadable; falling back to verified root-parent + stable-starttime attestation
Oct 04 10:03:36 baseweed-admin weston[921]: [10:03:36.438] qdwin/secctx: helper pid=5986 launcher parent pid=5981 exe unreadable; falling back to verified root-parent + stable-starttime attestation
Oct 04 10:03:36 baseweed-admin weston[921]: [10:03:36.438] qdwin/secctx: manager bound by uid=1000 pid=5986 (helper)
Oct 04 10:03:36 baseweed-admin weston[921]: [10:03:36.438] qdwin/secctx: committed engine=qdistro.tier3s app_id=qdistro.tier3s.s127a instance_id=clipsrc-s127a-5981 listen_fd=96 close_fd=97
Oct 04 10:03:36 baseweed-admin weston[921]: [10:03:36.440] qdwin/secctx: client accepted engine=qdistro.tier3s app_id=qdistro.tier3s.s127a instance_id=clipsrc-s127a-5981 (total tagged: 3)
Oct 04 10:03:36 baseweed-admin weston[921]: [10:03:36.440] qdwin: v15 data_source wrap installed src=0x55b567a51750 seat=default
Oct 04 10:03:36 baseweed-admin weston[921]: [10:03:36.440] qdwin: selection_set_source_identity engine=qdistro.tier3s app_id=qdistro.tier3s.s127a instance=clipsrc-s127a-5981
Oct 04 10:03:36 baseweed-admin weston[921]: [10:03:36.440] qdwin: selection_set seat=default handle=2 primary=0 mimes='text/plain'
Oct 04 10:03:36 baseweed-admin weston[921]: [10:03:36.440] qdwin: v15 data_source wrap installed src=0x55b567edd240 seat=default
Oct 04 10:03:36 baseweed-admin weston[921]: [10:03:36.440] qdwin: selection_set_source_identity engine=qdistro.tier3s app_id=qdistro.tier3s.s127a instance=clipsrc-s127a-5981
Oct 04 10:03:36 baseweed-admin weston[921]: [10:03:36.440] qdwin: selection_set seat=default handle=2 primary=0 mimes='text/plain'
Oct 04 10:03:36 baseweed-admin weston[921]: [10:03:36.440] qdwin: v15 data_source wrap installed src=0x55b567edf620 seat=default
Oct 04 10:03:36 baseweed-admin weston[921]: [10:03:36.440] qdwin: selection_set_source_identity engine=qdistro.tier3s app_id=qdistro.tier3s.s127a instance=clipsrc-s127a-5981
Oct 04 10:03:36 baseweed-admin weston[921]: [10:03:36.440] qdwin: selection_set seat=default handle=2 primary=0 mimes='text/plain'
Oct 04 10:03:36 baseweed-admin dbus-run-session[1038]:   INFO qml: [20261004-100336]  ClipboardGate CLIPBOARD_GATE seat=default src_silo=s127a dst_silo=s127b mime_types=text/plain verdict=allow reason=broker:allow
Oct 04 10:03:36 baseweed-admin dbus-run-session[1038]:   INFO qml: [20261004-100336]  ClipboardGate CLIPBOARD_GATE seat=default src_silo=s127a dst_silo=s127b mime_types=text/plain verdict=allow reason=broker:allow
Oct 04 10:03:36 baseweed-admin dbus-run-session[1038]:   INFO qml: [20261004-100336]  ClipboardGate CLIPBOARD_GATE seat=default src_silo=s127a dst_silo=s127b mime_types=text/plain verdict=allow reason=broker:allow
Oct 04 10:03:36 baseweed-admin dbus-run-session[1038]:   INFO qml: [20261004-100336]  Tier3FocusIPC injectFocus handle=2 seat=default
Oct 04 10:03:36 baseweed-admin dbus-run-session[1038]:   INFO qml: [20261004-100336]          Qdwin ipc injectFocus handle=2 seat=default
Oct 04 10:03:36 baseweed-admin weston[921]: [10:03:36.776] qdwin: v15 data_source wrap installed src=0x55b567edab90 seat=default
Oct 04 10:03:36 baseweed-admin weston[921]: [10:03:36.776] qdwin: selection_set seat=default handle=2 primary=0 mimes='text/plain'
Oct 04 10:03:36 baseweed-admin weston[921]: [10:03:36.776] qdwin: selection_set seat=default handle=2 primary=0 mimes='text/plain'
Oct 04 10:03:36 baseweed-admin weston[921]: [10:03:36.776] qdwin: set_keyboard_focus seat=default handle=2
Oct 04 10:03:36 baseweed-admin weston[921]: [10:03:36.776] qdwin: seat_focus_changed seat=default handle=2
Oct 04 10:03:36 baseweed-admin dbus-run-session[1038]:   INFO qml: [20261004-100336]  ClipboardGate CLIPBOARD_GATE seat=default src_silo=s127b dst_silo=s127b mime_types=text/plain verdict=deny reason=broker:deny
Oct 04 10:03:36 baseweed-admin weston[921]: [10:03:36.821] qdwin: selection_set seat=default handle=2 primary=0 mimes='text/plain'
Oct 04 10:03:36 baseweed-admin weston[921]: [10:03:36.821] qdwin: selection_set seat=default handle=2 primary=0 mimes='text/plain'
Oct 04 10:03:36 baseweed-admin weston[921]: [10:03:36.821] qdwin: clear_selection seat=default clipboard cleared
Oct 04 10:03:36 baseweed-admin dbus-run-session[1038]:   INFO qml: [20261004-100336]  ClipboardGate CLIPBOARD_GATE seat=default src_silo=s127b dst_silo=s127b mime_types=text/plain verdict=deny reason=broker:deny
Oct 04 10:03:36 baseweed-admin dbus-run-session[1038]:   INFO qml: [20261004-100336]  ClipboardGate CLIPBOARD_GATE seat=default src_silo=s127b dst_silo=s127b mime_types=text/plain verdict=deny reason=broker:deny
Oct 04 10:03:36 baseweed-admin dbus-run-session[1038]:   INFO qml: [20261004-100336]  ClipboardGate CLIPBOARD_GATE seat=default src_silo=s127b dst_silo=s127b mime_types=text/plain verdict=deny reason=broker:deny
Oct 04 10:03:37 baseweed-admin dbus-run-session[1038]:   WARN: Process failed to start, likely because the binary could not be found. Command: QList("bluetoothctl", "show")
Oct 04 10:03:37 baseweed-admin dbus-run-session[1038]:   INFO qml: [20261004-100337]        PodApps auto-scan: qdistro-tier3s-s127b transitioned to running
Oct 04 10:03:39 baseweed-admin dbus-run-session[1038]:   WARN: Process failed to start, likely because the binary could not be found. Command: QList("bluetoothctl", "show")
Oct 04 10:03:39 baseweed-admin podman[6063]: 2026-10-04 10:03:39.882637204 +0000 UTC m=+0.167839462 container exec 16407cb950ca026a01a145d223958389b62e6210fb84ca4c22830f18a04b1f7f (image=localhost/qdistro/tier3s-weston-terminal:latest, name=qdistro-tier3s-s127b, io.buildah.version=1.44.1, org.opensuse.reference=registry.opensuse.org/opensuse/tumbleweed:20260930.37.208, org.qdistro.tier3s.workload=weston-terminal, org.opencontainers.image.title=openSUSE Tumbleweed Base Container, org.qdistro.snapshot=20260930, qdistro_tier3s_unit=qdistro-tier3s-silo@s127b.service, org.opensuse.base.vendor=openSUSE Project, org.opensuse.base.created=2026-09-30T20:05:54.126624488Z, org.opensuse.lifecycle-url=https://en.opensuse.org/Lifetime, org.opencontainers.image.source=https://build.opensuse.org/package/show/openSUSE:Factory/opensuse-tumbleweed-image?rev=561f9d4c8e4e1a441f95ad4ec6b5a914, org.opensuse.base.title=openSUSE Tumbleweed Base Container, org.opencontainers.image.vendor=openSUSE Project, org.opensuse.base.description=Image containing a minimal environment for containers based on openSUSE Tumbleweed., org.opensuse.base.version=20260930.37.208, qdistro_tier3s_token=b68aa71af3b359041be500e34c4bfb42, org.openbuildservice.disturl=obs://build.opensuse.org/openSUSE:Factory/images/561f9d4c8e4e1a441f95ad4ec6b5a914-opensuse-tumbleweed-image:docker, org.opencontainers.image.description=Image containing a minimal environment for containers based on openSUSE Tumbleweed., org.opensuse.base.reference=registry.opensuse.org/opensuse/tumbleweed:20260930.37.208, org.opencontainers.image.created=2026-09-30T20:05:54.126624488Z, org.opensuse.base.lifecycle-url=https://en.opensuse.org/Lifetime, org.opensuse.base.source=https://build.opensuse.org/package/show/openSUSE:Factory/opensuse-tumbleweed-image?rev=561f9d4c8e4e1a441f95ad4ec6b5a914, org.opencontainers.image.version=20260930.37.208, org.opencontainers.image.url=https://www.opensuse.org, org.opensuse.base.disturl=obs://build.opensuse.org/openSUSE:Factory/images/561f9d4c8e4e1a441f95ad4ec6b5a914-opensuse-tumbleweed-image:docker, org.opensuse.base.url=https://www.opensuse.org)
Oct 04 10:03:39 baseweed-admin conmon[6077]: conmon 16407cb950ca026a01a1 <nwarn>: Failed to open cgroups file: /sys/fs/cgroup/user.slice/user-1000.slice/user@1000.service/app.slice/qdshell.service/memory.events
Oct 04 10:03:39 baseweed-admin dbus-run-session[1038]:   INFO qml: [20261004-100339]  Tier3FocusIPC injectFocus handle=1 seat=default
Oct 04 10:03:39 baseweed-admin dbus-run-session[1038]:   INFO qml: [20261004-100339]          Qdwin ipc injectFocus handle=1 seat=default
Oct 04 10:03:39 baseweed-admin weston[921]: [10:03:39.930] qdwin: selection_set seat=default handle=2 primary=0 mimes='text/plain'
Oct 04 10:03:39 baseweed-admin weston[921]: [10:03:39.930] qdwin: selection_set seat=default handle=2 primary=0 mimes='text/plain'
Oct 04 10:03:39 baseweed-admin weston[921]: [10:03:39.930] qdwin: focus handle=1 (was 2) seat=default
Oct 04 10:03:39 baseweed-admin weston[921]: [10:03:39.930] qdwin: seat_focus_changed seat=default handle=1
Oct 04 10:03:39 baseweed-admin weston[921]: [10:03:39.930] qdwin: set_keyboard_focus seat=default handle=1
Oct 04 10:03:39 baseweed-admin weston[921]: [10:03:39.930] qdwin: seat_focus_changed seat=default handle=1
Oct 04 10:03:39 baseweed-admin podman[6063]: 2026-10-04 10:03:39.974636782 +0000 UTC m=+0.259839271 container exec_died 16407cb950ca026a01a145d223958389b62e6210fb84ca4c22830f18a04b1f7f (image=localhost/qdistro/tier3s-weston-terminal:latest, name=qdistro-tier3s-s127b, org.opencontainers.image.version=20260930.37.208, org.opensuse.base.reference=registry.opensuse.org/opensuse/tumbleweed:20260930.37.208, org.opencontainers.image.url=https://www.opensuse.org, org.opensuse.base.vendor=openSUSE Project, org.opensuse.base.created=2026-09-30T20:05:54.126624488Z, org.opensuse.reference=registry.opensuse.org/opensuse/tumbleweed:20260930.37.208, org.opencontainers.image.title=openSUSE Tumbleweed Base Container, qdistro_tier3s_token=b68aa71af3b359041be500e34c4bfb42, io.buildah.version=1.44.1, org.opensuse.base.description=Image containing a minimal environment for containers based on openSUSE Tumbleweed., org.opensuse.base.lifecycle-url=https://en.opensuse.org/Lifetime, org.openbuildservice.disturl=obs://build.opensuse.org/openSUSE:Factory/images/561f9d4c8e4e1a441f95ad4ec6b5a914-opensuse-tumbleweed-image:docker, org.opencontainers.image.description=Image containing a minimal environment for containers based on openSUSE Tumbleweed., org.opencontainers.image.source=https://build.opensuse.org/package/show/openSUSE:Factory/opensuse-tumbleweed-image?rev=561f9d4c8e4e1a441f95ad4ec6b5a914, org.opensuse.base.title=openSUSE Tumbleweed Base Container, org.opensuse.base.disturl=obs://build.opensuse.org/openSUSE:Factory/images/561f9d4c8e4e1a441f95ad4ec6b5a914-opensuse-tumbleweed-image:docker, org.opensuse.base.url=https://www.opensuse.org, org.opencontainers.image.created=2026-09-30T20:05:54.126624488Z, org.qdistro.tier3s.workload=weston-terminal, org.opensuse.base.source=https://build.opensuse.org/package/show/openSUSE:Factory/opensuse-tumbleweed-image?rev=561f9d4c8e4e1a441f95ad4ec6b5a914, org.qdistro.snapshot=20260930, org.opencontainers.image.vendor=openSUSE Project, execID=168fbc60330723b2301218bafb6b39421369e3be1e5ede2bcf9a3b9a16f214c7, org.opensuse.lifecycle-url=https://en.opensuse.org/Lifetime, org.opensuse.base.version=20260930.37.208, qdistro_tier3s_unit=qdistro-tier3s-silo@s127b.service)
Oct 04 10:03:40 baseweed-admin dbus-run-session[1038]:   INFO qml: [20261004-100340]  ClipboardGate CLIPBOARD_GATE seat=default src_silo=s127b dst_silo=s127b mime_types=text/plain verdict=deny reason=broker:deny
Oct 04 10:03:40 baseweed-admin weston[921]: [10:03:40.013] qdwin: selection_set seat=default handle=1 primary=0 mimes='text/plain'
Oct 04 10:03:40 baseweed-admin weston[921]: [10:03:40.013] qdwin: selection_set seat=default handle=1 primary=0 mimes='text/plain'
Oct 04 10:03:40 baseweed-admin weston[921]: [10:03:40.013] qdwin: clear_selection seat=default clipboard cleared
Oct 04 10:03:40 baseweed-admin dbus-run-session[1038]:   INFO qml: [20261004-100340]  ClipboardGate CLIPBOARD_GATE seat=default src_silo=s127b dst_silo=s127b mime_types=text/plain verdict=deny reason=broker:deny
Oct 04 10:03:40 baseweed-admin dbus-run-session[1038]:   INFO qml: [20261004-100340]  ClipboardGate CLIPBOARD_FOCUS_GATE seat=default src_silo=s127b dst_silo=s127a is_primary=0 verdict=deny reason=focus-cross-silo
Oct 04 10:03:40 baseweed-admin weston[921]: [10:03:40.060] qdwin: selection_set seat=default handle=1 primary=0 mimes='text/plain'
Oct 04 10:03:40 baseweed-admin weston[921]: [10:03:40.060] qdwin: selection_set seat=default handle=1 primary=0 mimes='text/plain'
Oct 04 10:03:40 baseweed-admin weston[921]: [10:03:40.060] qdwin: clear_selection seat=default clipboard cleared
Oct 04 10:03:40 baseweed-admin dbus-run-session[1038]:   INFO qml: [20261004-100340]  ClipboardGate CLIPBOARD_GATE seat=default src_silo=s127a dst_silo=s127a mime_types=text/plain verdict=deny reason=broker:deny
Oct 04 10:03:40 baseweed-admin weston[921]: [10:03:40.115] qdwin: selection_set seat=default handle=1 primary=0 mimes='text/plain'
Oct 04 10:03:40 baseweed-admin weston[921]: [10:03:40.115] qdwin: selection_set seat=default handle=1 primary=0 mimes='text/plain'
Oct 04 10:03:40 baseweed-admin weston[921]: [10:03:40.115] qdwin: clear_selection seat=default clipboard cleared
Oct 04 10:03:40 baseweed-admin dbus-run-session[1038]:   INFO qml: [20261004-100340]  ClipboardGate CLIPBOARD_GATE seat=default src_silo=s127a dst_silo=s127a mime_types=text/plain verdict=deny reason=broker:deny
Oct 04 10:03:40 baseweed-admin dbus-run-session[1038]:   INFO qml: [20261004-100340]  ClipboardGate CLIPBOARD_GATE seat=default src_silo=s127a dst_silo=s127a mime_types=text/plain verdict=deny reason=broker:deny
Oct 04 10:03:40 baseweed-admin dbus-run-session[1038]:   INFO qml: [20261004-100340]  ClipboardGate CLIPBOARD_GATE seat=default src_silo=s127a dst_silo=s127a mime_types=text/plain verdict=deny reason=broker:deny
Oct 04 10:03:40 baseweed-admin dbus-run-session[1038]:   INFO qml: [20261004-100340]  ClipboardGate CLIPBOARD_GATE seat=default src_silo=s127a dst_silo=s127a mime_types=text/plain verdict=deny reason=broker:deny
Oct 04 10:03:40 baseweed-admin dbus-run-session[1038]:   INFO qml: [20261004-100340]  ClipboardGate CLIPBOARD_GATE seat=default src_silo=s127a dst_silo=s127a mime_types=text/plain verdict=deny reason=broker:deny
Oct 04 10:03:40 baseweed-admin dbus-run-session[1038]:   INFO qml: [20261004-100340]  Tier3FocusIPC injectFocus handle=2 seat=default
Oct 04 10:03:40 baseweed-admin dbus-run-session[1038]:   INFO qml: [20261004-100340]          Qdwin ipc injectFocus handle=2 seat=default
Oct 04 10:03:40 baseweed-admin weston[921]: [10:03:40.350] qdwin: selection_set seat=default handle=1 primary=0 mimes='text/plain'
Oct 04 10:03:40 baseweed-admin weston[921]: [10:03:40.350] qdwin: selection_set seat=default handle=1 primary=0 mimes='text/plain'
Oct 04 10:03:40 baseweed-admin weston[921]: [10:03:40.350] qdwin: focus handle=2 (was 1) seat=default
Oct 04 10:03:40 baseweed-admin weston[921]: [10:03:40.350] qdwin: seat_focus_changed seat=default handle=2
Oct 04 10:03:40 baseweed-admin weston[921]: [10:03:40.350] qdwin: set_keyboard_focus seat=default handle=2
Oct 04 10:03:40 baseweed-admin weston[921]: [10:03:40.350] qdwin: seat_focus_changed seat=default handle=2
Oct 04 10:03:40 baseweed-admin dbus-run-session[1038]:   INFO qml: [20261004-100340]  ClipboardGate CLIPBOARD_GATE seat=default src_silo=s127a dst_silo=s127a mime_types=text/plain verdict=deny reason=broker:deny
Oct 04 10:03:40 baseweed-admin dbus-run-session[1038]:   INFO qml: [20261004-100340]  ClipboardGate CLIPBOARD_GATE seat=default src_silo=s127a dst_silo=s127a mime_types=text/plain verdict=deny reason=broker:deny
Oct 04 10:03:40 baseweed-admin dbus-run-session[1038]:   INFO qml: [20261004-100340]  ClipboardGate CLIPBOARD_FOCUS_GATE seat=default src_silo=s127a dst_silo=s127b is_primary=0 verdict=deny reason=focus-cross-silo
Oct 04 10:03:40 baseweed-admin weston[921]: [10:03:40.433] qdwin: selection_set seat=default handle=2 primary=0 mimes='text/plain'
Oct 04 10:03:40 baseweed-admin weston[921]: [10:03:40.433] qdwin: selection_set seat=default handle=2 primary=0 mimes='text/plain'
Oct 04 10:03:40 baseweed-admin weston[921]: [10:03:40.433] qdwin: clear_selection seat=default clipboard cleared
Oct 04 10:03:40 baseweed-admin dbus-run-session[1038]:   INFO qml: [20261004-100340]        PodApps cache refresh loaded 0 apps
Oct 04 10:03:40 baseweed-admin dbus-run-session[1038]:   INFO qml: [20261004-100340]  ClipboardGate CLIPBOARD_GATE seat=default src_silo=s127b dst_silo=s127b mime_types=text/plain verdict=deny reason=broker:deny
Oct 04 10:03:40 baseweed-admin dbus-run-session[1038]:   INFO qml: [20261004-100340]  ClipboardGate CLIPBOARD_GATE seat=default src_silo=s127b dst_silo=s127b mime_types=text/plain verdict=deny reason=broker:deny
Oct 04 10:03:40 baseweed-admin weston[921]: [10:03:40.536] qdwin: selection_set seat=default handle=2 primary=0 mimes='text/plain'
Oct 04 10:03:40 baseweed-admin weston[921]: [10:03:40.536] qdwin: selection_set seat=default handle=2 primary=0 mimes='text/plain'
Oct 04 10:03:40 baseweed-admin weston[921]: [10:03:40.536] qdwin: clear_selection seat=default clipboard cleared
Oct 04 10:03:40 baseweed-admin dbus-run-session[1038]:   INFO qml: [20261004-100340]  ClipboardGate CLIPBOARD_GATE seat=default src_silo=s127b dst_silo=s127b mime_types=text/plain verdict=deny reason=broker:deny
Oct 04 10:03:40 baseweed-admin dbus-run-session[1038]:   INFO qml: [20261004-100340]  ClipboardGate CLIPBOARD_GATE seat=default src_silo=s127b dst_silo=s127b mime_types=text/plain verdict=deny reason=broker:deny
Oct 04 10:03:41 baseweed-admin dbus-run-session[1038]:   WARN: Process failed to start, likely because the binary could not be found. Command: QList("bluetoothctl", "show")
Oct 04 10:03:41 baseweed-admin weston[921]: [10:03:41.817] qdwin: toplevel_removed handle=1
Oct 04 10:03:43 baseweed-admin dbus-run-session[1038]:   WARN: Process failed to start, likely because the binary could not be found. Command: QList("bluetoothctl", "show")
Oct 04 10:03:44 baseweed-admin weston[921]: [10:03:44.381] qdwin: toplevel_removed handle=2
Oct 04 10:03:44 baseweed-admin weston[921]: [10:03:44.381] qdwin: focus handle=4294967295 (was 2) seat=default
Oct 04 10:03:44 baseweed-admin weston[921]: [10:03:44.381] qdwin: seat_focus_changed seat=default handle=4294967295
Oct 04 10:03:44 baseweed-admin dbus-run-session[1038]:   INFO qml: [20261004-100344]  ClipboardGate CLIPBOARD_FOCUS_GATE seat=default src_silo=s127b dst_silo=unknown is_primary=0 verdict=deny reason=focus-cross-silo
Oct 04 10:03:44 baseweed-admin weston[921]: [10:03:44.387] qdwin: selection_set seat=default handle=4294967295 primary=0 mimes='text/plain'
Oct 04 10:03:44 baseweed-admin weston[921]: [10:03:44.387] qdwin: selection_set seat=default handle=4294967295 primary=0 mimes='text/plain'
Oct 04 10:03:44 baseweed-admin weston[921]: [10:03:44.387] qdwin: clear_selection seat=default clipboard cleared
Oct 04 10:03:44 baseweed-admin dbus-run-session[1038]:   INFO qml: [20261004-100344]  ClipboardGate CLIPBOARD_GATE seat=default src_silo=unknown dst_silo=unknown mime_types=text/plain verdict=deny reason=unknown-identity
Oct 04 10:03:44 baseweed-admin dbus-run-session[1038]:   INFO qml: [20261004-100344]  ClipboardGate CLIPBOARD_GATE seat=default src_silo=unknown dst_silo=unknown mime_types=text/plain verdict=deny reason=unknown-identity
Oct 04 10:03:44 baseweed-admin weston[921]: [10:03:44.405] qdwin: selection_set seat=default handle=4294967295 primary=0 mimes='text/plain'
Oct 04 10:03:44 baseweed-admin weston[921]: [10:03:44.405] qdwin: selection_set seat=default handle=4294967295 primary=0 mimes='text/plain'
Oct 04 10:03:44 baseweed-admin weston[921]: [10:03:44.405] qdwin: clear_selection seat=default clipboard cleared
Oct 04 10:03:44 baseweed-admin dbus-run-session[1038]:   INFO qml: [20261004-100344]  ClipboardGate CLIPBOARD_GATE seat=default src_silo=unknown dst_silo=unknown mime_types=text/plain verdict=deny reason=unknown-identity
Oct 04 10:03:44 baseweed-admin dbus-run-session[1038]:   INFO qml: [20261004-100344]  ClipboardGate CLIPBOARD_GATE seat=default src_silo=unknown dst_silo=unknown mime_types=text/plain verdict=deny reason=unknown-identity
Oct 04 10:03:45 baseweed-admin dbus-run-session[1038]:   WARN: Process failed to start, likely because the binary could not be found. Command: QList("bluetoothctl", "show")
Oct 04 10:03:45 baseweed-admin dbus-run-session[1038]:   WARN qml: [20261004-100345]       Location Weather is still fetching
Oct 04 10:03:45 baseweed-admin dbus-run-session[1038]:  ERROR qml: [20261004-100345]       Location Geocoding error: 0
Oct 04 10:03:47 baseweed-admin dbus-run-session[1038]:   WARN: Process failed to start, likely because the binary could not be found. Command: QList("bluetoothctl", "show")
Oct 04 10:03:49 baseweed-admin dbus-run-session[1038]:   WARN qml: [20261004-100349]        Network Connectivity check error: Error: Not authorized to recheck connectivity.
Oct 04 10:03:49 baseweed-admin dbus-run-session[1038]:   WARN: Process failed to start, likely because the binary could not be found. Command: QList("bluetoothctl", "show")
