Oct 04 10:01:56 baseweed-admin kernel: Linux version 7.2.8-1-default (geeko@buildhost) (gcc (SUSE Linux) 16.2.0, GNU ld (GNU Binutils; openSUSE Tumbleweed) 2.45.0.20251103-4) #1 SMP PREEMPT_DYNAMIC Sat Sep 26 07:00:58 UTC 2026 (9b36732)
Oct 04 10:01:56 baseweed-admin kernel: Command line: BOOT_IMAGE=/boot/vmlinuz-7.2.8-1-default root=UUID=1df5576d-c0e8-4d58-8321-036cc145665a rw quiet systemd.show_status=1 console=ttyS0,115200 console=tty0 security=selinux selinux=1
Oct 04 10:01:56 baseweed-admin kernel: [Firmware Bug]: TSC doesn't count with P0 frequency!
Oct 04 10:01:56 baseweed-admin kernel: BIOS-provided physical RAM map:
Oct 04 10:01:56 baseweed-admin kernel: BIOS-e820: [mem 0x0000000000000000-0x000000000009fbff]  System RAM
Oct 04 10:01:56 baseweed-admin kernel: BIOS-e820: [mem 0x000000000009fc00-0x000000000009ffff]  device reserved
Oct 04 10:01:56 baseweed-admin kernel: BIOS-e820: [gap 0x00000000000a0000-0x00000000000effff]
Oct 04 10:01:56 baseweed-admin kernel: BIOS-e820: [mem 0x00000000000f0000-0x00000000000fffff]  device reserved
Oct 04 10:01:56 baseweed-admin kernel: BIOS-e820: [mem 0x0000000000100000-0x00000000bffdbfff]  System RAM
Oct 04 10:01:56 baseweed-admin kernel: BIOS-e820: [mem 0x00000000bffdc000-0x00000000bfffffff]  device reserved
Oct 04 10:01:56 baseweed-admin kernel: BIOS-e820: [gap 0x00000000c0000000-0x00000000feffbfff]
Oct 04 10:01:56 baseweed-admin kernel: BIOS-e820: [mem 0x00000000feffc000-0x00000000feffffff]  device reserved
Oct 04 10:01:56 baseweed-admin kernel: BIOS-e820: [gap 0x00000000ff000000-0x00000000fffbffff]
Oct 04 10:01:56 baseweed-admin kernel: BIOS-e820: [mem 0x00000000fffc0000-0x00000000ffffffff]  device reserved
Oct 04 10:01:56 baseweed-admin kernel: BIOS-e820: [mem 0x0000000100000000-0x000000013fffffff]  System RAM
Oct 04 10:01:56 baseweed-admin kernel: BIOS-e820: [gap 0x0000000140000000-0x000000fcffffffff]
Oct 04 10:01:56 baseweed-admin kernel: BIOS-e820: [mem 0x000000fd00000000-0x000000ffffffffff]  device reserved
Oct 04 10:01:56 baseweed-admin kernel: NX (Execute Disable) protection: active
Oct 04 10:01:56 baseweed-admin kernel: APIC: Static calls initialized
Oct 04 10:01:56 baseweed-admin kernel: DMI: SMBIOS 2.8 present.
Oct 04 10:01:56 baseweed-admin kernel: DMI: QEMU Standard PC (i440FX + PIIX, 1996), BIOS rel-1.17.0-2-g4f253b9b-prebuilt.qemu.org 04/01/2014
Oct 04 10:01:56 baseweed-admin kernel: DMI: Memory slots populated: 1/1
Oct 04 10:01:56 baseweed-admin kernel: Hypervisor detected: KVM
Oct 04 10:01:56 baseweed-admin kernel: last_pfn = 0xbffdc max_arch_pfn = 0x400000000
Oct 04 10:01:56 baseweed-admin kernel: kvm-clock: Using msrs 4b564d01 and 4b564d00
Oct 04 10:01:56 baseweed-admin kernel: kvm-clock: using sched offset of 7713076337 cycles
Oct 04 10:01:56 baseweed-admin kernel: clocksource: kvm-clock: mask: 0xffffffffffffffff max_cycles: 0x1cd42e4dffb, max_idle_ns: 881590591483 ns
Oct 04 10:01:56 baseweed-admin kernel: tsc: Detected 2994.376 MHz processor
Oct 04 10:01:56 baseweed-admin kernel: e820: update [mem 0x00000000-0x00000fff] System RAM ==> device reserved
Oct 04 10:01:56 baseweed-admin kernel: e820: remove [mem 0x000a0000-0x000fffff] System RAM
Oct 04 10:01:56 baseweed-admin kernel: last_pfn = 0x140000 max_arch_pfn = 0x400000000
Oct 04 10:01:56 baseweed-admin kernel: MTRR map: 4 entries (3 fixed + 1 variable; max 19), built from 8 variable MTRRs
Oct 04 10:01:56 baseweed-admin kernel: x86/PAT: Configuration [0-7]: WB  WC  UC- UC  WB  WP  UC- WT  
Oct 04 10:01:56 baseweed-admin kernel: last_pfn = 0xbffdc max_arch_pfn = 0x400000000
Oct 04 10:01:56 baseweed-admin kernel: found SMP MP-table at [mem 0x000f5410-0x000f541f]
Oct 04 10:01:56 baseweed-admin kernel: Using GB pages for direct mapping
Oct 04 10:01:56 baseweed-admin kernel: RAMDISK: [mem 0x304ad000-0x3424dfff]
Oct 04 10:01:56 baseweed-admin kernel: ACPI: Early table checksum verification disabled
Oct 04 10:01:56 baseweed-admin kernel: ACPI: RSDP 0x00000000000F53D0 000014 (v00 BOCHS )
Oct 04 10:01:56 baseweed-admin kernel: ACPI: RSDT 0x00000000BFFE2119 000034 (v01 BOCHS  BXPC     00000001 BXPC 00000001)
Oct 04 10:01:56 baseweed-admin kernel: ACPI: FACP 0x00000000BFFE1FB5 000074 (v01 BOCHS  BXPC     00000001 BXPC 00000001)
Oct 04 10:01:56 baseweed-admin kernel: ACPI: DSDT 0x00000000BFFDFD80 002235 (v01 BOCHS  BXPC     00000001 BXPC 00000001)
Oct 04 10:01:56 baseweed-admin kernel: ACPI: FACS 0x00000000BFFDFD40 000040
Oct 04 10:01:56 baseweed-admin kernel: ACPI: APIC 0x00000000BFFE2029 000090 (v03 BOCHS  BXPC     00000001 BXPC 00000001)
Oct 04 10:01:56 baseweed-admin kernel: ACPI: HPET 0x00000000BFFE20B9 000038 (v01 BOCHS  BXPC     00000001 BXPC 00000001)
Oct 04 10:01:56 baseweed-admin kernel: ACPI: WAET 0x00000000BFFE20F1 000028 (v01 BOCHS  BXPC     00000001 BXPC 00000001)
Oct 04 10:01:56 baseweed-admin kernel: ACPI: Reserving FACP table memory at [mem 0xbffe1fb5-0xbffe2028]
Oct 04 10:01:56 baseweed-admin kernel: ACPI: Reserving DSDT table memory at [mem 0xbffdfd80-0xbffe1fb4]
Oct 04 10:01:56 baseweed-admin kernel: ACPI: Reserving FACS table memory at [mem 0xbffdfd40-0xbffdfd7f]
Oct 04 10:01:56 baseweed-admin kernel: ACPI: Reserving APIC table memory at [mem 0xbffe2029-0xbffe20b8]
Oct 04 10:01:56 baseweed-admin kernel: ACPI: Reserving HPET table memory at [mem 0xbffe20b9-0xbffe20f0]
Oct 04 10:01:56 baseweed-admin kernel: ACPI: Reserving WAET table memory at [mem 0xbffe20f1-0xbffe2118]
Oct 04 10:01:56 baseweed-admin kernel: No NUMA configuration found
Oct 04 10:01:56 baseweed-admin kernel: Faking a node at [mem 0x0000000000000000-0x000000013fffffff]
Oct 04 10:01:56 baseweed-admin kernel: NODE_DATA(0) allocated [mem 0x13ffd2f80-0x13fffdfff]
Oct 04 10:01:56 baseweed-admin kernel: ACPI: PM-Timer IO Port: 0x608
Oct 04 10:01:56 baseweed-admin kernel: ACPI: LAPIC_NMI (acpi_id[0xff] dfl dfl lint[0x1])
Oct 04 10:01:56 baseweed-admin kernel: IOAPIC[0]: apic_id 0, version 17, address 0xfec00000, GSI 0-23
Oct 04 10:01:56 baseweed-admin kernel: ACPI: INT_SRC_OVR (bus 0 bus_irq 0 global_irq 2 dfl dfl)
Oct 04 10:01:56 baseweed-admin kernel: ACPI: INT_SRC_OVR (bus 0 bus_irq 5 global_irq 5 high level)
Oct 04 10:01:56 baseweed-admin kernel: ACPI: INT_SRC_OVR (bus 0 bus_irq 9 global_irq 9 high level)
Oct 04 10:01:56 baseweed-admin kernel: ACPI: INT_SRC_OVR (bus 0 bus_irq 10 global_irq 10 high level)
Oct 04 10:01:56 baseweed-admin kernel: ACPI: INT_SRC_OVR (bus 0 bus_irq 11 global_irq 11 high level)
Oct 04 10:01:56 baseweed-admin kernel: ACPI: Using ACPI (MADT) for SMP configuration information
Oct 04 10:01:56 baseweed-admin kernel: ACPI: HPET id: 0x8086a201 base: 0xfed00000
Oct 04 10:01:56 baseweed-admin kernel: TSC deadline timer available
Oct 04 10:01:56 baseweed-admin kernel: CPU topo: Max. logical packages:   4
Oct 04 10:01:56 baseweed-admin kernel: CPU topo: Max. logical nodes:      1
Oct 04 10:01:56 baseweed-admin kernel: CPU topo: Num. nodes per package:  1
Oct 04 10:01:56 baseweed-admin kernel: CPU topo: Max. logical dies:       4
Oct 04 10:01:56 baseweed-admin kernel: CPU topo: Max. dies per package:   1
Oct 04 10:01:56 baseweed-admin kernel: CPU topo: Max. threads per core:   1
Oct 04 10:01:56 baseweed-admin kernel: CPU topo: Num. cores per package:     1
Oct 04 10:01:56 baseweed-admin kernel: CPU topo: Num. threads per package:   1
Oct 04 10:01:56 baseweed-admin kernel: CPU topo: Allowing 4 present CPUs plus 0 hotplug CPUs
Oct 04 10:01:56 baseweed-admin kernel: kvm-guest: APIC: eoi() replaced with kvm_guest_apic_eoi_write()
Oct 04 10:01:56 baseweed-admin kernel: kvm-guest: KVM setup pv remote TLB flush
Oct 04 10:01:56 baseweed-admin kernel: kvm-guest: setup PV sched yield
Oct 04 10:01:56 baseweed-admin kernel: PM: hibernation: Registered nosave memory: [mem 0x00000000-0x00000fff]
Oct 04 10:01:56 baseweed-admin kernel: PM: hibernation: Registered nosave memory: [mem 0x0009f000-0x000fffff]
Oct 04 10:01:56 baseweed-admin kernel: PM: hibernation: Registered nosave memory: [mem 0xbffdc000-0xffffffff]
Oct 04 10:01:56 baseweed-admin kernel: [gap 0xc0000000-0xfeffbfff] available for PCI devices
Oct 04 10:01:56 baseweed-admin kernel: Booting paravirtualized kernel on KVM
Oct 04 10:01:56 baseweed-admin kernel: clocksource: refined-jiffies: mask: 0xffffffff max_cycles: 0xffffffff, max_idle_ns: 1910969940391419 ns
Oct 04 10:01:56 baseweed-admin kernel: Zone ranges:
Oct 04 10:01:56 baseweed-admin kernel:   DMA      [mem 0x0000000000001000-0x0000000000ffffff]
Oct 04 10:01:56 baseweed-admin kernel:   DMA32    [mem 0x0000000001000000-0x00000000ffffffff]
Oct 04 10:01:56 baseweed-admin kernel:   Normal   [mem 0x0000000100000000-0x000000013fffffff]
Oct 04 10:01:56 baseweed-admin kernel:   Device   empty
Oct 04 10:01:56 baseweed-admin kernel: Movable zone start for each node
Oct 04 10:01:56 baseweed-admin kernel: Early memory node ranges
Oct 04 10:01:56 baseweed-admin kernel:   node   0: [mem 0x0000000000001000-0x000000000009efff]
Oct 04 10:01:56 baseweed-admin kernel:   node   0: [mem 0x0000000000100000-0x00000000bffdbfff]
Oct 04 10:01:56 baseweed-admin kernel:   node   0: [mem 0x0000000100000000-0x000000013fffffff]
Oct 04 10:01:56 baseweed-admin kernel: Initmem setup node 0 [mem 0x0000000000001000-0x000000013fffffff]
Oct 04 10:01:56 baseweed-admin kernel: On node 0, zone DMA: 1 pages in unavailable ranges
Oct 04 10:01:56 baseweed-admin kernel: On node 0, zone DMA: 97 pages in unavailable ranges
Oct 04 10:01:56 baseweed-admin kernel: On node 0, zone Normal: 36 pages in unavailable ranges
Oct 04 10:01:56 baseweed-admin kernel: setup_percpu: NR_CPUS:8192 nr_cpumask_bits:4 nr_cpu_ids:4 nr_node_ids:1
Oct 04 10:01:56 baseweed-admin kernel: percpu: Embedded 88 pages/cpu s237568 r8192 d114688 u524288
Oct 04 10:01:56 baseweed-admin kernel: pcpu-alloc: s237568 r8192 d114688 u524288 alloc=1*2097152
Oct 04 10:01:56 baseweed-admin kernel: pcpu-alloc: [0] 0 1 2 3 
Oct 04 10:01:56 baseweed-admin kernel: kvm-guest: PV spinlocks enabled
Oct 04 10:01:56 baseweed-admin kernel: PV qspinlock hash table entries: 256 (order: 0, 4096 bytes, linear)
Oct 04 10:01:56 baseweed-admin kernel: Kernel command line: BOOT_IMAGE=/boot/vmlinuz-7.2.8-1-default root=UUID=1df5576d-c0e8-4d58-8321-036cc145665a rw quiet systemd.show_status=1 console=ttyS0,115200 console=tty0 security=selinux selinux=1
Oct 04 10:01:56 baseweed-admin kernel: random: crng init done
Oct 04 10:01:56 baseweed-admin kernel: printk: log buffer data + meta data: 262144 + 1114112 = 1376256 bytes
Oct 04 10:01:56 baseweed-admin kernel: Dentry cache hash table entries: 524288 (order: 10, 4194304 bytes, linear)
Oct 04 10:01:56 baseweed-admin kernel: Inode-cache hash table entries: 262144 (order: 9, 2097152 bytes, linear)
Oct 04 10:01:56 baseweed-admin kernel: software IO TLB: area num 4.
Oct 04 10:01:56 baseweed-admin kernel: Fallback order for Node 0: 0 
Oct 04 10:01:56 baseweed-admin kernel: Built 1 zonelists, mobility grouping on.  Total pages: 1048442
Oct 04 10:01:56 baseweed-admin kernel: Policy zone: Normal
Oct 04 10:01:56 baseweed-admin kernel: mem auto-init: stack:off, heap alloc:off, heap free:off
Oct 04 10:01:56 baseweed-admin kernel: SLUB: HWalign=64, Order=0-3, MinObjects=0, CPUs=4, Nodes=1
Oct 04 10:01:56 baseweed-admin kernel: ftrace: allocating 52368 entries in 208 pages
Oct 04 10:01:56 baseweed-admin kernel: ftrace: allocated 208 pages with 3 groups
Oct 04 10:01:56 baseweed-admin kernel: Dynamic Preempt: full
Oct 04 10:01:56 baseweed-admin kernel: rcu: Preemptible hierarchical RCU implementation.
Oct 04 10:01:56 baseweed-admin kernel: rcu:         RCU event tracing is enabled.
Oct 04 10:01:56 baseweed-admin kernel: rcu:         RCU restricting CPUs from NR_CPUS=8192 to nr_cpu_ids=4.
Oct 04 10:01:56 baseweed-admin kernel:         Trampoline variant of Tasks RCU enabled.
Oct 04 10:01:56 baseweed-admin kernel:         Rude variant of Tasks RCU enabled.
Oct 04 10:01:56 baseweed-admin kernel:         Tracing variant of Tasks RCU enabled.
Oct 04 10:01:56 baseweed-admin kernel: rcu: RCU calculated value of scheduler-enlistment delay is 100 jiffies.
Oct 04 10:01:56 baseweed-admin kernel: rcu: Adjusting geometry for rcu_fanout_leaf=16, nr_cpu_ids=4
Oct 04 10:01:56 baseweed-admin kernel: RCU Tasks: Setting shift to 2 and lim to 1 rcu_task_cb_adjust=1 rcu_task_cpu_ids=4.
Oct 04 10:01:56 baseweed-admin kernel: RCU Tasks Rude: Setting shift to 2 and lim to 1 rcu_task_cb_adjust=1 rcu_task_cpu_ids=4.
Oct 04 10:01:56 baseweed-admin kernel: NR_IRQS: 524544, nr_irqs: 456, preallocated irqs: 16
Oct 04 10:01:56 baseweed-admin kernel: rcu: srcu_init: Setting srcu_struct sizes based on contention.
Oct 04 10:01:56 baseweed-admin kernel: clocksource: jiffies: mask: 0xffffffff max_cycles: 0xffffffff, max_idle_ns: 1911260446275000 ns
Oct 04 10:01:56 baseweed-admin kernel: Console: colour VGA+ 80x25
Oct 04 10:01:56 baseweed-admin kernel: printk: legacy console [tty0] enabled
Oct 04 10:01:56 baseweed-admin kernel: printk: legacy console [ttyS0] enabled
Oct 04 10:01:56 baseweed-admin kernel: ACPI: Core revision 20260408
Oct 04 10:01:56 baseweed-admin kernel: clocksource: hpet: mask: 0xffffffff max_cycles: 0xffffffff, max_idle_ns: 19112604467 ns
Oct 04 10:01:56 baseweed-admin kernel: APIC: Switch to symmetric I/O mode setup
Oct 04 10:01:56 baseweed-admin kernel: x2apic enabled
Oct 04 10:01:56 baseweed-admin kernel: APIC: Switched APIC routing to: physical x2apic
Oct 04 10:01:56 baseweed-admin kernel: kvm-guest: APIC: send_IPI_mask() replaced with kvm_send_ipi_mask()
Oct 04 10:01:56 baseweed-admin kernel: kvm-guest: APIC: send_IPI_mask_allbutself() replaced with kvm_send_ipi_mask_allbutself()
Oct 04 10:01:56 baseweed-admin kernel: kvm-guest: setup PV IPIs
Oct 04 10:01:56 baseweed-admin kernel: ..TIMER: vector=0x30 apic1=0 pin1=2 apic2=-1 pin2=-1
Oct 04 10:01:56 baseweed-admin kernel: clocksource: tsc-early: mask: 0xffffffffffffffff max_cycles: 0x2b2984d0609, max_idle_ns: 440795359805 ns
Oct 04 10:01:56 baseweed-admin kernel: Calibrating delay loop (skipped) preset value.. 5988.75 BogoMIPS (lpj=2994376)
Oct 04 10:01:56 baseweed-admin kernel: RDSEED32 is broken. Disabling the corresponding CPUID bit.
Oct 04 10:01:56 baseweed-admin kernel: x86/cpu: User Mode Instruction Prevention (UMIP) activated
Oct 04 10:01:56 baseweed-admin kernel: Last level iTLB entries: 4KB 512, 2MB 255, 4MB 127
Oct 04 10:01:56 baseweed-admin kernel: Last level dTLB entries: 4KB 512, 2MB 255, 4MB 127, 1GB 0
Oct 04 10:01:56 baseweed-admin kernel: mitigations: Enabled attack vectors: user_kernel, user_user, guest_host, guest_guest, SMT mitigations: auto
Oct 04 10:01:56 baseweed-admin kernel: Speculative Store Bypass: Mitigation: Speculative Store Bypass disabled via prctl
Oct 04 10:01:56 baseweed-admin kernel: Spectre V2 : Mitigation: Enhanced / Automatic IBRS
Oct 04 10:01:56 baseweed-admin kernel: Speculative Return Stack Overflow: Mitigation: IBPB on VMEXIT only
Oct 04 10:01:56 baseweed-admin kernel: Spectre V1 : Mitigation: usercopy/swapgs barriers and __user pointer sanitization
Oct 04 10:01:56 baseweed-admin kernel: Spectre V2 : Enabling IBPB for BPF
Oct 04 10:01:56 baseweed-admin kernel: Spectre V2 : mitigation: Enabling conditional Indirect Branch Prediction Barrier
Oct 04 10:01:56 baseweed-admin kernel: x86/fpu: Supporting XSAVE feature 0x001: 'x87 floating point registers'
Oct 04 10:01:56 baseweed-admin kernel: x86/fpu: Supporting XSAVE feature 0x002: 'SSE registers'
Oct 04 10:01:56 baseweed-admin kernel: x86/fpu: Supporting XSAVE feature 0x004: 'AVX registers'
Oct 04 10:01:56 baseweed-admin kernel: x86/fpu: Supporting XSAVE feature 0x020: 'AVX-512 opmask'
Oct 04 10:01:56 baseweed-admin kernel: x86/fpu: Supporting XSAVE feature 0x040: 'AVX-512 Hi256'
Oct 04 10:01:56 baseweed-admin kernel: x86/fpu: Supporting XSAVE feature 0x080: 'AVX-512 ZMM_Hi256'
Oct 04 10:01:56 baseweed-admin kernel: x86/fpu: Supporting XSAVE feature 0x200: 'Protection Keys User registers'
Oct 04 10:01:56 baseweed-admin kernel: x86/fpu: Supporting XSAVE feature 0x800: 'Control-flow User registers'
Oct 04 10:01:56 baseweed-admin kernel: x86/fpu: Supporting XSAVE feature 0x1000: 'Control-flow Kernel registers (KVM only)'
Oct 04 10:01:56 baseweed-admin kernel: x86/fpu: xstate_offset[2]:  576, xstate_sizes[2]:  256
Oct 04 10:01:56 baseweed-admin kernel: x86/fpu: xstate_offset[5]:  832, xstate_sizes[5]:   64
Oct 04 10:01:56 baseweed-admin kernel: x86/fpu: xstate_offset[6]:  896, xstate_sizes[6]:  512
Oct 04 10:01:56 baseweed-admin kernel: x86/fpu: xstate_offset[7]: 1408, xstate_sizes[7]: 1024
Oct 04 10:01:56 baseweed-admin kernel: x86/fpu: xstate_offset[9]: 2432, xstate_sizes[9]:    8
Oct 04 10:01:56 baseweed-admin kernel: x86/fpu: xstate_offset[11]: 2440, xstate_sizes[11]:   16
Oct 04 10:01:56 baseweed-admin kernel: x86/fpu: xstate_offset[12]: 2456, xstate_sizes[12]:   24
Oct 04 10:01:56 baseweed-admin kernel: x86/fpu: Enabled xstate features 0x1ae7, context size is 2480 bytes, using 'compacted' format.
Oct 04 10:01:56 baseweed-admin kernel: pid_max: default: 32768 minimum: 301
Oct 04 10:01:56 baseweed-admin kernel: landlock: Up and running.
Oct 04 10:01:56 baseweed-admin kernel: Yama: becoming mindful.
Oct 04 10:01:56 baseweed-admin kernel: SELinux:  Initializing.
Oct 04 10:01:56 baseweed-admin kernel: LSM support for eBPF active
Oct 04 10:01:56 baseweed-admin kernel: Mount-cache hash table entries: 8192 (order: 4, 65536 bytes, linear)
Oct 04 10:01:56 baseweed-admin kernel: Mountpoint-cache hash table entries: 8192 (order: 4, 65536 bytes, linear)
Oct 04 10:01:56 baseweed-admin kernel: VFS: Finished mounting rootfs on nullfs
Oct 04 10:01:56 baseweed-admin kernel: smpboot: CPU0: AMD RYZEN AI MAX+ PRO 395 w/ Radeon 8060S (family: 0x1a, model: 0x70, stepping: 0x0)
Oct 04 10:01:56 baseweed-admin kernel: Performance Events: Fam17h+ core perfctr, AMD PMU driver.
Oct 04 10:01:56 baseweed-admin kernel: ... version:                   2
Oct 04 10:01:56 baseweed-admin kernel: ... bit width:                 48
Oct 04 10:01:56 baseweed-admin kernel: ... generic counters:          6
Oct 04 10:01:56 baseweed-admin kernel: ... generic bitmap:            000000000000003f
Oct 04 10:01:56 baseweed-admin kernel: ... fixed-purpose counters:    0
Oct 04 10:01:56 baseweed-admin kernel: ... fixed-purpose bitmap:      0000000000000000
Oct 04 10:01:56 baseweed-admin kernel: ... value mask:                0000ffffffffffff
Oct 04 10:01:56 baseweed-admin kernel: ... max period:                00007fffffffffff
Oct 04 10:01:56 baseweed-admin kernel: ... global_ctrl mask:          000000000000003f
Oct 04 10:01:56 baseweed-admin kernel: signal: max sigframe size: 3376
Oct 04 10:01:56 baseweed-admin kernel: rcu: Hierarchical SRCU implementation.
Oct 04 10:01:56 baseweed-admin kernel: rcu:         Max phase no-delay instances is 400.
Oct 04 10:01:56 baseweed-admin kernel: Timer migration: 1 hierarchy levels; 8 children per group; 1 crossnode level
Oct 04 10:01:56 baseweed-admin kernel: smp: Bringing up secondary CPUs ...
Oct 04 10:01:56 baseweed-admin kernel: smpboot: x86: Booting SMP configuration:
Oct 04 10:01:56 baseweed-admin kernel: .... node  #0, CPUs:      #1 #2 #3
Oct 04 10:01:56 baseweed-admin kernel: smp: Brought up 1 node, 4 CPUs
Oct 04 10:01:56 baseweed-admin kernel: smpboot: Total of 4 processors activated (23955.00 BogoMIPS)
Oct 04 10:01:56 baseweed-admin kernel: node 0 deferred pages initialised in 16ms
Oct 04 10:01:56 baseweed-admin kernel: Memory: 3928384K/4193768K available (18797K kernel code, 3308K rwdata, 15668K rodata, 4768K init, 5744K bss, 258780K reserved, 0K cma-reserved)
Oct 04 10:01:56 baseweed-admin kernel: devtmpfs: initialized
Oct 04 10:01:56 baseweed-admin kernel: x86/mm: Memory block size: 128MB
Oct 04 10:01:56 baseweed-admin kernel: posixtimers hash table entries: 2048 (order: 3, 32768 bytes, linear)
Oct 04 10:01:56 baseweed-admin kernel: futex hash table entries: 1024 (65536 bytes on 1 NUMA nodes, total 64 KiB, linear).
Oct 04 10:01:56 baseweed-admin kernel: PM: RTC time: 10:01:55, date: 2026-10-04
Oct 04 10:01:56 baseweed-admin kernel: NET: Registered PF_NETLINK/PF_ROUTE protocol family
Oct 04 10:01:56 baseweed-admin kernel: DMA: preallocated 512 KiB GFP_KERNEL pool for atomic allocations
Oct 04 10:01:56 baseweed-admin kernel: DMA: preallocated 512 KiB GFP_KERNEL|GFP_DMA pool for atomic allocations
Oct 04 10:01:56 baseweed-admin kernel: DMA: preallocated 512 KiB GFP_KERNEL|GFP_DMA32 pool for atomic allocations
Oct 04 10:01:56 baseweed-admin kernel: audit: initializing netlink subsys (disabled)
Oct 04 10:01:56 baseweed-admin kernel: audit: type=2000 audit(1791108116.407:1): state=initialized audit_enabled=0 res=1
Oct 04 10:01:56 baseweed-admin kernel: thermal_sys: Registered thermal governor 'fair_share'
Oct 04 10:01:56 baseweed-admin kernel: thermal_sys: Registered thermal governor 'bang_bang'
Oct 04 10:01:56 baseweed-admin kernel: thermal_sys: Registered thermal governor 'step_wise'
Oct 04 10:01:56 baseweed-admin kernel: thermal_sys: Registered thermal governor 'user_space'
Oct 04 10:01:56 baseweed-admin kernel: cpuidle: using governor ladder
Oct 04 10:01:56 baseweed-admin kernel: cpuidle: using governor menu
Oct 04 10:01:56 baseweed-admin kernel: Freeing SMP alternatives memory: 48K
Oct 04 10:01:56 baseweed-admin kernel: acpiphp: ACPI Hot Plug PCI Controller Driver version: 0.5
Oct 04 10:01:56 baseweed-admin kernel: PCI: Using configuration type 1 for base access
Oct 04 10:01:56 baseweed-admin kernel: PCI: Using configuration type 1 for extended access
Oct 04 10:01:56 baseweed-admin kernel: kprobes: kprobe jump-optimization is enabled. All kprobes are optimized if possible.
Oct 04 10:01:56 baseweed-admin kernel: HugeTLB: registered 1.00 GiB page size, pre-allocated 0 pages
Oct 04 10:01:56 baseweed-admin kernel: HugeTLB: 16380 KiB vmemmap can be freed for a 1.00 GiB page
Oct 04 10:01:56 baseweed-admin kernel: HugeTLB: registered 2.00 MiB page size, pre-allocated 0 pages
Oct 04 10:01:56 baseweed-admin kernel: HugeTLB: 28 KiB vmemmap can be freed for a 2.00 MiB page
Oct 04 10:01:56 baseweed-admin kernel: ACPI: Added _OSI(Module Device)
Oct 04 10:01:56 baseweed-admin kernel: ACPI: Added _OSI(Processor Device)
Oct 04 10:01:56 baseweed-admin kernel: ACPI: Added _OSI(Processor Aggregator Device)
Oct 04 10:01:56 baseweed-admin kernel: ACPI: 1 ACPI AML tables successfully acquired and loaded
Oct 04 10:01:56 baseweed-admin kernel: ACPI: \_SB_: platform _OSC: OS support mask [006e7eff]
Oct 04 10:01:56 baseweed-admin kernel: ACPI: Interpreter enabled
Oct 04 10:01:56 baseweed-admin kernel: ACPI: PM: (supports S0 S3 S4 S5)
Oct 04 10:01:56 baseweed-admin kernel: ACPI: Using IOAPIC for interrupt routing
Oct 04 10:01:56 baseweed-admin kernel: PCI: Using host bridge windows from ACPI; if necessary, use "pci=nocrs" and report a bug
Oct 04 10:01:56 baseweed-admin kernel: PCI: Using E820 reservations for host bridge windows
Oct 04 10:01:56 baseweed-admin kernel: ACPI: Enabled 2 GPEs in block 00 to 0F
Oct 04 10:01:56 baseweed-admin kernel: ACPI: PCI Root Bridge [PCI0] (domain 0000 [bus 00-ff])
Oct 04 10:01:56 baseweed-admin kernel: acpiphp: Slot [2] registered
Oct 04 10:01:56 baseweed-admin kernel: acpiphp: Slot [3] registered
Oct 04 10:01:56 baseweed-admin kernel: acpiphp: Slot [4] registered
Oct 04 10:01:56 baseweed-admin kernel: acpiphp: Slot [5] registered
Oct 04 10:01:56 baseweed-admin kernel: acpiphp: Slot [6] registered
Oct 04 10:01:56 baseweed-admin kernel: acpiphp: Slot [7] registered
Oct 04 10:01:56 baseweed-admin kernel: acpiphp: Slot [8] registered
Oct 04 10:01:56 baseweed-admin kernel: acpiphp: Slot [9] registered
Oct 04 10:01:56 baseweed-admin kernel: acpiphp: Slot [10] registered
Oct 04 10:01:56 baseweed-admin kernel: acpiphp: Slot [11] registered
Oct 04 10:01:56 baseweed-admin kernel: acpiphp: Slot [12] registered
Oct 04 10:01:56 baseweed-admin kernel: acpiphp: Slot [13] registered
Oct 04 10:01:56 baseweed-admin kernel: acpiphp: Slot [14] registered
Oct 04 10:01:56 baseweed-admin kernel: acpiphp: Slot [15] registered
Oct 04 10:01:56 baseweed-admin kernel: acpiphp: Slot [17] registered
Oct 04 10:01:56 baseweed-admin kernel: acpiphp: Slot [18] registered
Oct 04 10:01:56 baseweed-admin kernel: acpiphp: Slot [19] registered
Oct 04 10:01:56 baseweed-admin kernel: acpiphp: Slot [20] registered
Oct 04 10:01:56 baseweed-admin kernel: acpiphp: Slot [21] registered
Oct 04 10:01:56 baseweed-admin kernel: acpiphp: Slot [22] registered
Oct 04 10:01:56 baseweed-admin kernel: acpiphp: Slot [23] registered
Oct 04 10:01:56 baseweed-admin kernel: acpiphp: Slot [24] registered
Oct 04 10:01:56 baseweed-admin kernel: acpiphp: Slot [25] registered
Oct 04 10:01:56 baseweed-admin kernel: acpiphp: Slot [26] registered
Oct 04 10:01:56 baseweed-admin kernel: acpiphp: Slot [27] registered
Oct 04 10:01:56 baseweed-admin kernel: acpiphp: Slot [28] registered
Oct 04 10:01:56 baseweed-admin kernel: acpiphp: Slot [29] registered
Oct 04 10:01:56 baseweed-admin kernel: acpiphp: Slot [30] registered
Oct 04 10:01:56 baseweed-admin kernel: acpiphp: Slot [31] registered
Oct 04 10:01:56 baseweed-admin kernel: PCI host bridge to bus 0000:00
Oct 04 10:01:56 baseweed-admin kernel: pci_bus 0000:00: root bus resource [io  0x0000-0x0cf7 window]
Oct 04 10:01:56 baseweed-admin kernel: pci_bus 0000:00: root bus resource [io  0x0d00-0xffff window]
Oct 04 10:01:56 baseweed-admin kernel: pci_bus 0000:00: root bus resource [mem 0x000a0000-0x000bffff window]
Oct 04 10:01:56 baseweed-admin kernel: pci_bus 0000:00: root bus resource [mem 0xc0000000-0xfebfffff window]
Oct 04 10:01:56 baseweed-admin kernel: pci_bus 0000:00: root bus resource [mem 0xe0000000000-0xe007fffffff window]
Oct 04 10:01:56 baseweed-admin kernel: pci_bus 0000:00: root bus resource [bus 00-ff]
Oct 04 10:01:56 baseweed-admin kernel: pci 0000:00:00.0: [8086:1237] type 00 class 0x060000 conventional PCI endpoint
Oct 04 10:01:56 baseweed-admin kernel: pci 0000:00:01.0: [8086:7000] type 00 class 0x060100 conventional PCI endpoint
Oct 04 10:01:56 baseweed-admin kernel: pci 0000:00:01.1: [8086:7010] type 00 class 0x010180 conventional PCI endpoint
Oct 04 10:01:56 baseweed-admin kernel: pci 0000:00:01.1: BAR 4 [io  0xc120-0xc12f]
Oct 04 10:01:56 baseweed-admin kernel: pci 0000:00:01.1: BAR 0 [io  0x01f0-0x01f7]: legacy IDE quirk
Oct 04 10:01:56 baseweed-admin kernel: pci 0000:00:01.1: BAR 1 [io  0x03f6]: legacy IDE quirk
Oct 04 10:01:56 baseweed-admin kernel: pci 0000:00:01.1: BAR 2 [io  0x0170-0x0177]: legacy IDE quirk
Oct 04 10:01:56 baseweed-admin kernel: pci 0000:00:01.1: BAR 3 [io  0x0376]: legacy IDE quirk
Oct 04 10:01:56 baseweed-admin kernel: pci 0000:00:01.3: [8086:7113] type 00 class 0x068000 conventional PCI endpoint
Oct 04 10:01:56 baseweed-admin kernel: pci 0000:00:01.3: quirk: [io  0x0600-0x063f] claimed by PIIX4 ACPI
Oct 04 10:01:56 baseweed-admin kernel: pci 0000:00:01.3: quirk: [io  0x0700-0x070f] claimed by PIIX4 SMB
Oct 04 10:01:56 baseweed-admin kernel: pci 0000:00:02.0: [1af4:1000] type 00 class 0x020000 conventional PCI endpoint
Oct 04 10:01:56 baseweed-admin kernel: pci 0000:00:02.0: BAR 0 [io  0xc100-0xc11f]
Oct 04 10:01:56 baseweed-admin kernel: pci 0000:00:02.0: BAR 1 [mem 0xfebc8000-0xfebc8fff]
Oct 04 10:01:56 baseweed-admin kernel: pci 0000:00:02.0: BAR 4 [mem 0xe0008000000-0xe0008003fff 64bit pref]
Oct 04 10:01:56 baseweed-admin kernel: pci 0000:00:02.0: ROM [mem 0xfeb80000-0xfebbffff pref]
Oct 04 10:01:56 baseweed-admin kernel: pci 0000:00:03.0: [8086:293e] type 00 class 0x040300 conventional PCI endpoint
Oct 04 10:01:56 baseweed-admin kernel: pci 0000:00:03.0: BAR 0 [mem 0xfebc0000-0xfebc3fff]
Oct 04 10:01:56 baseweed-admin kernel: pci 0000:00:04.0: [1b36:000d] type 00 class 0x0c0330 conventional PCI endpoint
Oct 04 10:01:56 baseweed-admin kernel: pci 0000:00:04.0: BAR 0 [mem 0xfebc4000-0xfebc7fff 64bit]
Oct 04 10:01:56 baseweed-admin kernel: pci 0000:00:05.0: [1af4:1003] type 00 class 0x078000 conventional PCI endpoint
Oct 04 10:01:56 baseweed-admin kernel: pci 0000:00:05.0: BAR 0 [io  0xc080-0xc0bf]
Oct 04 10:01:56 baseweed-admin kernel: pci 0000:00:05.0: BAR 1 [mem 0xfebc9000-0xfebc9fff]
Oct 04 10:01:56 baseweed-admin kernel: pci 0000:00:05.0: BAR 4 [mem 0xe0008004000-0xe0008007fff 64bit pref]
Oct 04 10:01:56 baseweed-admin kernel: pci 0000:00:06.0: [1af4:1001] type 00 class 0x010000 conventional PCI endpoint
Oct 04 10:01:56 baseweed-admin kernel: pci 0000:00:06.0: BAR 0 [io  0xc000-0xc07f]
Oct 04 10:01:56 baseweed-admin kernel: pci 0000:00:06.0: BAR 1 [mem 0xfebca000-0xfebcafff]
Oct 04 10:01:56 baseweed-admin kernel: pci 0000:00:06.0: BAR 4 [mem 0xe0008008000-0xe000800bfff 64bit pref]
Oct 04 10:01:56 baseweed-admin kernel: pci 0000:00:07.0: [1af4:1002] type 00 class 0x00ff00 conventional PCI endpoint
Oct 04 10:01:56 baseweed-admin kernel: pci 0000:00:07.0: BAR 0 [io  0xc0c0-0xc0ff]
Oct 04 10:01:56 baseweed-admin kernel: pci 0000:00:07.0: BAR 1 [mem 0xfebcb000-0xfebcbfff]
Oct 04 10:01:56 baseweed-admin kernel: pci 0000:00:07.0: BAR 4 [mem 0xe000800c000-0xe000800ffff 64bit pref]
Oct 04 10:01:56 baseweed-admin kernel: pci 0000:00:10.0: [1af4:1050] type 00 class 0x038000 conventional PCI endpoint
Oct 04 10:01:56 baseweed-admin kernel: pci 0000:00:10.0: BAR 1 [mem 0xfebcc000-0xfebccfff]
Oct 04 10:01:56 baseweed-admin kernel: pci 0000:00:10.0: BAR 2 [mem 0xe0008010000-0xe0008013fff 64bit pref]
Oct 04 10:01:56 baseweed-admin kernel: pci 0000:00:10.0: BAR 4 [mem 0xe0000000000-0xe0007ffffff 64bit pref]
Oct 04 10:01:56 baseweed-admin kernel: ACPI: PCI: Interrupt link LNKA configured for IRQ 10
Oct 04 10:01:56 baseweed-admin kernel: ACPI: PCI: Interrupt link LNKB configured for IRQ 10
Oct 04 10:01:56 baseweed-admin kernel: ACPI: PCI: Interrupt link LNKC configured for IRQ 11
Oct 04 10:01:56 baseweed-admin kernel: ACPI: PCI: Interrupt link LNKD configured for IRQ 11
Oct 04 10:01:56 baseweed-admin kernel: ACPI: PCI: Interrupt link LNKS configured for IRQ 9
Oct 04 10:01:56 baseweed-admin kernel: iommu: Default domain type: Passthrough
Oct 04 10:01:56 baseweed-admin kernel: pps_core: LinuxPPS API ver. 1 registered
Oct 04 10:01:56 baseweed-admin kernel: pps_core: Software ver. 5.3.6 - Copyright 2005-2007 Rodolfo Giometti <giometti@linux.it>
Oct 04 10:01:56 baseweed-admin kernel: PTP clock support registered
Oct 04 10:01:56 baseweed-admin kernel: EDAC MC: Ver: 3.0.0
Oct 04 10:01:56 baseweed-admin kernel: NetLabel: Initializing
Oct 04 10:01:56 baseweed-admin kernel: NetLabel:  domain hash size = 128
Oct 04 10:01:56 baseweed-admin kernel: NetLabel:  protocols = UNLABELED CIPSOv4 CALIPSO
Oct 04 10:01:56 baseweed-admin kernel: NetLabel:  unlabeled traffic allowed by default
Oct 04 10:01:56 baseweed-admin kernel: mctp: management component transport protocol core
Oct 04 10:01:56 baseweed-admin kernel: NET: Registered PF_MCTP protocol family
Oct 04 10:01:56 baseweed-admin kernel: PCI: Using ACPI for IRQ routing
Oct 04 10:01:56 baseweed-admin kernel: PCI: pci_cache_line_size set to 64 bytes
Oct 04 10:01:56 baseweed-admin kernel: e820: register RAM buffer resource [mem 0x0009fc00-0x0009ffff]
Oct 04 10:01:56 baseweed-admin kernel: e820: register RAM buffer resource [mem 0xbffdc000-0xbfffffff]
Oct 04 10:01:56 baseweed-admin kernel: vgaarb: loaded
Oct 04 10:01:56 baseweed-admin kernel: hpet0: at MMIO 0xfed00000, IRQs 2, 8, 0
Oct 04 10:01:56 baseweed-admin kernel: hpet0: 3 comparators, 64-bit 100.000000 MHz counter
Oct 04 10:01:56 baseweed-admin kernel: clocksource: Switched to clocksource kvm-clock
Oct 04 10:01:56 baseweed-admin kernel: VFS: Disk quotas dquot_6.6.0
Oct 04 10:01:56 baseweed-admin kernel: VFS: Dquot-cache hash table entries: 512 (4096 bytes)
Oct 04 10:01:56 baseweed-admin kernel: pnp: PnP ACPI init
Oct 04 10:01:56 baseweed-admin kernel: ACPI: IRQ 4 override to edge(!), high(!)
Oct 04 10:01:56 baseweed-admin kernel: pnp 00:03: [dma 2]
Oct 04 10:01:56 baseweed-admin kernel: pnp: PnP ACPI: found 4 devices
Oct 04 10:01:56 baseweed-admin kernel: clocksource: acpi_pm: mask: 0xffffff max_cycles: 0xffffff, max_idle_ns: 2085701024 ns
Oct 04 10:01:56 baseweed-admin kernel: NET: Registered PF_INET protocol family
Oct 04 10:01:56 baseweed-admin kernel: IP idents hash table entries: 65536 (order: 7, 524288 bytes, linear)
Oct 04 10:01:56 baseweed-admin kernel: tcp_listen_portaddr_hash hash table entries: 2048 (order: 3, 32768 bytes, linear)
Oct 04 10:01:56 baseweed-admin kernel: Table-perturb hash table entries: 65536 (order: 6, 262144 bytes, linear)
Oct 04 10:01:56 baseweed-admin kernel: TCP established hash table entries: 32768 (order: 6, 262144 bytes, linear)
Oct 04 10:01:56 baseweed-admin kernel: TCP bind hash table entries: 32768 (order: 8, 1048576 bytes, linear)
Oct 04 10:01:56 baseweed-admin kernel: TCP: Hash tables configured (established 32768 bind 32768)
Oct 04 10:01:56 baseweed-admin kernel: MPTCP token hash table entries: 4096 (order: 5, 98304 bytes, linear)
Oct 04 10:01:56 baseweed-admin kernel: UDP hash table entries: 2048 (order: 5, 131072 bytes, linear)
Oct 04 10:01:56 baseweed-admin kernel: NET: Registered PF_UNIX/PF_LOCAL protocol family
Oct 04 10:01:56 baseweed-admin kernel: NET: Registered PF_XDP protocol family
Oct 04 10:01:56 baseweed-admin kernel: pci_bus 0000:00: resource 4 [io  0x0000-0x0cf7 window]
Oct 04 10:01:56 baseweed-admin kernel: pci_bus 0000:00: resource 5 [io  0x0d00-0xffff window]
Oct 04 10:01:56 baseweed-admin kernel: pci_bus 0000:00: resource 6 [mem 0x000a0000-0x000bffff window]
Oct 04 10:01:56 baseweed-admin kernel: pci_bus 0000:00: resource 7 [mem 0xc0000000-0xfebfffff window]
Oct 04 10:01:56 baseweed-admin kernel: pci_bus 0000:00: resource 8 [mem 0xe0000000000-0xe007fffffff window]
Oct 04 10:01:56 baseweed-admin kernel: pci 0000:00:01.0: PIIX3: Enabling Passive Release
Oct 04 10:01:56 baseweed-admin kernel: pci 0000:00:00.0: Limiting direct PCI/PCI transfers
Oct 04 10:01:56 baseweed-admin kernel: ACPI: \_SB_.LNKD: Enabled at IRQ 11
Oct 04 10:01:56 baseweed-admin kernel: PCI: CLS 0 bytes, default 64
Oct 04 10:01:56 baseweed-admin kernel: Trying to unpack rootfs image as initramfs...
Oct 04 10:01:56 baseweed-admin kernel: PCI-DMA: Using software bounce buffering for IO (SWIOTLB)
Oct 04 10:01:56 baseweed-admin kernel: software IO TLB: mapped [mem 0x00000000bbfdc000-0x00000000bffdc000] (64MB)
Oct 04 10:01:56 baseweed-admin kernel: clocksource: tsc: mask: 0xffffffffffffffff max_cycles: 0x2b2984d0609, max_idle_ns: 440795359805 ns
Oct 04 10:01:56 baseweed-admin kernel: clocksource: Switched to clocksource tsc
Oct 04 10:01:56 baseweed-admin kernel: Initialise system trusted keyrings
Oct 04 10:01:56 baseweed-admin kernel: Key type blacklist registered
Oct 04 10:01:56 baseweed-admin kernel: workingset: timestamp_bits=36 (anon: 31) max_order=20 bucket_order=0 (anon: 0)
Oct 04 10:01:56 baseweed-admin kernel: integrity: Platform Keyring initialized
Oct 04 10:01:56 baseweed-admin kernel: integrity: Machine keyring initialized
Oct 04 10:01:56 baseweed-admin kernel: Allocating IMA blacklist keyring.
Oct 04 10:01:56 baseweed-admin kernel: Key type asymmetric registered
Oct 04 10:01:56 baseweed-admin kernel: Asymmetric key parser 'x509' registered
Oct 04 10:01:56 baseweed-admin kernel: Block layer SCSI generic (bsg) driver version 0.4 loaded (major 245)
Oct 04 10:01:56 baseweed-admin kernel: io scheduler mq-deadline registered
Oct 04 10:01:56 baseweed-admin kernel: io scheduler kyber registered
Oct 04 10:01:56 baseweed-admin kernel: io scheduler bfq registered
Oct 04 10:01:56 baseweed-admin kernel: ledtrig-cpu: registered to indicate activity on CPUs
Oct 04 10:01:56 baseweed-admin kernel: ACPI: \_SB_.LNKB: Enabled at IRQ 10
Oct 04 10:01:56 baseweed-admin kernel: ACPI: \_SB_.LNKA: Enabled at IRQ 10
Oct 04 10:01:56 baseweed-admin kernel: ACPI: \_SB_.LNKC: Enabled at IRQ 11
Oct 04 10:01:56 baseweed-admin kernel: Serial: 8250/16550 driver, 32 ports, IRQ sharing enabled
Oct 04 10:01:56 baseweed-admin kernel: 00:00: ttyS0 at I/O 0x3f8 (irq = 4, base_baud = 115200) is a 16550A
Oct 04 10:01:56 baseweed-admin kernel: Non-volatile memory driver v1.3
Oct 04 10:01:56 baseweed-admin kernel: ACPI: bus type drm_connector registered
Oct 04 10:01:56 baseweed-admin kernel: i8042: PNP: PS/2 Controller [PNP0303:KBD,PNP0f13:MOU] at 0x60,0x64 irq 1,12
Oct 04 10:01:56 baseweed-admin kernel: serio: i8042 KBD port at 0x60,0x64 irq 1
Oct 04 10:01:56 baseweed-admin kernel: serio: i8042 AUX port at 0x60,0x64 irq 12
Oct 04 10:01:56 baseweed-admin kernel: mousedev: PS/2 mouse device common for all mice
Oct 04 10:01:56 baseweed-admin kernel: input: AT Translated Set 2 keyboard as /devices/platform/i8042/serio0/input/input0
Oct 04 10:01:56 baseweed-admin kernel: rtc_cmos PNP0B00:00: RTC can wake from S4
Oct 04 10:01:56 baseweed-admin kernel: rtc_cmos PNP0B00:00: registered as rtc0
Oct 04 10:01:56 baseweed-admin kernel: rtc_cmos PNP0B00:00: setting system clock to 2026-10-04T10:01:55 UTC (1791108115)
Oct 04 10:01:56 baseweed-admin kernel: rtc_cmos PNP0B00:00: alarms up to one day, y3k, 242 bytes nvram, hpet irqs
Oct 04 10:01:56 baseweed-admin kernel: hid: raw HID events driver (C) Jiri Kosina
Oct 04 10:01:56 baseweed-admin kernel: drop_monitor: Initializing network drop monitor service
Oct 04 10:01:56 baseweed-admin kernel: NET: Registered PF_INET6 protocol family
Oct 04 10:01:56 baseweed-admin kernel: Segment Routing with IPv6
Oct 04 10:01:56 baseweed-admin kernel: RPL Segment Routing with IPv6
Oct 04 10:01:56 baseweed-admin kernel: In-situ OAM (IOAM) with IPv6
Oct 04 10:01:56 baseweed-admin kernel: IPI shorthand broadcast: enabled
Oct 04 10:01:56 baseweed-admin kernel: input: VirtualPS/2 VMware VMMouse as /devices/platform/i8042/serio1/input/input3
Oct 04 10:01:56 baseweed-admin kernel: input: VirtualPS/2 VMware VMMouse as /devices/platform/i8042/serio1/input/input2
Oct 04 10:01:56 baseweed-admin kernel: sched_clock: Marking stable (1014002791, 3631162)->(1126353638, -108719685)
Oct 04 10:01:56 baseweed-admin kernel: registered taskstats version 1
Oct 04 10:01:56 baseweed-admin kernel: Loading compiled-in X.509 certificates
Oct 04 10:01:56 baseweed-admin kernel: Loaded X.509 cert 'openSUSE Secure Boot Signkey: da89dc82efa50f451409029d285397e520ec4a61'
Oct 04 10:01:56 baseweed-admin kernel: Demotion targets for Node 0: null
Oct 04 10:01:56 baseweed-admin kernel: page_owner is disabled
Oct 04 10:01:56 baseweed-admin kernel: Key type .fscrypt registered
Oct 04 10:01:56 baseweed-admin kernel: Key type fscrypt-provisioning registered
Oct 04 10:01:56 baseweed-admin kernel: Key type big_key registered
Oct 04 10:01:56 baseweed-admin kernel: Freeing initrd memory: 63108K
Oct 04 10:01:56 baseweed-admin kernel: Key type encrypted registered
Oct 04 10:01:56 baseweed-admin kernel: ima: No TPM chip found, activating TPM-bypass!
Oct 04 10:01:56 baseweed-admin kernel: Loading compiled-in module X.509 certificates
Oct 04 10:01:56 baseweed-admin kernel: Loaded X.509 cert 'openSUSE Secure Boot Signkey: da89dc82efa50f451409029d285397e520ec4a61'
Oct 04 10:01:56 baseweed-admin kernel: ima: Allocated hash algorithm: sha256
Oct 04 10:01:56 baseweed-admin kernel: ima: No architecture policies found
Oct 04 10:01:56 baseweed-admin kernel: evm: Initialising EVM extended attributes:
Oct 04 10:01:56 baseweed-admin kernel: evm: security.selinux
Oct 04 10:01:56 baseweed-admin kernel: evm: security.SMACK64 (disabled)
Oct 04 10:01:56 baseweed-admin kernel: evm: security.SMACK64EXEC (disabled)
Oct 04 10:01:56 baseweed-admin kernel: evm: security.SMACK64TRANSMUTE (disabled)
Oct 04 10:01:56 baseweed-admin kernel: evm: security.SMACK64MMAP (disabled)
Oct 04 10:01:56 baseweed-admin kernel: evm: security.apparmor
Oct 04 10:01:56 baseweed-admin kernel: evm: security.ima
Oct 04 10:01:56 baseweed-admin kernel: evm: security.capability
Oct 04 10:01:56 baseweed-admin kernel: evm: HMAC attrs: 0x1
Oct 04 10:01:56 baseweed-admin kernel: PM:   Magic number: 14:345:21
Oct 04 10:01:56 baseweed-admin kernel: RAS: Correctable Errors collector initialized.
Oct 04 10:01:56 baseweed-admin kernel: clk: Disabling unused clocks
Oct 04 10:01:56 baseweed-admin kernel: PM: genpd: Disabling unused power domains
Oct 04 10:01:56 baseweed-admin kernel: Freeing unused decrypted memory: 2028K
Oct 04 10:01:56 baseweed-admin kernel: Freeing unused kernel image (initmem) memory: 4768K
Oct 04 10:01:56 baseweed-admin kernel: Write protecting the kernel read-only data: 36864k
Oct 04 10:01:56 baseweed-admin kernel: Freeing unused kernel image (text/rodata gap) memory: 1680K
Oct 04 10:01:56 baseweed-admin kernel: Freeing unused kernel image (rodata/data gap) memory: 716K
Oct 04 10:01:56 baseweed-admin kernel: x86/mm: Checked W+X mappings: passed, no W+X pages found.
Oct 04 10:01:56 baseweed-admin kernel: Run /init as init process
Oct 04 10:01:56 baseweed-admin kernel:   with arguments:
Oct 04 10:01:56 baseweed-admin kernel:     /init
Oct 04 10:01:56 baseweed-admin kernel:   with environment:
Oct 04 10:01:56 baseweed-admin kernel:     HOME=/
Oct 04 10:01:56 baseweed-admin kernel:     TERM=linux
Oct 04 10:01:56 baseweed-admin kernel: fuse: init (API version 7.45)
Oct 04 10:01:56 baseweed-admin systemd[1]: Successfully made /usr/ read-only.
Oct 04 10:01:56 baseweed-admin systemd[1]: systemd 261.2 running in system mode (+PAM +AUDIT +SELINUX +APPARMOR +IMA +IPE -SMACK +SECCOMP +GCRYPT +GNUTLS +OPENSSL +ACL +BLKID +CURL +ELFUTILS +FIDO2 +IDN2 +KMOD +LIBCRYPTSETUP +LIBCRYPTSETUP_PLUGINS +LIBFDISK +PCRE2 +PWQUALITY +P11KIT +QRENCODE +TPM2 +BZIP2 +LZ4 +XZ +ZLIB +ZSTD +BPF_FRAMEWORK +BTF -XKBCOMMON -UTMP +LIBARCHIVE)
Oct 04 10:01:56 baseweed-admin systemd[1]: Detected virtualization kvm.
Oct 04 10:01:56 baseweed-admin systemd[1]: Detected architecture x86-64.
Oct 04 10:01:56 baseweed-admin systemd[1]: Running in initrd.
Oct 04 10:01:56 baseweed-admin systemd[1]: Initializing machine ID from SMBIOS/DMI UUID.
Oct 04 10:01:56 baseweed-admin systemd[1]: Hostname set to <baseweed-admin>.
Oct 04 10:01:56 baseweed-admin systemd[1]: bpf-restrict-fs: LSM BPF program attached
Oct 04 10:01:56 baseweed-admin systemd[1]: Queued start job for default target Initrd Default Target.
Oct 04 10:01:56 baseweed-admin systemd[1]: Started Dispatch Password Requests to Console Directory Watch.
Oct 04 10:01:56 baseweed-admin systemd[1]: Expecting device /dev/disk/by-uuid/1df5576d-c0e8-4d58-8321-036cc145665a...
Oct 04 10:01:56 baseweed-admin systemd[1]: Expecting device /dev/disk/by-uuid/851C-222C...
Oct 04 10:01:56 baseweed-admin systemd[1]: Reached target Initrd /usr File System.
Oct 04 10:01:56 baseweed-admin systemd[1]: Reached target Path Units.
Oct 04 10:01:56 baseweed-admin systemd[1]: Reached target Slice Units.
Oct 04 10:01:56 baseweed-admin systemd[1]: Reached target Swaps.
Oct 04 10:01:56 baseweed-admin systemd[1]: Reached target Timer Units.
Oct 04 10:01:56 baseweed-admin systemd[1]: Listening on D-Bus System Message Bus Socket.
Oct 04 10:01:56 baseweed-admin systemd[1]: Listening on Journal Socket (/dev/log).
Oct 04 10:01:56 baseweed-admin systemd[1]: Listening on Journal Sockets.
Oct 04 10:01:56 baseweed-admin systemd[1]: Listening on udev Control Socket.
Oct 04 10:01:56 baseweed-admin systemd[1]: Listening on udev Kernel Socket.
Oct 04 10:01:56 baseweed-admin systemd[1]: Listening on udev Varlink Socket.
Oct 04 10:01:56 baseweed-admin systemd[1]: Reached target Socket Units.
Oct 04 10:01:56 baseweed-admin systemd[1]: Starting Create List of Static Device Nodes...
Oct 04 10:01:56 baseweed-admin systemd[1]: Early Battery Level Check skipped, unmet condition check ConditionDirectoryNotEmpty=/sys/class/power_supply
Oct 04 10:01:56 baseweed-admin systemd[1]: Starting Journal Service...
Oct 04 10:01:56 baseweed-admin systemd[1]: Starting Load Kernel Modules...
Oct 04 10:01:56 baseweed-admin systemd[1]: Starting Virtual Console Setup...
Oct 04 10:01:56 baseweed-admin systemd[1]: Finished Create List of Static Device Nodes.
Oct 04 10:01:56 baseweed-admin systemd[1]: Starting Create Static Device Nodes in /dev gracefully...
Oct 04 10:01:56 baseweed-admin systemd-journald[180]: Collecting audit messages is disabled.
Oct 04 10:01:56 baseweed-admin systemd-journald[180]: Journal started
Oct 04 10:01:56 baseweed-admin systemd-journald[180]: Runtime Journal (/run/log/journal/8201598b26284ccc8bfe77d1b6de45d3) is 8M, max 78.2M, 70.2M free.
Oct 04 10:01:56 baseweed-admin systemd-modules-load[181]: Using 2 probe threads
Oct 04 10:01:56 baseweed-admin systemd[1]: Finished Create Static Device Nodes in /dev gracefully.
Oct 04 10:01:56 baseweed-admin systemd[1]: Started Journal Service.
Oct 04 10:01:56 baseweed-admin systemd[1]: Starting Create System Users...
Oct 04 10:01:56 baseweed-admin systemd[1]: Finished Virtual Console Setup.
Oct 04 10:01:56 baseweed-admin systemd[1]: Starting dracut ask for additional cmdline parameters...
Oct 04 10:01:56 baseweed-admin systemd-modules-load[181]: Inserted module 'nf_tables'
Oct 04 10:01:56 baseweed-admin kernel: bridge: filtering via arp/ip/ip6tables is no longer available by default. Update your scripts to load br_netfilter if you need this.
Oct 04 10:01:56 baseweed-admin systemd-modules-load[181]: Inserted module 'br_netfilter'
Oct 04 10:01:56 baseweed-admin kernel: Bridge firewalling registered
Oct 04 10:01:56 baseweed-admin systemd[1]: Finished Load Kernel Modules.
Oct 04 10:01:56 baseweed-admin systemd[1]: Starting Apply Kernel Variables...
Oct 04 10:01:56 baseweed-admin systemd-sysusers[190]: Creating group 'systemd-journal' with GID 499.
Oct 04 10:01:56 baseweed-admin systemd-sysusers[190]: Creating group 'messagebus' with GID 498.
Oct 04 10:01:56 baseweed-admin systemd-sysusers[190]: Creating user 'messagebus' (User for D-Bus) with UID 498 and GID 498.
Oct 04 10:01:56 baseweed-admin systemd[1]: Finished Create System Users.
Oct 04 10:01:56 baseweed-admin systemd[1]: Starting Create Static Device Nodes in /dev...
Oct 04 10:01:56 baseweed-admin systemd[1]: Starting Create System Files and Directories...
Oct 04 10:01:56 baseweed-admin systemd[1]: Finished Apply Kernel Variables.
Oct 04 10:01:56 baseweed-admin systemd[1]: Finished dracut ask for additional cmdline parameters.
Oct 04 10:01:56 baseweed-admin systemd[1]: Starting dracut cmdline hook...
Oct 04 10:01:56 baseweed-admin systemd-tmpfiles[199]: /usr/lib/tmpfiles.d/systemd.conf:29: Duplicate line for path "/var/lib/systemd", ignoring.
Oct 04 10:01:56 baseweed-admin systemd[1]: Finished Create System Files and Directories.
Oct 04 10:01:56 baseweed-admin systemd[1]: Finished Create Static Device Nodes in /dev.
Oct 04 10:01:56 baseweed-admin systemd[1]: Reached target Preparation for Local File Systems.
Oct 04 10:01:56 baseweed-admin systemd[1]: Reached target Local File Systems.
Oct 04 10:01:56 baseweed-admin dracut-cmdline[211]: dracut-112+suse.53.g97cbf62-1
Oct 04 10:01:56 baseweed-admin dracut-cmdline[211]: Using kernel command line parameters:  root=UUID=1df5576d-c0e8-4d58-8321-036cc145665a rootfstype=xfs rootflags=rw,relatime,inode64,logbufs=8,logbsize=32k,noquota   BOOT_IMAGE=/boot/vmlinuz-7.2.8-1-default root=UUID=1df5576d-c0e8-4d58-8321-036cc145665a rw quiet systemd.show_status=1 console=ttyS0,115200 console=tty0 security=selinux selinux=1
Oct 04 10:01:56 baseweed-admin systemd[1]: Finished dracut cmdline hook.
Oct 04 10:01:56 baseweed-admin systemd[1]: Starting dracut pre-udev hook...
Oct 04 10:01:56 baseweed-admin systemd[1]: Finished dracut pre-udev hook.
Oct 04 10:01:57 baseweed-admin systemd[1]: Starting Rule-based Manager for Device Events and Files...
Oct 04 10:01:57 baseweed-admin systemd-udevd[316]: Using default interface naming scheme 'v261'.
Oct 04 10:01:57 baseweed-admin systemd[1]: Started Rule-based Manager for Device Events and Files.
Oct 04 10:01:57 baseweed-admin systemd[1]: dracut pre-trigger hook skipped, no trigger condition checks were met.
Oct 04 10:01:57 baseweed-admin systemd[1]: Starting Coldplug All udev Devices...
Oct 04 10:01:57 baseweed-admin systemd[1]: Finished Coldplug All udev Devices.
Oct 04 10:01:57 baseweed-admin systemd[1]: Reached target System Initialization.
Oct 04 10:01:57 baseweed-admin systemd[1]: Reached target Basic System.
Oct 04 10:01:57 baseweed-admin systemd[1]: Created slice Slice /system/modprobe.
Oct 04 10:01:57 baseweed-admin systemd[1]: Load Kernel Module configfs skipped, unmet condition check ConditionKernelModuleLoaded=!configfs
Oct 04 10:01:57 baseweed-admin kernel: virtio_blk virtio2: 4/0/0 default/read/poll queues
Oct 04 10:01:57 baseweed-admin kernel: virtio_blk virtio2: [vda] 52428800 512-byte logical blocks (26.8 GB/25.0 GiB)
Oct 04 10:01:57 baseweed-admin kernel:  vda: vda1 vda2 vda3
Oct 04 10:01:57 baseweed-admin kernel: SCSI subsystem initialized
Oct 04 10:01:57 baseweed-admin kernel: ACPI: bus type USB registered
Oct 04 10:01:57 baseweed-admin kernel: usbcore: registered new interface driver usbfs
Oct 04 10:01:57 baseweed-admin kernel: usbcore: registered new interface driver hub
Oct 04 10:01:57 baseweed-admin kernel: usbcore: registered new device driver usb
Oct 04 10:01:57 baseweed-admin systemd[1]: systemd-vconsole-setup.service: Deactivated successfully.
Oct 04 10:01:57 baseweed-admin systemd[1]: Stopped Virtual Console Setup.
Oct 04 10:01:57 baseweed-admin systemd[1]: Stopping Virtual Console Setup...
Oct 04 10:01:57 baseweed-admin systemd[1]: Starting Virtual Console Setup...
Oct 04 10:01:57 baseweed-admin kernel: virtio_net virtio0 ens2: renamed from eth0
Oct 04 10:01:57 baseweed-admin kernel: xhci_hcd 0000:00:04.0: xHCI Host Controller
Oct 04 10:01:57 baseweed-admin kernel: xhci_hcd 0000:00:04.0: new USB bus registered, assigned bus number 1
Oct 04 10:01:57 baseweed-admin kernel: xhci_hcd 0000:00:04.0: hcc params 0x00087001 hci version 0x100 quirks 0x0000000000000010
Oct 04 10:01:57 baseweed-admin kernel: xhci_hcd 0000:00:04.0: xHCI Host Controller
Oct 04 10:01:57 baseweed-admin kernel: xhci_hcd 0000:00:04.0: new USB bus registered, assigned bus number 2
Oct 04 10:01:57 baseweed-admin kernel: xhci_hcd 0000:00:04.0: Host supports USB 3.0 SuperSpeed
Oct 04 10:01:57 baseweed-admin kernel: usb usb1: New USB device found, idVendor=1d6b, idProduct=0002, bcdDevice= 7.02
Oct 04 10:01:57 baseweed-admin kernel: usb usb1: New USB device strings: Mfr=3, Product=2, SerialNumber=1
Oct 04 10:01:57 baseweed-admin kernel: usb usb1: Product: xHCI Host Controller
Oct 04 10:01:57 baseweed-admin kernel: usb usb1: Manufacturer: Linux 7.2.8-1-default xhci-hcd
Oct 04 10:01:57 baseweed-admin kernel: usb usb1: SerialNumber: 0000:00:04.0
Oct 04 10:01:57 baseweed-admin kernel: hub 1-0:1.0: USB hub found
Oct 04 10:01:57 baseweed-admin kernel: hub 1-0:1.0: 15 ports detected
Oct 04 10:01:57 baseweed-admin kernel: usb usb2: We don't know the algorithms for LPM for this host, disabling LPM.
Oct 04 10:01:57 baseweed-admin kernel: usb usb2: New USB device found, idVendor=1d6b, idProduct=0003, bcdDevice= 7.02
Oct 04 10:01:57 baseweed-admin kernel: usb usb2: New USB device strings: Mfr=3, Product=2, SerialNumber=1
Oct 04 10:01:57 baseweed-admin kernel: usb usb2: Product: xHCI Host Controller
Oct 04 10:01:57 baseweed-admin kernel: usb usb2: Manufacturer: Linux 7.2.8-1-default xhci-hcd
Oct 04 10:01:57 baseweed-admin kernel: usb usb2: SerialNumber: 0000:00:04.0
Oct 04 10:01:57 baseweed-admin kernel: hub 2-0:1.0: USB hub found
Oct 04 10:01:57 baseweed-admin kernel: hub 2-0:1.0: 15 ports detected
Oct 04 10:01:57 baseweed-admin kernel: libata version 3.00 loaded.
Oct 04 10:01:57 baseweed-admin systemd[1]: Found device /dev/disk/by-uuid/851C-222C.
Oct 04 10:01:57 baseweed-admin systemd[1]: Found device /dev/disk/by-uuid/1df5576d-c0e8-4d58-8321-036cc145665a.
Oct 04 10:01:57 baseweed-admin systemd[1]: Reached target Initrd Root Device.
Oct 04 10:01:57 baseweed-admin kernel: scsi host0: ata_piix
Oct 04 10:01:57 baseweed-admin kernel: scsi host1: ata_piix
Oct 04 10:01:57 baseweed-admin kernel: ata1: PATA max MWDMA2 cmd 0x1f0 ctl 0x3f6 bmdma 0xc120 irq 14 lpm-pol 0
Oct 04 10:01:57 baseweed-admin systemd[1]: Starting Detect Firstboot...
Oct 04 10:01:57 baseweed-admin kernel: ata2: PATA max MWDMA2 cmd 0x170 ctl 0x376 bmdma 0xc128 irq 15 lpm-pol 0
Oct 04 10:01:57 baseweed-admin systemd[1]: Finished Virtual Console Setup.
Oct 04 10:01:57 baseweed-admin kernel: usb 1-1: new high-speed USB device number 2 using xhci_hcd
Oct 04 10:01:57 baseweed-admin kernel: SGI XFS with ACLs, security attributes, realtime, quota, no debug enabled
Oct 04 10:01:57 baseweed-admin kernel: XFS (vda3): Mounting V5 Filesystem 1df5576d-c0e8-4d58-8321-036cc145665a
Oct 04 10:01:57 baseweed-admin kernel: XFS (vda3): Ending clean mount
Oct 04 10:01:57 baseweed-admin kernel: XFS (vda3): Unmounting Filesystem 1df5576d-c0e8-4d58-8321-036cc145665a
Oct 04 10:01:57 baseweed-admin systemd[1]: firstboot-detect.service: Deactivated successfully.
Oct 04 10:01:57 baseweed-admin systemd[1]: Finished Detect Firstboot.
Oct 04 10:01:57 baseweed-admin systemd[1]: nm-initrd.service skipped, unmet condition check ConditionPathExists=/run/NetworkManager/initrd/neednet
Oct 04 10:01:57 baseweed-admin systemd[1]: Reached target Network.
Oct 04 10:01:57 baseweed-admin systemd[1]: nm-wait-online-initrd.service skipped, unmet condition check ConditionPathExists=/run/NetworkManager/initrd/neednet
Oct 04 10:01:57 baseweed-admin systemd[1]: Starting dracut initqueue hook...
Oct 04 10:01:57 baseweed-admin systemd[1]: Finished dracut initqueue hook.
Oct 04 10:01:57 baseweed-admin systemd[1]: Reached target Preparation for Remote File Systems.
Oct 04 10:01:57 baseweed-admin systemd[1]: Reached target Remote File Systems.
Oct 04 10:01:57 baseweed-admin systemd[1]: Starting dracut pre-mount hook...
Oct 04 10:01:57 baseweed-admin kernel: usb 1-1: New USB device found, idVendor=0627, idProduct=0001, bcdDevice= 0.00
Oct 04 10:01:57 baseweed-admin kernel: usb 1-1: New USB device strings: Mfr=1, Product=3, SerialNumber=10
Oct 04 10:01:57 baseweed-admin kernel: usb 1-1: Product: QEMU USB Tablet
Oct 04 10:01:57 baseweed-admin kernel: usb 1-1: Manufacturer: QEMU
Oct 04 10:01:57 baseweed-admin kernel: usb 1-1: SerialNumber: 28754-0000:00:04.0-1
Oct 04 10:01:57 baseweed-admin systemd[1]: Finished dracut pre-mount hook.
Oct 04 10:01:57 baseweed-admin kernel: usbcore: registered new interface driver usbhid
Oct 04 10:01:57 baseweed-admin kernel: usbhid: USB HID core driver
Oct 04 10:01:57 baseweed-admin systemd[1]: Starting File System Check on /dev/disk/by-uuid/1df5576d-c0e8-4d58-8321-036cc145665a...
Oct 04 10:01:57 baseweed-admin kernel: input: QEMU QEMU USB Tablet as /devices/pci0000:00/0000:00:04.0/usb1/1-1/1-1:1.0/0003:0627:0001.0001/input/input4
Oct 04 10:01:57 baseweed-admin kernel: hid-generic 0003:0627:0001.0001: input,hidraw0: USB HID v0.01 Mouse [QEMU QEMU USB Tablet] on usb-0000:00:04.0-1/input0
Oct 04 10:01:57 baseweed-admin systemd-fsck[428]: /usr/sbin/fsck.xfs: XFS file system.
Oct 04 10:01:57 baseweed-admin systemd[1]: Finished File System Check on /dev/disk/by-uuid/1df5576d-c0e8-4d58-8321-036cc145665a.
Oct 04 10:01:57 baseweed-admin systemd[1]: Mounting Kernel Configuration File System...
Oct 04 10:01:57 baseweed-admin systemd[1]: Mounting /sysroot...
Oct 04 10:01:57 baseweed-admin systemd[1]: Mounted Kernel Configuration File System.
Oct 04 10:01:57 baseweed-admin kernel: XFS (vda3): Mounting V5 Filesystem 1df5576d-c0e8-4d58-8321-036cc145665a
Oct 04 10:01:57 baseweed-admin kernel: XFS (vda3): Ending clean mount
Oct 04 10:01:57 baseweed-admin systemd[1]: Mounted /sysroot.
Oct 04 10:01:57 baseweed-admin systemd[1]: Reached target Initrd Root File System.
Oct 04 10:01:57 baseweed-admin systemd[1]: Starting Mountpoints Configured in the Real Root...
Oct 04 10:01:57 baseweed-admin systemd[1]: initrd-parse-etc.service: Deactivated successfully.
Oct 04 10:01:57 baseweed-admin systemd[1]: Finished Mountpoints Configured in the Real Root.
Oct 04 10:01:57 baseweed-admin systemd[1]: initrd-parse-etc.service: Triggering OnSuccess= dependencies.
Oct 04 10:01:57 baseweed-admin systemd[1]: Reached target Initrd File Systems.
Oct 04 10:01:57 baseweed-admin systemd[1]: Reached target Initrd Default Target.
Oct 04 10:01:57 baseweed-admin systemd[1]: dracut mount hook skipped, no trigger condition checks were met.
Oct 04 10:01:57 baseweed-admin systemd[1]: Starting dracut pre-pivot and cleanup hook...
Oct 04 10:01:57 baseweed-admin systemd[1]: Finished dracut pre-pivot and cleanup hook.
Oct 04 10:01:57 baseweed-admin systemd[1]: Starting Cleaning Up and Shutting Down Daemons...
Oct 04 10:01:57 baseweed-admin systemd[1]: Stopped target Network.
Oct 04 10:01:57 baseweed-admin systemd[1]: Stopped target Timer Units.
Oct 04 10:01:57 baseweed-admin systemd[1]: dracut-pre-pivot.service: Deactivated successfully.
Oct 04 10:01:57 baseweed-admin systemd[1]: Stopped dracut pre-pivot and cleanup hook.
Oct 04 10:01:57 baseweed-admin systemd[1]: Stopped target Initrd Default Target.
Oct 04 10:01:57 baseweed-admin systemd[1]: Stopped target Initrd Root Device.
Oct 04 10:01:57 baseweed-admin systemd[1]: Stopped target Initrd /usr File System.
Oct 04 10:01:57 baseweed-admin systemd[1]: Stopped target Remote File Systems.
Oct 04 10:01:57 baseweed-admin systemd[1]: Stopped target Preparation for Remote File Systems.
Oct 04 10:01:57 baseweed-admin systemd[1]: dracut-pre-mount.service: Deactivated successfully.
Oct 04 10:01:57 baseweed-admin systemd[1]: Stopped dracut pre-mount hook.
Oct 04 10:01:57 baseweed-admin systemd[1]: Stopped target Basic System.
Oct 04 10:01:57 baseweed-admin systemd[1]: Stopped target Path Units.
Oct 04 10:01:57 baseweed-admin systemd[1]: systemd-ask-password-console.path: Deactivated successfully.
Oct 04 10:01:57 baseweed-admin systemd[1]: Stopped Dispatch Password Requests to Console Directory Watch.
Oct 04 10:01:57 baseweed-admin systemd[1]: Stopped target Slice Units.
Oct 04 10:01:57 baseweed-admin systemd[1]: Stopped target Socket Units.
Oct 04 10:01:57 baseweed-admin systemd[1]: Stopped target System Initialization.
Oct 04 10:01:57 baseweed-admin systemd[1]: Stopped target Local File Systems.
Oct 04 10:01:57 baseweed-admin systemd[1]: Stopped target Preparation for Local File Systems.
Oct 04 10:01:57 baseweed-admin systemd[1]: Stopped target Swaps.
Oct 04 10:01:57 baseweed-admin systemd[1]: dbus.socket: Deactivated successfully.
Oct 04 10:01:57 baseweed-admin systemd[1]: Closed D-Bus System Message Bus Socket.
Oct 04 10:01:57 baseweed-admin systemd[1]: dracut-initqueue.service: Deactivated successfully.
Oct 04 10:01:57 baseweed-admin systemd[1]: Stopped dracut initqueue hook.
Oct 04 10:01:57 baseweed-admin systemd[1]: systemd-sysctl.service: Deactivated successfully.
Oct 04 10:01:57 baseweed-admin systemd[1]: Stopped Apply Kernel Variables.
Oct 04 10:01:57 baseweed-admin systemd[1]: systemd-modules-load.service: Deactivated successfully.
Oct 04 10:01:57 baseweed-admin systemd[1]: Stopped Load Kernel Modules.
Oct 04 10:01:57 baseweed-admin systemd[1]: systemd-tmpfiles-setup.service: Deactivated successfully.
Oct 04 10:01:57 baseweed-admin systemd[1]: Stopped Create System Files and Directories.
Oct 04 10:01:57 baseweed-admin systemd[1]: systemd-udev-trigger.service: Deactivated successfully.
Oct 04 10:01:57 baseweed-admin systemd[1]: Stopped Coldplug All udev Devices.
Oct 04 10:01:57 baseweed-admin systemd[1]: Stopping Rule-based Manager for Device Events and Files...
Oct 04 10:01:57 baseweed-admin systemd[1]: initrd-cleanup.service: Deactivated successfully.
Oct 04 10:01:57 baseweed-admin systemd[1]: Finished Cleaning Up and Shutting Down Daemons.
Oct 04 10:01:57 baseweed-admin systemd[1]: systemd-udevd.service: Deactivated successfully.
Oct 04 10:01:57 baseweed-admin systemd[1]: Stopped Rule-based Manager for Device Events and Files.
Oct 04 10:01:57 baseweed-admin systemd[1]: systemd-udevd-control.socket: Deactivated successfully.
Oct 04 10:01:57 baseweed-admin systemd[1]: Closed udev Control Socket.
Oct 04 10:01:57 baseweed-admin systemd[1]: systemd-udevd-varlink.socket: Deactivated successfully.
Oct 04 10:01:57 baseweed-admin systemd[1]: Closed udev Varlink Socket.
Oct 04 10:01:57 baseweed-admin systemd[1]: dracut-pre-udev.service: Deactivated successfully.
Oct 04 10:01:57 baseweed-admin systemd[1]: Stopped dracut pre-udev hook.
Oct 04 10:01:57 baseweed-admin systemd[1]: dracut-cmdline.service: Deactivated successfully.
Oct 04 10:01:57 baseweed-admin systemd[1]: Stopped dracut cmdline hook.
Oct 04 10:01:57 baseweed-admin systemd[1]: dracut-cmdline-ask.service: Deactivated successfully.
Oct 04 10:01:57 baseweed-admin systemd[1]: Stopped dracut ask for additional cmdline parameters.
Oct 04 10:01:57 baseweed-admin systemd[1]: Starting Cleanup udev Database...
Oct 04 10:01:57 baseweed-admin systemd[1]: systemd-tmpfiles-setup-dev.service: Deactivated successfully.
Oct 04 10:01:57 baseweed-admin systemd[1]: Stopped Create Static Device Nodes in /dev.
Oct 04 10:01:57 baseweed-admin systemd[1]: systemd-sysusers.service: Deactivated successfully.
Oct 04 10:01:57 baseweed-admin systemd[1]: Stopped Create System Users.
Oct 04 10:01:57 baseweed-admin systemd[1]: systemd-tmpfiles-setup-dev-early.service: Deactivated successfully.
Oct 04 10:01:57 baseweed-admin systemd[1]: Stopped Create Static Device Nodes in /dev gracefully.
Oct 04 10:01:57 baseweed-admin systemd[1]: kmod-static-nodes.service: Deactivated successfully.
Oct 04 10:01:57 baseweed-admin systemd[1]: Stopped Create List of Static Device Nodes.
Oct 04 10:01:57 baseweed-admin systemd[1]: systemd-vconsole-setup.service: Deactivated successfully.
Oct 04 10:01:57 baseweed-admin systemd[1]: Stopped Virtual Console Setup.
Oct 04 10:01:57 baseweed-admin systemd[1]: initrd-udevadm-cleanup-db.service: Deactivated successfully.
Oct 04 10:01:57 baseweed-admin systemd[1]: Finished Cleanup udev Database.
Oct 04 10:01:57 baseweed-admin systemd[1]: Reached target Switch Root.
Oct 04 10:01:57 baseweed-admin systemd[1]: Starting Switch Root...
Oct 04 10:01:57 baseweed-admin systemd[1]: Switching root.
Oct 04 10:01:57 baseweed-admin systemd-journald[180]: Journal stopped
Oct 04 10:01:59 baseweed-admin systemd-journald[180]: Received SIGTERM from PID 1 (systemd).
Oct 04 10:01:59 baseweed-admin kernel: SELinux:  Permission firmware_load in class system not defined in policy.
Oct 04 10:01:59 baseweed-admin kernel: SELinux:  Permission kexec_image_load in class system not defined in policy.
Oct 04 10:01:59 baseweed-admin kernel: SELinux:  Permission kexec_initramfs_load in class system not defined in policy.
Oct 04 10:01:59 baseweed-admin kernel: SELinux:  Permission policy_load in class system not defined in policy.
Oct 04 10:01:59 baseweed-admin kernel: SELinux:  Permission x509_certificate_load in class system not defined in policy.
Oct 04 10:01:59 baseweed-admin kernel: SELinux:  Permission map_create_as in class bpf not defined in policy.
Oct 04 10:01:59 baseweed-admin kernel: SELinux:  Permission prog_load_as in class bpf not defined in policy.
Oct 04 10:01:59 baseweed-admin kernel: SELinux:  Permission allowed in class io_uring not defined in policy.
Oct 04 10:01:59 baseweed-admin kernel: SELinux:  Class memfd_file not defined in policy.
Oct 04 10:01:59 baseweed-admin kernel: SELinux: the above unknown classes and permissions will be allowed
Oct 04 10:01:59 baseweed-admin kernel: SELinux:  policy capability network_peer_controls=1
Oct 04 10:01:59 baseweed-admin kernel: SELinux:  policy capability open_perms=1
Oct 04 10:01:59 baseweed-admin kernel: SELinux:  policy capability extended_socket_class=1
Oct 04 10:01:59 baseweed-admin kernel: SELinux:  policy capability always_check_network=0
Oct 04 10:01:59 baseweed-admin kernel: SELinux:  policy capability cgroup_seclabel=1
Oct 04 10:01:59 baseweed-admin kernel: SELinux:  policy capability nnp_nosuid_transition=1
Oct 04 10:01:59 baseweed-admin kernel: SELinux:  policy capability genfs_seclabel_symlinks=1
Oct 04 10:01:59 baseweed-admin kernel: SELinux:  policy capability ioctl_skip_cloexec=0
Oct 04 10:01:59 baseweed-admin kernel: SELinux:  policy capability userspace_initial_context=0
Oct 04 10:01:59 baseweed-admin kernel: SELinux:  policy capability netlink_xperm=0
Oct 04 10:01:59 baseweed-admin kernel: SELinux:  policy capability netif_wildcard=0
Oct 04 10:01:59 baseweed-admin kernel: SELinux:  policy capability genfs_seclabel_wildcard=0
Oct 04 10:01:59 baseweed-admin kernel: SELinux:  policy capability functionfs_seclabel=0
Oct 04 10:01:59 baseweed-admin kernel: SELinux:  policy capability memfd_class=0
Oct 04 10:01:59 baseweed-admin kernel: SELinux:  policy capability bpf_token_perms=0
Oct 04 10:01:59 baseweed-admin kernel: audit: type=1403 audit(1791108118.093:2): auid=4294967295 ses=4294967295 lsm=selinux res=1
Oct 04 10:01:59 baseweed-admin systemd[1]: Successfully loaded SELinux policy in 104.993ms.
Oct 04 10:01:59 baseweed-admin kernel: NET: Registered PF_VSOCK protocol family
Oct 04 10:01:59 baseweed-admin systemd[1]: Relabeled /dev/, /dev/shm/, /run/ in 14.705ms.
Oct 04 10:01:59 baseweed-admin systemd[1]: systemd 261.2 running in system mode (+PAM +AUDIT +SELINUX +APPARMOR +IMA +IPE -SMACK +SECCOMP +GCRYPT +GNUTLS +OPENSSL +ACL +BLKID +CURL +ELFUTILS +FIDO2 +IDN2 +KMOD +LIBCRYPTSETUP +LIBCRYPTSETUP_PLUGINS +LIBFDISK +PCRE2 +PWQUALITY +P11KIT +QRENCODE +TPM2 +BZIP2 +LZ4 +XZ +ZLIB +ZSTD +BPF_FRAMEWORK +BTF -XKBCOMMON -UTMP +LIBARCHIVE)
Oct 04 10:01:59 baseweed-admin systemd[1]: Detected virtualization kvm.
Oct 04 10:01:59 baseweed-admin systemd[1]: Detected architecture x86-64.
Oct 04 10:01:59 baseweed-admin systemd[1]: bpf-restrict-fs: LSM BPF program attached
Oct 04 10:01:59 baseweed-admin systemd[1]: initrd-switch-root.service: Deactivated successfully.
Oct 04 10:01:59 baseweed-admin systemd[1]: Stopped Switch Root.
Oct 04 10:01:59 baseweed-admin systemd[1]: systemd-journald.service: Scheduled restart job, restart counter is at 1.
Oct 04 10:01:59 baseweed-admin systemd[1]: Created slice Virtual Machine and Container Slice.
Oct 04 10:01:59 baseweed-admin systemd[1]: Created slice Slice /system/getty.
Oct 04 10:01:59 baseweed-admin systemd[1]: Created slice Slice /system/serial-getty.
Oct 04 10:01:59 baseweed-admin systemd[1]: Created slice User and Session Slice.
Oct 04 10:01:59 baseweed-admin systemd[1]: Started Dispatch Password Requests to Console Directory Watch.
Oct 04 10:01:59 baseweed-admin systemd[1]: Set up automount Arbitrary Executable File Formats File System Automount Point.
Oct 04 10:01:59 baseweed-admin systemd[1]: Expecting device /dev/disk/by-uuid/851C-222C...
Oct 04 10:01:59 baseweed-admin systemd[1]: Expecting device /dev/ttyS0...
Oct 04 10:01:59 baseweed-admin systemd[1]: Reached target Local Encrypted Volumes.
Oct 04 10:01:59 baseweed-admin systemd[1]: Reached target Image Downloads.
Oct 04 10:01:59 baseweed-admin systemd[1]: Stopped target Switch Root.
Oct 04 10:01:59 baseweed-admin systemd[1]: Stopped target Initrd File Systems.
Oct 04 10:01:59 baseweed-admin systemd[1]: Stopped target Initrd Root File System.
Oct 04 10:01:59 baseweed-admin systemd[1]: Reached target Local Integrity Protected Volumes.
Oct 04 10:01:59 baseweed-admin systemd[1]: Reached target Slice Units.
Oct 04 10:01:59 baseweed-admin systemd[1]: Reached target Swaps.
Oct 04 10:01:59 baseweed-admin systemd[1]: Reached target System Time Set.
Oct 04 10:01:59 baseweed-admin systemd[1]: Reached target Local Verity Protected Volumes.
Oct 04 10:01:59 baseweed-admin systemd[1]: Listening on Device-mapper event daemon FIFOs.
Oct 04 10:01:59 baseweed-admin systemd[1]: Listening on LVM2 poll daemon socket.
Oct 04 10:01:59 baseweed-admin systemd[1]: Listening on Query the User Interactively for a Password.
Oct 04 10:01:59 baseweed-admin systemd[1]: Listening on Process Core Dump Socket.
Oct 04 10:01:59 baseweed-admin systemd[1]: Listening on Credential Encryption/Decryption.
Oct 04 10:01:59 baseweed-admin systemd[1]: Listening on Hostname Service Socket.
Oct 04 10:01:59 baseweed-admin systemd[1]: Make TPM PCR Policy skipped, unmet condition check ConditionSecurity=measured-uki
Oct 04 10:01:59 baseweed-admin systemd[1]: Listening on Disk Repartitioning Service Socket.
Oct 04 10:01:59 baseweed-admin systemd[1]: Listening on udev Control Socket.
Oct 04 10:01:59 baseweed-admin systemd[1]: Listening on udev Varlink Socket.
Oct 04 10:01:59 baseweed-admin systemd[1]: Mounting Huge Pages File System...
Oct 04 10:01:59 baseweed-admin systemd[1]: Mounting POSIX Message Queue File System...
Oct 04 10:01:59 baseweed-admin systemd[1]: Mounting Kernel Debug File System...
Oct 04 10:01:59 baseweed-admin systemd[1]: Mounting Kernel Trace File System...
Oct 04 10:01:59 baseweed-admin systemd[1]: tmp.mount: Directory /tmp to mount over is not empty, mounting anyway.
Oct 04 10:01:59 baseweed-admin systemd[1]: Mounting Temporary Directory /tmp...
Oct 04 10:01:59 baseweed-admin systemd[1]: Starting Create List of Static Device Nodes...
Oct 04 10:01:59 baseweed-admin systemd[1]: Load Kernel Module configfs skipped, unmet condition check ConditionKernelModuleLoaded=!configfs
Oct 04 10:01:59 baseweed-admin systemd[1]: Load Kernel Module drm skipped, unmet condition check ConditionKernelModuleLoaded=!drm
Oct 04 10:01:59 baseweed-admin systemd[1]: Starting Load Kernel Module efi_pstore...
Oct 04 10:01:59 baseweed-admin systemd[1]: Load Kernel Module fuse skipped, unmet condition check ConditionKernelModuleLoaded=!fuse
Oct 04 10:01:59 baseweed-admin systemd[1]: Mounting FUSE Control File System...
Oct 04 10:01:59 baseweed-admin systemd[1]: Clear Stale Hibernate Storage Info skipped, unmet condition check ConditionPathExists=/sys/firmware/efi/efivars/HibernateLocation-8cf2644b-4b0b-428f-9387-6d876050dc67
Oct 04 10:01:59 baseweed-admin systemd[1]: Starting Journal Service...
Oct 04 10:01:59 baseweed-admin systemd[1]: Starting Load Kernel Modules...
Oct 04 10:01:59 baseweed-admin systemd[1]: Starting Remount Root and Kernel File Systems...
Oct 04 10:01:59 baseweed-admin systemd[1]: Starting Load udev Rules from Credentials...
Oct 04 10:01:59 baseweed-admin systemd[1]: Starting Coldplug All udev Devices...
Oct 04 10:01:59 baseweed-admin systemd[1]: Mounted Huge Pages File System.
Oct 04 10:01:59 baseweed-admin systemd[1]: Mounted POSIX Message Queue File System.
Oct 04 10:01:59 baseweed-admin systemd[1]: Mounted Kernel Debug File System.
Oct 04 10:01:59 baseweed-admin systemd[1]: Mounted Kernel Trace File System.
Oct 04 10:01:59 baseweed-admin systemd[1]: Mounted Temporary Directory /tmp.
Oct 04 10:01:59 baseweed-admin systemd[1]: Finished Create List of Static Device Nodes.
Oct 04 10:01:59 baseweed-admin systemd[1]: modprobe@efi_pstore.service: Deactivated successfully.
Oct 04 10:01:59 baseweed-admin systemd[1]: Finished Load Kernel Module efi_pstore.
Oct 04 10:01:59 baseweed-admin systemd[1]: Starting Create Static Device Nodes in /dev gracefully...
Oct 04 10:01:59 baseweed-admin systemd[1]: Mounted FUSE Control File System.
Oct 04 10:01:59 baseweed-admin systemd[1]: Finished Remount Root and Kernel File Systems.
Oct 04 10:01:59 baseweed-admin systemd[1]: One time configuration for iscsi.service skipped, unmet condition check ConditionPathExists=!/etc/iscsi/initiatorname.iscsi
Oct 04 10:01:59 baseweed-admin systemd[1]: Rebuild Hardware Database skipped, unmet condition check ConditionNeedsUpdate=/etc
Oct 04 10:01:59 baseweed-admin systemd[1]: Platform Persistent Storage Archival skipped, unmet condition check ConditionDirectoryNotEmpty=/sys/fs/pstore
Oct 04 10:01:59 baseweed-admin systemd[1]: Starting Load/Save OS Random Seed...
Oct 04 10:01:59 baseweed-admin systemd[1]: Finished Load Kernel Modules.
Oct 04 10:01:59 baseweed-admin systemd[1]: Apply Kernel Variables for 7.2.8-1-default from /boot skipped, unmet condition check ConditionPathExists=!/usr/lib/modules/7.2.8-1-default/sysctl.conf
Oct 04 10:01:59 baseweed-admin systemd-journald[525]: Collecting audit messages is disabled.
Oct 04 10:01:59 baseweed-admin systemd[1]: Starting Apply Kernel Variables for 7.2.8-1-default...
Oct 04 10:01:59 baseweed-admin systemd-journald[525]: Journal started
Oct 04 10:01:59 baseweed-admin systemd-journald[525]: Runtime Journal (/run/log/journal/73c91404e02f4c3c9511a12763261f9b) is 8M, max 78.2M, 70.2M free.
Oct 04 10:01:59 baseweed-admin systemd[1]: Queued start job for default target Multi-User System.
Oct 04 10:01:59 baseweed-admin systemd[1]: systemd-journald.service: Deactivated successfully.
Oct 04 10:01:59 baseweed-admin systemd-modules-load[526]: Using 3 probe threads
Oct 04 10:01:59 baseweed-admin systemd-modules-load[526]: Inserted module 'uinput'
Oct 04 10:01:59 baseweed-admin systemd[1]: Finished Load udev Rules from Credentials.
Oct 04 10:01:59 baseweed-admin systemd[1]: Started Journal Service.
Oct 04 10:01:59 baseweed-admin systemd[1]: Finished Load/Save OS Random Seed.
Oct 04 10:01:59 baseweed-admin systemd[1]: First Boot Complete skipped, unmet condition check ConditionFirstBoot=yes
Oct 04 10:01:59 baseweed-admin systemd[1]: Starting Flush Journal to Persistent Storage...
Oct 04 10:01:59 baseweed-admin systemd[1]: Finished Apply Kernel Variables for 7.2.8-1-default.
Oct 04 10:01:59 baseweed-admin systemd[1]: Starting Apply Kernel Variables...
Oct 04 10:01:59 baseweed-admin systemd-journald[525]: Time spent on flushing to /var/log/journal/73c91404e02f4c3c9511a12763261f9b is 17.791ms for 794 entries.
Oct 04 10:01:59 baseweed-admin systemd-journald[525]: System Journal (/var/log/journal/73c91404e02f4c3c9511a12763261f9b) is 16M, max 2.4G, 2.4G free.
Oct 04 10:01:59 baseweed-admin systemd[1]: Finished Create Static Device Nodes in /dev gracefully.
Oct 04 10:01:59 baseweed-admin systemd-journald[525]: Received client request to flush runtime journal.
Oct 04 10:01:59 baseweed-admin systemd[1]: Create System Users skipped, no trigger condition checks were met.
Oct 04 10:01:59 baseweed-admin systemd[1]: Starting Create Static Device Nodes in /dev...
Oct 04 10:01:59 baseweed-admin systemd[1]: Finished Apply Kernel Variables.
Oct 04 10:01:59 baseweed-admin systemd[1]: Finished Create Static Device Nodes in /dev.
Oct 04 10:01:59 baseweed-admin systemd[1]: Reached target Preparation for Local File Systems.
Oct 04 10:01:59 baseweed-admin systemd[1]: Repartition Root Disk skipped, no trigger condition checks were met.
Oct 04 10:01:59 baseweed-admin systemd[1]: Starting Rule-based Manager for Device Events and Files...
Oct 04 10:01:59 baseweed-admin systemd[1]: Finished Coldplug All udev Devices.
Oct 04 10:01:59 baseweed-admin systemd[1]: Finished Flush Journal to Persistent Storage.
Oct 04 10:01:59 baseweed-admin systemd-udevd[559]: Using default interface naming scheme 'v261'.
Oct 04 10:01:59 baseweed-admin systemd[1]: Started Rule-based Manager for Device Events and Files.
Oct 04 10:01:59 baseweed-admin systemd[1]: Load Kernel Module configfs skipped, unmet condition check ConditionKernelModuleLoaded=!configfs
Oct 04 10:01:59 baseweed-admin systemd[1]: Load Kernel Module fuse skipped, unmet condition check ConditionKernelModuleLoaded=!fuse
Oct 04 10:01:59 baseweed-admin systemd[1]: Condition check resulted in /dev/ttyS0 being skipped.
Oct 04 10:01:59 baseweed-admin kernel: input: Power Button as /devices/platform/LNXPWRBN:00/input/input5
Oct 04 10:01:59 baseweed-admin kernel: ACPI: button: Power Button [PWRF]
Oct 04 10:01:59 baseweed-admin systemd[1]: Found device /dev/disk/by-uuid/851C-222C.
Oct 04 10:01:59 baseweed-admin kernel: FDC 0 is a S82078B
Oct 04 10:01:59 baseweed-admin kernel: [drm] pci: virtio-gpu-pci detected at 0000:00:10.0
Oct 04 10:01:59 baseweed-admin kernel: [drm] Host memory window: 0xe0000000000 +0x8000000
Oct 04 10:01:59 baseweed-admin kernel: [drm] features: -virgl +edid -resource_blob +host_visible
Oct 04 10:01:59 baseweed-admin kernel: [drm] features: -context_init -blob_alignment
Oct 04 10:01:59 baseweed-admin systemd[1]: Condition check resulted in /dev/virtio-ports/org.qemu.guest_agent.0 being skipped.
Oct 04 10:01:59 baseweed-admin systemd[1]: Load Kernel Module efi_pstore skipped, unmet condition check ConditionKernelModuleLoaded=!efi_pstore
Oct 04 10:01:59 baseweed-admin kernel: input: PC Speaker as /devices/platform/pcspkr/input/input6
Oct 04 10:01:59 baseweed-admin kernel: [drm] number of scanouts: 1
Oct 04 10:01:59 baseweed-admin kernel: [drm] number of cap sets: 0
Oct 04 10:01:59 baseweed-admin systemd[1]: Clear Stale Hibernate Storage Info skipped, unmet condition check ConditionPathExists=/sys/firmware/efi/efivars/HibernateLocation-8cf2644b-4b0b-428f-9387-6d876050dc67
Oct 04 10:01:59 baseweed-admin systemd[1]: Rebuild Hardware Database skipped, unmet condition check ConditionNeedsUpdate=/etc
Oct 04 10:01:59 baseweed-admin systemd[1]: Platform Persistent Storage Archival skipped, unmet condition check ConditionDirectoryNotEmpty=/sys/fs/pstore
Oct 04 10:01:59 baseweed-admin systemd[1]: Repartition Root Disk skipped, no trigger condition checks were met.
Oct 04 10:01:59 baseweed-admin systemd[1]: Create System Users skipped, no trigger condition checks were met.
Oct 04 10:01:59 baseweed-admin kernel: piix4_smbus 0000:00:01.3: SMBus Host Controller at 0x700, revision 0
Oct 04 10:01:59 baseweed-admin kernel: i2c i2c-0: Memory type 0x07 not supported yet, not instantiating SPD
Oct 04 10:01:59 baseweed-admin kernel: virtio-pci 0000:00:10.0: [drm] Registered 1 planes with drm panic
Oct 04 10:01:59 baseweed-admin kernel: [drm] Initialized virtio_gpu 0.1.0 for 0000:00:10.0 on minor 0
Oct 04 10:01:59 baseweed-admin systemd[1]: Started Entropy Daemon based on the HAVEGE algorithm.
Oct 04 10:01:59 baseweed-admin kernel: Console: switching to colour frame buffer device 160x50
Oct 04 10:01:59 baseweed-admin kernel: virtio-pci 0000:00:10.0: [drm] fb0: virtio_gpudrmfb frame buffer device
Oct 04 10:01:59 baseweed-admin systemd[1]: Starting Virtual Console Setup...
Oct 04 10:02:00 baseweed-admin systemd[1]: Mounting /boot/efi...
Oct 04 10:02:00 baseweed-admin systemd[1]: Virtual Machine and Container Storage (Compatibility) skipped, unmet condition check ConditionPathExists=/var/lib/machines.raw
Oct 04 10:02:00 baseweed-admin systemd[1]: Listening on Disk Image Download Service Socket.
Oct 04 10:02:00 baseweed-admin systemd[1]: proc-sys-fs-binfmt_misc.automount: Got automount request for /proc/sys/fs/binfmt_misc, triggered by 596 ((haveged))
Oct 04 10:02:00 baseweed-admin systemd[1]: Mounting Arbitrary Executable File Formats File System...
Oct 04 10:02:00 baseweed-admin kernel: kvm_amd: TSC scaling supported
Oct 04 10:02:00 baseweed-admin kernel: kvm_amd: Nested Virtualization enabled
Oct 04 10:02:00 baseweed-admin kernel: kvm_amd: Nested Paging enabled
Oct 04 10:02:00 baseweed-admin kernel: kvm_amd: LBR virtualization supported
Oct 04 10:02:00 baseweed-admin kernel: kvm_amd: Virtual VMLOAD VMSAVE supported
Oct 04 10:02:00 baseweed-admin kernel: kvm_amd: Virtual GIF supported
Oct 04 10:02:00 baseweed-admin kernel: kvm_amd: Virtual NMI enabled
Oct 04 10:02:00 baseweed-admin systemd[1]: Mounted Arbitrary Executable File Formats File System.
Oct 04 10:02:00 baseweed-admin kernel: snd_hda_codec_generic hdaudioC0D0: autoconfig for Generic: line_outs=1 (0x3/0x0/0x0/0x0/0x0) type:line
Oct 04 10:02:00 baseweed-admin kernel: snd_hda_codec_generic hdaudioC0D0:    speaker_outs=0 (0x0/0x0/0x0/0x0/0x0)
Oct 04 10:02:00 baseweed-admin kernel: snd_hda_codec_generic hdaudioC0D0:    hp_outs=0 (0x0/0x0/0x0/0x0/0x0)
Oct 04 10:02:00 baseweed-admin kernel: snd_hda_codec_generic hdaudioC0D0:    mono: mono_out=0x0
Oct 04 10:02:00 baseweed-admin kernel: snd_hda_codec_generic hdaudioC0D0:    inputs:
Oct 04 10:02:00 baseweed-admin kernel: snd_hda_codec_generic hdaudioC0D0:      Line=0x5
Oct 04 10:02:00 baseweed-admin systemd[1]: Mounted /boot/efi.
Oct 04 10:02:00 baseweed-admin systemd[1]: Reached target Local File Systems.
Oct 04 10:02:00 baseweed-admin systemd[1]: Reached target Sound Card.
Oct 04 10:02:00 baseweed-admin systemd[1]: Listening on Boot Loader Control Service Socket.
Oct 04 10:02:00 baseweed-admin systemd[1]: Listening on System Extension Image Management.
Oct 04 10:02:00 baseweed-admin systemd[1]: Set Up Additional Binary Formats skipped, no trigger condition checks were met.
Oct 04 10:02:00 baseweed-admin systemd[1]: Save Transient machine-id to Disk skipped, unmet condition check ConditionPathIsMountPoint=/etc/machine-id
Oct 04 10:02:00 baseweed-admin systemd[1]: Starting Create System Files and Directories...
Oct 04 10:02:00 baseweed-admin haveged[596]: haveged: command socket is listening at fd 3
Oct 04 10:02:00 baseweed-admin systemd[1]: Finished Virtual Console Setup.
Oct 04 10:02:00 baseweed-admin systemd-tmpfiles[612]: /usr/lib/tmpfiles.d/qdistro-templates.conf:8: Duplicate line for path "/run/qdistro", ignoring.
Oct 04 10:02:00 baseweed-admin systemd[1]: Finished Create System Files and Directories.
Oct 04 10:02:00 baseweed-admin systemd[1]: Starting Load Audit Rules...
Oct 04 10:02:00 baseweed-admin systemd[1]: Rebuild Journal Catalog skipped, unmet condition check ConditionNeedsUpdate=/var
Oct 04 10:02:00 baseweed-admin systemd[1]: Update is Completed skipped, no trigger condition checks were met.
Oct 04 10:02:00 baseweed-admin augenrules[615]: /usr/sbin/augenrules: No change
Oct 04 10:02:00 baseweed-admin augenrules[630]: No rules
Oct 04 10:02:00 baseweed-admin systemd[1]: audit-rules.service: Deactivated successfully.
Oct 04 10:02:00 baseweed-admin systemd[1]: Finished Load Audit Rules.
Oct 04 10:02:00 baseweed-admin systemd[1]: Starting Security Audit Logging Service...
Oct 04 10:02:00 baseweed-admin auditd[636]: No plugins found, not dispatching events
Oct 04 10:02:00 baseweed-admin auditd[636]: Init complete, auditd 4.0.2 listening for events (startup state enable)
Oct 04 10:02:00 baseweed-admin augenrules[639]: /usr/sbin/augenrules: No change
Oct 04 10:02:00 baseweed-admin augenrules[655]: No rules
Oct 04 10:02:00 baseweed-admin systemd[1]: Started Security Audit Logging Service.
Oct 04 10:02:00 baseweed-admin systemd[1]: Reached target System Initialization.
Oct 04 10:02:00 baseweed-admin systemd[1]: Started Watch for changes in CA certificates.
Oct 04 10:02:00 baseweed-admin systemd[1]: Started Daily Cleanup of Temporary Directories.
Oct 04 10:02:00 baseweed-admin systemd[1]: Reached target Path Units.
Oct 04 10:02:00 baseweed-admin systemd[1]: Listening on D-Bus System Message Bus Socket.
Oct 04 10:02:00 baseweed-admin systemd[1]: Listening on Open-iSCSI iscsid Socket.
Oct 04 10:02:00 baseweed-admin systemd[1]: Listening on Authorization Manager Agent Helper.
Oct 04 10:02:00 baseweed-admin systemd[1]: Listening on qdistro removable-media brokered mount/unmount listen socket.
Oct 04 10:02:00 baseweed-admin systemd[1]: Listening on qdistro privileged-exec listen socket.
Oct 04 10:02:00 baseweed-admin systemd[1]: Listening on User Login Management Varlink Socket.
Oct 04 10:02:00 baseweed-admin systemd[1]: Listening on Virtual Machine and Container Registration Service Socket.
Oct 04 10:02:00 baseweed-admin systemd[1]: Listening on libvirt locking daemon socket.
Oct 04 10:02:00 baseweed-admin systemd[1]: Listening on libvirt locking daemon admin socket.
Oct 04 10:02:00 baseweed-admin systemd[1]: Listening on libvirt logging daemon socket.
Oct 04 10:02:00 baseweed-admin systemd[1]: Listening on libvirt logging daemon admin socket.
Oct 04 10:02:00 baseweed-admin systemd[1]: Listening on libvirt network daemon socket.
Oct 04 10:02:00 baseweed-admin systemd[1]: Listening on libvirt network daemon admin socket.
Oct 04 10:02:00 baseweed-admin systemd[1]: Listening on libvirt network daemon read-only socket.
Oct 04 10:02:00 baseweed-admin systemd[1]: Listening on libvirt nodedev daemon socket.
Oct 04 10:02:00 baseweed-admin systemd[1]: Listening on libvirt nodedev daemon admin socket.
Oct 04 10:02:00 baseweed-admin systemd[1]: Listening on libvirt nodedev daemon read-only socket.
Oct 04 10:02:00 baseweed-admin systemd[1]: Listening on libvirt QEMU daemon socket.
Oct 04 10:02:00 baseweed-admin systemd[1]: Listening on libvirt QEMU daemon admin socket.
Oct 04 10:02:00 baseweed-admin systemd[1]: Listening on libvirt QEMU daemon read-only socket.
Oct 04 10:02:00 baseweed-admin systemd[1]: Listening on libvirt secret daemon socket.
Oct 04 10:02:00 baseweed-admin systemd[1]: Listening on libvirt secret daemon admin socket.
Oct 04 10:02:00 baseweed-admin systemd[1]: Listening on libvirt secret daemon read-only socket.
Oct 04 10:02:00 baseweed-admin systemd[1]: Listening on libvirt storage daemon socket.
Oct 04 10:02:00 baseweed-admin systemd[1]: Listening on libvirt storage daemon admin socket.
Oct 04 10:02:00 baseweed-admin systemd[1]: Listening on libvirt storage daemon read-only socket.
Oct 04 10:02:00 baseweed-admin systemd[1]: libvirt Xen daemon socket skipped, unmet condition check ConditionPathExists=/proc/xen/capabilities
Oct 04 10:02:00 baseweed-admin systemd[1]: libvirt Xen daemon admin socket skipped, unmet condition check ConditionPathExists=/proc/xen/capabilities
Oct 04 10:02:00 baseweed-admin systemd[1]: libvirt Xen daemon read-only socket skipped, unmet condition check ConditionPathExists=/proc/xen/capabilities
Oct 04 10:02:00 baseweed-admin systemd[1]: Listening on wtmpdb daemon socket.
Oct 04 10:02:00 baseweed-admin systemd[1]: Reached target Socket Units.
Oct 04 10:02:00 baseweed-admin systemd[1]: Starting D-Bus System Message Bus...
Oct 04 10:02:00 baseweed-admin systemd[1]: Starting Write boot and shutdown times into wtmpdb...
Oct 04 10:02:00 baseweed-admin systemd[1]: Started D-Bus System Message Bus.
Oct 04 10:02:00 baseweed-admin systemd[1]: Reached target Basic System.
Oct 04 10:02:00 baseweed-admin systemd[1]: Starting Run SELinux Script on boot to check if it is safe to delete /var/lib/selinux after migration to /etc...
Oct 04 10:02:00 baseweed-admin systemd[1]: Finished Restore /run/initramfs on shutdown.
Oct 04 10:02:00 baseweed-admin systemd[1]: Starting Apply settings from /etc/sysconfig/keyboard...
Oct 04 10:02:00 baseweed-admin systemd[1]: Starting Monitoring of LVM2 mirrors, snapshots etc. using dmeventd or progress polling...
Oct 04 10:02:00 baseweed-admin dbus-broker-launch[660]: Ready
Oct 04 10:02:00 baseweed-admin systemd[1]: Starting Refresh dbus-broker policy with qdistro additions...
Oct 04 10:02:00 baseweed-admin systemd[1]: Started QEMU Guest Agent.
Oct 04 10:02:00 baseweed-admin systemd[1]: Starting Cleanup system data after soft-reboot...
Oct 04 10:02:01 baseweed-admin systemd[1]: Starting User Login Management...
Oct 04 10:02:01 baseweed-admin systemd[1]: Starting Virtual Machine and Container Registration Service...
Oct 04 10:02:01 baseweed-admin systemd[1]: Purge old kernels skipped, unmet condition check ConditionPathExists=/boot/do_purge_kernels
Oct 04 10:02:01 baseweed-admin cleanoldsepoldir.sh[663]: INFO: snapper not found and root is not Btrfs (xfs). Checking marker file age...
Oct 04 10:02:01 baseweed-admin kernel: device-mapper: uevent: version 1.0.3
Oct 04 10:02:01 baseweed-admin kernel: device-mapper: ioctl: 4.50.0-ioctl (2025-04-28) initialised: dm-devel@lists.linux.dev
Oct 04 10:02:01 baseweed-admin cleanoldsepoldir.sh[663]: INFO: Migration markers are only 3 days old. Waiting for 30 days.
Oct 04 10:02:01 baseweed-admin cleanoldsepoldir.sh[663]: ---
Oct 04 10:02:01 baseweed-admin cleanoldsepoldir.sh[663]: WARNING: Cannot delete /var/lib/selinux. One or more checks failed:
Oct 04 10:02:01 baseweed-admin cleanoldsepoldir.sh[663]:  - Migration markers are only 3 days old. Waiting for 30 days (root is xfs).
Oct 04 10:02:01 baseweed-admin systemd[1]: cleanoldsepoldir.service: Deactivated successfully.
Oct 04 10:02:01 baseweed-admin systemd[1]: Finished Run SELinux Script on boot to check if it is safe to delete /var/lib/selinux after migration to /etc.
Oct 04 10:02:01 baseweed-admin systemd[1]: Starting wtmpdb daemon...
Oct 04 10:02:01 baseweed-admin systemd[1]: Finished Refresh dbus-broker policy with qdistro additions.
Oct 04 10:02:01 baseweed-admin systemd[1]: Starting qdistro admin broker (Phase 1 prototype)...
Oct 04 10:02:01 baseweed-admin systemd[1]: Starting qdistro password-manager daemon (spec/13 Phase-8 MVP)...
Oct 04 10:02:01 baseweed-admin systemd[1]: Starting qdistro session manager (user-silo lifecycle)...
Oct 04 10:02:01 baseweed-admin systemd[1]: Finished Monitoring of LVM2 mirrors, snapshots etc. using dmeventd or progress polling.
Oct 04 10:02:01 baseweed-admin systemd[1]: Started Virtual Machine and Container Registration Service.
Oct 04 10:02:01 baseweed-admin systemd-logind[672]: New seat seat0.
Oct 04 10:02:01 baseweed-admin systemd[1]: Finished Cleanup system data after soft-reboot.
Oct 04 10:02:01 baseweed-admin systemd[1]: Reached target Preparation for Network.
Oct 04 10:02:01 baseweed-admin systemd-logind[672]: Watching system buttons on /dev/input/event4 (Power Button)
Oct 04 10:02:01 baseweed-admin systemd-logind[672]: Watching system buttons on /dev/input/event0 (AT Translated Set 2 keyboard)
Oct 04 10:02:01 baseweed-admin systemd[1]: Starting Network Manager...
Oct 04 10:02:01 baseweed-admin systemd[1]: Created slice User Slice of UID 1000.
Oct 04 10:02:01 baseweed-admin systemd[1]: Started User Login Management.
Oct 04 10:02:01 baseweed-admin systemd[1]: Starting User Runtime Directory /run/user/1000...
Oct 04 10:02:01 baseweed-admin systemd[1]: Finished Apply settings from /etc/sysconfig/keyboard.
Oct 04 10:02:01 baseweed-admin systemd[1]: Started wtmpdb daemon.
Oct 04 10:02:01 baseweed-admin systemd-user-runtime-dir[734]: Successfully configured disk quota for UID 1000 on /tmp to 1.5G
Oct 04 10:02:01 baseweed-admin systemd-user-runtime-dir[734]: Successfully configured disk quota for UID 1000 on /dev/shm to 1.5G
Oct 04 10:02:01 baseweed-admin systemd[1]: Finished User Runtime Directory /run/user/1000.
Oct 04 10:02:01 baseweed-admin systemd[1]: Finished Write boot and shutdown times into wtmpdb.
Oct 04 10:02:01 baseweed-admin NetworkManager[730]: <info>  [1791108121.9812] NetworkManager (version 1.56.1) is starting... (boot:240c1b76-0eec-4873-8096-d133ce808f18)
Oct 04 10:02:01 baseweed-admin NetworkManager[730]: <info>  [1791108121.9816] Read config: /etc/NetworkManager/NetworkManager.conf, /usr/lib/NetworkManager/conf.d/conncheck-openSUSE.conf, /run/NetworkManager/conf.d/15-carrier-timeout.conf
Oct 04 10:02:02 baseweed-admin NetworkManager[730]: <info>  [1791108122.0004] manager[0x5581d35c9a90]: monitoring kernel firmware directory '/usr/lib/firmware'.
Oct 04 10:02:02 baseweed-admin systemd[1]: Starting Hostname Service...
Oct 04 10:02:02 baseweed-admin systemd[1]: Started Hostname Service.
Oct 04 10:02:02 baseweed-admin NetworkManager[730]: <info>  [1791108122.2950] hostname: hostname: using hostnamed
Oct 04 10:02:02 baseweed-admin NetworkManager[730]: <info>  [1791108122.2951] hostname: static hostname changed from (none) to "baseweed-admin"
Oct 04 10:02:02 baseweed-admin NetworkManager[730]: <info>  [1791108122.2977] dns-mgr: init: dns=default,systemd-resolved rc-manager=symlink (auto)
Oct 04 10:02:02 baseweed-admin NetworkManager[730]: <info>  [1791108122.3510] manager[0x5581d35c9a90]: rfkill: Wi-Fi hardware radio set enabled
Oct 04 10:02:02 baseweed-admin NetworkManager[730]: <info>  [1791108122.3510] manager[0x5581d35c9a90]: rfkill: WWAN hardware radio set enabled
Oct 04 10:02:02 baseweed-admin NetworkManager[730]: <info>  [1791108122.3595] Loaded device plugin: NMWifiFactory (/usr/lib64/NetworkManager/1.56.1/libnm-device-plugin-wifi.so)
Oct 04 10:02:02 baseweed-admin NetworkManager[730]: <info>  [1791108122.3596] manager: rfkill: Wi-Fi enabled by radio killswitch; enabled by state file
Oct 04 10:02:02 baseweed-admin NetworkManager[730]: <info>  [1791108122.3597] manager: rfkill: WWAN enabled by radio killswitch; enabled by state file
Oct 04 10:02:02 baseweed-admin NetworkManager[730]: <info>  [1791108122.3598] manager: Networking is enabled by state file
Oct 04 10:02:02 baseweed-admin NetworkManager[730]: <info>  [1791108122.3602] settings: Loaded settings plugin: keyfile (internal)
Oct 04 10:02:02 baseweed-admin NetworkManager[730]: <info>  [1791108122.3617] dhcp: init: Using DHCP client 'internal'
Oct 04 10:02:02 baseweed-admin NetworkManager[730]: <info>  [1791108122.3639] manager: (lo): new Loopback device (/org/freedesktop/NetworkManager/Devices/1)
Oct 04 10:02:02 baseweed-admin NetworkManager[730]: <info>  [1791108122.3682] device (lo): state change: unmanaged -> unavailable (reason 'connection-assumed', managed-type: 'external')
Oct 04 10:02:02 baseweed-admin NetworkManager[730]: <info>  [1791108122.3741] device (lo): state change: unavailable -> disconnected (reason 'connection-assumed', managed-type: 'external')
Oct 04 10:02:02 baseweed-admin NetworkManager[730]: <info>  [1791108122.3798] device (lo): Activation: starting connection 'lo' (4eca4dd7-df96-4e02-96e4-5e5d6e4303ce)
Oct 04 10:02:02 baseweed-admin NetworkManager[730]: <info>  [1791108122.3819] manager: (ens2): new Ethernet device (/org/freedesktop/NetworkManager/Devices/2)
Oct 04 10:02:02 baseweed-admin NetworkManager[730]: <info>  [1791108122.3840] settings: (ens2): created default wired connection 'Wired connection 1'
Oct 04 10:02:02 baseweed-admin NetworkManager[730]: <info>  [1791108122.3840] device (ens2): state change: unmanaged -> unavailable (reason 'managed', managed-type: 'external')
Oct 04 10:02:02 baseweed-admin NetworkManager[730]: <info>  [1791108122.3875] bus-manager: acquired D-Bus service "org.freedesktop.NetworkManager"
Oct 04 10:02:02 baseweed-admin NetworkManager[730]: <info>  [1791108122.3881] device (lo): state change: disconnected -> prepare (reason 'none', managed-type: 'external')
Oct 04 10:02:02 baseweed-admin NetworkManager[730]: <info>  [1791108122.3884] device (lo): state change: prepare -> config (reason 'none', managed-type: 'external')
Oct 04 10:02:02 baseweed-admin NetworkManager[730]: <info>  [1791108122.3886] device (lo): state change: config -> ip-config (reason 'none', managed-type: 'external')
Oct 04 10:02:02 baseweed-admin NetworkManager[730]: <info>  [1791108122.3888] device (ens2): carrier: link connected
Oct 04 10:02:02 baseweed-admin systemd[1]: Started Network Manager.
Oct 04 10:02:02 baseweed-admin NetworkManager[730]: <info>  [1791108122.3892] device (lo): state change: ip-config -> ip-check (reason 'none', managed-type: 'external')
Oct 04 10:02:02 baseweed-admin systemd[1]: Reached target Network.
Oct 04 10:02:02 baseweed-admin systemd[1]: Listening on Load/Save RF Kill Switch Status /dev/rfkill Watch.
Oct 04 10:02:02 baseweed-admin systemd[1]: Starting Network Manager Script Dispatcher Service...
Oct 04 10:02:02 baseweed-admin NetworkManager[730]: <info>  [1791108122.3947] device (ens2): state change: unavailable -> disconnected (reason 'carrier-changed', managed-type: 'full')
Oct 04 10:02:02 baseweed-admin NetworkManager[730]: <info>  [1791108122.3957] policy: auto-activating connection 'Wired connection 1' (1f77b639-aaac-3436-b407-b34293dfe366)
Oct 04 10:02:02 baseweed-admin NetworkManager[730]: <info>  [1791108122.3962] device (ens2): Activation: starting connection 'Wired connection 1' (1f77b639-aaac-3436-b407-b34293dfe366)
Oct 04 10:02:02 baseweed-admin NetworkManager[730]: <info>  [1791108122.3962] device (ens2): state change: disconnected -> prepare (reason 'none', managed-type: 'full')
Oct 04 10:02:02 baseweed-admin NetworkManager[730]: <info>  [1791108122.3963] manager: NetworkManager state is now CONNECTING
Oct 04 10:02:02 baseweed-admin NetworkManager[730]: <info>  [1791108122.3965] device (ens2): state change: prepare -> config (reason 'none', managed-type: 'full')
Oct 04 10:02:02 baseweed-admin NetworkManager[730]: <info>  [1791108122.3985] device (ens2): state change: config -> ip-config (reason 'none', managed-type: 'full')
Oct 04 10:02:02 baseweed-admin NetworkManager[730]: <info>  [1791108122.3992] dhcp4 (ens2): activation: beginning transaction (timeout in 45 seconds)
Oct 04 10:02:02 baseweed-admin systemd[1]: Starting Network Manager Wait Online...
Oct 04 10:02:02 baseweed-admin systemd[1]: Starting NTP client/server...
Oct 04 10:02:02 baseweed-admin kernel: NET: Registered PF_PACKET protocol family
Oct 04 10:02:02 baseweed-admin systemd[1]: Started qdistro IPP proxy → CUPS-in-VM (spec/20 Phase-9 skeleton).
Oct 04 10:02:02 baseweed-admin NetworkManager[730]: <info>  [1791108122.4670] dhcp4 (ens2): state changed new lease, address=10.0.2.15, acd pending
Oct 04 10:02:02 baseweed-admin systemd[1]: Starting OpenSSH Daemon...
Oct 04 10:02:02 baseweed-admin systemd[1]: Started Network Manager Script Dispatcher Service.
Oct 04 10:02:02 baseweed-admin sshd-gen-keys-start[752]: Checking for missing server keys in /etc/ssh
Oct 04 10:02:02 baseweed-admin NetworkManager[730]: <info>  [1791108122.6621] dhcp4 (ens2): state changed new lease, address=10.0.2.15
Oct 04 10:02:02 baseweed-admin NetworkManager[730]: <info>  [1791108122.6624] device (lo): state change: ip-check -> secondaries (reason 'none', managed-type: 'external')
Oct 04 10:02:02 baseweed-admin NetworkManager[730]: <info>  [1791108122.6642] policy: set 'Wired connection 1' (ens2) as default for IPv4 routing and DNS
Oct 04 10:02:02 baseweed-admin NetworkManager[730]: <info>  [1791108122.7287] device (lo): state change: secondaries -> activated (reason 'none', managed-type: 'external')
Oct 04 10:02:02 baseweed-admin NetworkManager[730]: <info>  [1791108122.7293] device (lo): Activation: successful, device activated.
Oct 04 10:02:02 baseweed-admin NetworkManager[730]: <info>  [1791108122.7346] device (ens2): state change: ip-config -> ip-check (reason 'none', managed-type: 'full')
Oct 04 10:02:02 baseweed-admin NetworkManager[730]: <info>  [1791108122.7695] device (ens2): state change: ip-check -> secondaries (reason 'none', managed-type: 'full')
Oct 04 10:02:02 baseweed-admin NetworkManager[730]: <info>  [1791108122.7697] device (ens2): state change: secondaries -> activated (reason 'none', managed-type: 'full')
Oct 04 10:02:02 baseweed-admin NetworkManager[730]: <info>  [1791108122.7703] manager: NetworkManager state is now CONNECTED_SITE
Oct 04 10:02:02 baseweed-admin NetworkManager[730]: <info>  [1791108122.7709] device (ens2): Activation: successful, device activated.
Oct 04 10:02:02 baseweed-admin NetworkManager[730]: <info>  [1791108122.7762] manager: startup complete
Oct 04 10:02:02 baseweed-admin systemd[1]: Finished Network Manager Wait Online.
Oct 04 10:02:02 baseweed-admin systemd[1]: Reached target Network is Online.
Oct 04 10:02:02 baseweed-admin systemd[1]: Starting Login and scanning of iSCSI devices...
Oct 04 10:02:02 baseweed-admin NetworkManager[730]: <info>  [1791108122.8474] manager: NetworkManager state is now CONNECTED_GLOBAL
Oct 04 10:02:02 baseweed-admin iscsiadm[776]: iscsiadm: No records found
Oct 04 10:02:02 baseweed-admin chronyd[750]: chronyd version 4.9 starting (+CMDMON +REFCLOCK +RTC +PRIVDROP +SCFILTER +SIGND +NTS +SECHASH +IPV6 -DEBUG)
Oct 04 10:02:02 baseweed-admin chronyd[750]: Frequency 0.000 +/- 1000000.000 ppm read from /var/lib/chrony/drift
Oct 04 10:02:02 baseweed-admin qdistro-print-proxy[751]: [qdistro-print-proxy] listening on /run/qdistro-print/ipp.sock → backend=vsock
Oct 04 10:02:02 baseweed-admin iscsiadm[781]: iscsiadm: No records found
Oct 04 10:02:02 baseweed-admin systemd[1]: Finished Login and scanning of iSCSI devices.
Oct 04 10:02:03 baseweed-admin iscsiadm[803]: iscsiadm: Could not get list of targets from firmware. (err 21)
Oct 04 10:02:02 baseweed-admin systemd[1]: Reached target Remote File Systems.
Oct 04 10:02:03 baseweed-admin systemd[1]: Starting Availability of block devices...
Oct 04 10:02:03 baseweed-admin systemd[1]: Starting Permit User Sessions...
Oct 04 10:02:03 baseweed-admin systemd[1]: Starting libvirt QEMU daemon...
Oct 04 10:02:03 baseweed-admin systemd[1]: libvirt Xen daemon skipped, unmet condition check ConditionPathExists=/proc/xen/capabilities
Oct 04 10:02:03 baseweed-admin systemd[1]: Finished Availability of block devices.
Oct 04 10:02:03 baseweed-admin systemd[1]: Finished Permit User Sessions.
Oct 04 10:02:03 baseweed-admin systemd[1]: Started Getty on tty1.
Oct 04 10:02:03 baseweed-admin systemd[1]: Started Seat management daemon.
Oct 04 10:02:03 baseweed-admin systemd[1]: Started Serial Getty on ttyS0.
Oct 04 10:02:03 baseweed-admin systemd[1]: Reached target Login Prompts.
Oct 04 10:02:03 baseweed-admin systemd[1]: Starting User Manager for UID 1000...
Oct 04 10:02:03 baseweed-admin systemd[1]: Started NTP client/server.
Oct 04 10:02:03 baseweed-admin systemd[1]: Started qdistro session manager (user-silo lifecycle).
Oct 04 10:02:03 baseweed-admin systemd[1]: Reached target System Time Synchronized.
Oct 04 10:02:03 baseweed-admin systemd[1]: Started Backup of RPM database.
Oct 04 10:02:03 baseweed-admin systemd[1]: Started Backup of /etc/sysconfig.
Oct 04 10:02:03 baseweed-admin systemd[1]: Started Check if mainboard battery is Ok.
Oct 04 10:02:03 baseweed-admin systemd[1]: Started Discard unused filesystem blocks once a week.
Oct 04 10:02:03 baseweed-admin systemd[1]: Started Daily rotation of log files.
Oct 04 10:02:03 baseweed-admin systemd[1]: Started daily update of the root trust anchor for DNSSEC.
Oct 04 10:02:03 baseweed-admin systemd[1]: Started Monthly rotation of wtmpdb.
Oct 04 10:02:03 baseweed-admin systemd[1]: Reached target Timer Units.
Oct 04 10:02:03 baseweed-admin seatd[833]: 00:00:00.000 [INFO] [seatd/seat.c:48] Created VT-bound seat seat0
Oct 04 10:02:03 baseweed-admin seatd[833]: 00:00:00.000 [INFO] [seatd/seatd.c:194] seatd started
Oct 04 10:02:03 baseweed-admin sshd[815]: Server listening on 0.0.0.0 port 22.
Oct 04 10:02:03 baseweed-admin sshd[815]: Server listening on :: port 22.
Oct 04 10:02:03 baseweed-admin systemd[1]: Started OpenSSH Daemon.
Oct 04 10:02:03 baseweed-admin systemd[1]: Started libvirt QEMU daemon.
Oct 04 10:02:03 baseweed-admin systemd-logind[672]: New session '1' of user 'admin' with class 'manager' and type 'unspecified'.
Oct 04 10:02:03 baseweed-admin (systemd)[839]: pam_unix(systemd-user:session): session opened for user admin(uid=1000) by admin(uid=0)
Oct 04 10:02:03 baseweed-admin systemd[1]: Started qdistro password-manager daemon (spec/13 Phase-8 MVP).
Oct 04 10:02:03 baseweed-admin runuser[871]: pam_unix(runuser:session): session opened for user admin(uid=1000) by (uid=0)
Oct 04 10:02:03 baseweed-admin qdistro_pwd_daemon.py[709]: logind lifecycle hooks unavailable
Oct 04 10:02:03 baseweed-admin qdistro_pwd_daemon.py[709]: Traceback (most recent call last):
Oct 04 10:02:03 baseweed-admin qdistro_pwd_daemon.py[709]:   File "/usr/libexec/qdistro/qdistro_pwd_daemon.py", line 661, in _install_lifecycle_hooks
Oct 04 10:02:03 baseweed-admin qdistro_pwd_daemon.py[709]:     session_path = str(mgr.GetSessionByPID(os.getpid()))
Oct 04 10:02:03 baseweed-admin qdistro_pwd_daemon.py[709]:                        ~~~~~~~~~~~~~~~~~~~^^^^^^^^^^^^^
Oct 04 10:02:03 baseweed-admin qdistro_pwd_daemon.py[709]:   File "/usr/lib/python3.13/site-packages/dbus/proxies.py", line 72, in __call__
Oct 04 10:02:03 baseweed-admin qdistro_pwd_daemon.py[709]:     return self._proxy_method(*args, **keywords)
Oct 04 10:02:03 baseweed-admin qdistro_pwd_daemon.py[709]:            ~~~~~~~~~~~~~~~~~~^^^^^^^^^^^^^^^^^^^
Oct 04 10:02:03 baseweed-admin qdistro_pwd_daemon.py[709]:   File "/usr/lib/python3.13/site-packages/dbus/proxies.py", line 141, in __call__
Oct 04 10:02:03 baseweed-admin qdistro_pwd_daemon.py[709]:     return self._connection.call_blocking(self._named_service,
Oct 04 10:02:03 baseweed-admin qdistro_pwd_daemon.py[709]:            ~~~~~~~~~~~~~~~~~~~~~~~~~~~~~~^^^^^^^^^^^^^^^^^^^^^
Oct 04 10:02:03 baseweed-admin qdistro_pwd_daemon.py[709]:                                           self._object_path,
Oct 04 10:02:03 baseweed-admin qdistro_pwd_daemon.py[709]:                                           ^^^^^^^^^^^^^^^^^^
Oct 04 10:02:03 baseweed-admin qdistro_pwd_daemon.py[709]:     ...<3 lines>...
Oct 04 10:02:03 baseweed-admin qdistro_pwd_daemon.py[709]:                                           args,
Oct 04 10:02:03 baseweed-admin qdistro_pwd_daemon.py[709]:                                           ^^^^^
Oct 04 10:02:03 baseweed-admin qdistro_pwd_daemon.py[709]:                                           **keywords)
Oct 04 10:02:03 baseweed-admin qdistro_pwd_daemon.py[709]:                                           ^^^^^^^^^^^
Oct 04 10:02:03 baseweed-admin qdistro_pwd_daemon.py[709]:   File "/usr/lib/python3.13/site-packages/dbus/connection.py", line 696, in call_blocking
Oct 04 10:02:03 baseweed-admin qdistro_pwd_daemon.py[709]:     reply_message = self.send_message_with_reply_and_block(
Oct 04 10:02:03 baseweed-admin qdistro_pwd_daemon.py[709]:         message, timeout)
Oct 04 10:02:03 baseweed-admin qdistro_pwd_daemon.py[709]: dbus.exceptions.DBusException: org.freedesktop.login1.NoSessionForPID: PID 709 does not belong to any known session
Oct 04 10:02:03 baseweed-admin qdistro_pwd_daemon.py[709]: [qdistro-pwd] listening on org.qdistro.Pwd1 /org/qdistro/Pwd1
Oct 04 10:02:03 baseweed-admin qdistro_pwd_daemon.py[709]: /usr/libexec/qdistro/qdistro_pwd_daemon.py:2030: PyGIDeprecationWarning: GLib.unix_signal_add is deprecated; use GLibUnix.signal_add instead
Oct 04 10:02:03 baseweed-admin qdistro_pwd_daemon.py[709]:   GLib.unix_signal_add(GLib.PRIORITY_HIGH, signal.SIGTERM, _on_term, None)
Oct 04 10:02:03 baseweed-admin qdistro_pwd_daemon.py[709]: /usr/libexec/qdistro/qdistro_pwd_daemon.py:2031: PyGIDeprecationWarning: GLib.unix_signal_add is deprecated; use GLibUnix.signal_add instead
Oct 04 10:02:03 baseweed-admin qdistro_pwd_daemon.py[709]:   GLib.unix_signal_add(GLib.PRIORITY_HIGH, signal.SIGINT, _on_term, None)
Oct 04 10:02:03 baseweed-admin qdistro_admin_broker.py[707]: [broker] hooks: enabled, executor socket at /run/qdistro/hook-executor.sock
Oct 04 10:02:03 baseweed-admin qdistro_admin_broker.py[707]: [broker] secctx_launcher_gated=True
Oct 04 10:02:03 baseweed-admin qdistro_admin_broker.py[707]: [broker] require_silo_active=True (fail-closed)
Oct 04 10:02:03 baseweed-admin qdistro_admin_broker.py[707]: [broker] lineage_enforce=False (False=shadow/audit-only)
Oct 04 10:02:03 baseweed-admin qdistro_admin_broker.py[707]: /usr/libexec/qdistro/qdistro_admin_broker.py:1124: PyGIDeprecationWarning: GLib.unix_signal_add is deprecated; use GLibUnix.signal_add instead
Oct 04 10:02:03 baseweed-admin qdistro_admin_broker.py[707]:   GLib.unix_signal_add(
Oct 04 10:02:03 baseweed-admin qdistro_admin_broker.py[707]: [broker] inotify watching /etc/qdistro/rules.d for hot reload
Oct 04 10:02:03 baseweed-admin qdistro_admin_broker.py[707]: [broker] workflow engine: 0 workflow(s) loaded
Oct 04 10:02:03 baseweed-admin systemd[1]: Started qdistro admin broker (Phase 1 prototype).
Oct 04 10:02:03 baseweed-admin qdistro_admin_broker.py[707]: [qdistro-admin-broker] listening on org.qdistro.AdminBroker1 /org/qdistro/AdminBroker1
Oct 04 10:02:03 baseweed-admin systemd[1]: Reached target Multi-User System.
Oct 04 10:02:03 baseweed-admin systemd[839]: Queued start job for default target Main User Target.
Oct 04 10:02:04 baseweed-admin systemd[839]: Created slice User Application Slice.
Oct 04 10:02:04 baseweed-admin systemd[839]: Created slice User Core Session Slice.
Oct 04 10:02:04 baseweed-admin systemd[839]: Started Daily Cleanup of User's Temporary Directories.
Oct 04 10:02:04 baseweed-admin systemd[839]: Reached target Paths.
Oct 04 10:02:04 baseweed-admin systemd[839]: Reached target Timers.
Oct 04 10:02:04 baseweed-admin systemd[839]: Starting D-Bus User Message Bus Socket...
Oct 04 10:02:04 baseweed-admin systemd[839]: Listening on PipeWire Multimedia System Sockets.
Oct 04 10:02:04 baseweed-admin systemd[839]: Listening on Query the User Interactively for a Password.
Oct 04 10:02:04 baseweed-admin systemd[839]: Listening on Disk Image Download Service Socket.
Oct 04 10:02:04 baseweed-admin systemd[839]: Listening on Virtual Machine and Container Registration Service Socket.
Oct 04 10:02:04 baseweed-admin systemd[839]: Starting Create User Files and Directories...
Oct 04 10:02:04 baseweed-admin systemd[839]: Listening on D-Bus User Message Bus Socket.
Oct 04 10:02:04 baseweed-admin systemd[839]: Reached target Sockets.
Oct 04 10:02:04 baseweed-admin systemd[839]: Starting D-Bus User Message Bus...
Oct 04 10:02:04 baseweed-admin dbus-broker-launch[904]: Policy to allow eavesdropping in /usr/share/dbus-1/session.conf +31: Eavesdropping is deprecated and ignored
Oct 04 10:02:04 baseweed-admin systemd[839]: Started D-Bus User Message Bus.
Oct 04 10:02:04 baseweed-admin dbus-broker-launch[904]: Ready
Oct 04 10:02:04 baseweed-admin systemd[839]: Finished Create User Files and Directories.
Oct 04 10:02:04 baseweed-admin systemd[839]: Reached target Basic System.
Oct 04 10:02:04 baseweed-admin systemd[839]: Reached target Current graphical user session.
Oct 04 10:02:04 baseweed-admin systemd[1]: Started User Manager for UID 1000.
Oct 04 10:02:04 baseweed-admin systemd[839]: Started PipeWire Multimedia Service.
Oct 04 10:02:04 baseweed-admin systemd[1]: Startup finished in 1.720s (kernel) + 1.775s (initrd) + 6.201s (userspace) = 9.697s.
Oct 04 10:02:04 baseweed-admin systemd[839]: Starting qdistro browser screen-lock inhibit daemon (Bridge Phase-9e)...
Oct 04 10:02:04 baseweed-admin systemd[839]: Starting qdistro browser download-notification daemon (Bridge Phase-9e)...
Oct 04 10:02:04 baseweed-admin systemd[839]: Starting qdistro browser MPRIS republisher (Bridge Phase-9e)...
Oct 04 10:02:04 baseweed-admin systemd[839]: Starting qdistro browser web-notification relay (Bridge Phase-9e)...
Oct 04 10:02:04 baseweed-admin systemd[839]: qdistro-polkit-agent.service: unit configures an IP firewall, but not running as root.
Oct 04 10:02:04 baseweed-admin systemd[839]: qdistro-polkit-agent.service: (This warning is only shown for the first unit using IP firewalling.)
Oct 04 10:02:04 baseweed-admin systemd[839]: Started qdistro polkit authentication agent (PAM / fprintd / broker).
Oct 04 10:02:04 baseweed-admin systemd[839]: Starting qdistro pwd XDG portal Secret backend (spec/13 Phase-8.3)...
Oct 04 10:02:04 baseweed-admin systemd[839]: Started qdwin compositor (libweston + qdwin-shell.so).
Oct 04 10:02:04 baseweed-admin systemd[839]: Starting qdistro screen locker (qdlocker)...
Oct 04 10:02:04 baseweed-admin systemd[1]: Starting RealtimeKit Scheduling Policy Service...
Oct 04 10:02:04 baseweed-admin systemd[839]: Starting qdshell desktop (Quickshell QML on top of qdwin)...
Oct 04 10:02:04 baseweed-admin systemd[839]: Started Multimedia Service Session Manager.
Oct 04 10:02:04 baseweed-admin systemd[839]: Starting ydotool synthetic input daemon for qdistro VM tests...
Oct 04 10:02:04 baseweed-admin NetworkManager[730]: <info>  [1791108124.5806] policy: set 'Wired connection 1' (ens2) as default for IPv6 routing and DNS
Oct 04 10:02:04 baseweed-admin systemd[839]: Started ydotool synthetic input daemon for qdistro VM tests.
Oct 04 10:02:04 baseweed-admin weston[926]: Date: 2026-10-04 UTC
Oct 04 10:02:04 baseweed-admin weston[926]: [10:02:04.649] weston 16.0.0
Oct 04 10:02:04 baseweed-admin weston[926]:                https://wayland.freedesktop.org
Oct 04 10:02:04 baseweed-admin weston[926]:                Bug reports to: https://gitlab.freedesktop.org/wayland/weston/issues/
Oct 04 10:02:04 baseweed-admin weston[926]:                Build: 16.0.0
Oct 04 10:02:04 baseweed-admin weston[926]: [10:02:04.649] Command line: /usr/bin/weston --config=/home/admin/weston.ini --socket=wayland-1
Oct 04 10:02:04 baseweed-admin weston[926]: [10:02:04.649] OS: Linux, 7.2.8-1-default, #1 SMP PREEMPT_DYNAMIC Sat Sep 26 07:00:58 UTC 2026 (9b36732), x86_64
Oct 04 10:02:04 baseweed-admin weston[926]: [10:02:04.649] Flight recorder: enabled, scopes subscribed: log
Oct 04 10:02:04 baseweed-admin weston[926]: [10:02:04.654] Using config file '/home/admin/weston.ini'
Oct 04 10:02:04 baseweed-admin weston[926]: [10:02:04.655] Output repaint window is 7 ms maximum.
Oct 04 10:02:04 baseweed-admin weston[926]: [10:02:04.656] Loading module '/usr/libexec/qdistro/qdwin-libweston/lib64/libweston-16/drm-backend.so'
Oct 04 10:02:04 baseweed-admin weston[926]: [10:02:04.667] initializing drm backend
Oct 04 10:02:04 baseweed-admin weston[926]: [10:02:04.667] Trying libseat launcher...
Oct 04 10:02:04 baseweed-admin seatd[833]: 00:00:01.285 [INFO] [seatd/server.c:145] New client connected (pid: 926, uid: 1000, gid: 1000)
Oct 04 10:02:04 baseweed-admin seatd[833]: 00:00:01.286 [INFO] [seatd/seat.c:248] Added client 1 to seat0
Oct 04 10:02:04 baseweed-admin seatd[833]: 00:00:01.286 [INFO] [seatd/seat.c:584] Opened client 1 on seat0
Oct 04 10:02:04 baseweed-admin weston[926]: [10:02:04.678] [libseat/libseat.c:73] Seat opened with backend 'seatd'
Oct 04 10:02:04 baseweed-admin weston[926]: [10:02:04.679] [libseat/backend/seatd.c:218] Enabling seat
Oct 04 10:02:04 baseweed-admin weston[926]: [10:02:04.679] libseat: session control granted
Oct 04 10:02:04 baseweed-admin weston[926]: [10:02:04.690] using /dev/dri/card0
Oct 04 10:02:04 baseweed-admin weston[926]: [10:02:04.690] DRM: supports atomic modesetting
Oct 04 10:02:04 baseweed-admin weston[926]: [10:02:04.690] DRM: supports cursor-plane hotspot (virtualized cursor)
Oct 04 10:02:04 baseweed-admin weston[926]: [10:02:04.690] DRM: does not support GBM modifiers
Oct 04 10:02:04 baseweed-admin weston[926]: [10:02:04.690] DRM: does not support Atomic async page flip
Oct 04 10:02:04 baseweed-admin weston[926]: [10:02:04.690] DRM: supports picture aspect ratio
Oct 04 10:02:04 baseweed-admin weston[926]: [10:02:04.691] DRM: EDID for the following head fails conformity:
Oct 04 10:02:04 baseweed-admin weston[926]: Block 1, CTA-861 Extension Block:
Oct 04 10:02:04 baseweed-admin weston[926]:   Padding: Contains non-zero bytes.
Oct 04 10:02:04 baseweed-admin kernel: input: ydotoold virtual device as /devices/virtual/input/input7
Oct 04 10:02:04 baseweed-admin weston[926]: [10:02:04.693] DRM: head 'Virtual-1' found, connector 40 is connected, EDID make 'Red Hat, Inc.', model 'QEMU Monitor', serial ''
Oct 04 10:02:04 baseweed-admin weston[926]:                Supported EOTF modes: SDR
Oct 04 10:02:04 baseweed-admin weston[926]:                Supported colorimetry modes: default
Oct 04 10:02:04 baseweed-admin weston[926]:                Supported VRR modes: (none),
Oct 04 10:02:04 baseweed-admin weston[926]:                Supported color formats: AUTO
Oct 04 10:02:04 baseweed-admin systemd-logind[672]: Watching system buttons on /dev/input/event6 (ydotoold virtual device)
Oct 04 10:02:04 baseweed-admin qemu-ga[667]: info: guest-exec called: "/bin/sh -c [ -S /run/user/1000/wayland-1 ] && echo yes || echo no"
Oct 04 10:02:04 baseweed-admin systemd[1]: Started RealtimeKit Scheduling Policy Service.
Oct 04 10:02:05 baseweed-admin qemu-ga[667]: info: guest-exec called: "/bin/sh -c qd_startof() {
                                               awk 'match($0,/\)[^)]*$/){s=substr($0,RSTART+2);split(s,f," ");print f[20]}' "/proc/$1/stat" 2>/dev/null
                                             }
                                             qd_ident_s=$(qd_startof 955)
                                             # The guest's boot id rides along: a (pid, start time) pair is unique only
                                             # WITHIN one boot, and the orphan registry must never match it against a later
                                             # incarnation of the same VM name. "boot=" with nothing after it means the id
                                             # was unreadable; the host then does not register the command.
                                             qd_ident_b=$(cat /proc/sys/kernel/random/boot_id 2>/dev/null)
                                             if [ -n "$qd_ident_s" ]; then printf 'start=%s boot=%s\n' "$qd_ident_s" "$qd_ident_b"; else printf 'gone\n'; fi"
Oct 04 10:02:05 baseweed-admin rtkit-daemon[932]: Handling system-suspend using logind.
Oct 04 10:02:05 baseweed-admin systemd[839]: Started qdistro browser web-notification relay (Bridge Phase-9e).
Oct 04 10:02:05 baseweed-admin systemd[1]: Starting Authorization Manager...
Oct 04 10:02:05 baseweed-admin qemu-ga[667]: info: guest-exec-status called, pid: 961
Oct 04 10:02:05 baseweed-admin systemd[839]: Started qdistro browser MPRIS republisher (Bridge Phase-9e).
Oct 04 10:02:05 baseweed-admin systemd[839]: Started qdistro pwd XDG portal Secret backend (spec/13 Phase-8.3).
Oct 04 10:02:05 baseweed-admin systemd[839]: Auto-unlock the qdistro portal-keys vault at login skipped, unmet condition check ConditionPathExists=/var/lib/qdistro/vaults/portal-keys-pin.tpm
Oct 04 10:02:05 baseweed-admin qdistro_pwd_portal.py[923]: [qdistro-pwd-portal] listening on org.qdistro.PortalSecret /org/freedesktop/portal/desktop
Oct 04 10:02:05 baseweed-admin qdistro_pwd_portal.py[923]: /usr/libexec/qdistro/qdistro_pwd_portal.py:201: PyGIDeprecationWarning: GLib.unix_signal_add is deprecated; use GLibUnix.signal_add instead
Oct 04 10:02:05 baseweed-admin qdistro_pwd_portal.py[923]:   GLib.unix_signal_add(GLib.PRIORITY_HIGH, signal.SIGTERM, _on_term, None)
Oct 04 10:02:05 baseweed-admin qdistro_pwd_portal.py[923]: /usr/libexec/qdistro/qdistro_pwd_portal.py:202: PyGIDeprecationWarning: GLib.unix_signal_add is deprecated; use GLibUnix.signal_add instead
Oct 04 10:02:05 baseweed-admin qdistro_pwd_portal.py[923]:   GLib.unix_signal_add(GLib.PRIORITY_HIGH, signal.SIGINT,  _on_term, None)
Oct 04 10:02:05 baseweed-admin systemd[839]: Started qdistro browser download-notification daemon (Bridge Phase-9e).
Oct 04 10:02:05 baseweed-admin qemu-ga[667]: info: guest-exec-status called, pid: 955
Oct 04 10:02:05 baseweed-admin systemd[839]: Started qdistro browser screen-lock inhibit daemon (Bridge Phase-9e).
Oct 04 10:02:05 baseweed-admin kernel: evm: overlay not supported
Oct 04 10:02:05 baseweed-admin weston[926]: [10:02:05.448] Loading module '/usr/libexec/qdistro/qdwin-libweston/lib64/libweston-16/gl-renderer.so'
Oct 04 10:02:05 baseweed-admin polkitd[968]: Started polkitd version 127
Oct 04 10:02:05 baseweed-admin weston[926]: [10:02:05.457] warning: failed to query rendering device from EGL
Oct 04 10:02:05 baseweed-admin weston[926]: [10:02:05.457] EGL version: 1.5
Oct 04 10:02:05 baseweed-admin weston[926]: [10:02:05.457] EGL vendor: Mesa Project
Oct 04 10:02:05 baseweed-admin weston[926]: [10:02:05.457] EGL client APIs: OpenGL OpenGL_ES
Oct 04 10:02:05 baseweed-admin weston[926]: [10:02:05.457] EGL features:
Oct 04 10:02:05 baseweed-admin weston[926]:                EGL Wayland extension: no
Oct 04 10:02:05 baseweed-admin weston[926]:                context priority: no
Oct 04 10:02:05 baseweed-admin weston[926]:                buffer age: yes
Oct 04 10:02:05 baseweed-admin weston[926]:                partial update: no
Oct 04 10:02:05 baseweed-admin weston[926]:                swap buffers with damage: no
Oct 04 10:02:05 baseweed-admin weston[926]:                configless context: yes
Oct 04 10:02:05 baseweed-admin weston[926]:                surfaceless context: yes
Oct 04 10:02:05 baseweed-admin weston[926]:                dmabuf support: modifiers
Oct 04 10:02:05 baseweed-admin weston[926]:                fence sync: yes (wait)
Oct 04 10:02:05 baseweed-admin systemd[1]: Started Authorization Manager.
Oct 04 10:02:05 baseweed-admin podman[910]: 2026-10-04 10:02:05.495735875 +0000 UTC m=+1.101072010 system refresh
Oct 04 10:02:05 baseweed-admin qdistro-polkit-agent[920]: registration failed: org.freedesktop.PolicyKit1.Error.Failed: Cannot determine session the caller is in
Oct 04 10:02:05 baseweed-admin python3[920]: qdistro-polkit-agent: registration failed: org.freedesktop.PolicyKit1.Error.Failed: Cannot determine session the caller is in
Oct 04 10:02:05 baseweed-admin systemd[839]: selinux: avc:  denied  { start } for auid=n/a uid=1000 gid=1000 cmdline="podman ps -a --filter label=qdistro_disposable=1 --format {{.Names}}" function="method_start_transient_unit" scontext=system_u:system_r:qdistro_sessmgr_t:s0 tcontext=unconfined_u:unconfined_r:unconfined_t:s0-s0:c0.c1023 tclass=system permissive=1
Oct 04 10:02:05 baseweed-admin wireplumber[933]: [0:00:11.020921801] [933]  INFO Camera camera_manager.cpp:340 libcamera v0.7.2
Oct 04 10:02:05 baseweed-admin systemd[839]: Created slice Slice /user.
Oct 04 10:02:05 baseweed-admin wireplumber[933]: [0:00:11.023321390] [1002]  WARN IPAManager ipa_manager.cpp:159 No IPA found in '/usr/lib64/libcamera/ipa'
Oct 04 10:02:05 baseweed-admin wireplumber[933]: [0:00:11.023865670] [1002] ERROR DmaBufAllocator dma_buf_allocator.cpp:119 Could not open any dma-buf provider
Oct 04 10:02:05 baseweed-admin systemd[839]: Started podman-910.scope.
Oct 04 10:02:05 baseweed-admin systemd[839]: qdistro-polkit-agent.service: Main process exited, code=exited, status=1/FAILURE
Oct 04 10:02:05 baseweed-admin systemd[839]: qdistro-polkit-agent.service: Failed with result 'exit-code'.
Oct 04 10:02:05 baseweed-admin weston[926]: [10:02:05.542] GL version: OpenGL ES 3.2 Mesa 26.2.3
Oct 04 10:02:05 baseweed-admin weston[926]: [10:02:05.542] GLSL version: OpenGL ES GLSL ES 3.20
Oct 04 10:02:05 baseweed-admin weston[926]: [10:02:05.542] GL vendor: Mesa
Oct 04 10:02:05 baseweed-admin weston[926]: [10:02:05.542] GL renderer: llvmpipe (LLVM 23.1.1, 256 bits)
Oct 04 10:02:05 baseweed-admin weston[926]: [10:02:05.551] GL ES 3.2 - renderer features:
Oct 04 10:02:05 baseweed-admin weston[926]:                read-back format: ARGB8888
Oct 04 10:02:05 baseweed-admin weston[926]:                glReadPixels supports y-flip: yes
Oct 04 10:02:05 baseweed-admin weston[926]:                glReadPixels supports PBO: yes
Oct 04 10:02:05 baseweed-admin weston[926]:                wl_shm 10 bpc formats: yes
Oct 04 10:02:05 baseweed-admin weston[926]:                wl_shm 16 bpc formats: yes
Oct 04 10:02:05 baseweed-admin weston[926]:                wl_shm half-float formats: yes
Oct 04 10:02:05 baseweed-admin weston[926]:                internal R and RG formats: yes
Oct 04 10:02:05 baseweed-admin weston[926]:                OES_EGL_image_external: yes
Oct 04 10:02:05 baseweed-admin weston[926]:                GPU timeline: no
Oct 04 10:02:05 baseweed-admin weston[926]:                Texture immutability: yes
Oct 04 10:02:05 baseweed-admin weston[926]:                Required precision: yes
Oct 04 10:02:05 baseweed-admin weston[926]:                In-shader blending: yes
Oct 04 10:02:05 baseweed-admin weston[926]: [10:02:05.551] Using GL renderer
Oct 04 10:02:05 baseweed-admin systemd[839]: Started podman-pause-8f83b412.scope.
Oct 04 10:02:05 baseweed-admin runuser[871]: pam_unix(runuser:session): session closed for user admin
Oct 04 10:02:05 baseweed-admin runuser[1007]: pam_unix(runuser:session): session opened for user admin(uid=1000) by (uid=0)
Oct 04 10:02:05 baseweed-admin systemd[839]: Started podman-1018.scope.
Oct 04 10:02:05 baseweed-admin runuser[1007]: pam_unix(runuser:session): session closed for user admin
Oct 04 10:02:05 baseweed-admin qdistro_session_manager.py[712]: 2026-10-04 10:02:05,684 INFO qdistro_session_manager: disposable lease sweeps (TTL + proctree-empty) every 60s
Oct 04 10:02:05 baseweed-admin weston[926]: [10:02:05.713] event3  - QEMU QEMU USB Tablet: is tagged by udev as: Mouse
Oct 04 10:02:05 baseweed-admin weston[926]: [10:02:05.715] event3  - QEMU QEMU USB Tablet: device is a pointer
Oct 04 10:02:05 baseweed-admin weston[926]: [10:02:05.716] event4  - Power Button: is tagged by udev as: Keyboard
Oct 04 10:02:05 baseweed-admin weston[926]: [10:02:05.716] event4  - Power Button: device is a keyboard
Oct 04 10:02:05 baseweed-admin weston[926]: [10:02:05.718] event0  - AT Translated Set 2 keyboard: is tagged by udev as: Keyboard
Oct 04 10:02:05 baseweed-admin weston[926]: [10:02:05.718] event0  - AT Translated Set 2 keyboard: device is a keyboard
Oct 04 10:02:05 baseweed-admin weston[926]: [10:02:05.719] event2  - VirtualPS/2 VMware VMMouse: is tagged by udev as: Mouse
Oct 04 10:02:05 baseweed-admin weston[926]: [10:02:05.719] event2  - VirtualPS/2 VMware VMMouse: emulating high-resolution scroll wheel events.
Oct 04 10:02:05 baseweed-admin weston[926]: [10:02:05.719] event2  - VirtualPS/2 VMware VMMouse: device is a pointer
Oct 04 10:02:05 baseweed-admin weston[926]: [10:02:05.720] event1  - VirtualPS/2 VMware VMMouse: is tagged by udev as: Mouse
Oct 04 10:02:05 baseweed-admin weston[926]: [10:02:05.721] event1  - VirtualPS/2 VMware VMMouse: device is a pointer
Oct 04 10:02:05 baseweed-admin weston[926]: [10:02:05.722] event5  - PC Speaker: not tagged as supported input device
Oct 04 10:02:05 baseweed-admin weston[926]: [10:02:05.740] event5  - not using input device '/dev/input/event5'
Oct 04 10:02:05 baseweed-admin weston[926]: [10:02:05.741] event6  - ydotoold virtual device: is tagged by udev as: Keyboard
Oct 04 10:02:05 baseweed-admin weston[926]: [10:02:05.741] event6  - ydotoold virtual device: emulating high-resolution scroll wheel events.
Oct 04 10:02:05 baseweed-admin weston[926]: [10:02:05.741] event6  - ydotoold virtual device: device is a keyboard
Oct 04 10:02:05 baseweed-admin weston[926]: [10:02:05.741] libinput: configuring device "QEMU QEMU USB Tablet".
Oct 04 10:02:05 baseweed-admin weston[926]: [10:02:05.741] input device event3 has no enabled output associated (none named), skipping calibration for now.
Oct 04 10:02:05 baseweed-admin weston[926]: [10:02:05.750] libinput: configuring device "Power Button".
Oct 04 10:02:05 baseweed-admin weston[926]: [10:02:05.750] libinput: configuring device "AT Translated Set 2 keyboard".
Oct 04 10:02:05 baseweed-admin weston[926]: [10:02:05.750] libinput: configuring device "VirtualPS/2 VMware VMMouse".
Oct 04 10:02:05 baseweed-admin weston[926]: [10:02:05.750] libinput: configuring device "VirtualPS/2 VMware VMMouse".
Oct 04 10:02:05 baseweed-admin weston[926]: [10:02:05.750] input device event1 has no enabled output associated (none named), skipping calibration for now.
Oct 04 10:02:05 baseweed-admin weston[926]: [10:02:05.750] libinput: configuring device "ydotoold virtual device".
Oct 04 10:02:05 baseweed-admin weston[926]: [10:02:05.750] Registered plugin API 'weston_drm_output_api_v1' of size 40
Oct 04 10:02:05 baseweed-admin weston[926]: [10:02:05.750] Loading module '/usr/libexec/qdistro/qdwin-libweston/lib64/libweston-16/pipewire-backend.so'
Oct 04 10:02:05 baseweed-admin weston[926]: [10:02:05.751] Initializing PipeWire backend
Oct 04 10:02:05 baseweed-admin weston[926]: [10:02:05.755] Registered plugin API 'weston_pipewire_output_api_v2' of size 24
Oct 04 10:02:05 baseweed-admin weston[926]: [10:02:05.755] Color manager: no-op
Oct 04 10:02:05 baseweed-admin weston[926]:                  protocol support: no
Oct 04 10:02:05 baseweed-admin weston[926]: [10:02:05.755] Setting output 'Virtual-1' to color AUTO format
Oct 04 10:02:05 baseweed-admin weston[926]: [10:02:05.755] Output 'Virtual-1' attempts EOTF mode SDR and colorimetry mode default.
Oct 04 10:02:05 baseweed-admin weston[926]: [10:02:05.755] Output 'Virtual-1' using color profile: stock sRGB color profile
Oct 04 10:02:05 baseweed-admin weston[926]: [10:02:05.755] Chosen EGL config details: id:  46 rgba: 8 8 8 0 buf: 24 dep:  0 stcl: 0 int: 1-1 type: win val: fix vis_id: XRGB8888 (0x34325258)
Oct 04 10:02:05 baseweed-admin weston[926]: [10:02:05.756] Output Virtual-1 (crtc 39) video modes:
Oct 04 10:02:05 baseweed-admin weston[926]:                1280x800@75.0, preferred, 107.3 MHz
Oct 04 10:02:05 baseweed-admin weston[926]:                5120x2160@50.0 64:27, 742.5 MHz
Oct 04 10:02:05 baseweed-admin weston[926]:                4096x2160@50.0 256:135, 594.0 MHz
Oct 04 10:02:05 baseweed-admin weston[926]:                3840x2160@60.0 16:9, 594.0 MHz
Oct 04 10:02:05 baseweed-admin weston[926]:                3840x2160@59.9 16:9, 593.4 MHz
Oct 04 10:02:05 baseweed-admin weston[926]:                3840x2160@50.0 16:9, 594.0 MHz
Oct 04 10:02:05 baseweed-admin weston[926]:                1920x1440@60.0, 234.0 MHz
Oct 04 10:02:05 baseweed-admin weston[926]:                2560x1080@50.0 64:27, 185.6 MHz
Oct 04 10:02:05 baseweed-admin weston[926]:                1856x1392@60.0, 218.2 MHz
Oct 04 10:02:05 baseweed-admin weston[926]:                1792x1344@60.0, 204.8 MHz
Oct 04 10:02:05 baseweed-admin weston[926]:                2048x1152@60.0, 162.0 MHz
Oct 04 10:02:05 baseweed-admin weston[926]:                1920x1200@59.9, 193.2 MHz
Oct 04 10:02:05 baseweed-admin weston[926]:                1920x1080@60.0, current, 148.5 MHz
Oct 04 10:02:05 baseweed-admin weston[926]:                1920x1080@50.0 16:9, 148.5 MHz
Oct 04 10:02:05 baseweed-admin weston[926]:                1600x1200@60.0, 162.0 MHz
Oct 04 10:02:05 baseweed-admin weston[926]:                1680x1050@60.0, 146.2 MHz
Oct 04 10:02:05 baseweed-admin weston[926]:                1400x1050@60.0, 121.8 MHz
Oct 04 10:02:05 baseweed-admin weston[926]:                1280x1024@60.0, 108.0 MHz
Oct 04 10:02:05 baseweed-admin weston[926]:                1440x900@59.9, 106.5 MHz
Oct 04 10:02:05 baseweed-admin weston[926]:                1280x960@60.0, 108.0 MHz
Oct 04 10:02:05 baseweed-admin weston[926]:                1360x768@60.0, 85.5 MHz
Oct 04 10:02:05 baseweed-admin weston[926]:                1280x768@59.9, 79.5 MHz
Oct 04 10:02:05 baseweed-admin weston[926]:                1024x768@60.0, 65.0 MHz
Oct 04 10:02:05 baseweed-admin weston[926]:                800x600@60.3, 40.0 MHz
Oct 04 10:02:05 baseweed-admin weston[926]:                640x480@60.0 4:3, 25.2 MHz
Oct 04 10:02:05 baseweed-admin weston[926]:                640x480@59.9, 25.2 MHz
Oct 04 10:02:05 baseweed-admin weston[926]: [10:02:05.756] associating input device event3 with output Virtual-1 (none by udev)
Oct 04 10:02:05 baseweed-admin weston[926]: [10:02:05.756] associating input device event4 with output Virtual-1 (none by udev)
Oct 04 10:02:05 baseweed-admin weston[926]: [10:02:05.756] associating input device event0 with output Virtual-1 (none by udev)
Oct 04 10:02:05 baseweed-admin weston[926]: [10:02:05.756] associating input device event2 with output Virtual-1 (none by udev)
Oct 04 10:02:05 baseweed-admin weston[926]: [10:02:05.756] associating input device event1 with output Virtual-1 (none by udev)
Oct 04 10:02:05 baseweed-admin weston[926]: [10:02:05.756] associating input device event6 with output Virtual-1 (none by udev)
Oct 04 10:02:05 baseweed-admin weston[926]: [10:02:05.756] Output 'Virtual-1' enabled with head(s) Virtual-1
Oct 04 10:02:05 baseweed-admin weston[926]: [10:02:05.756] pipewire_backend_output_configure.. Done
Oct 04 10:02:05 baseweed-admin weston[926]: [10:02:05.756] Output 'pipewire-0' attempts EOTF mode SDR and colorimetry mode default.
Oct 04 10:02:05 baseweed-admin weston[926]: [10:02:05.756] Output 'pipewire-0' using color profile: stock sRGB color profile
Oct 04 10:02:05 baseweed-admin weston[926]: [10:02:05.816] Output 'pipewire-0' enabled with head(s) pipewire-0
Oct 04 10:02:05 baseweed-admin weston[926]: [10:02:05.817] pipewire_backend_output_configure.. Done
Oct 04 10:02:05 baseweed-admin weston[926]: [10:02:05.817] Output 'pipewire-1' attempts EOTF mode SDR and colorimetry mode default.
Oct 04 10:02:05 baseweed-admin weston[926]: [10:02:05.817] Output 'pipewire-1' using color profile: stock sRGB color profile
Oct 04 10:02:05 baseweed-admin weston[926]: [10:02:05.817] Output 'pipewire-1' enabled with head(s) pipewire-1
Oct 04 10:02:05 baseweed-admin weston[926]: [10:02:05.817] Compositor capabilities:
Oct 04 10:02:05 baseweed-admin weston[926]:                arbitrary surface rotation: yes
Oct 04 10:02:05 baseweed-admin weston[926]:                screen capture uses y-flip: yes
Oct 04 10:02:05 baseweed-admin weston[926]:                cursor planes: yes
Oct 04 10:02:05 baseweed-admin weston[926]:                arbitrary resolutions: yes
Oct 04 10:02:05 baseweed-admin weston[926]:                view mask clipping: yes
Oct 04 10:02:05 baseweed-admin weston[926]:                explicit sync: no
Oct 04 10:02:05 baseweed-admin weston[926]:                color operations: yes
Oct 04 10:02:05 baseweed-admin weston[926]:                color representation: yes
Oct 04 10:02:05 baseweed-admin weston[926]:                in-shader blending: yes
Oct 04 10:02:05 baseweed-admin weston[926]:                presentation clock: CLOCK_MONOTONIC, id 1
Oct 04 10:02:05 baseweed-admin weston[926]:                presentation clock resolution: 0.000000001 s
Oct 04 10:02:05 baseweed-admin weston[926]: [10:02:05.817] Loading module '/usr/lib64/weston/qdwin-shell.so'
Oct 04 10:02:05 baseweed-admin weston[926]: [10:02:05.818] qdwin: locker bind policy defaulting to entrypoint=/usr/local/bin/qdlocker:/usr/bin/qdlocker (system interpreter + root-owned entrypoint; no explicit policy configured); set --qdwin-allowed-locker-any to override to uid-only
Oct 04 10:02:05 baseweed-admin weston[926]: [10:02:05.818] qdwin: locker bind policy uid=1000 entrypoint=/usr/local/bin/qdlocker:/usr/bin/qdlocker exe=(any) label=(any)
Oct 04 10:02:05 baseweed-admin weston[926]: [10:02:05.818] qdwin: ext-idle-notify idle_time=0 internal_mode=1
Oct 04 10:02:05 baseweed-admin weston[926]: [10:02:05.819] qdwin: cursor-shape theme=(default) size=24 loaded=0/36
Oct 04 10:02:05 baseweed-admin weston[926]: [10:02:05.819] qdwin: layer-popup grab handler registered
Oct 04 10:02:05 baseweed-admin weston[926]: [10:02:05.819] qdwin/nested-proxy: default keyboard grab installed on seat 'default'
Oct 04 10:02:05 baseweed-admin weston[926]: [10:02:05.819] qdwin: background curtain 3200x1080 installed
Oct 04 10:02:05 baseweed-admin weston[926]: [10:02:05.819] qdwin: WARNING shell-authorized output capture enabled via QDWIN_ENABLE_SHELL_CAPTURE — dev/test only, do not use in production
Oct 04 10:02:05 baseweed-admin weston[926]: [10:02:05.819] qdwin: retained-frame capture armed on output=Virtual-1
Oct 04 10:02:05 baseweed-admin weston[926]: [10:02:05.819] qdwin: shell loaded (allowed_uid=1000); desktop + qdwin_shell_v1 ready
Oct 04 10:02:05 baseweed-admin weston[926]: [10:02:05.819] Loading module '/usr/lib64/libweston-16/xwayland.so'
Oct 04 10:02:05 baseweed-admin weston[926]: [10:02:05.820] Registered plugin API 'weston_xwayland_v3' of size 32
Oct 04 10:02:05 baseweed-admin weston[926]: [10:02:05.820] Registered plugin API 'weston_xwayland_surface_v2' of size 24
Oct 04 10:02:05 baseweed-admin weston[926]: [10:02:05.821] xserver listening on display :0
Oct 04 10:02:05 baseweed-admin systemd[839]: Started qdistro screen locker (qdlocker).
Oct 04 10:02:05 baseweed-admin systemd[839]: Started qdshell desktop (Quickshell QML on top of qdwin).
Oct 04 10:02:05 baseweed-admin systemd[839]: Reached target qdistro desktop session (qdwin compositor + qdshell).
Oct 04 10:02:05 baseweed-admin systemd[839]: Reached target Main User Target.
Oct 04 10:02:05 baseweed-admin systemd[839]: Started qdistro cursor sprite supplier for qdwin.
Oct 04 10:02:05 baseweed-admin systemd[839]: Startup finished in 2.383s.
Oct 04 10:02:05 baseweed-admin weston[926]: [10:02:05.981] qdwin: bind attempt pid=1035 uid=1000 (allowed_uid=1000)
Oct 04 10:02:05 baseweed-admin weston[926]: [10:02:05.982] qdwin: bind accepted for uid=1000, hello sent
Oct 04 10:02:05 baseweed-admin qdistro-cursor-sprites[1035]: [cursor-sprites 1035] registered shape=1 via=xcursor
Oct 04 10:02:05 baseweed-admin weston[926]: [10:02:05.983] qdwin: cursor-sprite registered shape=default hotspot=3,1
Oct 04 10:02:05 baseweed-admin weston[926]: [10:02:05.983] qdwin: cursor_retry_install: scheduling first retry in 1000ms
Oct 04 10:02:05 baseweed-admin qdistro-cursor-sprites[1035]: [cursor-sprites 1035] registered shape=2 via=xcursor
Oct 04 10:02:05 baseweed-admin weston[926]: [10:02:05.983] qdwin: cursor-sprite registered shape=context-menu hotspot=3,1
Oct 04 10:02:05 baseweed-admin qdistro-cursor-sprites[1035]: [cursor-sprites 1035] registered shape=3 via=xcursor
Oct 04 10:02:05 baseweed-admin weston[926]: [10:02:05.984] qdwin: cursor-sprite registered shape=help hotspot=12,21
Oct 04 10:02:05 baseweed-admin qdistro-cursor-sprites[1035]: [cursor-sprites 1035] registered shape=4 via=xcursor
Oct 04 10:02:05 baseweed-admin weston[926]: [10:02:05.984] qdwin: cursor-sprite registered shape=pointer hotspot=7,5
Oct 04 10:02:05 baseweed-admin qdistro-cursor-sprites[1035]: [cursor-sprites 1035] registered shape=5 via=xcursor
Oct 04 10:02:05 baseweed-admin weston[926]: [10:02:05.999] qdwin: cursor-sprite registered shape=progress hotspot=3,1
Oct 04 10:02:06 baseweed-admin weston[926]: [10:02:06.008] qdwin: cursor-sprite registered shape=wait hotspot=11,11
Oct 04 10:02:06 baseweed-admin qdistro-cursor-sprites[1035]: [cursor-sprites 1035] registered shape=6 via=xcursor
Oct 04 10:02:06 baseweed-admin qdistro-cursor-sprites[1035]: [cursor-sprites 1035] registered shape=7 via=xcursor
Oct 04 10:02:06 baseweed-admin weston[926]: [10:02:06.009] qdwin: cursor-sprite registered shape=cell hotspot=11,11
Oct 04 10:02:06 baseweed-admin weston[926]: [10:02:06.009] qdwin: cursor-sprite registered shape=crosshair hotspot=11,11
Oct 04 10:02:06 baseweed-admin qdistro-cursor-sprites[1035]: [cursor-sprites 1035] registered shape=8 via=xcursor
Oct 04 10:02:06 baseweed-admin qdistro-cursor-sprites[1035]: [cursor-sprites 1035] registered shape=9 via=xcursor
Oct 04 10:02:06 baseweed-admin weston[926]: [10:02:06.009] qdwin: cursor-sprite registered shape=text hotspot=11,12
Oct 04 10:02:06 baseweed-admin qdistro-cursor-sprites[1035]: [cursor-sprites 1035] registered shape=10 via=xcursor
Oct 04 10:02:06 baseweed-admin weston[926]: [10:02:06.009] qdwin: cursor-sprite registered shape=vertical-text hotspot=12,11
Oct 04 10:02:06 baseweed-admin qdistro-cursor-sprites[1035]: [cursor-sprites 1035] registered shape=11 via=xcursor
Oct 04 10:02:06 baseweed-admin qdistro-cursor-sprites[1035]: [cursor-sprites 1035] registered shape=12 via=xcursor
Oct 04 10:02:06 baseweed-admin weston[926]: [10:02:06.010] qdwin: cursor-sprite registered shape=alias hotspot=18,5
Oct 04 10:02:06 baseweed-admin weston[926]: [10:02:06.010] qdwin: cursor-sprite registered shape=copy hotspot=3,1
Oct 04 10:02:06 baseweed-admin qdistro-cursor-sprites[1035]: [cursor-sprites 1035] registered shape=13 via=xcursor
Oct 04 10:02:06 baseweed-admin weston[926]: [10:02:06.010] qdwin: cursor-sprite registered shape=move hotspot=3,1
Oct 04 10:02:06 baseweed-admin qdistro-cursor-sprites[1035]: [cursor-sprites 1035] registered shape=14 via=xcursor
Oct 04 10:02:06 baseweed-admin weston[926]: [10:02:06.010] qdwin: cursor-sprite registered shape=no-drop hotspot=3,1
Oct 04 10:02:06 baseweed-admin qdistro-cursor-sprites[1035]: [cursor-sprites 1035] registered shape=15 via=xcursor
Oct 04 10:02:06 baseweed-admin weston[926]: [10:02:06.011] qdwin: cursor-sprite registered shape=not-allowed hotspot=12,12
Oct 04 10:02:06 baseweed-admin qdistro-cursor-sprites[1035]: [cursor-sprites 1035] registered shape=16 via=xcursor
Oct 04 10:02:06 baseweed-admin weston[926]: [10:02:06.011] qdwin: cursor-sprite registered shape=grab hotspot=11,2
Oct 04 10:02:06 baseweed-admin qdistro-cursor-sprites[1035]: [cursor-sprites 1035] registered shape=17 via=xcursor
Oct 04 10:02:06 baseweed-admin weston[926]: [10:02:06.011] qdwin: cursor-sprite registered shape=grabbing hotspot=9,5
Oct 04 10:02:06 baseweed-admin qdistro-cursor-sprites[1035]: [cursor-sprites 1035] registered shape=18 via=xcursor
Oct 04 10:02:06 baseweed-admin weston[926]: [10:02:06.012] qdwin: cursor-sprite registered shape=e-resize hotspot=19,13
Oct 04 10:02:06 baseweed-admin qdistro-cursor-sprites[1035]: [cursor-sprites 1035] registered shape=19 via=xcursor
Oct 04 10:02:06 baseweed-admin weston[926]: [10:02:06.012] qdwin: cursor-sprite registered shape=n-resize hotspot=13,6
Oct 04 10:02:06 baseweed-admin qdistro-cursor-sprites[1035]: [cursor-sprites 1035] registered shape=20 via=xcursor
Oct 04 10:02:06 baseweed-admin qdistro-cursor-sprites[1035]: [cursor-sprites 1035] registered shape=21 via=xcursor
Oct 04 10:02:06 baseweed-admin qdistro-cursor-sprites[1035]: [cursor-sprites 1035] registered shape=22 via=xcursor
Oct 04 10:02:06 baseweed-admin weston[926]: [10:02:06.012] qdwin: cursor-sprite registered shape=ne-resize hotspot=15,10
Oct 04 10:02:06 baseweed-admin weston[926]: [10:02:06.012] qdwin: cursor-sprite registered shape=nw-resize hotspot=10,10
Oct 04 10:02:06 baseweed-admin weston[926]: [10:02:06.013] qdwin: cursor-sprite registered shape=s-resize hotspot=13,18
Oct 04 10:02:06 baseweed-admin qdistro-cursor-sprites[1035]: [cursor-sprites 1035] registered shape=23 via=xcursor
Oct 04 10:02:06 baseweed-admin qdistro-cursor-sprites[1035]: [cursor-sprites 1035] registered shape=24 via=xcursor
Oct 04 10:02:06 baseweed-admin qdistro-cursor-sprites[1035]: [cursor-sprites 1035] registered shape=25 via=xcursor
Oct 04 10:02:06 baseweed-admin weston[926]: [10:02:06.013] qdwin: cursor-sprite registered shape=se-resize hotspot=15,15
Oct 04 10:02:06 baseweed-admin weston[926]: [10:02:06.014] qdwin: cursor-sprite registered shape=sw-resize hotspot=10,15
Oct 04 10:02:06 baseweed-admin weston[926]: [10:02:06.014] qdwin: cursor-sprite registered shape=w-resize hotspot=6,13
Oct 04 10:02:06 baseweed-admin qdistro-cursor-sprites[1035]: [cursor-sprites 1035] registered shape=26 via=xcursor
Oct 04 10:02:06 baseweed-admin weston[926]: [10:02:06.014] qdwin: cursor-sprite registered shape=ew-resize hotspot=12,12
Oct 04 10:02:06 baseweed-admin qdistro-cursor-sprites[1035]: [cursor-sprites 1035] registered shape=27 via=xcursor
Oct 04 10:02:06 baseweed-admin weston[926]: [10:02:06.014] qdwin: cursor-sprite registered shape=ns-resize hotspot=12,13
Oct 04 10:02:06 baseweed-admin qdistro-cursor-sprites[1035]: [cursor-sprites 1035] registered shape=28 via=xcursor
Oct 04 10:02:06 baseweed-admin weston[926]: [10:02:06.015] qdwin: cursor-sprite registered shape=nesw-resize hotspot=11,11
Oct 04 10:02:06 baseweed-admin qdistro-cursor-sprites[1035]: [cursor-sprites 1035] registered shape=29 via=xcursor
Oct 04 10:02:06 baseweed-admin weston[926]: [10:02:06.015] qdwin: cursor-sprite registered shape=nwse-resize hotspot=11,11
Oct 04 10:02:06 baseweed-admin qdistro-cursor-sprites[1035]: [cursor-sprites 1035] registered shape=30 via=xcursor
Oct 04 10:02:06 baseweed-admin weston[926]: [10:02:06.015] qdwin: cursor-sprite registered shape=col-resize hotspot=12,12
Oct 04 10:02:06 baseweed-admin qdistro-cursor-sprites[1035]: [cursor-sprites 1035] registered shape=31 via=xcursor
Oct 04 10:02:06 baseweed-admin weston[926]: [10:02:06.016] qdwin: cursor-sprite registered shape=row-resize hotspot=12,13
Oct 04 10:02:06 baseweed-admin qdistro-cursor-sprites[1035]: [cursor-sprites 1035] registered shape=32 via=xcursor
Oct 04 10:02:06 baseweed-admin weston[926]: [10:02:06.016] qdwin: cursor-sprite registered shape=all-scroll hotspot=11,11
Oct 04 10:02:06 baseweed-admin qdistro-cursor-sprites[1035]: [cursor-sprites 1035] registered shape=33 via=xcursor
Oct 04 10:02:06 baseweed-admin weston[926]: [10:02:06.016] qdwin: cursor-sprite registered shape=zoom-in hotspot=11,10
Oct 04 10:02:06 baseweed-admin qdistro-cursor-sprites[1035]: [cursor-sprites 1035] registered shape=34 via=xcursor
Oct 04 10:02:06 baseweed-admin qdistro-cursor-sprites[1035]: [cursor-sprites 1035] registered shape=35 via=xcursor
Oct 04 10:02:06 baseweed-admin weston[926]: [10:02:06.017] qdwin: cursor-sprite registered shape=zoom-out hotspot=11,10
Oct 04 10:02:06 baseweed-admin weston[926]: [10:02:06.017] qdwin: cursor-sprite registered shape=dnd-ask hotspot=3,1
Oct 04 10:02:06 baseweed-admin qdistro-cursor-sprites[1035]: [cursor-sprites 1035] registered shape=36 via=xcursor
Oct 04 10:02:06 baseweed-admin qdistro-cursor-sprites[1035]: [cursor-sprites 1035] theme summary: xcursor=36 synthetic=0
Oct 04 10:02:06 baseweed-admin weston[926]: [10:02:06.017] qdwin: cursor-sprite registered shape=all-resize hotspot=12,11
Oct 04 10:02:06 baseweed-admin qdistro-cursor-sprites[1035]: [cursor-sprites 1035] registration complete; pausing on signalfd (SIGTERM exits cleanly)
Oct 04 10:02:06 baseweed-admin dbus-run-session[1037]: No running instances for "/usr/share/quickshell/qdshell/shell.qml"
Oct 04 10:02:06 baseweed-admin dbus-run-session[1037]:   INFO: Launching config: "/usr/share/quickshell/qdshell/shell.qml"
Oct 04 10:02:06 baseweed-admin dbus-run-session[1037]:   INFO: Shell ID: "0d0d1ceeb7f0392fec595c8531945b05" Path ID "0d0d1ceeb7f0392fec595c8531945b05"
Oct 04 10:02:06 baseweed-admin dbus-run-session[1037]:   INFO: Saving logs to "/run/user/1000/quickshell/by-id/tsivndmt/log.qslog"
Oct 04 10:02:06 baseweed-admin qdlocker[1032]: 2026-10-04 10:02:06,238 qdlocker.app INFO using built-in defaults (no trusted config file found)
Oct 04 10:02:06 baseweed-admin qdlocker[1032]: 2026-10-04 10:02:06,270 qdlocker.auth INFO PAM service from env: qdlocker
Oct 04 10:02:06 baseweed-admin dbus-run-session[1037]: MESA-EGL: warning: failed to get driver name for fd -1
Oct 04 10:02:06 baseweed-admin dbus-run-session[1037]: MESA-EGL: warning: MESA-LOADER: failed to retrieve device information
Oct 04 10:02:06 baseweed-admin dbus-run-session[1037]: MESA-EGL: warning: failed to get driver name for fd -1
Oct 04 10:02:06 baseweed-admin weston[926]: [10:02:06.533] qdwin: locker bind attempt pid=1032 uid=1000 (allowed_locker_uid=1000)
Oct 04 10:02:06 baseweed-admin weston[926]: [10:02:06.533] qdwin: locker bound pid=1032 uid=1000 (initially_locked=0)
Oct 04 10:02:06 baseweed-admin qdlocker[1032]: 2026-10-04 10:02:06,533 qdlocker.wayland INFO locker connected
Oct 04 10:02:06 baseweed-admin qdlocker[1032]: 2026-10-04 10:02:06,538 qdlocker.idle INFO idle watcher started; timeout=300000ms
Oct 04 10:02:06 baseweed-admin qdlocker[1032]: 2026-10-04 10:02:06,540 qdlocker.ctrl INFO ctrl socket at /run/user/1000/qdlocker.sock
Oct 04 10:02:06 baseweed-admin qdlocker[1032]: 2026-10-04 10:02:06,546 qdlocker.app INFO locker bound; initially_locked=False
Oct 04 10:02:06 baseweed-admin dbus-run-session[1037]: MESA: error: ZINK: failed to choose pdev
Oct 04 10:02:06 baseweed-admin dbus-run-session[1037]: MESA-EGL: warning: egl: failed to create dri2 screen
Oct 04 10:02:06 baseweed-admin qdlocker[1032]: 2026-10-04 10:02:06,645 qdlocker.logind INFO logind sleep delay-inhibitor acquired (fd=20)
Oct 04 10:02:06 baseweed-admin qdlocker[1032]: 2026-10-04 10:02:06,647 qdlocker.logind WARNING cannot identify one owned active Wayland session (0 candidates); session lock unavailable
Oct 04 10:02:06 baseweed-admin qdlocker[1032]: 2026-10-04 10:02:06,647 qdlocker.logind INFO logind automatic sleep locking ready; session=None
Oct 04 10:02:07 baseweed-admin chronyd[750]: Received KoD RATE from 46.28.110.153
Oct 04 10:02:07 baseweed-admin chronyd[750]: Selected source 188.124.59.142 (2.opensuse.pool.ntp.org)
Oct 04 10:02:07 baseweed-admin chronyd[750]: System clock wrong by 16.567369 seconds
Oct 04 10:02:24 baseweed-admin chronyd[750]: System clock was stepped by 16.567369 seconds
Oct 04 10:02:24 baseweed-admin dbus-run-session[1037]:   INFO qml: [20261004-100224]           I18n Service started
Oct 04 10:02:24 baseweed-admin dbus-run-session[1037]:   INFO qml: [20261004-100224]           I18n Loading "en" (locale: "en-Latn-US")
Oct 04 10:02:24 baseweed-admin dbus-run-session[1037]:   INFO qml: [20261004-100224]          Shell ---------------------------
Oct 04 10:02:24 baseweed-admin dbus-run-session[1037]:   INFO qml: [20261004-100224]          Shell Qdshell Hello!
Oct 04 10:02:24 baseweed-admin dbus-run-session[1037]:   WARN scene: @Commons/I18n.qml[104:5]: Unable to assign QJSValue to QObject*
Oct 04 10:02:24 baseweed-admin dbus-run-session[1037]:   INFO: Configuration Loaded
Oct 04 10:02:24 baseweed-admin chronyd[750]: Selected source 193.165.135.230 (2.opensuse.pool.ntp.org)
Oct 04 10:02:24 baseweed-admin dbus-run-session[1037]:   WARN scene: @Commons/I18n.qml[104:5]: Unable to assign QJSValue to QObject*
Oct 04 10:02:24 baseweed-admin dbus-run-session[1037]:   INFO qml: [20261004-100224]       Settings Settings loaded
Oct 04 10:02:24 baseweed-admin dbus-run-session[1037]:   INFO qml: [20261004-100224]           I18n Loaded translations for "en"
Oct 04 10:02:24 baseweed-admin dbus-run-session[1037]:   INFO qml: [20261004-100224] PluginRegistry Loaded plugin states from: /home/admin/.config/qdshell/plugins.json
Oct 04 10:02:24 baseweed-admin dbus-run-session[1037]:   INFO qml: [20261004-100224] PluginRegistry Scanning plugin folder: /home/admin/.config/qdshell/plugins
Oct 04 10:02:24 baseweed-admin dbus-run-session[1037]:   INFO qml: [20261004-100224]          Icons Service started
Oct 04 10:02:24 baseweed-admin dbus-run-session[1037]:   INFO: ctrl-server: listening on /run/user/1000/qdshell.sock
Oct 04 10:02:24 baseweed-admin dbus-run-session[1037]:   WARN scene: QML Connections at @Services/Hardware/BrightnessService.qml[66:3]: Detected function "onEnableDdcSupportChanged" in Connections element. This is probably intended to be a signal handler but no signal of the target matches the name.
Oct 04 10:02:24 baseweed-admin dbus-run-session[1037]:   INFO qml: [20261004-100224]     Brightness Service started
Oct 04 10:02:24 baseweed-admin qemu-ga[667]: info: guest-exec called: "/bin/sh -c [ -S /run/user/1000/wayland-1 ] && echo yes || echo no"
Oct 04 10:02:25 baseweed-admin dbus-run-session[1037]:   INFO qml: [20261004-100225] DesktopWidgetR Service started
Oct 04 10:02:25 baseweed-admin qemu-ga[667]: info: guest-exec called: "/bin/sh -c qd_startof() {
                                               awk 'match($0,/\)[^)]*$/){s=substr($0,RSTART+2);split(s,f," ");print f[20]}' "/proc/$1/stat" 2>/dev/null
                                             }
                                             qd_ident_s=$(qd_startof 1069)
                                             # The guest's boot id rides along: a (pid, start time) pair is unique only
                                             # WITHIN one boot, and the orphan registry must never match it against a later
                                             # incarnation of the same VM name. "boot=" with nothing after it means the id
                                             # was unreadable; the host then does not register the command.
                                             qd_ident_b=$(cat /proc/sys/kernel/random/boot_id 2>/dev/null)
                                             if [ -n "$qd_ident_s" ]; then printf 'start=%s boot=%s\n' "$qd_ident_s" "$qd_ident_b"; else printf 'gone\n'; fi"
Oct 04 10:02:25 baseweed-admin dbus-run-session[1037]:   WARN scene: QML Connections at @Services/UI/BarService.qml[147:3]: Detected function "onDisplayModeChanged" in Connections element. This is probably intended to be a signal handler but no signal of the target matches the name.
Oct 04 10:02:25 baseweed-admin dbus-run-session[1037]:   WARN scene: QML Connections at @Services/UI/BarService.qml[147:3]: Detected function "onScreenOverridesChanged" in Connections element. This is probably intended to be a signal handler but no signal of the target matches the name.
Oct 04 10:02:25 baseweed-admin dbus-run-session[1037]:   INFO qml: [20261004-100225]     BarService Service started
Oct 04 10:02:25 baseweed-admin dbus-run-session[1037]:   WARN scene: QML Connections at @Services/Networking/NetworkService.qml[73:3]: Detected function "onWifiEnabledChanged" in Connections element. This is probably intended to be a signal handler but no signal of the target matches the name.
Oct 04 10:02:25 baseweed-admin dbus-run-session[1037]:   INFO qml: [20261004-100225]        Network Service started
Oct 04 10:02:25 baseweed-admin dbus-run-session[1037]:   WARN scene: QML Connections at @Modules/Panels/Dock/StaticDockPanel.qml[350:3]: Detected function "onPinnedAppsChanged" in Connections element. This is probably intended to be a signal handler but no signal of the target matches the name.
Oct 04 10:02:25 baseweed-admin dbus-run-session[1037]:   WARN scene: QML Connections at @Modules/Panels/Dock/StaticDockPanel.qml[350:3]: Detected function "onOnlySameOutputChanged" in Connections element. This is probably intended to be a signal handler but no signal of the target matches the name.
Oct 04 10:02:25 baseweed-admin dbus-run-session[1037]:   WARN scene: QML Connections at @Services/System/SystemStatService.qml[320:3]: Detected function "onEnableDgpuMonitoringChanged" in Connections element. This is probably intended to be a signal handler but no signal of the target matches the name.
Oct 04 10:02:25 baseweed-admin dbus-run-session[1037]:   INFO qml: [20261004-100225]     SystemStat Service started (polling deferred until a consumer registers).
Oct 04 10:02:25 baseweed-admin qemu-ga[667]: info: guest-exec-status called, pid: 1071
Oct 04 10:02:25 baseweed-admin dbus-run-session[1037]:   WARN scene: QML Connections at @Modules/Panels/Dock/StaticDockPanel.qml[350:3]: Detected function "onPinnedAppsChanged" in Connections element. This is probably intended to be a signal handler but no signal of the target matches the name.
Oct 04 10:02:25 baseweed-admin dbus-run-session[1037]:   WARN scene: QML Connections at @Modules/Panels/Dock/StaticDockPanel.qml[350:3]: Detected function "onOnlySameOutputChanged" in Connections element. This is probably intended to be a signal handler but no signal of the target matches the name.
Oct 04 10:02:25 baseweed-admin qemu-ga[667]: info: guest-exec-status called, pid: 1069
Oct 04 10:02:25 baseweed-admin dbus-run-session[1037]:   WARN scene: QML Connections at @Modules/Panels/Dock/StaticDockPanel.qml[350:3]: Detected function "onPinnedAppsChanged" in Connections element. This is probably intended to be a signal handler but no signal of the target matches the name.
Oct 04 10:02:25 baseweed-admin dbus-run-session[1037]:   WARN scene: QML Connections at @Modules/Panels/Dock/StaticDockPanel.qml[350:3]: Detected function "onOnlySameOutputChanged" in Connections element. This is probably intended to be a signal handler but no signal of the target matches the name.
Oct 04 10:02:25 baseweed-admin dbus-run-session[1037]:   WARN scene: QML Connections at @Services/UI/WallpaperService.qml[140:3]: Detected function "onWallpaperDownloaded" in Connections element. This is probably intended to be a signal handler but no signal of the target matches the name.
Oct 04 10:02:25 baseweed-admin dbus-run-session[1037]:   WARN scene: QML Connections at @Services/UI/WallpaperService.qml[61:3]: Detected function "onDirectoryChanged" in Connections element. This is probably intended to be a signal handler but no signal of the target matches the name.
Oct 04 10:02:25 baseweed-admin dbus-run-session[1037]:   WARN scene: QML Connections at @Services/UI/WallpaperService.qml[61:3]: Detected function "onEnableMultiMonitorDirectoriesChanged" in Connections element. This is probably intended to be a signal handler but no signal of the target matches the name.
Oct 04 10:02:25 baseweed-admin dbus-run-session[1037]:   WARN scene: QML Connections at @Services/UI/WallpaperService.qml[61:3]: Detected function "onAutomationEnabledChanged" in Connections element. This is probably intended to be a signal handler but no signal of the target matches the name.
Oct 04 10:02:25 baseweed-admin dbus-run-session[1037]:   WARN scene: QML Connections at @Services/UI/WallpaperService.qml[61:3]: Detected function "onRandomIntervalSecChanged" in Connections element. This is probably intended to be a signal handler but no signal of the target matches the name.
Oct 04 10:02:25 baseweed-admin dbus-run-session[1037]:   WARN scene: QML Connections at @Services/UI/WallpaperService.qml[61:3]: Detected function "onWallpaperChangeModeChanged" in Connections element. This is probably intended to be a signal handler but no signal of the target matches the name.
Oct 04 10:02:25 baseweed-admin dbus-run-session[1037]:   WARN scene: QML Connections at @Services/UI/WallpaperService.qml[61:3]: Detected function "onViewModeChanged" in Connections element. This is probably intended to be a signal handler but no signal of the target matches the name.
Oct 04 10:02:25 baseweed-admin dbus-run-session[1037]:   WARN scene: QML Connections at @Services/UI/WallpaperService.qml[61:3]: Detected function "onShowHiddenFilesChanged" in Connections element. This is probably intended to be a signal handler but no signal of the target matches the name.
Oct 04 10:02:25 baseweed-admin dbus-run-session[1037]:   WARN scene: QML Connections at @Services/UI/WallpaperService.qml[61:3]: Detected function "onUseSolidColorChanged" in Connections element. This is probably intended to be a signal handler but no signal of the target matches the name.
Oct 04 10:02:25 baseweed-admin dbus-run-session[1037]:   WARN scene: QML Connections at @Services/UI/WallpaperService.qml[61:3]: Detected function "onSolidColorChanged" in Connections element. This is probably intended to be a signal handler but no signal of the target matches the name.
Oct 04 10:02:25 baseweed-admin dbus-run-session[1037]:   WARN scene: QML Connections at @Services/UI/WallpaperService.qml[61:3]: Detected function "onSortOrderChanged" in Connections element. This is probably intended to be a signal handler but no signal of the target matches the name.
Oct 04 10:02:25 baseweed-admin dbus-run-session[1037]:   WARN scene: QML Connections at @Modules/Background/Background.qml[80:7]: Detected function "onFillModeChanged" in Connections element. This is probably intended to be a signal handler but no signal of the target matches the name.
Oct 04 10:02:25 baseweed-admin dbus-run-session[1037]:   WARN scene: QML Connections at @Modules/Background/Background.qml[80:7]: Detected function "onFillModeChanged" in Connections element. This is probably intended to be a signal handler but no signal of the target matches the name.
Oct 04 10:02:25 baseweed-admin dbus-run-session[1037]:   WARN scene: QML Connections at @Modules/Background/Background.qml[80:7]: Detected function "onFillModeChanged" in Connections element. This is probably intended to be a signal handler but no signal of the target matches the name.
Oct 04 10:02:25 baseweed-admin dbus-run-session[1037]:   WARN scene: QML Connections at @Modules/Dock/Dock.qml[45:7]: Detected function "onPinnedAppsChanged" in Connections element. This is probably intended to be a signal handler but no signal of the target matches the name.
Oct 04 10:02:25 baseweed-admin dbus-run-session[1037]:   WARN scene: QML Connections at @Modules/Dock/Dock.qml[45:7]: Detected function "onOnlySameOutputChanged" in Connections element. This is probably intended to be a signal handler but no signal of the target matches the name.
Oct 04 10:02:25 baseweed-admin dbus-run-session[1037]:   WARN scene: QML Connections at @Modules/Dock/Dock.qml[45:7]: Detected function "onPinnedAppsChanged" in Connections element. This is probably intended to be a signal handler but no signal of the target matches the name.
Oct 04 10:02:25 baseweed-admin dbus-run-session[1037]:   WARN scene: QML Connections at @Modules/Dock/Dock.qml[45:7]: Detected function "onOnlySameOutputChanged" in Connections element. This is probably intended to be a signal handler but no signal of the target matches the name.
Oct 04 10:02:25 baseweed-admin dbus-run-session[1037]:   WARN scene: QML Connections at @Modules/Dock/Dock.qml[45:7]: Detected function "onPinnedAppsChanged" in Connections element. This is probably intended to be a signal handler but no signal of the target matches the name.
Oct 04 10:02:25 baseweed-admin dbus-run-session[1037]:   WARN scene: QML Connections at @Modules/Dock/Dock.qml[45:7]: Detected function "onOnlySameOutputChanged" in Connections element. This is probably intended to be a signal handler but no signal of the target matches the name.
Oct 04 10:02:25 baseweed-admin dbus-run-session[1037]:   INFO qml: [20261004-100225]          Shell ---------------------------
Oct 04 10:02:25 baseweed-admin dbus-run-session[1037]:   INFO qml: [20261004-100225]      Wallpaper Service started
Oct 04 10:02:25 baseweed-admin dbus-run-session[1037]:   INFO qml: [20261004-100225]     ImageCache Service started
Oct 04 10:02:25 baseweed-admin systemd[839]: qdistro-polkit-agent.service: Scheduled restart job, restart counter is at 1.
Oct 04 10:02:25 baseweed-admin systemd[839]: Started qdistro polkit authentication agent (PAM / fprintd / broker).
Oct 04 10:02:25 baseweed-admin qemu-ga[667]: info: guest-exec called: "/bin/sh -c echo list | socat - UNIX-CONNECT:/run/user/1000/qdshell.sock 2>&1 | head -1"
Oct 04 10:02:25 baseweed-admin dbus-run-session[1037]:   WARN scene: QML Connections at @Services/Theming/AppThemeService.qml[30:3]: Detected function "onDarkModeChanged" in Connections element. This is probably intended to be a signal handler but no signal of the target matches the name.
Oct 04 10:02:25 baseweed-admin dbus-run-session[1037]:   WARN scene: QML Connections at @Services/Theming/AppThemeService.qml[30:3]: Detected function "onMonitorForColorsChanged" in Connections element. This is probably intended to be a signal handler but no signal of the target matches the name.
Oct 04 10:02:25 baseweed-admin dbus-run-session[1037]:   WARN scene: QML Connections at @Services/Theming/AppThemeService.qml[30:3]: Detected function "onGenerationMethodChanged" in Connections element. This is probably intended to be a signal handler but no signal of the target matches the name.
Oct 04 10:02:25 baseweed-admin dbus-run-session[1037]:   INFO qml: [20261004-100225] AppThemeServic Service started
Oct 04 10:02:25 baseweed-admin dbus-run-session[1037]:   WARN scene: QML Connections at @Services/Theming/ColorSchemeService.qml[20:3]: Detected function "onDarkModeChanged" in Connections element. This is probably intended to be a signal handler but no signal of the target matches the name.
Oct 04 10:02:25 baseweed-admin dbus-run-session[1037]:   INFO qml: [20261004-100225]    ColorScheme Service started
Oct 04 10:02:25 baseweed-admin dbus-run-session[1037]:   INFO qml: [20261004-100225] AppPresentatio Service started
Oct 04 10:02:25 baseweed-admin dbus-run-session[1037]:   WARN scene: QML Connections at @Services/Location/DarkModeService.qml[43:3]: Detected function "onSchedulingModeChanged" in Connections element. This is probably intended to be a signal handler but no signal of the target matches the name.
Oct 04 10:02:25 baseweed-admin dbus-run-session[1037]:   WARN scene: QML Connections at @Services/Location/DarkModeService.qml[28:3]: Detected function "onManualSunriseChanged" in Connections element. This is probably intended to be a signal handler but no signal of the target matches the name.
Oct 04 10:02:25 baseweed-admin dbus-run-session[1037]:   WARN scene: QML Connections at @Services/Location/DarkModeService.qml[28:3]: Detected function "onManualSunsetChanged" in Connections element. This is probably intended to be a signal handler but no signal of the target matches the name.
Oct 04 10:02:25 baseweed-admin dbus-run-session[1037]:   INFO qml: [20261004-100225] DarkModeServic Service started
Oct 04 10:02:25 baseweed-admin dbus-run-session[1037]:   WARN scene: @Services/Location/DarkModeService.qml[29:5]: Unable to assign QJSValue to QObject*
Oct 04 10:02:25 baseweed-admin dbus-run-session[1037]:   WARN scene: @Services/Location/DarkModeService.qml[44:5]: Unable to assign QJSValue to QObject*
Oct 04 10:02:25 baseweed-admin dbus-run-session[1037]:   WARN scene: @Services/Theming/ColorSchemeService.qml[21:5]: Unable to assign QJSValue to QObject*
Oct 04 10:02:25 baseweed-admin dbus-run-session[1037]:   WARN scene: @Services/Theming/AppThemeService.qml[31:5]: Unable to assign QJSValue to QObject*
Oct 04 10:02:25 baseweed-admin dbus-run-session[1037]:   WARN scene: @Modules/Dock/Dock.qml[46:9]: Unable to assign QJSValue to QObject*
Oct 04 10:02:25 baseweed-admin dbus-run-session[1037]:   WARN scene: @Modules/Dock/Dock.qml[46:9]: Unable to assign QJSValue to QObject*
Oct 04 10:02:25 baseweed-admin dbus-run-session[1037]:   WARN scene: @Modules/Dock/Dock.qml[46:9]: Unable to assign QJSValue to QObject*
Oct 04 10:02:25 baseweed-admin dbus-run-session[1037]:   WARN scene: @Modules/Background/Background.qml[81:9]: Unable to assign QJSValue to QObject*
Oct 04 10:02:25 baseweed-admin dbus-run-session[1037]:   WARN scene: @Modules/Background/Background.qml[81:9]: Unable to assign QJSValue to QObject*
Oct 04 10:02:25 baseweed-admin dbus-run-session[1037]:   WARN scene: @Modules/Background/Background.qml[81:9]: Unable to assign QJSValue to QObject*
Oct 04 10:02:25 baseweed-admin dbus-run-session[1037]:   WARN scene: @Services/UI/WallpaperService.qml[62:5]: Unable to assign QJSValue to QObject*
Oct 04 10:02:25 baseweed-admin dbus-run-session[1037]:   WARN scene: @Modules/Panels/SessionMenu/SessionMenu.qml[152:5]: Unable to assign QJSValue to QObject*
Oct 04 10:02:25 baseweed-admin dbus-run-session[1037]:   WARN scene: @Modules/Panels/Dock/StaticDockPanel.qml[351:5]: Unable to assign QJSValue to QObject*
Oct 04 10:02:25 baseweed-admin dbus-run-session[1037]:   WARN scene: @Modules/Panels/SessionMenu/SessionMenu.qml[152:5]: Unable to assign QJSValue to QObject*
Oct 04 10:02:25 baseweed-admin dbus-run-session[1037]:   WARN scene: @Modules/Panels/Dock/StaticDockPanel.qml[351:5]: Unable to assign QJSValue to QObject*
Oct 04 10:02:25 baseweed-admin dbus-run-session[1037]:   WARN scene: @Services/System/SystemStatService.qml[321:5]: Unable to assign QJSValue to QObject*
Oct 04 10:02:25 baseweed-admin dbus-run-session[1037]:   WARN scene: @Modules/Panels/SessionMenu/SessionMenu.qml[152:5]: Unable to assign QJSValue to QObject*
Oct 04 10:02:25 baseweed-admin dbus-run-session[1037]:   WARN scene: @Services/Networking/NetworkService.qml[74:5]: Unable to assign QJSValue to QObject*
Oct 04 10:02:25 baseweed-admin dbus-run-session[1037]:   WARN scene: @Modules/Panels/Dock/StaticDockPanel.qml[351:5]: Unable to assign QJSValue to QObject*
Oct 04 10:02:25 baseweed-admin dbus-run-session[1037]:   WARN scene: @Services/UI/BarService.qml[148:5]: Unable to assign QJSValue to QObject*
Oct 04 10:02:25 baseweed-admin dbus-run-session[1037]:   WARN scene: @Services/Hardware/BrightnessService.qml[67:5]: Unable to assign QJSValue to QObject*
Oct 04 10:02:25 baseweed-admin qemu-ga[667]: info: guest-exec called: "/bin/sh -c qd_startof() {
                                               awk 'match($0,/\)[^)]*$/){s=substr($0,RSTART+2);split(s,f," ");print f[20]}' "/proc/$1/stat" 2>/dev/null
                                             }
                                             qd_ident_s=$(qd_startof 1094)
                                             # The guest's boot id rides along: a (pid, start time) pair is unique only
                                             # WITHIN one boot, and the orphan registry must never match it against a later
                                             # incarnation of the same VM name. "boot=" with nothing after it means the id
                                             # was unreadable; the host then does not register the command.
                                             qd_ident_b=$(cat /proc/sys/kernel/random/boot_id 2>/dev/null)
                                             if [ -n "$qd_ident_s" ]; then printf 'start=%s boot=%s\n' "$qd_ident_s" "$qd_ident_b"; else printf 'gone\n'; fi"
Oct 04 10:02:25 baseweed-admin dbus-run-session[1037]:   INFO qml: [20261004-100225]      Wallpaper Starting scan for Virtual-1 in /home/admin/Pictures/Wallpapers recursive: false
Oct 04 10:02:25 baseweed-admin qemu-ga[667]: info: guest-exec-status called, pid: 1110
Oct 04 10:02:25 baseweed-admin dbus-run-session[1037]:   INFO qml: [20261004-100225]      Wallpaper Starting scan for pipewire-0 in /home/admin/Pictures/Wallpapers recursive: false
Oct 04 10:02:25 baseweed-admin dbus-run-session[1037]:   INFO qml: [20261004-100225]      Wallpaper Starting scan for pipewire-1 in /home/admin/Pictures/Wallpapers recursive: false
Oct 04 10:02:25 baseweed-admin dbus-run-session[1037]:   INFO qml: [20261004-100225]       Location Service started
Oct 04 10:02:25 baseweed-admin dbus-run-session[1037]:   WARN scene: QML Connections at @Services/Location/NightLightService.qml[96:3]: Detected function "onEnabledChanged" in Connections element. This is probably intended to be a signal handler but no signal of the target matches the name.
Oct 04 10:02:25 baseweed-admin dbus-run-session[1037]:   WARN scene: QML Connections at @Services/Location/NightLightService.qml[96:3]: Detected function "onForcedChanged" in Connections element. This is probably intended to be a signal handler but no signal of the target matches the name.
Oct 04 10:02:25 baseweed-admin dbus-run-session[1037]:   WARN scene: QML Connections at @Services/Location/NightLightService.qml[96:3]: Detected function "onNightTempChanged" in Connections element. This is probably intended to be a signal handler but no signal of the target matches the name.
Oct 04 10:02:25 baseweed-admin dbus-run-session[1037]:   WARN scene: QML Connections at @Services/Location/NightLightService.qml[96:3]: Detected function "onDayTempChanged" in Connections element. This is probably intended to be a signal handler but no signal of the target matches the name.
Oct 04 10:02:25 baseweed-admin qemu-ga[667]: info: guest-exec-status called, pid: 1094
Oct 04 10:02:25 baseweed-admin dbus-run-session[1037]:   WARN scene: QML Connections at @Services/Control/HooksService.qml[16:3]: Detected function "onDarkModeChanged" in Connections element. This is probably intended to be a signal handler but no signal of the target matches the name.
Oct 04 10:02:25 baseweed-admin dbus-run-session[1037]:   INFO qml: [20261004-100225]   HooksService Service started
Oct 04 10:02:25 baseweed-admin dbus-run-session[1037]:   WARN quickshell.dbus.objectmanager: Failed to create DBusObjectManagerInterface for "org.bluez" "/" : QDBusError("org.freedesktop.DBus.Error.ServiceUnknown", "The name is not activatable")
Oct 04 10:02:25 baseweed-admin dbus-run-session[1037]:   INFO qml: [20261004-100225]      Bluetooth Service started
Oct 04 10:02:25 baseweed-admin dbus-run-session[1037]:   INFO qml: [20261004-100225]  IdleInhibitor Service started
Oct 04 10:02:25 baseweed-admin dbus-run-session[1037]:   INFO qml: [20261004-100225] CapabilityServ qdwin live-apply capabilities: pointer=false xkb=false wm=false output=false workspace=false idleDpms=false keybind=false
Oct 04 10:02:25 baseweed-admin dbus-run-session[1037]:   INFO qml: [20261004-100225]   PowerService Service started
Oct 04 10:02:25 baseweed-admin qdistro-polkit-agent[1085]: registration failed: org.freedesktop.PolicyKit1.Error.Failed: Cannot determine session the caller is in
Oct 04 10:02:25 baseweed-admin python3[1085]: qdistro-polkit-agent: registration failed: org.freedesktop.PolicyKit1.Error.Failed: Cannot determine session the caller is in
Oct 04 10:02:25 baseweed-admin systemd[839]: qdistro-polkit-agent.service: Main process exited, code=exited, status=1/FAILURE
Oct 04 10:02:25 baseweed-admin systemd[839]: qdistro-polkit-agent.service: Failed with result 'exit-code'.
Oct 04 10:02:25 baseweed-admin dbus-run-session[1037]:   INFO qml: [20261004-100225] AccessibilityS Service started
Oct 04 10:02:25 baseweed-admin dbus-run-session[1037]:   INFO qml: [20261004-100225]  KeyboardInput Service started
Oct 04 10:02:25 baseweed-admin dbus-run-session[1037]:   INFO qml: [20261004-100225] PointerInputSe Service started (qdwin live-apply: persist-only until shell binds >= v28)
Oct 04 10:02:25 baseweed-admin dbus-run-session[1037]:   INFO qml: [20261004-100225] WindowManagerS Service started (qdwin v25 live-apply: false, shortcuts: false)
Oct 04 10:02:25 baseweed-admin dbus-run-session[1037]:   INFO qml: [20261004-100225] SessionService started; saved=0 canApplyPlacement=false
Oct 04 10:02:25 baseweed-admin dbus-run-session[1037]:   INFO qml: [20261004-100225]    HostService Service started
Oct 04 10:02:25 baseweed-admin dbus-run-session[1037]:   INFO qml: [20261004-100225] CustomButtonIP Service started
Oct 04 10:02:25 baseweed-admin dbus-run-session[1037]:   INFO qml: [20261004-100225]     IPCService Service started
Oct 04 10:02:25 baseweed-admin dbus-run-session[1037]:   INFO qml: [20261004-100225]        PodApps service started
Oct 04 10:02:25 baseweed-admin dbus-run-session[1037]:   INFO qml: [20261004-100225]         VMApps service started
Oct 04 10:02:25 baseweed-admin dbus-run-session[1037]:   INFO qml: [20261004-100225]      Tier3Apps service started
Oct 04 10:02:25 baseweed-admin dbus-run-session[1037]:   INFO qml: [20261004-100225]     Tier3sApps service started
Oct 04 10:02:25 baseweed-admin dbus-run-session[1037]:   INFO qml: [20261004-100225]      Tier4Apps service started
Oct 04 10:02:25 baseweed-admin dbus-run-session[1037]:   INFO qml: [20261004-100225] RemoteMachineW service started
Oct 04 10:02:25 baseweed-admin dbus-run-session[1037]:   INFO qml: [20261004-100225]  Tier3FocusIPC service started
Oct 04 10:02:25 baseweed-admin dbus-run-session[1037]:   WARN quickshell.dbus: Could not launch service org.freedesktop.UPower.PowerProfiles: QDBusError(org.freedesktop.DBus.Error.ServiceUnknown, The name is not activatable)
Oct 04 10:02:25 baseweed-admin dbus-run-session[1037]:   WARN quickshell.service.powerprofiles: Could not start PowerProfilesDaemon. The PowerProfiles service will not work.
Oct 04 10:02:25 baseweed-admin weston[926]: [10:02:25.972] qdwin: bind attempt pid=1037 uid=1000 (allowed_uid=1000)
Oct 04 10:02:25 baseweed-admin weston[926]: [10:02:25.972] qdwin: bind accepted for uid=1000, hello sent
Oct 04 10:02:25 baseweed-admin weston[926]: [10:02:25.972] qdwin: ext_workspace_manager bound (count=4 active=0)
Oct 04 10:02:25 baseweed-admin weston[926]: [10:02:25.972] qdwin: zwlr_output_manager bound (serial=1)
Oct 04 10:02:25 baseweed-admin weston[926]: [10:02:25.972] qdwin: shell bound (uid=1000 pid=1037); replaying 0 toplevels
Oct 04 10:02:25 baseweed-admin weston[926]: [10:02:25.972] qdwin: seat_focus_changed seat=default handle=4294967295
Oct 04 10:02:25 baseweed-admin dbus-run-session[1037]:   INFO qml: [20261004-100225]          Qdwin qdwin_shell_v1 bound v34
Oct 04 10:02:25 baseweed-admin dbus-run-session[1037]:   INFO qml: [20261004-100225]  ClipboardGate wired to qdwin_shell_v1; broker default=deny
Oct 04 10:02:25 baseweed-admin weston[926]: [10:02:25.975] qdwin: workspace 0 name="1"
Oct 04 10:02:25 baseweed-admin weston[926]: [10:02:25.975] qdwin: workspace 1 name="2"
Oct 04 10:02:25 baseweed-admin weston[926]: [10:02:25.975] qdwin: workspace 2 name="3"
Oct 04 10:02:25 baseweed-admin weston[926]: [10:02:25.975] qdwin: workspace 3 name="4"
Oct 04 10:02:25 baseweed-admin weston[926]: [10:02:25.975] qdwin: set_wm_policy focus=0 ffm_delay=0 raise_click=1 raise_hover=0 placement=2 snap=1 dist=16
Oct 04 10:02:25 baseweed-admin dbus-run-session[1037]:   INFO qml: [20261004-100225] WindowManagerS applied WM policy focus=click placement=smart snap=true/16
Oct 04 10:02:25 baseweed-admin dbus-run-session[1037]:   INFO qml: [20261004-100225] CapabilityServ wmPolicy -> true
Oct 04 10:02:25 baseweed-admin weston[926]: [10:02:25.976] qdwin: register_hotkey id=7101 mods=0x2 key=62
Oct 04 10:02:25 baseweed-admin weston[926]: [10:02:25.976] qdwin: register_hotkey id=7102 mods=0x4 key=103
Oct 04 10:02:25 baseweed-admin weston[926]: [10:02:25.976] qdwin: register_hotkey id=7103 mods=0x4 key=33
Oct 04 10:02:25 baseweed-admin weston[926]: [10:02:25.976] qdwin: register_hotkey id=7104 mods=0x4 key=105
Oct 04 10:02:25 baseweed-admin weston[926]: [10:02:25.976] qdwin: register_hotkey id=7105 mods=0x4 key=106
Oct 04 10:02:25 baseweed-admin dbus-run-session[1037]:   INFO qml: [20261004-100225] WindowManagerS registered WM shortcuts (5 active)
Oct 04 10:02:25 baseweed-admin dbus-run-session[1037]:   INFO qml: [20261004-100225] CapabilityServ keybindRegistration -> true
Oct 04 10:02:25 baseweed-admin weston[926]: [10:02:25.976] qdwin: set_pointer_config accel=0 profile=0 natural=0 tap=1 left=0 middle=0 dwt=1 scroll=1 (6 devices)
Oct 04 10:02:25 baseweed-admin dbus-run-session[1037]:   INFO qml: [20261004-100225] PointerInputSe applied pointer config accelSpeed=0 profile=0 natural=0 tap=1 scroll=1
Oct 04 10:02:25 baseweed-admin dbus-run-session[1037]:   INFO qml: [20261004-100225] CapabilityServ pointerConfig -> true
Oct 04 10:02:25 baseweed-admin weston[926]: [10:02:25.977] qdwin: set_key_repeat rate=25 delay=500
Oct 04 10:02:25 baseweed-admin dbus-run-session[1037]:   INFO qml: [20261004-100225]  KeyboardInput applied qdwin key-repeat rate=25 delay=500
Oct 04 10:02:25 baseweed-admin dbus-run-session[1037]:   INFO qml: [20261004-100225] CapabilityServ xkbRepeat -> true
Oct 04 10:02:25 baseweed-admin dbus-run-session[1037]:   INFO qml: [20261004-100225]   PowerService idle policy armed: inactivity=0ms (nothing), displayOff=0ms, presentation=false
Oct 04 10:02:25 baseweed-admin dbus-run-session[1037]:   INFO qml: [20261004-100225] CapabilityServ idleDpms -> true
Oct 04 10:02:25 baseweed-admin dbus-run-session[1037]:   INFO qml: [20261004-100225] CapabilityServ outputManagement -> true
Oct 04 10:02:26 baseweed-admin dbus-run-session[1037]:   WARN qml: [20261004-100226]       Location Weather is still fetching
Oct 04 10:02:26 baseweed-admin dbus-run-session[1037]:   WARN quickshell.dbus: Could not launch service org.freedesktop.UPower: QDBusError(org.freedesktop.DBus.Error.ServiceUnknown, The name is not activatable)
Oct 04 10:02:26 baseweed-admin dbus-run-session[1037]:   WARN quickshell.service.upower: Could not start UPower. The UPower service will not work.
Oct 04 10:02:26 baseweed-admin dbus-run-session[1037]:   INFO qml: [20261004-100226]    HostService Detected openSUSE Tumbleweed
Oct 04 10:02:26 baseweed-admin dbus-run-session[1037]:   INFO qml: [20261004-100226]    HostService Looking for logo icon: distributor-logo-Tumbleweed
Oct 04 10:02:26 baseweed-admin dbus-run-session[1037]:   INFO qml: [20261004-100226]    HostService resolved hostname baseweed-admin
Oct 04 10:02:26 baseweed-admin dbus-run-session[1037]:   WARN: Process failed to start, likely because the binary could not be found. Command: QList("bluetoothctl", "show")
Oct 04 10:02:26 baseweed-admin dbus-run-session[1037]:   WARN: Process failed to start, likely because the binary could not be found. Command: QList("udisksctl", "monitor")
Oct 04 10:02:26 baseweed-admin weston[926]: [10:02:26.251] qdwin: layer-shell get_layer_surface ns=qdshell-background-Virtual-1 layer=2 output=0x55b2f2af8450
Oct 04 10:02:26 baseweed-admin weston[926]: [10:02:26.251] qdwin: layer-shell configure ns=qdshell-background-Virtual-1 layer=2 box=0,0 1920x1080 serial=1
Oct 04 10:02:26 baseweed-admin weston[926]: [10:02:26.251] qdwin: layer-shell get_layer_surface ns=qdshell-bar-content-Virtual-1 layer=2 output=0x55b2f2af8450
Oct 04 10:02:26 baseweed-admin weston[926]: [10:02:26.251] qdwin: layer-shell configure ns=qdshell-bar-content-Virtual-1 layer=2 box=0,0 1920x31 serial=2
Oct 04 10:02:26 baseweed-admin weston[926]: [10:02:26.251] qdwin: layer-shell get_layer_surface ns=qdshell-bar-exclusion-top-Virtual-1 layer=2 output=0x55b2f2af8450
Oct 04 10:02:26 baseweed-admin weston[926]: [10:02:26.251] qdwin: layer-shell configure ns=qdshell-bar-exclusion-top-Virtual-1 layer=2 box=0,0 1920x31 serial=3
Oct 04 10:02:26 baseweed-admin weston[926]: [10:02:26.251] qdwin: layer-shell get_layer_surface ns=qdshell-background-pipewire-0 layer=2 output=0x55b2f2af9930
Oct 04 10:02:26 baseweed-admin weston[926]: [10:02:26.251] qdwin: layer-shell configure ns=qdshell-background-pipewire-0 layer=2 box=1920,0 640x480 serial=4
Oct 04 10:02:26 baseweed-admin weston[926]: [10:02:26.251] qdwin: layer-shell get_layer_surface ns=qdshell-bar-content-pipewire-0 layer=2 output=0x55b2f2af9930
Oct 04 10:02:26 baseweed-admin weston[926]: [10:02:26.251] qdwin: layer-shell configure ns=qdshell-bar-content-pipewire-0 layer=2 box=1920,0 640x31 serial=5
Oct 04 10:02:26 baseweed-admin weston[926]: [10:02:26.251] qdwin: layer-shell get_layer_surface ns=qdshell-bar-exclusion-top-pipewire-0 layer=2 output=0x55b2f2af9930
Oct 04 10:02:26 baseweed-admin weston[926]: [10:02:26.251] qdwin: layer-shell configure ns=qdshell-bar-exclusion-top-pipewire-0 layer=2 box=1920,0 640x31 serial=6
Oct 04 10:02:26 baseweed-admin weston[926]: [10:02:26.251] qdwin: layer-shell get_layer_surface ns=qdshell-background-pipewire-1 layer=2 output=0x55b2f2b1f200
Oct 04 10:02:26 baseweed-admin weston[926]: [10:02:26.251] qdwin: layer-shell configure ns=qdshell-background-pipewire-1 layer=2 box=2560,0 640x480 serial=7
Oct 04 10:02:26 baseweed-admin weston[926]: [10:02:26.251] qdwin: layer-shell get_layer_surface ns=qdshell-bar-content-pipewire-1 layer=2 output=0x55b2f2b1f200
Oct 04 10:02:26 baseweed-admin weston[926]: [10:02:26.251] qdwin: layer-shell configure ns=qdshell-bar-content-pipewire-1 layer=2 box=2560,0 640x31 serial=8
Oct 04 10:02:26 baseweed-admin weston[926]: [10:02:26.251] qdwin: layer-shell get_layer_surface ns=qdshell-bar-exclusion-top-pipewire-1 layer=2 output=0x55b2f2b1f200
Oct 04 10:02:26 baseweed-admin weston[926]: [10:02:26.251] qdwin: layer-shell configure ns=qdshell-bar-exclusion-top-pipewire-1 layer=2 box=2560,0 640x31 serial=9
Oct 04 10:02:26 baseweed-admin weston[926]: [10:02:26.251] qdwin: layer-shell get_layer_surface ns=qdshell-dock-peek-Virtual-1 layer=2 output=0x55b2f2af8450
Oct 04 10:02:26 baseweed-admin weston[926]: [10:02:26.251] qdwin: layer-shell configure ns=qdshell-dock-peek-Virtual-1 layer=2 box=0,1079 1920x1 serial=10
Oct 04 10:02:26 baseweed-admin weston[926]: [10:02:26.252] qdwin: layer-shell get_layer_surface ns=qdshell-dock-peek-pipewire-0 layer=2 output=0x55b2f2af9930
Oct 04 10:02:26 baseweed-admin weston[926]: [10:02:26.252] qdwin: layer-shell configure ns=qdshell-dock-peek-pipewire-0 layer=2 box=1920,479 640x1 serial=11
Oct 04 10:02:26 baseweed-admin weston[926]: [10:02:26.252] qdwin: layer-shell get_layer_surface ns=qdshell-dock-peek-pipewire-1 layer=2 output=0x55b2f2b1f200
Oct 04 10:02:26 baseweed-admin weston[926]: [10:02:26.252] qdwin: layer-shell configure ns=qdshell-dock-peek-pipewire-1 layer=2 box=2560,479 640x1 serial=12
Oct 04 10:02:26 baseweed-admin weston[926]: [10:02:26.252] qdwin: layer-shell get_layer_surface ns=qdshell-image-cache-renderer layer=2 output=(nil)
Oct 04 10:02:26 baseweed-admin weston[926]: [10:02:26.252] qdwin: layer-shell configure ns=qdshell-image-cache-renderer layer=2 box=960,540 1x1 serial=13
Oct 04 10:02:26 baseweed-admin dbus-run-session[1037]:  ERROR qml: [20261004-100226]       Location Geocoding error: 0
Oct 04 10:02:26 baseweed-admin chronyd[750]: Selected source 81.25.28.124 (2.opensuse.pool.ntp.org)
Oct 04 10:02:26 baseweed-admin dbus-run-session[1037]:   WARN scene: QML Connections at qs:/usr/share/quickshell/qdshell/Modules/Bar/Widgets/Taskbar.qml[981:3]: Detected function "onPinnedAppsChanged" in Connections element. This is probably intended to be a signal handler but no signal of the target matches the name.
Oct 04 10:02:26 baseweed-admin dbus-run-session[1037]:   WARN scene: QML Connections at qs:/usr/share/quickshell/qdshell/Modules/Bar/Widgets/Taskbar.qml[981:3]: Detected function "onPinnedAppsChanged" in Connections element. This is probably intended to be a signal handler but no signal of the target matches the name.
Oct 04 10:02:26 baseweed-admin dbus-run-session[1037]:   WARN scene: QML Connections at qs:/usr/share/quickshell/qdshell/Modules/Bar/Widgets/Taskbar.qml[981:3]: Detected function "onPinnedAppsChanged" in Connections element. This is probably intended to be a signal handler but no signal of the target matches the name.
Oct 04 10:02:26 baseweed-admin dbus-run-session[1037]:   WARN: Could not load icon "user-desktop?fallback=application-x-executable" at size QSize(19, 19) from request
Oct 04 10:02:26 baseweed-admin dbus-run-session[1037]:   WARN: Could not load icon "user-desktop?fallback=application-x-executable" at size QSize(2, 2) from request
Oct 04 10:02:26 baseweed-admin dbus-run-session[1037]:   INFO qml: [20261004-100226] PluginRegistry All plugin manifests loaded. Total plugins: 0
Oct 04 10:02:26 baseweed-admin dbus-run-session[1037]:   INFO qml: [20261004-100226]  PluginService Initializing plugin system
Oct 04 10:02:26 baseweed-admin dbus-run-session[1037]:   INFO qml: [20261004-100226]  PluginService Found 0 enabled plugins: []
Oct 04 10:02:26 baseweed-admin dbus-run-session[1037]:   INFO qml: [20261004-100226]  PluginService No plugins to load
Oct 04 10:02:26 baseweed-admin dbus-run-session[1037]:   INFO qml: [20261004-100226]  PluginService Refreshing available plugins
Oct 04 10:02:26 baseweed-admin dbus-run-session[1037]:   WARN qml: [20261004-100226]     ImageCache ImageMagick not found, using Qt fallback
Oct 04 10:02:26 baseweed-admin dbus-run-session[1037]:   WARN qml: [20261004-100226]      Wallpaper Scan failed for Virtual-1 exit code: 1 (directory might not exist)
Oct 04 10:02:26 baseweed-admin dbus-run-session[1037]:   WARN qml: [20261004-100226]      Wallpaper Scan failed for pipewire-0 exit code: 1 (directory might not exist)
Oct 04 10:02:26 baseweed-admin dbus-run-session[1037]:   WARN qml: [20261004-100226]      Wallpaper Scan failed for pipewire-1 exit code: 1 (directory might not exist)
Oct 04 10:02:26 baseweed-admin dbus-run-session[1037]:   WARN qml: [20261004-100226]   PowerService Button monitor unavailable (exit 1); releasing key inhibitors, logind will handle power/sleep keys
Oct 04 10:02:26 baseweed-admin weston[926]: [10:02:26.495] qdwin: set_key_repeat rate=25 delay=500
Oct 04 10:02:26 baseweed-admin dbus-run-session[1037]:   INFO qml: [20261004-100226]  KeyboardInput applied qdwin key-repeat rate=25 delay=500
Oct 04 10:02:26 baseweed-admin dbus-run-session[1037]:   INFO qml: [20261004-100226] PointerInputSe enumerated 3 pointer device(s) via proc
Oct 04 10:02:26 baseweed-admin dbus-run-session[1037]:   INFO qml: [20261004-100226]        PodApps cache refresh loaded 0 apps
Oct 04 10:02:26 baseweed-admin qemu-ga[667]: info: guest-exec-status called, pid: 1094
Oct 04 10:02:26 baseweed-admin qemu-ga[667]: info: guest-exec called: "/bin/sh -c [ -S /run/user/1000/qdlocker.sock ] && echo yes || echo no"
Oct 04 10:02:26 baseweed-admin qemu-ga[667]: info: guest-exec called: "/bin/sh -c qd_startof() {
                                               awk 'match($0,/\)[^)]*$/){s=substr($0,RSTART+2);split(s,f," ");print f[20]}' "/proc/$1/stat" 2>/dev/null
                                             }
                                             qd_ident_s=$(qd_startof 1233)
                                             # The guest's boot id rides along: a (pid, start time) pair is unique only
                                             # WITHIN one boot, and the orphan registry must never match it against a later
                                             # incarnation of the same VM name. "boot=" with nothing after it means the id
                                             # was unreadable; the host then does not register the command.
                                             qd_ident_b=$(cat /proc/sys/kernel/random/boot_id 2>/dev/null)
                                             if [ -n "$qd_ident_s" ]; then printf 'start=%s boot=%s\n' "$qd_ident_s" "$qd_ident_b"; else printf 'gone\n'; fi"
Oct 04 10:02:26 baseweed-admin qemu-ga[667]: info: guest-exec-status called, pid: 1235
Oct 04 10:02:27 baseweed-admin qemu-ga[667]: info: guest-exec-status called, pid: 1233
Oct 04 10:02:27 baseweed-admin weston[926]: [10:02:27.859] qdwin: layer-shell mapped ns=qdshell-background-Virtual-1 layer=2 at 0,0 1920x1080
Oct 04 10:02:28 baseweed-admin weston[926]: [10:02:28.884] qdwin: layer-shell mapped ns=qdshell-bar-content-Virtual-1 layer=2 at 0,0 1920x31
Oct 04 10:02:29 baseweed-admin systemd[839]: qdistro-polkit-agent.service: Scheduled restart job, restart counter is at 2.
Oct 04 10:02:29 baseweed-admin systemd[839]: Started qdistro polkit authentication agent (PAM / fprintd / broker).
Oct 04 10:02:29 baseweed-admin weston[926]: [10:02:29.284] qdwin: layer-shell mapped ns=qdshell-bar-exclusion-top-Virtual-1 layer=2 at 0,0 1920x31
Oct 04 10:02:29 baseweed-admin qdistro-polkit-agent[1244]: registration failed: org.freedesktop.PolicyKit1.Error.Failed: Cannot determine session the caller is in
Oct 04 10:02:29 baseweed-admin python3[1244]: qdistro-polkit-agent: registration failed: org.freedesktop.PolicyKit1.Error.Failed: Cannot determine session the caller is in
Oct 04 10:02:29 baseweed-admin systemd[839]: qdistro-polkit-agent.service: Main process exited, code=exited, status=1/FAILURE
Oct 04 10:02:29 baseweed-admin systemd[839]: qdistro-polkit-agent.service: Failed with result 'exit-code'.
Oct 04 10:02:30 baseweed-admin qemu-ga[667]: info: guest-exec called: "/bin/sh -c loginctl enable-linger admin >/dev/null 2>&1 || true"
Oct 04 10:02:30 baseweed-admin weston[926]: [10:02:30.058] qdwin: layer-shell mapped ns=qdshell-background-pipewire-0 layer=2 at 1920,0 640x480
Oct 04 10:02:30 baseweed-admin qemu-ga[667]: info: guest-exec called: "/bin/sh -c qd_startof() {
                                               awk 'match($0,/\)[^)]*$/){s=substr($0,RSTART+2);split(s,f," ");print f[20]}' "/proc/$1/stat" 2>/dev/null
                                             }
                                             qd_ident_s=$(qd_startof 1248)
                                             # The guest's boot id rides along: a (pid, start time) pair is unique only
                                             # WITHIN one boot, and the orphan registry must never match it against a later
                                             # incarnation of the same VM name. "boot=" with nothing after it means the id
                                             # was unreadable; the host then does not register the command.
                                             qd_ident_b=$(cat /proc/sys/kernel/random/boot_id 2>/dev/null)
                                             if [ -n "$qd_ident_s" ]; then printf 'start=%s boot=%s\n' "$qd_ident_s" "$qd_ident_b"; else printf 'gone\n'; fi"
Oct 04 10:02:30 baseweed-admin systemd[1]: NetworkManager-dispatcher.service: Deactivated successfully.
Oct 04 10:02:30 baseweed-admin qemu-ga[667]: info: guest-exec-status called, pid: 1251
Oct 04 10:02:30 baseweed-admin qemu-ga[667]: info: guest-exec-status called, pid: 1248
Oct 04 10:02:30 baseweed-admin qemu-ga[667]: info: guest-exec called: "/bin/sh -c runuser -l admin -c 'systemctl --user start qdwin-session.target'"
Oct 04 10:02:30 baseweed-admin systemd[1]: Started Session c1 of User admin.
Oct 04 10:02:30 baseweed-admin qdlocker[1032]: 2026-10-04 10:02:30,400 qdlocker.logind INFO logind session rebound in place; session=None
Oct 04 10:02:30 baseweed-admin runuser[1259]: pam_unix(runuser-l:session): session opened for user admin(uid=1000) by (uid=0)
Oct 04 10:02:30 baseweed-admin qemu-ga[667]: info: guest-exec called: "/bin/sh -c qd_startof() {
                                               awk 'match($0,/\)[^)]*$/){s=substr($0,RSTART+2);split(s,f," ");print f[20]}' "/proc/$1/stat" 2>/dev/null
                                             }
                                             qd_ident_s=$(qd_startof 1259)
                                             # The guest's boot id rides along: a (pid, start time) pair is unique only
                                             # WITHIN one boot, and the orphan registry must never match it against a later
                                             # incarnation of the same VM name. "boot=" with nothing after it means the id
                                             # was unreadable; the host then does not register the command.
                                             qd_ident_b=$(cat /proc/sys/kernel/random/boot_id 2>/dev/null)
                                             if [ -n "$qd_ident_s" ]; then printf 'start=%s boot=%s\n' "$qd_ident_s" "$qd_ident_b"; else printf 'gone\n'; fi"
Oct 04 10:02:30 baseweed-admin systemd[839]: qdistro-polkit-agent.service: Scheduled restart job immediately on client request, restart counter is at 3.
Oct 04 10:02:30 baseweed-admin systemd[839]: Started qdistro polkit authentication agent (PAM / fprintd / broker).
Oct 04 10:02:30 baseweed-admin systemd[839]: Auto-unlock the qdistro portal-keys vault at login skipped, unmet condition check ConditionPathExists=/var/lib/qdistro/vaults/portal-keys-pin.tpm
Oct 04 10:02:30 baseweed-admin runuser[1259]: pam_unix(runuser-l:session): session closed for user admin
Oct 04 10:02:30 baseweed-admin systemd[1]: session-c1.scope: Deactivated successfully.
Oct 04 10:02:30 baseweed-admin qemu-ga[667]: info: guest-exec-status called, pid: 1274
Oct 04 10:02:30 baseweed-admin weston[926]: [10:02:30.548] qdwin: layer-shell mapped ns=qdshell-bar-content-pipewire-0 layer=2 at 1920,0 640x31
Oct 04 10:02:30 baseweed-admin qemu-ga[667]: info: guest-exec-status called, pid: 1259
Oct 04 10:02:30 baseweed-admin qdistro-polkit-agent[1280]: registration failed: org.freedesktop.PolicyKit1.Error.Failed: Cannot determine session the caller is in
Oct 04 10:02:30 baseweed-admin python3[1280]: qdistro-polkit-agent: registration failed: org.freedesktop.PolicyKit1.Error.Failed: Cannot determine session the caller is in
Oct 04 10:02:30 baseweed-admin systemd[839]: qdistro-polkit-agent.service: Main process exited, code=exited, status=1/FAILURE
Oct 04 10:02:30 baseweed-admin systemd[839]: qdistro-polkit-agent.service: Failed with result 'exit-code'.
Oct 04 10:02:30 baseweed-admin qemu-ga[667]: info: guest-exec called: "/bin/sh -c test -S '/run/user/1000/wayland-1'"
Oct 04 10:02:30 baseweed-admin qemu-ga[667]: info: guest-exec called: "/bin/sh -c qd_startof() {
                                               awk 'match($0,/\)[^)]*$/){s=substr($0,RSTART+2);split(s,f," ");print f[20]}' "/proc/$1/stat" 2>/dev/null
                                             }
                                             qd_ident_s=$(qd_startof 1285)
                                             # The guest's boot id rides along: a (pid, start time) pair is unique only
                                             # WITHIN one boot, and the orphan registry must never match it against a later
                                             # incarnation of the same VM name. "boot=" with nothing after it means the id
                                             # was unreadable; the host then does not register the command.
                                             qd_ident_b=$(cat /proc/sys/kernel/random/boot_id 2>/dev/null)
                                             if [ -n "$qd_ident_s" ]; then printf 'start=%s boot=%s\n' "$qd_ident_s" "$qd_ident_b"; else printf 'gone\n'; fi"
Oct 04 10:02:30 baseweed-admin qemu-ga[667]: info: guest-exec-status called, pid: 1287
Oct 04 10:02:30 baseweed-admin weston[926]: [10:02:30.983] qdwin: layer-shell mapped ns=qdshell-bar-exclusion-top-pipewire-0 layer=2 at 1920,0 640x31
Oct 04 10:02:31 baseweed-admin qemu-ga[667]: info: guest-exec-status called, pid: 1285
Oct 04 10:02:31 baseweed-admin qemu-ga[667]: info: guest-exec called: "/bin/sh -c mkdir -p /var/tmp/t3s-dl && cd /var/tmp/t3s-dl && for f in tier3s-guest-lib.sh tier3s-guest-setup.sh; do curl -fsS -o $f http://10.0.2.2:52141/$f || exit 97; done && bash tier3s-guest-setup.sh http://10.0.2.2:52141 --expect-fresh --gui weston-terminal,foot"
Oct 04 10:02:31 baseweed-admin qemu-ga[667]: info: guest-exec called: "/bin/sh -c qd_startof() {
                                               awk 'match($0,/\)[^)]*$/){s=substr($0,RSTART+2);split(s,f," ");print f[20]}' "/proc/$1/stat" 2>/dev/null
                                             }
                                             qd_ident_s=$(qd_startof 1294)
                                             # The guest's boot id rides along: a (pid, start time) pair is unique only
                                             # WITHIN one boot, and the orphan registry must never match it against a later
                                             # incarnation of the same VM name. "boot=" with nothing after it means the id
                                             # was unreadable; the host then does not register the command.
                                             qd_ident_b=$(cat /proc/sys/kernel/random/boot_id 2>/dev/null)
                                             if [ -n "$qd_ident_s" ]; then printf 'start=%s boot=%s\n' "$qd_ident_s" "$qd_ident_b"; else printf 'gone\n'; fi"
Oct 04 10:02:31 baseweed-admin qemu-ga[667]: info: guest-exec-status called, pid: 1299
Oct 04 10:02:31 baseweed-admin qemu-ga[667]: info: guest-exec-status called, pid: 1294
Oct 04 10:02:31 baseweed-admin weston[926]: [10:02:31.625] qdwin: layer-shell mapped ns=qdshell-background-pipewire-1 layer=2 at 2560,0 640x480
Oct 04 10:02:32 baseweed-admin weston[926]: [10:02:32.304] qdwin: layer-shell mapped ns=qdshell-bar-content-pipewire-1 layer=2 at 2560,0 640x31
Oct 04 10:02:32 baseweed-admin qemu-ga[667]: info: guest-exec-status called, pid: 1294
Oct 04 10:02:32 baseweed-admin weston[926]: [10:02:32.704] qdwin: layer-shell mapped ns=qdshell-bar-exclusion-top-pipewire-1 layer=2 at 2560,0 640x31
Oct 04 10:02:33 baseweed-admin weston[926]: [10:02:33.250] qdwin: layer-shell mapped ns=qdshell-dock-peek-Virtual-1 layer=2 at 0,1079 1920x1
Oct 04 10:02:33 baseweed-admin weston[926]: [10:02:33.708] qdwin: layer-shell mapped ns=qdshell-dock-peek-pipewire-0 layer=2 at 1920,479 640x1
Oct 04 10:02:33 baseweed-admin qemu-ga[667]: info: guest-exec-status called, pid: 1294
Oct 04 10:02:33 baseweed-admin dbus-broker-launch[660]: Noticed file-system modification, trigger reload.
Oct 04 10:02:33 baseweed-admin systemd[839]: qdistro-polkit-agent.service: Scheduled restart job, restart counter is at 4.
Oct 04 10:02:34 baseweed-admin systemd[839]: Started qdistro polkit authentication agent (PAM / fprintd / broker).
Oct 04 10:02:34 baseweed-admin weston[926]: [10:02:34.056] qdwin: layer-shell mapped ns=qdshell-dock-peek-pipewire-1 layer=2 at 2560,479 640x1
Oct 04 10:02:34 baseweed-admin dbus-broker-launch[660]: Caught SIGHUP, trigger reload.
Oct 04 10:02:34 baseweed-admin systemd[1]: Reloading D-Bus System Message Bus...
Oct 04 10:02:34 baseweed-admin systemd[1]: Reloaded D-Bus System Message Bus.
Oct 04 10:02:34 baseweed-admin systemd[1]: Reload requested from client PID 1386 ('systemctl') (unit qemu-guest-agent.service)...
Oct 04 10:02:34 baseweed-admin systemd[1]: Reloading...
Oct 04 10:02:34 baseweed-admin qdistro-polkit-agent[1374]: registration failed: org.freedesktop.PolicyKit1.Error.Failed: Cannot determine session the caller is in
Oct 04 10:02:34 baseweed-admin python3[1374]: qdistro-polkit-agent: registration failed: org.freedesktop.PolicyKit1.Error.Failed: Cannot determine session the caller is in
Oct 04 10:02:34 baseweed-admin systemd[839]: qdistro-polkit-agent.service: Main process exited, code=exited, status=1/FAILURE
Oct 04 10:02:34 baseweed-admin systemd[839]: qdistro-polkit-agent.service: Failed with result 'exit-code'.
Oct 04 10:02:34 baseweed-admin weston[926]: [10:02:34.618] qdwin: layer-shell mapped ns=qdshell-image-cache-renderer layer=2 at 960,540 1x1
Oct 04 10:02:34 baseweed-admin systemd[1]: Reloading finished in 526 ms.
Oct 04 10:02:34 baseweed-admin dbus-run-session[1037]:   WARN scene: qs:/usr/share/quickshell/qdshell/Modules/Bar/Widgets/Taskbar.qml[982:5]: Unable to assign QJSValue to QObject*
Oct 04 10:02:34 baseweed-admin dbus-run-session[1037]:   WARN scene: qs:/usr/share/quickshell/qdshell/Modules/Bar/Widgets/Taskbar.qml[982:5]: Unable to assign QJSValue to QObject*
Oct 04 10:02:34 baseweed-admin dbus-run-session[1037]:   WARN scene: qs:/usr/share/quickshell/qdshell/Modules/Bar/Widgets/Taskbar.qml[982:5]: Unable to assign QJSValue to QObject*
Oct 04 10:02:34 baseweed-admin dbus-run-session[1037]:   WARN scene: @Services/Control/HooksService.qml[17:5]: Unable to assign QJSValue to QObject*
Oct 04 10:02:34 baseweed-admin dbus-run-session[1037]:   WARN scene: @Services/Location/NightLightService.qml[97:5]: Unable to assign QJSValue to QObject*
Oct 04 10:02:34 baseweed-admin dbus-run-session[1037]:   INFO qml: [20261004-100234]    ColorScheme Applying color scheme: Qdshell (default)
Oct 04 10:02:34 baseweed-admin dbus-run-session[1037]:   INFO qml: [20261004-100234]           Time Time jump detected (10s) - likely system resume
Oct 04 10:02:34 baseweed-admin dbus-run-session[1037]:   INFO qml: [20261004-100234]        Network System resumed - forcing state poll
Oct 04 10:02:34 baseweed-admin systemd[1]: Reload requested from client PID 1457 ('systemctl') (unit qemu-guest-agent.service)...
Oct 04 10:02:34 baseweed-admin systemd[1]: Reloading...
Oct 04 10:02:34 baseweed-admin dbus-run-session[1037]:   INFO qml: [20261004-100234]     SystemStat System resumed - resetting differential state
Oct 04 10:02:34 baseweed-admin dbus-run-session[1037]:   INFO qml: [20261004-100234] DarkModeServic System resumed - re-evaluating dark mode
Oct 04 10:02:34 baseweed-admin dbus-run-session[1037]:   INFO qml: [20261004-100234]     NightLight System resumed - re-applying night light
Oct 04 10:02:34 baseweed-admin dbus-run-session[1037]:   INFO qml: [20261004-100234]      Bluetooth System resumed - forcing state poll
Oct 04 10:02:34 baseweed-admin dbus-run-session[1037]:   INFO qml: [20261004-100234]           Font Service started
Oct 04 10:02:34 baseweed-admin qemu-ga[667]: info: guest-exec-status called, pid: 1294
Oct 04 10:02:35 baseweed-admin weston[926]: [10:02:35.027] qdwin: layer-shell get_layer_surface ns=qdshell-osd-Virtual-1 layer=3 output=0x55b2f2af8450
Oct 04 10:02:35 baseweed-admin weston[926]: [10:02:35.030] qdwin: layer-shell configure ns=qdshell-osd-Virtual-1 layer=3 box=1591,40 320x72 serial=14
Oct 04 10:02:35 baseweed-admin weston[926]: [10:02:35.030] qdwin: layer-shell get_layer_surface ns=qdshell-osd-pipewire-0 layer=3 output=0x55b2f2af9930
Oct 04 10:02:35 baseweed-admin weston[926]: [10:02:35.030] qdwin: layer-shell configure ns=qdshell-osd-pipewire-0 layer=3 box=2231,40 320x72 serial=15
Oct 04 10:02:35 baseweed-admin weston[926]: [10:02:35.030] qdwin: layer-shell get_layer_surface ns=qdshell-osd-pipewire-1 layer=3 output=0x55b2f2b1f200
Oct 04 10:02:35 baseweed-admin weston[926]: [10:02:35.030] qdwin: layer-shell configure ns=qdshell-osd-pipewire-1 layer=3 box=2871,40 320x72 serial=16
Oct 04 10:02:35 baseweed-admin dbus-run-session[1037]:  ERROR qml: [20261004-100235]  PluginService Empty response from Qdshell Plugins
Oct 04 10:02:35 baseweed-admin dbus-run-session[1037]:  ERROR qml: [20261004-100235]  PluginService Failed to fetch registry from Qdshell Plugins - exit code: 1
Oct 04 10:02:35 baseweed-admin systemd[1]: Reloading finished in 433 ms.
Oct 04 10:02:35 baseweed-admin systemd[1]: Stopping qdistro session manager (user-silo lifecycle)...
Oct 04 10:02:35 baseweed-admin systemd[1]: qdistro-session-manager.service: Deactivated successfully.
Oct 04 10:02:35 baseweed-admin systemd[1]: Stopped qdistro session manager (user-silo lifecycle).
Oct 04 10:02:35 baseweed-admin systemd[1]: qdistro-session-manager.service: Consumed 2.004s CPU time over 17.611s wall clock time.
Oct 04 10:02:35 baseweed-admin systemd[1]: Starting qdistro session manager (user-silo lifecycle)...
Oct 04 10:02:35 baseweed-admin systemd[1]: Started qdistro session manager (user-silo lifecycle).
Oct 04 10:02:35 baseweed-admin dbus-run-session[1037]:   INFO qml: [20261004-100235]        PodApps cache refresh loaded 0 apps
Oct 04 10:02:35 baseweed-admin runuser[1566]: pam_unix(runuser:session): session opened for user admin(uid=1000) by (uid=0)
Oct 04 10:02:36 baseweed-admin systemd[839]: Started podman-1596.scope.
Oct 04 10:02:36 baseweed-admin runuser[1566]: pam_unix(runuser:session): session closed for user admin
Oct 04 10:02:36 baseweed-admin qemu-ga[667]: info: guest-exec-status called, pid: 1294
Oct 04 10:02:36 baseweed-admin runuser[1618]: pam_unix(runuser:session): session opened for user admin(uid=1000) by (uid=0)
Oct 04 10:02:36 baseweed-admin weston[926]: [10:02:36.061] qdwin: layer-shell mapped ns=qdshell-osd-Virtual-1 layer=3 at 1591,40 320x72
Oct 04 10:02:36 baseweed-admin dbus-broker-launch[660]: Noticed file-system modification, trigger reload.
Oct 04 10:02:36 baseweed-admin weston[926]: [10:02:36.214] qdwin: layer-shell mapped ns=qdshell-osd-pipewire-0 layer=3 at 2231,40 320x72
Oct 04 10:02:36 baseweed-admin systemd[839]: Started podman-1637.scope.
Oct 04 10:02:36 baseweed-admin runuser[1618]: pam_unix(runuser:session): session closed for user admin
Oct 04 10:02:36 baseweed-admin qdistro_session_manager.py[1562]: 2026-10-04 10:02:36,409 INFO qdistro_session_manager: disposable lease sweeps (TTL + proctree-empty) every 60s
Oct 04 10:02:36 baseweed-admin dbus-broker-launch[660]: Caught SIGHUP, trigger reload.
Oct 04 10:02:36 baseweed-admin systemd[1]: Reloading D-Bus System Message Bus...
Oct 04 10:02:36 baseweed-admin systemd[1]: Reloaded D-Bus System Message Bus.
Oct 04 10:02:36 baseweed-admin systemd[1]: Reload requested from client PID 1697 ('systemctl') (unit qemu-guest-agent.service)...
Oct 04 10:02:36 baseweed-admin systemd[1]: Reloading...
Oct 04 10:02:36 baseweed-admin systemd[1]: Reloading finished in 300 ms.
Oct 04 10:02:37 baseweed-admin systemd[1]: Reload requested from client PID 1767 ('systemctl') (unit qemu-guest-agent.service)...
Oct 04 10:02:37 baseweed-admin systemd[1]: Reloading...
Oct 04 10:02:37 baseweed-admin qemu-ga[667]: info: guest-exec-status called, pid: 1294
Oct 04 10:02:37 baseweed-admin systemd[1]: Reloading finished in 364 ms.
Oct 04 10:02:37 baseweed-admin weston[926]: [10:02:37.469] qdwin: layer-shell mapped ns=qdshell-osd-pipewire-1 layer=3 at 2871,40 320x72
Oct 04 10:02:37 baseweed-admin dbus-run-session[1037]:   WARN qml: [20261004-100237]        Network Connectivity check error: Error: Not authorized to recheck connectivity.
Oct 04 10:02:37 baseweed-admin systemd[1]: Stopping qdistro session manager (user-silo lifecycle)...
Oct 04 10:02:37 baseweed-admin dbus-run-session[1037]:   INFO qml: [20261004-100237]           Font Loaded 11 fonts, 3 monospace
Oct 04 10:02:37 baseweed-admin systemd[1]: qdistro-session-manager.service: Deactivated successfully.
Oct 04 10:02:37 baseweed-admin systemd[1]: Stopped qdistro session manager (user-silo lifecycle).
Oct 04 10:02:37 baseweed-admin systemd[1]: Starting qdistro session manager (user-silo lifecycle)...
Oct 04 10:02:37 baseweed-admin weston[926]: [10:02:37.660] qdwin: layer-shell get_layer_surface ns=qdshell-wallpaper-Virtual-1 layer=0 output=0x55b2f2af8450
Oct 04 10:02:37 baseweed-admin weston[926]: [10:02:37.660] qdwin: layer-shell configure ns=qdshell-wallpaper-Virtual-1 layer=0 box=0,0 1920x1080 serial=17
Oct 04 10:02:37 baseweed-admin weston[926]: [10:02:37.660] qdwin: layer-shell get_layer_surface ns=qdshell-wallpaper-pipewire-0 layer=0 output=0x55b2f2af9930
Oct 04 10:02:37 baseweed-admin weston[926]: [10:02:37.660] qdwin: layer-shell configure ns=qdshell-wallpaper-pipewire-0 layer=0 box=1920,0 640x480 serial=18
Oct 04 10:02:37 baseweed-admin weston[926]: [10:02:37.660] qdwin: layer-shell get_layer_surface ns=qdshell-wallpaper-pipewire-1 layer=0 output=0x55b2f2b1f200
Oct 04 10:02:37 baseweed-admin weston[926]: [10:02:37.660] qdwin: layer-shell configure ns=qdshell-wallpaper-pipewire-1 layer=0 box=2560,0 640x480 serial=19
Oct 04 10:02:37 baseweed-admin systemd[839]: qdistro-polkit-agent.service: Scheduled restart job, restart counter is at 5.
Oct 04 10:02:37 baseweed-admin systemd[839]: Started qdistro polkit authentication agent (PAM / fprintd / broker).
Oct 04 10:02:37 baseweed-admin qdistro-polkit-agent[1851]: registration failed: org.freedesktop.PolicyKit1.Error.Failed: Cannot determine session the caller is in
Oct 04 10:02:37 baseweed-admin python3[1851]: qdistro-polkit-agent: registration failed: org.freedesktop.PolicyKit1.Error.Failed: Cannot determine session the caller is in
Oct 04 10:02:37 baseweed-admin systemd[1]: Started qdistro session manager (user-silo lifecycle).
Oct 04 10:02:38 baseweed-admin runuser[1856]: pam_unix(runuser:session): session opened for user admin(uid=1000) by (uid=0)
Oct 04 10:02:38 baseweed-admin systemd[839]: qdistro-polkit-agent.service: Main process exited, code=exited, status=1/FAILURE
Oct 04 10:02:38 baseweed-admin systemd[839]: qdistro-polkit-agent.service: Failed with result 'exit-code'.
Oct 04 10:02:38 baseweed-admin weston[926]: [10:02:38.233] qdwin: layer-shell mapped ns=qdshell-wallpaper-Virtual-1 layer=0 at 0,0 1920x1080
Oct 04 10:02:38 baseweed-admin qemu-ga[667]: info: guest-exec-status called, pid: 1294
Oct 04 10:02:38 baseweed-admin systemd[839]: Started podman-1929.scope.
Oct 04 10:02:38 baseweed-admin runuser[1856]: pam_unix(runuser:session): session closed for user admin
Oct 04 10:02:38 baseweed-admin systemd[1]: Reload requested from client PID 2003 ('systemctl') (unit qemu-guest-agent.service)...
Oct 04 10:02:38 baseweed-admin systemd[1]: Reloading...
Oct 04 10:02:38 baseweed-admin systemd[1]: Reloading finished in 433 ms.
Oct 04 10:02:38 baseweed-admin runuser[2002]: pam_unix(runuser:session): session opened for user admin(uid=1000) by (uid=0)
Oct 04 10:02:39 baseweed-admin runuser[2002]: pam_unix(runuser:session): session closed for user admin
Oct 04 10:02:39 baseweed-admin systemd[1]: Stopping qdistro session manager (user-silo lifecycle)...
Oct 04 10:02:39 baseweed-admin systemd[1]: qdistro-session-manager.service: Deactivated successfully.
Oct 04 10:02:39 baseweed-admin systemd[1]: Stopped qdistro session manager (user-silo lifecycle).
Oct 04 10:02:39 baseweed-admin systemd[1]: Starting qdistro session manager (user-silo lifecycle)...
Oct 04 10:02:39 baseweed-admin weston[926]: [10:02:39.202] qdwin: layer-shell mapped ns=qdshell-wallpaper-pipewire-0 layer=0 at 1920,0 640x480
Oct 04 10:02:39 baseweed-admin qemu-ga[667]: info: guest-exec-status called, pid: 1294
Oct 04 10:02:39 baseweed-admin systemd[1]: Started qdistro session manager (user-silo lifecycle).
Oct 04 10:02:39 baseweed-admin runuser[2090]: pam_unix(runuser:session): session opened for user admin(uid=1000) by (uid=0)
Oct 04 10:02:39 baseweed-admin systemd[839]: Started podman-2105.scope.
Oct 04 10:02:39 baseweed-admin runuser[2090]: pam_unix(runuser:session): session closed for user admin
Oct 04 10:02:39 baseweed-admin runuser[2116]: pam_unix(runuser:session): session opened for user admin(uid=1000) by (uid=0)
Oct 04 10:02:39 baseweed-admin weston[926]: [10:02:39.798] qdwin: layer-shell mapped ns=qdshell-wallpaper-pipewire-1 layer=0 at 2560,0 640x480
Oct 04 10:02:39 baseweed-admin dbus-run-session[1037]:   INFO qml: [20261004-100239] DarkModeServic Resume retry - re-evaluating dark mode again
Oct 04 10:02:40 baseweed-admin dbus-run-session[1037]:   INFO qml: [20261004-100240]     NightLight Resume retry - re-applying night light again
Oct 04 10:02:40 baseweed-admin dbus-run-session[1037]:   INFO qml: [20261004-100240]           Time Time jump detected (5s) - likely system resume
Oct 04 10:02:40 baseweed-admin dbus-run-session[1037]:   INFO qml: [20261004-100240]        Network System resumed - forcing state poll
Oct 04 10:02:40 baseweed-admin dbus-run-session[1037]:   INFO qml: [20261004-100240]     SystemStat System resumed - resetting differential state
Oct 04 10:02:40 baseweed-admin dbus-run-session[1037]:   INFO qml: [20261004-100240] DarkModeServic System resumed - re-evaluating dark mode
Oct 04 10:02:40 baseweed-admin dbus-run-session[1037]:   INFO qml: [20261004-100240]     NightLight System resumed - re-applying night light
Oct 04 10:02:40 baseweed-admin dbus-run-session[1037]:   INFO qml: [20261004-100240]      Bluetooth System resumed - forcing state poll
Oct 04 10:02:40 baseweed-admin systemd[839]: Started podman-2126.scope.
Oct 04 10:02:40 baseweed-admin runuser[2116]: pam_unix(runuser:session): session closed for user admin
Oct 04 10:02:40 baseweed-admin dbus-run-session[1037]:   WARN: Process failed to start, likely because the binary could not be found. Command: QList("bluetoothctl", "show")
Oct 04 10:02:40 baseweed-admin systemd[1]: Started [systemd-run] /usr/sbin/runuser -u admin -- env -i PATH=/usr/bin:/bin HOME=/home/admin USER=admin LOGNAME=admin XDG_RUNTIME_DIR=/run/user/1000 podman ps -a --filter label=qdistro_tier3s_token --format json.
Oct 04 10:02:40 baseweed-admin runuser[2189]: pam_unix(runuser:session): session opened for user admin(uid=1000) by (uid=0)
Oct 04 10:02:40 baseweed-admin dbus-run-session[1037]:   WARN qml: [20261004-100240]        Network Connectivity check error: Error: Not authorized to recheck connectivity.
Oct 04 10:02:40 baseweed-admin dbus-run-session[1037]:   WARN qml: [20261004-100240]     SystemStat No supported temperature sensor found
Oct 04 10:02:40 baseweed-admin qemu-ga[667]: info: guest-exec-status called, pid: 1294
Oct 04 10:02:40 baseweed-admin systemd[839]: Started podman-2193.scope.
Oct 04 10:02:40 baseweed-admin runuser[2189]: pam_unix(runuser:session): session closed for user admin
Oct 04 10:02:40 baseweed-admin systemd[1]: qdistro-t3s-call-2171-1-1375424585.scope: Deactivated successfully.
Oct 04 10:02:40 baseweed-admin dbus-run-session[1037]:   WARN: Process failed to start, likely because the binary could not be found. Command: QList("bluetoothctl", "show")
Oct 04 10:02:40 baseweed-admin qdistro_session_manager.py[2085]: 2026-10-04 10:02:40,719 INFO qdistro_session_manager: disposable lease sweeps (TTL + proctree-empty) every 60s
Oct 04 10:02:41 baseweed-admin systemd[839]: qdistro-polkit-agent.service: Scheduled restart job, restart counter is at 6.
Oct 04 10:02:41 baseweed-admin systemd[839]: Started qdistro polkit authentication agent (PAM / fprintd / broker).
Oct 04 10:02:41 baseweed-admin qdistro-polkit-agent[2243]: registration failed: org.freedesktop.PolicyKit1.Error.Failed: Cannot determine session the caller is in
Oct 04 10:02:41 baseweed-admin python3[2243]: qdistro-polkit-agent: registration failed: org.freedesktop.PolicyKit1.Error.Failed: Cannot determine session the caller is in
Oct 04 10:02:41 baseweed-admin systemd[839]: qdistro-polkit-agent.service: Main process exited, code=exited, status=1/FAILURE
Oct 04 10:02:41 baseweed-admin systemd[839]: qdistro-polkit-agent.service: Failed with result 'exit-code'.
Oct 04 10:02:41 baseweed-admin qemu-ga[667]: info: guest-exec-status called, pid: 1294
Oct 04 10:02:41 baseweed-admin dbus-run-session[1037]:   INFO qml: [20261004-100241] DarkModeServic Resume retry - re-evaluating dark mode again
Oct 04 10:02:41 baseweed-admin dbus-run-session[1037]:   INFO qml: [20261004-100241]     NightLight Resume retry - re-applying night light again
Oct 04 10:02:41 baseweed-admin dbus-run-session[1037]:   WARN: Process failed to start, likely because the binary could not be found. Command: QList("bluetoothctl", "show")
Oct 04 10:02:41 baseweed-admin dbus-run-session[1037]:   WARN: Process failed to start, likely because the binary could not be found. Command: QList("bluetoothctl", "show")
Oct 04 10:02:42 baseweed-admin qemu-ga[667]: info: guest-exec-status called, pid: 1294
Oct 04 10:02:43 baseweed-admin dbus-run-session[1037]:   WARN: Process failed to start, likely because the binary could not be found. Command: QList("bluetoothctl", "show")
Oct 04 10:02:43 baseweed-admin qemu-ga[667]: info: guest-exec-status called, pid: 1294
Oct 04 10:02:44 baseweed-admin systemd[839]: qdistro-polkit-agent.service: Scheduled restart job, restart counter is at 7.
Oct 04 10:02:44 baseweed-admin systemd[839]: Started qdistro polkit authentication agent (PAM / fprintd / broker).
Oct 04 10:02:44 baseweed-admin qemu-ga[667]: info: guest-exec-status called, pid: 1294
Oct 04 10:02:45 baseweed-admin qdistro-polkit-agent[2337]: registration failed: org.freedesktop.PolicyKit1.Error.Failed: Cannot determine session the caller is in
Oct 04 10:02:45 baseweed-admin python3[2337]: qdistro-polkit-agent: registration failed: org.freedesktop.PolicyKit1.Error.Failed: Cannot determine session the caller is in
Oct 04 10:02:45 baseweed-admin systemd[839]: qdistro-polkit-agent.service: Main process exited, code=exited, status=1/FAILURE
Oct 04 10:02:45 baseweed-admin systemd[839]: qdistro-polkit-agent.service: Failed with result 'exit-code'.
Oct 04 10:02:45 baseweed-admin dbus-run-session[1037]:   WARN: Process failed to start, likely because the binary could not be found. Command: QList("bluetoothctl", "show")
Oct 04 10:02:45 baseweed-admin dbus-run-session[1037]:   WARN qml: [20261004-100245]       Location Weather is still fetching
Oct 04 10:02:45 baseweed-admin dbus-run-session[1037]:  ERROR qml: [20261004-100245]       Location Geocoding error: 0
Oct 04 10:02:46 baseweed-admin qemu-ga[667]: info: guest-exec-status called, pid: 1294
Oct 04 10:02:47 baseweed-admin qemu-ga[667]: info: guest-exec-status called, pid: 1294
Oct 04 10:02:47 baseweed-admin dbus-run-session[1037]:   WARN: Process failed to start, likely because the binary could not be found. Command: QList("bluetoothctl", "show")
Oct 04 10:02:47 baseweed-admin runuser[2604]: pam_unix(runuser:session): session opened for user admin(uid=1000) by (uid=0)
Oct 04 10:02:47 baseweed-admin runuser[2604]: pam_unix(runuser:session): session closed for user admin
Oct 04 10:02:47 baseweed-admin runuser[2613]: pam_unix(runuser:session): session opened for user admin(uid=1000) by (uid=0)
Oct 04 10:02:47 baseweed-admin systemd[839]: selinux: avc:  denied  { start } for auid=n/a uid=1000 gid=1000 cmdline="podman image exists localhost/tier3s-probe:empty" function="method_start_transient_unit" scontext=system_u:system_r:virt_qemu_ga_t:s0 tcontext=unconfined_u:unconfined_r:unconfined_t:s0-s0:c0.c1023 tclass=system permissive=1
Oct 04 10:02:47 baseweed-admin systemd[839]: Started podman-2614.scope.
Oct 04 10:02:47 baseweed-admin runuser[2613]: pam_unix(runuser:session): session closed for user admin
Oct 04 10:02:47 baseweed-admin runuser[2626]: pam_unix(runuser:session): session opened for user admin(uid=1000) by (uid=0)
Oct 04 10:02:48 baseweed-admin systemd[839]: Started podman-2627.scope.
Oct 04 10:02:48 baseweed-admin qemu-ga[667]: info: guest-exec-status called, pid: 1294
Oct 04 10:02:48 baseweed-admin systemd[839]: qdistro-polkit-agent.service: Scheduled restart job, restart counter is at 8.
Oct 04 10:02:48 baseweed-admin systemd[839]: Started qdistro polkit authentication agent (PAM / fprintd / broker).
Oct 04 10:02:48 baseweed-admin systemd[1]: wtmpdbd.service: Deactivated successfully.
Oct 04 10:02:48 baseweed-admin qdistro-polkit-agent[2646]: registration failed: org.freedesktop.PolicyKit1.Error.Failed: Cannot determine session the caller is in
Oct 04 10:02:48 baseweed-admin python3[2646]: qdistro-polkit-agent: registration failed: org.freedesktop.PolicyKit1.Error.Failed: Cannot determine session the caller is in
Oct 04 10:02:48 baseweed-admin systemd[839]: qdistro-polkit-agent.service: Main process exited, code=exited, status=1/FAILURE
Oct 04 10:02:48 baseweed-admin systemd[839]: qdistro-polkit-agent.service: Failed with result 'exit-code'.
Oct 04 10:02:48 baseweed-admin podman[2627]: 2026-10-04 10:02:48.567576183 +0000 UTC m=+0.582390608 image tag 2a1c6ef28fcce56d97a6101024d645405eec4b51b245326f1d4897084983b5a3 localhost/tier3s-probe:empty
Oct 04 10:02:48 baseweed-admin runuser[2626]: pam_unix(runuser:session): session closed for user admin
Oct 04 10:02:48 baseweed-admin runuser[2653]: pam_unix(runuser:session): session opened for user admin(uid=1000) by (uid=0)
Oct 04 10:02:48 baseweed-admin systemd[839]: Started podman-2654.scope.
Oct 04 10:02:48 baseweed-admin podman[2654]: 2026-10-04 10:02:48.685430522 +0000 UTC m=+0.050202234 image pull 2a1c6ef28fcce56d97a6101024d645405eec4b51b245326f1d4897084983b5a3 localhost/tier3s-probe:empty
Oct 04 10:02:48 baseweed-admin podman[2654]: 2026-10-04 10:02:48.86734293 +0000 UTC m=+0.232114632 container create 9dc1179989f028e7227b63d6aece5372747d2fe452d13d879d8126ef89526598 (image=localhost/tier3s-probe:empty, name=tier3s-probe-2477)
Oct 04 10:02:48 baseweed-admin runuser[2653]: pam_unix(runuser:session): session closed for user admin
Oct 04 10:02:48 baseweed-admin runuser[2665]: pam_unix(runuser:session): session opened for user admin(uid=1000) by (uid=0)
Oct 04 10:02:48 baseweed-admin systemd[1]: systemd-hostnamed.service: Deactivated successfully.
Oct 04 10:02:48 baseweed-admin systemd[839]: Started podman-2666.scope.
Oct 04 10:02:48 baseweed-admin runuser[2665]: pam_unix(runuser:session): session closed for user admin
Oct 04 10:02:48 baseweed-admin runuser[2678]: pam_unix(runuser:session): session opened for user admin(uid=1000) by (uid=0)
Oct 04 10:02:48 baseweed-admin systemd[839]: Started podman-2679.scope.
Oct 04 10:02:49 baseweed-admin runuser[2678]: pam_unix(runuser:session): session closed for user admin
Oct 04 10:02:49 baseweed-admin runuser[2689]: pam_unix(runuser:session): session opened for user admin(uid=1000) by (uid=0)
Oct 04 10:02:49 baseweed-admin systemd[839]: Started podman-2690.scope.
Oct 04 10:02:49 baseweed-admin qemu-ga[667]: info: guest-exec-status called, pid: 1294
Oct 04 10:02:49 baseweed-admin podman[2690]: 2026-10-04 10:02:49.253560575 +0000 UTC m=+0.230885328 container remove 9dc1179989f028e7227b63d6aece5372747d2fe452d13d879d8126ef89526598 (image=localhost/tier3s-probe:empty, name=tier3s-probe-2477)
Oct 04 10:02:49 baseweed-admin runuser[2689]: pam_unix(runuser:session): session closed for user admin
Oct 04 10:02:49 baseweed-admin dbus-run-session[1037]:   WARN: Process failed to start, likely because the binary could not be found. Command: QList("bluetoothctl", "show")
Oct 04 10:02:49 baseweed-admin dbus-run-session[1037]:   WARN qml: [20261004-100249]        Network Connectivity check error: Error: Not authorized to recheck connectivity.
Oct 04 10:02:50 baseweed-admin runuser[2773]: pam_unix(runuser:session): session opened for user admin(uid=1000) by (uid=0)
Oct 04 10:02:50 baseweed-admin systemd[839]: Started podman-2774.scope.
Oct 04 10:02:50 baseweed-admin runuser[2773]: pam_unix(runuser:session): session closed for user admin
Oct 04 10:02:50 baseweed-admin runuser[2785]: pam_unix(runuser:session): session opened for user admin(uid=1000) by (uid=0)
Oct 04 10:02:50 baseweed-admin systemd[839]: Started podman-2786.scope.
Oct 04 10:02:50 baseweed-admin qemu-ga[667]: info: guest-exec-status called, pid: 1294
Oct 04 10:02:51 baseweed-admin qemu-ga[667]: info: guest-exec-status called, pid: 1294
Oct 04 10:02:51 baseweed-admin dbus-run-session[1037]:   WARN: Process failed to start, likely because the binary could not be found. Command: QList("bluetoothctl", "show")
Oct 04 10:02:51 baseweed-admin systemd[839]: qdistro-polkit-agent.service: Scheduled restart job, restart counter is at 9.
Oct 04 10:02:51 baseweed-admin systemd[839]: Started qdistro polkit authentication agent (PAM / fprintd / broker).
Oct 04 10:02:52 baseweed-admin qdistro-polkit-agent[2841]: registration failed: org.freedesktop.PolicyKit1.Error.Failed: Cannot determine session the caller is in
Oct 04 10:02:52 baseweed-admin python3[2841]: qdistro-polkit-agent: registration failed: org.freedesktop.PolicyKit1.Error.Failed: Cannot determine session the caller is in
Oct 04 10:02:52 baseweed-admin systemd[839]: qdistro-polkit-agent.service: Main process exited, code=exited, status=1/FAILURE
Oct 04 10:02:52 baseweed-admin systemd[839]: qdistro-polkit-agent.service: Failed with result 'exit-code'.
Oct 04 10:02:52 baseweed-admin qemu-ga[667]: info: guest-exec-status called, pid: 1294
Oct 04 10:02:53 baseweed-admin qemu-ga[667]: info: guest-exec-status called, pid: 1294
Oct 04 10:02:53 baseweed-admin dbus-run-session[1037]:   WARN: Process failed to start, likely because the binary could not be found. Command: QList("bluetoothctl", "show")
Oct 04 10:02:54 baseweed-admin qemu-ga[667]: info: guest-exec-status called, pid: 1294
Oct 04 10:02:55 baseweed-admin systemd[839]: qdistro-polkit-agent.service: Scheduled restart job, restart counter is at 10.
Oct 04 10:02:55 baseweed-admin systemd[839]: Started qdistro polkit authentication agent (PAM / fprintd / broker).
Oct 04 10:02:55 baseweed-admin qdistro-polkit-agent[2915]: registration failed: org.freedesktop.PolicyKit1.Error.Failed: Cannot determine session the caller is in
Oct 04 10:02:55 baseweed-admin python3[2915]: qdistro-polkit-agent: registration failed: org.freedesktop.PolicyKit1.Error.Failed: Cannot determine session the caller is in
Oct 04 10:02:55 baseweed-admin systemd[839]: qdistro-polkit-agent.service: Main process exited, code=exited, status=1/FAILURE
Oct 04 10:02:55 baseweed-admin systemd[839]: qdistro-polkit-agent.service: Failed with result 'exit-code'.
Oct 04 10:02:55 baseweed-admin qemu-ga[667]: info: guest-exec-status called, pid: 1294
Oct 04 10:02:55 baseweed-admin dbus-run-session[1037]:   WARN: Process failed to start, likely because the binary could not be found. Command: QList("bluetoothctl", "show")
Oct 04 10:02:56 baseweed-admin dbus-run-session[1037]:   INFO qml: [20261004-100256]        PodApps cache refresh loaded 0 apps
Oct 04 10:02:56 baseweed-admin podman[2786]: 2026-10-04 10:02:56.243985401 +0000 UTC m=+5.979805709 image loadfromarchive 1eee52a21ad86f065d227988b4ff8e279fe838e4ed84ee77f2aed0d372deae92 /var/tmp/t3s-img/image.oci.tar
Oct 04 10:02:56 baseweed-admin systemd[839]: podman-2786.scope: Consumed 3.792s CPU time over 5.942s wall clock time.
Oct 04 10:02:56 baseweed-admin runuser[2785]: pam_unix(runuser:session): session closed for user admin
Oct 04 10:02:56 baseweed-admin runuser[2955]: pam_unix(runuser:session): session opened for user admin(uid=1000) by (uid=0)
Oct 04 10:02:56 baseweed-admin systemd[839]: Started podman-2956.scope.
Oct 04 10:02:56 baseweed-admin runuser[2955]: pam_unix(runuser:session): session closed for user admin
Oct 04 10:02:56 baseweed-admin runuser[2967]: pam_unix(runuser:session): session opened for user admin(uid=1000) by (uid=0)
Oct 04 10:02:56 baseweed-admin systemd[839]: Started podman-2968.scope.
Oct 04 10:02:56 baseweed-admin runuser[2967]: pam_unix(runuser:session): session closed for user admin
Oct 04 10:02:56 baseweed-admin runuser[2978]: pam_unix(runuser:session): session opened for user admin(uid=1000) by (uid=0)
Oct 04 10:02:56 baseweed-admin systemd[839]: Started podman-2979.scope.
Oct 04 10:02:56 baseweed-admin runuser[2978]: pam_unix(runuser:session): session closed for user admin
Oct 04 10:02:56 baseweed-admin qemu-ga[667]: info: guest-exec-status called, pid: 1294
Oct 04 10:02:57 baseweed-admin dbus-run-session[1037]:   WARN: Process failed to start, likely because the binary could not be found. Command: QList("bluetoothctl", "show")
Oct 04 10:02:57 baseweed-admin qemu-ga[667]: info: guest-exec-status called, pid: 1294
Oct 04 10:02:57 baseweed-admin runuser[3000]: pam_unix(runuser:session): session opened for user admin(uid=1000) by (uid=0)
Oct 04 10:02:57 baseweed-admin systemd[839]: Started podman-3001.scope.
Oct 04 10:02:57 baseweed-admin runuser[3000]: pam_unix(runuser:session): session closed for user admin
Oct 04 10:02:57 baseweed-admin runuser[3011]: pam_unix(runuser:session): session opened for user admin(uid=1000) by (uid=0)
Oct 04 10:02:57 baseweed-admin systemd[839]: Started podman-3012.scope.
Oct 04 10:02:58 baseweed-admin systemd[839]: qdistro-polkit-agent.service: Scheduled restart job, restart counter is at 11.
Oct 04 10:02:58 baseweed-admin systemd[839]: Started qdistro polkit authentication agent (PAM / fprintd / broker).
Oct 04 10:02:58 baseweed-admin qemu-ga[667]: info: guest-exec-status called, pid: 1294
Oct 04 10:02:59 baseweed-admin qdistro-polkit-agent[3021]: registration failed: org.freedesktop.PolicyKit1.Error.Failed: Cannot determine session the caller is in
Oct 04 10:02:59 baseweed-admin python3[3021]: qdistro-polkit-agent: registration failed: org.freedesktop.PolicyKit1.Error.Failed: Cannot determine session the caller is in
Oct 04 10:02:59 baseweed-admin systemd[839]: qdistro-polkit-agent.service: Main process exited, code=exited, status=1/FAILURE
Oct 04 10:02:59 baseweed-admin systemd[839]: qdistro-polkit-agent.service: Failed with result 'exit-code'.
Oct 04 10:02:59 baseweed-admin dbus-run-session[1037]:   WARN: Process failed to start, likely because the binary could not be found. Command: QList("bluetoothctl", "show")
Oct 04 10:02:59 baseweed-admin qemu-ga[667]: info: guest-exec-status called, pid: 1294
Oct 04 10:03:00 baseweed-admin qemu-ga[667]: info: guest-exec-status called, pid: 1294
Oct 04 10:03:01 baseweed-admin dbus-run-session[1037]:   WARN: Process failed to start, likely because the binary could not be found. Command: QList("bluetoothctl", "show")
Oct 04 10:03:02 baseweed-admin qemu-ga[667]: info: guest-exec-status called, pid: 1294
Oct 04 10:03:02 baseweed-admin systemd[839]: qdistro-polkit-agent.service: Scheduled restart job, restart counter is at 12.
Oct 04 10:03:02 baseweed-admin systemd[839]: Started qdistro polkit authentication agent (PAM / fprintd / broker).
Oct 04 10:03:02 baseweed-admin qdistro-polkit-agent[3085]: registration failed: org.freedesktop.PolicyKit1.Error.Failed: Cannot determine session the caller is in
Oct 04 10:03:02 baseweed-admin python3[3085]: qdistro-polkit-agent: registration failed: org.freedesktop.PolicyKit1.Error.Failed: Cannot determine session the caller is in
Oct 04 10:03:02 baseweed-admin systemd[839]: qdistro-polkit-agent.service: Main process exited, code=exited, status=1/FAILURE
Oct 04 10:03:02 baseweed-admin systemd[839]: qdistro-polkit-agent.service: Failed with result 'exit-code'.
Oct 04 10:03:03 baseweed-admin qemu-ga[667]: info: guest-exec-status called, pid: 1294
Oct 04 10:03:03 baseweed-admin dbus-run-session[1037]:   WARN: Process failed to start, likely because the binary could not be found. Command: QList("bluetoothctl", "show")
Oct 04 10:03:04 baseweed-admin qemu-ga[667]: info: guest-exec-status called, pid: 1294
Oct 04 10:03:05 baseweed-admin dbus-run-session[1037]:   WARN qml: [20261004-100305]        Network Connectivity check error: Error: Not authorized to recheck connectivity.
Oct 04 10:03:05 baseweed-admin qemu-ga[667]: info: guest-exec-status called, pid: 1294
Oct 04 10:03:05 baseweed-admin systemd[839]: qdistro-polkit-agent.service: Scheduled restart job, restart counter is at 13.
Oct 04 10:03:05 baseweed-admin systemd[839]: Started qdistro polkit authentication agent (PAM / fprintd / broker).
Oct 04 10:03:05 baseweed-admin qdistro-polkit-agent[3142]: registration failed: org.freedesktop.PolicyKit1.Error.Failed: Cannot determine session the caller is in
Oct 04 10:03:05 baseweed-admin python3[3142]: qdistro-polkit-agent: registration failed: org.freedesktop.PolicyKit1.Error.Failed: Cannot determine session the caller is in
Oct 04 10:03:05 baseweed-admin systemd[839]: qdistro-polkit-agent.service: Main process exited, code=exited, status=1/FAILURE
Oct 04 10:03:05 baseweed-admin systemd[839]: qdistro-polkit-agent.service: Failed with result 'exit-code'.
Oct 04 10:03:05 baseweed-admin dbus-run-session[1037]:   WARN: Process failed to start, likely because the binary could not be found. Command: QList("bluetoothctl", "show")
Oct 04 10:03:05 baseweed-admin dbus-run-session[1037]:   WARN qml: [20261004-100305]       Location Weather is still fetching
Oct 04 10:03:06 baseweed-admin dbus-run-session[1037]:  ERROR qml: [20261004-100306]       Location Geocoding error: 0
Oct 04 10:03:06 baseweed-admin qemu-ga[667]: info: guest-exec-status called, pid: 1294
Oct 04 10:03:07 baseweed-admin qemu-ga[667]: info: guest-exec-status called, pid: 1294
Oct 04 10:03:07 baseweed-admin dbus-run-session[1037]:   WARN: Process failed to start, likely because the binary could not be found. Command: QList("bluetoothctl", "show")
Oct 04 10:03:08 baseweed-admin qemu-ga[667]: info: guest-exec-status called, pid: 1294
Oct 04 10:03:08 baseweed-admin systemd[839]: qdistro-polkit-agent.service: Scheduled restart job, restart counter is at 14.
Oct 04 10:03:08 baseweed-admin systemd[839]: Started qdistro polkit authentication agent (PAM / fprintd / broker).
Oct 04 10:03:09 baseweed-admin qdistro-polkit-agent[3156]: registration failed: org.freedesktop.PolicyKit1.Error.Failed: Cannot determine session the caller is in
Oct 04 10:03:09 baseweed-admin python3[3156]: qdistro-polkit-agent: registration failed: org.freedesktop.PolicyKit1.Error.Failed: Cannot determine session the caller is in
Oct 04 10:03:09 baseweed-admin systemd[839]: qdistro-polkit-agent.service: Main process exited, code=exited, status=1/FAILURE
Oct 04 10:03:09 baseweed-admin systemd[839]: qdistro-polkit-agent.service: Failed with result 'exit-code'.
Oct 04 10:03:09 baseweed-admin qemu-ga[667]: info: guest-exec-status called, pid: 1294
Oct 04 10:03:09 baseweed-admin dbus-run-session[1037]:   WARN: Process failed to start, likely because the binary could not be found. Command: QList("bluetoothctl", "show")
Oct 04 10:03:10 baseweed-admin qemu-ga[667]: info: guest-exec-status called, pid: 1294
Oct 04 10:03:11 baseweed-admin qemu-ga[667]: info: guest-exec-status called, pid: 1294
Oct 04 10:03:11 baseweed-admin dbus-run-session[1037]:   WARN: Process failed to start, likely because the binary could not be found. Command: QList("bluetoothctl", "show")
Oct 04 10:03:12 baseweed-admin systemd[839]: qdistro-polkit-agent.service: Scheduled restart job, restart counter is at 15.
Oct 04 10:03:12 baseweed-admin systemd[839]: Started qdistro polkit authentication agent (PAM / fprintd / broker).
Oct 04 10:03:12 baseweed-admin qdistro-polkit-agent[3186]: registration failed: org.freedesktop.PolicyKit1.Error.Failed: Cannot determine session the caller is in
Oct 04 10:03:12 baseweed-admin python3[3186]: qdistro-polkit-agent: registration failed: org.freedesktop.PolicyKit1.Error.Failed: Cannot determine session the caller is in
Oct 04 10:03:12 baseweed-admin systemd[839]: qdistro-polkit-agent.service: Main process exited, code=exited, status=1/FAILURE
Oct 04 10:03:12 baseweed-admin systemd[839]: qdistro-polkit-agent.service: Failed with result 'exit-code'.
Oct 04 10:03:12 baseweed-admin qemu-ga[667]: info: guest-exec-status called, pid: 1294
Oct 04 10:03:13 baseweed-admin dbus-run-session[1037]:   WARN: Process failed to start, likely because the binary could not be found. Command: QList("bluetoothctl", "show")
Oct 04 10:03:13 baseweed-admin qemu-ga[667]: info: guest-exec-status called, pid: 1294
Oct 04 10:03:14 baseweed-admin podman[3012]: 2026-10-04 10:03:14.649519545 +0000 UTC m=+16.690177829 image loadfromarchive c1cfa112ea7171ba1c62d14d9adda09e40b530bd9f5b3e76cfaf4e29ff0b345e /var/tmp/t3s-img/tier3s-weston-terminal.oci.tar
Oct 04 10:03:14 baseweed-admin systemd[839]: podman-3012.scope: Consumed 15.090s CPU time over 16.659s wall clock time.
Oct 04 10:03:14 baseweed-admin runuser[3011]: pam_unix(runuser:session): session closed for user admin
Oct 04 10:03:14 baseweed-admin runuser[3253]: pam_unix(runuser:session): session opened for user admin(uid=1000) by (uid=0)
Oct 04 10:03:14 baseweed-admin systemd[839]: Started podman-3254.scope.
Oct 04 10:03:14 baseweed-admin runuser[3253]: pam_unix(runuser:session): session closed for user admin
Oct 04 10:03:14 baseweed-admin runuser[3265]: pam_unix(runuser:session): session opened for user admin(uid=1000) by (uid=0)
Oct 04 10:03:14 baseweed-admin systemd[839]: Started podman-3266.scope.
Oct 04 10:03:14 baseweed-admin runuser[3265]: pam_unix(runuser:session): session closed for user admin
Oct 04 10:03:14 baseweed-admin runuser[3276]: pam_unix(runuser:session): session opened for user admin(uid=1000) by (uid=0)
Oct 04 10:03:14 baseweed-admin systemd[839]: Started podman-3277.scope.
Oct 04 10:03:14 baseweed-admin runuser[3276]: pam_unix(runuser:session): session closed for user admin
Oct 04 10:03:14 baseweed-admin qemu-ga[667]: info: guest-exec-status called, pid: 1294
Oct 04 10:03:15 baseweed-admin systemd[839]: qdistro-polkit-agent.service: Scheduled restart job, restart counter is at 16.
Oct 04 10:03:15 baseweed-admin systemd[839]: Started qdistro polkit authentication agent (PAM / fprintd / broker).
Oct 04 10:03:15 baseweed-admin dbus-run-session[1037]:   WARN: Process failed to start, likely because the binary could not be found. Command: QList("bluetoothctl", "show")
Oct 04 10:03:15 baseweed-admin qdistro-polkit-agent[3298]: registration failed: org.freedesktop.PolicyKit1.Error.Failed: Cannot determine session the caller is in
Oct 04 10:03:15 baseweed-admin python3[3298]: qdistro-polkit-agent: registration failed: org.freedesktop.PolicyKit1.Error.Failed: Cannot determine session the caller is in
Oct 04 10:03:15 baseweed-admin systemd[839]: qdistro-polkit-agent.service: Main process exited, code=exited, status=1/FAILURE
Oct 04 10:03:15 baseweed-admin systemd[839]: qdistro-polkit-agent.service: Failed with result 'exit-code'.
Oct 04 10:03:15 baseweed-admin runuser[3303]: pam_unix(runuser:session): session opened for user admin(uid=1000) by (uid=0)
Oct 04 10:03:15 baseweed-admin systemd[839]: Started podman-3304.scope.
Oct 04 10:03:15 baseweed-admin runuser[3303]: pam_unix(runuser:session): session closed for user admin
Oct 04 10:03:15 baseweed-admin qemu-ga[667]: info: guest-exec-status called, pid: 1294
Oct 04 10:03:15 baseweed-admin runuser[3314]: pam_unix(runuser:session): session opened for user admin(uid=1000) by (uid=0)
Oct 04 10:03:15 baseweed-admin systemd[839]: Started podman-3315.scope.
Oct 04 10:03:16 baseweed-admin qemu-ga[667]: info: guest-exec-status called, pid: 1294
Oct 04 10:03:17 baseweed-admin dbus-run-session[1037]:   WARN: Process failed to start, likely because the binary could not be found. Command: QList("bluetoothctl", "show")
Oct 04 10:03:17 baseweed-admin qemu-ga[667]: info: guest-exec-status called, pid: 1294
Oct 04 10:03:18 baseweed-admin systemd[839]: qdistro-polkit-agent.service: Scheduled restart job, restart counter is at 17.
Oct 04 10:03:18 baseweed-admin systemd[839]: Started qdistro polkit authentication agent (PAM / fprintd / broker).
Oct 04 10:03:19 baseweed-admin qemu-ga[667]: info: guest-exec-status called, pid: 1294
Oct 04 10:03:19 baseweed-admin qdistro-polkit-agent[3429]: registration failed: org.freedesktop.PolicyKit1.Error.Failed: Cannot determine session the caller is in
Oct 04 10:03:19 baseweed-admin python3[3429]: qdistro-polkit-agent: registration failed: org.freedesktop.PolicyKit1.Error.Failed: Cannot determine session the caller is in
Oct 04 10:03:19 baseweed-admin systemd[839]: qdistro-polkit-agent.service: Main process exited, code=exited, status=1/FAILURE
Oct 04 10:03:19 baseweed-admin systemd[839]: qdistro-polkit-agent.service: Failed with result 'exit-code'.
Oct 04 10:03:19 baseweed-admin dbus-run-session[1037]:   WARN: Process failed to start, likely because the binary could not be found. Command: QList("bluetoothctl", "show")
Oct 04 10:03:19 baseweed-admin dbus-run-session[1037]:   WARN qml: [20261004-100319]        Network Connectivity check error: Error: Not authorized to recheck connectivity.
Oct 04 10:03:20 baseweed-admin qemu-ga[667]: info: guest-exec-status called, pid: 1294
Oct 04 10:03:21 baseweed-admin qemu-ga[667]: info: guest-exec-status called, pid: 1294
Oct 04 10:03:21 baseweed-admin dbus-run-session[1037]:   WARN: Process failed to start, likely because the binary could not be found. Command: QList("bluetoothctl", "show")
Oct 04 10:03:22 baseweed-admin qemu-ga[667]: info: guest-exec-status called, pid: 1294
Oct 04 10:03:22 baseweed-admin systemd[839]: qdistro-polkit-agent.service: Scheduled restart job, restart counter is at 18.
Oct 04 10:03:22 baseweed-admin systemd[839]: Started qdistro polkit authentication agent (PAM / fprintd / broker).
Oct 04 10:03:22 baseweed-admin qdistro-polkit-agent[3502]: registration failed: org.freedesktop.PolicyKit1.Error.Failed: Cannot determine session the caller is in
Oct 04 10:03:22 baseweed-admin python3[3502]: qdistro-polkit-agent: registration failed: org.freedesktop.PolicyKit1.Error.Failed: Cannot determine session the caller is in
Oct 04 10:03:22 baseweed-admin systemd[839]: qdistro-polkit-agent.service: Main process exited, code=exited, status=1/FAILURE
Oct 04 10:03:22 baseweed-admin systemd[839]: qdistro-polkit-agent.service: Failed with result 'exit-code'.
Oct 04 10:03:22 baseweed-admin podman[3315]: 2026-10-04 10:03:22.720566983 +0000 UTC m=+6.811007827 image loadfromarchive 4149fd5f34546cf0b73329384de250e6397b2ff8b52783c1aea6faacefa62237 /var/tmp/t3s-img/tier3s-foot.oci.tar
Oct 04 10:03:22 baseweed-admin runuser[3314]: pam_unix(runuser:session): session closed for user admin
Oct 04 10:03:22 baseweed-admin systemd[839]: podman-3315.scope: Consumed 4.488s CPU time over 6.793s wall clock time.
Oct 04 10:03:22 baseweed-admin runuser[3509]: pam_unix(runuser:session): session opened for user admin(uid=1000) by (uid=0)
Oct 04 10:03:22 baseweed-admin systemd[839]: Started podman-3510.scope.
Oct 04 10:03:22 baseweed-admin runuser[3509]: pam_unix(runuser:session): session closed for user admin
Oct 04 10:03:22 baseweed-admin runuser[3521]: pam_unix(runuser:session): session opened for user admin(uid=1000) by (uid=0)
Oct 04 10:03:22 baseweed-admin systemd[839]: Started podman-3522.scope.
Oct 04 10:03:22 baseweed-admin runuser[3521]: pam_unix(runuser:session): session closed for user admin
Oct 04 10:03:22 baseweed-admin runuser[3532]: pam_unix(runuser:session): session opened for user admin(uid=1000) by (uid=0)
Oct 04 10:03:22 baseweed-admin systemd[839]: Started podman-3533.scope.
Oct 04 10:03:22 baseweed-admin runuser[3532]: pam_unix(runuser:session): session closed for user admin
Oct 04 10:03:22 baseweed-admin runuser[3546]: pam_unix(runuser:session): session opened for user admin(uid=1000) by (uid=0)
Oct 04 10:03:22 baseweed-admin systemd[839]: selinux: avc:  denied  { status } for auid=n/a uid=1000 gid=1000 path="/home/admin/.config/systemd/user/qdshell.service" cmdline="" function="mac_selinux_filter" scontext=system_u:system_r:virt_qemu_ga_t:s0 tcontext=system_u:object_r:config_home_t:s0 tclass=service permissive=1
Oct 04 10:03:22 baseweed-admin runuser[3546]: pam_unix(runuser:session): session closed for user admin
Oct 04 10:03:22 baseweed-admin runuser[3555]: pam_unix(runuser:session): session opened for user admin(uid=1000) by (uid=0)
Oct 04 10:03:22 baseweed-admin runuser[3555]: pam_unix(runuser:session): session closed for user admin
Oct 04 10:03:22 baseweed-admin runuser[3558]: pam_unix(runuser:session): session opened for user admin(uid=1000) by (uid=0)
Oct 04 10:03:22 baseweed-admin runuser[3558]: pam_unix(runuser:session): session closed for user admin
Oct 04 10:03:22 baseweed-admin runuser[3562]: pam_unix(runuser:session): session opened for user admin(uid=1000) by (uid=0)
Oct 04 10:03:23 baseweed-admin runuser[3562]: pam_unix(runuser:session): session closed for user admin
Oct 04 10:03:23 baseweed-admin runuser[3578]: pam_unix(runuser:session): session opened for user admin(uid=1000) by (uid=0)
Oct 04 10:03:23 baseweed-admin runuser[3578]: pam_unix(runuser:session): session closed for user admin
Oct 04 10:03:23 baseweed-admin runuser[3581]: pam_unix(runuser:session): session opened for user admin(uid=1000) by (uid=0)
Oct 04 10:03:23 baseweed-admin runuser[3581]: pam_unix(runuser:session): session closed for user admin
Oct 04 10:03:23 baseweed-admin runuser[3588]: pam_unix(runuser:session): session opened for user admin(uid=1000) by (uid=0)
Oct 04 10:03:23 baseweed-admin runuser[3588]: pam_unix(runuser:session): session closed for user admin
Oct 04 10:03:23 baseweed-admin qemu-ga[667]: info: guest-exec-status called, pid: 1294
Oct 04 10:03:23 baseweed-admin qdistro_admin_broker.py[707]: [broker] rules reloaded (inotify): 1 rule(s), 0 error(s)
Oct 04 10:03:23 baseweed-admin runuser[3593]: pam_unix(runuser:session): session opened for user admin(uid=1000) by (uid=0)
Oct 04 10:03:23 baseweed-admin runuser[3593]: pam_unix(runuser:session): session closed for user admin
Oct 04 10:03:23 baseweed-admin runuser[3597]: pam_unix(runuser:session): session opened for user admin(uid=1000) by (uid=0)
Oct 04 10:03:23 baseweed-admin dbus-run-session[1037]:   WARN: Process failed to start, likely because the binary could not be found. Command: QList("bluetoothctl", "show")
Oct 04 10:03:23 baseweed-admin runuser[3597]: pam_unix(runuser:session): session closed for user admin
Oct 04 10:03:23 baseweed-admin runuser[3614]: pam_unix(runuser:session): session opened for user admin(uid=1000) by (uid=0)
Oct 04 10:03:23 baseweed-admin systemd[839]: Started podman-3615.scope.
Oct 04 10:03:23 baseweed-admin runuser[3614]: pam_unix(runuser:session): session closed for user admin
Oct 04 10:03:24 baseweed-admin qemu-ga[667]: info: guest-exec-status called, pid: 1294
Oct 04 10:03:25 baseweed-admin qemu-ga[667]: info: guest-exec-status called, pid: 1294
Oct 04 10:03:25 baseweed-admin qemu-ga[667]: info: guest-exec called: "/bin/sh -c cd /var/tmp/t3s-dl && for f in tier3s-guest-lib.sh s124-tier3s-app.sh; do curl -fsS -o $f http://10.0.2.2:52141/$f || exit 97; done && bash s124-tier3s-app.sh"
Oct 04 10:03:25 baseweed-admin qemu-ga[667]: info: guest-exec called: "/bin/sh -c qd_startof() {
                                               awk 'match($0,/\)[^)]*$/){s=substr($0,RSTART+2);split(s,f," ");print f[20]}' "/proc/$1/stat" 2>/dev/null
                                             }
                                             qd_ident_s=$(qd_startof 4066)
                                             # The guest's boot id rides along: a (pid, start time) pair is unique only
                                             # WITHIN one boot, and the orphan registry must never match it against a later
                                             # incarnation of the same VM name. "boot=" with nothing after it means the id
                                             # was unreadable; the host then does not register the command.
                                             qd_ident_b=$(cat /proc/sys/kernel/random/boot_id 2>/dev/null)
                                             if [ -n "$qd_ident_s" ]; then printf 'start=%s boot=%s\n' "$qd_ident_s" "$qd_ident_b"; else printf 'gone\n'; fi"
Oct 04 10:03:25 baseweed-admin systemd[839]: qdistro-polkit-agent.service: Scheduled restart job, restart counter is at 19.
Oct 04 10:03:25 baseweed-admin systemd[839]: Started qdistro polkit authentication agent (PAM / fprintd / broker).
Oct 04 10:03:25 baseweed-admin dbus-run-session[1037]:   WARN: Process failed to start, likely because the binary could not be found. Command: QList("bluetoothctl", "show")
Oct 04 10:03:25 baseweed-admin qemu-ga[667]: info: guest-exec-status called, pid: 4078
Oct 04 10:03:25 baseweed-admin qdistro-polkit-agent[4099]: registration failed: org.freedesktop.PolicyKit1.Error.Failed: Cannot determine session the caller is in
Oct 04 10:03:25 baseweed-admin python3[4099]: qdistro-polkit-agent: registration failed: org.freedesktop.PolicyKit1.Error.Failed: Cannot determine session the caller is in
Oct 04 10:03:25 baseweed-admin qemu-ga[667]: info: guest-exec-status called, pid: 4066
Oct 04 10:03:25 baseweed-admin systemd[839]: qdistro-polkit-agent.service: Main process exited, code=exited, status=1/FAILURE
Oct 04 10:03:25 baseweed-admin systemd[839]: qdistro-polkit-agent.service: Failed with result 'exit-code'.
Oct 04 10:03:25 baseweed-admin dbus-run-session[1037]:   WARN qml: [20261004-100325]       Location Weather is still fetching
Oct 04 10:03:26 baseweed-admin dbus-run-session[1037]:  ERROR qml: [20261004-100326]       Location Geocoding error: 0
Oct 04 10:03:26 baseweed-admin dbus-run-session[1037]:   INFO qml: [20261004-100326]        PodApps cache refresh loaded 0 apps
Oct 04 10:03:26 baseweed-admin qemu-ga[667]: info: guest-exec-status called, pid: 4066
Oct 04 10:03:27 baseweed-admin runuser[4224]: pam_unix(runuser:session): session opened for user admin(uid=1000) by (uid=0)
Oct 04 10:03:27 baseweed-admin runuser[4224]: pam_unix(runuser:session): session closed for user admin
Oct 04 10:03:27 baseweed-admin runuser[4233]: pam_unix(runuser:session): session opened for user admin(uid=1000) by (uid=0)
Oct 04 10:03:27 baseweed-admin systemd[839]: Started podman-4234.scope.
Oct 04 10:03:27 baseweed-admin runuser[4233]: pam_unix(runuser:session): session closed for user admin
Oct 04 10:03:27 baseweed-admin runuser[4244]: pam_unix(runuser:session): session opened for user admin(uid=1000) by (uid=0)
Oct 04 10:03:27 baseweed-admin systemd[839]: Started podman-4245.scope.
Oct 04 10:03:27 baseweed-admin podman[4245]: 2026-10-04 10:03:27.120009825 +0000 UTC m=+0.034444684 image pull 2a1c6ef28fcce56d97a6101024d645405eec4b51b245326f1d4897084983b5a3 localhost/tier3s-probe:empty
Oct 04 10:03:27 baseweed-admin dbus-run-session[1037]:   WARN: Process failed to start, likely because the binary could not be found. Command: QList("bluetoothctl", "show")
Oct 04 10:03:27 baseweed-admin qemu-ga[667]: info: guest-exec-status called, pid: 4066
Oct 04 10:03:28 baseweed-admin systemd[839]: qdistro-polkit-agent.service: Scheduled restart job, restart counter is at 20.
Oct 04 10:03:28 baseweed-admin systemd[839]: Started qdistro polkit authentication agent (PAM / fprintd / broker).
Oct 04 10:03:29 baseweed-admin qemu-ga[667]: info: guest-exec-status called, pid: 4066
Oct 04 10:03:29 baseweed-admin qdistro-polkit-agent[4255]: registration failed: org.freedesktop.PolicyKit1.Error.Failed: Cannot determine session the caller is in
Oct 04 10:03:29 baseweed-admin python3[4255]: qdistro-polkit-agent: registration failed: org.freedesktop.PolicyKit1.Error.Failed: Cannot determine session the caller is in
Oct 04 10:03:29 baseweed-admin systemd[839]: qdistro-polkit-agent.service: Main process exited, code=exited, status=1/FAILURE
Oct 04 10:03:29 baseweed-admin systemd[839]: qdistro-polkit-agent.service: Failed with result 'exit-code'.
Oct 04 10:03:29 baseweed-admin dbus-run-session[1037]:   WARN: Process failed to start, likely because the binary could not be found. Command: QList("bluetoothctl", "show")
Oct 04 10:03:30 baseweed-admin qemu-ga[667]: info: guest-exec-status called, pid: 4066
Oct 04 10:03:31 baseweed-admin podman[4245]: 2026-10-04 10:03:31.045409317 +0000 UTC m=+3.959844186 container create 311f354e3047eae02c4bc0463e9f5c6e921c3dd30c5af9ad1305e6d84324b740 (image=localhost/tier3s-probe:empty, name=tier3s-probe-4073)
Oct 04 10:03:31 baseweed-admin runuser[4244]: pam_unix(runuser:session): session closed for user admin
Oct 04 10:03:31 baseweed-admin runuser[4270]: pam_unix(runuser:session): session opened for user admin(uid=1000) by (uid=0)
Oct 04 10:03:31 baseweed-admin systemd[839]: Started podman-4271.scope.
Oct 04 10:03:31 baseweed-admin qemu-ga[667]: info: guest-exec-status called, pid: 4066
Oct 04 10:03:31 baseweed-admin runuser[4270]: pam_unix(runuser:session): session closed for user admin
Oct 04 10:03:31 baseweed-admin runuser[4283]: pam_unix(runuser:session): session opened for user admin(uid=1000) by (uid=0)
Oct 04 10:03:31 baseweed-admin systemd[839]: Started podman-4284.scope.
Oct 04 10:03:31 baseweed-admin runuser[4283]: pam_unix(runuser:session): session closed for user admin
Oct 04 10:03:31 baseweed-admin runuser[4293]: pam_unix(runuser:session): session opened for user admin(uid=1000) by (uid=0)
Oct 04 10:03:31 baseweed-admin chronyd[750]: Selected source 188.124.59.142 (2.opensuse.pool.ntp.org)
Oct 04 10:03:31 baseweed-admin systemd[839]: Started podman-4294.scope.
Oct 04 10:03:31 baseweed-admin podman[4294]: 2026-10-04 10:03:31.438852872 +0000 UTC m=+0.232796885 container remove 311f354e3047eae02c4bc0463e9f5c6e921c3dd30c5af9ad1305e6d84324b740 (image=localhost/tier3s-probe:empty, name=tier3s-probe-4073)
Oct 04 10:03:31 baseweed-admin runuser[4293]: pam_unix(runuser:session): session closed for user admin
Oct 04 10:03:31 baseweed-admin runuser[4307]: pam_unix(runuser:session): session opened for user admin(uid=1000) by (uid=0)
Oct 04 10:03:31 baseweed-admin systemd[839]: Started podman-4308.scope.
Oct 04 10:03:31 baseweed-admin runuser[4307]: pam_unix(runuser:session): session closed for user admin
Oct 04 10:03:31 baseweed-admin runuser[4318]: pam_unix(runuser:session): session opened for user admin(uid=1000) by (uid=0)
Oct 04 10:03:31 baseweed-admin systemd[839]: Started podman-4319.scope.
Oct 04 10:03:31 baseweed-admin runuser[4318]: pam_unix(runuser:session): session closed for user admin
Oct 04 10:03:31 baseweed-admin runuser[4330]: pam_unix(runuser:session): session opened for user admin(uid=1000) by (uid=0)
Oct 04 10:03:31 baseweed-admin runuser[4330]: pam_unix(runuser:session): session closed for user admin
Oct 04 10:03:31 baseweed-admin runuser[4350]: pam_unix(runuser:session): session opened for user admin(uid=1000) by (uid=0)
Oct 04 10:03:31 baseweed-admin systemd[839]: Started podman-4351.scope.
Oct 04 10:03:31 baseweed-admin runuser[4350]: pam_unix(runuser:session): session closed for user admin
Oct 04 10:03:31 baseweed-admin dbus-run-session[1037]:   WARN: Process failed to start, likely because the binary could not be found. Command: QList("bluetoothctl", "show")
Oct 04 10:03:32 baseweed-admin qemu-ga[667]: info: guest-exec-status called, pid: 4066
Oct 04 10:03:32 baseweed-admin systemd[839]: qdistro-polkit-agent.service: Scheduled restart job, restart counter is at 21.
Oct 04 10:03:32 baseweed-admin systemd[839]: Started qdistro polkit authentication agent (PAM / fprintd / broker).
Oct 04 10:03:32 baseweed-admin runuser[4817]: pam_unix(runuser:session): session opened for user admin(uid=1000) by (uid=0)
Oct 04 10:03:32 baseweed-admin qdistro_session_manager.py[2085]: 2026-10-04 10:03:32,294 INFO qdistro_session_manager: CreateTier3sSilo name=s124w workload=weston-terminal binding=s124w
Oct 04 10:03:32 baseweed-admin runuser[4817]: pam_unix(runuser:session): session closed for user admin
Oct 04 10:03:32 baseweed-admin runuser[4822]: pam_unix(runuser:session): session opened for user admin(uid=1000) by (uid=0)
Oct 04 10:03:32 baseweed-admin runuser[4822]: pam_unix(runuser:session): session closed for user admin
Oct 04 10:03:32 baseweed-admin runuser[4824]: pam_unix(runuser:session): session opened for user admin(uid=1000) by (uid=0)
Oct 04 10:03:32 baseweed-admin qdistro-polkit-agent[4805]: registration failed: org.freedesktop.PolicyKit1.Error.Failed: Cannot determine session the caller is in
Oct 04 10:03:32 baseweed-admin python3[4805]: qdistro-polkit-agent: registration failed: org.freedesktop.PolicyKit1.Error.Failed: Cannot determine session the caller is in
Oct 04 10:03:32 baseweed-admin qdistro_session_manager.py[2085]: 2026-10-04 10:03:32,389 INFO qdistro_session_manager: CreateTier3sSilo name=s124f workload=foot binding=s124f
Oct 04 10:03:32 baseweed-admin runuser[4824]: pam_unix(runuser:session): session closed for user admin
Oct 04 10:03:32 baseweed-admin systemd[839]: qdistro-polkit-agent.service: Main process exited, code=exited, status=1/FAILURE
Oct 04 10:03:32 baseweed-admin systemd[839]: qdistro-polkit-agent.service: Failed with result 'exit-code'.
Oct 04 10:03:32 baseweed-admin runuser[4829]: pam_unix(runuser:session): session opened for user admin(uid=1000) by (uid=0)
Oct 04 10:03:32 baseweed-admin runuser[4829]: pam_unix(runuser:session): session closed for user admin
Oct 04 10:03:32 baseweed-admin runuser[4836]: pam_unix(runuser:session): session opened for user admin(uid=1000) by (uid=0)
Oct 04 10:03:32 baseweed-admin runuser[4836]: pam_unix(runuser:session): session closed for user admin
Oct 04 10:03:32 baseweed-admin qdistro_admin_broker.py[707]: [broker] rules reloaded (inotify): 2 rule(s), 0 error(s)
Oct 04 10:03:32 baseweed-admin runuser[4841]: pam_unix(runuser:session): session opened for user admin(uid=1000) by (uid=0)
Oct 04 10:03:32 baseweed-admin runuser[4841]: pam_unix(runuser:session): session closed for user admin
Oct 04 10:03:32 baseweed-admin runuser[4845]: pam_unix(runuser:session): session opened for user admin(uid=1000) by (uid=0)
Oct 04 10:03:32 baseweed-admin runuser[4845]: pam_unix(runuser:session): session closed for user admin
Oct 04 10:03:32 baseweed-admin runuser[4849]: pam_unix(runuser:session): session opened for user admin(uid=1000) by (uid=0)
Oct 04 10:03:32 baseweed-admin runuser[4849]: pam_unix(runuser:session): session closed for user admin
Oct 04 10:03:32 baseweed-admin runuser[4856]: pam_unix(runuser:session): session opened for user admin(uid=1000) by (uid=0)
Oct 04 10:03:32 baseweed-admin systemd[1]: Created slice Slice /system/qdistro-tier3s-silo.
Oct 04 10:03:32 baseweed-admin systemd[1]: Starting qdistro tier-3s (gVisor) silo s124w (Experimental, dev profile only)...
Oct 04 10:03:33 baseweed-admin qemu-ga[667]: info: guest-exec-status called, pid: 4066
Oct 04 10:03:33 baseweed-admin dbus-run-session[1037]:   WARN: Process failed to start, likely because the binary could not be found. Command: QList("bluetoothctl", "show")
Oct 04 10:03:33 baseweed-admin runuser[5014]: pam_unix(runuser:session): session opened for user admin(uid=1000) by (uid=0)
Oct 04 10:03:33 baseweed-admin runuser[5014]: pam_unix(runuser:session): session closed for user admin
Oct 04 10:03:33 baseweed-admin runuser[5024]: pam_unix(runuser:session): session opened for user admin(uid=1000) by (uid=0)
Oct 04 10:03:33 baseweed-admin systemd[839]: Started podman-5025.scope.
Oct 04 10:03:33 baseweed-admin runuser[5024]: pam_unix(runuser:session): session closed for user admin
Oct 04 10:03:33 baseweed-admin runuser[5035]: pam_unix(runuser:session): session opened for user admin(uid=1000) by (uid=0)
Oct 04 10:03:33 baseweed-admin systemd[839]: Started podman-5036.scope.
Oct 04 10:03:34 baseweed-admin podman[5036]: 2026-10-04 10:03:33.92010048 +0000 UTC m=+0.038497885 image pull 2a1c6ef28fcce56d97a6101024d645405eec4b51b245326f1d4897084983b5a3 localhost/tier3s-probe:empty
Oct 04 10:03:34 baseweed-admin podman[5036]: 2026-10-04 10:03:34.037842215 +0000 UTC m=+0.156239610 container create 1af2966b88a8259ecd5160d00e5e6acea2d3aa23eb9c37e16495e5c85fc0fe0f (image=localhost/tier3s-probe:empty, name=tier3s-probe-4887)
Oct 04 10:03:34 baseweed-admin runuser[5035]: pam_unix(runuser:session): session closed for user admin
Oct 04 10:03:34 baseweed-admin runuser[5047]: pam_unix(runuser:session): session opened for user admin(uid=1000) by (uid=0)
Oct 04 10:03:34 baseweed-admin systemd[839]: Started podman-5048.scope.
Oct 04 10:03:34 baseweed-admin runuser[5047]: pam_unix(runuser:session): session closed for user admin
Oct 04 10:03:34 baseweed-admin runuser[5058]: pam_unix(runuser:session): session opened for user admin(uid=1000) by (uid=0)
Oct 04 10:03:34 baseweed-admin systemd[839]: Started podman-5059.scope.
Oct 04 10:03:34 baseweed-admin runuser[5058]: pam_unix(runuser:session): session closed for user admin
Oct 04 10:03:34 baseweed-admin runuser[5068]: pam_unix(runuser:session): session opened for user admin(uid=1000) by (uid=0)
Oct 04 10:03:34 baseweed-admin systemd[839]: Started podman-5069.scope.
Oct 04 10:03:34 baseweed-admin qemu-ga[667]: info: guest-exec-status called, pid: 4066
Oct 04 10:03:34 baseweed-admin podman[5069]: 2026-10-04 10:03:34.359752399 +0000 UTC m=+0.199410117 container remove 1af2966b88a8259ecd5160d00e5e6acea2d3aa23eb9c37e16495e5c85fc0fe0f (image=localhost/tier3s-probe:empty, name=tier3s-probe-4887)
Oct 04 10:03:34 baseweed-admin runuser[5068]: pam_unix(runuser:session): session closed for user admin
Oct 04 10:03:34 baseweed-admin runuser[5081]: pam_unix(runuser:session): session opened for user admin(uid=1000) by (uid=0)
Oct 04 10:03:34 baseweed-admin qdistro-tier3s-silo-launch[5082]: [resolve-binding] silo 's124w' is untemplated (no binding)
Oct 04 10:03:34 baseweed-admin runuser[5081]: pam_unix(runuser:session): session closed for user admin
Oct 04 10:03:34 baseweed-admin qdistro-tier3s-silo-launch[4859]: spawn-tier3s: silo s124w runs UNTEMPLATED (no binding); image localhost/qdistro/tier3s-weston-terminal:latest
Oct 04 10:03:34 baseweed-admin runuser[5090]: pam_unix(runuser:session): session opened for user admin(uid=1000) by (uid=0)
Oct 04 10:03:34 baseweed-admin runuser[5090]: pam_unix(runuser:session): session closed for user admin
Oct 04 10:03:34 baseweed-admin systemd[1]: Started [systemd-run] /usr/sbin/runuser -u admin -- env -i PATH=/usr/bin:/bin HOME=/home/admin USER=admin LOGNAME=admin XDG_RUNTIME_DIR=/run/user/1000 podman ps -a --filter label=qdistro_tier3s_token --format json.
Oct 04 10:03:34 baseweed-admin runuser[5112]: pam_unix(runuser:session): session opened for user admin(uid=1000) by (uid=0)
Oct 04 10:03:34 baseweed-admin systemd[839]: Started podman-5113.scope.
Oct 04 10:03:34 baseweed-admin runuser[5112]: pam_unix(runuser:session): session closed for user admin
Oct 04 10:03:34 baseweed-admin systemd[1]: qdistro-t3s-call-5097-1-1577058678.scope: Deactivated successfully.
Oct 04 10:03:34 baseweed-admin runuser[5150]: pam_unix(runuser:session): session opened for user admin(uid=1000) by (uid=0)
Oct 04 10:03:34 baseweed-admin dbus-run-session[1037]:   WARN qml: [20261004-100334]        Network Connectivity check error: Error: Not authorized to recheck connectivity.
Oct 04 10:03:34 baseweed-admin systemd[839]: Started podman-5152.scope.
Oct 04 10:03:34 baseweed-admin runuser[5150]: pam_unix(runuser:session): session closed for user admin
Oct 04 10:03:34 baseweed-admin runuser[5172]: pam_unix(runuser:session): session opened for user admin(uid=1000) by (uid=0)
Oct 04 10:03:34 baseweed-admin weston[926]: [10:03:34.794] qdwin/secctx: helper pid=5181 launcher parent pid=5172 exe unreadable; falling back to verified root-parent + stable-starttime attestation
Oct 04 10:03:34 baseweed-admin weston[926]: [10:03:34.795] qdwin/secctx: helper pid=5181 launcher parent pid=5172 exe unreadable; falling back to verified root-parent + stable-starttime attestation
Oct 04 10:03:34 baseweed-admin weston[926]: [10:03:34.796] qdwin/secctx: helper pid=5181 launcher parent pid=5172 exe unreadable; falling back to verified root-parent + stable-starttime attestation
Oct 04 10:03:34 baseweed-admin weston[926]: [10:03:34.796] qdwin/secctx: helper pid=5181 launcher parent pid=5172 exe unreadable; falling back to verified root-parent + stable-starttime attestation
Oct 04 10:03:34 baseweed-admin weston[926]: [10:03:34.796] qdwin/secctx: manager bound by uid=1000 pid=5181 (helper)
Oct 04 10:03:34 baseweed-admin weston[926]: [10:03:34.796] qdwin/secctx: committed engine=qdistro.tier3s app_id=qdistro.tier3s.s124w instance_id=7a8f8045eb851e230989c55b336a5a90 listen_fd=72 close_fd=73
Oct 04 10:03:34 baseweed-admin weston[926]: [10:03:34.800] qdwin/secctx: client accepted engine=qdistro.tier3s app_id=qdistro.tier3s.s124w instance_id=7a8f8045eb851e230989c55b336a5a90 (total tagged: 1)
Oct 04 10:03:34 baseweed-admin qdistro-tier3s-silo-launch[4859]: LAUNCH_TOKEN=7a8f8045eb851e230989c55b336a5a90
Oct 04 10:03:34 baseweed-admin qdistro-tier3s-silo-launch[4859]: CONTAINER=qdistro-tier3s-s124w
Oct 04 10:03:34 baseweed-admin qdistro-tier3s-silo-launch[4859]: IMAGE=localhost/qdistro/tier3s-weston-terminal:latest
Oct 04 10:03:34 baseweed-admin qdistro-tier3s-silo-launch[4859]: SCOPE_UNIT=qdistro-tier3s-7a8f8045eb851e230989c55b336a5a90.scope
Oct 04 10:03:34 baseweed-admin systemd[1]: Started [systemd-run] /usr/libexec/qdistro/qdistro-tier3s-scope enter 7a8f8045eb851e230989c55b336a5a90 1000 -- podman --runtime /usr/libexec/qdistro/tier3s-runsc --runtime-flag=network=none --runtime-flag=host-uds=open --cgroup-manager=cgroupfs run --rm --name qdistro-tier3s-s124w --label qdistro_tier3s_token=7a8f8045eb851e230989c55b336a5a90 --label qdistro_tier3s_unit=qdistro-tier3s-silo@s124w.service --security-opt label=disable --security-opt no-new-privileges --cap-drop=ALL --security-opt seccomp=/usr/lib/qdistro/tier3s/seccomp/weston-terminal.json --userns=keep-id --user 1000:1000 --read-only --tmpfs /tmp:rw,size=64m,mode=1777 --tmpfs /run/user/1000:rw,U,mode=0700 --tmpfs /home/admin/.cache:rw,U,mode=0700 -v /run/qdistro-tier3s/7a8f8045eb851e230989c55b336a5a90:/run/qdistro/link:rw --pids-limit=512 --network=none --env HOME=/home/admin --env XDG_RUNTIME_DIR=/run/user/1000 --env LANG=C.UTF-8 localhost/qdistro/tier3s-weston-terminal:latest weston-terminal.
Oct 04 10:03:34 baseweed-admin qdistro-tier3s-silo-launch[5202]: Running as unit: qdistro-tier3s-7a8f8045eb851e230989c55b336a5a90.scope; invocation ID: 61045fd5897f4020aaa44e3390f5dc80
Oct 04 10:03:34 baseweed-admin runuser[5204]: pam_unix(runuser:session): session opened for user admin(uid=1000) by (uid=0)
Oct 04 10:03:34 baseweed-admin qdistro-tier3s-silo-launch[5202]: qdistro-tier3s-scope: /system.slice/qdistro-tier3s-7a8f8045eb851e230989c55b336a5a90.scope delegated to uid 1000 (dir, cgroup.procs, cgroup.subtree_control, cgroup.threads)
Oct 04 10:03:34 baseweed-admin runuser[5202]: pam_unix(runuser:session): session opened for user admin(uid=1000) by (uid=0)
Oct 04 10:03:34 baseweed-admin systemd[839]: Started podman-5209.scope.
Oct 04 10:03:34 baseweed-admin runuser[5204]: pam_unix(runuser:session): session closed for user admin
Oct 04 10:03:35 baseweed-admin podman[5231]: 2026-10-04 10:03:34.993057247 +0000 UTC m=+0.028449575 image pull c1cfa112ea7171ba1c62d14d9adda09e40b530bd9f5b3e76cfaf4e29ff0b345e localhost/qdistro/tier3s-weston-terminal:latest
Oct 04 10:03:35 baseweed-admin runuser[5268]: pam_unix(runuser:session): session opened for user admin(uid=1000) by (uid=0)
Oct 04 10:03:35 baseweed-admin qemu-ga[667]: info: guest-exec-status called, pid: 4066
Oct 04 10:03:35 baseweed-admin systemd[839]: qdistro-polkit-agent.service: Scheduled restart job, restart counter is at 22.
Oct 04 10:03:35 baseweed-admin systemd[839]: Started qdistro polkit authentication agent (PAM / fprintd / broker).
Oct 04 10:03:35 baseweed-admin qdistro-polkit-agent[5278]: registration failed: org.freedesktop.PolicyKit1.Error.Failed: Cannot determine session the caller is in
Oct 04 10:03:35 baseweed-admin python3[5278]: qdistro-polkit-agent: registration failed: org.freedesktop.PolicyKit1.Error.Failed: Cannot determine session the caller is in
Oct 04 10:03:35 baseweed-admin systemd[839]: qdistro-polkit-agent.service: Main process exited, code=exited, status=1/FAILURE
Oct 04 10:03:35 baseweed-admin systemd[839]: qdistro-polkit-agent.service: Failed with result 'exit-code'.
Oct 04 10:03:35 baseweed-admin dbus-run-session[1037]:   WARN: Process failed to start, likely because the binary could not be found. Command: QList("bluetoothctl", "show")
Oct 04 10:03:36 baseweed-admin qemu-ga[667]: info: guest-exec-status called, pid: 4066
Oct 04 10:03:37 baseweed-admin qemu-ga[667]: info: guest-exec-status called, pid: 4066
Oct 04 10:03:37 baseweed-admin dbus-run-session[1037]:   WARN: Process failed to start, likely because the binary could not be found. Command: QList("bluetoothctl", "show")
Oct 04 10:03:37 baseweed-admin systemd[839]: Started podman-5269.scope.
Oct 04 10:03:38 baseweed-admin podman[5231]: 2026-10-04 10:03:38.01129199 +0000 UTC m=+3.046684318 container create 3a24890f04e8aae719c9b58c30c17ff5d984a1b3b96c2762bdc2abbfc82d2d36 (image=localhost/qdistro/tier3s-weston-terminal:latest, name=qdistro-tier3s-s124w, org.opencontainers.image.created=2026-09-30T20:05:54.126624488Z, qdistro_tier3s_unit=qdistro-tier3s-silo@s124w.service, org.opensuse.base.url=https://www.opensuse.org, org.opensuse.lifecycle-url=https://en.opensuse.org/Lifetime, org.opensuse.base.reference=registry.opensuse.org/opensuse/tumbleweed:20260930.37.208, org.qdistro.snapshot=20260930, org.opensuse.base.vendor=openSUSE Project, org.opensuse.base.created=2026-09-30T20:05:54.126624488Z, org.qdistro.tier3s.workload=weston-terminal, org.opencontainers.image.description=Image containing a minimal environment for containers based on openSUSE Tumbleweed., org.opencontainers.image.source=https://build.opensuse.org/package/show/openSUSE:Factory/opensuse-tumbleweed-image?rev=561f9d4c8e4e1a441f95ad4ec6b5a914, org.opensuse.base.disturl=obs://build.opensuse.org/openSUSE:Factory/images/561f9d4c8e4e1a441f95ad4ec6b5a914-opensuse-tumbleweed-image:docker, org.opensuse.base.lifecycle-url=https://en.opensuse.org/Lifetime, org.opensuse.reference=registry.opensuse.org/opensuse/tumbleweed:20260930.37.208, org.opencontainers.image.vendor=openSUSE Project, org.openbuildservice.disturl=obs://build.opensuse.org/openSUSE:Factory/images/561f9d4c8e4e1a441f95ad4ec6b5a914-opensuse-tumbleweed-image:docker, org.opencontainers.image.title=openSUSE Tumbleweed Base Container, io.buildah.version=1.44.1, qdistro_tier3s_token=7a8f8045eb851e230989c55b336a5a90, org.opencontainers.image.version=20260930.37.208, org.opensuse.base.source=https://build.opensuse.org/package/show/openSUSE:Factory/opensuse-tumbleweed-image?rev=561f9d4c8e4e1a441f95ad4ec6b5a914, org.opensuse.base.title=openSUSE Tumbleweed Base Container, org.opencontainers.image.url=https://www.opensuse.org, org.opensuse.base.version=20260930.37.208, org.opensuse.base.description=Image containing a minimal environment for containers based on openSUSE Tumbleweed.)
Oct 04 10:03:38 baseweed-admin podman[5231]: 2026-10-04 10:03:38.194131394 +0000 UTC m=+3.229523712 container init 3a24890f04e8aae719c9b58c30c17ff5d984a1b3b96c2762bdc2abbfc82d2d36 (image=localhost/qdistro/tier3s-weston-terminal:latest, name=qdistro-tier3s-s124w, org.opencontainers.image.title=openSUSE Tumbleweed Base Container, org.opencontainers.image.version=20260930.37.208, org.opensuse.base.source=https://build.opensuse.org/package/show/openSUSE:Factory/opensuse-tumbleweed-image?rev=561f9d4c8e4e1a441f95ad4ec6b5a914, org.opencontainers.image.vendor=openSUSE Project, org.opensuse.base.description=Image containing a minimal environment for containers based on openSUSE Tumbleweed., org.qdistro.snapshot=20260930, org.openbuildservice.disturl=obs://build.opensuse.org/openSUSE:Factory/images/561f9d4c8e4e1a441f95ad4ec6b5a914-opensuse-tumbleweed-image:docker, org.opensuse.base.vendor=openSUSE Project, org.qdistro.tier3s.workload=weston-terminal, org.opensuse.base.url=https://www.opensuse.org, org.opensuse.base.version=20260930.37.208, org.opensuse.base.created=2026-09-30T20:05:54.126624488Z, org.opencontainers.image.created=2026-09-30T20:05:54.126624488Z, io.buildah.version=1.44.1, qdistro_tier3s_token=7a8f8045eb851e230989c55b336a5a90, qdistro_tier3s_unit=qdistro-tier3s-silo@s124w.service, org.opencontainers.image.source=https://build.opensuse.org/package/show/openSUSE:Factory/opensuse-tumbleweed-image?rev=561f9d4c8e4e1a441f95ad4ec6b5a914, org.opensuse.reference=registry.opensuse.org/opensuse/tumbleweed:20260930.37.208, org.opencontainers.image.url=https://www.opensuse.org, org.opencontainers.image.description=Image containing a minimal environment for containers based on openSUSE Tumbleweed., org.opensuse.base.disturl=obs://build.opensuse.org/openSUSE:Factory/images/561f9d4c8e4e1a441f95ad4ec6b5a914-opensuse-tumbleweed-image:docker, org.opensuse.base.lifecycle-url=https://en.opensuse.org/Lifetime, org.opensuse.lifecycle-url=https://en.opensuse.org/Lifetime, org.opensuse.base.title=openSUSE Tumbleweed Base Container, org.opensuse.base.reference=registry.opensuse.org/opensuse/tumbleweed:20260930.37.208)
Oct 04 10:03:38 baseweed-admin podman[5231]: 2026-10-04 10:03:38.222875377 +0000 UTC m=+3.258267675 container start 3a24890f04e8aae719c9b58c30c17ff5d984a1b3b96c2762bdc2abbfc82d2d36 (image=localhost/qdistro/tier3s-weston-terminal:latest, name=qdistro-tier3s-s124w, org.openbuildservice.disturl=obs://build.opensuse.org/openSUSE:Factory/images/561f9d4c8e4e1a441f95ad4ec6b5a914-opensuse-tumbleweed-image:docker, org.opencontainers.image.title=openSUSE Tumbleweed Base Container, org.opencontainers.image.created=2026-09-30T20:05:54.126624488Z, org.opensuse.base.lifecycle-url=https://en.opensuse.org/Lifetime, org.opensuse.reference=registry.opensuse.org/opensuse/tumbleweed:20260930.37.208, org.opencontainers.image.url=https://www.opensuse.org, org.opensuse.base.reference=registry.opensuse.org/opensuse/tumbleweed:20260930.37.208, org.opencontainers.image.description=Image containing a minimal environment for containers based on openSUSE Tumbleweed., org.qdistro.tier3s.workload=weston-terminal, io.buildah.version=1.44.1, qdistro_tier3s_unit=qdistro-tier3s-silo@s124w.service, org.opensuse.base.url=https://www.opensuse.org, org.opencontainers.image.version=20260930.37.208, org.opensuse.base.title=openSUSE Tumbleweed Base Container, org.opensuse.base.description=Image containing a minimal environment for containers based on openSUSE Tumbleweed., org.opensuse.base.vendor=openSUSE Project, qdistro_tier3s_token=7a8f8045eb851e230989c55b336a5a90, org.opensuse.lifecycle-url=https://en.opensuse.org/Lifetime, org.opensuse.base.version=20260930.37.208, org.qdistro.snapshot=20260930, org.opensuse.base.disturl=obs://build.opensuse.org/openSUSE:Factory/images/561f9d4c8e4e1a441f95ad4ec6b5a914-opensuse-tumbleweed-image:docker, org.opensuse.base.created=2026-09-30T20:05:54.126624488Z, org.opensuse.base.source=https://build.opensuse.org/package/show/openSUSE:Factory/opensuse-tumbleweed-image?rev=561f9d4c8e4e1a441f95ad4ec6b5a914, org.opencontainers.image.vendor=openSUSE Project, org.opencontainers.image.source=https://build.opensuse.org/package/show/openSUSE:Factory/opensuse-tumbleweed-image?rev=561f9d4c8e4e1a441f95ad4ec6b5a914)
Oct 04 10:03:38 baseweed-admin podman[5231]: 2026-10-04 10:03:38.257659875 +0000 UTC m=+3.293052193 container attach 3a24890f04e8aae719c9b58c30c17ff5d984a1b3b96c2762bdc2abbfc82d2d36 (image=localhost/qdistro/tier3s-weston-terminal:latest, name=qdistro-tier3s-s124w, org.opensuse.base.reference=registry.opensuse.org/opensuse/tumbleweed:20260930.37.208, org.opensuse.base.disturl=obs://build.opensuse.org/openSUSE:Factory/images/561f9d4c8e4e1a441f95ad4ec6b5a914-opensuse-tumbleweed-image:docker, org.opensuse.base.vendor=openSUSE Project, org.opensuse.lifecycle-url=https://en.opensuse.org/Lifetime, org.opencontainers.image.version=20260930.37.208, org.opencontainers.image.url=https://www.opensuse.org, org.opensuse.base.description=Image containing a minimal environment for containers based on openSUSE Tumbleweed., org.qdistro.snapshot=20260930, org.openbuildservice.disturl=obs://build.opensuse.org/openSUSE:Factory/images/561f9d4c8e4e1a441f95ad4ec6b5a914-opensuse-tumbleweed-image:docker, org.qdistro.tier3s.workload=weston-terminal, qdistro_tier3s_unit=qdistro-tier3s-silo@s124w.service, org.opensuse.reference=registry.opensuse.org/opensuse/tumbleweed:20260930.37.208, org.opensuse.base.title=openSUSE Tumbleweed Base Container, org.opencontainers.image.vendor=openSUSE Project, org.opencontainers.image.description=Image containing a minimal environment for containers based on openSUSE Tumbleweed., org.opencontainers.image.source=https://build.opensuse.org/package/show/openSUSE:Factory/opensuse-tumbleweed-image?rev=561f9d4c8e4e1a441f95ad4ec6b5a914, org.opencontainers.image.title=openSUSE Tumbleweed Base Container, org.opencontainers.image.created=2026-09-30T20:05:54.126624488Z, io.buildah.version=1.44.1, org.opensuse.base.url=https://www.opensuse.org, org.opensuse.base.version=20260930.37.208, org.opensuse.base.created=2026-09-30T20:05:54.126624488Z, org.opensuse.base.lifecycle-url=https://en.opensuse.org/Lifetime, qdistro_tier3s_token=7a8f8045eb851e230989c55b336a5a90, org.opensuse.base.source=https://build.opensuse.org/package/show/openSUSE:Factory/opensuse-tumbleweed-image?rev=561f9d4c8e4e1a441f95ad4ec6b5a914)
Oct 04 10:03:38 baseweed-admin runuser[5268]: pam_unix(runuser:session): session closed for user admin
Oct 04 10:03:38 baseweed-admin dbus-run-session[1037]:   INFO qml: [20261004-100338]        PodApps auto-scan: qdistro-tier3s-s124w transitioned to running
Oct 04 10:03:38 baseweed-admin qdistro-tier3s-silo-launch[4859]: spawn-tier3s: running: qdistro-tier3s-s124w sentry=5326 conmon=5310 in /system.slice/qdistro-tier3s-7a8f8045eb851e230989c55b336a5a90.scope
Oct 04 10:03:38 baseweed-admin systemd[1]: Started qdistro tier-3s (gVisor) silo s124w (Experimental, dev profile only).
Oct 04 10:03:38 baseweed-admin qdistro_session_manager.py[2085]: 2026-10-04 10:03:38,315 INFO qdistro_session_manager: StartSilo name=s124w
Oct 04 10:03:38 baseweed-admin runuser[4856]: pam_unix(runuser:session): session closed for user admin
Oct 04 10:03:38 baseweed-admin runuser[5424]: pam_unix(runuser:session): session opened for user admin(uid=1000) by (uid=0)
Oct 04 10:03:38 baseweed-admin qdistro-tier3s-s124w[5310]: could not load cursor 'dnd-move'
Oct 04 10:03:38 baseweed-admin qdistro-tier3s-s124w[5310]: could not load cursor 'dnd-copy'
Oct 04 10:03:38 baseweed-admin qdistro-tier3s-silo-launch[5231]: could not load cursor 'dnd-move'
Oct 04 10:03:38 baseweed-admin qdistro-tier3s-silo-launch[5231]: could not load cursor 'dnd-copy'
Oct 04 10:03:38 baseweed-admin qdistro-tier3s-silo-launch[5231]: could not load cursor 'dnd-none'
Oct 04 10:03:38 baseweed-admin qdistro-tier3s-s124w[5310]: could not load cursor 'dnd-none'
Oct 04 10:03:38 baseweed-admin systemd[839]: Started podman-5425.scope.
Oct 04 10:03:38 baseweed-admin runuser[5424]: pam_unix(runuser:session): session closed for user admin
Oct 04 10:03:38 baseweed-admin weston[926]: [10:03:38.486] qdwin: toplevel_added handle=1 uid=1000 pid=5184 app_id=(null) title=""
Oct 04 10:03:38 baseweed-admin weston[926]: [10:03:38.486] qdwin: toplevel_security_context handle=1 engine=qdistro.tier3s app_id=qdistro.tier3s.s124w instance=7a8f8045eb851e230989c55b336a5a90
Oct 04 10:03:38 baseweed-admin weston[926]: [10:03:38.486] qdwin: toplevel_peer_identity handle=1 pid=5184 starttime=8373 uid=1000 exe=/usr/bin/waypipe label=system_u:system_r:unconfined_service_t:s0
Oct 04 10:03:38 baseweed-admin weston[926]: [10:03:38.486] qdwin: holding_released handle=1 via default_toplevel_policy (held → normal)
Oct 04 10:03:38 baseweed-admin dbus-run-session[1037]:   INFO qml: [20261004-100338]          Qdwin toplevel_security_context handle=1 engine=qdistro.tier3s app_id=qdistro.tier3s.s124w instance=7a8f8045eb851e230989c55b336a5a90
Oct 04 10:03:38 baseweed-admin dbus-run-session[1037]:   INFO qml: [20261004-100338]     Tier3sApps [tier3s] toplevel observed silo=s124w secctx=qdistro.tier3s.s124w color=#8bc34a handle=1
Oct 04 10:03:38 baseweed-admin dbus-run-session[1037]:   INFO qml: [20261004-100338]     Tier3sApps [tier3s] silo=s124w color=#8bc34a
Oct 04 10:03:38 baseweed-admin weston[926]: [10:03:38.501] Detected an unmapped surface or view in the layer list, which should not occur.
Oct 04 10:03:38 baseweed-admin weston[926]:                Warning: the above message will not be printed again.
Oct 04 10:03:38 baseweed-admin weston[926]: [10:03:38.510] qdwin: toplevel_title handle=1 title="[3s:s124w] Wayland Terminal"
Oct 04 10:03:38 baseweed-admin weston[926]: [10:03:38.510] qdwin: toplevel_app_id handle=1 app_id="org.freedesktop.weston.wayland-terminal"
Oct 04 10:03:38 baseweed-admin weston[926]: [10:03:38.510] qdwin: mapped handle=1 size=806x491 pos=557,310 (normal)
Oct 04 10:03:38 baseweed-admin weston[926]: [10:03:38.510] qdwin: focus handle=1 (was 4294967295) seat=default
Oct 04 10:03:38 baseweed-admin weston[926]: [10:03:38.510] qdwin: seat_focus_changed seat=default handle=1
Oct 04 10:03:38 baseweed-admin dbus-run-session[1037]:   WARN: Could not load icon "org.freedesktop.weston.wayland-terminal?fallback=application-x-executable" at size QSize(19, 19) from request
Oct 04 10:03:38 baseweed-admin qemu-ga[667]: info: guest-exec-status called, pid: 4066
Oct 04 10:03:38 baseweed-admin systemd[839]: qdistro-polkit-agent.service: Scheduled restart job, restart counter is at 23.
Oct 04 10:03:38 baseweed-admin systemd[839]: Started qdistro polkit authentication agent (PAM / fprintd / broker).
Oct 04 10:03:38 baseweed-admin runuser[5476]: pam_unix(runuser:session): session opened for user admin(uid=1000) by (uid=0)
Oct 04 10:03:38 baseweed-admin qs[5477]: Detected locale "C" with character encoding "ANSI_X3.4-1968", which is not UTF-8.
                                         Qt depends on a UTF-8 locale, and has switched to "C.UTF-8" instead.
                                         If this causes problems, reconfigure your locale. See the locale(1) manual
                                         for more information.
Oct 04 10:03:38 baseweed-admin dbus-run-session[1037]:   INFO qml: [20261004-100338]  Tier3FocusIPC findSiloHandle silo=s124w → HANDLE=1
Oct 04 10:03:38 baseweed-admin runuser[5476]: pam_unix(runuser:session): session closed for user admin
Oct 04 10:03:38 baseweed-admin runuser[5486]: pam_unix(runuser:session): session opened for user admin(uid=1000) by (uid=0)
Oct 04 10:03:38 baseweed-admin qdistro-polkit-agent[5462]: registration failed: org.freedesktop.PolicyKit1.Error.Failed: Cannot determine session the caller is in
Oct 04 10:03:38 baseweed-admin python3[5462]: qdistro-polkit-agent: registration failed: org.freedesktop.PolicyKit1.Error.Failed: Cannot determine session the caller is in
Oct 04 10:03:38 baseweed-admin qs[5487]: Detected locale "C" with character encoding "ANSI_X3.4-1968", which is not UTF-8.
                                         Qt depends on a UTF-8 locale, and has switched to "C.UTF-8" instead.
                                         If this causes problems, reconfigure your locale. See the locale(1) manual
                                         for more information.
Oct 04 10:03:38 baseweed-admin systemd[839]: qdistro-polkit-agent.service: Main process exited, code=exited, status=1/FAILURE
Oct 04 10:03:38 baseweed-admin systemd[839]: qdistro-polkit-agent.service: Failed with result 'exit-code'.
Oct 04 10:03:38 baseweed-admin dbus-run-session[1037]:   INFO qml: [20261004-100338]  Tier3FocusIPC injectFocus handle=1 seat=default
Oct 04 10:03:38 baseweed-admin dbus-run-session[1037]:   INFO qml: [20261004-100338]          Qdwin ipc injectFocus handle=1 seat=default
Oct 04 10:03:38 baseweed-admin runuser[5486]: pam_unix(runuser:session): session closed for user admin
Oct 04 10:03:38 baseweed-admin weston[926]: [10:03:38.879] qdwin: set_keyboard_focus seat=default handle=1
Oct 04 10:03:38 baseweed-admin weston[926]: [10:03:38.879] qdwin: seat_focus_changed seat=default handle=1
Oct 04 10:03:38 baseweed-admin runuser[5509]: pam_unix(runuser:session): session opened for user admin(uid=1000) by (uid=0)
Oct 04 10:03:39 baseweed-admin qemu-ga[667]: info: guest-exec-status called, pid: 4066
Oct 04 10:03:39 baseweed-admin dbus-run-session[1037]:   WARN: Process failed to start, likely because the binary could not be found. Command: QList("bluetoothctl", "show")
Oct 04 10:03:39 baseweed-admin runuser[5509]: pam_unix(runuser:session): session closed for user admin
Oct 04 10:03:39 baseweed-admin runuser[5512]: pam_unix(runuser:session): session opened for user admin(uid=1000) by (uid=0)
Oct 04 10:03:40 baseweed-admin runuser[5512]: pam_unix(runuser:session): session closed for user admin
Oct 04 10:03:40 baseweed-admin runuser[5517]: pam_unix(runuser:session): session opened for user admin(uid=1000) by (uid=0)
Oct 04 10:03:40 baseweed-admin systemd[839]: Started podman-5518.scope.
Oct 04 10:03:40 baseweed-admin podman[5518]: 2026-10-04 10:03:40.199068298 +0000 UTC m=+0.147401502 container exec 3a24890f04e8aae719c9b58c30c17ff5d984a1b3b96c2762bdc2abbfc82d2d36 (image=localhost/qdistro/tier3s-weston-terminal:latest, name=qdistro-tier3s-s124w, qdistro_tier3s_unit=qdistro-tier3s-silo@s124w.service, org.opencontainers.image.vendor=openSUSE Project, org.opensuse.base.lifecycle-url=https://en.opensuse.org/Lifetime, org.opencontainers.image.created=2026-09-30T20:05:54.126624488Z, org.opensuse.base.disturl=obs://build.opensuse.org/openSUSE:Factory/images/561f9d4c8e4e1a441f95ad4ec6b5a914-opensuse-tumbleweed-image:docker, org.opensuse.base.url=https://www.opensuse.org, org.qdistro.tier3s.workload=weston-terminal, org.opensuse.base.title=openSUSE Tumbleweed Base Container, org.opensuse.base.description=Image containing a minimal environment for containers based on openSUSE Tumbleweed., org.opencontainers.image.title=openSUSE Tumbleweed Base Container, org.opensuse.base.vendor=openSUSE Project, org.qdistro.snapshot=20260930, org.opencontainers.image.description=Image containing a minimal environment for containers based on openSUSE Tumbleweed., org.openbuildservice.disturl=obs://build.opensuse.org/openSUSE:Factory/images/561f9d4c8e4e1a441f95ad4ec6b5a914-opensuse-tumbleweed-image:docker, org.opencontainers.image.version=20260930.37.208, org.opencontainers.image.url=https://www.opensuse.org, org.opensuse.base.reference=registry.opensuse.org/opensuse/tumbleweed:20260930.37.208, qdistro_tier3s_token=7a8f8045eb851e230989c55b336a5a90, org.opensuse.base.source=https://build.opensuse.org/package/show/openSUSE:Factory/opensuse-tumbleweed-image?rev=561f9d4c8e4e1a441f95ad4ec6b5a914, org.opencontainers.image.source=https://build.opensuse.org/package/show/openSUSE:Factory/opensuse-tumbleweed-image?rev=561f9d4c8e4e1a441f95ad4ec6b5a914, org.opensuse.base.created=2026-09-30T20:05:54.126624488Z, org.opensuse.reference=registry.opensuse.org/opensuse/tumbleweed:20260930.37.208, io.buildah.version=1.44.1, org.opensuse.base.version=20260930.37.208, org.opensuse.lifecycle-url=https://en.opensuse.org/Lifetime)
Oct 04 10:03:40 baseweed-admin conmon[5530]: conmon 3a24890f04e8aae719c9 <nwarn>: Failed to open cgroups file: /sys/fs/cgroup/user.slice/user-1000.slice/user@1000.service/user.slice/podman-5518.scope/memory.events
Oct 04 10:03:40 baseweed-admin podman[5544]: 2026-10-04 10:03:40.262308903 +0000 UTC m=+0.050918112 container exec_died 3a24890f04e8aae719c9b58c30c17ff5d984a1b3b96c2762bdc2abbfc82d2d36 (image=localhost/qdistro/tier3s-weston-terminal:latest, name=qdistro-tier3s-s124w, org.opensuse.base.version=20260930.37.208, org.opensuse.base.lifecycle-url=https://en.opensuse.org/Lifetime, org.opencontainers.image.url=https://www.opensuse.org, qdistro_tier3s_token=7a8f8045eb851e230989c55b336a5a90, org.opensuse.base.disturl=obs://build.opensuse.org/openSUSE:Factory/images/561f9d4c8e4e1a441f95ad4ec6b5a914-opensuse-tumbleweed-image:docker, org.opencontainers.image.version=20260930.37.208, org.opensuse.base.description=Image containing a minimal environment for containers based on openSUSE Tumbleweed., org.opensuse.lifecycle-url=https://en.opensuse.org/Lifetime, org.opencontainers.image.source=https://build.opensuse.org/package/show/openSUSE:Factory/opensuse-tumbleweed-image?rev=561f9d4c8e4e1a441f95ad4ec6b5a914, org.qdistro.snapshot=20260930, org.opencontainers.image.created=2026-09-30T20:05:54.126624488Z, org.opencontainers.image.vendor=openSUSE Project, org.opensuse.base.created=2026-09-30T20:05:54.126624488Z, org.opensuse.base.url=https://www.opensuse.org, org.opensuse.base.source=https://build.opensuse.org/package/show/openSUSE:Factory/opensuse-tumbleweed-image?rev=561f9d4c8e4e1a441f95ad4ec6b5a914, org.opensuse.base.vendor=openSUSE Project, org.opensuse.reference=registry.opensuse.org/opensuse/tumbleweed:20260930.37.208, org.opensuse.base.reference=registry.opensuse.org/opensuse/tumbleweed:20260930.37.208, io.buildah.version=1.44.1, org.openbuildservice.disturl=obs://build.opensuse.org/openSUSE:Factory/images/561f9d4c8e4e1a441f95ad4ec6b5a914-opensuse-tumbleweed-image:docker, org.qdistro.tier3s.workload=weston-terminal, qdistro_tier3s_unit=qdistro-tier3s-silo@s124w.service, org.opensuse.base.title=openSUSE Tumbleweed Base Container, execID=30e7ed42cfddc0d454e7f466f142e99be3febe7c8130dd66e42c5bd9b8b5cbd6, org.opencontainers.image.description=Image containing a minimal environment for containers based on openSUSE Tumbleweed., org.opencontainers.image.title=openSUSE Tumbleweed Base Container)
Oct 04 10:03:40 baseweed-admin podman[5518]: 2026-10-04 10:03:40.293842515 +0000 UTC m=+0.242175719 container exec_died 3a24890f04e8aae719c9b58c30c17ff5d984a1b3b96c2762bdc2abbfc82d2d36 (image=localhost/qdistro/tier3s-weston-terminal:latest, name=qdistro-tier3s-s124w, org.opencontainers.image.title=openSUSE Tumbleweed Base Container, org.opensuse.reference=registry.opensuse.org/opensuse/tumbleweed:20260930.37.208, org.qdistro.tier3s.workload=weston-terminal, org.opensuse.base.source=https://build.opensuse.org/package/show/openSUSE:Factory/opensuse-tumbleweed-image?rev=561f9d4c8e4e1a441f95ad4ec6b5a914, org.opensuse.base.description=Image containing a minimal environment for containers based on openSUSE Tumbleweed., org.opensuse.base.created=2026-09-30T20:05:54.126624488Z, org.opensuse.base.lifecycle-url=https://en.opensuse.org/Lifetime, org.opencontainers.image.created=2026-09-30T20:05:54.126624488Z, org.opensuse.base.reference=registry.opensuse.org/opensuse/tumbleweed:20260930.37.208, org.opensuse.base.title=openSUSE Tumbleweed Base Container, org.qdistro.snapshot=20260930, org.opencontainers.image.description=Image containing a minimal environment for containers based on openSUSE Tumbleweed., org.opencontainers.image.url=https://www.opensuse.org, org.opensuse.base.url=https://www.opensuse.org, execID=30e7ed42cfddc0d454e7f466f142e99be3febe7c8130dd66e42c5bd9b8b5cbd6, org.opensuse.base.version=20260930.37.208, qdistro_tier3s_unit=qdistro-tier3s-silo@s124w.service, org.opencontainers.image.source=https://build.opensuse.org/package/show/openSUSE:Factory/opensuse-tumbleweed-image?rev=561f9d4c8e4e1a441f95ad4ec6b5a914, org.opencontainers.image.vendor=openSUSE Project, org.opencontainers.image.version=20260930.37.208, io.buildah.version=1.44.1, org.opensuse.base.vendor=openSUSE Project, qdistro_tier3s_token=7a8f8045eb851e230989c55b336a5a90, org.opensuse.base.disturl=obs://build.opensuse.org/openSUSE:Factory/images/561f9d4c8e4e1a441f95ad4ec6b5a914-opensuse-tumbleweed-image:docker, org.opensuse.lifecycle-url=https://en.opensuse.org/Lifetime, org.openbuildservice.disturl=obs://build.opensuse.org/openSUSE:Factory/images/561f9d4c8e4e1a441f95ad4ec6b5a914-opensuse-tumbleweed-image:docker)
Oct 04 10:03:40 baseweed-admin runuser[5517]: pam_unix(runuser:session): session closed for user admin
Oct 04 10:03:40 baseweed-admin runuser[5564]: pam_unix(runuser:session): session opened for user admin(uid=1000) by (uid=0)
Oct 04 10:03:40 baseweed-admin systemd[839]: Started podman-5565.scope.
Oct 04 10:03:40 baseweed-admin podman[5565]: 2026-10-04 10:03:40.540065004 +0000 UTC m=+0.145670305 container exec 3a24890f04e8aae719c9b58c30c17ff5d984a1b3b96c2762bdc2abbfc82d2d36 (image=localhost/qdistro/tier3s-weston-terminal:latest, name=qdistro-tier3s-s124w, org.opensuse.base.source=https://build.opensuse.org/package/show/openSUSE:Factory/opensuse-tumbleweed-image?rev=561f9d4c8e4e1a441f95ad4ec6b5a914, qdistro_tier3s_unit=qdistro-tier3s-silo@s124w.service, org.opencontainers.image.created=2026-09-30T20:05:54.126624488Z, org.qdistro.snapshot=20260930, org.opensuse.base.version=20260930.37.208, org.opencontainers.image.vendor=openSUSE Project, org.opensuse.base.reference=registry.opensuse.org/opensuse/tumbleweed:20260930.37.208, org.opencontainers.image.version=20260930.37.208, org.opensuse.base.created=2026-09-30T20:05:54.126624488Z, org.openbuildservice.disturl=obs://build.opensuse.org/openSUSE:Factory/images/561f9d4c8e4e1a441f95ad4ec6b5a914-opensuse-tumbleweed-image:docker, org.opencontainers.image.title=openSUSE Tumbleweed Base Container, org.opencontainers.image.url=https://www.opensuse.org, org.opensuse.reference=registry.opensuse.org/opensuse/tumbleweed:20260930.37.208, org.opencontainers.image.description=Image containing a minimal environment for containers based on openSUSE Tumbleweed., io.buildah.version=1.44.1, org.opencontainers.image.source=https://build.opensuse.org/package/show/openSUSE:Factory/opensuse-tumbleweed-image?rev=561f9d4c8e4e1a441f95ad4ec6b5a914, org.opensuse.lifecycle-url=https://en.opensuse.org/Lifetime, qdistro_tier3s_token=7a8f8045eb851e230989c55b336a5a90, org.qdistro.tier3s.workload=weston-terminal, org.opensuse.base.lifecycle-url=https://en.opensuse.org/Lifetime, org.opensuse.base.url=https://www.opensuse.org, org.opensuse.base.vendor=openSUSE Project, org.opensuse.base.description=Image containing a minimal environment for containers based on openSUSE Tumbleweed., org.opensuse.base.title=openSUSE Tumbleweed Base Container, org.opensuse.base.disturl=obs://build.opensuse.org/openSUSE:Factory/images/561f9d4c8e4e1a441f95ad4ec6b5a914-opensuse-tumbleweed-image:docker)
Oct 04 10:03:40 baseweed-admin conmon[5590]: conmon 3a24890f04e8aae719c9 <nwarn>: Failed to open cgroups file: /sys/fs/cgroup/user.slice/user-1000.slice/user@1000.service/user.slice/podman-5565.scope/memory.events
Oct 04 10:03:40 baseweed-admin podman[5605]: 2026-10-04 10:03:40.634621001 +0000 UTC m=+0.081480843 container exec_died 3a24890f04e8aae719c9b58c30c17ff5d984a1b3b96c2762bdc2abbfc82d2d36 (image=localhost/qdistro/tier3s-weston-terminal:latest, name=qdistro-tier3s-s124w, org.opensuse.lifecycle-url=https://en.opensuse.org/Lifetime, org.qdistro.snapshot=20260930, qdistro_tier3s_token=7a8f8045eb851e230989c55b336a5a90, org.opencontainers.image.title=openSUSE Tumbleweed Base Container, org.opensuse.base.disturl=obs://build.opensuse.org/openSUSE:Factory/images/561f9d4c8e4e1a441f95ad4ec6b5a914-opensuse-tumbleweed-image:docker, org.qdistro.tier3s.workload=weston-terminal, org.opensuse.base.source=https://build.opensuse.org/package/show/openSUSE:Factory/opensuse-tumbleweed-image?rev=561f9d4c8e4e1a441f95ad4ec6b5a914, org.opencontainers.image.created=2026-09-30T20:05:54.126624488Z, org.opensuse.base.url=https://www.opensuse.org, org.opensuse.base.lifecycle-url=https://en.opensuse.org/Lifetime, org.opensuse.base.version=20260930.37.208, qdistro_tier3s_unit=qdistro-tier3s-silo@s124w.service, org.opensuse.base.title=openSUSE Tumbleweed Base Container, execID=e28721b02da128652e5e4978e6906053cfe9181578881a11c5b62ce182cbf6a9, org.opencontainers.image.vendor=openSUSE Project, org.opensuse.base.vendor=openSUSE Project, org.opensuse.reference=registry.opensuse.org/opensuse/tumbleweed:20260930.37.208, org.opencontainers.image.version=20260930.37.208, io.buildah.version=1.44.1, org.opencontainers.image.source=https://build.opensuse.org/package/show/openSUSE:Factory/opensuse-tumbleweed-image?rev=561f9d4c8e4e1a441f95ad4ec6b5a914, org.opencontainers.image.url=https://www.opensuse.org, org.opensuse.base.description=Image containing a minimal environment for containers based on openSUSE Tumbleweed., org.openbuildservice.disturl=obs://build.opensuse.org/openSUSE:Factory/images/561f9d4c8e4e1a441f95ad4ec6b5a914-opensuse-tumbleweed-image:docker, org.opensuse.base.created=2026-09-30T20:05:54.126624488Z, org.opencontainers.image.description=Image containing a minimal environment for containers based on openSUSE Tumbleweed., org.opensuse.base.reference=registry.opensuse.org/opensuse/tumbleweed:20260930.37.208)
Oct 04 10:03:40 baseweed-admin qemu-ga[667]: info: guest-exec-status called, pid: 4066
Oct 04 10:03:40 baseweed-admin podman[5565]: 2026-10-04 10:03:40.665843862 +0000 UTC m=+0.271449153 container exec_died 3a24890f04e8aae719c9b58c30c17ff5d984a1b3b96c2762bdc2abbfc82d2d36 (image=localhost/qdistro/tier3s-weston-terminal:latest, name=qdistro-tier3s-s124w, qdistro_tier3s_unit=qdistro-tier3s-silo@s124w.service, org.opensuse.base.description=Image containing a minimal environment for containers based on openSUSE Tumbleweed., org.opensuse.base.title=openSUSE Tumbleweed Base Container, org.opencontainers.image.title=openSUSE Tumbleweed Base Container, org.opencontainers.image.url=https://www.opensuse.org, org.opensuse.base.reference=registry.opensuse.org/opensuse/tumbleweed:20260930.37.208, org.opensuse.base.source=https://build.opensuse.org/package/show/openSUSE:Factory/opensuse-tumbleweed-image?rev=561f9d4c8e4e1a441f95ad4ec6b5a914, org.opensuse.base.vendor=openSUSE Project, org.opencontainers.image.created=2026-09-30T20:05:54.126624488Z, org.opencontainers.image.source=https://build.opensuse.org/package/show/openSUSE:Factory/opensuse-tumbleweed-image?rev=561f9d4c8e4e1a441f95ad4ec6b5a914, org.opensuse.lifecycle-url=https://en.opensuse.org/Lifetime, org.opensuse.base.created=2026-09-30T20:05:54.126624488Z, org.qdistro.tier3s.workload=weston-terminal, org.opencontainers.image.vendor=openSUSE Project, org.opensuse.base.lifecycle-url=https://en.opensuse.org/Lifetime, org.opensuse.base.url=https://www.opensuse.org, execID=e28721b02da128652e5e4978e6906053cfe9181578881a11c5b62ce182cbf6a9, org.opensuse.base.disturl=obs://build.opensuse.org/openSUSE:Factory/images/561f9d4c8e4e1a441f95ad4ec6b5a914-opensuse-tumbleweed-image:docker, org.openbuildservice.disturl=obs://build.opensuse.org/openSUSE:Factory/images/561f9d4c8e4e1a441f95ad4ec6b5a914-opensuse-tumbleweed-image:docker, org.opencontainers.image.description=Image containing a minimal environment for containers based on openSUSE Tumbleweed., io.buildah.version=1.44.1, org.qdistro.snapshot=20260930, qdistro_tier3s_token=7a8f8045eb851e230989c55b336a5a90, org.opensuse.base.version=20260930.37.208, org.opensuse.reference=registry.opensuse.org/opensuse/tumbleweed:20260930.37.208, org.opencontainers.image.version=20260930.37.208)
Oct 04 10:03:40 baseweed-admin runuser[5627]: pam_unix(runuser:session): session opened for user admin(uid=1000) by (uid=0)
Oct 04 10:03:40 baseweed-admin runuser[5564]: pam_unix(runuser:session): session closed for user admin
Oct 04 10:03:40 baseweed-admin runuser[5640]: pam_unix(runuser:session): session opened for user admin(uid=1000) by (uid=0)
Oct 04 10:03:40 baseweed-admin systemd[1]: Starting qdistro tier-3s (gVisor) silo s124f (Experimental, dev profile only)...
Oct 04 10:03:40 baseweed-admin systemd[839]: Started podman-5629.scope.
Oct 04 10:03:40 baseweed-admin runuser[5627]: pam_unix(runuser:session): session closed for user admin
Oct 04 10:03:40 baseweed-admin runuser[5706]: pam_unix(runuser:session): session opened for user admin(uid=1000) by (uid=0)
Oct 04 10:03:40 baseweed-admin podman[5617]: 2026-10-04 10:03:40.883255336 +0000 UTC m=+0.271266123 container exec 3a24890f04e8aae719c9b58c30c17ff5d984a1b3b96c2762bdc2abbfc82d2d36 (image=localhost/qdistro/tier3s-weston-terminal:latest, name=qdistro-tier3s-s124w, org.opencontainers.image.description=Image containing a minimal environment for containers based on openSUSE Tumbleweed., org.opensuse.base.lifecycle-url=https://en.opensuse.org/Lifetime, qdistro_tier3s_token=7a8f8045eb851e230989c55b336a5a90, qdistro_tier3s_unit=qdistro-tier3s-silo@s124w.service, org.opensuse.base.reference=registry.opensuse.org/opensuse/tumbleweed:20260930.37.208, org.opencontainers.image.url=https://www.opensuse.org, org.qdistro.tier3s.workload=weston-terminal, io.buildah.version=1.44.1, org.opencontainers.image.created=2026-09-30T20:05:54.126624488Z, org.opencontainers.image.source=https://build.opensuse.org/package/show/openSUSE:Factory/opensuse-tumbleweed-image?rev=561f9d4c8e4e1a441f95ad4ec6b5a914, org.opencontainers.image.version=20260930.37.208, org.opensuse.lifecycle-url=https://en.opensuse.org/Lifetime, org.opencontainers.image.title=openSUSE Tumbleweed Base Container, org.opensuse.base.created=2026-09-30T20:05:54.126624488Z, org.opensuse.base.disturl=obs://build.opensuse.org/openSUSE:Factory/images/561f9d4c8e4e1a441f95ad4ec6b5a914-opensuse-tumbleweed-image:docker, org.opensuse.base.description=Image containing a minimal environment for containers based on openSUSE Tumbleweed., org.opensuse.base.title=openSUSE Tumbleweed Base Container, org.opensuse.base.url=https://www.opensuse.org, org.opensuse.base.source=https://build.opensuse.org/package/show/openSUSE:Factory/opensuse-tumbleweed-image?rev=561f9d4c8e4e1a441f95ad4ec6b5a914, org.opensuse.reference=registry.opensuse.org/opensuse/tumbleweed:20260930.37.208, org.opensuse.base.vendor=openSUSE Project, org.qdistro.snapshot=20260930, org.opensuse.base.version=20260930.37.208, org.openbuildservice.disturl=obs://build.opensuse.org/openSUSE:Factory/images/561f9d4c8e4e1a441f95ad4ec6b5a914-opensuse-tumbleweed-image:docker, org.opencontainers.image.vendor=openSUSE Project)
Oct 04 10:03:40 baseweed-admin conmon[5663]: conmon 3a24890f04e8aae719c9 <nwarn>: Failed to open cgroups file: /sys/fs/cgroup/user.slice/user-1000.slice/user@1000.service/app.slice/qdshell.service/memory.events
Oct 04 10:03:40 baseweed-admin podman[5617]: 2026-10-04 10:03:40.919667336 +0000 UTC m=+0.307678093 container exec_died 3a24890f04e8aae719c9b58c30c17ff5d984a1b3b96c2762bdc2abbfc82d2d36 (image=localhost/qdistro/tier3s-weston-terminal:latest, name=qdistro-tier3s-s124w, org.opensuse.reference=registry.opensuse.org/opensuse/tumbleweed:20260930.37.208, qdistro_tier3s_unit=qdistro-tier3s-silo@s124w.service, org.opensuse.base.disturl=obs://build.opensuse.org/openSUSE:Factory/images/561f9d4c8e4e1a441f95ad4ec6b5a914-opensuse-tumbleweed-image:docker, org.qdistro.snapshot=20260930, org.opencontainers.image.vendor=openSUSE Project, qdistro_tier3s_token=7a8f8045eb851e230989c55b336a5a90, execID=c569049af3a2100dd33837f8a2df0f6bdf6a6a171c38a640167c5b1618e8a930, org.opensuse.base.reference=registry.opensuse.org/opensuse/tumbleweed:20260930.37.208, org.openbuildservice.disturl=obs://build.opensuse.org/openSUSE:Factory/images/561f9d4c8e4e1a441f95ad4ec6b5a914-opensuse-tumbleweed-image:docker, org.opencontainers.image.source=https://build.opensuse.org/package/show/openSUSE:Factory/opensuse-tumbleweed-image?rev=561f9d4c8e4e1a441f95ad4ec6b5a914, org.opencontainers.image.url=https://www.opensuse.org, org.opensuse.base.url=https://www.opensuse.org, io.buildah.version=1.44.1, org.opencontainers.image.description=Image containing a minimal environment for containers based on openSUSE Tumbleweed., org.opencontainers.image.title=openSUSE Tumbleweed Base Container, org.opensuse.base.created=2026-09-30T20:05:54.126624488Z, org.opensuse.base.description=Image containing a minimal environment for containers based on openSUSE Tumbleweed., org.opensuse.base.title=openSUSE Tumbleweed Base Container, org.qdistro.tier3s.workload=weston-terminal, org.opensuse.base.lifecycle-url=https://en.opensuse.org/Lifetime, org.opensuse.base.source=https://build.opensuse.org/package/show/openSUSE:Factory/opensuse-tumbleweed-image?rev=561f9d4c8e4e1a441f95ad4ec6b5a914, org.opensuse.lifecycle-url=https://en.opensuse.org/Lifetime, org.opensuse.base.vendor=openSUSE Project, org.opencontainers.image.created=2026-09-30T20:05:54.126624488Z, org.opensuse.base.version=20260930.37.208, org.opencontainers.image.version=20260930.37.208)
Oct 04 10:03:41 baseweed-admin dbus-run-session[1037]:   INFO qml: [20261004-100341]        PodApps cache refresh loaded 0 apps
Oct 04 10:03:41 baseweed-admin systemd[839]: Started podman-5711.scope.
Oct 04 10:03:41 baseweed-admin runuser[5706]: pam_unix(runuser:session): session closed for user admin
Oct 04 10:03:41 baseweed-admin runuser[5855]: pam_unix(runuser:session): session opened for user admin(uid=1000) by (uid=0)
Oct 04 10:03:41 baseweed-admin runuser[5855]: pam_unix(runuser:session): session closed for user admin
Oct 04 10:03:41 baseweed-admin runuser[5864]: pam_unix(runuser:session): session opened for user admin(uid=1000) by (uid=0)
Oct 04 10:03:41 baseweed-admin systemd[839]: Started podman-5865.scope.
Oct 04 10:03:41 baseweed-admin runuser[5864]: pam_unix(runuser:session): session closed for user admin
Oct 04 10:03:41 baseweed-admin runuser[5875]: pam_unix(runuser:session): session opened for user admin(uid=1000) by (uid=0)
Oct 04 10:03:41 baseweed-admin systemd[839]: Started podman-5876.scope.
Oct 04 10:03:41 baseweed-admin podman[5876]: 2026-10-04 10:03:41.676297986 +0000 UTC m=+0.108672814 container create 44bd89065670ae48319c827bc3e98b79f53af9ca555a52c327087e06c5588c7c (image=localhost/tier3s-probe:empty, name=tier3s-probe-5684)
Oct 04 10:03:41 baseweed-admin podman[5876]: 2026-10-04 10:03:41.592050049 +0000 UTC m=+0.024424877 image pull 2a1c6ef28fcce56d97a6101024d645405eec4b51b245326f1d4897084983b5a3 localhost/tier3s-probe:empty
Oct 04 10:03:41 baseweed-admin runuser[5875]: pam_unix(runuser:session): session closed for user admin
Oct 04 10:03:41 baseweed-admin runuser[5886]: pam_unix(runuser:session): session opened for user admin(uid=1000) by (uid=0)
Oct 04 10:03:41 baseweed-admin qemu-ga[667]: info: guest-exec-status called, pid: 4066
Oct 04 10:03:41 baseweed-admin systemd[839]: Started podman-5887.scope.
Oct 04 10:03:41 baseweed-admin runuser[5886]: pam_unix(runuser:session): session closed for user admin
Oct 04 10:03:41 baseweed-admin dbus-run-session[1037]:   WARN: Process failed to start, likely because the binary could not be found. Command: QList("bluetoothctl", "show")
Oct 04 10:03:41 baseweed-admin runuser[5898]: pam_unix(runuser:session): session opened for user admin(uid=1000) by (uid=0)
Oct 04 10:03:41 baseweed-admin systemd[839]: Started podman-5899.scope.
Oct 04 10:03:41 baseweed-admin runuser[5898]: pam_unix(runuser:session): session closed for user admin
Oct 04 10:03:41 baseweed-admin runuser[5909]: pam_unix(runuser:session): session opened for user admin(uid=1000) by (uid=0)
Oct 04 10:03:41 baseweed-admin systemd[839]: Started podman-5910.scope.
Oct 04 10:03:41 baseweed-admin podman[5910]: 2026-10-04 10:03:41.943644005 +0000 UTC m=+0.150478355 container remove 44bd89065670ae48319c827bc3e98b79f53af9ca555a52c327087e06c5588c7c (image=localhost/tier3s-probe:empty, name=tier3s-probe-5684)
Oct 04 10:03:41 baseweed-admin runuser[5909]: pam_unix(runuser:session): session closed for user admin
Oct 04 10:03:41 baseweed-admin systemd[839]: qdistro-polkit-agent.service: Scheduled restart job, restart counter is at 24.
Oct 04 10:03:41 baseweed-admin systemd[839]: Started qdistro polkit authentication agent (PAM / fprintd / broker).
Oct 04 10:03:41 baseweed-admin runuser[5923]: pam_unix(runuser:session): session opened for user admin(uid=1000) by (uid=0)
Oct 04 10:03:42 baseweed-admin qdistro-tier3s-silo-launch[5924]: [resolve-binding] silo 's124f' is untemplated (no binding)
Oct 04 10:03:42 baseweed-admin runuser[5923]: pam_unix(runuser:session): session closed for user admin
Oct 04 10:03:42 baseweed-admin qdistro-tier3s-silo-launch[5646]: spawn-tier3s: silo s124f runs UNTEMPLATED (no binding); image localhost/qdistro/tier3s-foot:latest
Oct 04 10:03:42 baseweed-admin runuser[5933]: pam_unix(runuser:session): session opened for user admin(uid=1000) by (uid=0)
Oct 04 10:03:42 baseweed-admin qdistro-polkit-agent[5922]: registration failed: org.freedesktop.PolicyKit1.Error.Failed: Cannot determine session the caller is in
Oct 04 10:03:42 baseweed-admin python3[5922]: qdistro-polkit-agent: registration failed: org.freedesktop.PolicyKit1.Error.Failed: Cannot determine session the caller is in
Oct 04 10:03:42 baseweed-admin runuser[5933]: pam_unix(runuser:session): session closed for user admin
Oct 04 10:03:42 baseweed-admin systemd[839]: qdistro-polkit-agent.service: Main process exited, code=exited, status=1/FAILURE
Oct 04 10:03:42 baseweed-admin systemd[839]: qdistro-polkit-agent.service: Failed with result 'exit-code'.
Oct 04 10:03:42 baseweed-admin systemd[1]: Started [systemd-run] /usr/sbin/runuser -u admin -- env -i PATH=/usr/bin:/bin HOME=/home/admin USER=admin LOGNAME=admin XDG_RUNTIME_DIR=/run/user/1000 podman ps -a --filter label=qdistro_tier3s_token --format json.
Oct 04 10:03:42 baseweed-admin runuser[5968]: pam_unix(runuser:session): session opened for user admin(uid=1000) by (uid=0)
Oct 04 10:03:42 baseweed-admin systemd[839]: Started podman-5969.scope.
Oct 04 10:03:42 baseweed-admin runuser[5968]: pam_unix(runuser:session): session closed for user admin
Oct 04 10:03:42 baseweed-admin systemd[1]: qdistro-t3s-call-5940-1-3671492849.scope: Deactivated successfully.
Oct 04 10:03:42 baseweed-admin runuser[6000]: pam_unix(runuser:session): session opened for user admin(uid=1000) by (uid=0)
Oct 04 10:03:42 baseweed-admin systemd[839]: Started podman-6001.scope.
Oct 04 10:03:42 baseweed-admin runuser[6000]: pam_unix(runuser:session): session closed for user admin
Oct 04 10:03:42 baseweed-admin runuser[6011]: pam_unix(runuser:session): session opened for user admin(uid=1000) by (uid=0)
Oct 04 10:03:42 baseweed-admin weston[926]: [10:03:42.246] qdwin/secctx: helper pid=6020 launcher parent pid=6011 exe unreadable; falling back to verified root-parent + stable-starttime attestation
Oct 04 10:03:42 baseweed-admin weston[926]: [10:03:42.246] qdwin/secctx: helper pid=6020 launcher parent pid=6011 exe unreadable; falling back to verified root-parent + stable-starttime attestation
Oct 04 10:03:42 baseweed-admin weston[926]: [10:03:42.247] qdwin/secctx: helper pid=6020 launcher parent pid=6011 exe unreadable; falling back to verified root-parent + stable-starttime attestation
Oct 04 10:03:42 baseweed-admin weston[926]: [10:03:42.247] qdwin/secctx: helper pid=6020 launcher parent pid=6011 exe unreadable; falling back to verified root-parent + stable-starttime attestation
Oct 04 10:03:42 baseweed-admin weston[926]: [10:03:42.247] qdwin/secctx: manager bound by uid=1000 pid=6020 (helper)
Oct 04 10:03:42 baseweed-admin weston[926]: [10:03:42.247] qdwin/secctx: committed engine=qdistro.tier3s app_id=qdistro.tier3s.s124f instance_id=b647c3a5004628185ddb56f2dc2ed7df listen_fd=80 close_fd=81
Oct 04 10:03:42 baseweed-admin weston[926]: [10:03:42.248] qdwin/secctx: client accepted engine=qdistro.tier3s app_id=qdistro.tier3s.s124f instance_id=b647c3a5004628185ddb56f2dc2ed7df (total tagged: 2)
Oct 04 10:03:42 baseweed-admin qdistro-tier3s-silo-launch[5646]: LAUNCH_TOKEN=b647c3a5004628185ddb56f2dc2ed7df
Oct 04 10:03:42 baseweed-admin qdistro-tier3s-silo-launch[5646]: CONTAINER=qdistro-tier3s-s124f
Oct 04 10:03:42 baseweed-admin qdistro-tier3s-silo-launch[5646]: IMAGE=localhost/qdistro/tier3s-foot:latest
Oct 04 10:03:42 baseweed-admin qdistro-tier3s-silo-launch[5646]: SCOPE_UNIT=qdistro-tier3s-b647c3a5004628185ddb56f2dc2ed7df.scope
Oct 04 10:03:42 baseweed-admin systemd[1]: Started [systemd-run] /usr/libexec/qdistro/qdistro-tier3s-scope enter b647c3a5004628185ddb56f2dc2ed7df 1000 -- podman --runtime /usr/libexec/qdistro/tier3s-runsc --runtime-flag=network=none --runtime-flag=host-uds=open --cgroup-manager=cgroupfs run --rm --name qdistro-tier3s-s124f --label qdistro_tier3s_token=b647c3a5004628185ddb56f2dc2ed7df --label qdistro_tier3s_unit=qdistro-tier3s-silo@s124f.service --security-opt label=disable --security-opt no-new-privileges --cap-drop=ALL --security-opt seccomp=/usr/lib/qdistro/tier3s/seccomp/foot.json --userns=keep-id --user 1000:1000 --read-only --tmpfs /tmp:rw,size=64m,mode=1777 --tmpfs /run/user/1000:rw,U,mode=0700 --tmpfs /home/admin/.cache:rw,U,mode=0700 -v /run/qdistro-tier3s/b647c3a5004628185ddb56f2dc2ed7df:/run/qdistro/link:rw --pids-limit=512 --network=none --env HOME=/home/admin --env XDG_RUNTIME_DIR=/run/user/1000 --env LANG=C.UTF-8 localhost/qdistro/tier3s-foot:latest foot.
Oct 04 10:03:42 baseweed-admin qdistro-tier3s-silo-launch[6034]: Running as unit: qdistro-tier3s-b647c3a5004628185ddb56f2dc2ed7df.scope; invocation ID: d1ab64a14a9342ae8dbc33bd96fac814
Oct 04 10:03:42 baseweed-admin runuser[6036]: pam_unix(runuser:session): session opened for user admin(uid=1000) by (uid=0)
Oct 04 10:03:42 baseweed-admin qdistro-tier3s-silo-launch[6034]: qdistro-tier3s-scope: /system.slice/qdistro-tier3s-b647c3a5004628185ddb56f2dc2ed7df.scope delegated to uid 1000 (dir, cgroup.procs, cgroup.subtree_control, cgroup.threads)
Oct 04 10:03:42 baseweed-admin runuser[6034]: pam_unix(runuser:session): session opened for user admin(uid=1000) by (uid=0)
Oct 04 10:03:42 baseweed-admin systemd[839]: Started podman-6038.scope.
Oct 04 10:03:42 baseweed-admin runuser[6036]: pam_unix(runuser:session): session closed for user admin
Oct 04 10:03:42 baseweed-admin podman[6059]: 2026-10-04 10:03:42.367967736 +0000 UTC m=+0.015957618 image pull 4149fd5f34546cf0b73329384de250e6397b2ff8b52783c1aea6faacefa62237 localhost/qdistro/tier3s-foot:latest
Oct 04 10:03:42 baseweed-admin runuser[6089]: pam_unix(runuser:session): session opened for user admin(uid=1000) by (uid=0)
Oct 04 10:03:42 baseweed-admin qemu-ga[667]: info: guest-exec-status called, pid: 4066
Oct 04 10:03:43 baseweed-admin dbus-run-session[1037]:   WARN: Process failed to start, likely because the binary could not be found. Command: QList("bluetoothctl", "show")
Oct 04 10:03:43 baseweed-admin qemu-ga[667]: info: guest-exec-status called, pid: 4066
Oct 04 10:03:44 baseweed-admin systemd[839]: Started podman-6090.scope.
Oct 04 10:03:44 baseweed-admin podman[6059]: 2026-10-04 10:03:44.328846376 +0000 UTC m=+1.976836258 container create 957273b3ae74404f83431c73d0313f5930860e5f7ba04e3489d11f565c7996bd (image=localhost/qdistro/tier3s-foot:latest, name=qdistro-tier3s-s124f, org.opencontainers.image.version=20260930.37.208, org.opensuse.base.version=20260930.37.208, org.opencontainers.image.source=https://build.opensuse.org/package/show/openSUSE:Factory/opensuse-tumbleweed-image?rev=561f9d4c8e4e1a441f95ad4ec6b5a914, qdistro_tier3s_unit=qdistro-tier3s-silo@s124f.service, org.opensuse.base.title=openSUSE Tumbleweed Base Container, org.opencontainers.image.created=2026-09-30T20:05:54.126624488Z, org.opencontainers.image.url=https://www.opensuse.org, org.opensuse.reference=registry.opensuse.org/opensuse/tumbleweed:20260930.37.208, org.opensuse.base.description=Image containing a minimal environment for containers based on openSUSE Tumbleweed., org.qdistro.snapshot=20260930, org.opensuse.base.created=2026-09-30T20:05:54.126624488Z, org.opensuse.base.vendor=openSUSE Project, org.opencontainers.image.title=openSUSE Tumbleweed Base Container, org.opencontainers.image.description=Image containing a minimal environment for containers based on openSUSE Tumbleweed., org.opensuse.base.source=https://build.opensuse.org/package/show/openSUSE:Factory/opensuse-tumbleweed-image?rev=561f9d4c8e4e1a441f95ad4ec6b5a914, org.opencontainers.image.vendor=openSUSE Project, org.opensuse.base.disturl=obs://build.opensuse.org/openSUSE:Factory/images/561f9d4c8e4e1a441f95ad4ec6b5a914-opensuse-tumbleweed-image:docker, org.opensuse.lifecycle-url=https://en.opensuse.org/Lifetime, org.openbuildservice.disturl=obs://build.opensuse.org/openSUSE:Factory/images/561f9d4c8e4e1a441f95ad4ec6b5a914-opensuse-tumbleweed-image:docker, org.opensuse.base.reference=registry.opensuse.org/opensuse/tumbleweed:20260930.37.208, io.buildah.version=1.44.1, org.opensuse.base.url=https://www.opensuse.org, org.qdistro.tier3s.workload=foot, org.opensuse.base.lifecycle-url=https://en.opensuse.org/Lifetime, qdistro_tier3s_token=b647c3a5004628185ddb56f2dc2ed7df)
Oct 04 10:03:44 baseweed-admin podman[6059]: 2026-10-04 10:03:44.46568834 +0000 UTC m=+2.113678222 container init 957273b3ae74404f83431c73d0313f5930860e5f7ba04e3489d11f565c7996bd (image=localhost/qdistro/tier3s-foot:latest, name=qdistro-tier3s-s124f, org.opensuse.base.lifecycle-url=https://en.opensuse.org/Lifetime, org.opensuse.base.source=https://build.opensuse.org/package/show/openSUSE:Factory/opensuse-tumbleweed-image?rev=561f9d4c8e4e1a441f95ad4ec6b5a914, org.opensuse.base.version=20260930.37.208, org.opensuse.base.url=https://www.opensuse.org, org.opensuse.base.disturl=obs://build.opensuse.org/openSUSE:Factory/images/561f9d4c8e4e1a441f95ad4ec6b5a914-opensuse-tumbleweed-image:docker, org.opensuse.base.title=openSUSE Tumbleweed Base Container, org.qdistro.tier3s.workload=foot, org.opencontainers.image.description=Image containing a minimal environment for containers based on openSUSE Tumbleweed., org.opensuse.base.description=Image containing a minimal environment for containers based on openSUSE Tumbleweed., io.buildah.version=1.44.1, org.opensuse.base.vendor=openSUSE Project, org.opencontainers.image.url=https://www.opensuse.org, org.opensuse.lifecycle-url=https://en.opensuse.org/Lifetime, org.opensuse.reference=registry.opensuse.org/opensuse/tumbleweed:20260930.37.208, org.openbuildservice.disturl=obs://build.opensuse.org/openSUSE:Factory/images/561f9d4c8e4e1a441f95ad4ec6b5a914-opensuse-tumbleweed-image:docker, org.opencontainers.image.version=20260930.37.208, org.qdistro.snapshot=20260930, org.opencontainers.image.vendor=openSUSE Project, org.opensuse.base.reference=registry.opensuse.org/opensuse/tumbleweed:20260930.37.208, org.opencontainers.image.title=openSUSE Tumbleweed Base Container, qdistro_tier3s_token=b647c3a5004628185ddb56f2dc2ed7df, org.opensuse.base.created=2026-09-30T20:05:54.126624488Z, org.opencontainers.image.source=https://build.opensuse.org/package/show/openSUSE:Factory/opensuse-tumbleweed-image?rev=561f9d4c8e4e1a441f95ad4ec6b5a914, qdistro_tier3s_unit=qdistro-tier3s-silo@s124f.service, org.opencontainers.image.created=2026-09-30T20:05:54.126624488Z)
Oct 04 10:03:44 baseweed-admin podman[6059]: 2026-10-04 10:03:44.495695639 +0000 UTC m=+2.143685541 container start 957273b3ae74404f83431c73d0313f5930860e5f7ba04e3489d11f565c7996bd (image=localhost/qdistro/tier3s-foot:latest, name=qdistro-tier3s-s124f, org.opensuse.base.created=2026-09-30T20:05:54.126624488Z, io.buildah.version=1.44.1, org.openbuildservice.disturl=obs://build.opensuse.org/openSUSE:Factory/images/561f9d4c8e4e1a441f95ad4ec6b5a914-opensuse-tumbleweed-image:docker, org.opensuse.base.version=20260930.37.208, org.opensuse.base.vendor=openSUSE Project, org.opencontainers.image.url=https://www.opensuse.org, org.opencontainers.image.vendor=openSUSE Project, org.opencontainers.image.source=https://build.opensuse.org/package/show/openSUSE:Factory/opensuse-tumbleweed-image?rev=561f9d4c8e4e1a441f95ad4ec6b5a914, qdistro_tier3s_unit=qdistro-tier3s-silo@s124f.service, org.opensuse.base.url=https://www.opensuse.org, org.opencontainers.image.title=openSUSE Tumbleweed Base Container, org.opencontainers.image.created=2026-09-30T20:05:54.126624488Z, org.qdistro.tier3s.workload=foot, org.opensuse.base.lifecycle-url=https://en.opensuse.org/Lifetime, org.opensuse.base.reference=registry.opensuse.org/opensuse/tumbleweed:20260930.37.208, org.opensuse.lifecycle-url=https://en.opensuse.org/Lifetime, org.opensuse.reference=registry.opensuse.org/opensuse/tumbleweed:20260930.37.208, org.opencontainers.image.description=Image containing a minimal environment for containers based on openSUSE Tumbleweed., org.opencontainers.image.version=20260930.37.208, org.opensuse.base.description=Image containing a minimal environment for containers based on openSUSE Tumbleweed., org.opensuse.base.source=https://build.opensuse.org/package/show/openSUSE:Factory/opensuse-tumbleweed-image?rev=561f9d4c8e4e1a441f95ad4ec6b5a914, qdistro_tier3s_token=b647c3a5004628185ddb56f2dc2ed7df, org.qdistro.snapshot=20260930, org.opensuse.base.disturl=obs://build.opensuse.org/openSUSE:Factory/images/561f9d4c8e4e1a441f95ad4ec6b5a914-opensuse-tumbleweed-image:docker, org.opensuse.base.title=openSUSE Tumbleweed Base Container)
Oct 04 10:03:44 baseweed-admin podman[6059]: 2026-10-04 10:03:44.538850997 +0000 UTC m=+2.186840889 container attach 957273b3ae74404f83431c73d0313f5930860e5f7ba04e3489d11f565c7996bd (image=localhost/qdistro/tier3s-foot:latest, name=qdistro-tier3s-s124f, qdistro_tier3s_unit=qdistro-tier3s-silo@s124f.service, org.opencontainers.image.url=https://www.opensuse.org, org.qdistro.tier3s.workload=foot, org.opensuse.reference=registry.opensuse.org/opensuse/tumbleweed:20260930.37.208, org.opensuse.base.description=Image containing a minimal environment for containers based on openSUSE Tumbleweed., org.opensuse.base.source=https://build.opensuse.org/package/show/openSUSE:Factory/opensuse-tumbleweed-image?rev=561f9d4c8e4e1a441f95ad4ec6b5a914, org.opensuse.base.created=2026-09-30T20:05:54.126624488Z, org.opencontainers.image.source=https://build.opensuse.org/package/show/openSUSE:Factory/opensuse-tumbleweed-image?rev=561f9d4c8e4e1a441f95ad4ec6b5a914, org.opensuse.base.disturl=obs://build.opensuse.org/openSUSE:Factory/images/561f9d4c8e4e1a441f95ad4ec6b5a914-opensuse-tumbleweed-image:docker, org.opensuse.base.title=openSUSE Tumbleweed Base Container, qdistro_tier3s_token=b647c3a5004628185ddb56f2dc2ed7df, org.openbuildservice.disturl=obs://build.opensuse.org/openSUSE:Factory/images/561f9d4c8e4e1a441f95ad4ec6b5a914-opensuse-tumbleweed-image:docker, org.opencontainers.image.description=Image containing a minimal environment for containers based on openSUSE Tumbleweed., org.qdistro.snapshot=20260930, org.opencontainers.image.vendor=openSUSE Project, org.opensuse.base.version=20260930.37.208, org.opensuse.base.reference=registry.opensuse.org/opensuse/tumbleweed:20260930.37.208, org.opensuse.base.vendor=openSUSE Project, org.opencontainers.image.created=2026-09-30T20:05:54.126624488Z, io.buildah.version=1.44.1, org.opensuse.base.url=https://www.opensuse.org, org.opencontainers.image.title=openSUSE Tumbleweed Base Container, org.opensuse.base.lifecycle-url=https://en.opensuse.org/Lifetime, org.opensuse.lifecycle-url=https://en.opensuse.org/Lifetime, org.opencontainers.image.version=20260930.37.208)
Oct 04 10:03:44 baseweed-admin runuser[6089]: pam_unix(runuser:session): session closed for user admin
Oct 04 10:03:44 baseweed-admin qdistro-tier3s-silo-launch[5646]: spawn-tier3s: running: qdistro-tier3s-s124f sentry=6129 conmon=6114 in /system.slice/qdistro-tier3s-b647c3a5004628185ddb56f2dc2ed7df.scope
Oct 04 10:03:44 baseweed-admin systemd[1]: Started qdistro tier-3s (gVisor) silo s124f (Experimental, dev profile only).
Oct 04 10:03:44 baseweed-admin qdistro-tier3s-s124f[6114]: warn: config.c:3724: no configuration found, using defaults
Oct 04 10:03:44 baseweed-admin qdistro-tier3s-silo-launch[6059]: warn: config.c:3724: no configuration found, using defaults
Oct 04 10:03:44 baseweed-admin qdistro_session_manager.py[2085]: 2026-10-04 10:03:44,637 INFO qdistro_session_manager: StartSilo name=s124f
Oct 04 10:03:44 baseweed-admin runuser[5640]: pam_unix(runuser:session): session closed for user admin
Oct 04 10:03:44 baseweed-admin runuser[6193]: pam_unix(runuser:session): session opened for user admin(uid=1000) by (uid=0)
Oct 04 10:03:44 baseweed-admin runuser[6195]: pam_unix(runuser:session): session opened for user admin(uid=1000) by (uid=0)
Oct 04 10:03:44 baseweed-admin systemd[839]: Started podman-6203.scope.
Oct 04 10:03:44 baseweed-admin runuser[6248]: pam_unix(runuser:session): session opened for user admin(uid=1000) by (uid=0)
Oct 04 10:03:44 baseweed-admin runuser[6193]: pam_unix(runuser:session): session closed for user admin
Oct 04 10:03:44 baseweed-admin runuser[6255]: pam_unix(runuser:session): session opened for user admin(uid=1000) by (uid=0)
Oct 04 10:03:44 baseweed-admin qdistro-tier3s-s124f[6114]: xkbcommon: ERROR: [XKB-679] No Compose file for locale "C.UTF-8": failed to use fallback "en_US.UTF-8"
Oct 04 10:03:44 baseweed-admin qdistro-tier3s-silo-launch[6059]: xkbcommon: ERROR: [XKB-679] No Compose file for locale "C.UTF-8": failed to use fallback "en_US.UTF-8"
Oct 04 10:03:44 baseweed-admin qdistro-tier3s-silo-launch[6059]: xkbcommon: ERROR: [XKB-679] couldn't find a Compose file for locale "C.UTF-8" (mapped to "C.UTF-8")
Oct 04 10:03:44 baseweed-admin qdistro-tier3s-silo-launch[6059]: warn: wayland.c:1408: failed to instantiate compose table; dead keys (compose) will not work
Oct 04 10:03:44 baseweed-admin qdistro-tier3s-s124f[6114]: xkbcommon: ERROR: [XKB-679] couldn't find a Compose file for locale "C.UTF-8" (mapped to "C.UTF-8")
Oct 04 10:03:44 baseweed-admin qdistro-tier3s-s124f[6114]: warn: wayland.c:1408: failed to instantiate compose table; dead keys (compose) will not work
Oct 04 10:03:44 baseweed-admin qdistro-tier3s-s124f[6114]: warn: wayland.c:1888: compositor does not implement the xdg-toplevel-icon protocol
Oct 04 10:03:44 baseweed-admin qdistro-tier3s-silo-launch[6059]: warn: wayland.c:1888: compositor does not implement the xdg-toplevel-icon protocol
Oct 04 10:03:44 baseweed-admin systemd[839]: Started podman-6254.scope.
Oct 04 10:03:44 baseweed-admin systemd[839]: Started podman-6242.scope.
Oct 04 10:03:44 baseweed-admin runuser[6248]: pam_unix(runuser:session): session closed for user admin
Oct 04 10:03:44 baseweed-admin systemd[839]: Started podman-6263.scope.
Oct 04 10:03:44 baseweed-admin runuser[6195]: pam_unix(runuser:session): session closed for user admin
Oct 04 10:03:44 baseweed-admin runuser[6297]: pam_unix(runuser:session): session opened for user admin(uid=1000) by (uid=0)
Oct 04 10:03:44 baseweed-admin runuser[6255]: pam_unix(runuser:session): session closed for user admin
Oct 04 10:03:44 baseweed-admin weston[926]: [10:03:44.821] qdwin: toplevel_added handle=2 uid=1000 pid=6022 app_id=foot title=""
Oct 04 10:03:44 baseweed-admin weston[926]: [10:03:44.822] qdwin: toplevel_security_context handle=2 engine=qdistro.tier3s app_id=qdistro.tier3s.s124f instance=b647c3a5004628185ddb56f2dc2ed7df
Oct 04 10:03:44 baseweed-admin weston[926]: [10:03:44.822] qdwin: toplevel_peer_identity handle=2 pid=6022 starttime=9118 uid=1000 exe=/usr/bin/waypipe label=system_u:system_r:unconfined_service_t:s0
Oct 04 10:03:44 baseweed-admin weston[926]: [10:03:44.822] qdwin: holding_released handle=2 via default_toplevel_policy (held → normal)
Oct 04 10:03:44 baseweed-admin dbus-run-session[1037]:   INFO qml: [20261004-100344]          Qdwin toplevel_security_context handle=2 engine=qdistro.tier3s app_id=qdistro.tier3s.s124f instance=b647c3a5004628185ddb56f2dc2ed7df
Oct 04 10:03:44 baseweed-admin dbus-run-session[1037]:   INFO qml: [20261004-100344]     Tier3sApps [tier3s] toplevel observed silo=s124f secctx=qdistro.tier3s.s124f color=#ce93d8 handle=2
Oct 04 10:03:44 baseweed-admin dbus-run-session[1037]:   INFO qml: [20261004-100344]     Tier3sApps [tier3s] silo=s124f color=#ce93d8
Oct 04 10:03:44 baseweed-admin qdistro-tier3s-s124f[6114]: warn: shm.c:428: fallocate(FALLOC_FL_PUNCH_HOLE) not supported (Operation not supported): expect lower performance
Oct 04 10:03:44 baseweed-admin qdistro-tier3s-silo-launch[6059]: warn: shm.c:428: fallocate(FALLOC_FL_PUNCH_HOLE) not supported (Operation not supported): expect lower performance
Oct 04 10:03:44 baseweed-admin qdistro-tier3s-s124f[6114]: [24.847492 ERR waypipe-server(1) tracking.rs:1875] Received degenerate damage rectangle: x=0 y=0 w=696 h=0
Oct 04 10:03:44 baseweed-admin qdistro-tier3s-silo-launch[6059]: [24.847492 ERR waypipe-server(1) tracking.rs:1875] Received degenerate damage rectangle: x=0 y=0 w=696 h=0
Oct 04 10:03:44 baseweed-admin qdistro-tier3s-s124f[6114]: [24.847892 ERR waypipe-server(1) tracking.rs:1875] Received degenerate damage rectangle: x=0 y=494 w=696 h=0
Oct 04 10:03:44 baseweed-admin qdistro-tier3s-silo-launch[6059]: [24.847892 ERR waypipe-server(1) tracking.rs:1875] Received degenerate damage rectangle: x=0 y=494 w=696 h=0
Oct 04 10:03:44 baseweed-admin qdistro-tier3s-silo-launch[6059]: [24.847988 ERR waypipe-server(1) tracking.rs:1875] Received degenerate damage rectangle: x=0 y=0 w=0 h=494
Oct 04 10:03:44 baseweed-admin qdistro-tier3s-silo-launch[6059]: [24.848000 ERR waypipe-server(1) tracking.rs:1875] Received degenerate damage rectangle: x=696 y=0 w=0 h=494
Oct 04 10:03:44 baseweed-admin qdistro-tier3s-s124f[6114]: [24.847988 ERR waypipe-server(1) tracking.rs:1875] Received degenerate damage rectangle: x=0 y=0 w=0 h=494
Oct 04 10:03:44 baseweed-admin qdistro-tier3s-s124f[6114]: [24.848000 ERR waypipe-server(1) tracking.rs:1875] Received degenerate damage rectangle: x=696 y=0 w=0 h=494
Oct 04 10:03:44 baseweed-admin weston[926]: [10:03:44.858] qdwin: toplevel_title handle=2 title="[3s:s124f] foot"
Oct 04 10:03:44 baseweed-admin weston[926]: [10:03:44.858] qdwin: mapped handle=2 size=696x494 pos=0,31 (normal)
Oct 04 10:03:44 baseweed-admin weston[926]: [10:03:44.858] qdwin: focus handle=2 (was 1) seat=default
Oct 04 10:03:44 baseweed-admin weston[926]: [10:03:44.858] qdwin: seat_focus_changed seat=default handle=2
Oct 04 10:03:44 baseweed-admin qemu-ga[667]: info: guest-exec-status called, pid: 4066
Oct 04 10:03:44 baseweed-admin systemd[839]: Started podman-6314.scope.
Oct 04 10:03:44 baseweed-admin runuser[6297]: pam_unix(runuser:session): session closed for user admin
Oct 04 10:03:45 baseweed-admin runuser[6344]: pam_unix(runuser:session): session opened for user admin(uid=1000) by (uid=0)
Oct 04 10:03:45 baseweed-admin qs[6345]: Detected locale "C" with character encoding "ANSI_X3.4-1968", which is not UTF-8.
                                         Qt depends on a UTF-8 locale, and has switched to "C.UTF-8" instead.
                                         If this causes problems, reconfigure your locale. See the locale(1) manual
                                         for more information.
Oct 04 10:03:45 baseweed-admin dbus-run-session[1037]:   INFO qml: [20261004-100345]  Tier3FocusIPC findSiloHandle silo=s124f → HANDLE=2
Oct 04 10:03:45 baseweed-admin runuser[6344]: pam_unix(runuser:session): session closed for user admin
Oct 04 10:03:45 baseweed-admin runuser[6354]: pam_unix(runuser:session): session opened for user admin(uid=1000) by (uid=0)
Oct 04 10:03:45 baseweed-admin systemd[839]: qdistro-polkit-agent.service: Scheduled restart job, restart counter is at 25.
Oct 04 10:03:45 baseweed-admin systemd[839]: Started qdistro polkit authentication agent (PAM / fprintd / broker).
Oct 04 10:03:45 baseweed-admin qs[6355]: Detected locale "C" with character encoding "ANSI_X3.4-1968", which is not UTF-8.
                                         Qt depends on a UTF-8 locale, and has switched to "C.UTF-8" instead.
                                         If this causes problems, reconfigure your locale. See the locale(1) manual
                                         for more information.
Oct 04 10:03:45 baseweed-admin dbus-run-session[1037]:   INFO qml: [20261004-100345]  Tier3FocusIPC injectFocus handle=2 seat=default
Oct 04 10:03:45 baseweed-admin dbus-run-session[1037]:   INFO qml: [20261004-100345]          Qdwin ipc injectFocus handle=2 seat=default
Oct 04 10:03:45 baseweed-admin weston[926]: [10:03:45.224] qdwin: set_keyboard_focus seat=default handle=2
Oct 04 10:03:45 baseweed-admin weston[926]: [10:03:45.224] qdwin: seat_focus_changed seat=default handle=2
Oct 04 10:03:45 baseweed-admin runuser[6354]: pam_unix(runuser:session): session closed for user admin
Oct 04 10:03:45 baseweed-admin runuser[6378]: pam_unix(runuser:session): session opened for user admin(uid=1000) by (uid=0)
Oct 04 10:03:45 baseweed-admin qdistro-polkit-agent[6356]: registration failed: org.freedesktop.PolicyKit1.Error.Failed: Cannot determine session the caller is in
Oct 04 10:03:45 baseweed-admin python3[6356]: qdistro-polkit-agent: registration failed: org.freedesktop.PolicyKit1.Error.Failed: Cannot determine session the caller is in
Oct 04 10:03:45 baseweed-admin systemd[839]: qdistro-polkit-agent.service: Main process exited, code=exited, status=1/FAILURE
Oct 04 10:03:45 baseweed-admin systemd[839]: qdistro-polkit-agent.service: Failed with result 'exit-code'.
Oct 04 10:03:45 baseweed-admin dbus-run-session[1037]:   WARN: Process failed to start, likely because the binary could not be found. Command: QList("bluetoothctl", "show")
Oct 04 10:03:45 baseweed-admin qemu-ga[667]: info: guest-exec-status called, pid: 4066
Oct 04 10:03:45 baseweed-admin dbus-run-session[1037]:   WARN qml: [20261004-100345]       Location Weather is still fetching
Oct 04 10:03:45 baseweed-admin dbus-run-session[1037]:  ERROR qml: [20261004-100345]       Location Geocoding error: 0
Oct 04 10:03:46 baseweed-admin runuser[6378]: pam_unix(runuser:session): session closed for user admin
Oct 04 10:03:46 baseweed-admin runuser[6382]: pam_unix(runuser:session): session opened for user admin(uid=1000) by (uid=0)
Oct 04 10:03:46 baseweed-admin login[830]: pam_unix(login:auth): check pass; user unknown
Oct 04 10:03:46 baseweed-admin login[830]: pam_unix(login:auth): authentication failure; logname= uid=0 euid=0 tty=/dev/tty1 ruser= rhost=
Oct 04 10:03:46 baseweed-admin runuser[6382]: pam_unix(runuser:session): session closed for user admin
Oct 04 10:03:46 baseweed-admin runuser[6385]: pam_unix(runuser:session): session opened for user admin(uid=1000) by (uid=0)
Oct 04 10:03:46 baseweed-admin systemd[839]: Started podman-6386.scope.
Oct 04 10:03:46 baseweed-admin conmon[6397]: conmon 957273b3ae74404f8343 <nwarn>: Failed to open cgroups file: /sys/fs/cgroup/user.slice/user-1000.slice/user@1000.service/user.slice/podman-6386.scope/memory.events
Oct 04 10:03:46 baseweed-admin podman[6386]: 2026-10-04 10:03:46.52966793 +0000 UTC m=+0.130822392 container exec 957273b3ae74404f83431c73d0313f5930860e5f7ba04e3489d11f565c7996bd (image=localhost/qdistro/tier3s-foot:latest, name=qdistro-tier3s-s124f, org.opensuse.lifecycle-url=https://en.opensuse.org/Lifetime, org.opencontainers.image.version=20260930.37.208, org.opensuse.reference=registry.opensuse.org/opensuse/tumbleweed:20260930.37.208, org.opencontainers.image.source=https://build.opensuse.org/package/show/openSUSE:Factory/opensuse-tumbleweed-image?rev=561f9d4c8e4e1a441f95ad4ec6b5a914, org.opencontainers.image.vendor=openSUSE Project, org.opensuse.base.source=https://build.opensuse.org/package/show/openSUSE:Factory/opensuse-tumbleweed-image?rev=561f9d4c8e4e1a441f95ad4ec6b5a914, qdistro_tier3s_unit=qdistro-tier3s-silo@s124f.service, org.opensuse.base.lifecycle-url=https://en.opensuse.org/Lifetime, org.qdistro.snapshot=20260930, org.opensuse.base.created=2026-09-30T20:05:54.126624488Z, io.buildah.version=1.44.1, org.opencontainers.image.title=openSUSE Tumbleweed Base Container, org.opencontainers.image.url=https://www.opensuse.org, org.opensuse.base.version=20260930.37.208, org.opencontainers.image.created=2026-09-30T20:05:54.126624488Z, org.opencontainers.image.description=Image containing a minimal environment for containers based on openSUSE Tumbleweed., org.opensuse.base.description=Image containing a minimal environment for containers based on openSUSE Tumbleweed., org.openbuildservice.disturl=obs://build.opensuse.org/openSUSE:Factory/images/561f9d4c8e4e1a441f95ad4ec6b5a914-opensuse-tumbleweed-image:docker, org.opensuse.base.disturl=obs://build.opensuse.org/openSUSE:Factory/images/561f9d4c8e4e1a441f95ad4ec6b5a914-opensuse-tumbleweed-image:docker, org.opensuse.base.vendor=openSUSE Project, org.qdistro.tier3s.workload=foot, qdistro_tier3s_token=b647c3a5004628185ddb56f2dc2ed7df, org.opensuse.base.reference=registry.opensuse.org/opensuse/tumbleweed:20260930.37.208, org.opensuse.base.title=openSUSE Tumbleweed Base Container, org.opensuse.base.url=https://www.opensuse.org)
Oct 04 10:03:46 baseweed-admin podman[6412]: 2026-10-04 10:03:46.595341341 +0000 UTC m=+0.060815255 container exec_died 957273b3ae74404f83431c73d0313f5930860e5f7ba04e3489d11f565c7996bd (image=localhost/qdistro/tier3s-foot:latest, name=qdistro-tier3s-s124f, org.opensuse.reference=registry.opensuse.org/opensuse/tumbleweed:20260930.37.208, qdistro_tier3s_token=b647c3a5004628185ddb56f2dc2ed7df, execID=2e02265e84e6d06d0f3e0ff87c62ca8de7983c4c665283406e06f45a9c79c6df, org.qdistro.tier3s.workload=foot, org.opencontainers.image.description=Image containing a minimal environment for containers based on openSUSE Tumbleweed., org.opencontainers.image.source=https://build.opensuse.org/package/show/openSUSE:Factory/opensuse-tumbleweed-image?rev=561f9d4c8e4e1a441f95ad4ec6b5a914, org.opencontainers.image.url=https://www.opensuse.org, org.qdistro.snapshot=20260930, org.opensuse.base.created=2026-09-30T20:05:54.126624488Z, org.opensuse.base.version=20260930.37.208, org.opensuse.base.vendor=openSUSE Project, org.opensuse.lifecycle-url=https://en.opensuse.org/Lifetime, org.opensuse.base.title=openSUSE Tumbleweed Base Container, org.opensuse.base.description=Image containing a minimal environment for containers based on openSUSE Tumbleweed., qdistro_tier3s_unit=qdistro-tier3s-silo@s124f.service, org.openbuildservice.disturl=obs://build.opensuse.org/openSUSE:Factory/images/561f9d4c8e4e1a441f95ad4ec6b5a914-opensuse-tumbleweed-image:docker, org.opencontainers.image.created=2026-09-30T20:05:54.126624488Z, org.opensuse.base.disturl=obs://build.opensuse.org/openSUSE:Factory/images/561f9d4c8e4e1a441f95ad4ec6b5a914-opensuse-tumbleweed-image:docker, org.opensuse.base.reference=registry.opensuse.org/opensuse/tumbleweed:20260930.37.208, io.buildah.version=1.44.1, org.opencontainers.image.title=openSUSE Tumbleweed Base Container, org.opencontainers.image.vendor=openSUSE Project, org.opensuse.base.source=https://build.opensuse.org/package/show/openSUSE:Factory/opensuse-tumbleweed-image?rev=561f9d4c8e4e1a441f95ad4ec6b5a914, org.opencontainers.image.version=20260930.37.208, org.opensuse.base.lifecycle-url=https://en.opensuse.org/Lifetime, org.opensuse.base.url=https://www.opensuse.org)
Oct 04 10:03:46 baseweed-admin podman[6386]: 2026-10-04 10:03:46.634046774 +0000 UTC m=+0.235201226 container exec_died 957273b3ae74404f83431c73d0313f5930860e5f7ba04e3489d11f565c7996bd (image=localhost/qdistro/tier3s-foot:latest, name=qdistro-tier3s-s124f, org.opencontainers.image.source=https://build.opensuse.org/package/show/openSUSE:Factory/opensuse-tumbleweed-image?rev=561f9d4c8e4e1a441f95ad4ec6b5a914, org.opensuse.base.reference=registry.opensuse.org/opensuse/tumbleweed:20260930.37.208, org.openbuildservice.disturl=obs://build.opensuse.org/openSUSE:Factory/images/561f9d4c8e4e1a441f95ad4ec6b5a914-opensuse-tumbleweed-image:docker, org.opensuse.base.created=2026-09-30T20:05:54.126624488Z, org.opensuse.base.url=https://www.opensuse.org, org.opensuse.base.vendor=openSUSE Project, org.opencontainers.image.created=2026-09-30T20:05:54.126624488Z, org.opencontainers.image.description=Image containing a minimal environment for containers based on openSUSE Tumbleweed., org.opensuse.base.description=Image containing a minimal environment for containers based on openSUSE Tumbleweed., org.opencontainers.image.title=openSUSE Tumbleweed Base Container, org.opencontainers.image.vendor=openSUSE Project, org.opensuse.base.source=https://build.opensuse.org/package/show/openSUSE:Factory/opensuse-tumbleweed-image?rev=561f9d4c8e4e1a441f95ad4ec6b5a914, qdistro_tier3s_unit=qdistro-tier3s-silo@s124f.service, org.opensuse.lifecycle-url=https://en.opensuse.org/Lifetime, org.opencontainers.image.version=20260930.37.208, org.opensuse.reference=registry.opensuse.org/opensuse/tumbleweed:20260930.37.208, org.opensuse.base.lifecycle-url=https://en.opensuse.org/Lifetime, org.opensuse.base.disturl=obs://build.opensuse.org/openSUSE:Factory/images/561f9d4c8e4e1a441f95ad4ec6b5a914-opensuse-tumbleweed-image:docker, org.opensuse.base.title=openSUSE Tumbleweed Base Container, org.opensuse.base.version=20260930.37.208, org.qdistro.tier3s.workload=foot, org.opencontainers.image.url=https://www.opensuse.org, org.qdistro.snapshot=20260930, io.buildah.version=1.44.1, execID=2e02265e84e6d06d0f3e0ff87c62ca8de7983c4c665283406e06f45a9c79c6df, qdistro_tier3s_token=b647c3a5004628185ddb56f2dc2ed7df)
Oct 04 10:03:46 baseweed-admin runuser[6385]: pam_unix(runuser:session): session closed for user admin
Oct 04 10:03:46 baseweed-admin runuser[6422]: pam_unix(runuser:session): session opened for user admin(uid=1000) by (uid=0)
Oct 04 10:03:46 baseweed-admin systemd[839]: Started podman-6423.scope.
Oct 04 10:03:46 baseweed-admin podman[6423]: 2026-10-04 10:03:46.854410366 +0000 UTC m=+0.128663675 container exec 957273b3ae74404f83431c73d0313f5930860e5f7ba04e3489d11f565c7996bd (image=localhost/qdistro/tier3s-foot:latest, name=qdistro-tier3s-s124f, org.opensuse.lifecycle-url=https://en.opensuse.org/Lifetime, org.openbuildservice.disturl=obs://build.opensuse.org/openSUSE:Factory/images/561f9d4c8e4e1a441f95ad4ec6b5a914-opensuse-tumbleweed-image:docker, org.opensuse.base.description=Image containing a minimal environment for containers based on openSUSE Tumbleweed., org.opensuse.base.vendor=openSUSE Project, org.opencontainers.image.url=https://www.opensuse.org, org.opensuse.base.lifecycle-url=https://en.opensuse.org/Lifetime, org.opencontainers.image.source=https://build.opensuse.org/package/show/openSUSE:Factory/opensuse-tumbleweed-image?rev=561f9d4c8e4e1a441f95ad4ec6b5a914, org.opensuse.base.source=https://build.opensuse.org/package/show/openSUSE:Factory/opensuse-tumbleweed-image?rev=561f9d4c8e4e1a441f95ad4ec6b5a914, org.opensuse.base.url=https://www.opensuse.org, org.qdistro.snapshot=20260930, org.qdistro.tier3s.workload=foot, org.opensuse.base.disturl=obs://build.opensuse.org/openSUSE:Factory/images/561f9d4c8e4e1a441f95ad4ec6b5a914-opensuse-tumbleweed-image:docker, org.opensuse.base.reference=registry.opensuse.org/opensuse/tumbleweed:20260930.37.208, org.opensuse.base.version=20260930.37.208, org.opensuse.base.created=2026-09-30T20:05:54.126624488Z, qdistro_tier3s_unit=qdistro-tier3s-silo@s124f.service, org.opencontainers.image.description=Image containing a minimal environment for containers based on openSUSE Tumbleweed., org.opencontainers.image.version=20260930.37.208, org.opensuse.reference=registry.opensuse.org/opensuse/tumbleweed:20260930.37.208, io.buildah.version=1.44.1, org.opencontainers.image.title=openSUSE Tumbleweed Base Container, qdistro_tier3s_token=b647c3a5004628185ddb56f2dc2ed7df, org.opencontainers.image.created=2026-09-30T20:05:54.126624488Z, org.opencontainers.image.vendor=openSUSE Project, org.opensuse.base.title=openSUSE Tumbleweed Base Container)
Oct 04 10:03:46 baseweed-admin conmon[6435]: conmon 957273b3ae74404f8343 <nwarn>: Failed to open cgroups file: /sys/fs/cgroup/user.slice/user-1000.slice/user@1000.service/user.slice/podman-6423.scope/memory.events
Oct 04 10:03:46 baseweed-admin podman[6449]: 2026-10-04 10:03:46.932460829 +0000 UTC m=+0.064939568 container exec_died 957273b3ae74404f83431c73d0313f5930860e5f7ba04e3489d11f565c7996bd (image=localhost/qdistro/tier3s-foot:latest, name=qdistro-tier3s-s124f, qdistro_tier3s_unit=qdistro-tier3s-silo@s124f.service, org.opensuse.base.disturl=obs://build.opensuse.org/openSUSE:Factory/images/561f9d4c8e4e1a441f95ad4ec6b5a914-opensuse-tumbleweed-image:docker, org.opensuse.base.source=https://build.opensuse.org/package/show/openSUSE:Factory/opensuse-tumbleweed-image?rev=561f9d4c8e4e1a441f95ad4ec6b5a914, org.opensuse.base.version=20260930.37.208, org.opensuse.base.reference=registry.opensuse.org/opensuse/tumbleweed:20260930.37.208, org.opensuse.base.description=Image containing a minimal environment for containers based on openSUSE Tumbleweed., org.qdistro.tier3s.workload=foot, org.opencontainers.image.title=openSUSE Tumbleweed Base Container, org.opensuse.base.title=openSUSE Tumbleweed Base Container, org.openbuildservice.disturl=obs://build.opensuse.org/openSUSE:Factory/images/561f9d4c8e4e1a441f95ad4ec6b5a914-opensuse-tumbleweed-image:docker, org.opencontainers.image.created=2026-09-30T20:05:54.126624488Z, org.opencontainers.image.vendor=openSUSE Project, org.opensuse.base.lifecycle-url=https://en.opensuse.org/Lifetime, org.opencontainers.image.url=https://www.opensuse.org, org.opensuse.base.vendor=openSUSE Project, execID=55129fe442132166a9ed87b500c8f422d06db407c0da91e4bfe39ef0c45291b9, io.buildah.version=1.44.1, org.opensuse.base.url=https://www.opensuse.org, org.opensuse.lifecycle-url=https://en.opensuse.org/Lifetime, org.qdistro.snapshot=20260930, org.opencontainers.image.description=Image containing a minimal environment for containers based on openSUSE Tumbleweed., qdistro_tier3s_token=b647c3a5004628185ddb56f2dc2ed7df, org.opencontainers.image.source=https://build.opensuse.org/package/show/openSUSE:Factory/opensuse-tumbleweed-image?rev=561f9d4c8e4e1a441f95ad4ec6b5a914, org.opencontainers.image.version=20260930.37.208, org.opensuse.base.created=2026-09-30T20:05:54.126624488Z, org.opensuse.reference=registry.opensuse.org/opensuse/tumbleweed:20260930.37.208)
Oct 04 10:03:46 baseweed-admin qemu-ga[667]: info: guest-exec-status called, pid: 4066
Oct 04 10:03:46 baseweed-admin podman[6423]: 2026-10-04 10:03:46.973683835 +0000 UTC m=+0.247937134 container exec_died 957273b3ae74404f83431c73d0313f5930860e5f7ba04e3489d11f565c7996bd (image=localhost/qdistro/tier3s-foot:latest, name=qdistro-tier3s-s124f, org.opensuse.base.title=openSUSE Tumbleweed Base Container, org.openbuildservice.disturl=obs://build.opensuse.org/openSUSE:Factory/images/561f9d4c8e4e1a441f95ad4ec6b5a914-opensuse-tumbleweed-image:docker, org.opencontainers.image.title=openSUSE Tumbleweed Base Container, org.opensuse.base.vendor=openSUSE Project, org.opensuse.reference=registry.opensuse.org/opensuse/tumbleweed:20260930.37.208, org.qdistro.tier3s.workload=foot, org.opensuse.base.description=Image containing a minimal environment for containers based on openSUSE Tumbleweed., execID=55129fe442132166a9ed87b500c8f422d06db407c0da91e4bfe39ef0c45291b9, org.opensuse.base.lifecycle-url=https://en.opensuse.org/Lifetime, org.opencontainers.image.vendor=openSUSE Project, org.opensuse.base.disturl=obs://build.opensuse.org/openSUSE:Factory/images/561f9d4c8e4e1a441f95ad4ec6b5a914-opensuse-tumbleweed-image:docker, org.opensuse.base.reference=registry.opensuse.org/opensuse/tumbleweed:20260930.37.208, org.opensuse.base.version=20260930.37.208, org.opensuse.lifecycle-url=https://en.opensuse.org/Lifetime, org.opensuse.base.created=2026-09-30T20:05:54.126624488Z, qdistro_tier3s_unit=qdistro-tier3s-silo@s124f.service, org.opencontainers.image.version=20260930.37.208, org.opensuse.base.source=https://build.opensuse.org/package/show/openSUSE:Factory/opensuse-tumbleweed-image?rev=561f9d4c8e4e1a441f95ad4ec6b5a914, io.buildah.version=1.44.1, org.opensuse.base.url=https://www.opensuse.org, org.qdistro.snapshot=20260930, qdistro_tier3s_token=b647c3a5004628185ddb56f2dc2ed7df, org.opencontainers.image.created=2026-09-30T20:05:54.126624488Z, org.opencontainers.image.description=Image containing a minimal environment for containers based on openSUSE Tumbleweed., org.opencontainers.image.url=https://www.opensuse.org, org.opencontainers.image.source=https://build.opensuse.org/package/show/openSUSE:Factory/opensuse-tumbleweed-image?rev=561f9d4c8e4e1a441f95ad4ec6b5a914)
Oct 04 10:03:47 baseweed-admin runuser[6422]: pam_unix(runuser:session): session closed for user admin
Oct 04 10:03:47 baseweed-admin runuser[6481]: pam_unix(runuser:session): session opened for user admin(uid=1000) by (uid=0)
Oct 04 10:03:47 baseweed-admin dbus-run-session[1037]:   INFO qml: [20261004-100347]        PodApps auto-scan: qdistro-tier3s-s124f transitioned to running
Oct 04 10:03:47 baseweed-admin systemd[1]: Stopping qdistro tier-3s (gVisor) silo s124w (Experimental, dev profile only)...
Oct 04 10:03:47 baseweed-admin runuser[5172]: pam_unix(runuser:session): session closed for user admin
Oct 04 10:03:47 baseweed-admin weston[926]: [10:03:47.338] qdwin: toplevel_removed handle=1
Oct 04 10:03:47 baseweed-admin podman[5231]: 2026-10-04 10:03:47.380822464 +0000 UTC m=+12.416214772 container died 3a24890f04e8aae719c9b58c30c17ff5d984a1b3b96c2762bdc2abbfc82d2d36 (image=localhost/qdistro/tier3s-weston-terminal:latest, name=qdistro-tier3s-s124w, org.qdistro.snapshot=20260930, org.openbuildservice.disturl=obs://build.opensuse.org/openSUSE:Factory/images/561f9d4c8e4e1a441f95ad4ec6b5a914-opensuse-tumbleweed-image:docker, org.opensuse.base.vendor=openSUSE Project, org.opensuse.base.title=openSUSE Tumbleweed Base Container, org.opencontainers.image.vendor=openSUSE Project, org.opensuse.base.description=Image containing a minimal environment for containers based on openSUSE Tumbleweed., org.opencontainers.image.source=https://build.opensuse.org/package/show/openSUSE:Factory/opensuse-tumbleweed-image?rev=561f9d4c8e4e1a441f95ad4ec6b5a914, org.opensuse.base.disturl=obs://build.opensuse.org/openSUSE:Factory/images/561f9d4c8e4e1a441f95ad4ec6b5a914-opensuse-tumbleweed-image:docker, org.opencontainers.image.title=openSUSE Tumbleweed Base Container, org.opensuse.base.created=2026-09-30T20:05:54.126624488Z, org.opensuse.base.source=https://build.opensuse.org/package/show/openSUSE:Factory/opensuse-tumbleweed-image?rev=561f9d4c8e4e1a441f95ad4ec6b5a914, org.opencontainers.image.description=Image containing a minimal environment for containers based on openSUSE Tumbleweed., org.qdistro.tier3s.workload=weston-terminal, qdistro_tier3s_token=7a8f8045eb851e230989c55b336a5a90, qdistro_tier3s_unit=qdistro-tier3s-silo@s124w.service, org.opensuse.base.url=https://www.opensuse.org, org.opencontainers.image.created=2026-09-30T20:05:54.126624488Z, io.buildah.version=1.44.1, org.opensuse.base.lifecycle-url=https://en.opensuse.org/Lifetime, org.opensuse.lifecycle-url=https://en.opensuse.org/Lifetime, org.opensuse.reference=registry.opensuse.org/opensuse/tumbleweed:20260930.37.208, org.opencontainers.image.version=20260930.37.208, org.opencontainers.image.url=https://www.opensuse.org, org.opensuse.base.version=20260930.37.208, org.opensuse.base.reference=registry.opensuse.org/opensuse/tumbleweed:20260930.37.208)
Oct 04 10:03:47 baseweed-admin podman[5231]: 2026-10-04 10:03:47.605229171 +0000 UTC m=+12.640621489 container remove 3a24890f04e8aae719c9b58c30c17ff5d984a1b3b96c2762bdc2abbfc82d2d36 (image=localhost/qdistro/tier3s-weston-terminal:latest, name=qdistro-tier3s-s124w, org.opencontainers.image.version=20260930.37.208, org.opensuse.base.description=Image containing a minimal environment for containers based on openSUSE Tumbleweed., org.opensuse.reference=registry.opensuse.org/opensuse/tumbleweed:20260930.37.208, org.opencontainers.image.source=https://build.opensuse.org/package/show/openSUSE:Factory/opensuse-tumbleweed-image?rev=561f9d4c8e4e1a441f95ad4ec6b5a914, org.opencontainers.image.description=Image containing a minimal environment for containers based on openSUSE Tumbleweed., org.opencontainers.image.url=https://www.opensuse.org, org.opensuse.base.lifecycle-url=https://en.opensuse.org/Lifetime, org.qdistro.snapshot=20260930, org.opensuse.base.title=openSUSE Tumbleweed Base Container, org.opensuse.base.vendor=openSUSE Project, qdistro_tier3s_token=7a8f8045eb851e230989c55b336a5a90, org.opensuse.lifecycle-url=https://en.opensuse.org/Lifetime, org.qdistro.tier3s.workload=weston-terminal, org.opencontainers.image.title=openSUSE Tumbleweed Base Container, org.opensuse.base.created=2026-09-30T20:05:54.126624488Z, org.opensuse.base.reference=registry.opensuse.org/opensuse/tumbleweed:20260930.37.208, org.opensuse.base.url=https://www.opensuse.org, org.opensuse.base.source=https://build.opensuse.org/package/show/openSUSE:Factory/opensuse-tumbleweed-image?rev=561f9d4c8e4e1a441f95ad4ec6b5a914, org.opencontainers.image.vendor=openSUSE Project, org.opensuse.base.disturl=obs://build.opensuse.org/openSUSE:Factory/images/561f9d4c8e4e1a441f95ad4ec6b5a914-opensuse-tumbleweed-image:docker, io.buildah.version=1.44.1, qdistro_tier3s_unit=qdistro-tier3s-silo@s124w.service, org.openbuildservice.disturl=obs://build.opensuse.org/openSUSE:Factory/images/561f9d4c8e4e1a441f95ad4ec6b5a914-opensuse-tumbleweed-image:docker, org.opencontainers.image.created=2026-09-30T20:05:54.126624488Z, org.opensuse.base.version=20260930.37.208)
Oct 04 10:03:47 baseweed-admin runuser[5202]: pam_unix(runuser:session): session closed for user admin
Oct 04 10:03:47 baseweed-admin systemd[1]: qdistro-tier3s-7a8f8045eb851e230989c55b336a5a90.scope: Deactivated successfully.
Oct 04 10:03:47 baseweed-admin systemd[1]: Stopped [systemd-run] /usr/libexec/qdistro/qdistro-tier3s-scope enter 7a8f8045eb851e230989c55b336a5a90 1000 -- podman --runtime /usr/libexec/qdistro/tier3s-runsc --runtime-flag=network=none --runtime-flag=host-uds=open --cgroup-manager=cgroupfs run --rm --name qdistro-tier3s-s124w --label qdistro_tier3s_token=7a8f8045eb851e230989c55b336a5a90 --label qdistro_tier3s_unit=qdistro-tier3s-silo@s124w.service --security-opt label=disable --security-opt no-new-privileges --cap-drop=ALL --security-opt seccomp=/usr/lib/qdistro/tier3s/seccomp/weston-terminal.json --userns=keep-id --user 1000:1000 --read-only --tmpfs /tmp:rw,size=64m,mode=1777 --tmpfs /run/user/1000:rw,U,mode=0700 --tmpfs /home/admin/.cache:rw,U,mode=0700 -v /run/qdistro-tier3s/7a8f8045eb851e230989c55b336a5a90:/run/qdistro/link:rw --pids-limit=512 --network=none --env HOME=/home/admin --env XDG_RUNTIME_DIR=/run/user/1000 --env LANG=C.UTF-8 localhost/qdistro/tier3s-weston-terminal:latest weston-terminal.
Oct 04 10:03:47 baseweed-admin systemd[1]: qdistro-tier3s-7a8f8045eb851e230989c55b336a5a90.scope: Consumed 5.037s CPU time over 12.722s wall clock time.
Oct 04 10:03:47 baseweed-admin dbus-run-session[1037]:   WARN: Process failed to start, likely because the binary could not be found. Command: QList("bluetoothctl", "show")
Oct 04 10:03:47 baseweed-admin qemu-ga[667]: info: guest-exec-status called, pid: 4066
Oct 04 10:03:48 baseweed-admin login[830]: FAILED LOGIN 1 FROM tty1 FOR (unknown), User not known to the underlying authentication module
Oct 04 10:03:48 baseweed-admin systemd[839]: qdistro-polkit-agent.service: Scheduled restart job, restart counter is at 26.
Oct 04 10:03:48 baseweed-admin systemd[839]: Started qdistro polkit authentication agent (PAM / fprintd / broker).
Oct 04 10:03:48 baseweed-admin qdistro-polkit-agent[7654]: registration failed: org.freedesktop.PolicyKit1.Error.Failed: Cannot determine session the caller is in
Oct 04 10:03:48 baseweed-admin python3[7654]: qdistro-polkit-agent: registration failed: org.freedesktop.PolicyKit1.Error.Failed: Cannot determine session the caller is in
Oct 04 10:03:48 baseweed-admin systemd[839]: qdistro-polkit-agent.service: Main process exited, code=exited, status=1/FAILURE
Oct 04 10:03:48 baseweed-admin systemd[839]: qdistro-polkit-agent.service: Failed with result 'exit-code'.
Oct 04 10:03:49 baseweed-admin qemu-ga[667]: info: guest-exec-status called, pid: 4066
Oct 04 10:03:49 baseweed-admin podman[8226]: 2026-10-04 10:03:49.332581902 +0000 UTC m=+0.137567523 container exec 957273b3ae74404f83431c73d0313f5930860e5f7ba04e3489d11f565c7996bd (image=localhost/qdistro/tier3s-foot:latest, name=qdistro-tier3s-s124f, qdistro_tier3s_unit=qdistro-tier3s-silo@s124f.service, org.opencontainers.image.created=2026-09-30T20:05:54.126624488Z, org.opencontainers.image.version=20260930.37.208, org.qdistro.snapshot=20260930, org.opensuse.reference=registry.opensuse.org/opensuse/tumbleweed:20260930.37.208, io.buildah.version=1.44.1, org.opencontainers.image.description=Image containing a minimal environment for containers based on openSUSE Tumbleweed., org.opensuse.base.source=https://build.opensuse.org/package/show/openSUSE:Factory/opensuse-tumbleweed-image?rev=561f9d4c8e4e1a441f95ad4ec6b5a914, org.opensuse.base.vendor=openSUSE Project, org.openbuildservice.disturl=obs://build.opensuse.org/openSUSE:Factory/images/561f9d4c8e4e1a441f95ad4ec6b5a914-opensuse-tumbleweed-image:docker, org.opensuse.base.title=openSUSE Tumbleweed Base Container, org.opencontainers.image.url=https://www.opensuse.org, org.opensuse.base.created=2026-09-30T20:05:54.126624488Z, org.opensuse.base.version=20260930.37.208, org.qdistro.tier3s.workload=foot, org.opensuse.base.description=Image containing a minimal environment for containers based on openSUSE Tumbleweed., org.opensuse.base.lifecycle-url=https://en.opensuse.org/Lifetime, org.opensuse.lifecycle-url=https://en.opensuse.org/Lifetime, org.opencontainers.image.vendor=openSUSE Project, org.opensuse.base.reference=registry.opensuse.org/opensuse/tumbleweed:20260930.37.208, org.opencontainers.image.title=openSUSE Tumbleweed Base Container, org.opensuse.base.url=https://www.opensuse.org, org.opencontainers.image.source=https://build.opensuse.org/package/show/openSUSE:Factory/opensuse-tumbleweed-image?rev=561f9d4c8e4e1a441f95ad4ec6b5a914, org.opensuse.base.disturl=obs://build.opensuse.org/openSUSE:Factory/images/561f9d4c8e4e1a441f95ad4ec6b5a914-opensuse-tumbleweed-image:docker, qdistro_tier3s_token=b647c3a5004628185ddb56f2dc2ed7df)
Oct 04 10:03:49 baseweed-admin conmon[8238]: conmon 957273b3ae74404f8343 <nwarn>: Failed to open cgroups file: /sys/fs/cgroup/user.slice/user-1000.slice/user@1000.service/app.slice/qdshell.service/memory.events
Oct 04 10:03:49 baseweed-admin podman[8252]: 2026-10-04 10:03:49.406996813 +0000 UTC m=+0.054821622 container exec_died 957273b3ae74404f83431c73d0313f5930860e5f7ba04e3489d11f565c7996bd (image=localhost/qdistro/tier3s-foot:latest, name=qdistro-tier3s-s124f, org.opencontainers.image.title=openSUSE Tumbleweed Base Container, org.opensuse.base.reference=registry.opensuse.org/opensuse/tumbleweed:20260930.37.208, org.opensuse.base.url=https://www.opensuse.org, org.opensuse.base.version=20260930.37.208, org.opensuse.lifecycle-url=https://en.opensuse.org/Lifetime, org.opencontainers.image.source=https://build.opensuse.org/package/show/openSUSE:Factory/opensuse-tumbleweed-image?rev=561f9d4c8e4e1a441f95ad4ec6b5a914, execID=eab52a8839fbd18331b6274a48e451268650ef312010dbc07eb2526489bf1d51, qdistro_tier3s_token=b647c3a5004628185ddb56f2dc2ed7df, org.opensuse.base.created=2026-09-30T20:05:54.126624488Z, org.opensuse.base.title=openSUSE Tumbleweed Base Container, org.opensuse.reference=registry.opensuse.org/opensuse/tumbleweed:20260930.37.208, qdistro_tier3s_unit=qdistro-tier3s-silo@s124f.service, org.opensuse.base.vendor=openSUSE Project, io.buildah.version=1.44.1, org.opensuse.base.description=Image containing a minimal environment for containers based on openSUSE Tumbleweed., org.opensuse.base.disturl=obs://build.opensuse.org/openSUSE:Factory/images/561f9d4c8e4e1a441f95ad4ec6b5a914-opensuse-tumbleweed-image:docker, org.opensuse.base.source=https://build.opensuse.org/package/show/openSUSE:Factory/opensuse-tumbleweed-image?rev=561f9d4c8e4e1a441f95ad4ec6b5a914, org.qdistro.snapshot=20260930, org.qdistro.tier3s.workload=foot, org.openbuildservice.disturl=obs://build.opensuse.org/openSUSE:Factory/images/561f9d4c8e4e1a441f95ad4ec6b5a914-opensuse-tumbleweed-image:docker, org.opencontainers.image.created=2026-09-30T20:05:54.126624488Z, org.opencontainers.image.version=20260930.37.208, org.opencontainers.image.url=https://www.opensuse.org, org.opensuse.base.lifecycle-url=https://en.opensuse.org/Lifetime, org.opencontainers.image.description=Image containing a minimal environment for containers based on openSUSE Tumbleweed., org.opencontainers.image.vendor=openSUSE Project)
Oct 04 10:03:49 baseweed-admin systemd[1]: Started [systemd-run] /usr/sbin/runuser -u admin -- env -i PATH=/usr/bin:/bin HOME=/home/admin USER=admin LOGNAME=admin XDG_RUNTIME_DIR=/run/user/1000 sh -c "podman container exists \"\$1\"; printf \"PMRC=%d\\n\" \"\$?\"" sh qdistro-tier3s-s124w.
Oct 04 10:03:49 baseweed-admin runuser[8270]: pam_unix(runuser:session): session opened for user admin(uid=1000) by (uid=0)
Oct 04 10:03:49 baseweed-admin podman[8226]: 2026-10-04 10:03:49.45186013 +0000 UTC m=+0.256845751 container exec_died 957273b3ae74404f83431c73d0313f5930860e5f7ba04e3489d11f565c7996bd (image=localhost/qdistro/tier3s-foot:latest, name=qdistro-tier3s-s124f, org.opensuse.base.version=20260930.37.208, org.qdistro.tier3s.workload=foot, org.opencontainers.image.title=openSUSE Tumbleweed Base Container, qdistro_tier3s_token=b647c3a5004628185ddb56f2dc2ed7df, org.opencontainers.image.version=20260930.37.208, org.opensuse.base.description=Image containing a minimal environment for containers based on openSUSE Tumbleweed., org.opensuse.base.source=https://build.opensuse.org/package/show/openSUSE:Factory/opensuse-tumbleweed-image?rev=561f9d4c8e4e1a441f95ad4ec6b5a914, org.opensuse.base.title=openSUSE Tumbleweed Base Container, org.opensuse.reference=registry.opensuse.org/opensuse/tumbleweed:20260930.37.208, org.opencontainers.image.source=https://build.opensuse.org/package/show/openSUSE:Factory/opensuse-tumbleweed-image?rev=561f9d4c8e4e1a441f95ad4ec6b5a914, org.opensuse.base.disturl=obs://build.opensuse.org/openSUSE:Factory/images/561f9d4c8e4e1a441f95ad4ec6b5a914-opensuse-tumbleweed-image:docker, org.opensuse.base.created=2026-09-30T20:05:54.126624488Z, execID=eab52a8839fbd18331b6274a48e451268650ef312010dbc07eb2526489bf1d51, org.qdistro.snapshot=20260930, org.opensuse.base.lifecycle-url=https://en.opensuse.org/Lifetime, org.opensuse.base.url=https://www.opensuse.org, org.opensuse.base.reference=registry.opensuse.org/opensuse/tumbleweed:20260930.37.208, io.buildah.version=1.44.1, qdistro_tier3s_unit=qdistro-tier3s-silo@s124f.service, org.openbuildservice.disturl=obs://build.opensuse.org/openSUSE:Factory/images/561f9d4c8e4e1a441f95ad4ec6b5a914-opensuse-tumbleweed-image:docker, org.opencontainers.image.description=Image containing a minimal environment for containers based on openSUSE Tumbleweed., org.opensuse.lifecycle-url=https://en.opensuse.org/Lifetime, org.opencontainers.image.url=https://www.opensuse.org, org.opencontainers.image.created=2026-09-30T20:05:54.126624488Z, org.opensuse.base.vendor=openSUSE Project, org.opencontainers.image.vendor=openSUSE Project)
Oct 04 10:03:49 baseweed-admin systemd[839]: Started podman-8272.scope.
Oct 04 10:03:49 baseweed-admin runuser[8270]: pam_unix(runuser:session): session closed for user admin
Oct 04 10:03:49 baseweed-admin systemd[1]: qdistro-t3s-call-6487-1-2002590096.scope: Deactivated successfully.
Oct 04 10:03:49 baseweed-admin qdistro-tier3s-cleanup[6487]: qdistro-tier3s-cleanup: 7a8f8045eb851e230989c55b336a5a90: torn down (qdistro-tier3s-s124w)
Oct 04 10:03:49 baseweed-admin qdistro-tier3s-silo-launch[4859]: spawn-tier3s: signal: tearing down 7a8f8045eb851e230989c55b336a5a90
Oct 04 10:03:49 baseweed-admin systemd[1]: qdistro-tier3s-silo@s124w.service: Deactivated successfully.
Oct 04 10:03:49 baseweed-admin systemd[1]: Stopped qdistro tier-3s (gVisor) silo s124w (Experimental, dev profile only).
Oct 04 10:03:49 baseweed-admin systemd[1]: qdistro-tier3s-silo@s124w.service: Consumed 2.743s CPU time over 16.772s wall clock time.
Oct 04 10:03:49 baseweed-admin runuser[8345]: pam_unix(runuser:session): session opened for user admin(uid=1000) by (uid=0)
Oct 04 10:03:49 baseweed-admin podman[8281]: 2026-10-04 10:03:49.696321254 +0000 UTC m=+0.152862836 container exec 957273b3ae74404f83431c73d0313f5930860e5f7ba04e3489d11f565c7996bd (image=localhost/qdistro/tier3s-foot:latest, name=qdistro-tier3s-s124f, org.qdistro.snapshot=20260930, org.opensuse.base.lifecycle-url=https://en.opensuse.org/Lifetime, org.opensuse.reference=registry.opensuse.org/opensuse/tumbleweed:20260930.37.208, org.opensuse.base.description=Image containing a minimal environment for containers based on openSUSE Tumbleweed., org.opencontainers.image.version=20260930.37.208, org.opensuse.base.source=https://build.opensuse.org/package/show/openSUSE:Factory/opensuse-tumbleweed-image?rev=561f9d4c8e4e1a441f95ad4ec6b5a914, org.opencontainers.image.created=2026-09-30T20:05:54.126624488Z, org.opensuse.base.vendor=openSUSE Project, org.openbuildservice.disturl=obs://build.opensuse.org/openSUSE:Factory/images/561f9d4c8e4e1a441f95ad4ec6b5a914-opensuse-tumbleweed-image:docker, io.buildah.version=1.44.1, org.opensuse.base.version=20260930.37.208, org.qdistro.tier3s.workload=foot, org.opencontainers.image.description=Image containing a minimal environment for containers based on openSUSE Tumbleweed., org.opencontainers.image.source=https://build.opensuse.org/package/show/openSUSE:Factory/opensuse-tumbleweed-image?rev=561f9d4c8e4e1a441f95ad4ec6b5a914, org.opensuse.base.disturl=obs://build.opensuse.org/openSUSE:Factory/images/561f9d4c8e4e1a441f95ad4ec6b5a914-opensuse-tumbleweed-image:docker, org.opencontainers.image.title=openSUSE Tumbleweed Base Container, org.opensuse.base.reference=registry.opensuse.org/opensuse/tumbleweed:20260930.37.208, org.opensuse.base.title=openSUSE Tumbleweed Base Container, org.opensuse.lifecycle-url=https://en.opensuse.org/Lifetime, qdistro_tier3s_unit=qdistro-tier3s-silo@s124f.service, org.opensuse.base.created=2026-09-30T20:05:54.126624488Z, qdistro_tier3s_token=b647c3a5004628185ddb56f2dc2ed7df, org.opensuse.base.url=https://www.opensuse.org, org.opencontainers.image.url=https://www.opensuse.org, org.opencontainers.image.vendor=openSUSE Project)
Oct 04 10:03:49 baseweed-admin conmon[8346]: conmon 957273b3ae74404f8343 <nwarn>: Failed to open cgroups file: /sys/fs/cgroup/user.slice/user-1000.slice/user@1000.service/app.slice/qdshell.service/memory.events
Oct 04 10:03:49 baseweed-admin systemd[839]: Started podman-8355.scope.
Oct 04 10:03:49 baseweed-admin dbus-run-session[1037]:   WARN qml: [20261004-100349]        Network Connectivity check error: Error: Not authorized to recheck connectivity.
Oct 04 10:03:49 baseweed-admin dbus-run-session[1037]:   WARN: Process failed to start, likely because the binary could not be found. Command: QList("bluetoothctl", "show")
Oct 04 10:03:49 baseweed-admin runuser[8345]: pam_unix(runuser:session): session closed for user admin
Oct 04 10:03:49 baseweed-admin podman[8375]: 2026-10-04 10:03:49.770737297 +0000 UTC m=+0.054133889 container exec_died 957273b3ae74404f83431c73d0313f5930860e5f7ba04e3489d11f565c7996bd (image=localhost/qdistro/tier3s-foot:latest, name=qdistro-tier3s-s124f, org.opencontainers.image.vendor=openSUSE Project, org.opensuse.base.disturl=obs://build.opensuse.org/openSUSE:Factory/images/561f9d4c8e4e1a441f95ad4ec6b5a914-opensuse-tumbleweed-image:docker, execID=da1247bbcd9ce5263911d82ed882281d228daf0ed8208ef22abe89176a8ed73b, io.buildah.version=1.44.1, org.openbuildservice.disturl=obs://build.opensuse.org/openSUSE:Factory/images/561f9d4c8e4e1a441f95ad4ec6b5a914-opensuse-tumbleweed-image:docker, org.opencontainers.image.version=20260930.37.208, org.opensuse.base.source=https://build.opensuse.org/package/show/openSUSE:Factory/opensuse-tumbleweed-image?rev=561f9d4c8e4e1a441f95ad4ec6b5a914, org.opensuse.reference=registry.opensuse.org/opensuse/tumbleweed:20260930.37.208, org.opensuse.base.lifecycle-url=https://en.opensuse.org/Lifetime, org.opencontainers.image.created=2026-09-30T20:05:54.126624488Z, org.opencontainers.image.description=Image containing a minimal environment for containers based on openSUSE Tumbleweed., org.opensuse.lifecycle-url=https://en.opensuse.org/Lifetime, qdistro_tier3s_token=b647c3a5004628185ddb56f2dc2ed7df, org.opencontainers.image.source=https://build.opensuse.org/package/show/openSUSE:Factory/opensuse-tumbleweed-image?rev=561f9d4c8e4e1a441f95ad4ec6b5a914, org.opencontainers.image.title=openSUSE Tumbleweed Base Container, org.opensuse.base.description=Image containing a minimal environment for containers based on openSUSE Tumbleweed., org.opensuse.base.vendor=openSUSE Project, org.opensuse.base.version=20260930.37.208, org.opencontainers.image.url=https://www.opensuse.org, org.opensuse.base.reference=registry.opensuse.org/opensuse/tumbleweed:20260930.37.208, org.opensuse.base.title=openSUSE Tumbleweed Base Container, org.opensuse.base.created=2026-09-30T20:05:54.126624488Z, org.opensuse.base.url=https://www.opensuse.org, org.qdistro.snapshot=20260930, org.qdistro.tier3s.workload=foot, qdistro_tier3s_unit=qdistro-tier3s-silo@s124f.service)
Oct 04 10:03:49 baseweed-admin qdistro_session_manager.py[2085]: 2026-10-04 10:03:49,774 INFO qdistro_session_manager: StopSilo name=s124w grace_s=10
Oct 04 10:03:49 baseweed-admin runuser[6481]: pam_unix(runuser:session): session closed for user admin
Oct 04 10:03:49 baseweed-admin runuser[8389]: pam_unix(runuser:session): session opened for user admin(uid=1000) by (uid=0)
Oct 04 10:03:49 baseweed-admin runuser[8389]: pam_unix(runuser:session): session closed for user admin
Oct 04 10:03:49 baseweed-admin podman[8281]: 2026-10-04 10:03:49.806025486 +0000 UTC m=+0.262567068 container exec_died 957273b3ae74404f83431c73d0313f5930860e5f7ba04e3489d11f565c7996bd (image=localhost/qdistro/tier3s-foot:latest, name=qdistro-tier3s-s124f, org.openbuildservice.disturl=obs://build.opensuse.org/openSUSE:Factory/images/561f9d4c8e4e1a441f95ad4ec6b5a914-opensuse-tumbleweed-image:docker, org.opensuse.base.description=Image containing a minimal environment for containers based on openSUSE Tumbleweed., org.opensuse.base.url=https://www.opensuse.org, org.qdistro.snapshot=20260930, qdistro_tier3s_token=b647c3a5004628185ddb56f2dc2ed7df, execID=da1247bbcd9ce5263911d82ed882281d228daf0ed8208ef22abe89176a8ed73b, org.opensuse.base.disturl=obs://build.opensuse.org/openSUSE:Factory/images/561f9d4c8e4e1a441f95ad4ec6b5a914-opensuse-tumbleweed-image:docker, org.opensuse.base.source=https://build.opensuse.org/package/show/openSUSE:Factory/opensuse-tumbleweed-image?rev=561f9d4c8e4e1a441f95ad4ec6b5a914, org.opensuse.base.version=20260930.37.208, org.qdistro.tier3s.workload=foot, org.opencontainers.image.source=https://build.opensuse.org/package/show/openSUSE:Factory/opensuse-tumbleweed-image?rev=561f9d4c8e4e1a441f95ad4ec6b5a914, org.opencontainers.image.vendor=openSUSE Project, org.opencontainers.image.created=2026-09-30T20:05:54.126624488Z, org.opensuse.base.vendor=openSUSE Project, org.opensuse.lifecycle-url=https://en.opensuse.org/Lifetime, qdistro_tier3s_unit=qdistro-tier3s-silo@s124f.service, org.opencontainers.image.url=https://www.opensuse.org, org.opensuse.base.lifecycle-url=https://en.opensuse.org/Lifetime, org.opensuse.reference=registry.opensuse.org/opensuse/tumbleweed:20260930.37.208, org.opensuse.base.reference=registry.opensuse.org/opensuse/tumbleweed:20260930.37.208, io.buildah.version=1.44.1, org.opencontainers.image.version=20260930.37.208, org.opensuse.base.title=openSUSE Tumbleweed Base Container, org.opencontainers.image.description=Image containing a minimal environment for containers based on openSUSE Tumbleweed., org.opencontainers.image.title=openSUSE Tumbleweed Base Container, org.opensuse.base.created=2026-09-30T20:05:54.126624488Z)
Oct 04 10:03:49 baseweed-admin runuser[8391]: pam_unix(runuser:session): session opened for user admin(uid=1000) by (uid=0)
Oct 04 10:03:49 baseweed-admin systemd[1]: Stopping qdistro tier-3s (gVisor) silo s124f (Experimental, dev profile only)...
Oct 04 10:03:50 baseweed-admin podman[8406]: 2026-10-04 10:03:50.048908735 +0000 UTC m=+0.148064977 container exec 957273b3ae74404f83431c73d0313f5930860e5f7ba04e3489d11f565c7996bd (image=localhost/qdistro/tier3s-foot:latest, name=qdistro-tier3s-s124f, org.opencontainers.image.title=openSUSE Tumbleweed Base Container, org.opensuse.base.created=2026-09-30T20:05:54.126624488Z, org.opensuse.base.description=Image containing a minimal environment for containers based on openSUSE Tumbleweed., org.opensuse.base.vendor=openSUSE Project, org.opencontainers.image.version=20260930.37.208, org.opensuse.base.disturl=obs://build.opensuse.org/openSUSE:Factory/images/561f9d4c8e4e1a441f95ad4ec6b5a914-opensuse-tumbleweed-image:docker, org.opensuse.base.source=https://build.opensuse.org/package/show/openSUSE:Factory/opensuse-tumbleweed-image?rev=561f9d4c8e4e1a441f95ad4ec6b5a914, io.buildah.version=1.44.1, org.opensuse.reference=registry.opensuse.org/opensuse/tumbleweed:20260930.37.208, org.opensuse.base.lifecycle-url=https://en.opensuse.org/Lifetime, org.opencontainers.image.url=https://www.opensuse.org, org.opencontainers.image.vendor=openSUSE Project, org.opensuse.base.url=https://www.opensuse.org, org.qdistro.snapshot=20260930, qdistro_tier3s_unit=qdistro-tier3s-silo@s124f.service, org.opencontainers.image.source=https://build.opensuse.org/package/show/openSUSE:Factory/opensuse-tumbleweed-image?rev=561f9d4c8e4e1a441f95ad4ec6b5a914, org.qdistro.tier3s.workload=foot, org.opencontainers.image.created=2026-09-30T20:05:54.126624488Z, org.opensuse.base.title=openSUSE Tumbleweed Base Container, qdistro_tier3s_token=b647c3a5004628185ddb56f2dc2ed7df, org.opensuse.lifecycle-url=https://en.opensuse.org/Lifetime, org.openbuildservice.disturl=obs://build.opensuse.org/openSUSE:Factory/images/561f9d4c8e4e1a441f95ad4ec6b5a914-opensuse-tumbleweed-image:docker, org.opencontainers.image.description=Image containing a minimal environment for containers based on openSUSE Tumbleweed., org.opensuse.base.version=20260930.37.208, org.opensuse.base.reference=registry.opensuse.org/opensuse/tumbleweed:20260930.37.208)
Oct 04 10:03:50 baseweed-admin conmon[8549]: conmon 957273b3ae74404f8343 <nwarn>: Failed to open cgroups file: /sys/fs/cgroup/user.slice/user-1000.slice/user@1000.service/app.slice/qdshell.service/memory.events
Oct 04 10:03:50 baseweed-admin qemu-ga[667]: info: guest-exec-status called, pid: 4066
Oct 04 10:03:50 baseweed-admin podman[8649]: 2026-10-04 10:03:50.139364846 +0000 UTC m=+0.060012906 container exec_died 957273b3ae74404f83431c73d0313f5930860e5f7ba04e3489d11f565c7996bd (image=localhost/qdistro/tier3s-foot:latest, name=qdistro-tier3s-s124f, org.opensuse.base.description=Image containing a minimal environment for containers based on openSUSE Tumbleweed., org.opencontainers.image.title=openSUSE Tumbleweed Base Container, org.opencontainers.image.description=Image containing a minimal environment for containers based on openSUSE Tumbleweed., org.opensuse.base.title=openSUSE Tumbleweed Base Container, org.opensuse.base.url=https://www.opensuse.org, execID=a1e6ad554cd91b35e006e5737525781bd18b768f8305107159633ecb72d0d941, org.qdistro.snapshot=20260930, org.opencontainers.image.vendor=openSUSE Project, org.opensuse.lifecycle-url=https://en.opensuse.org/Lifetime, org.opencontainers.image.created=2026-09-30T20:05:54.126624488Z, org.opensuse.base.reference=registry.opensuse.org/opensuse/tumbleweed:20260930.37.208, org.opencontainers.image.source=https://build.opensuse.org/package/show/openSUSE:Factory/opensuse-tumbleweed-image?rev=561f9d4c8e4e1a441f95ad4ec6b5a914, org.opencontainers.image.version=20260930.37.208, org.opensuse.base.lifecycle-url=https://en.opensuse.org/Lifetime, org.qdistro.tier3s.workload=foot, org.openbuildservice.disturl=obs://build.opensuse.org/openSUSE:Factory/images/561f9d4c8e4e1a441f95ad4ec6b5a914-opensuse-tumbleweed-image:docker, org.opensuse.base.created=2026-09-30T20:05:54.126624488Z, org.opensuse.reference=registry.opensuse.org/opensuse/tumbleweed:20260930.37.208, org.opensuse.base.vendor=openSUSE Project, org.opensuse.base.source=https://build.opensuse.org/package/show/openSUSE:Factory/opensuse-tumbleweed-image?rev=561f9d4c8e4e1a441f95ad4ec6b5a914, org.opensuse.base.version=20260930.37.208, qdistro_tier3s_unit=qdistro-tier3s-silo@s124f.service, io.buildah.version=1.44.1, org.opensuse.base.disturl=obs://build.opensuse.org/openSUSE:Factory/images/561f9d4c8e4e1a441f95ad4ec6b5a914-opensuse-tumbleweed-image:docker, org.opencontainers.image.url=https://www.opensuse.org, qdistro_tier3s_token=b647c3a5004628185ddb56f2dc2ed7df)
Oct 04 10:03:50 baseweed-admin weston[926]: [10:03:50.160] qdwin: focus handle=4294967295 (was 2) seat=default
Oct 04 10:03:50 baseweed-admin weston[926]: [10:03:50.160] qdwin: seat_focus_changed seat=default handle=4294967295
Oct 04 10:03:50 baseweed-admin weston[926]: [10:03:50.160] qdwin: toplevel_removed handle=2
Oct 04 10:03:50 baseweed-admin runuser[6011]: pam_unix(runuser:session): session closed for user admin
Oct 04 10:03:50 baseweed-admin qdistro-tier3s-s124f[6114]:  err: wayland.c:1769: failed to read events from the Wayland socket: Broken pipe
Oct 04 10:03:50 baseweed-admin qdistro-tier3s-s124f[6114]:  err: wayland.c:2477: failed to roundtrip Wayland display: Broken pipe
Oct 04 10:03:50 baseweed-admin qdistro-tier3s-silo-launch[6059]:  err: wayland.c:1769: failed to read events from the Wayland socket: Broken pipe
Oct 04 10:03:50 baseweed-admin qdistro-tier3s-silo-launch[6059]:  err: wayland.c:2477: failed to roundtrip Wayland display: Broken pipe
Oct 04 10:03:50 baseweed-admin qdistro-tier3s-silo-launch[6059]:  err: wayland.c:2477: failed to roundtrip Wayland display: Broken pipe
Oct 04 10:03:50 baseweed-admin qdistro-tier3s-silo-launch[6059]:  err: wayland.c:2477: failed to roundtrip Wayland display: Broken pipe
Oct 04 10:03:50 baseweed-admin qdistro-tier3s-s124f[6114]:  err: wayland.c:2477: failed to roundtrip Wayland display: Broken pipe
Oct 04 10:03:50 baseweed-admin qdistro-tier3s-s124f[6114]:  err: wayland.c:2477: failed to roundtrip Wayland display: Broken pipe
Oct 04 10:03:50 baseweed-admin podman[8406]: 2026-10-04 10:03:50.175867995 +0000 UTC m=+0.275024237 container exec_died 957273b3ae74404f83431c73d0313f5930860e5f7ba04e3489d11f565c7996bd (image=localhost/qdistro/tier3s-foot:latest, name=qdistro-tier3s-s124f, org.opencontainers.image.source=https://build.opensuse.org/package/show/openSUSE:Factory/opensuse-tumbleweed-image?rev=561f9d4c8e4e1a441f95ad4ec6b5a914, org.opensuse.base.reference=registry.opensuse.org/opensuse/tumbleweed:20260930.37.208, org.opensuse.base.source=https://build.opensuse.org/package/show/openSUSE:Factory/opensuse-tumbleweed-image?rev=561f9d4c8e4e1a441f95ad4ec6b5a914, org.opensuse.base.title=openSUSE Tumbleweed Base Container, org.opensuse.base.created=2026-09-30T20:05:54.126624488Z, org.opensuse.base.url=https://www.opensuse.org, org.opensuse.base.vendor=openSUSE Project, org.openbuildservice.disturl=obs://build.opensuse.org/openSUSE:Factory/images/561f9d4c8e4e1a441f95ad4ec6b5a914-opensuse-tumbleweed-image:docker, org.opensuse.base.lifecycle-url=https://en.opensuse.org/Lifetime, org.opencontainers.image.created=2026-09-30T20:05:54.126624488Z, org.opensuse.base.disturl=obs://build.opensuse.org/openSUSE:Factory/images/561f9d4c8e4e1a441f95ad4ec6b5a914-opensuse-tumbleweed-image:docker, org.opencontainers.image.title=openSUSE Tumbleweed Base Container, execID=a1e6ad554cd91b35e006e5737525781bd18b768f8305107159633ecb72d0d941, qdistro_tier3s_token=b647c3a5004628185ddb56f2dc2ed7df, org.opensuse.lifecycle-url=https://en.opensuse.org/Lifetime, org.opensuse.reference=registry.opensuse.org/opensuse/tumbleweed:20260930.37.208, org.opensuse.base.version=20260930.37.208, org.qdistro.tier3s.workload=foot, org.opencontainers.image.vendor=openSUSE Project, org.opencontainers.image.version=20260930.37.208, org.qdistro.snapshot=20260930, qdistro_tier3s_unit=qdistro-tier3s-silo@s124f.service, org.opencontainers.image.description=Image containing a minimal environment for containers based on openSUSE Tumbleweed., org.opencontainers.image.url=https://www.opensuse.org, io.buildah.version=1.44.1, org.opensuse.base.description=Image containing a minimal environment for containers based on openSUSE Tumbleweed.)
Oct 04 10:03:50 baseweed-admin qdistro-tier3s-s124f[6114]: warn: terminal.c:2034: slave exited with signal 1 (Hangup)
Oct 04 10:03:50 baseweed-admin qdistro-tier3s-silo-launch[6059]: warn: terminal.c:2034: slave exited with signal 1 (Hangup)
Oct 04 10:03:50 baseweed-admin qdistro-tier3s-silo-launch[6059]:  err: wayland.c:2442: failed to flush wayland socket: Broken pipe
Oct 04 10:03:50 baseweed-admin qdistro-tier3s-s124f[6114]:  err: wayland.c:2442: failed to flush wayland socket: Broken pipe
Oct 04 10:03:50 baseweed-admin podman[8597]: 2026-10-04 10:03:50.247785632 +0000 UTC m=+0.205947960 container died 957273b3ae74404f83431c73d0313f5930860e5f7ba04e3489d11f565c7996bd (image=localhost/qdistro/tier3s-foot:latest, name=qdistro-tier3s-s124f, org.opensuse.base.version=20260930.37.208, org.qdistro.snapshot=20260930, org.opencontainers.image.vendor=openSUSE Project, org.opensuse.reference=registry.opensuse.org/opensuse/tumbleweed:20260930.37.208, qdistro_tier3s_unit=qdistro-tier3s-silo@s124f.service, org.opencontainers.image.description=Image containing a minimal environment for containers based on openSUSE Tumbleweed., org.opensuse.base.disturl=obs://build.opensuse.org/openSUSE:Factory/images/561f9d4c8e4e1a441f95ad4ec6b5a914-opensuse-tumbleweed-image:docker, org.opensuse.lifecycle-url=https://en.opensuse.org/Lifetime, io.buildah.version=1.44.1, org.openbuildservice.disturl=obs://build.opensuse.org/openSUSE:Factory/images/561f9d4c8e4e1a441f95ad4ec6b5a914-opensuse-tumbleweed-image:docker, org.opensuse.base.source=https://build.opensuse.org/package/show/openSUSE:Factory/opensuse-tumbleweed-image?rev=561f9d4c8e4e1a441f95ad4ec6b5a914, org.opencontainers.image.created=2026-09-30T20:05:54.126624488Z, org.opencontainers.image.version=20260930.37.208, org.opensuse.base.title=openSUSE Tumbleweed Base Container, org.opensuse.base.reference=registry.opensuse.org/opensuse/tumbleweed:20260930.37.208, org.opensuse.base.url=https://www.opensuse.org, org.opencontainers.image.url=https://www.opensuse.org, org.opensuse.base.lifecycle-url=https://en.opensuse.org/Lifetime, org.opensuse.base.created=2026-09-30T20:05:54.126624488Z, org.qdistro.tier3s.workload=foot, org.opencontainers.image.title=openSUSE Tumbleweed Base Container, org.opensuse.base.vendor=openSUSE Project, org.opensuse.base.description=Image containing a minimal environment for containers based on openSUSE Tumbleweed., org.opencontainers.image.source=https://build.opensuse.org/package/show/openSUSE:Factory/opensuse-tumbleweed-image?rev=561f9d4c8e4e1a441f95ad4ec6b5a914, qdistro_tier3s_token=b647c3a5004628185ddb56f2dc2ed7df)
Oct 04 10:03:50 baseweed-admin podman[6059]: 2026-10-04 10:03:50.540462109 +0000 UTC m=+8.188452001 container remove 957273b3ae74404f83431c73d0313f5930860e5f7ba04e3489d11f565c7996bd (image=localhost/qdistro/tier3s-foot:latest, name=qdistro-tier3s-s124f, org.opensuse.base.description=Image containing a minimal environment for containers based on openSUSE Tumbleweed., org.opensuse.base.vendor=openSUSE Project, org.opensuse.base.reference=registry.opensuse.org/opensuse/tumbleweed:20260930.37.208, org.opensuse.base.url=https://www.opensuse.org, org.opencontainers.image.title=openSUSE Tumbleweed Base Container, org.qdistro.tier3s.workload=foot, qdistro_tier3s_unit=qdistro-tier3s-silo@s124f.service, io.buildah.version=1.44.1, org.opencontainers.image.source=https://build.opensuse.org/package/show/openSUSE:Factory/opensuse-tumbleweed-image?rev=561f9d4c8e4e1a441f95ad4ec6b5a914, org.opencontainers.image.vendor=openSUSE Project, org.opensuse.base.disturl=obs://build.opensuse.org/openSUSE:Factory/images/561f9d4c8e4e1a441f95ad4ec6b5a914-opensuse-tumbleweed-image:docker, org.opensuse.base.title=openSUSE Tumbleweed Base Container, org.opensuse.reference=registry.opensuse.org/opensuse/tumbleweed:20260930.37.208, org.opencontainers.image.description=Image containing a minimal environment for containers based on openSUSE Tumbleweed., org.opencontainers.image.url=https://www.opensuse.org, org.opensuse.base.lifecycle-url=https://en.opensuse.org/Lifetime, org.opencontainers.image.created=2026-09-30T20:05:54.126624488Z, org.opencontainers.image.version=20260930.37.208, org.opensuse.base.version=20260930.37.208, org.opensuse.base.source=https://build.opensuse.org/package/show/openSUSE:Factory/opensuse-tumbleweed-image?rev=561f9d4c8e4e1a441f95ad4ec6b5a914, org.qdistro.snapshot=20260930, org.opensuse.lifecycle-url=https://en.opensuse.org/Lifetime, qdistro_tier3s_token=b647c3a5004628185ddb56f2dc2ed7df, org.openbuildservice.disturl=obs://build.opensuse.org/openSUSE:Factory/images/561f9d4c8e4e1a441f95ad4ec6b5a914-opensuse-tumbleweed-image:docker, org.opensuse.base.created=2026-09-30T20:05:54.126624488Z)
Oct 04 10:03:50 baseweed-admin runuser[6034]: pam_unix(runuser:session): session closed for user admin
Oct 04 10:03:50 baseweed-admin systemd[1]: qdistro-tier3s-b647c3a5004628185ddb56f2dc2ed7df.scope: Deactivated successfully.
Oct 04 10:03:50 baseweed-admin systemd[1]: Stopped [systemd-run] /usr/libexec/qdistro/qdistro-tier3s-scope enter b647c3a5004628185ddb56f2dc2ed7df 1000 -- podman --runtime /usr/libexec/qdistro/tier3s-runsc --runtime-flag=network=none --runtime-flag=host-uds=open --cgroup-manager=cgroupfs run --rm --name qdistro-tier3s-s124f --label qdistro_tier3s_token=b647c3a5004628185ddb56f2dc2ed7df --label qdistro_tier3s_unit=qdistro-tier3s-silo@s124f.service --security-opt label=disable --security-opt no-new-privileges --cap-drop=ALL --security-opt seccomp=/usr/lib/qdistro/tier3s/seccomp/foot.json --userns=keep-id --user 1000:1000 --read-only --tmpfs /tmp:rw,size=64m,mode=1777 --tmpfs /run/user/1000:rw,U,mode=0700 --tmpfs /home/admin/.cache:rw,U,mode=0700 -v /run/qdistro-tier3s/b647c3a5004628185ddb56f2dc2ed7df:/run/qdistro/link:rw --pids-limit=512 --network=none --env HOME=/home/admin --env XDG_RUNTIME_DIR=/run/user/1000 --env LANG=C.UTF-8 localhost/qdistro/tier3s-foot:latest foot.
Oct 04 10:03:50 baseweed-admin systemd[1]: qdistro-tier3s-b647c3a5004628185ddb56f2dc2ed7df.scope: Consumed 3.907s CPU time over 8.213s wall clock time.
Oct 04 10:03:50 baseweed-admin dbus-run-session[1037]:   INFO qml: [20261004-100350]        PodApps cache refresh loaded 2 apps
Oct 04 10:03:51 baseweed-admin qemu-ga[667]: info: guest-exec-status called, pid: 4066
Oct 04 10:03:51 baseweed-admin systemd[839]: qdistro-polkit-agent.service: Scheduled restart job, restart counter is at 27.
Oct 04 10:03:51 baseweed-admin systemd[839]: Started qdistro polkit authentication agent (PAM / fprintd / broker).
Oct 04 10:03:51 baseweed-admin dbus-run-session[1037]:   WARN: Process failed to start, likely because the binary could not be found. Command: QList("bluetoothctl", "show")
Oct 04 10:03:51 baseweed-admin qdistro-polkit-agent[9755]: registration failed: org.freedesktop.PolicyKit1.Error.Failed: Cannot determine session the caller is in
Oct 04 10:03:51 baseweed-admin python3[9755]: qdistro-polkit-agent: registration failed: org.freedesktop.PolicyKit1.Error.Failed: Cannot determine session the caller is in
Oct 04 10:03:51 baseweed-admin systemd[839]: qdistro-polkit-agent.service: Main process exited, code=exited, status=1/FAILURE
Oct 04 10:03:51 baseweed-admin systemd[839]: qdistro-polkit-agent.service: Failed with result 'exit-code'.
Oct 04 10:03:52 baseweed-admin qemu-ga[667]: info: guest-exec-status called, pid: 4066
Oct 04 10:03:52 baseweed-admin systemd[1]: Started [systemd-run] /usr/sbin/runuser -u admin -- env -i PATH=/usr/bin:/bin HOME=/home/admin USER=admin LOGNAME=admin XDG_RUNTIME_DIR=/run/user/1000 sh -c "podman container exists \"\$1\"; printf \"PMRC=%d\\n\" \"\$?\"" sh qdistro-tier3s-s124f.
Oct 04 10:03:52 baseweed-admin runuser[10008]: pam_unix(runuser:session): session opened for user admin(uid=1000) by (uid=0)
Oct 04 10:03:52 baseweed-admin systemd[839]: Started podman-10010.scope.
Oct 04 10:03:52 baseweed-admin runuser[10008]: pam_unix(runuser:session): session closed for user admin
Oct 04 10:03:52 baseweed-admin systemd[1]: qdistro-t3s-call-8395-1-163221811.scope: Deactivated successfully.
Oct 04 10:03:52 baseweed-admin qdistro-tier3s-cleanup[8395]: qdistro-tier3s-cleanup: b647c3a5004628185ddb56f2dc2ed7df: torn down (qdistro-tier3s-s124f)
Oct 04 10:03:52 baseweed-admin qdistro-tier3s-silo-launch[5646]: spawn-tier3s: signal: tearing down b647c3a5004628185ddb56f2dc2ed7df
Oct 04 10:03:52 baseweed-admin systemd[1]: qdistro-tier3s-silo@s124f.service: Deactivated successfully.
Oct 04 10:03:52 baseweed-admin systemd[1]: Stopped qdistro tier-3s (gVisor) silo s124f (Experimental, dev profile only).
Oct 04 10:03:52 baseweed-admin systemd[1]: qdistro-tier3s-silo@s124f.service: Consumed 2.254s CPU time over 11.513s wall clock time.
Oct 04 10:03:52 baseweed-admin runuser[10067]: pam_unix(runuser:session): session opened for user admin(uid=1000) by (uid=0)
Oct 04 10:03:52 baseweed-admin systemd[839]: Started podman-10069.scope.
Oct 04 10:03:52 baseweed-admin runuser[10067]: pam_unix(runuser:session): session closed for user admin
Oct 04 10:03:52 baseweed-admin qdistro_session_manager.py[2085]: 2026-10-04 10:03:52,406 INFO qdistro_session_manager: StopSilo name=s124f grace_s=10
Oct 04 10:03:52 baseweed-admin runuser[8391]: pam_unix(runuser:session): session closed for user admin
Oct 04 10:03:52 baseweed-admin runuser[10081]: pam_unix(runuser:session): session opened for user admin(uid=1000) by (uid=0)
Oct 04 10:03:52 baseweed-admin runuser[10081]: pam_unix(runuser:session): session closed for user admin
Oct 04 10:03:52 baseweed-admin runuser[10128]: pam_unix(runuser:session): session opened for user admin(uid=1000) by (uid=0)
Oct 04 10:03:52 baseweed-admin systemd[839]: Started podman-10129.scope.
Oct 04 10:03:52 baseweed-admin runuser[10128]: pam_unix(runuser:session): session closed for user admin
Oct 04 10:03:52 baseweed-admin runuser[10138]: pam_unix(runuser:session): session opened for user admin(uid=1000) by (uid=0)
Oct 04 10:03:52 baseweed-admin systemd[839]: Started podman-10139.scope.
Oct 04 10:03:52 baseweed-admin runuser[10138]: pam_unix(runuser:session): session closed for user admin
Oct 04 10:03:52 baseweed-admin runuser[10213]: pam_unix(runuser:session): session opened for user admin(uid=1000) by (uid=0)
Oct 04 10:03:52 baseweed-admin systemd[839]: Started podman-10214.scope.
Oct 04 10:03:52 baseweed-admin runuser[10213]: pam_unix(runuser:session): session closed for user admin
Oct 04 10:03:52 baseweed-admin runuser[10223]: pam_unix(runuser:session): session opened for user admin(uid=1000) by (uid=0)
Oct 04 10:03:52 baseweed-admin systemd[839]: Started podman-10224.scope.
Oct 04 10:03:52 baseweed-admin runuser[10223]: pam_unix(runuser:session): session closed for user admin
Oct 04 10:03:52 baseweed-admin runuser[10255]: pam_unix(runuser:session): session opened for user admin(uid=1000) by (uid=0)
Oct 04 10:03:52 baseweed-admin qdistro_session_manager.py[2085]: 2026-10-04 10:03:52,766 INFO qdistro_session_manager: userdel 's124w': already absent (rc=6) — treating as done
Oct 04 10:03:52 baseweed-admin qdistro_session_manager.py[2085]: 2026-10-04 10:03:52,796 INFO qdistro_session_manager: DeleteSilo name=s124w
Oct 04 10:03:52 baseweed-admin runuser[10255]: pam_unix(runuser:session): session closed for user admin
Oct 04 10:03:52 baseweed-admin runuser[10261]: pam_unix(runuser:session): session opened for user admin(uid=1000) by (uid=0)
Oct 04 10:03:52 baseweed-admin runuser[10261]: pam_unix(runuser:session): session closed for user admin
Oct 04 10:03:52 baseweed-admin runuser[10263]: pam_unix(runuser:session): session opened for user admin(uid=1000) by (uid=0)
Oct 04 10:03:52 baseweed-admin qdistro_session_manager.py[2085]: 2026-10-04 10:03:52,851 INFO qdistro_session_manager: userdel 's124f': already absent (rc=6) — treating as done
Oct 04 10:03:52 baseweed-admin qdistro_session_manager.py[2085]: 2026-10-04 10:03:52,875 INFO qdistro_session_manager: DeleteSilo name=s124f
Oct 04 10:03:52 baseweed-admin runuser[10263]: pam_unix(runuser:session): session closed for user admin
Oct 04 10:03:52 baseweed-admin runuser[10269]: pam_unix(runuser:session): session opened for user admin(uid=1000) by (uid=0)
Oct 04 10:03:52 baseweed-admin runuser[10269]: pam_unix(runuser:session): session closed for user admin
Oct 04 10:03:52 baseweed-admin runuser[10286]: pam_unix(runuser:session): session opened for user admin(uid=1000) by (uid=0)
Oct 04 10:03:52 baseweed-admin systemd[839]: Started podman-10287.scope.
Oct 04 10:03:52 baseweed-admin runuser[10286]: pam_unix(runuser:session): session closed for user admin
Oct 04 10:03:53 baseweed-admin qdistro_admin_broker.py[707]: [broker] rules reloaded (inotify): 0 rule(s), 0 error(s)
Oct 04 10:03:53 baseweed-admin qemu-ga[667]: info: guest-exec-status called, pid: 4066
Oct 04 10:03:53 baseweed-admin dbus-run-session[1037]:   WARN: Process failed to start, likely because the binary could not be found. Command: QList("bluetoothctl", "show")
Oct 04 10:03:54 baseweed-admin qemu-ga[667]: info: guest-exec-status called, pid: 4066
Oct 04 10:03:54 baseweed-admin qemu-ga[667]: info: guest-exec called: "/bin/sh -c rm -f /etc/qdistro/rules.d/50-tier3s-qci.yaml"
Oct 04 10:03:54 baseweed-admin qemu-ga[667]: info: guest-exec called: "/bin/sh -c qd_startof() {
                                               awk 'match($0,/\)[^)]*$/){s=substr($0,RSTART+2);split(s,f," ");print f[20]}' "/proc/$1/stat" 2>/dev/null
                                             }
                                             qd_ident_s=$(qd_startof 10786)
                                             # The guest's boot id rides along: a (pid, start time) pair is unique only
                                             # WITHIN one boot, and the orphan registry must never match it against a later
                                             # incarnation of the same VM name. "boot=" with nothing after it means the id
                                             # was unreadable; the host then does not register the command.
                                             qd_ident_b=$(cat /proc/sys/kernel/random/boot_id 2>/dev/null)
                                             if [ -n "$qd_ident_s" ]; then printf 'start=%s boot=%s\n' "$qd_ident_s" "$qd_ident_b"; else printf 'gone\n'; fi"
Oct 04 10:03:54 baseweed-admin qemu-ga[667]: info: guest-exec-status called, pid: 10788
Oct 04 10:03:54 baseweed-admin qemu-ga[667]: info: guest-exec-status called, pid: 10786
Oct 04 10:03:54 baseweed-admin qemu-ga[667]: info: guest-exec called: "/bin/sh -c journalctl -b --no-pager 2>/dev/null | tail -8000"
