Oct 04 10:02:03 baseweed-admin systemd[853]: Queued start job for default target Main User Target.
Oct 04 10:02:03 baseweed-admin systemd[853]: Created slice User Application Slice.
Oct 04 10:02:03 baseweed-admin systemd[853]: Created slice User Core Session Slice.
Oct 04 10:02:03 baseweed-admin systemd[853]: Started Daily Cleanup of User's Temporary Directories.
Oct 04 10:02:03 baseweed-admin systemd[853]: Reached target Paths.
Oct 04 10:02:03 baseweed-admin systemd[853]: Reached target Timers.
Oct 04 10:02:03 baseweed-admin systemd[853]: Starting D-Bus User Message Bus Socket...
Oct 04 10:02:03 baseweed-admin systemd[853]: Listening on PipeWire Multimedia System Sockets.
Oct 04 10:02:03 baseweed-admin systemd[853]: Listening on Query the User Interactively for a Password.
Oct 04 10:02:03 baseweed-admin systemd[853]: Listening on Disk Image Download Service Socket.
Oct 04 10:02:03 baseweed-admin systemd[853]: Listening on Virtual Machine and Container Registration Service Socket.
Oct 04 10:02:03 baseweed-admin systemd[853]: Starting Create User Files and Directories...
Oct 04 10:02:03 baseweed-admin systemd[853]: Listening on D-Bus User Message Bus Socket.
Oct 04 10:02:03 baseweed-admin systemd[853]: Reached target Sockets.
Oct 04 10:02:03 baseweed-admin systemd[853]: Starting D-Bus User Message Bus...
Oct 04 10:02:03 baseweed-admin dbus-broker-launch[911]: Policy to allow eavesdropping in /usr/share/dbus-1/session.conf +31: Eavesdropping is deprecated and ignored
Oct 04 10:02:03 baseweed-admin systemd[853]: Started D-Bus User Message Bus.
Oct 04 10:02:03 baseweed-admin dbus-broker-launch[911]: Ready
Oct 04 10:02:03 baseweed-admin systemd[853]: Finished Create User Files and Directories.
Oct 04 10:02:03 baseweed-admin systemd[853]: Reached target Basic System.
Oct 04 10:02:03 baseweed-admin systemd[853]: Reached target Current graphical user session.
Oct 04 10:02:03 baseweed-admin systemd[853]: Started PipeWire Multimedia Service.
Oct 04 10:02:03 baseweed-admin systemd[853]: Starting qdistro browser screen-lock inhibit daemon (Bridge Phase-9e)...
Oct 04 10:02:03 baseweed-admin systemd[853]: Starting qdistro browser download-notification daemon (Bridge Phase-9e)...
Oct 04 10:02:03 baseweed-admin systemd[853]: Starting qdistro browser MPRIS republisher (Bridge Phase-9e)...
Oct 04 10:02:03 baseweed-admin systemd[853]: Starting qdistro browser web-notification relay (Bridge Phase-9e)...
Oct 04 10:02:03 baseweed-admin systemd[853]: qdistro-polkit-agent.service: unit configures an IP firewall, but not running as root.
Oct 04 10:02:03 baseweed-admin systemd[853]: qdistro-polkit-agent.service: (This warning is only shown for the first unit using IP firewalling.)
Oct 04 10:02:03 baseweed-admin systemd[853]: Started qdistro polkit authentication agent (PAM / fprintd / broker).
Oct 04 10:02:03 baseweed-admin systemd[853]: Starting qdistro pwd XDG portal Secret backend (spec/13 Phase-8.3)...
Oct 04 10:02:03 baseweed-admin systemd[853]: Started qdwin compositor (libweston + qdwin-shell.so).
Oct 04 10:02:03 baseweed-admin systemd[853]: Starting qdistro screen locker (qdlocker)...
Oct 04 10:02:03 baseweed-admin systemd[853]: Starting qdshell desktop (Quickshell QML on top of qdwin)...
Oct 04 10:02:03 baseweed-admin systemd[853]: Started Multimedia Service Session Manager.
Oct 04 10:02:03 baseweed-admin systemd[853]: Starting ydotool synthetic input daemon for qdistro VM tests...
Oct 04 10:02:03 baseweed-admin systemd[853]: Started ydotool synthetic input daemon for qdistro VM tests.
Oct 04 10:02:03 baseweed-admin weston[938]: Date: 2026-10-04 UTC
Oct 04 10:02:03 baseweed-admin weston[938]: [10:02:03.961] weston 16.0.0
Oct 04 10:02:03 baseweed-admin weston[938]:                https://wayland.freedesktop.org
Oct 04 10:02:03 baseweed-admin weston[938]:                Bug reports to: https://gitlab.freedesktop.org/wayland/weston/issues/
Oct 04 10:02:03 baseweed-admin weston[938]:                Build: 16.0.0
Oct 04 10:02:03 baseweed-admin weston[938]: [10:02:03.961] Command line: /usr/bin/weston --config=/home/admin/weston.ini --socket=wayland-1
Oct 04 10:02:03 baseweed-admin weston[938]: [10:02:03.961] OS: Linux, 7.2.8-1-default, #1 SMP PREEMPT_DYNAMIC Sat Sep 26 07:00:58 UTC 2026 (9b36732), x86_64
Oct 04 10:02:03 baseweed-admin weston[938]: [10:02:03.961] Flight recorder: enabled, scopes subscribed: log
Oct 04 10:02:03 baseweed-admin weston[938]: [10:02:03.969] Using config file '/home/admin/weston.ini'
Oct 04 10:02:03 baseweed-admin weston[938]: [10:02:03.969] Output repaint window is 7 ms maximum.
Oct 04 10:02:03 baseweed-admin weston[938]: [10:02:03.976] Loading module '/usr/libexec/qdistro/qdwin-libweston/lib64/libweston-16/drm-backend.so'
Oct 04 10:02:03 baseweed-admin weston[938]: [10:02:03.984] initializing drm backend
Oct 04 10:02:03 baseweed-admin weston[938]: [10:02:03.984] Trying libseat launcher...
Oct 04 10:02:04 baseweed-admin weston[938]: [10:02:04.026] [libseat/libseat.c:73] Seat opened with backend 'seatd'
Oct 04 10:02:04 baseweed-admin weston[938]: [10:02:04.026] [libseat/backend/seatd.c:218] Enabling seat
Oct 04 10:02:04 baseweed-admin weston[938]: [10:02:04.026] libseat: session control granted
Oct 04 10:02:04 baseweed-admin weston[938]: [10:02:04.031] using /dev/dri/card0
Oct 04 10:02:04 baseweed-admin weston[938]: [10:02:04.031] DRM: supports atomic modesetting
Oct 04 10:02:04 baseweed-admin weston[938]: [10:02:04.031] DRM: supports cursor-plane hotspot (virtualized cursor)
Oct 04 10:02:04 baseweed-admin weston[938]: [10:02:04.031] DRM: does not support GBM modifiers
Oct 04 10:02:04 baseweed-admin weston[938]: [10:02:04.031] DRM: does not support Atomic async page flip
Oct 04 10:02:04 baseweed-admin weston[938]: [10:02:04.031] DRM: supports picture aspect ratio
Oct 04 10:02:04 baseweed-admin weston[938]: [10:02:04.032] DRM: EDID for the following head fails conformity:
Oct 04 10:02:04 baseweed-admin weston[938]: Block 1, CTA-861 Extension Block:
Oct 04 10:02:04 baseweed-admin weston[938]:   Padding: Contains non-zero bytes.
Oct 04 10:02:04 baseweed-admin weston[938]: [10:02:04.032] DRM: head 'Virtual-1' found, connector 40 is connected, EDID make 'Red Hat, Inc.', model 'QEMU Monitor', serial ''
Oct 04 10:02:04 baseweed-admin weston[938]:                Supported EOTF modes: SDR
Oct 04 10:02:04 baseweed-admin weston[938]:                Supported colorimetry modes: default
Oct 04 10:02:04 baseweed-admin weston[938]:                Supported VRR modes: (none),
Oct 04 10:02:04 baseweed-admin weston[938]:                Supported color formats: AUTO
Oct 04 10:02:04 baseweed-admin podman[900]: 2026-10-04 10:02:04.591140237 +0000 UTC m=+1.156417485 system refresh
Oct 04 10:02:04 baseweed-admin systemd[853]: selinux: avc:  denied  { start } for auid=n/a uid=1000 gid=1000 cmdline="podman ps -a --filter label=qdistro_disposable=1 --format {{.Names}}" function="method_start_transient_unit" scontext=system_u:system_r:qdistro_sessmgr_t:s0 tcontext=unconfined_u:unconfined_r:unconfined_t:s0-s0:c0.c1023 tclass=system permissive=1
Oct 04 10:02:04 baseweed-admin systemd[853]: Created slice Slice /user.
Oct 04 10:02:04 baseweed-admin systemd[853]: Started podman-900.scope.
Oct 04 10:02:04 baseweed-admin systemd[853]: Started qdistro browser screen-lock inhibit daemon (Bridge Phase-9e).
Oct 04 10:02:04 baseweed-admin qdistro_pwd_portal.py[935]: [qdistro-pwd-portal] listening on org.qdistro.PortalSecret /org/freedesktop/portal/desktop
Oct 04 10:02:04 baseweed-admin qdistro_pwd_portal.py[935]: /usr/libexec/qdistro/qdistro_pwd_portal.py:201: PyGIDeprecationWarning: GLib.unix_signal_add is deprecated; use GLibUnix.signal_add instead
Oct 04 10:02:04 baseweed-admin qdistro_pwd_portal.py[935]:   GLib.unix_signal_add(GLib.PRIORITY_HIGH, signal.SIGTERM, _on_term, None)
Oct 04 10:02:04 baseweed-admin qdistro_pwd_portal.py[935]: /usr/libexec/qdistro/qdistro_pwd_portal.py:202: PyGIDeprecationWarning: GLib.unix_signal_add is deprecated; use GLibUnix.signal_add instead
Oct 04 10:02:04 baseweed-admin qdistro_pwd_portal.py[935]:   GLib.unix_signal_add(GLib.PRIORITY_HIGH, signal.SIGINT,  _on_term, None)
Oct 04 10:02:04 baseweed-admin systemd[853]: Started podman-pause-66d663c2.scope.
Oct 04 10:02:04 baseweed-admin systemd[853]: Started qdistro pwd XDG portal Secret backend (spec/13 Phase-8.3).
Oct 04 10:02:04 baseweed-admin systemd[853]: Auto-unlock the qdistro portal-keys vault at login skipped, unmet condition check ConditionPathExists=/var/lib/qdistro/vaults/portal-keys-pin.tpm
Oct 04 10:02:04 baseweed-admin systemd[853]: Started qdistro browser MPRIS republisher (Bridge Phase-9e).
Oct 04 10:02:04 baseweed-admin systemd[853]: Started qdistro browser download-notification daemon (Bridge Phase-9e).
Oct 04 10:02:04 baseweed-admin systemd[853]: Started qdistro browser web-notification relay (Bridge Phase-9e).
Oct 04 10:02:04 baseweed-admin qdistro-polkit-agent[932]: registration failed: org.freedesktop.PolicyKit1.Error.Failed: Cannot determine session the caller is in
Oct 04 10:02:04 baseweed-admin python3[932]: qdistro-polkit-agent: registration failed: org.freedesktop.PolicyKit1.Error.Failed: Cannot determine session the caller is in
Oct 04 10:02:05 baseweed-admin weston[938]: [10:02:05.005] Loading module '/usr/libexec/qdistro/qdwin-libweston/lib64/libweston-16/gl-renderer.so'
Oct 04 10:02:05 baseweed-admin weston[938]: [10:02:05.028] warning: failed to query rendering device from EGL
Oct 04 10:02:05 baseweed-admin weston[938]: [10:02:05.028] EGL version: 1.5
Oct 04 10:02:05 baseweed-admin weston[938]: [10:02:05.028] EGL vendor: Mesa Project
Oct 04 10:02:05 baseweed-admin weston[938]: [10:02:05.028] EGL client APIs: OpenGL OpenGL_ES
Oct 04 10:02:05 baseweed-admin weston[938]: [10:02:05.028] EGL features:
Oct 04 10:02:05 baseweed-admin weston[938]:                EGL Wayland extension: no
Oct 04 10:02:05 baseweed-admin weston[938]:                context priority: no
Oct 04 10:02:05 baseweed-admin weston[938]:                buffer age: yes
Oct 04 10:02:05 baseweed-admin weston[938]:                partial update: no
Oct 04 10:02:05 baseweed-admin weston[938]:                swap buffers with damage: no
Oct 04 10:02:05 baseweed-admin weston[938]:                configless context: yes
Oct 04 10:02:05 baseweed-admin weston[938]:                surfaceless context: yes
Oct 04 10:02:05 baseweed-admin weston[938]:                dmabuf support: modifiers
Oct 04 10:02:05 baseweed-admin weston[938]:                fence sync: yes (wait)
Oct 04 10:02:05 baseweed-admin systemd[853]: qdistro-polkit-agent.service: Main process exited, code=exited, status=1/FAILURE
Oct 04 10:02:05 baseweed-admin systemd[853]: qdistro-polkit-agent.service: Failed with result 'exit-code'.
Oct 04 10:02:05 baseweed-admin wireplumber[942]: [0:00:10.569262253] [942]  INFO Camera camera_manager.cpp:340 libcamera v0.7.2
Oct 04 10:02:05 baseweed-admin wireplumber[942]: [0:00:10.570338921] [1017]  WARN IPAManager ipa_manager.cpp:159 No IPA found in '/usr/lib64/libcamera/ipa'
Oct 04 10:02:05 baseweed-admin wireplumber[942]: [0:00:10.570917866] [1017] ERROR DmaBufAllocator dma_buf_allocator.cpp:119 Could not open any dma-buf provider
Oct 04 10:02:05 baseweed-admin weston[938]: [10:02:05.145] GL version: OpenGL ES 3.2 Mesa 26.2.3
Oct 04 10:02:05 baseweed-admin weston[938]: [10:02:05.145] GLSL version: OpenGL ES GLSL ES 3.20
Oct 04 10:02:05 baseweed-admin weston[938]: [10:02:05.145] GL vendor: Mesa
Oct 04 10:02:05 baseweed-admin weston[938]: [10:02:05.145] GL renderer: llvmpipe (LLVM 23.1.1, 256 bits)
Oct 04 10:02:05 baseweed-admin weston[938]: [10:02:05.155] GL ES 3.2 - renderer features:
Oct 04 10:02:05 baseweed-admin weston[938]:                read-back format: ARGB8888
Oct 04 10:02:05 baseweed-admin weston[938]:                glReadPixels supports y-flip: yes
Oct 04 10:02:05 baseweed-admin weston[938]:                glReadPixels supports PBO: yes
Oct 04 10:02:05 baseweed-admin weston[938]:                wl_shm 10 bpc formats: yes
Oct 04 10:02:05 baseweed-admin weston[938]:                wl_shm 16 bpc formats: yes
Oct 04 10:02:05 baseweed-admin weston[938]:                wl_shm half-float formats: yes
Oct 04 10:02:05 baseweed-admin weston[938]:                internal R and RG formats: yes
Oct 04 10:02:05 baseweed-admin weston[938]:                OES_EGL_image_external: yes
Oct 04 10:02:05 baseweed-admin weston[938]:                GPU timeline: no
Oct 04 10:02:05 baseweed-admin weston[938]:                Texture immutability: yes
Oct 04 10:02:05 baseweed-admin weston[938]:                Required precision: yes
Oct 04 10:02:05 baseweed-admin weston[938]:                In-shader blending: yes
Oct 04 10:02:05 baseweed-admin weston[938]: [10:02:05.155] Using GL renderer
Oct 04 10:02:05 baseweed-admin systemd[853]: Started podman-993.scope.
Oct 04 10:02:05 baseweed-admin weston[938]: [10:02:05.353] event3  - QEMU QEMU USB Tablet: is tagged by udev as: Mouse
Oct 04 10:02:05 baseweed-admin weston[938]: [10:02:05.353] event3  - QEMU QEMU USB Tablet: device is a pointer
Oct 04 10:02:05 baseweed-admin weston[938]: [10:02:05.355] event4  - Power Button: is tagged by udev as: Keyboard
Oct 04 10:02:05 baseweed-admin weston[938]: [10:02:05.355] event4  - Power Button: device is a keyboard
Oct 04 10:02:05 baseweed-admin weston[938]: [10:02:05.356] event0  - AT Translated Set 2 keyboard: is tagged by udev as: Keyboard
Oct 04 10:02:05 baseweed-admin weston[938]: [10:02:05.357] event0  - AT Translated Set 2 keyboard: device is a keyboard
Oct 04 10:02:05 baseweed-admin weston[938]: [10:02:05.360] event2  - VirtualPS/2 VMware VMMouse: is tagged by udev as: Mouse
Oct 04 10:02:05 baseweed-admin weston[938]: [10:02:05.360] event2  - VirtualPS/2 VMware VMMouse: emulating high-resolution scroll wheel events.
Oct 04 10:02:05 baseweed-admin weston[938]: [10:02:05.360] event2  - VirtualPS/2 VMware VMMouse: device is a pointer
Oct 04 10:02:05 baseweed-admin weston[938]: [10:02:05.361] event1  - VirtualPS/2 VMware VMMouse: is tagged by udev as: Mouse
Oct 04 10:02:05 baseweed-admin weston[938]: [10:02:05.362] event1  - VirtualPS/2 VMware VMMouse: device is a pointer
Oct 04 10:02:05 baseweed-admin weston[938]: [10:02:05.364] event5  - PC Speaker: not tagged as supported input device
Oct 04 10:02:05 baseweed-admin weston[938]: [10:02:05.380] event5  - not using input device '/dev/input/event5'
Oct 04 10:02:05 baseweed-admin weston[938]: [10:02:05.382] event6  - ydotoold virtual device: is tagged by udev as: Keyboard
Oct 04 10:02:05 baseweed-admin weston[938]: [10:02:05.383] event6  - ydotoold virtual device: emulating high-resolution scroll wheel events.
Oct 04 10:02:05 baseweed-admin weston[938]: [10:02:05.383] event6  - ydotoold virtual device: device is a keyboard
Oct 04 10:02:05 baseweed-admin weston[938]: [10:02:05.384] libinput: configuring device "QEMU QEMU USB Tablet".
Oct 04 10:02:05 baseweed-admin weston[938]: [10:02:05.384] input device event3 has no enabled output associated (none named), skipping calibration for now.
Oct 04 10:02:05 baseweed-admin weston[938]: [10:02:05.398] libinput: configuring device "Power Button".
Oct 04 10:02:05 baseweed-admin weston[938]: [10:02:05.399] libinput: configuring device "AT Translated Set 2 keyboard".
Oct 04 10:02:05 baseweed-admin weston[938]: [10:02:05.399] libinput: configuring device "VirtualPS/2 VMware VMMouse".
Oct 04 10:02:05 baseweed-admin weston[938]: [10:02:05.399] libinput: configuring device "VirtualPS/2 VMware VMMouse".
Oct 04 10:02:05 baseweed-admin weston[938]: [10:02:05.399] input device event1 has no enabled output associated (none named), skipping calibration for now.
Oct 04 10:02:05 baseweed-admin weston[938]: [10:02:05.399] libinput: configuring device "ydotoold virtual device".
Oct 04 10:02:05 baseweed-admin weston[938]: [10:02:05.399] Registered plugin API 'weston_drm_output_api_v1' of size 40
Oct 04 10:02:05 baseweed-admin weston[938]: [10:02:05.400] Loading module '/usr/libexec/qdistro/qdwin-libweston/lib64/libweston-16/pipewire-backend.so'
Oct 04 10:02:05 baseweed-admin weston[938]: [10:02:05.401] Initializing PipeWire backend
Oct 04 10:02:05 baseweed-admin weston[938]: [10:02:05.411] Registered plugin API 'weston_pipewire_output_api_v2' of size 24
Oct 04 10:02:05 baseweed-admin weston[938]: [10:02:05.411] Color manager: no-op
Oct 04 10:02:05 baseweed-admin weston[938]:                  protocol support: no
Oct 04 10:02:05 baseweed-admin weston[938]: [10:02:05.411] Setting output 'Virtual-1' to color AUTO format
Oct 04 10:02:05 baseweed-admin weston[938]: [10:02:05.411] Output 'Virtual-1' attempts EOTF mode SDR and colorimetry mode default.
Oct 04 10:02:05 baseweed-admin weston[938]: [10:02:05.411] Output 'Virtual-1' using color profile: stock sRGB color profile
Oct 04 10:02:05 baseweed-admin weston[938]: [10:02:05.411] Chosen EGL config details: id:  46 rgba: 8 8 8 0 buf: 24 dep:  0 stcl: 0 int: 1-1 type: win val: fix vis_id: XRGB8888 (0x34325258)
Oct 04 10:02:05 baseweed-admin weston[938]: [10:02:05.412] Output Virtual-1 (crtc 39) video modes:
Oct 04 10:02:05 baseweed-admin weston[938]:                1280x800@75.0, preferred, 107.3 MHz
Oct 04 10:02:05 baseweed-admin weston[938]:                5120x2160@50.0 64:27, 742.5 MHz
Oct 04 10:02:05 baseweed-admin weston[938]:                4096x2160@50.0 256:135, 594.0 MHz
Oct 04 10:02:05 baseweed-admin weston[938]:                3840x2160@60.0 16:9, 594.0 MHz
Oct 04 10:02:05 baseweed-admin weston[938]:                3840x2160@59.9 16:9, 593.4 MHz
Oct 04 10:02:05 baseweed-admin weston[938]:                3840x2160@50.0 16:9, 594.0 MHz
Oct 04 10:02:05 baseweed-admin weston[938]:                1920x1440@60.0, 234.0 MHz
Oct 04 10:02:05 baseweed-admin weston[938]:                2560x1080@50.0 64:27, 185.6 MHz
Oct 04 10:02:05 baseweed-admin weston[938]:                1856x1392@60.0, 218.2 MHz
Oct 04 10:02:05 baseweed-admin weston[938]:                1792x1344@60.0, 204.8 MHz
Oct 04 10:02:05 baseweed-admin weston[938]:                2048x1152@60.0, 162.0 MHz
Oct 04 10:02:05 baseweed-admin weston[938]:                1920x1200@59.9, 193.2 MHz
Oct 04 10:02:05 baseweed-admin weston[938]:                1920x1080@60.0, current, 148.5 MHz
Oct 04 10:02:05 baseweed-admin weston[938]:                1920x1080@50.0 16:9, 148.5 MHz
Oct 04 10:02:05 baseweed-admin weston[938]:                1600x1200@60.0, 162.0 MHz
Oct 04 10:02:05 baseweed-admin weston[938]:                1680x1050@60.0, 146.2 MHz
Oct 04 10:02:05 baseweed-admin weston[938]:                1400x1050@60.0, 121.8 MHz
Oct 04 10:02:05 baseweed-admin weston[938]:                1280x1024@60.0, 108.0 MHz
Oct 04 10:02:05 baseweed-admin weston[938]:                1440x900@59.9, 106.5 MHz
Oct 04 10:02:05 baseweed-admin weston[938]:                1280x960@60.0, 108.0 MHz
Oct 04 10:02:05 baseweed-admin weston[938]:                1360x768@60.0, 85.5 MHz
Oct 04 10:02:05 baseweed-admin weston[938]:                1280x768@59.9, 79.5 MHz
Oct 04 10:02:05 baseweed-admin weston[938]:                1024x768@60.0, 65.0 MHz
Oct 04 10:02:05 baseweed-admin weston[938]:                800x600@60.3, 40.0 MHz
Oct 04 10:02:05 baseweed-admin weston[938]:                640x480@60.0 4:3, 25.2 MHz
Oct 04 10:02:05 baseweed-admin weston[938]:                640x480@59.9, 25.2 MHz
Oct 04 10:02:05 baseweed-admin weston[938]: [10:02:05.412] associating input device event3 with output Virtual-1 (none by udev)
Oct 04 10:02:05 baseweed-admin weston[938]: [10:02:05.412] associating input device event4 with output Virtual-1 (none by udev)
Oct 04 10:02:05 baseweed-admin weston[938]: [10:02:05.412] associating input device event0 with output Virtual-1 (none by udev)
Oct 04 10:02:05 baseweed-admin weston[938]: [10:02:05.412] associating input device event2 with output Virtual-1 (none by udev)
Oct 04 10:02:05 baseweed-admin weston[938]: [10:02:05.412] associating input device event1 with output Virtual-1 (none by udev)
Oct 04 10:02:05 baseweed-admin weston[938]: [10:02:05.412] associating input device event6 with output Virtual-1 (none by udev)
Oct 04 10:02:05 baseweed-admin weston[938]: [10:02:05.412] Output 'Virtual-1' enabled with head(s) Virtual-1
Oct 04 10:02:05 baseweed-admin weston[938]: [10:02:05.412] pipewire_backend_output_configure.. Done
Oct 04 10:02:05 baseweed-admin weston[938]: [10:02:05.412] Output 'pipewire-0' attempts EOTF mode SDR and colorimetry mode default.
Oct 04 10:02:05 baseweed-admin weston[938]: [10:02:05.412] Output 'pipewire-0' using color profile: stock sRGB color profile
Oct 04 10:02:05 baseweed-admin weston[938]: [10:02:05.478] Output 'pipewire-0' enabled with head(s) pipewire-0
Oct 04 10:02:05 baseweed-admin weston[938]: [10:02:05.478] pipewire_backend_output_configure.. Done
Oct 04 10:02:05 baseweed-admin weston[938]: [10:02:05.478] Output 'pipewire-1' attempts EOTF mode SDR and colorimetry mode default.
Oct 04 10:02:05 baseweed-admin weston[938]: [10:02:05.478] Output 'pipewire-1' using color profile: stock sRGB color profile
Oct 04 10:02:05 baseweed-admin weston[938]: [10:02:05.479] Output 'pipewire-1' enabled with head(s) pipewire-1
Oct 04 10:02:05 baseweed-admin weston[938]: [10:02:05.479] Compositor capabilities:
Oct 04 10:02:05 baseweed-admin weston[938]:                arbitrary surface rotation: yes
Oct 04 10:02:05 baseweed-admin weston[938]:                screen capture uses y-flip: yes
Oct 04 10:02:05 baseweed-admin weston[938]:                cursor planes: yes
Oct 04 10:02:05 baseweed-admin weston[938]:                arbitrary resolutions: yes
Oct 04 10:02:05 baseweed-admin weston[938]:                view mask clipping: yes
Oct 04 10:02:05 baseweed-admin weston[938]:                explicit sync: no
Oct 04 10:02:05 baseweed-admin weston[938]:                color operations: yes
Oct 04 10:02:05 baseweed-admin weston[938]:                color representation: yes
Oct 04 10:02:05 baseweed-admin weston[938]:                in-shader blending: yes
Oct 04 10:02:05 baseweed-admin weston[938]:                presentation clock: CLOCK_MONOTONIC, id 1
Oct 04 10:02:05 baseweed-admin weston[938]:                presentation clock resolution: 0.000000001 s
Oct 04 10:02:05 baseweed-admin weston[938]: [10:02:05.479] Loading module '/usr/lib64/weston/qdwin-shell.so'
Oct 04 10:02:05 baseweed-admin weston[938]: [10:02:05.481] qdwin: locker bind policy defaulting to entrypoint=/usr/local/bin/qdlocker:/usr/bin/qdlocker (system interpreter + root-owned entrypoint; no explicit policy configured); set --qdwin-allowed-locker-any to override to uid-only
Oct 04 10:02:05 baseweed-admin weston[938]: [10:02:05.481] qdwin: locker bind policy uid=1000 entrypoint=/usr/local/bin/qdlocker:/usr/bin/qdlocker exe=(any) label=(any)
Oct 04 10:02:05 baseweed-admin weston[938]: [10:02:05.481] qdwin: ext-idle-notify idle_time=0 internal_mode=1
Oct 04 10:02:05 baseweed-admin weston[938]: [10:02:05.482] qdwin: cursor-shape theme=(default) size=24 loaded=0/36
Oct 04 10:02:05 baseweed-admin weston[938]: [10:02:05.482] qdwin: layer-popup grab handler registered
Oct 04 10:02:05 baseweed-admin weston[938]: [10:02:05.482] qdwin/nested-proxy: default keyboard grab installed on seat 'default'
Oct 04 10:02:05 baseweed-admin weston[938]: [10:02:05.482] qdwin: background curtain 3200x1080 installed
Oct 04 10:02:05 baseweed-admin weston[938]: [10:02:05.482] qdwin: WARNING shell-authorized output capture enabled via QDWIN_ENABLE_SHELL_CAPTURE — dev/test only, do not use in production
Oct 04 10:02:05 baseweed-admin weston[938]: [10:02:05.482] qdwin: retained-frame capture armed on output=Virtual-1
Oct 04 10:02:05 baseweed-admin weston[938]: [10:02:05.482] qdwin: shell loaded (allowed_uid=1000); desktop + qdwin_shell_v1 ready
Oct 04 10:02:05 baseweed-admin weston[938]: [10:02:05.483] Loading module '/usr/lib64/libweston-16/xwayland.so'
Oct 04 10:02:05 baseweed-admin weston[938]: [10:02:05.486] Registered plugin API 'weston_xwayland_v3' of size 32
Oct 04 10:02:05 baseweed-admin weston[938]: [10:02:05.486] Registered plugin API 'weston_xwayland_surface_v2' of size 24
Oct 04 10:02:05 baseweed-admin weston[938]: [10:02:05.486] xserver listening on display :0
Oct 04 10:02:05 baseweed-admin systemd[853]: Started qdshell desktop (Quickshell QML on top of qdwin).
Oct 04 10:02:05 baseweed-admin systemd[853]: Started qdistro cursor sprite supplier for qdwin.
Oct 04 10:02:05 baseweed-admin weston[938]: [10:02:05.545] qdwin: bind attempt pid=1034 uid=1000 (allowed_uid=1000)
Oct 04 10:02:05 baseweed-admin weston[938]: [10:02:05.545] qdwin: bind accepted for uid=1000, hello sent
Oct 04 10:02:05 baseweed-admin qdistro-cursor-sprites[1034]: [cursor-sprites 1034] registered shape=1 via=xcursor
Oct 04 10:02:05 baseweed-admin weston[938]: [10:02:05.551] qdwin: cursor-sprite registered shape=default hotspot=3,1
Oct 04 10:02:05 baseweed-admin weston[938]: [10:02:05.551] qdwin: cursor_retry_install: scheduling first retry in 1000ms
Oct 04 10:02:05 baseweed-admin qdistro-cursor-sprites[1034]: [cursor-sprites 1034] registered shape=2 via=xcursor
Oct 04 10:02:05 baseweed-admin weston[938]: [10:02:05.552] qdwin: cursor-sprite registered shape=context-menu hotspot=3,1
Oct 04 10:02:05 baseweed-admin qdistro-cursor-sprites[1034]: [cursor-sprites 1034] registered shape=3 via=xcursor
Oct 04 10:02:05 baseweed-admin weston[938]: [10:02:05.553] qdwin: cursor-sprite registered shape=help hotspot=12,21
Oct 04 10:02:05 baseweed-admin qdistro-cursor-sprites[1034]: [cursor-sprites 1034] registered shape=4 via=xcursor
Oct 04 10:02:05 baseweed-admin weston[938]: [10:02:05.553] qdwin: cursor-sprite registered shape=pointer hotspot=7,5
Oct 04 10:02:05 baseweed-admin qdistro-cursor-sprites[1034]: [cursor-sprites 1034] registered shape=5 via=xcursor
Oct 04 10:02:05 baseweed-admin weston[938]: [10:02:05.583] qdwin: cursor-sprite registered shape=progress hotspot=3,1
Oct 04 10:02:05 baseweed-admin qdistro-cursor-sprites[1034]: [cursor-sprites 1034] registered shape=6 via=xcursor
Oct 04 10:02:05 baseweed-admin qdistro-cursor-sprites[1034]: [cursor-sprites 1034] registered shape=7 via=xcursor
Oct 04 10:02:05 baseweed-admin weston[938]: [10:02:05.602] qdwin: cursor-sprite registered shape=wait hotspot=11,11
Oct 04 10:02:05 baseweed-admin weston[938]: [10:02:05.602] qdwin: cursor-sprite registered shape=cell hotspot=11,11
Oct 04 10:02:05 baseweed-admin qdistro-cursor-sprites[1034]: [cursor-sprites 1034] registered shape=8 via=xcursor
Oct 04 10:02:05 baseweed-admin weston[938]: [10:02:05.604] qdwin: cursor-sprite registered shape=crosshair hotspot=11,11
Oct 04 10:02:05 baseweed-admin weston[938]: [10:02:05.604] qdwin: cursor-sprite registered shape=text hotspot=11,12
Oct 04 10:02:05 baseweed-admin qdistro-cursor-sprites[1034]: [cursor-sprites 1034] registered shape=9 via=xcursor
Oct 04 10:02:05 baseweed-admin qdistro-cursor-sprites[1034]: [cursor-sprites 1034] registered shape=10 via=xcursor
Oct 04 10:02:05 baseweed-admin weston[938]: [10:02:05.604] qdwin: cursor-sprite registered shape=vertical-text hotspot=12,11
Oct 04 10:02:05 baseweed-admin qdistro-cursor-sprites[1034]: [cursor-sprites 1034] registered shape=11 via=xcursor
Oct 04 10:02:05 baseweed-admin qdistro-cursor-sprites[1034]: [cursor-sprites 1034] registered shape=12 via=xcursor
Oct 04 10:02:05 baseweed-admin weston[938]: [10:02:05.605] qdwin: cursor-sprite registered shape=alias hotspot=18,5
Oct 04 10:02:05 baseweed-admin weston[938]: [10:02:05.605] qdwin: cursor-sprite registered shape=copy hotspot=3,1
Oct 04 10:02:05 baseweed-admin qdistro-cursor-sprites[1034]: [cursor-sprites 1034] registered shape=13 via=xcursor
Oct 04 10:02:05 baseweed-admin qdistro-cursor-sprites[1034]: [cursor-sprites 1034] registered shape=14 via=xcursor
Oct 04 10:02:05 baseweed-admin weston[938]: [10:02:05.605] qdwin: cursor-sprite registered shape=move hotspot=3,1
Oct 04 10:02:05 baseweed-admin weston[938]: [10:02:05.605] qdwin: cursor-sprite registered shape=no-drop hotspot=3,1
Oct 04 10:02:05 baseweed-admin qdistro-cursor-sprites[1034]: [cursor-sprites 1034] registered shape=15 via=xcursor
Oct 04 10:02:05 baseweed-admin weston[938]: [10:02:05.606] qdwin: cursor-sprite registered shape=not-allowed hotspot=12,12
Oct 04 10:02:05 baseweed-admin qdistro-cursor-sprites[1034]: [cursor-sprites 1034] registered shape=16 via=xcursor
Oct 04 10:02:05 baseweed-admin qdistro-cursor-sprites[1034]: [cursor-sprites 1034] registered shape=17 via=xcursor
Oct 04 10:02:05 baseweed-admin qdistro-cursor-sprites[1034]: [cursor-sprites 1034] registered shape=18 via=xcursor
Oct 04 10:02:05 baseweed-admin weston[938]: [10:02:05.607] qdwin: cursor-sprite registered shape=grab hotspot=11,2
Oct 04 10:02:05 baseweed-admin weston[938]: [10:02:05.607] qdwin: cursor-sprite registered shape=grabbing hotspot=9,5
Oct 04 10:02:05 baseweed-admin weston[938]: [10:02:05.607] qdwin: cursor-sprite registered shape=e-resize hotspot=19,13
Oct 04 10:02:05 baseweed-admin qdistro-cursor-sprites[1034]: [cursor-sprites 1034] registered shape=19 via=xcursor
Oct 04 10:02:05 baseweed-admin weston[938]: [10:02:05.608] qdwin: cursor-sprite registered shape=n-resize hotspot=13,6
Oct 04 10:02:05 baseweed-admin qdistro-cursor-sprites[1034]: [cursor-sprites 1034] registered shape=20 via=xcursor
Oct 04 10:02:05 baseweed-admin weston[938]: [10:02:05.608] qdwin: cursor-sprite registered shape=ne-resize hotspot=15,10
Oct 04 10:02:05 baseweed-admin qdistro-cursor-sprites[1034]: [cursor-sprites 1034] registered shape=21 via=xcursor
Oct 04 10:02:05 baseweed-admin weston[938]: [10:02:05.609] qdwin: cursor-sprite registered shape=nw-resize hotspot=10,10
Oct 04 10:02:05 baseweed-admin qdistro-cursor-sprites[1034]: [cursor-sprites 1034] registered shape=22 via=xcursor
Oct 04 10:02:05 baseweed-admin weston[938]: [10:02:05.609] qdwin: cursor-sprite registered shape=s-resize hotspot=13,18
Oct 04 10:02:05 baseweed-admin qdistro-cursor-sprites[1034]: [cursor-sprites 1034] registered shape=23 via=xcursor
Oct 04 10:02:05 baseweed-admin weston[938]: [10:02:05.609] qdwin: cursor-sprite registered shape=se-resize hotspot=15,15
Oct 04 10:02:05 baseweed-admin qdistro-cursor-sprites[1034]: [cursor-sprites 1034] registered shape=24 via=xcursor
Oct 04 10:02:05 baseweed-admin weston[938]: [10:02:05.610] qdwin: cursor-sprite registered shape=sw-resize hotspot=10,15
Oct 04 10:02:05 baseweed-admin qdistro-cursor-sprites[1034]: [cursor-sprites 1034] registered shape=25 via=xcursor
Oct 04 10:02:05 baseweed-admin weston[938]: [10:02:05.611] qdwin: cursor-sprite registered shape=w-resize hotspot=6,13
Oct 04 10:02:05 baseweed-admin qdistro-cursor-sprites[1034]: [cursor-sprites 1034] registered shape=26 via=xcursor
Oct 04 10:02:05 baseweed-admin qdistro-cursor-sprites[1034]: [cursor-sprites 1034] registered shape=27 via=xcursor
Oct 04 10:02:05 baseweed-admin weston[938]: [10:02:05.611] qdwin: cursor-sprite registered shape=ew-resize hotspot=12,12
Oct 04 10:02:05 baseweed-admin weston[938]: [10:02:05.611] qdwin: cursor-sprite registered shape=ns-resize hotspot=12,13
Oct 04 10:02:05 baseweed-admin qdistro-cursor-sprites[1034]: [cursor-sprites 1034] registered shape=28 via=xcursor
Oct 04 10:02:05 baseweed-admin weston[938]: [10:02:05.611] qdwin: cursor-sprite registered shape=nesw-resize hotspot=11,11
Oct 04 10:02:05 baseweed-admin qdistro-cursor-sprites[1034]: [cursor-sprites 1034] registered shape=29 via=xcursor
Oct 04 10:02:05 baseweed-admin weston[938]: [10:02:05.612] qdwin: cursor-sprite registered shape=nwse-resize hotspot=11,11
Oct 04 10:02:05 baseweed-admin qdistro-cursor-sprites[1034]: [cursor-sprites 1034] registered shape=30 via=xcursor
Oct 04 10:02:05 baseweed-admin weston[938]: [10:02:05.612] qdwin: cursor-sprite registered shape=col-resize hotspot=12,12
Oct 04 10:02:05 baseweed-admin qdistro-cursor-sprites[1034]: [cursor-sprites 1034] registered shape=31 via=xcursor
Oct 04 10:02:05 baseweed-admin weston[938]: [10:02:05.612] qdwin: cursor-sprite registered shape=row-resize hotspot=12,13
Oct 04 10:02:05 baseweed-admin weston[938]: [10:02:05.613] qdwin: cursor-sprite registered shape=all-scroll hotspot=11,11
Oct 04 10:02:05 baseweed-admin qdistro-cursor-sprites[1034]: [cursor-sprites 1034] registered shape=32 via=xcursor
Oct 04 10:02:05 baseweed-admin qdistro-cursor-sprites[1034]: [cursor-sprites 1034] registered shape=33 via=xcursor
Oct 04 10:02:05 baseweed-admin weston[938]: [10:02:05.613] qdwin: cursor-sprite registered shape=zoom-in hotspot=11,10
Oct 04 10:02:05 baseweed-admin qdistro-cursor-sprites[1034]: [cursor-sprites 1034] registered shape=34 via=xcursor
Oct 04 10:02:05 baseweed-admin qdistro-cursor-sprites[1034]: [cursor-sprites 1034] registered shape=35 via=xcursor
Oct 04 10:02:05 baseweed-admin weston[938]: [10:02:05.613] qdwin: cursor-sprite registered shape=zoom-out hotspot=11,10
Oct 04 10:02:05 baseweed-admin weston[938]: [10:02:05.613] qdwin: cursor-sprite registered shape=dnd-ask hotspot=3,1
Oct 04 10:02:05 baseweed-admin qdistro-cursor-sprites[1034]: [cursor-sprites 1034] registered shape=36 via=xcursor
Oct 04 10:02:05 baseweed-admin qdistro-cursor-sprites[1034]: [cursor-sprites 1034] theme summary: xcursor=36 synthetic=0
Oct 04 10:02:05 baseweed-admin weston[938]: [10:02:05.614] qdwin: cursor-sprite registered shape=all-resize hotspot=12,11
Oct 04 10:02:05 baseweed-admin qdistro-cursor-sprites[1034]: [cursor-sprites 1034] registration complete; pausing on signalfd (SIGTERM exits cleanly)
Oct 04 10:02:05 baseweed-admin dbus-run-session[1036]: No running instances for "/usr/share/quickshell/qdshell/shell.qml"
Oct 04 10:02:05 baseweed-admin dbus-run-session[1036]:   INFO: Launching config: "/usr/share/quickshell/qdshell/shell.qml"
Oct 04 10:02:05 baseweed-admin dbus-run-session[1036]:   INFO: Shell ID: "0d0d1ceeb7f0392fec595c8531945b05" Path ID "0d0d1ceeb7f0392fec595c8531945b05"
Oct 04 10:02:05 baseweed-admin dbus-run-session[1036]:   INFO: Saving logs to "/run/user/1000/quickshell/by-id/sshvndmt/log.qslog"
Oct 04 10:02:05 baseweed-admin systemd[853]: Started qdistro screen locker (qdlocker).
Oct 04 10:02:05 baseweed-admin systemd[853]: Reached target qdistro desktop session (qdwin compositor + qdshell).
Oct 04 10:02:05 baseweed-admin systemd[853]: Reached target Main User Target.
Oct 04 10:02:05 baseweed-admin systemd[853]: Startup finished in 2.810s.
Oct 04 10:02:06 baseweed-admin dbus-run-session[1036]: MESA-EGL: warning: failed to get driver name for fd -1
Oct 04 10:02:06 baseweed-admin dbus-run-session[1036]: MESA-EGL: warning: MESA-LOADER: failed to retrieve device information
Oct 04 10:02:06 baseweed-admin dbus-run-session[1036]: MESA-EGL: warning: failed to get driver name for fd -1
Oct 04 10:02:06 baseweed-admin dbus-run-session[1036]: MESA: error: ZINK: failed to choose pdev
Oct 04 10:02:06 baseweed-admin dbus-run-session[1036]: MESA-EGL: warning: egl: failed to create dri2 screen
Oct 04 10:02:06 baseweed-admin qdlocker[1039]: 2026-10-04 10:02:06,228 qdlocker.app INFO using built-in defaults (no trusted config file found)
Oct 04 10:02:06 baseweed-admin qdlocker[1039]: 2026-10-04 10:02:06,266 qdlocker.auth INFO PAM service from env: qdlocker
Oct 04 10:02:06 baseweed-admin weston[938]: [10:02:06.594] qdwin: locker bind attempt pid=1039 uid=1000 (allowed_locker_uid=1000)
Oct 04 10:02:06 baseweed-admin weston[938]: [10:02:06.594] qdwin: locker bound pid=1039 uid=1000 (initially_locked=0)
Oct 04 10:02:06 baseweed-admin qdlocker[1039]: 2026-10-04 10:02:06,594 qdlocker.wayland INFO locker connected
Oct 04 10:02:06 baseweed-admin qdlocker[1039]: 2026-10-04 10:02:06,599 qdlocker.idle INFO idle watcher started; timeout=300000ms
Oct 04 10:02:06 baseweed-admin qdlocker[1039]: 2026-10-04 10:02:06,602 qdlocker.ctrl INFO ctrl socket at /run/user/1000/qdlocker.sock
Oct 04 10:02:06 baseweed-admin qdlocker[1039]: 2026-10-04 10:02:06,606 qdlocker.app INFO locker bound; initially_locked=False
Oct 04 10:02:06 baseweed-admin qdlocker[1039]: 2026-10-04 10:02:06,701 qdlocker.logind INFO logind sleep delay-inhibitor acquired (fd=20)
Oct 04 10:02:06 baseweed-admin qdlocker[1039]: 2026-10-04 10:02:06,703 qdlocker.logind WARNING cannot identify one owned active Wayland session (0 candidates); session lock unavailable
Oct 04 10:02:06 baseweed-admin qdlocker[1039]: 2026-10-04 10:02:06,704 qdlocker.logind INFO logind automatic sleep locking ready; session=None
Oct 04 10:02:23 baseweed-admin dbus-run-session[1036]:   INFO qml: [20261004-100223]           I18n Service started
Oct 04 10:02:23 baseweed-admin dbus-run-session[1036]:   INFO qml: [20261004-100223]           I18n Loading "en" (locale: "en-Latn-US")
Oct 04 10:02:23 baseweed-admin dbus-run-session[1036]:   INFO qml: [20261004-100223]          Shell ---------------------------
Oct 04 10:02:23 baseweed-admin dbus-run-session[1036]:   INFO qml: [20261004-100223]          Shell Qdshell Hello!
Oct 04 10:02:23 baseweed-admin dbus-run-session[1036]:   WARN scene: @Commons/I18n.qml[104:5]: Unable to assign QJSValue to QObject*
Oct 04 10:02:23 baseweed-admin dbus-run-session[1036]:   INFO: Configuration Loaded
Oct 04 10:02:23 baseweed-admin dbus-run-session[1036]:   WARN scene: @Commons/I18n.qml[104:5]: Unable to assign QJSValue to QObject*
Oct 04 10:02:23 baseweed-admin dbus-run-session[1036]:   INFO qml: [20261004-100223]       Settings Settings loaded
Oct 04 10:02:23 baseweed-admin dbus-run-session[1036]:   INFO qml: [20261004-100223]           I18n Loaded translations for "en"
Oct 04 10:02:23 baseweed-admin dbus-run-session[1036]:   INFO qml: [20261004-100223] PluginRegistry Loaded plugin states from: /home/admin/.config/qdshell/plugins.json
Oct 04 10:02:23 baseweed-admin dbus-run-session[1036]:   INFO qml: [20261004-100223] PluginRegistry Scanning plugin folder: /home/admin/.config/qdshell/plugins
Oct 04 10:02:23 baseweed-admin dbus-run-session[1036]:   INFO qml: [20261004-100223]          Icons Service started
Oct 04 10:02:23 baseweed-admin dbus-run-session[1036]:   INFO: ctrl-server: listening on /run/user/1000/qdshell.sock
Oct 04 10:02:23 baseweed-admin dbus-run-session[1036]:   WARN scene: QML Connections at @Services/Hardware/BrightnessService.qml[66:3]: Detected function "onEnableDdcSupportChanged" in Connections element. This is probably intended to be a signal handler but no signal of the target matches the name.
Oct 04 10:02:23 baseweed-admin dbus-run-session[1036]:   INFO qml: [20261004-100223]     Brightness Service started
Oct 04 10:02:24 baseweed-admin dbus-run-session[1036]:   INFO qml: [20261004-100224] DesktopWidgetR Service started
Oct 04 10:02:24 baseweed-admin dbus-run-session[1036]:   WARN scene: QML Connections at @Services/UI/BarService.qml[147:3]: Detected function "onDisplayModeChanged" in Connections element. This is probably intended to be a signal handler but no signal of the target matches the name.
Oct 04 10:02:24 baseweed-admin dbus-run-session[1036]:   WARN scene: QML Connections at @Services/UI/BarService.qml[147:3]: Detected function "onScreenOverridesChanged" in Connections element. This is probably intended to be a signal handler but no signal of the target matches the name.
Oct 04 10:02:24 baseweed-admin dbus-run-session[1036]:   INFO qml: [20261004-100224]     BarService Service started
Oct 04 10:02:24 baseweed-admin dbus-run-session[1036]:   WARN scene: QML Connections at @Services/Networking/NetworkService.qml[73:3]: Detected function "onWifiEnabledChanged" in Connections element. This is probably intended to be a signal handler but no signal of the target matches the name.
Oct 04 10:02:24 baseweed-admin dbus-run-session[1036]:   INFO qml: [20261004-100224]        Network Service started
Oct 04 10:02:24 baseweed-admin dbus-run-session[1036]:   WARN scene: QML Connections at @Modules/Panels/Dock/StaticDockPanel.qml[350:3]: Detected function "onPinnedAppsChanged" in Connections element. This is probably intended to be a signal handler but no signal of the target matches the name.
Oct 04 10:02:24 baseweed-admin dbus-run-session[1036]:   WARN scene: QML Connections at @Modules/Panels/Dock/StaticDockPanel.qml[350:3]: Detected function "onOnlySameOutputChanged" in Connections element. This is probably intended to be a signal handler but no signal of the target matches the name.
Oct 04 10:02:24 baseweed-admin dbus-run-session[1036]:   WARN scene: QML Connections at @Services/System/SystemStatService.qml[320:3]: Detected function "onEnableDgpuMonitoringChanged" in Connections element. This is probably intended to be a signal handler but no signal of the target matches the name.
Oct 04 10:02:24 baseweed-admin dbus-run-session[1036]:   INFO qml: [20261004-100224]     SystemStat Service started (polling deferred until a consumer registers).
Oct 04 10:02:24 baseweed-admin dbus-run-session[1036]:   WARN scene: QML Connections at @Modules/Panels/Dock/StaticDockPanel.qml[350:3]: Detected function "onPinnedAppsChanged" in Connections element. This is probably intended to be a signal handler but no signal of the target matches the name.
Oct 04 10:02:24 baseweed-admin dbus-run-session[1036]:   WARN scene: QML Connections at @Modules/Panels/Dock/StaticDockPanel.qml[350:3]: Detected function "onOnlySameOutputChanged" in Connections element. This is probably intended to be a signal handler but no signal of the target matches the name.
Oct 04 10:02:24 baseweed-admin systemd[853]: qdistro-polkit-agent.service: Scheduled restart job, restart counter is at 1.
Oct 04 10:02:24 baseweed-admin dbus-run-session[1036]:   WARN scene: QML Connections at @Modules/Panels/Dock/StaticDockPanel.qml[350:3]: Detected function "onPinnedAppsChanged" in Connections element. This is probably intended to be a signal handler but no signal of the target matches the name.
Oct 04 10:02:24 baseweed-admin dbus-run-session[1036]:   WARN scene: QML Connections at @Modules/Panels/Dock/StaticDockPanel.qml[350:3]: Detected function "onOnlySameOutputChanged" in Connections element. This is probably intended to be a signal handler but no signal of the target matches the name.
Oct 04 10:02:24 baseweed-admin systemd[853]: Started qdistro polkit authentication agent (PAM / fprintd / broker).
Oct 04 10:02:24 baseweed-admin dbus-run-session[1036]:   WARN scene: QML Connections at @Services/UI/WallpaperService.qml[140:3]: Detected function "onWallpaperDownloaded" in Connections element. This is probably intended to be a signal handler but no signal of the target matches the name.
Oct 04 10:02:24 baseweed-admin dbus-run-session[1036]:   WARN scene: QML Connections at @Services/UI/WallpaperService.qml[61:3]: Detected function "onDirectoryChanged" in Connections element. This is probably intended to be a signal handler but no signal of the target matches the name.
Oct 04 10:02:24 baseweed-admin dbus-run-session[1036]:   WARN scene: QML Connections at @Services/UI/WallpaperService.qml[61:3]: Detected function "onEnableMultiMonitorDirectoriesChanged" in Connections element. This is probably intended to be a signal handler but no signal of the target matches the name.
Oct 04 10:02:24 baseweed-admin dbus-run-session[1036]:   WARN scene: QML Connections at @Services/UI/WallpaperService.qml[61:3]: Detected function "onAutomationEnabledChanged" in Connections element. This is probably intended to be a signal handler but no signal of the target matches the name.
Oct 04 10:02:24 baseweed-admin dbus-run-session[1036]:   WARN scene: QML Connections at @Services/UI/WallpaperService.qml[61:3]: Detected function "onRandomIntervalSecChanged" in Connections element. This is probably intended to be a signal handler but no signal of the target matches the name.
Oct 04 10:02:24 baseweed-admin dbus-run-session[1036]:   WARN scene: QML Connections at @Services/UI/WallpaperService.qml[61:3]: Detected function "onWallpaperChangeModeChanged" in Connections element. This is probably intended to be a signal handler but no signal of the target matches the name.
Oct 04 10:02:24 baseweed-admin dbus-run-session[1036]:   WARN scene: QML Connections at @Services/UI/WallpaperService.qml[61:3]: Detected function "onViewModeChanged" in Connections element. This is probably intended to be a signal handler but no signal of the target matches the name.
Oct 04 10:02:24 baseweed-admin dbus-run-session[1036]:   WARN scene: QML Connections at @Services/UI/WallpaperService.qml[61:3]: Detected function "onShowHiddenFilesChanged" in Connections element. This is probably intended to be a signal handler but no signal of the target matches the name.
Oct 04 10:02:24 baseweed-admin dbus-run-session[1036]:   WARN scene: QML Connections at @Services/UI/WallpaperService.qml[61:3]: Detected function "onUseSolidColorChanged" in Connections element. This is probably intended to be a signal handler but no signal of the target matches the name.
Oct 04 10:02:24 baseweed-admin dbus-run-session[1036]:   WARN scene: QML Connections at @Services/UI/WallpaperService.qml[61:3]: Detected function "onSolidColorChanged" in Connections element. This is probably intended to be a signal handler but no signal of the target matches the name.
Oct 04 10:02:24 baseweed-admin dbus-run-session[1036]:   WARN scene: QML Connections at @Services/UI/WallpaperService.qml[61:3]: Detected function "onSortOrderChanged" in Connections element. This is probably intended to be a signal handler but no signal of the target matches the name.
Oct 04 10:02:24 baseweed-admin dbus-run-session[1036]:   WARN scene: QML Connections at @Modules/Background/Background.qml[80:7]: Detected function "onFillModeChanged" in Connections element. This is probably intended to be a signal handler but no signal of the target matches the name.
Oct 04 10:02:24 baseweed-admin dbus-run-session[1036]:   WARN scene: QML Connections at @Modules/Background/Background.qml[80:7]: Detected function "onFillModeChanged" in Connections element. This is probably intended to be a signal handler but no signal of the target matches the name.
Oct 04 10:02:24 baseweed-admin dbus-run-session[1036]:   WARN scene: QML Connections at @Modules/Background/Background.qml[80:7]: Detected function "onFillModeChanged" in Connections element. This is probably intended to be a signal handler but no signal of the target matches the name.
Oct 04 10:02:24 baseweed-admin dbus-run-session[1036]:   WARN scene: QML Connections at @Modules/Dock/Dock.qml[45:7]: Detected function "onPinnedAppsChanged" in Connections element. This is probably intended to be a signal handler but no signal of the target matches the name.
Oct 04 10:02:24 baseweed-admin dbus-run-session[1036]:   WARN scene: QML Connections at @Modules/Dock/Dock.qml[45:7]: Detected function "onOnlySameOutputChanged" in Connections element. This is probably intended to be a signal handler but no signal of the target matches the name.
Oct 04 10:02:24 baseweed-admin dbus-run-session[1036]:   WARN scene: QML Connections at @Modules/Dock/Dock.qml[45:7]: Detected function "onPinnedAppsChanged" in Connections element. This is probably intended to be a signal handler but no signal of the target matches the name.
Oct 04 10:02:24 baseweed-admin dbus-run-session[1036]:   WARN scene: QML Connections at @Modules/Dock/Dock.qml[45:7]: Detected function "onOnlySameOutputChanged" in Connections element. This is probably intended to be a signal handler but no signal of the target matches the name.
Oct 04 10:02:24 baseweed-admin dbus-run-session[1036]:   WARN scene: QML Connections at @Modules/Dock/Dock.qml[45:7]: Detected function "onPinnedAppsChanged" in Connections element. This is probably intended to be a signal handler but no signal of the target matches the name.
Oct 04 10:02:24 baseweed-admin dbus-run-session[1036]:   WARN scene: QML Connections at @Modules/Dock/Dock.qml[45:7]: Detected function "onOnlySameOutputChanged" in Connections element. This is probably intended to be a signal handler but no signal of the target matches the name.
Oct 04 10:02:24 baseweed-admin dbus-run-session[1036]:   INFO qml: [20261004-100224]          Shell ---------------------------
Oct 04 10:02:24 baseweed-admin dbus-run-session[1036]:   INFO qml: [20261004-100224]      Wallpaper Service started
Oct 04 10:02:24 baseweed-admin dbus-run-session[1036]:   INFO qml: [20261004-100224]     ImageCache Service started
Oct 04 10:02:24 baseweed-admin dbus-run-session[1036]:   WARN scene: QML Connections at @Services/Theming/AppThemeService.qml[30:3]: Detected function "onDarkModeChanged" in Connections element. This is probably intended to be a signal handler but no signal of the target matches the name.
Oct 04 10:02:24 baseweed-admin dbus-run-session[1036]:   WARN scene: QML Connections at @Services/Theming/AppThemeService.qml[30:3]: Detected function "onMonitorForColorsChanged" in Connections element. This is probably intended to be a signal handler but no signal of the target matches the name.
Oct 04 10:02:24 baseweed-admin dbus-run-session[1036]:   WARN scene: QML Connections at @Services/Theming/AppThemeService.qml[30:3]: Detected function "onGenerationMethodChanged" in Connections element. This is probably intended to be a signal handler but no signal of the target matches the name.
Oct 04 10:02:24 baseweed-admin dbus-run-session[1036]:   INFO qml: [20261004-100224] AppThemeServic Service started
Oct 04 10:02:24 baseweed-admin dbus-run-session[1036]:   WARN scene: QML Connections at @Services/Theming/ColorSchemeService.qml[20:3]: Detected function "onDarkModeChanged" in Connections element. This is probably intended to be a signal handler but no signal of the target matches the name.
Oct 04 10:02:24 baseweed-admin dbus-run-session[1036]:   INFO qml: [20261004-100224]    ColorScheme Service started
Oct 04 10:02:24 baseweed-admin dbus-run-session[1036]:   INFO qml: [20261004-100224] AppPresentatio Service started
Oct 04 10:02:24 baseweed-admin dbus-run-session[1036]:   WARN scene: QML Connections at @Services/Location/DarkModeService.qml[43:3]: Detected function "onSchedulingModeChanged" in Connections element. This is probably intended to be a signal handler but no signal of the target matches the name.
Oct 04 10:02:24 baseweed-admin dbus-run-session[1036]:   WARN scene: QML Connections at @Services/Location/DarkModeService.qml[28:3]: Detected function "onManualSunriseChanged" in Connections element. This is probably intended to be a signal handler but no signal of the target matches the name.
Oct 04 10:02:24 baseweed-admin dbus-run-session[1036]:   WARN scene: QML Connections at @Services/Location/DarkModeService.qml[28:3]: Detected function "onManualSunsetChanged" in Connections element. This is probably intended to be a signal handler but no signal of the target matches the name.
Oct 04 10:02:24 baseweed-admin dbus-run-session[1036]:   INFO qml: [20261004-100224] DarkModeServic Service started
Oct 04 10:02:24 baseweed-admin dbus-run-session[1036]:   WARN scene: @Services/Location/DarkModeService.qml[29:5]: Unable to assign QJSValue to QObject*
Oct 04 10:02:24 baseweed-admin dbus-run-session[1036]:   WARN scene: @Services/Location/DarkModeService.qml[44:5]: Unable to assign QJSValue to QObject*
Oct 04 10:02:24 baseweed-admin dbus-run-session[1036]:   WARN scene: @Services/Theming/ColorSchemeService.qml[21:5]: Unable to assign QJSValue to QObject*
Oct 04 10:02:24 baseweed-admin dbus-run-session[1036]:   WARN scene: @Services/Theming/AppThemeService.qml[31:5]: Unable to assign QJSValue to QObject*
Oct 04 10:02:24 baseweed-admin dbus-run-session[1036]:   WARN scene: @Modules/Dock/Dock.qml[46:9]: Unable to assign QJSValue to QObject*
Oct 04 10:02:24 baseweed-admin dbus-run-session[1036]:   WARN scene: @Modules/Dock/Dock.qml[46:9]: Unable to assign QJSValue to QObject*
Oct 04 10:02:24 baseweed-admin dbus-run-session[1036]:   WARN scene: @Modules/Dock/Dock.qml[46:9]: Unable to assign QJSValue to QObject*
Oct 04 10:02:24 baseweed-admin dbus-run-session[1036]:   WARN scene: @Modules/Background/Background.qml[81:9]: Unable to assign QJSValue to QObject*
Oct 04 10:02:24 baseweed-admin dbus-run-session[1036]:   WARN scene: @Modules/Background/Background.qml[81:9]: Unable to assign QJSValue to QObject*
Oct 04 10:02:24 baseweed-admin dbus-run-session[1036]:   WARN scene: @Modules/Background/Background.qml[81:9]: Unable to assign QJSValue to QObject*
Oct 04 10:02:24 baseweed-admin dbus-run-session[1036]:   WARN scene: @Services/UI/WallpaperService.qml[62:5]: Unable to assign QJSValue to QObject*
Oct 04 10:02:24 baseweed-admin dbus-run-session[1036]:   WARN scene: @Modules/Panels/SessionMenu/SessionMenu.qml[152:5]: Unable to assign QJSValue to QObject*
Oct 04 10:02:24 baseweed-admin dbus-run-session[1036]:   WARN scene: @Modules/Panels/Dock/StaticDockPanel.qml[351:5]: Unable to assign QJSValue to QObject*
Oct 04 10:02:24 baseweed-admin dbus-run-session[1036]:   WARN scene: @Modules/Panels/SessionMenu/SessionMenu.qml[152:5]: Unable to assign QJSValue to QObject*
Oct 04 10:02:24 baseweed-admin dbus-run-session[1036]:   WARN scene: @Modules/Panels/Dock/StaticDockPanel.qml[351:5]: Unable to assign QJSValue to QObject*
Oct 04 10:02:24 baseweed-admin dbus-run-session[1036]:   WARN scene: @Services/System/SystemStatService.qml[321:5]: Unable to assign QJSValue to QObject*
Oct 04 10:02:24 baseweed-admin dbus-run-session[1036]:   WARN scene: @Modules/Panels/SessionMenu/SessionMenu.qml[152:5]: Unable to assign QJSValue to QObject*
Oct 04 10:02:24 baseweed-admin dbus-run-session[1036]:   WARN scene: @Services/Networking/NetworkService.qml[74:5]: Unable to assign QJSValue to QObject*
Oct 04 10:02:24 baseweed-admin dbus-run-session[1036]:   WARN scene: @Modules/Panels/Dock/StaticDockPanel.qml[351:5]: Unable to assign QJSValue to QObject*
Oct 04 10:02:24 baseweed-admin dbus-run-session[1036]:   WARN scene: @Services/UI/BarService.qml[148:5]: Unable to assign QJSValue to QObject*
Oct 04 10:02:24 baseweed-admin dbus-run-session[1036]:   WARN scene: @Services/Hardware/BrightnessService.qml[67:5]: Unable to assign QJSValue to QObject*
Oct 04 10:02:24 baseweed-admin dbus-run-session[1036]:   INFO qml: [20261004-100224]      Wallpaper Starting scan for Virtual-1 in /home/admin/Pictures/Wallpapers recursive: false
Oct 04 10:02:24 baseweed-admin dbus-run-session[1036]:   INFO qml: [20261004-100224]      Wallpaper Starting scan for pipewire-0 in /home/admin/Pictures/Wallpapers recursive: false
Oct 04 10:02:24 baseweed-admin dbus-run-session[1036]:   INFO qml: [20261004-100224]      Wallpaper Starting scan for pipewire-1 in /home/admin/Pictures/Wallpapers recursive: false
Oct 04 10:02:24 baseweed-admin dbus-run-session[1036]:   INFO qml: [20261004-100224]       Location Service started
Oct 04 10:02:24 baseweed-admin dbus-run-session[1036]:   WARN scene: QML Connections at @Services/Location/NightLightService.qml[96:3]: Detected function "onEnabledChanged" in Connections element. This is probably intended to be a signal handler but no signal of the target matches the name.
Oct 04 10:02:24 baseweed-admin dbus-run-session[1036]:   WARN scene: QML Connections at @Services/Location/NightLightService.qml[96:3]: Detected function "onForcedChanged" in Connections element. This is probably intended to be a signal handler but no signal of the target matches the name.
Oct 04 10:02:24 baseweed-admin dbus-run-session[1036]:   WARN scene: QML Connections at @Services/Location/NightLightService.qml[96:3]: Detected function "onNightTempChanged" in Connections element. This is probably intended to be a signal handler but no signal of the target matches the name.
Oct 04 10:02:24 baseweed-admin dbus-run-session[1036]:   WARN scene: QML Connections at @Services/Location/NightLightService.qml[96:3]: Detected function "onDayTempChanged" in Connections element. This is probably intended to be a signal handler but no signal of the target matches the name.
Oct 04 10:02:24 baseweed-admin qdistro-polkit-agent[1075]: registration failed: org.freedesktop.PolicyKit1.Error.Failed: Cannot determine session the caller is in
Oct 04 10:02:24 baseweed-admin python3[1075]: qdistro-polkit-agent: registration failed: org.freedesktop.PolicyKit1.Error.Failed: Cannot determine session the caller is in
Oct 04 10:02:24 baseweed-admin dbus-run-session[1036]:   WARN scene: QML Connections at @Services/Control/HooksService.qml[16:3]: Detected function "onDarkModeChanged" in Connections element. This is probably intended to be a signal handler but no signal of the target matches the name.
Oct 04 10:02:24 baseweed-admin dbus-run-session[1036]:   INFO qml: [20261004-100224]   HooksService Service started
Oct 04 10:02:24 baseweed-admin dbus-run-session[1036]:   WARN quickshell.dbus.objectmanager: Failed to create DBusObjectManagerInterface for "org.bluez" "/" : QDBusError("org.freedesktop.DBus.Error.ServiceUnknown", "The name is not activatable")
Oct 04 10:02:24 baseweed-admin dbus-run-session[1036]:   INFO qml: [20261004-100224]      Bluetooth Service started
Oct 04 10:02:24 baseweed-admin dbus-run-session[1036]:   INFO qml: [20261004-100224]  IdleInhibitor Service started
Oct 04 10:02:24 baseweed-admin dbus-run-session[1036]:   INFO qml: [20261004-100224] CapabilityServ qdwin live-apply capabilities: pointer=false xkb=false wm=false output=false workspace=false idleDpms=false keybind=false
Oct 04 10:02:24 baseweed-admin dbus-run-session[1036]:   INFO qml: [20261004-100224]   PowerService Service started
Oct 04 10:02:24 baseweed-admin systemd[853]: qdistro-polkit-agent.service: Main process exited, code=exited, status=1/FAILURE
Oct 04 10:02:24 baseweed-admin systemd[853]: qdistro-polkit-agent.service: Failed with result 'exit-code'.
Oct 04 10:02:24 baseweed-admin dbus-run-session[1036]:   INFO qml: [20261004-100224] AccessibilityS Service started
Oct 04 10:02:24 baseweed-admin dbus-run-session[1036]:   INFO qml: [20261004-100224]  KeyboardInput Service started
Oct 04 10:02:24 baseweed-admin dbus-run-session[1036]:   INFO qml: [20261004-100224] PointerInputSe Service started (qdwin live-apply: persist-only until shell binds >= v28)
Oct 04 10:02:24 baseweed-admin dbus-run-session[1036]:   INFO qml: [20261004-100224] WindowManagerS Service started (qdwin v25 live-apply: false, shortcuts: false)
Oct 04 10:02:24 baseweed-admin dbus-run-session[1036]:   INFO qml: [20261004-100224] SessionService started; saved=0 canApplyPlacement=false
Oct 04 10:02:24 baseweed-admin dbus-run-session[1036]:   INFO qml: [20261004-100224]    HostService Service started
Oct 04 10:02:24 baseweed-admin dbus-run-session[1036]:   INFO qml: [20261004-100224] CustomButtonIP Service started
Oct 04 10:02:24 baseweed-admin dbus-run-session[1036]:   INFO qml: [20261004-100224]     IPCService Service started
Oct 04 10:02:24 baseweed-admin dbus-run-session[1036]:   INFO qml: [20261004-100224]        PodApps service started
Oct 04 10:02:24 baseweed-admin dbus-run-session[1036]:   INFO qml: [20261004-100224]         VMApps service started
Oct 04 10:02:24 baseweed-admin dbus-run-session[1036]:   INFO qml: [20261004-100224]      Tier3Apps service started
Oct 04 10:02:24 baseweed-admin dbus-run-session[1036]:   INFO qml: [20261004-100224]     Tier3sApps service started
Oct 04 10:02:24 baseweed-admin dbus-run-session[1036]:   INFO qml: [20261004-100224]      Tier4Apps service started
Oct 04 10:02:24 baseweed-admin dbus-run-session[1036]:   INFO qml: [20261004-100224] RemoteMachineW service started
Oct 04 10:02:24 baseweed-admin dbus-run-session[1036]:   INFO qml: [20261004-100224]  Tier3FocusIPC service started
Oct 04 10:02:24 baseweed-admin dbus-run-session[1036]:   WARN quickshell.dbus: Could not launch service org.freedesktop.UPower.PowerProfiles: QDBusError(org.freedesktop.DBus.Error.ServiceUnknown, The name is not activatable)
Oct 04 10:02:24 baseweed-admin dbus-run-session[1036]:   WARN quickshell.service.powerprofiles: Could not start PowerProfilesDaemon. The PowerProfiles service will not work.
Oct 04 10:02:24 baseweed-admin weston[938]: [10:02:24.831] qdwin: bind attempt pid=1036 uid=1000 (allowed_uid=1000)
Oct 04 10:02:24 baseweed-admin weston[938]: [10:02:24.831] qdwin: bind accepted for uid=1000, hello sent
Oct 04 10:02:24 baseweed-admin weston[938]: [10:02:24.831] qdwin: ext_workspace_manager bound (count=4 active=0)
Oct 04 10:02:24 baseweed-admin weston[938]: [10:02:24.831] qdwin: zwlr_output_manager bound (serial=1)
Oct 04 10:02:24 baseweed-admin weston[938]: [10:02:24.831] qdwin: shell bound (uid=1000 pid=1036); replaying 0 toplevels
Oct 04 10:02:24 baseweed-admin weston[938]: [10:02:24.831] qdwin: seat_focus_changed seat=default handle=4294967295
Oct 04 10:02:24 baseweed-admin dbus-run-session[1036]:   INFO qml: [20261004-100224]          Qdwin qdwin_shell_v1 bound v34
Oct 04 10:02:24 baseweed-admin dbus-run-session[1036]:   INFO qml: [20261004-100224]  ClipboardGate wired to qdwin_shell_v1; broker default=deny
Oct 04 10:02:24 baseweed-admin weston[938]: [10:02:24.836] qdwin: workspace 0 name="1"
Oct 04 10:02:24 baseweed-admin weston[938]: [10:02:24.836] qdwin: workspace 1 name="2"
Oct 04 10:02:24 baseweed-admin weston[938]: [10:02:24.836] qdwin: workspace 2 name="3"
Oct 04 10:02:24 baseweed-admin weston[938]: [10:02:24.836] qdwin: workspace 3 name="4"
Oct 04 10:02:24 baseweed-admin weston[938]: [10:02:24.836] qdwin: set_wm_policy focus=0 ffm_delay=0 raise_click=1 raise_hover=0 placement=2 snap=1 dist=16
Oct 04 10:02:24 baseweed-admin dbus-run-session[1036]:   INFO qml: [20261004-100224] WindowManagerS applied WM policy focus=click placement=smart snap=true/16
Oct 04 10:02:24 baseweed-admin dbus-run-session[1036]:   INFO qml: [20261004-100224] CapabilityServ wmPolicy -> true
Oct 04 10:02:24 baseweed-admin weston[938]: [10:02:24.837] qdwin: register_hotkey id=7101 mods=0x2 key=62
Oct 04 10:02:24 baseweed-admin weston[938]: [10:02:24.837] qdwin: register_hotkey id=7102 mods=0x4 key=103
Oct 04 10:02:24 baseweed-admin weston[938]: [10:02:24.837] qdwin: register_hotkey id=7103 mods=0x4 key=33
Oct 04 10:02:24 baseweed-admin weston[938]: [10:02:24.837] qdwin: register_hotkey id=7104 mods=0x4 key=105
Oct 04 10:02:24 baseweed-admin weston[938]: [10:02:24.837] qdwin: register_hotkey id=7105 mods=0x4 key=106
Oct 04 10:02:24 baseweed-admin dbus-run-session[1036]:   INFO qml: [20261004-100224] WindowManagerS registered WM shortcuts (5 active)
Oct 04 10:02:24 baseweed-admin dbus-run-session[1036]:   INFO qml: [20261004-100224] CapabilityServ keybindRegistration -> true
Oct 04 10:02:24 baseweed-admin weston[938]: [10:02:24.838] qdwin: set_pointer_config accel=0 profile=0 natural=0 tap=1 left=0 middle=0 dwt=1 scroll=1 (6 devices)
Oct 04 10:02:24 baseweed-admin dbus-run-session[1036]:   INFO qml: [20261004-100224] PointerInputSe applied pointer config accelSpeed=0 profile=0 natural=0 tap=1 scroll=1
Oct 04 10:02:24 baseweed-admin dbus-run-session[1036]:   INFO qml: [20261004-100224] CapabilityServ pointerConfig -> true
Oct 04 10:02:24 baseweed-admin weston[938]: [10:02:24.839] qdwin: set_key_repeat rate=25 delay=500
Oct 04 10:02:24 baseweed-admin dbus-run-session[1036]:   INFO qml: [20261004-100224]  KeyboardInput applied qdwin key-repeat rate=25 delay=500
Oct 04 10:02:24 baseweed-admin dbus-run-session[1036]:   INFO qml: [20261004-100224] CapabilityServ xkbRepeat -> true
Oct 04 10:02:24 baseweed-admin dbus-run-session[1036]:   INFO qml: [20261004-100224]   PowerService idle policy armed: inactivity=0ms (nothing), displayOff=0ms, presentation=false
Oct 04 10:02:24 baseweed-admin dbus-run-session[1036]:   INFO qml: [20261004-100224] CapabilityServ idleDpms -> true
Oct 04 10:02:24 baseweed-admin dbus-run-session[1036]:   INFO qml: [20261004-100224] CapabilityServ outputManagement -> true
Oct 04 10:02:25 baseweed-admin dbus-run-session[1036]:   WARN qml: [20261004-100225]       Location Weather is still fetching
Oct 04 10:02:25 baseweed-admin dbus-run-session[1036]:   WARN quickshell.dbus: Could not launch service org.freedesktop.UPower: QDBusError(org.freedesktop.DBus.Error.ServiceUnknown, The name is not activatable)
Oct 04 10:02:25 baseweed-admin dbus-run-session[1036]:   WARN quickshell.service.upower: Could not start UPower. The UPower service will not work.
Oct 04 10:02:25 baseweed-admin dbus-run-session[1036]:   INFO qml: [20261004-100225]    HostService Detected openSUSE Tumbleweed
Oct 04 10:02:25 baseweed-admin dbus-run-session[1036]:   INFO qml: [20261004-100225]    HostService Looking for logo icon: distributor-logo-Tumbleweed
Oct 04 10:02:25 baseweed-admin dbus-run-session[1036]:   INFO qml: [20261004-100225]    HostService resolved hostname baseweed-admin
Oct 04 10:02:25 baseweed-admin dbus-run-session[1036]:   WARN: Process failed to start, likely because the binary could not be found. Command: QList("bluetoothctl", "show")
Oct 04 10:02:25 baseweed-admin dbus-run-session[1036]:   WARN: Process failed to start, likely because the binary could not be found. Command: QList("udisksctl", "monitor")
Oct 04 10:02:25 baseweed-admin weston[938]: [10:02:25.136] qdwin: layer-shell get_layer_surface ns=qdshell-background-Virtual-1 layer=2 output=0x55feeac64b00
Oct 04 10:02:25 baseweed-admin weston[938]: [10:02:25.137] qdwin: layer-shell configure ns=qdshell-background-Virtual-1 layer=2 box=0,0 1920x1080 serial=1
Oct 04 10:02:25 baseweed-admin weston[938]: [10:02:25.137] qdwin: layer-shell get_layer_surface ns=qdshell-bar-content-Virtual-1 layer=2 output=0x55feeac64b00
Oct 04 10:02:25 baseweed-admin weston[938]: [10:02:25.137] qdwin: layer-shell configure ns=qdshell-bar-content-Virtual-1 layer=2 box=0,0 1920x31 serial=2
Oct 04 10:02:25 baseweed-admin weston[938]: [10:02:25.137] qdwin: layer-shell get_layer_surface ns=qdshell-bar-exclusion-top-Virtual-1 layer=2 output=0x55feeac64b00
Oct 04 10:02:25 baseweed-admin weston[938]: [10:02:25.137] qdwin: layer-shell configure ns=qdshell-bar-exclusion-top-Virtual-1 layer=2 box=0,0 1920x31 serial=3
Oct 04 10:02:25 baseweed-admin weston[938]: [10:02:25.137] qdwin: layer-shell get_layer_surface ns=qdshell-background-pipewire-0 layer=2 output=0x55feeac65f60
Oct 04 10:02:25 baseweed-admin weston[938]: [10:02:25.137] qdwin: layer-shell configure ns=qdshell-background-pipewire-0 layer=2 box=1920,0 640x480 serial=4
Oct 04 10:02:25 baseweed-admin weston[938]: [10:02:25.137] qdwin: layer-shell get_layer_surface ns=qdshell-bar-content-pipewire-0 layer=2 output=0x55feeac65f60
Oct 04 10:02:25 baseweed-admin weston[938]: [10:02:25.137] qdwin: layer-shell configure ns=qdshell-bar-content-pipewire-0 layer=2 box=1920,0 640x31 serial=5
Oct 04 10:02:25 baseweed-admin weston[938]: [10:02:25.137] qdwin: layer-shell get_layer_surface ns=qdshell-bar-exclusion-top-pipewire-0 layer=2 output=0x55feeac65f60
Oct 04 10:02:25 baseweed-admin weston[938]: [10:02:25.137] qdwin: layer-shell configure ns=qdshell-bar-exclusion-top-pipewire-0 layer=2 box=1920,0 640x31 serial=6
Oct 04 10:02:25 baseweed-admin weston[938]: [10:02:25.137] qdwin: layer-shell get_layer_surface ns=qdshell-background-pipewire-1 layer=2 output=0x55feeac8b8b0
Oct 04 10:02:25 baseweed-admin weston[938]: [10:02:25.137] qdwin: layer-shell configure ns=qdshell-background-pipewire-1 layer=2 box=2560,0 640x480 serial=7
Oct 04 10:02:25 baseweed-admin weston[938]: [10:02:25.137] qdwin: layer-shell get_layer_surface ns=qdshell-bar-content-pipewire-1 layer=2 output=0x55feeac8b8b0
Oct 04 10:02:25 baseweed-admin weston[938]: [10:02:25.137] qdwin: layer-shell configure ns=qdshell-bar-content-pipewire-1 layer=2 box=2560,0 640x31 serial=8
Oct 04 10:02:25 baseweed-admin weston[938]: [10:02:25.137] qdwin: layer-shell get_layer_surface ns=qdshell-bar-exclusion-top-pipewire-1 layer=2 output=0x55feeac8b8b0
Oct 04 10:02:25 baseweed-admin weston[938]: [10:02:25.137] qdwin: layer-shell configure ns=qdshell-bar-exclusion-top-pipewire-1 layer=2 box=2560,0 640x31 serial=9
Oct 04 10:02:25 baseweed-admin weston[938]: [10:02:25.137] qdwin: layer-shell get_layer_surface ns=qdshell-dock-peek-Virtual-1 layer=2 output=0x55feeac64b00
Oct 04 10:02:25 baseweed-admin weston[938]: [10:02:25.137] qdwin: layer-shell configure ns=qdshell-dock-peek-Virtual-1 layer=2 box=0,1079 1920x1 serial=10
Oct 04 10:02:25 baseweed-admin weston[938]: [10:02:25.137] qdwin: layer-shell get_layer_surface ns=qdshell-dock-peek-pipewire-0 layer=2 output=0x55feeac65f60
Oct 04 10:02:25 baseweed-admin weston[938]: [10:02:25.137] qdwin: layer-shell configure ns=qdshell-dock-peek-pipewire-0 layer=2 box=1920,479 640x1 serial=11
Oct 04 10:02:25 baseweed-admin weston[938]: [10:02:25.137] qdwin: layer-shell get_layer_surface ns=qdshell-dock-peek-pipewire-1 layer=2 output=0x55feeac8b8b0
Oct 04 10:02:25 baseweed-admin weston[938]: [10:02:25.137] qdwin: layer-shell configure ns=qdshell-dock-peek-pipewire-1 layer=2 box=2560,479 640x1 serial=12
Oct 04 10:02:25 baseweed-admin weston[938]: [10:02:25.137] qdwin: layer-shell get_layer_surface ns=qdshell-image-cache-renderer layer=2 output=(nil)
Oct 04 10:02:25 baseweed-admin weston[938]: [10:02:25.137] qdwin: layer-shell configure ns=qdshell-image-cache-renderer layer=2 box=960,540 1x1 serial=13
Oct 04 10:02:25 baseweed-admin dbus-run-session[1036]:  ERROR qml: [20261004-100225]       Location Geocoding error: 0
Oct 04 10:02:25 baseweed-admin dbus-run-session[1036]:   INFO qml: [20261004-100225] PluginRegistry All plugin manifests loaded. Total plugins: 0
Oct 04 10:02:25 baseweed-admin dbus-run-session[1036]:   INFO qml: [20261004-100225]  PluginService Initializing plugin system
Oct 04 10:02:25 baseweed-admin dbus-run-session[1036]:   INFO qml: [20261004-100225]  PluginService Found 0 enabled plugins: []
Oct 04 10:02:25 baseweed-admin dbus-run-session[1036]:   INFO qml: [20261004-100225]  PluginService No plugins to load
Oct 04 10:02:25 baseweed-admin dbus-run-session[1036]:   INFO qml: [20261004-100225]  PluginService Refreshing available plugins
Oct 04 10:02:25 baseweed-admin dbus-run-session[1036]:   WARN qml: [20261004-100225]     ImageCache ImageMagick not found, using Qt fallback
Oct 04 10:02:25 baseweed-admin dbus-run-session[1036]:   WARN qml: [20261004-100225]      Wallpaper Scan failed for Virtual-1 exit code: 1 (directory might not exist)
Oct 04 10:02:25 baseweed-admin dbus-run-session[1036]:   WARN qml: [20261004-100225]      Wallpaper Scan failed for pipewire-0 exit code: 1 (directory might not exist)
Oct 04 10:02:25 baseweed-admin dbus-run-session[1036]:   WARN qml: [20261004-100225]      Wallpaper Scan failed for pipewire-1 exit code: 1 (directory might not exist)
Oct 04 10:02:25 baseweed-admin dbus-run-session[1036]:   WARN qml: [20261004-100225]   PowerService Button monitor unavailable (exit 1); releasing key inhibitors, logind will handle power/sleep keys
Oct 04 10:02:25 baseweed-admin dbus-run-session[1036]:   INFO qml: [20261004-100225]  KeyboardInput applied qdwin key-repeat rate=25 delay=500
Oct 04 10:02:25 baseweed-admin weston[938]: [10:02:25.286] qdwin: set_key_repeat rate=25 delay=500
Oct 04 10:02:25 baseweed-admin dbus-run-session[1036]:   INFO qml: [20261004-100225] PointerInputSe enumerated 3 pointer device(s) via proc
Oct 04 10:02:25 baseweed-admin dbus-run-session[1036]:   INFO qml: [20261004-100225]        PodApps cache refresh loaded 0 apps
Oct 04 10:02:26 baseweed-admin weston[938]: [10:02:26.879] qdwin: layer-shell mapped ns=qdshell-background-Virtual-1 layer=2 at 0,0 1920x1080
Oct 04 10:02:27 baseweed-admin weston[938]: [10:02:27.136] qdwin: layer-shell mapped ns=qdshell-bar-content-Virtual-1 layer=2 at 0,0 1920x31
Oct 04 10:02:27 baseweed-admin systemd[853]: qdistro-polkit-agent.service: Scheduled restart job, restart counter is at 2.
Oct 04 10:02:27 baseweed-admin systemd[853]: Started qdistro polkit authentication agent (PAM / fprintd / broker).
Oct 04 10:02:28 baseweed-admin weston[938]: [10:02:28.140] qdwin: layer-shell mapped ns=qdshell-bar-exclusion-top-Virtual-1 layer=2 at 0,0 1920x31
Oct 04 10:02:28 baseweed-admin qdistro-polkit-agent[1244]: registration failed: org.freedesktop.PolicyKit1.Error.Failed: Cannot determine session the caller is in
Oct 04 10:02:28 baseweed-admin python3[1244]: qdistro-polkit-agent: registration failed: org.freedesktop.PolicyKit1.Error.Failed: Cannot determine session the caller is in
Oct 04 10:02:28 baseweed-admin systemd[853]: qdistro-polkit-agent.service: Main process exited, code=exited, status=1/FAILURE
Oct 04 10:02:28 baseweed-admin systemd[853]: qdistro-polkit-agent.service: Failed with result 'exit-code'.
Oct 04 10:02:28 baseweed-admin weston[938]: [10:02:28.764] qdwin: layer-shell mapped ns=qdshell-background-pipewire-0 layer=2 at 1920,0 640x480
Oct 04 10:02:29 baseweed-admin weston[938]: [10:02:29.425] qdwin: layer-shell mapped ns=qdshell-bar-content-pipewire-0 layer=2 at 1920,0 640x31
Oct 04 10:02:29 baseweed-admin qdlocker[1039]: 2026-10-04 10:02:29,726 qdlocker.logind INFO logind session rebound in place; session=None
Oct 04 10:02:29 baseweed-admin systemd[853]: qdistro-polkit-agent.service: Scheduled restart job immediately on client request, restart counter is at 3.
Oct 04 10:02:29 baseweed-admin systemd[853]: Started qdistro polkit authentication agent (PAM / fprintd / broker).
Oct 04 10:02:29 baseweed-admin systemd[853]: Auto-unlock the qdistro portal-keys vault at login skipped, unmet condition check ConditionPathExists=/var/lib/qdistro/vaults/portal-keys-pin.tpm
Oct 04 10:02:29 baseweed-admin weston[938]: [10:02:29.942] qdwin: layer-shell mapped ns=qdshell-bar-exclusion-top-pipewire-0 layer=2 at 1920,0 640x31
Oct 04 10:02:30 baseweed-admin qdistro-polkit-agent[1279]: registration failed: org.freedesktop.PolicyKit1.Error.Failed: Cannot determine session the caller is in
Oct 04 10:02:30 baseweed-admin python3[1279]: qdistro-polkit-agent: registration failed: org.freedesktop.PolicyKit1.Error.Failed: Cannot determine session the caller is in
Oct 04 10:02:30 baseweed-admin systemd[853]: qdistro-polkit-agent.service: Main process exited, code=exited, status=1/FAILURE
Oct 04 10:02:30 baseweed-admin systemd[853]: qdistro-polkit-agent.service: Failed with result 'exit-code'.
Oct 04 10:02:30 baseweed-admin weston[938]: [10:02:30.521] qdwin: layer-shell mapped ns=qdshell-background-pipewire-1 layer=2 at 2560,0 640x480
Oct 04 10:02:30 baseweed-admin weston[938]: [10:02:30.990] qdwin: layer-shell mapped ns=qdshell-bar-content-pipewire-1 layer=2 at 2560,0 640x31
Oct 04 10:02:31 baseweed-admin weston[938]: [10:02:31.469] qdwin: layer-shell mapped ns=qdshell-bar-exclusion-top-pipewire-1 layer=2 at 2560,0 640x31
Oct 04 10:02:31 baseweed-admin weston[938]: [10:02:31.920] qdwin: layer-shell mapped ns=qdshell-dock-peek-Virtual-1 layer=2 at 0,1079 1920x1
Oct 04 10:02:32 baseweed-admin weston[938]: [10:02:32.397] qdwin: layer-shell mapped ns=qdshell-dock-peek-pipewire-0 layer=2 at 1920,479 640x1
Oct 04 10:02:32 baseweed-admin weston[938]: [10:02:32.810] qdwin: layer-shell mapped ns=qdshell-dock-peek-pipewire-1 layer=2 at 2560,479 640x1
Oct 04 10:02:33 baseweed-admin systemd[853]: qdistro-polkit-agent.service: Scheduled restart job, restart counter is at 4.
Oct 04 10:02:33 baseweed-admin systemd[853]: Started qdistro polkit authentication agent (PAM / fprintd / broker).
Oct 04 10:02:33 baseweed-admin weston[938]: [10:02:33.293] qdwin: layer-shell mapped ns=qdshell-image-cache-renderer layer=2 at 960,540 1x1
Oct 04 10:02:33 baseweed-admin dbus-run-session[1036]:   WARN scene: QML Connections at qs:/usr/share/quickshell/qdshell/Modules/Bar/Widgets/Taskbar.qml[981:3]: Detected function "onPinnedAppsChanged" in Connections element. This is probably intended to be a signal handler but no signal of the target matches the name.
Oct 04 10:02:33 baseweed-admin dbus-run-session[1036]:   WARN scene: QML Connections at qs:/usr/share/quickshell/qdshell/Modules/Bar/Widgets/Taskbar.qml[981:3]: Detected function "onPinnedAppsChanged" in Connections element. This is probably intended to be a signal handler but no signal of the target matches the name.
Oct 04 10:02:33 baseweed-admin dbus-run-session[1036]:   WARN scene: QML Connections at qs:/usr/share/quickshell/qdshell/Modules/Bar/Widgets/Taskbar.qml[981:3]: Detected function "onPinnedAppsChanged" in Connections element. This is probably intended to be a signal handler but no signal of the target matches the name.
Oct 04 10:02:33 baseweed-admin dbus-run-session[1036]:   WARN: Could not load icon "user-desktop?fallback=application-x-executable" at size QSize(19, 19) from request
Oct 04 10:02:33 baseweed-admin dbus-run-session[1036]:   WARN scene: qs:/usr/share/quickshell/qdshell/Modules/Bar/Widgets/Taskbar.qml[982:5]: Unable to assign QJSValue to QObject*
Oct 04 10:02:33 baseweed-admin dbus-run-session[1036]:   WARN scene: qs:/usr/share/quickshell/qdshell/Modules/Bar/Widgets/Taskbar.qml[982:5]: Unable to assign QJSValue to QObject*
Oct 04 10:02:33 baseweed-admin dbus-run-session[1036]:   WARN scene: qs:/usr/share/quickshell/qdshell/Modules/Bar/Widgets/Taskbar.qml[982:5]: Unable to assign QJSValue to QObject*
Oct 04 10:02:33 baseweed-admin dbus-run-session[1036]:   WARN scene: @Services/Control/HooksService.qml[17:5]: Unable to assign QJSValue to QObject*
Oct 04 10:02:33 baseweed-admin dbus-run-session[1036]:   WARN scene: @Services/Location/NightLightService.qml[97:5]: Unable to assign QJSValue to QObject*
Oct 04 10:02:33 baseweed-admin dbus-run-session[1036]:   INFO qml: [20261004-100233]    ColorScheme Applying color scheme: Qdshell (default)
Oct 04 10:02:33 baseweed-admin qdistro-polkit-agent[1522]: registration failed: org.freedesktop.PolicyKit1.Error.Failed: Cannot determine session the caller is in
Oct 04 10:02:33 baseweed-admin python3[1522]: qdistro-polkit-agent: registration failed: org.freedesktop.PolicyKit1.Error.Failed: Cannot determine session the caller is in
Oct 04 10:02:33 baseweed-admin dbus-run-session[1036]:   INFO qml: [20261004-100233]           Font Service started
Oct 04 10:02:33 baseweed-admin systemd[853]: qdistro-polkit-agent.service: Main process exited, code=exited, status=1/FAILURE
Oct 04 10:02:33 baseweed-admin systemd[853]: qdistro-polkit-agent.service: Failed with result 'exit-code'.
Oct 04 10:02:33 baseweed-admin dbus-run-session[1036]:  ERROR qml: [20261004-100233]  PluginService Empty response from Qdshell Plugins
Oct 04 10:02:33 baseweed-admin dbus-run-session[1036]:  ERROR qml: [20261004-100233]  PluginService Failed to fetch registry from Qdshell Plugins - exit code: 1
Oct 04 10:02:34 baseweed-admin dbus-run-session[1036]:   INFO qml: [20261004-100234]        PodApps cache refresh loaded 0 apps
Oct 04 10:02:34 baseweed-admin dbus-run-session[1036]:   WARN: Process failed to start, likely because the binary could not be found. Command: QList("bluetoothctl", "show")
Oct 04 10:02:34 baseweed-admin systemd[853]: Started podman-1591.scope.
Oct 04 10:02:34 baseweed-admin weston[938]: [10:02:34.415] qdwin: layer-shell get_layer_surface ns=qdshell-osd-Virtual-1 layer=3 output=0x55feeac64b00
Oct 04 10:02:34 baseweed-admin weston[938]: [10:02:34.415] qdwin: layer-shell configure ns=qdshell-osd-Virtual-1 layer=3 box=1591,40 320x72 serial=14
Oct 04 10:02:34 baseweed-admin weston[938]: [10:02:34.415] qdwin: layer-shell get_layer_surface ns=qdshell-osd-pipewire-0 layer=3 output=0x55feeac65f60
Oct 04 10:02:34 baseweed-admin weston[938]: [10:02:34.415] qdwin: layer-shell configure ns=qdshell-osd-pipewire-0 layer=3 box=2231,40 320x72 serial=15
Oct 04 10:02:34 baseweed-admin weston[938]: [10:02:34.415] qdwin: layer-shell get_layer_surface ns=qdshell-osd-pipewire-1 layer=3 output=0x55feeac8b8b0
Oct 04 10:02:34 baseweed-admin weston[938]: [10:02:34.415] qdwin: layer-shell configure ns=qdshell-osd-pipewire-1 layer=3 box=2871,40 320x72 serial=16
Oct 04 10:02:34 baseweed-admin systemd[853]: Started podman-1636.scope.
Oct 04 10:02:35 baseweed-admin weston[938]: [10:02:35.043] qdwin: layer-shell mapped ns=qdshell-osd-Virtual-1 layer=3 at 1591,40 320x72
Oct 04 10:02:35 baseweed-admin weston[938]: [10:02:35.159] qdwin: layer-shell mapped ns=qdshell-osd-pipewire-0 layer=3 at 2231,40 320x72
Oct 04 10:02:36 baseweed-admin weston[938]: [10:02:36.067] qdwin: layer-shell mapped ns=qdshell-osd-pipewire-1 layer=3 at 2871,40 320x72
Oct 04 10:02:36 baseweed-admin dbus-run-session[1036]:   INFO qml: [20261004-100236]           Font Loaded 11 fonts, 3 monospace
Oct 04 10:02:36 baseweed-admin weston[938]: [10:02:36.146] qdwin: layer-shell get_layer_surface ns=qdshell-wallpaper-Virtual-1 layer=0 output=0x55feeac64b00
Oct 04 10:02:36 baseweed-admin weston[938]: [10:02:36.146] qdwin: layer-shell configure ns=qdshell-wallpaper-Virtual-1 layer=0 box=0,0 1920x1080 serial=17
Oct 04 10:02:36 baseweed-admin weston[938]: [10:02:36.146] qdwin: layer-shell get_layer_surface ns=qdshell-wallpaper-pipewire-0 layer=0 output=0x55feeac65f60
Oct 04 10:02:36 baseweed-admin weston[938]: [10:02:36.146] qdwin: layer-shell configure ns=qdshell-wallpaper-pipewire-0 layer=0 box=1920,0 640x480 serial=18
Oct 04 10:02:36 baseweed-admin weston[938]: [10:02:36.146] qdwin: layer-shell get_layer_surface ns=qdshell-wallpaper-pipewire-1 layer=0 output=0x55feeac8b8b0
Oct 04 10:02:36 baseweed-admin weston[938]: [10:02:36.146] qdwin: layer-shell configure ns=qdshell-wallpaper-pipewire-1 layer=0 box=2560,0 640x480 serial=19
Oct 04 10:02:36 baseweed-admin systemd[853]: qdistro-polkit-agent.service: Scheduled restart job, restart counter is at 5.
Oct 04 10:02:36 baseweed-admin systemd[853]: Started qdistro polkit authentication agent (PAM / fprintd / broker).
Oct 04 10:02:36 baseweed-admin weston[938]: [10:02:36.994] qdwin: layer-shell mapped ns=qdshell-wallpaper-Virtual-1 layer=0 at 0,0 1920x1080
Oct 04 10:02:37 baseweed-admin qdistro-polkit-agent[1851]: registration failed: org.freedesktop.PolicyKit1.Error.Failed: Cannot determine session the caller is in
Oct 04 10:02:37 baseweed-admin python3[1851]: qdistro-polkit-agent: registration failed: org.freedesktop.PolicyKit1.Error.Failed: Cannot determine session the caller is in
Oct 04 10:02:37 baseweed-admin systemd[853]: Started podman-1891.scope.
Oct 04 10:02:37 baseweed-admin systemd[853]: qdistro-polkit-agent.service: Main process exited, code=exited, status=1/FAILURE
Oct 04 10:02:37 baseweed-admin systemd[853]: qdistro-polkit-agent.service: Failed with result 'exit-code'.
Oct 04 10:02:37 baseweed-admin weston[938]: [10:02:37.585] qdwin: layer-shell mapped ns=qdshell-wallpaper-pipewire-0 layer=0 at 1920,0 640x480
Oct 04 10:02:37 baseweed-admin systemd[853]: Started podman-2018.scope.
Oct 04 10:02:38 baseweed-admin weston[938]: [10:02:38.146] qdwin: layer-shell mapped ns=qdshell-wallpaper-pipewire-1 layer=0 at 2560,0 640x480
Oct 04 10:02:38 baseweed-admin dbus-run-session[1036]:   INFO qml: [20261004-100238]           Time Time jump detected (13s) - likely system resume
Oct 04 10:02:38 baseweed-admin dbus-run-session[1036]:   INFO qml: [20261004-100238]        Network System resumed - forcing state poll
Oct 04 10:02:38 baseweed-admin dbus-run-session[1036]:   INFO qml: [20261004-100238]     SystemStat System resumed - resetting differential state
Oct 04 10:02:38 baseweed-admin dbus-run-session[1036]:   INFO qml: [20261004-100238] DarkModeServic System resumed - re-evaluating dark mode
Oct 04 10:02:38 baseweed-admin dbus-run-session[1036]:   INFO qml: [20261004-100238]     NightLight System resumed - re-applying night light
Oct 04 10:02:38 baseweed-admin dbus-run-session[1036]:   INFO qml: [20261004-100238]      Bluetooth System resumed - forcing state poll
Oct 04 10:02:39 baseweed-admin dbus-run-session[1036]:   WARN: Process failed to start, likely because the binary could not be found. Command: QList("bluetoothctl", "show")
Oct 04 10:02:39 baseweed-admin systemd[853]: Started podman-2144.scope.
Oct 04 10:02:39 baseweed-admin dbus-run-session[1036]:   WARN qml: [20261004-100239]        Network Connectivity check error: Error: Not authorized to recheck connectivity.
Oct 04 10:02:39 baseweed-admin dbus-run-session[1036]:   WARN: Process failed to start, likely because the binary could not be found. Command: QList("bluetoothctl", "show")
Oct 04 10:02:39 baseweed-admin systemd[853]: Started podman-2178.scope.
Oct 04 10:02:39 baseweed-admin dbus-run-session[1036]:   WARN qml: [20261004-100239]     SystemStat No supported temperature sensor found
Oct 04 10:02:39 baseweed-admin systemd[853]: Started podman-2220.scope.
Oct 04 10:02:40 baseweed-admin systemd[853]: qdistro-polkit-agent.service: Scheduled restart job, restart counter is at 6.
Oct 04 10:02:40 baseweed-admin systemd[853]: Started qdistro polkit authentication agent (PAM / fprintd / broker).
Oct 04 10:02:40 baseweed-admin qdistro-polkit-agent[2260]: registration failed: org.freedesktop.PolicyKit1.Error.Failed: Cannot determine session the caller is in
Oct 04 10:02:40 baseweed-admin python3[2260]: qdistro-polkit-agent: registration failed: org.freedesktop.PolicyKit1.Error.Failed: Cannot determine session the caller is in
Oct 04 10:02:40 baseweed-admin systemd[853]: qdistro-polkit-agent.service: Main process exited, code=exited, status=1/FAILURE
Oct 04 10:02:40 baseweed-admin systemd[853]: qdistro-polkit-agent.service: Failed with result 'exit-code'.
Oct 04 10:02:41 baseweed-admin dbus-run-session[1036]:   INFO qml: [20261004-100241] DarkModeServic Resume retry - re-evaluating dark mode again
Oct 04 10:02:41 baseweed-admin dbus-run-session[1036]:   INFO qml: [20261004-100241]     NightLight Resume retry - re-applying night light again
Oct 04 10:02:41 baseweed-admin dbus-run-session[1036]:   WARN: Process failed to start, likely because the binary could not be found. Command: QList("bluetoothctl", "show")
Oct 04 10:02:43 baseweed-admin dbus-run-session[1036]:   WARN: Process failed to start, likely because the binary could not be found. Command: QList("bluetoothctl", "show")
Oct 04 10:02:43 baseweed-admin systemd[853]: qdistro-polkit-agent.service: Scheduled restart job, restart counter is at 7.
Oct 04 10:02:43 baseweed-admin systemd[853]: Started qdistro polkit authentication agent (PAM / fprintd / broker).
Oct 04 10:02:43 baseweed-admin qdistro-polkit-agent[2334]: registration failed: org.freedesktop.PolicyKit1.Error.Failed: Cannot determine session the caller is in
Oct 04 10:02:43 baseweed-admin python3[2334]: qdistro-polkit-agent: registration failed: org.freedesktop.PolicyKit1.Error.Failed: Cannot determine session the caller is in
Oct 04 10:02:44 baseweed-admin systemd[853]: qdistro-polkit-agent.service: Main process exited, code=exited, status=1/FAILURE
Oct 04 10:02:44 baseweed-admin systemd[853]: qdistro-polkit-agent.service: Failed with result 'exit-code'.
Oct 04 10:02:44 baseweed-admin dbus-run-session[1036]:   WARN qml: [20261004-100244]       Location Weather is still fetching
Oct 04 10:02:44 baseweed-admin dbus-run-session[1036]:  ERROR qml: [20261004-100244]       Location Geocoding error: 0
Oct 04 10:02:45 baseweed-admin dbus-run-session[1036]:   WARN: Process failed to start, likely because the binary could not be found. Command: QList("bluetoothctl", "show")
Oct 04 10:02:47 baseweed-admin systemd[853]: qdistro-polkit-agent.service: Scheduled restart job, restart counter is at 8.
Oct 04 10:02:47 baseweed-admin systemd[853]: Started qdistro polkit authentication agent (PAM / fprintd / broker).
Oct 04 10:02:47 baseweed-admin qdistro-polkit-agent[2550]: registration failed: org.freedesktop.PolicyKit1.Error.Failed: Cannot determine session the caller is in
Oct 04 10:02:47 baseweed-admin python3[2550]: qdistro-polkit-agent: registration failed: org.freedesktop.PolicyKit1.Error.Failed: Cannot determine session the caller is in
Oct 04 10:02:47 baseweed-admin systemd[853]: qdistro-polkit-agent.service: Main process exited, code=exited, status=1/FAILURE
Oct 04 10:02:47 baseweed-admin systemd[853]: qdistro-polkit-agent.service: Failed with result 'exit-code'.
Oct 04 10:02:47 baseweed-admin dbus-run-session[1036]:   WARN: Process failed to start, likely because the binary could not be found. Command: QList("bluetoothctl", "show")
Oct 04 10:02:47 baseweed-admin systemd[853]: selinux: avc:  denied  { start } for auid=n/a uid=1000 gid=1000 cmdline="podman image exists localhost/tier3s-probe:empty" function="method_start_transient_unit" scontext=system_u:system_r:virt_qemu_ga_t:s0 tcontext=unconfined_u:unconfined_r:unconfined_t:s0-s0:c0.c1023 tclass=system permissive=1
Oct 04 10:02:47 baseweed-admin systemd[853]: Started podman-2616.scope.
Oct 04 10:02:47 baseweed-admin systemd[853]: Started podman-2629.scope.
Oct 04 10:02:48 baseweed-admin podman[2629]: 2026-10-04 10:02:48.20530455 +0000 UTC m=+0.595635708 image tag 82aa280b22384fc8f63983614507c67b3a109ca7a316d25bfdac7cfc17437b2b localhost/tier3s-probe:empty
Oct 04 10:02:48 baseweed-admin systemd[853]: Started podman-2653.scope.
Oct 04 10:02:48 baseweed-admin podman[2653]: 2026-10-04 10:02:48.280730951 +0000 UTC m=+0.036114124 image pull 82aa280b22384fc8f63983614507c67b3a109ca7a316d25bfdac7cfc17437b2b localhost/tier3s-probe:empty
Oct 04 10:02:48 baseweed-admin podman[2653]: 2026-10-04 10:02:48.459938398 +0000 UTC m=+0.215321561 container create a118df693743f572de755fa1052fcde8ce08ea66f6db1205dec9007c7f835c4f (image=localhost/tier3s-probe:empty, name=tier3s-probe-2473)
Oct 04 10:02:48 baseweed-admin systemd[853]: Started podman-2665.scope.
Oct 04 10:02:48 baseweed-admin dbus-run-session[1036]:   WARN qml: [20261004-100248]        Network Connectivity check error: Error: Not authorized to recheck connectivity.
Oct 04 10:02:48 baseweed-admin systemd[853]: Started podman-2683.scope.
Oct 04 10:02:48 baseweed-admin systemd[853]: Started podman-2693.scope.
Oct 04 10:02:48 baseweed-admin podman[2693]: 2026-10-04 10:02:48.827844625 +0000 UTC m=+0.214767772 container remove a118df693743f572de755fa1052fcde8ce08ea66f6db1205dec9007c7f835c4f (image=localhost/tier3s-probe:empty, name=tier3s-probe-2473)
Oct 04 10:02:49 baseweed-admin dbus-run-session[1036]:   WARN: Process failed to start, likely because the binary could not be found. Command: QList("bluetoothctl", "show")
Oct 04 10:02:49 baseweed-admin systemd[853]: Started podman-2770.scope.
Oct 04 10:02:49 baseweed-admin systemd[853]: Started podman-2781.scope.
Oct 04 10:02:50 baseweed-admin systemd[853]: qdistro-polkit-agent.service: Scheduled restart job, restart counter is at 9.
Oct 04 10:02:50 baseweed-admin systemd[853]: Started qdistro polkit authentication agent (PAM / fprintd / broker).
Oct 04 10:02:50 baseweed-admin qdistro-polkit-agent[2796]: registration failed: org.freedesktop.PolicyKit1.Error.Failed: Cannot determine session the caller is in
Oct 04 10:02:50 baseweed-admin python3[2796]: qdistro-polkit-agent: registration failed: org.freedesktop.PolicyKit1.Error.Failed: Cannot determine session the caller is in
Oct 04 10:02:50 baseweed-admin systemd[853]: qdistro-polkit-agent.service: Main process exited, code=exited, status=1/FAILURE
Oct 04 10:02:50 baseweed-admin systemd[853]: qdistro-polkit-agent.service: Failed with result 'exit-code'.
Oct 04 10:02:51 baseweed-admin dbus-run-session[1036]:   WARN: Process failed to start, likely because the binary could not be found. Command: QList("bluetoothctl", "show")
Oct 04 10:02:53 baseweed-admin dbus-run-session[1036]:   WARN: Process failed to start, likely because the binary could not be found. Command: QList("bluetoothctl", "show")
Oct 04 10:02:53 baseweed-admin systemd[853]: qdistro-polkit-agent.service: Scheduled restart job, restart counter is at 10.
Oct 04 10:02:53 baseweed-admin systemd[853]: Started qdistro polkit authentication agent (PAM / fprintd / broker).
Oct 04 10:02:53 baseweed-admin qdistro-polkit-agent[2879]: registration failed: org.freedesktop.PolicyKit1.Error.Failed: Cannot determine session the caller is in
Oct 04 10:02:53 baseweed-admin python3[2879]: qdistro-polkit-agent: registration failed: org.freedesktop.PolicyKit1.Error.Failed: Cannot determine session the caller is in
Oct 04 10:02:53 baseweed-admin systemd[853]: qdistro-polkit-agent.service: Main process exited, code=exited, status=1/FAILURE
Oct 04 10:02:53 baseweed-admin systemd[853]: qdistro-polkit-agent.service: Failed with result 'exit-code'.
Oct 04 10:02:54 baseweed-admin dbus-run-session[1036]:   INFO qml: [20261004-100254]        PodApps cache refresh loaded 0 apps
Oct 04 10:02:55 baseweed-admin dbus-run-session[1036]:   WARN: Process failed to start, likely because the binary could not be found. Command: QList("bluetoothctl", "show")
Oct 04 10:02:56 baseweed-admin podman[2781]: 2026-10-04 10:02:56.100874458 +0000 UTC m=+6.375001228 image loadfromarchive 1eee52a21ad86f065d227988b4ff8e279fe838e4ed84ee77f2aed0d372deae92 /var/tmp/t3s-img/image.oci.tar
Oct 04 10:02:56 baseweed-admin systemd[853]: podman-2781.scope: Consumed 3.962s CPU time over 6.329s wall clock time.
Oct 04 10:02:56 baseweed-admin systemd[853]: Started podman-2951.scope.
Oct 04 10:02:56 baseweed-admin systemd[853]: Started podman-2963.scope.
Oct 04 10:02:56 baseweed-admin systemd[853]: Started podman-2974.scope.
Oct 04 10:02:56 baseweed-admin systemd[853]: qdistro-polkit-agent.service: Scheduled restart job, restart counter is at 11.
Oct 04 10:02:56 baseweed-admin systemd[853]: Started qdistro polkit authentication agent (PAM / fprintd / broker).
Oct 04 10:02:57 baseweed-admin qdistro-polkit-agent[2992]: registration failed: org.freedesktop.PolicyKit1.Error.Failed: Cannot determine session the caller is in
Oct 04 10:02:57 baseweed-admin python3[2992]: qdistro-polkit-agent: registration failed: org.freedesktop.PolicyKit1.Error.Failed: Cannot determine session the caller is in
Oct 04 10:02:57 baseweed-admin systemd[853]: qdistro-polkit-agent.service: Main process exited, code=exited, status=1/FAILURE
Oct 04 10:02:57 baseweed-admin systemd[853]: qdistro-polkit-agent.service: Failed with result 'exit-code'.
Oct 04 10:02:57 baseweed-admin dbus-run-session[1036]:   WARN: Process failed to start, likely because the binary could not be found. Command: QList("bluetoothctl", "show")
Oct 04 10:02:57 baseweed-admin systemd[853]: Started podman-2998.scope.
Oct 04 10:02:57 baseweed-admin systemd[853]: Started podman-3009.scope.
Oct 04 10:02:59 baseweed-admin dbus-run-session[1036]:   WARN: Process failed to start, likely because the binary could not be found. Command: QList("bluetoothctl", "show")
Oct 04 10:03:00 baseweed-admin systemd[853]: qdistro-polkit-agent.service: Scheduled restart job, restart counter is at 12.
Oct 04 10:03:00 baseweed-admin systemd[853]: Started qdistro polkit authentication agent (PAM / fprintd / broker).
Oct 04 10:03:00 baseweed-admin qdistro-polkit-agent[3029]: registration failed: org.freedesktop.PolicyKit1.Error.Failed: Cannot determine session the caller is in
Oct 04 10:03:00 baseweed-admin python3[3029]: qdistro-polkit-agent: registration failed: org.freedesktop.PolicyKit1.Error.Failed: Cannot determine session the caller is in
Oct 04 10:03:00 baseweed-admin systemd[853]: qdistro-polkit-agent.service: Main process exited, code=exited, status=1/FAILURE
Oct 04 10:03:00 baseweed-admin systemd[853]: qdistro-polkit-agent.service: Failed with result 'exit-code'.
Oct 04 10:03:01 baseweed-admin dbus-run-session[1036]:   WARN: Process failed to start, likely because the binary could not be found. Command: QList("bluetoothctl", "show")
Oct 04 10:03:03 baseweed-admin dbus-run-session[1036]:   WARN: Process failed to start, likely because the binary could not be found. Command: QList("bluetoothctl", "show")
Oct 04 10:03:03 baseweed-admin systemd[853]: qdistro-polkit-agent.service: Scheduled restart job, restart counter is at 13.
Oct 04 10:03:03 baseweed-admin systemd[853]: Started qdistro polkit authentication agent (PAM / fprintd / broker).
Oct 04 10:03:04 baseweed-admin dbus-run-session[1036]:   WARN qml: [20261004-100304]       Location Weather is still fetching
Oct 04 10:03:04 baseweed-admin dbus-run-session[1036]:  ERROR qml: [20261004-100304]       Location Geocoding error: 0
Oct 04 10:03:05 baseweed-admin dbus-run-session[1036]:   WARN qml: [20261004-100305]        Network Connectivity check error: Error: Not authorized to recheck connectivity.
Oct 04 10:03:05 baseweed-admin qdistro-polkit-agent[3097]: registration failed: org.freedesktop.PolicyKit1.Error.Failed: Cannot determine session the caller is in
Oct 04 10:03:05 baseweed-admin python3[3097]: qdistro-polkit-agent: registration failed: org.freedesktop.PolicyKit1.Error.Failed: Cannot determine session the caller is in
Oct 04 10:03:05 baseweed-admin systemd[853]: qdistro-polkit-agent.service: Main process exited, code=exited, status=1/FAILURE
Oct 04 10:03:05 baseweed-admin systemd[853]: qdistro-polkit-agent.service: Failed with result 'exit-code'.
Oct 04 10:03:05 baseweed-admin dbus-run-session[1036]:   WARN: Process failed to start, likely because the binary could not be found. Command: QList("bluetoothctl", "show")
Oct 04 10:03:07 baseweed-admin dbus-run-session[1036]:   WARN: Process failed to start, likely because the binary could not be found. Command: QList("bluetoothctl", "show")
Oct 04 10:03:08 baseweed-admin systemd[853]: qdistro-polkit-agent.service: Scheduled restart job, restart counter is at 14.
Oct 04 10:03:08 baseweed-admin systemd[853]: Started qdistro polkit authentication agent (PAM / fprintd / broker).
Oct 04 10:03:09 baseweed-admin qdistro-polkit-agent[3151]: registration failed: org.freedesktop.PolicyKit1.Error.Failed: Cannot determine session the caller is in
Oct 04 10:03:09 baseweed-admin python3[3151]: qdistro-polkit-agent: registration failed: org.freedesktop.PolicyKit1.Error.Failed: Cannot determine session the caller is in
Oct 04 10:03:09 baseweed-admin systemd[853]: qdistro-polkit-agent.service: Main process exited, code=exited, status=1/FAILURE
Oct 04 10:03:09 baseweed-admin systemd[853]: qdistro-polkit-agent.service: Failed with result 'exit-code'.
Oct 04 10:03:09 baseweed-admin dbus-run-session[1036]:   WARN: Process failed to start, likely because the binary could not be found. Command: QList("bluetoothctl", "show")
Oct 04 10:03:11 baseweed-admin dbus-run-session[1036]:   WARN: Process failed to start, likely because the binary could not be found. Command: QList("bluetoothctl", "show")
Oct 04 10:03:12 baseweed-admin systemd[853]: qdistro-polkit-agent.service: Scheduled restart job, restart counter is at 15.
Oct 04 10:03:12 baseweed-admin systemd[853]: Started qdistro polkit authentication agent (PAM / fprintd / broker).
Oct 04 10:03:12 baseweed-admin qdistro-polkit-agent[3182]: registration failed: org.freedesktop.PolicyKit1.Error.Failed: Cannot determine session the caller is in
Oct 04 10:03:12 baseweed-admin python3[3182]: qdistro-polkit-agent: registration failed: org.freedesktop.PolicyKit1.Error.Failed: Cannot determine session the caller is in
Oct 04 10:03:12 baseweed-admin systemd[853]: qdistro-polkit-agent.service: Main process exited, code=exited, status=1/FAILURE
Oct 04 10:03:12 baseweed-admin systemd[853]: qdistro-polkit-agent.service: Failed with result 'exit-code'.
Oct 04 10:03:13 baseweed-admin dbus-run-session[1036]:   WARN: Process failed to start, likely because the binary could not be found. Command: QList("bluetoothctl", "show")
Oct 04 10:03:14 baseweed-admin podman[3009]: 2026-10-04 10:03:14.634134073 +0000 UTC m=+16.932815143 image loadfromarchive c1cfa112ea7171ba1c62d14d9adda09e40b530bd9f5b3e76cfaf4e29ff0b345e /var/tmp/t3s-img/tier3s-weston-terminal.oci.tar
Oct 04 10:03:14 baseweed-admin systemd[853]: podman-3009.scope: Consumed 14.912s CPU time over 16.909s wall clock time.
Oct 04 10:03:14 baseweed-admin systemd[853]: Started podman-3249.scope.
Oct 04 10:03:14 baseweed-admin systemd[853]: Started podman-3261.scope.
Oct 04 10:03:14 baseweed-admin systemd[853]: Started podman-3272.scope.
Oct 04 10:03:14 baseweed-admin systemd[853]: selinux: avc:  denied  { status } for auid=n/a uid=1000 gid=1000 path="/home/admin/.config/systemd/user/qdshell.service" cmdline="" function="mac_selinux_filter" scontext=system_u:system_r:virt_qemu_ga_t:s0 tcontext=system_u:object_r:config_home_t:s0 tclass=service permissive=1
Oct 04 10:03:15 baseweed-admin dbus-run-session[1036]:   WARN: Process failed to start, likely because the binary could not be found. Command: QList("bluetoothctl", "show")
Oct 04 10:03:15 baseweed-admin systemd[853]: qdistro-polkit-agent.service: Scheduled restart job, restart counter is at 16.
Oct 04 10:03:15 baseweed-admin systemd[853]: Started qdistro polkit authentication agent (PAM / fprintd / broker).
Oct 04 10:03:16 baseweed-admin qdistro-polkit-agent[3338]: registration failed: org.freedesktop.PolicyKit1.Error.Failed: Cannot determine session the caller is in
Oct 04 10:03:16 baseweed-admin python3[3338]: qdistro-polkit-agent: registration failed: org.freedesktop.PolicyKit1.Error.Failed: Cannot determine session the caller is in
Oct 04 10:03:16 baseweed-admin systemd[853]: qdistro-polkit-agent.service: Main process exited, code=exited, status=1/FAILURE
Oct 04 10:03:16 baseweed-admin systemd[853]: qdistro-polkit-agent.service: Failed with result 'exit-code'.
Oct 04 10:03:16 baseweed-admin systemd[853]: Started podman-3360.scope.
Oct 04 10:03:17 baseweed-admin dbus-run-session[1036]:   WARN: Process failed to start, likely because the binary could not be found. Command: QList("bluetoothctl", "show")
Oct 04 10:03:18 baseweed-admin systemd[853]: Started podman-3889.scope.
Oct 04 10:03:18 baseweed-admin systemd[853]: Started podman-3900.scope.
Oct 04 10:03:18 baseweed-admin dbus-run-session[1036]:   WARN qml: [20261004-100318]        Network Connectivity check error: Error: Not authorized to recheck connectivity.
Oct 04 10:03:18 baseweed-admin podman[3900]: 2026-10-04 10:03:18.543559439 +0000 UTC m=+0.107084962 container create 9ea269a28eb53b17d43466b50792ce4636c99396d320e58e1eee366350c95e77 (image=localhost/tier3s-probe:empty, name=tier3s-probe-3747)
Oct 04 10:03:18 baseweed-admin podman[3900]: 2026-10-04 10:03:18.470699189 +0000 UTC m=+0.034224702 image pull 82aa280b22384fc8f63983614507c67b3a109ca7a316d25bfdac7cfc17437b2b localhost/tier3s-probe:empty
Oct 04 10:03:18 baseweed-admin systemd[853]: Started podman-3917.scope.
Oct 04 10:03:18 baseweed-admin systemd[853]: Started podman-3928.scope.
Oct 04 10:03:18 baseweed-admin systemd[853]: Started podman-3938.scope.
Oct 04 10:03:18 baseweed-admin podman[3938]: 2026-10-04 10:03:18.792697824 +0000 UTC m=+0.108695992 container remove 9ea269a28eb53b17d43466b50792ce4636c99396d320e58e1eee366350c95e77 (image=localhost/tier3s-probe:empty, name=tier3s-probe-3747)
Oct 04 10:03:18 baseweed-admin systemd[853]: Started podman-3952.scope.
Oct 04 10:03:18 baseweed-admin systemd[853]: Started podman-3994.scope.
Oct 04 10:03:19 baseweed-admin systemd[853]: qdistro-polkit-agent.service: Scheduled restart job, restart counter is at 17.
Oct 04 10:03:19 baseweed-admin systemd[853]: Started qdistro polkit authentication agent (PAM / fprintd / broker).
Oct 04 10:03:19 baseweed-admin qdistro-polkit-agent[4222]: registration failed: org.freedesktop.PolicyKit1.Error.Failed: Cannot determine session the caller is in
Oct 04 10:03:19 baseweed-admin python3[4222]: qdistro-polkit-agent: registration failed: org.freedesktop.PolicyKit1.Error.Failed: Cannot determine session the caller is in
Oct 04 10:03:19 baseweed-admin dbus-run-session[1036]:   WARN: Process failed to start, likely because the binary could not be found. Command: QList("bluetoothctl", "show")
Oct 04 10:03:19 baseweed-admin systemd[853]: qdistro-polkit-agent.service: Main process exited, code=exited, status=1/FAILURE
Oct 04 10:03:19 baseweed-admin systemd[853]: qdistro-polkit-agent.service: Failed with result 'exit-code'.
Oct 04 10:03:19 baseweed-admin systemd[853]: Started podman-4401.scope.
Oct 04 10:03:19 baseweed-admin systemd[853]: Started podman-4413.scope.
Oct 04 10:03:21 baseweed-admin dbus-run-session[1036]:   WARN: Process failed to start, likely because the binary could not be found. Command: QList("bluetoothctl", "show")
Oct 04 10:03:22 baseweed-admin systemd[853]: Started podman-4617.scope.
Oct 04 10:03:22 baseweed-admin systemd[853]: qdistro-polkit-agent.service: Scheduled restart job, restart counter is at 18.
Oct 04 10:03:22 baseweed-admin systemd[853]: Started qdistro polkit authentication agent (PAM / fprintd / broker).
Oct 04 10:03:22 baseweed-admin systemd[853]: Started podman-4630.scope.
Oct 04 10:03:22 baseweed-admin qdistro-polkit-agent[4626]: registration failed: org.freedesktop.PolicyKit1.Error.Failed: Cannot determine session the caller is in
Oct 04 10:03:22 baseweed-admin python3[4626]: qdistro-polkit-agent: registration failed: org.freedesktop.PolicyKit1.Error.Failed: Cannot determine session the caller is in
Oct 04 10:03:22 baseweed-admin podman[4630]: 2026-10-04 10:03:22.46913326 +0000 UTC m=+0.042067714 image pull 82aa280b22384fc8f63983614507c67b3a109ca7a316d25bfdac7cfc17437b2b localhost/tier3s-probe:empty
Oct 04 10:03:22 baseweed-admin systemd[853]: qdistro-polkit-agent.service: Main process exited, code=exited, status=1/FAILURE
Oct 04 10:03:22 baseweed-admin systemd[853]: qdistro-polkit-agent.service: Failed with result 'exit-code'.
Oct 04 10:03:22 baseweed-admin podman[4630]: 2026-10-04 10:03:22.658762705 +0000 UTC m=+0.231697139 container create 45a594005f524500795a2a60fcd2d2f5f14fff8061ba0e7a2588a30858b752b5 (image=localhost/tier3s-probe:empty, name=tier3s-probe-4471)
Oct 04 10:03:22 baseweed-admin systemd[853]: Started podman-4642.scope.
Oct 04 10:03:22 baseweed-admin systemd[853]: Started podman-4653.scope.
Oct 04 10:03:22 baseweed-admin systemd[853]: Started podman-4664.scope.
Oct 04 10:03:23 baseweed-admin podman[4664]: 2026-10-04 10:03:23.134739119 +0000 UTC m=+0.336626358 container remove 45a594005f524500795a2a60fcd2d2f5f14fff8061ba0e7a2588a30858b752b5 (image=localhost/tier3s-probe:empty, name=tier3s-probe-4471)
Oct 04 10:03:23 baseweed-admin qdistro-tier3s-silo-launch[4676]: [resolve-binding] silo 's125a' is untemplated (no binding)
Oct 04 10:03:23 baseweed-admin dbus-run-session[1036]:   WARN: Process failed to start, likely because the binary could not be found. Command: QList("bluetoothctl", "show")
Oct 04 10:03:23 baseweed-admin systemd[853]: Started podman-4693.scope.
Oct 04 10:03:24 baseweed-admin systemd[853]: Started podman-4736.scope.
Oct 04 10:03:24 baseweed-admin dbus-run-session[1036]:   WARN qml: [20261004-100324]       Location Weather is still fetching
Oct 04 10:03:24 baseweed-admin dbus-run-session[1036]:  ERROR qml: [20261004-100324]       Location Geocoding error: 0
Oct 04 10:03:24 baseweed-admin dbus-run-session[1036]:   INFO qml: [20261004-100324]        PodApps cache refresh loaded 0 apps
Oct 04 10:03:24 baseweed-admin systemd[853]: Started podman-4754.scope.
Oct 04 10:03:25 baseweed-admin systemd[853]: Started podman-4797.scope.
Oct 04 10:03:25 baseweed-admin dbus-run-session[1036]:   WARN: Process failed to start, likely because the binary could not be found. Command: QList("bluetoothctl", "show")
Oct 04 10:03:25 baseweed-admin systemd[853]: qdistro-polkit-agent.service: Scheduled restart job, restart counter is at 19.
Oct 04 10:03:25 baseweed-admin systemd[853]: Started qdistro polkit authentication agent (PAM / fprintd / broker).
Oct 04 10:03:25 baseweed-admin qdistro-polkit-agent[4829]: registration failed: org.freedesktop.PolicyKit1.Error.Failed: Cannot determine session the caller is in
Oct 04 10:03:25 baseweed-admin python3[4829]: qdistro-polkit-agent: registration failed: org.freedesktop.PolicyKit1.Error.Failed: Cannot determine session the caller is in
Oct 04 10:03:25 baseweed-admin systemd[853]: qdistro-polkit-agent.service: Main process exited, code=exited, status=1/FAILURE
Oct 04 10:03:25 baseweed-admin systemd[853]: qdistro-polkit-agent.service: Failed with result 'exit-code'.
Oct 04 10:03:27 baseweed-admin systemd[853]: Started podman-5000.scope.
Oct 04 10:03:27 baseweed-admin systemd[853]: Started podman-5011.scope.
Oct 04 10:03:27 baseweed-admin podman[5011]: 2026-10-04 10:03:27.276336653 +0000 UTC m=+0.029225169 image pull 82aa280b22384fc8f63983614507c67b3a109ca7a316d25bfdac7cfc17437b2b localhost/tier3s-probe:empty
Oct 04 10:03:27 baseweed-admin dbus-run-session[1036]:   WARN: Process failed to start, likely because the binary could not be found. Command: QList("bluetoothctl", "show")
Oct 04 10:03:28 baseweed-admin systemd[853]: qdistro-polkit-agent.service: Scheduled restart job, restart counter is at 20.
Oct 04 10:03:28 baseweed-admin systemd[853]: Started qdistro polkit authentication agent (PAM / fprintd / broker).
Oct 04 10:03:29 baseweed-admin qdistro-polkit-agent[5032]: registration failed: org.freedesktop.PolicyKit1.Error.Failed: Cannot determine session the caller is in
Oct 04 10:03:29 baseweed-admin python3[5032]: qdistro-polkit-agent: registration failed: org.freedesktop.PolicyKit1.Error.Failed: Cannot determine session the caller is in
Oct 04 10:03:29 baseweed-admin systemd[853]: qdistro-polkit-agent.service: Main process exited, code=exited, status=1/FAILURE
Oct 04 10:03:29 baseweed-admin systemd[853]: qdistro-polkit-agent.service: Failed with result 'exit-code'.
Oct 04 10:03:29 baseweed-admin dbus-run-session[1036]:   WARN: Process failed to start, likely because the binary could not be found. Command: QList("bluetoothctl", "show")
Oct 04 10:03:31 baseweed-admin podman[5011]: 2026-10-04 10:03:31.083607439 +0000 UTC m=+3.836495945 container create 566a1d31699e942c92782834e3600fd3247e7a71b8d1a783fdcb73245dbfeeef (image=localhost/tier3s-probe:empty, name=tier3s-probe-4863)
Oct 04 10:03:31 baseweed-admin systemd[853]: Started podman-5047.scope.
Oct 04 10:03:31 baseweed-admin systemd[853]: Started podman-5059.scope.
Oct 04 10:03:31 baseweed-admin systemd[853]: Started podman-5069.scope.
Oct 04 10:03:31 baseweed-admin dbus-run-session[1036]:   WARN: Process failed to start, likely because the binary could not be found. Command: QList("bluetoothctl", "show")
Oct 04 10:03:31 baseweed-admin podman[5069]: 2026-10-04 10:03:31.464179291 +0000 UTC m=+0.211079290 container remove 566a1d31699e942c92782834e3600fd3247e7a71b8d1a783fdcb73245dbfeeef (image=localhost/tier3s-probe:empty, name=tier3s-probe-4863)
Oct 04 10:03:31 baseweed-admin qdistro-tier3s-silo-launch[5083]: [resolve-binding] silo 's125a' is untemplated (no binding)
Oct 04 10:03:31 baseweed-admin systemd[853]: Started podman-5114.scope.
Oct 04 10:03:31 baseweed-admin systemd[853]: Started podman-5146.scope.
Oct 04 10:03:32 baseweed-admin systemd[853]: qdistro-polkit-agent.service: Scheduled restart job, restart counter is at 21.
Oct 04 10:03:32 baseweed-admin systemd[853]: Started qdistro polkit authentication agent (PAM / fprintd / broker).
Oct 04 10:03:32 baseweed-admin qdistro-polkit-agent[5173]: registration failed: org.freedesktop.PolicyKit1.Error.Failed: Cannot determine session the caller is in
Oct 04 10:03:32 baseweed-admin python3[5173]: qdistro-polkit-agent: registration failed: org.freedesktop.PolicyKit1.Error.Failed: Cannot determine session the caller is in
Oct 04 10:03:32 baseweed-admin systemd[853]: qdistro-polkit-agent.service: Main process exited, code=exited, status=1/FAILURE
Oct 04 10:03:32 baseweed-admin systemd[853]: qdistro-polkit-agent.service: Failed with result 'exit-code'.
Oct 04 10:03:33 baseweed-admin dbus-run-session[1036]:   WARN: Process failed to start, likely because the binary could not be found. Command: QList("bluetoothctl", "show")
Oct 04 10:03:33 baseweed-admin dbus-run-session[1036]:   WARN qml: [20261004-100333]        Network Connectivity check error: Error: Not authorized to recheck connectivity.
Oct 04 10:03:35 baseweed-admin dbus-run-session[1036]:   WARN: Process failed to start, likely because the binary could not be found. Command: QList("bluetoothctl", "show")
Oct 04 10:03:35 baseweed-admin systemd[853]: qdistro-polkit-agent.service: Scheduled restart job, restart counter is at 22.
Oct 04 10:03:35 baseweed-admin systemd[853]: Started qdistro polkit authentication agent (PAM / fprintd / broker).
Oct 04 10:03:35 baseweed-admin qdistro-polkit-agent[5275]: registration failed: org.freedesktop.PolicyKit1.Error.Failed: Cannot determine session the caller is in
Oct 04 10:03:35 baseweed-admin python3[5275]: qdistro-polkit-agent: registration failed: org.freedesktop.PolicyKit1.Error.Failed: Cannot determine session the caller is in
Oct 04 10:03:35 baseweed-admin systemd[853]: qdistro-polkit-agent.service: Main process exited, code=exited, status=1/FAILURE
Oct 04 10:03:35 baseweed-admin systemd[853]: qdistro-polkit-agent.service: Failed with result 'exit-code'.
Oct 04 10:03:37 baseweed-admin dbus-run-session[1036]:   WARN: Process failed to start, likely because the binary could not be found. Command: QList("bluetoothctl", "show")
Oct 04 10:03:38 baseweed-admin systemd[853]: qdistro-polkit-agent.service: Scheduled restart job, restart counter is at 23.
Oct 04 10:03:38 baseweed-admin systemd[853]: Started qdistro polkit authentication agent (PAM / fprintd / broker).
Oct 04 10:03:38 baseweed-admin qdistro-polkit-agent[6402]: registration failed: org.freedesktop.PolicyKit1.Error.Failed: Cannot determine session the caller is in
Oct 04 10:03:38 baseweed-admin python3[6402]: qdistro-polkit-agent: registration failed: org.freedesktop.PolicyKit1.Error.Failed: Cannot determine session the caller is in
Oct 04 10:03:38 baseweed-admin systemd[853]: qdistro-polkit-agent.service: Main process exited, code=exited, status=1/FAILURE
Oct 04 10:03:38 baseweed-admin systemd[853]: qdistro-polkit-agent.service: Failed with result 'exit-code'.
Oct 04 10:03:39 baseweed-admin systemd[853]: Started podman-6656.scope.
Oct 04 10:03:39 baseweed-admin dbus-run-session[1036]:   WARN: Process failed to start, likely because the binary could not be found. Command: QList("bluetoothctl", "show")
Oct 04 10:03:39 baseweed-admin systemd[853]: Started podman-6708.scope.
Oct 04 10:03:39 baseweed-admin systemd[853]: Started podman-6722.scope.
Oct 04 10:03:39 baseweed-admin systemd[853]: Started podman-6747.scope.
Oct 04 10:03:39 baseweed-admin systemd[853]: Started podman-6777.scope.
Oct 04 10:03:40 baseweed-admin systemd[853]: Started podman-6797.scope.
Oct 04 10:03:40 baseweed-admin systemd[853]: Started podman-6825.scope.
Oct 04 10:03:40 baseweed-admin systemd[853]: Started podman-6843.scope.
Oct 04 10:03:40 baseweed-admin systemd[853]: Started podman-6873.scope.
Oct 04 10:03:41 baseweed-admin dbus-run-session[1036]:   WARN: Process failed to start, likely because the binary could not be found. Command: QList("bluetoothctl", "show")
Oct 04 10:03:41 baseweed-admin systemd[853]: qdistro-polkit-agent.service: Scheduled restart job, restart counter is at 24.
Oct 04 10:03:41 baseweed-admin systemd[853]: Started qdistro polkit authentication agent (PAM / fprintd / broker).
Oct 04 10:03:42 baseweed-admin qdistro-polkit-agent[7003]: registration failed: org.freedesktop.PolicyKit1.Error.Failed: Cannot determine session the caller is in
Oct 04 10:03:42 baseweed-admin python3[7003]: qdistro-polkit-agent: registration failed: org.freedesktop.PolicyKit1.Error.Failed: Cannot determine session the caller is in
Oct 04 10:03:42 baseweed-admin systemd[853]: qdistro-polkit-agent.service: Main process exited, code=exited, status=1/FAILURE
Oct 04 10:03:42 baseweed-admin systemd[853]: qdistro-polkit-agent.service: Failed with result 'exit-code'.
Oct 04 10:03:42 baseweed-admin systemd[853]: Started podman-7077.scope.
Oct 04 10:03:42 baseweed-admin systemd[853]: Started podman-7089.scope.
Oct 04 10:03:42 baseweed-admin podman[7089]: 2026-10-04 10:03:42.638007886 +0000 UTC m=+0.030148715 image pull 82aa280b22384fc8f63983614507c67b3a109ca7a316d25bfdac7cfc17437b2b localhost/tier3s-probe:empty
Oct 04 10:03:42 baseweed-admin podman[7089]: 2026-10-04 10:03:42.868936814 +0000 UTC m=+0.261077623 container create 76bb7d1f77c57acaca56bd4b8a7461695e745f39b1c790d5a8611195528abfa8 (image=localhost/tier3s-probe:empty, name=tier3s-probe-6938)
Oct 04 10:03:42 baseweed-admin systemd[853]: Started podman-7110.scope.
Oct 04 10:03:42 baseweed-admin systemd[853]: Started podman-7121.scope.
Oct 04 10:03:43 baseweed-admin systemd[853]: Started podman-7132.scope.
Oct 04 10:03:43 baseweed-admin podman[7132]: 2026-10-04 10:03:43.141621102 +0000 UTC m=+0.148323741 container remove 76bb7d1f77c57acaca56bd4b8a7461695e745f39b1c790d5a8611195528abfa8 (image=localhost/tier3s-probe:empty, name=tier3s-probe-6938)
Oct 04 10:03:43 baseweed-admin qdistro-tier3s-silo-launch[7145]: [resolve-binding] silo 's125a' is untemplated (no binding)
Oct 04 10:03:43 baseweed-admin systemd[853]: Started podman-7176.scope.
Oct 04 10:03:43 baseweed-admin systemd[853]: Started podman-7209.scope.
Oct 04 10:03:43 baseweed-admin weston[938]: [10:03:43.398] qdwin/secctx: helper pid=7229 launcher parent pid=7219 exe unreadable; falling back to verified root-parent + stable-starttime attestation
Oct 04 10:03:43 baseweed-admin weston[938]: [10:03:43.398] qdwin/secctx: helper pid=7229 launcher parent pid=7219 exe unreadable; falling back to verified root-parent + stable-starttime attestation
Oct 04 10:03:43 baseweed-admin weston[938]: [10:03:43.399] qdwin/secctx: helper pid=7229 launcher parent pid=7219 exe unreadable; falling back to verified root-parent + stable-starttime attestation
Oct 04 10:03:43 baseweed-admin weston[938]: [10:03:43.400] qdwin/secctx: helper pid=7229 launcher parent pid=7219 exe unreadable; falling back to verified root-parent + stable-starttime attestation
Oct 04 10:03:43 baseweed-admin weston[938]: [10:03:43.400] qdwin/secctx: manager bound by uid=1000 pid=7229 (helper)
Oct 04 10:03:43 baseweed-admin weston[938]: [10:03:43.400] qdwin/secctx: committed engine=qdistro.tier3s app_id=qdistro.tier3s.s125a instance_id=a924412b722034f2330b51575b94bd22 listen_fd=72 close_fd=73
Oct 04 10:03:43 baseweed-admin dbus-run-session[1036]:   WARN: Process failed to start, likely because the binary could not be found. Command: QList("bluetoothctl", "show")
Oct 04 10:03:43 baseweed-admin weston[938]: [10:03:43.402] qdwin/secctx: client accepted engine=qdistro.tier3s app_id=qdistro.tier3s.s125a instance_id=a924412b722034f2330b51575b94bd22 (total tagged: 1)
Oct 04 10:03:44 baseweed-admin dbus-run-session[1036]:   WARN qml: [20261004-100344]       Location Weather is still fetching
Oct 04 10:03:44 baseweed-admin dbus-run-session[1036]:  ERROR qml: [20261004-100344]       Location Geocoding error: 0
Oct 04 10:03:45 baseweed-admin systemd[853]: qdistro-polkit-agent.service: Scheduled restart job, restart counter is at 25.
Oct 04 10:03:45 baseweed-admin systemd[853]: Started qdistro polkit authentication agent (PAM / fprintd / broker).
Oct 04 10:03:45 baseweed-admin qdistro-polkit-agent[7839]: registration failed: org.freedesktop.PolicyKit1.Error.Failed: Cannot determine session the caller is in
Oct 04 10:03:45 baseweed-admin python3[7839]: qdistro-polkit-agent: registration failed: org.freedesktop.PolicyKit1.Error.Failed: Cannot determine session the caller is in
Oct 04 10:03:45 baseweed-admin systemd[853]: qdistro-polkit-agent.service: Main process exited, code=exited, status=1/FAILURE
Oct 04 10:03:45 baseweed-admin systemd[853]: qdistro-polkit-agent.service: Failed with result 'exit-code'.
Oct 04 10:03:45 baseweed-admin dbus-run-session[1036]:   WARN: Process failed to start, likely because the binary could not be found. Command: QList("bluetoothctl", "show")
Oct 04 10:03:46 baseweed-admin systemd[853]: Started podman-8607.scope.
Oct 04 10:03:46 baseweed-admin systemd[853]: Started podman-8659.scope.
Oct 04 10:03:47 baseweed-admin dbus-run-session[1036]:   WARN: Process failed to start, likely because the binary could not be found. Command: QList("bluetoothctl", "show")
Oct 04 10:03:48 baseweed-admin systemd[853]: Started podman-8800.scope.
Oct 04 10:03:48 baseweed-admin systemd[853]: Started podman-8818.scope.
Oct 04 10:03:48 baseweed-admin systemd[853]: Started podman-8847.scope.
Oct 04 10:03:48 baseweed-admin systemd[853]: qdistro-polkit-agent.service: Scheduled restart job, restart counter is at 26.
Oct 04 10:03:48 baseweed-admin systemd[853]: Started qdistro polkit authentication agent (PAM / fprintd / broker).
Oct 04 10:03:48 baseweed-admin dbus-run-session[1036]:   WARN qml: [20261004-100348]        Network Connectivity check error: Error: Not authorized to recheck connectivity.
Oct 04 10:03:48 baseweed-admin qdistro-polkit-agent[8979]: registration failed: org.freedesktop.PolicyKit1.Error.Failed: Cannot determine session the caller is in
Oct 04 10:03:48 baseweed-admin python3[8979]: qdistro-polkit-agent: registration failed: org.freedesktop.PolicyKit1.Error.Failed: Cannot determine session the caller is in
Oct 04 10:03:48 baseweed-admin systemd[853]: qdistro-polkit-agent.service: Main process exited, code=exited, status=1/FAILURE
Oct 04 10:03:48 baseweed-admin systemd[853]: qdistro-polkit-agent.service: Failed with result 'exit-code'.
Oct 04 10:03:49 baseweed-admin systemd[853]: Started podman-9059.scope.
Oct 04 10:03:49 baseweed-admin systemd[853]: Started podman-9070.scope.
Oct 04 10:03:49 baseweed-admin podman[9070]: 2026-10-04 10:03:49.092250776 +0000 UTC m=+0.032805247 image pull 82aa280b22384fc8f63983614507c67b3a109ca7a316d25bfdac7cfc17437b2b localhost/tier3s-probe:empty
Oct 04 10:03:49 baseweed-admin podman[9070]: 2026-10-04 10:03:49.213028281 +0000 UTC m=+0.153582742 container create d793990e9d6e7e8ccad2cf60ddbfe5d75e1de7e42ae8fc979266fe15c510d3db (image=localhost/tier3s-probe:empty, name=tier3s-probe-8905)
Oct 04 10:03:49 baseweed-admin systemd[853]: Started podman-9081.scope.
Oct 04 10:03:49 baseweed-admin systemd[853]: Started podman-9092.scope.
Oct 04 10:03:49 baseweed-admin systemd[853]: Started podman-9102.scope.
Oct 04 10:03:49 baseweed-admin dbus-run-session[1036]:   WARN: Process failed to start, likely because the binary could not be found. Command: QList("bluetoothctl", "show")
Oct 04 10:03:49 baseweed-admin podman[9102]: 2026-10-04 10:03:49.466090867 +0000 UTC m=+0.153770333 container remove d793990e9d6e7e8ccad2cf60ddbfe5d75e1de7e42ae8fc979266fe15c510d3db (image=localhost/tier3s-probe:empty, name=tier3s-probe-8905)
Oct 04 10:03:49 baseweed-admin qdistro-tier3s-silo-launch[9116]: [resolve-binding] silo 's125a' is untemplated (no binding)
Oct 04 10:03:49 baseweed-admin systemd[853]: Started podman-9147.scope.
Oct 04 10:03:49 baseweed-admin systemd[853]: Started podman-9180.scope.
Oct 04 10:03:49 baseweed-admin weston[938]: [10:03:49.733] qdwin/secctx: helper pid=9200 launcher parent pid=9190 exe unreadable; falling back to verified root-parent + stable-starttime attestation
Oct 04 10:03:49 baseweed-admin weston[938]: [10:03:49.734] qdwin/secctx: helper pid=9200 launcher parent pid=9190 exe unreadable; falling back to verified root-parent + stable-starttime attestation
Oct 04 10:03:49 baseweed-admin weston[938]: [10:03:49.734] qdwin/secctx: helper pid=9200 launcher parent pid=9190 exe unreadable; falling back to verified root-parent + stable-starttime attestation
Oct 04 10:03:49 baseweed-admin weston[938]: [10:03:49.734] qdwin/secctx: helper pid=9200 launcher parent pid=9190 exe unreadable; falling back to verified root-parent + stable-starttime attestation
Oct 04 10:03:49 baseweed-admin weston[938]: [10:03:49.734] qdwin/secctx: manager bound by uid=1000 pid=9200 (helper)
Oct 04 10:03:49 baseweed-admin weston[938]: [10:03:49.734] qdwin/secctx: committed engine=qdistro.tier3s app_id=qdistro.tier3s.s125a instance_id=1c9f72726d2a575b7da5ffa620aba950 listen_fd=76 close_fd=77
Oct 04 10:03:49 baseweed-admin weston[938]: [10:03:49.735] qdwin/secctx: client accepted engine=qdistro.tier3s app_id=qdistro.tier3s.s125a instance_id=1c9f72726d2a575b7da5ffa620aba950 (total tagged: 1)
Oct 04 10:03:49 baseweed-admin systemd[853]: Started podman-9222.scope.
Oct 04 10:03:50 baseweed-admin podman[9239]: 2026-10-04 10:03:49.917018557 +0000 UTC m=+0.023155301 image pull c1cfa112ea7171ba1c62d14d9adda09e40b530bd9f5b3e76cfaf4e29ff0b345e localhost/qdistro/tier3s-weston-terminal:latest
Oct 04 10:03:51 baseweed-admin dbus-run-session[1036]:   WARN: Process failed to start, likely because the binary could not be found. Command: QList("bluetoothctl", "show")
Oct 04 10:03:51 baseweed-admin systemd[853]: qdistro-polkit-agent.service: Scheduled restart job, restart counter is at 27.
Oct 04 10:03:51 baseweed-admin systemd[853]: Started qdistro polkit authentication agent (PAM / fprintd / broker).
Oct 04 10:03:51 baseweed-admin qdistro-polkit-agent[9271]: registration failed: org.freedesktop.PolicyKit1.Error.Failed: Cannot determine session the caller is in
Oct 04 10:03:51 baseweed-admin python3[9271]: qdistro-polkit-agent: registration failed: org.freedesktop.PolicyKit1.Error.Failed: Cannot determine session the caller is in
Oct 04 10:03:51 baseweed-admin systemd[853]: qdistro-polkit-agent.service: Main process exited, code=exited, status=1/FAILURE
Oct 04 10:03:51 baseweed-admin systemd[853]: qdistro-polkit-agent.service: Failed with result 'exit-code'.
Oct 04 10:03:52 baseweed-admin podman[9239]: 2026-10-04 10:03:52.262952042 +0000 UTC m=+2.369088755 container create be3bd0596f1825271c71579507022196b0891d8a03f36f9e3f85a4504169d8ee (image=localhost/qdistro/tier3s-weston-terminal:latest, name=qdistro-tier3s-s125a, org.opensuse.base.reference=registry.opensuse.org/opensuse/tumbleweed:20260930.37.208, org.openbuildservice.disturl=obs://build.opensuse.org/openSUSE:Factory/images/561f9d4c8e4e1a441f95ad4ec6b5a914-opensuse-tumbleweed-image:docker, qdistro_tier3s_token=1c9f72726d2a575b7da5ffa620aba950, org.opensuse.reference=registry.opensuse.org/opensuse/tumbleweed:20260930.37.208, org.qdistro.tier3s.workload=weston-terminal, org.qdistro.snapshot=20260930, org.opensuse.base.title=openSUSE Tumbleweed Base Container, org.opensuse.base.version=20260930.37.208, io.buildah.version=1.44.1, org.opensuse.base.description=Image containing a minimal environment for containers based on openSUSE Tumbleweed., org.opensuse.base.lifecycle-url=https://en.opensuse.org/Lifetime, org.opencontainers.image.title=openSUSE Tumbleweed Base Container, org.opensuse.base.url=https://www.opensuse.org, org.opencontainers.image.version=20260930.37.208, org.opencontainers.image.created=2026-09-30T20:05:54.126624488Z, org.opencontainers.image.vendor=openSUSE Project, qdistro_tier3s_unit=qdistro-tier3s-silo@s125a.service, org.opensuse.base.source=https://build.opensuse.org/package/show/openSUSE:Factory/opensuse-tumbleweed-image?rev=561f9d4c8e4e1a441f95ad4ec6b5a914, org.opencontainers.image.url=https://www.opensuse.org, org.opensuse.base.created=2026-09-30T20:05:54.126624488Z, org.opensuse.base.vendor=openSUSE Project, org.opensuse.base.disturl=obs://build.opensuse.org/openSUSE:Factory/images/561f9d4c8e4e1a441f95ad4ec6b5a914-opensuse-tumbleweed-image:docker, org.opencontainers.image.source=https://build.opensuse.org/package/show/openSUSE:Factory/opensuse-tumbleweed-image?rev=561f9d4c8e4e1a441f95ad4ec6b5a914, org.opensuse.lifecycle-url=https://en.opensuse.org/Lifetime, org.opencontainers.image.description=Image containing a minimal environment for containers based on openSUSE Tumbleweed.)
Oct 04 10:03:52 baseweed-admin podman[9239]: 2026-10-04 10:03:52.392351178 +0000 UTC m=+2.498487901 container init be3bd0596f1825271c71579507022196b0891d8a03f36f9e3f85a4504169d8ee (image=localhost/qdistro/tier3s-weston-terminal:latest, name=qdistro-tier3s-s125a, org.opencontainers.image.version=20260930.37.208, org.opencontainers.image.title=openSUSE Tumbleweed Base Container, org.opensuse.base.source=https://build.opensuse.org/package/show/openSUSE:Factory/opensuse-tumbleweed-image?rev=561f9d4c8e4e1a441f95ad4ec6b5a914, org.qdistro.snapshot=20260930, org.opensuse.lifecycle-url=https://en.opensuse.org/Lifetime, io.buildah.version=1.44.1, org.openbuildservice.disturl=obs://build.opensuse.org/openSUSE:Factory/images/561f9d4c8e4e1a441f95ad4ec6b5a914-opensuse-tumbleweed-image:docker, org.opensuse.base.description=Image containing a minimal environment for containers based on openSUSE Tumbleweed., org.opensuse.base.lifecycle-url=https://en.opensuse.org/Lifetime, org.opencontainers.image.source=https://build.opensuse.org/package/show/openSUSE:Factory/opensuse-tumbleweed-image?rev=561f9d4c8e4e1a441f95ad4ec6b5a914, org.opencontainers.image.url=https://www.opensuse.org, org.opensuse.base.vendor=openSUSE Project, org.opencontainers.image.created=2026-09-30T20:05:54.126624488Z, org.opencontainers.image.description=Image containing a minimal environment for containers based on openSUSE Tumbleweed., org.opencontainers.image.vendor=openSUSE Project, org.opensuse.base.reference=registry.opensuse.org/opensuse/tumbleweed:20260930.37.208, org.opensuse.base.disturl=obs://build.opensuse.org/openSUSE:Factory/images/561f9d4c8e4e1a441f95ad4ec6b5a914-opensuse-tumbleweed-image:docker, qdistro_tier3s_token=1c9f72726d2a575b7da5ffa620aba950, org.opensuse.base.url=https://www.opensuse.org, org.opensuse.reference=registry.opensuse.org/opensuse/tumbleweed:20260930.37.208, org.opensuse.base.title=openSUSE Tumbleweed Base Container, org.opensuse.base.version=20260930.37.208, qdistro_tier3s_unit=qdistro-tier3s-silo@s125a.service, org.qdistro.tier3s.workload=weston-terminal, org.opensuse.base.created=2026-09-30T20:05:54.126624488Z)
Oct 04 10:03:52 baseweed-admin podman[9239]: 2026-10-04 10:03:52.414941142 +0000 UTC m=+2.521078136 container start be3bd0596f1825271c71579507022196b0891d8a03f36f9e3f85a4504169d8ee (image=localhost/qdistro/tier3s-weston-terminal:latest, name=qdistro-tier3s-s125a, org.openbuildservice.disturl=obs://build.opensuse.org/openSUSE:Factory/images/561f9d4c8e4e1a441f95ad4ec6b5a914-opensuse-tumbleweed-image:docker, org.opensuse.base.lifecycle-url=https://en.opensuse.org/Lifetime, org.opensuse.base.url=https://www.opensuse.org, org.opensuse.base.vendor=openSUSE Project, org.opensuse.lifecycle-url=https://en.opensuse.org/Lifetime, org.opensuse.base.reference=registry.opensuse.org/opensuse/tumbleweed:20260930.37.208, org.opensuse.base.disturl=obs://build.opensuse.org/openSUSE:Factory/images/561f9d4c8e4e1a441f95ad4ec6b5a914-opensuse-tumbleweed-image:docker, org.opencontainers.image.source=https://build.opensuse.org/package/show/openSUSE:Factory/opensuse-tumbleweed-image?rev=561f9d4c8e4e1a441f95ad4ec6b5a914, qdistro_tier3s_token=1c9f72726d2a575b7da5ffa620aba950, org.opensuse.base.source=https://build.opensuse.org/package/show/openSUSE:Factory/opensuse-tumbleweed-image?rev=561f9d4c8e4e1a441f95ad4ec6b5a914, org.opensuse.reference=registry.opensuse.org/opensuse/tumbleweed:20260930.37.208, org.opensuse.base.description=Image containing a minimal environment for containers based on openSUSE Tumbleweed., qdistro_tier3s_unit=qdistro-tier3s-silo@s125a.service, org.opencontainers.image.url=https://www.opensuse.org, org.qdistro.snapshot=20260930, org.opensuse.base.title=openSUSE Tumbleweed Base Container, org.opencontainers.image.created=2026-09-30T20:05:54.126624488Z, io.buildah.version=1.44.1, org.opencontainers.image.vendor=openSUSE Project, org.opencontainers.image.title=openSUSE Tumbleweed Base Container, org.qdistro.tier3s.workload=weston-terminal, org.opensuse.base.created=2026-09-30T20:05:54.126624488Z, org.opensuse.base.version=20260930.37.208, org.opencontainers.image.version=20260930.37.208, org.opencontainers.image.description=Image containing a minimal environment for containers based on openSUSE Tumbleweed.)
Oct 04 10:03:52 baseweed-admin podman[9239]: 2026-10-04 10:03:52.446846711 +0000 UTC m=+2.552983444 container attach be3bd0596f1825271c71579507022196b0891d8a03f36f9e3f85a4504169d8ee (image=localhost/qdistro/tier3s-weston-terminal:latest, name=qdistro-tier3s-s125a, org.opensuse.reference=registry.opensuse.org/opensuse/tumbleweed:20260930.37.208, org.opensuse.base.title=openSUSE Tumbleweed Base Container, org.opencontainers.image.created=2026-09-30T20:05:54.126624488Z, qdistro_tier3s_unit=qdistro-tier3s-silo@s125a.service, org.opencontainers.image.title=openSUSE Tumbleweed Base Container, org.opensuse.base.url=https://www.opensuse.org, org.opensuse.base.created=2026-09-30T20:05:54.126624488Z, org.opensuse.base.vendor=openSUSE Project, org.opencontainers.image.vendor=openSUSE Project, org.opensuse.base.reference=registry.opensuse.org/opensuse/tumbleweed:20260930.37.208, org.opensuse.base.disturl=obs://build.opensuse.org/openSUSE:Factory/images/561f9d4c8e4e1a441f95ad4ec6b5a914-opensuse-tumbleweed-image:docker, org.opencontainers.image.source=https://build.opensuse.org/package/show/openSUSE:Factory/opensuse-tumbleweed-image?rev=561f9d4c8e4e1a441f95ad4ec6b5a914, qdistro_tier3s_token=1c9f72726d2a575b7da5ffa620aba950, org.qdistro.tier3s.workload=weston-terminal, io.buildah.version=1.44.1, org.opensuse.base.source=https://build.opensuse.org/package/show/openSUSE:Factory/opensuse-tumbleweed-image?rev=561f9d4c8e4e1a441f95ad4ec6b5a914, org.qdistro.snapshot=20260930, org.opensuse.base.version=20260930.37.208, org.opencontainers.image.version=20260930.37.208, org.opensuse.lifecycle-url=https://en.opensuse.org/Lifetime, org.opencontainers.image.description=Image containing a minimal environment for containers based on openSUSE Tumbleweed., org.openbuildservice.disturl=obs://build.opensuse.org/openSUSE:Factory/images/561f9d4c8e4e1a441f95ad4ec6b5a914-opensuse-tumbleweed-image:docker, org.opensuse.base.description=Image containing a minimal environment for containers based on openSUSE Tumbleweed., org.opensuse.base.lifecycle-url=https://en.opensuse.org/Lifetime, org.opencontainers.image.url=https://www.opensuse.org)
Oct 04 10:03:52 baseweed-admin systemd[853]: Started podman-9348.scope.
Oct 04 10:03:52 baseweed-admin qdistro-tier3s-s125a[9286]: could not load cursor 'dnd-move'
Oct 04 10:03:52 baseweed-admin qdistro-tier3s-s125a[9286]: could not load cursor 'dnd-copy'
Oct 04 10:03:52 baseweed-admin qdistro-tier3s-silo-launch[9239]: could not load cursor 'dnd-move'
Oct 04 10:03:52 baseweed-admin qdistro-tier3s-silo-launch[9239]: could not load cursor 'dnd-copy'
Oct 04 10:03:52 baseweed-admin qdistro-tier3s-silo-launch[9239]: could not load cursor 'dnd-none'
Oct 04 10:03:52 baseweed-admin qdistro-tier3s-s125a[9286]: could not load cursor 'dnd-none'
Oct 04 10:03:52 baseweed-admin weston[938]: [10:03:52.585] qdwin: toplevel_added handle=1 uid=1000 pid=9201 app_id=(null) title=""
Oct 04 10:03:52 baseweed-admin weston[938]: [10:03:52.585] qdwin: toplevel_security_context handle=1 engine=qdistro.tier3s app_id=qdistro.tier3s.s125a instance=1c9f72726d2a575b7da5ffa620aba950
Oct 04 10:03:52 baseweed-admin weston[938]: [10:03:52.585] qdwin: toplevel_peer_identity handle=1 pid=9201 starttime=9886 uid=1000 exe=/usr/bin/waypipe label=system_u:system_r:unconfined_service_t:s0
Oct 04 10:03:52 baseweed-admin weston[938]: [10:03:52.585] qdwin: holding_released handle=1 via default_toplevel_policy (held → normal)
Oct 04 10:03:52 baseweed-admin weston[938]: [10:03:52.589] Detected an unmapped surface or view in the layer list, which should not occur.
Oct 04 10:03:52 baseweed-admin weston[938]:                Warning: the above message will not be printed again.
Oct 04 10:03:52 baseweed-admin dbus-run-session[1036]:   INFO qml: [20261004-100352]          Qdwin toplevel_security_context handle=1 engine=qdistro.tier3s app_id=qdistro.tier3s.s125a instance=1c9f72726d2a575b7da5ffa620aba950
Oct 04 10:03:52 baseweed-admin dbus-run-session[1036]:   INFO qml: [20261004-100352]     Tier3sApps [tier3s] toplevel observed silo=s125a secctx=qdistro.tier3s.s125a color=#26c6da handle=1
Oct 04 10:03:52 baseweed-admin dbus-run-session[1036]:   INFO qml: [20261004-100352]     Tier3sApps [tier3s] silo=s125a color=#26c6da
Oct 04 10:03:52 baseweed-admin weston[938]: [10:03:52.623] qdwin: toplevel_title handle=1 title="[3s:s125a] Wayland Terminal"
Oct 04 10:03:52 baseweed-admin weston[938]: [10:03:52.623] qdwin: toplevel_app_id handle=1 app_id="org.freedesktop.weston.wayland-terminal"
Oct 04 10:03:52 baseweed-admin weston[938]: [10:03:52.623] qdwin: mapped handle=1 size=806x491 pos=557,310 (normal)
Oct 04 10:03:52 baseweed-admin weston[938]: [10:03:52.623] qdwin: focus handle=1 (was 4294967295) seat=default
Oct 04 10:03:52 baseweed-admin weston[938]: [10:03:52.623] qdwin: seat_focus_changed seat=default handle=1
Oct 04 10:03:52 baseweed-admin dbus-run-session[1036]:   WARN: Could not load icon "org.freedesktop.weston.wayland-terminal?fallback=application-x-executable" at size QSize(19, 19) from request
Oct 04 10:03:52 baseweed-admin systemd[853]: Started podman-9388.scope.
Oct 04 10:03:52 baseweed-admin systemd[853]: Started podman-9427.scope.
Oct 04 10:03:52 baseweed-admin systemd[853]: Started podman-9437.scope.
Oct 04 10:03:52 baseweed-admin systemd[853]: Started podman-9479.scope.
Oct 04 10:03:53 baseweed-admin weston[938]: [10:03:53.044] qdwin: toplevel_removed handle=1
Oct 04 10:03:53 baseweed-admin weston[938]: [10:03:53.044] qdwin: focus handle=4294967295 (was 1) seat=default
Oct 04 10:03:53 baseweed-admin weston[938]: [10:03:53.044] qdwin: seat_focus_changed seat=default handle=4294967295
Oct 04 10:03:53 baseweed-admin podman[9239]: 2026-10-04 10:03:53.100099153 +0000 UTC m=+3.206235866 container died be3bd0596f1825271c71579507022196b0891d8a03f36f9e3f85a4504169d8ee (image=localhost/qdistro/tier3s-weston-terminal:latest, name=qdistro-tier3s-s125a, org.opencontainers.image.description=Image containing a minimal environment for containers based on openSUSE Tumbleweed., org.qdistro.snapshot=20260930, org.opensuse.base.version=20260930.37.208, org.opencontainers.image.vendor=openSUSE Project, org.opensuse.base.description=Image containing a minimal environment for containers based on openSUSE Tumbleweed., org.opensuse.base.lifecycle-url=https://en.opensuse.org/Lifetime, org.opensuse.base.disturl=obs://build.opensuse.org/openSUSE:Factory/images/561f9d4c8e4e1a441f95ad4ec6b5a914-opensuse-tumbleweed-image:docker, qdistro_tier3s_token=1c9f72726d2a575b7da5ffa620aba950, org.opensuse.base.url=https://www.opensuse.org, org.opensuse.base.source=https://build.opensuse.org/package/show/openSUSE:Factory/opensuse-tumbleweed-image?rev=561f9d4c8e4e1a441f95ad4ec6b5a914, org.opencontainers.image.url=https://www.opensuse.org, org.qdistro.tier3s.workload=weston-terminal, org.opencontainers.image.version=20260930.37.208, org.opensuse.lifecycle-url=https://en.opensuse.org/Lifetime, io.buildah.version=1.44.1, qdistro_tier3s_unit=qdistro-tier3s-silo@s125a.service, org.opensuse.base.reference=registry.opensuse.org/opensuse/tumbleweed:20260930.37.208, org.openbuildservice.disturl=obs://build.opensuse.org/openSUSE:Factory/images/561f9d4c8e4e1a441f95ad4ec6b5a914-opensuse-tumbleweed-image:docker, org.opensuse.base.created=2026-09-30T20:05:54.126624488Z, org.opensuse.base.title=openSUSE Tumbleweed Base Container, org.opensuse.base.vendor=openSUSE Project, org.opencontainers.image.source=https://build.opensuse.org/package/show/openSUSE:Factory/opensuse-tumbleweed-image?rev=561f9d4c8e4e1a441f95ad4ec6b5a914, org.opencontainers.image.title=openSUSE Tumbleweed Base Container, org.opensuse.reference=registry.opensuse.org/opensuse/tumbleweed:20260930.37.208, org.opencontainers.image.created=2026-09-30T20:05:54.126624488Z)
Oct 04 10:03:53 baseweed-admin podman[9239]: 2026-10-04 10:03:53.337695529 +0000 UTC m=+3.443832242 container remove be3bd0596f1825271c71579507022196b0891d8a03f36f9e3f85a4504169d8ee (image=localhost/qdistro/tier3s-weston-terminal:latest, name=qdistro-tier3s-s125a, org.opensuse.base.title=openSUSE Tumbleweed Base Container, org.opensuse.lifecycle-url=https://en.opensuse.org/Lifetime, org.opencontainers.image.source=https://build.opensuse.org/package/show/openSUSE:Factory/opensuse-tumbleweed-image?rev=561f9d4c8e4e1a441f95ad4ec6b5a914, org.opencontainers.image.version=20260930.37.208, org.opensuse.base.description=Image containing a minimal environment for containers based on openSUSE Tumbleweed., org.opensuse.base.reference=registry.opensuse.org/opensuse/tumbleweed:20260930.37.208, org.opensuse.base.vendor=openSUSE Project, org.opensuse.base.disturl=obs://build.opensuse.org/openSUSE:Factory/images/561f9d4c8e4e1a441f95ad4ec6b5a914-opensuse-tumbleweed-image:docker, org.opensuse.base.lifecycle-url=https://en.opensuse.org/Lifetime, org.opensuse.base.created=2026-09-30T20:05:54.126624488Z, org.qdistro.snapshot=20260930, org.opencontainers.image.title=openSUSE Tumbleweed Base Container, io.buildah.version=1.44.1, org.openbuildservice.disturl=obs://build.opensuse.org/openSUSE:Factory/images/561f9d4c8e4e1a441f95ad4ec6b5a914-opensuse-tumbleweed-image:docker, org.qdistro.tier3s.workload=weston-terminal, org.opencontainers.image.created=2026-09-30T20:05:54.126624488Z, org.opensuse.base.version=20260930.37.208, org.opencontainers.image.vendor=openSUSE Project, org.opensuse.base.url=https://www.opensuse.org, qdistro_tier3s_token=1c9f72726d2a575b7da5ffa620aba950, qdistro_tier3s_unit=qdistro-tier3s-silo@s125a.service, org.opencontainers.image.description=Image containing a minimal environment for containers based on openSUSE Tumbleweed., org.opencontainers.image.url=https://www.opensuse.org, org.opensuse.reference=registry.opensuse.org/opensuse/tumbleweed:20260930.37.208, org.opensuse.base.source=https://build.opensuse.org/package/show/openSUSE:Factory/opensuse-tumbleweed-image?rev=561f9d4c8e4e1a441f95ad4ec6b5a914)
Oct 04 10:03:53 baseweed-admin dbus-run-session[1036]:   WARN: Process failed to start, likely because the binary could not be found. Command: QList("bluetoothctl", "show")
Oct 04 10:03:54 baseweed-admin dbus-run-session[1036]:   INFO qml: [20261004-100354]        PodApps cache refresh loaded 0 apps
Oct 04 10:03:54 baseweed-admin systemd[853]: qdistro-polkit-agent.service: Scheduled restart job, restart counter is at 28.
Oct 04 10:03:54 baseweed-admin systemd[853]: Started qdistro polkit authentication agent (PAM / fprintd / broker).
Oct 04 10:03:55 baseweed-admin qdistro-polkit-agent[11326]: registration failed: org.freedesktop.PolicyKit1.Error.Failed: Cannot determine session the caller is in
Oct 04 10:03:55 baseweed-admin python3[11326]: qdistro-polkit-agent: registration failed: org.freedesktop.PolicyKit1.Error.Failed: Cannot determine session the caller is in
Oct 04 10:03:55 baseweed-admin systemd[853]: qdistro-polkit-agent.service: Main process exited, code=exited, status=1/FAILURE
Oct 04 10:03:55 baseweed-admin systemd[853]: qdistro-polkit-agent.service: Failed with result 'exit-code'.
Oct 04 10:03:55 baseweed-admin systemd[853]: Started podman-11339.scope.
Oct 04 10:03:55 baseweed-admin dbus-run-session[1036]:   WARN: Process failed to start, likely because the binary could not be found. Command: QList("bluetoothctl", "show")
Oct 04 10:03:55 baseweed-admin systemd[853]: Started podman-11400.scope.
Oct 04 10:03:55 baseweed-admin systemd[853]: Started podman-11466.scope.
Oct 04 10:03:55 baseweed-admin systemd[853]: Started podman-11476.scope.
Oct 04 10:03:56 baseweed-admin systemd[853]: Started podman-11675.scope.
Oct 04 10:03:56 baseweed-admin systemd[853]: Started podman-11686.scope.
Oct 04 10:03:56 baseweed-admin podman[11686]: 2026-10-04 10:03:56.521378833 +0000 UTC m=+0.025054068 image pull 82aa280b22384fc8f63983614507c67b3a109ca7a316d25bfdac7cfc17437b2b localhost/tier3s-probe:empty
Oct 04 10:03:56 baseweed-admin podman[11686]: 2026-10-04 10:03:56.609598206 +0000 UTC m=+0.113273431 container create de5583d95a3b648a7848355e00c4678130015461abfd6e4a62bc754317a22f79 (image=localhost/tier3s-probe:empty, name=tier3s-probe-11539)
Oct 04 10:03:56 baseweed-admin systemd[853]: Started podman-11698.scope.
Oct 04 10:03:56 baseweed-admin systemd[853]: Started podman-11709.scope.
Oct 04 10:03:56 baseweed-admin systemd[853]: Started podman-11720.scope.
Oct 04 10:03:56 baseweed-admin podman[11720]: 2026-10-04 10:03:56.828946319 +0000 UTC m=+0.125421087 container remove de5583d95a3b648a7848355e00c4678130015461abfd6e4a62bc754317a22f79 (image=localhost/tier3s-probe:empty, name=tier3s-probe-11539)
Oct 04 10:03:56 baseweed-admin qdistro-tier3s-silo-launch[11733]: [resolve-binding] silo 's125a' is untemplated (no binding)
Oct 04 10:03:56 baseweed-admin systemd[853]: Started podman-11764.scope.
Oct 04 10:03:57 baseweed-admin systemd[853]: Started podman-11796.scope.
Oct 04 10:03:57 baseweed-admin weston[938]: [10:03:57.095] qdwin/secctx: helper pid=11816 launcher parent pid=11806 exe unreadable; falling back to verified root-parent + stable-starttime attestation
Oct 04 10:03:57 baseweed-admin weston[938]: [10:03:57.095] qdwin/secctx: helper pid=11816 launcher parent pid=11806 exe unreadable; falling back to verified root-parent + stable-starttime attestation
Oct 04 10:03:57 baseweed-admin weston[938]: [10:03:57.096] qdwin/secctx: helper pid=11816 launcher parent pid=11806 exe unreadable; falling back to verified root-parent + stable-starttime attestation
Oct 04 10:03:57 baseweed-admin weston[938]: [10:03:57.096] qdwin/secctx: helper pid=11816 launcher parent pid=11806 exe unreadable; falling back to verified root-parent + stable-starttime attestation
Oct 04 10:03:57 baseweed-admin weston[938]: [10:03:57.096] qdwin/secctx: manager bound by uid=1000 pid=11816 (helper)
Oct 04 10:03:57 baseweed-admin weston[938]: [10:03:57.096] qdwin/secctx: committed engine=qdistro.tier3s app_id=qdistro.tier3s.s125a instance_id=a604b3b6b1a47236416d9f30a9511c02 listen_fd=80 close_fd=81
Oct 04 10:03:57 baseweed-admin weston[938]: [10:03:57.097] qdwin/secctx: client accepted engine=qdistro.tier3s app_id=qdistro.tier3s.s125a instance_id=a604b3b6b1a47236416d9f30a9511c02 (total tagged: 1)
Oct 04 10:03:57 baseweed-admin systemd[853]: Started podman-11835.scope.
Oct 04 10:03:57 baseweed-admin podman[11856]: 2026-10-04 10:03:57.289013455 +0000 UTC m=+0.050209380 container create 87aa423a62a481ba3a8371e929474f6addcffe1adb3bac9b0ee769ad0724945c (image=localhost/qdistro/tier3s-weston-terminal:latest, name=qdistro-tier3s-s125a, org.opencontainers.image.created=2026-09-30T20:05:54.126624488Z, io.buildah.version=1.44.1, org.opensuse.base.url=https://www.opensuse.org, org.opensuse.base.version=20260930.37.208, org.opensuse.base.reference=registry.opensuse.org/opensuse/tumbleweed:20260930.37.208, org.opensuse.base.vendor=openSUSE Project, org.opensuse.base.created=2026-09-30T20:05:54.126624488Z, org.opensuse.base.lifecycle-url=https://en.opensuse.org/Lifetime, org.opensuse.reference=registry.opensuse.org/opensuse/tumbleweed:20260930.37.208, org.opencontainers.image.version=20260930.37.208, org.qdistro.tier3s.workload=weston-terminal, org.openbuildservice.disturl=obs://build.opensuse.org/openSUSE:Factory/images/561f9d4c8e4e1a441f95ad4ec6b5a914-opensuse-tumbleweed-image:docker, org.opencontainers.image.description=Image containing a minimal environment for containers based on openSUSE Tumbleweed., org.opensuse.base.source=https://build.opensuse.org/package/show/openSUSE:Factory/opensuse-tumbleweed-image?rev=561f9d4c8e4e1a441f95ad4ec6b5a914, org.opencontainers.image.url=https://www.opensuse.org, org.opencontainers.image.title=openSUSE Tumbleweed Base Container, org.opensuse.base.description=Image containing a minimal environment for containers based on openSUSE Tumbleweed., org.opencontainers.image.source=https://build.opensuse.org/package/show/openSUSE:Factory/opensuse-tumbleweed-image?rev=561f9d4c8e4e1a441f95ad4ec6b5a914, org.qdistro.snapshot=20260930, org.opensuse.base.disturl=obs://build.opensuse.org/openSUSE:Factory/images/561f9d4c8e4e1a441f95ad4ec6b5a914-opensuse-tumbleweed-image:docker, qdistro_tier3s_token=a604b3b6b1a47236416d9f30a9511c02, org.opencontainers.image.vendor=openSUSE Project, org.opensuse.lifecycle-url=https://en.opensuse.org/Lifetime, qdistro_tier3s_unit=qdistro-tier3s-silo@s125a.service, org.opensuse.base.title=openSUSE Tumbleweed Base Container)
Oct 04 10:03:57 baseweed-admin podman[11856]: 2026-10-04 10:03:57.253815883 +0000 UTC m=+0.015011818 image pull c1cfa112ea7171ba1c62d14d9adda09e40b530bd9f5b3e76cfaf4e29ff0b345e localhost/qdistro/tier3s-weston-terminal:latest
Oct 04 10:03:57 baseweed-admin podman[11856]: 2026-10-04 10:03:57.394201424 +0000 UTC m=+0.155397359 container init 87aa423a62a481ba3a8371e929474f6addcffe1adb3bac9b0ee769ad0724945c (image=localhost/qdistro/tier3s-weston-terminal:latest, name=qdistro-tier3s-s125a, org.qdistro.tier3s.workload=weston-terminal, org.opensuse.base.disturl=obs://build.opensuse.org/openSUSE:Factory/images/561f9d4c8e4e1a441f95ad4ec6b5a914-opensuse-tumbleweed-image:docker, qdistro_tier3s_unit=qdistro-tier3s-silo@s125a.service, org.opensuse.base.description=Image containing a minimal environment for containers based on openSUSE Tumbleweed., org.opencontainers.image.source=https://build.opensuse.org/package/show/openSUSE:Factory/opensuse-tumbleweed-image?rev=561f9d4c8e4e1a441f95ad4ec6b5a914, org.opensuse.base.reference=registry.opensuse.org/opensuse/tumbleweed:20260930.37.208, org.openbuildservice.disturl=obs://build.opensuse.org/openSUSE:Factory/images/561f9d4c8e4e1a441f95ad4ec6b5a914-opensuse-tumbleweed-image:docker, org.opencontainers.image.url=https://www.opensuse.org, org.qdistro.snapshot=20260930, org.opensuse.base.title=openSUSE Tumbleweed Base Container, org.opencontainers.image.version=20260930.37.208, org.opencontainers.image.description=Image containing a minimal environment for containers based on openSUSE Tumbleweed., org.opensuse.base.created=2026-09-30T20:05:54.126624488Z, org.opencontainers.image.title=openSUSE Tumbleweed Base Container, org.opensuse.base.lifecycle-url=https://en.opensuse.org/Lifetime, org.opencontainers.image.created=2026-09-30T20:05:54.126624488Z, org.opensuse.base.url=https://www.opensuse.org, org.opensuse.base.vendor=openSUSE Project, qdistro_tier3s_token=a604b3b6b1a47236416d9f30a9511c02, org.opencontainers.image.vendor=openSUSE Project, org.opensuse.base.source=https://build.opensuse.org/package/show/openSUSE:Factory/opensuse-tumbleweed-image?rev=561f9d4c8e4e1a441f95ad4ec6b5a914, org.opensuse.lifecycle-url=https://en.opensuse.org/Lifetime, org.opensuse.reference=registry.opensuse.org/opensuse/tumbleweed:20260930.37.208, org.opensuse.base.version=20260930.37.208, io.buildah.version=1.44.1)
Oct 04 10:03:57 baseweed-admin dbus-run-session[1036]:   WARN: Process failed to start, likely because the binary could not be found. Command: QList("bluetoothctl", "show")
Oct 04 10:03:57 baseweed-admin podman[11856]: 2026-10-04 10:03:57.420622778 +0000 UTC m=+0.181818703 container start 87aa423a62a481ba3a8371e929474f6addcffe1adb3bac9b0ee769ad0724945c (image=localhost/qdistro/tier3s-weston-terminal:latest, name=qdistro-tier3s-s125a, org.opencontainers.image.vendor=openSUSE Project, qdistro_tier3s_unit=qdistro-tier3s-silo@s125a.service, org.opensuse.reference=registry.opensuse.org/opensuse/tumbleweed:20260930.37.208, org.opencontainers.image.source=https://build.opensuse.org/package/show/openSUSE:Factory/opensuse-tumbleweed-image?rev=561f9d4c8e4e1a441f95ad4ec6b5a914, org.opencontainers.image.created=2026-09-30T20:05:54.126624488Z, org.opensuse.base.reference=registry.opensuse.org/opensuse/tumbleweed:20260930.37.208, org.qdistro.tier3s.workload=weston-terminal, org.opensuse.base.disturl=obs://build.opensuse.org/openSUSE:Factory/images/561f9d4c8e4e1a441f95ad4ec6b5a914-opensuse-tumbleweed-image:docker, org.opensuse.lifecycle-url=https://en.opensuse.org/Lifetime, org.opensuse.base.description=Image containing a minimal environment for containers based on openSUSE Tumbleweed., org.opencontainers.image.version=20260930.37.208, org.openbuildservice.disturl=obs://build.opensuse.org/openSUSE:Factory/images/561f9d4c8e4e1a441f95ad4ec6b5a914-opensuse-tumbleweed-image:docker, org.opencontainers.image.description=Image containing a minimal environment for containers based on openSUSE Tumbleweed., org.opensuse.base.vendor=openSUSE Project, org.opencontainers.image.title=openSUSE Tumbleweed Base Container, org.qdistro.snapshot=20260930, org.opensuse.base.title=openSUSE Tumbleweed Base Container, org.opensuse.base.url=https://www.opensuse.org, qdistro_tier3s_token=a604b3b6b1a47236416d9f30a9511c02, org.opensuse.base.source=https://build.opensuse.org/package/show/openSUSE:Factory/opensuse-tumbleweed-image?rev=561f9d4c8e4e1a441f95ad4ec6b5a914, org.opencontainers.image.url=https://www.opensuse.org, org.opensuse.base.created=2026-09-30T20:05:54.126624488Z, org.opensuse.base.lifecycle-url=https://en.opensuse.org/Lifetime, org.opensuse.base.version=20260930.37.208, io.buildah.version=1.44.1)
Oct 04 10:03:57 baseweed-admin podman[11856]: 2026-10-04 10:03:57.449517723 +0000 UTC m=+0.210713768 container attach 87aa423a62a481ba3a8371e929474f6addcffe1adb3bac9b0ee769ad0724945c (image=localhost/qdistro/tier3s-weston-terminal:latest, name=qdistro-tier3s-s125a, org.qdistro.snapshot=20260930, org.qdistro.tier3s.workload=weston-terminal, org.opencontainers.image.vendor=openSUSE Project, org.opensuse.base.created=2026-09-30T20:05:54.126624488Z, org.opensuse.base.description=Image containing a minimal environment for containers based on openSUSE Tumbleweed., org.opensuse.base.title=openSUSE Tumbleweed Base Container, org.opensuse.base.reference=registry.opensuse.org/opensuse/tumbleweed:20260930.37.208, io.buildah.version=1.44.1, org.opensuse.base.disturl=obs://build.opensuse.org/openSUSE:Factory/images/561f9d4c8e4e1a441f95ad4ec6b5a914-opensuse-tumbleweed-image:docker, org.opencontainers.image.url=https://www.opensuse.org, qdistro_tier3s_unit=qdistro-tier3s-silo@s125a.service, org.opencontainers.image.description=Image containing a minimal environment for containers based on openSUSE Tumbleweed., org.opensuse.base.version=20260930.37.208, org.opencontainers.image.created=2026-09-30T20:05:54.126624488Z, org.opensuse.base.url=https://www.opensuse.org, org.openbuildservice.disturl=obs://build.opensuse.org/openSUSE:Factory/images/561f9d4c8e4e1a441f95ad4ec6b5a914-opensuse-tumbleweed-image:docker, qdistro_tier3s_token=a604b3b6b1a47236416d9f30a9511c02, org.opencontainers.image.title=openSUSE Tumbleweed Base Container, org.opencontainers.image.version=20260930.37.208, org.opensuse.base.vendor=openSUSE Project, org.opensuse.base.source=https://build.opensuse.org/package/show/openSUSE:Factory/opensuse-tumbleweed-image?rev=561f9d4c8e4e1a441f95ad4ec6b5a914, org.opensuse.lifecycle-url=https://en.opensuse.org/Lifetime, org.opensuse.base.lifecycle-url=https://en.opensuse.org/Lifetime, org.opensuse.reference=registry.opensuse.org/opensuse/tumbleweed:20260930.37.208, org.opencontainers.image.source=https://build.opensuse.org/package/show/openSUSE:Factory/opensuse-tumbleweed-image?rev=561f9d4c8e4e1a441f95ad4ec6b5a914)
Oct 04 10:03:57 baseweed-admin qdistro-tier3s-s125a[11870]: could not load cursor 'dnd-move'
Oct 04 10:03:57 baseweed-admin qdistro-tier3s-silo-launch[11856]: could not load cursor 'dnd-move'
Oct 04 10:03:57 baseweed-admin qdistro-tier3s-silo-launch[11856]: could not load cursor 'dnd-copy'
Oct 04 10:03:57 baseweed-admin qdistro-tier3s-silo-launch[11856]: could not load cursor 'dnd-none'
Oct 04 10:03:57 baseweed-admin qdistro-tier3s-s125a[11870]: could not load cursor 'dnd-copy'
Oct 04 10:03:57 baseweed-admin qdistro-tier3s-s125a[11870]: could not load cursor 'dnd-none'
Oct 04 10:03:57 baseweed-admin systemd[853]: Started podman-11935.scope.
Oct 04 10:03:57 baseweed-admin weston[938]: [10:03:57.558] qdwin: toplevel_added handle=2 uid=1000 pid=11817 app_id=(null) title=""
Oct 04 10:03:57 baseweed-admin weston[938]: [10:03:57.558] qdwin: toplevel_security_context handle=2 engine=qdistro.tier3s app_id=qdistro.tier3s.s125a instance=a604b3b6b1a47236416d9f30a9511c02
Oct 04 10:03:57 baseweed-admin weston[938]: [10:03:57.558] qdwin: toplevel_peer_identity handle=2 pid=11817 starttime=10622 uid=1000 exe=/usr/bin/waypipe label=system_u:system_r:unconfined_service_t:s0
Oct 04 10:03:57 baseweed-admin weston[938]: [10:03:57.558] qdwin: holding_released handle=2 via default_toplevel_policy (held → normal)
Oct 04 10:03:57 baseweed-admin dbus-run-session[1036]:   INFO qml: [20261004-100357]          Qdwin toplevel_security_context handle=2 engine=qdistro.tier3s app_id=qdistro.tier3s.s125a instance=a604b3b6b1a47236416d9f30a9511c02
Oct 04 10:03:57 baseweed-admin dbus-run-session[1036]:   INFO qml: [20261004-100357]     Tier3sApps [tier3s] toplevel observed silo=s125a secctx=qdistro.tier3s.s125a color=#26c6da handle=2
Oct 04 10:03:57 baseweed-admin dbus-run-session[1036]:   INFO qml: [20261004-100357]     Tier3sApps [tier3s] silo=s125a color=#26c6da
Oct 04 10:03:57 baseweed-admin weston[938]: [10:03:57.583] qdwin: toplevel_title handle=2 title="[3s:s125a] Wayland Terminal"
Oct 04 10:03:57 baseweed-admin weston[938]: [10:03:57.583] qdwin: toplevel_app_id handle=2 app_id="org.freedesktop.weston.wayland-terminal"
Oct 04 10:03:57 baseweed-admin weston[938]: [10:03:57.583] qdwin: mapped handle=2 size=806x491 pos=557,310 (normal)
Oct 04 10:03:57 baseweed-admin weston[938]: [10:03:57.583] qdwin: focus handle=2 (was 4294967295) seat=default
Oct 04 10:03:57 baseweed-admin weston[938]: [10:03:57.583] qdwin: seat_focus_changed seat=default handle=2
Oct 04 10:03:57 baseweed-admin systemd[853]: Started podman-12002.scope.
Oct 04 10:03:57 baseweed-admin dbus-run-session[1036]:   INFO qml: [20261004-100357]        PodApps auto-scan: qdistro-tier3s-s125a transitioned to running
Oct 04 10:03:58 baseweed-admin systemd[853]: qdistro-polkit-agent.service: Scheduled restart job, restart counter is at 29.
Oct 04 10:03:58 baseweed-admin systemd[853]: Started qdistro polkit authentication agent (PAM / fprintd / broker).
Oct 04 10:03:58 baseweed-admin qdistro-polkit-agent[12155]: registration failed: org.freedesktop.PolicyKit1.Error.Failed: Cannot determine session the caller is in
Oct 04 10:03:58 baseweed-admin python3[12155]: qdistro-polkit-agent: registration failed: org.freedesktop.PolicyKit1.Error.Failed: Cannot determine session the caller is in
Oct 04 10:03:58 baseweed-admin systemd[853]: qdistro-polkit-agent.service: Main process exited, code=exited, status=1/FAILURE
Oct 04 10:03:58 baseweed-admin systemd[853]: qdistro-polkit-agent.service: Failed with result 'exit-code'.
Oct 04 10:03:58 baseweed-admin systemd[853]: Started podman-12217.scope.
Oct 04 10:03:58 baseweed-admin systemd[853]: Started podman-12228.scope.
Oct 04 10:03:58 baseweed-admin podman[12228]: 2026-10-04 10:03:58.645799897 +0000 UTC m=+0.105630289 container create aa36f469af6e22c60390875419707782cdbb25603d90cbb02dd67b2f1d6079ab (image=localhost/tier3s-probe:empty, name=tier3s-probe-12076)
Oct 04 10:03:58 baseweed-admin podman[12228]: 2026-10-04 10:03:58.563888852 +0000 UTC m=+0.023719254 image pull 82aa280b22384fc8f63983614507c67b3a109ca7a316d25bfdac7cfc17437b2b localhost/tier3s-probe:empty
Oct 04 10:03:58 baseweed-admin systemd[853]: Started podman-12239.scope.
Oct 04 10:03:58 baseweed-admin systemd[853]: Started podman-12250.scope.
Oct 04 10:03:58 baseweed-admin systemd[853]: Started podman-12260.scope.
Oct 04 10:03:58 baseweed-admin podman[12260]: 2026-10-04 10:03:58.86925528 +0000 UTC m=+0.136532421 container remove aa36f469af6e22c60390875419707782cdbb25603d90cbb02dd67b2f1d6079ab (image=localhost/tier3s-probe:empty, name=tier3s-probe-12076)
Oct 04 10:03:58 baseweed-admin qdistro-tier3s-silo-launch[12273]: [resolve-binding] silo 's125b' is untemplated (no binding)
Oct 04 10:03:59 baseweed-admin systemd[853]: Started podman-12316.scope.
Oct 04 10:03:59 baseweed-admin systemd[853]: Started podman-12348.scope.
Oct 04 10:03:59 baseweed-admin weston[938]: [10:03:59.136] qdwin/secctx: helper pid=12367 launcher parent pid=12358 exe unreadable; falling back to verified root-parent + stable-starttime attestation
Oct 04 10:03:59 baseweed-admin weston[938]: [10:03:59.136] qdwin/secctx: helper pid=12367 launcher parent pid=12358 exe unreadable; falling back to verified root-parent + stable-starttime attestation
Oct 04 10:03:59 baseweed-admin weston[938]: [10:03:59.136] qdwin/secctx: helper pid=12367 launcher parent pid=12358 exe unreadable; falling back to verified root-parent + stable-starttime attestation
Oct 04 10:03:59 baseweed-admin weston[938]: [10:03:59.136] qdwin/secctx: helper pid=12367 launcher parent pid=12358 exe unreadable; falling back to verified root-parent + stable-starttime attestation
Oct 04 10:03:59 baseweed-admin weston[938]: [10:03:59.136] qdwin/secctx: manager bound by uid=1000 pid=12367 (helper)
Oct 04 10:03:59 baseweed-admin weston[938]: [10:03:59.136] qdwin/secctx: committed engine=qdistro.tier3s app_id=qdistro.tier3s.s125b instance_id=af55d2aa29053bbf30b325baad71c7e0 listen_fd=88 close_fd=89
Oct 04 10:03:59 baseweed-admin weston[938]: [10:03:59.138] qdwin/secctx: client accepted engine=qdistro.tier3s app_id=qdistro.tier3s.s125b instance_id=af55d2aa29053bbf30b325baad71c7e0 (total tagged: 2)
Oct 04 10:03:59 baseweed-admin systemd[853]: Started podman-12386.scope.
Oct 04 10:03:59 baseweed-admin podman[12406]: 2026-10-04 10:03:59.323161842 +0000 UTC m=+0.079982421 container create 759cfe68e58b2d56d1b4ae4b7f3af79abb1a65eae0009d525ed5ee5ee9d5d78e (image=localhost/qdistro/tier3s-weston-terminal:latest, name=qdistro-tier3s-s125b, org.opencontainers.image.version=20260930.37.208, org.opencontainers.image.title=openSUSE Tumbleweed Base Container, org.opensuse.base.description=Image containing a minimal environment for containers based on openSUSE Tumbleweed., qdistro_tier3s_token=af55d2aa29053bbf30b325baad71c7e0, org.opensuse.base.source=https://build.opensuse.org/package/show/openSUSE:Factory/opensuse-tumbleweed-image?rev=561f9d4c8e4e1a441f95ad4ec6b5a914, org.opencontainers.image.source=https://build.opensuse.org/package/show/openSUSE:Factory/opensuse-tumbleweed-image?rev=561f9d4c8e4e1a441f95ad4ec6b5a914, org.opensuse.base.created=2026-09-30T20:05:54.126624488Z, org.opencontainers.image.url=https://www.opensuse.org, org.opensuse.base.reference=registry.opensuse.org/opensuse/tumbleweed:20260930.37.208, qdistro_tier3s_unit=qdistro-tier3s-silo@s125b.service, org.opencontainers.image.created=2026-09-30T20:05:54.126624488Z, org.opensuse.base.version=20260930.37.208, org.opencontainers.image.description=Image containing a minimal environment for containers based on openSUSE Tumbleweed., org.opensuse.reference=registry.opensuse.org/opensuse/tumbleweed:20260930.37.208, org.qdistro.tier3s.workload=weston-terminal, org.opensuse.lifecycle-url=https://en.opensuse.org/Lifetime, io.buildah.version=1.44.1, org.opencontainers.image.vendor=openSUSE Project, org.opensuse.base.disturl=obs://build.opensuse.org/openSUSE:Factory/images/561f9d4c8e4e1a441f95ad4ec6b5a914-opensuse-tumbleweed-image:docker, org.opensuse.base.title=openSUSE Tumbleweed Base Container, org.openbuildservice.disturl=obs://build.opensuse.org/openSUSE:Factory/images/561f9d4c8e4e1a441f95ad4ec6b5a914-opensuse-tumbleweed-image:docker, org.qdistro.snapshot=20260930, org.opensuse.base.url=https://www.opensuse.org, org.opensuse.base.lifecycle-url=https://en.opensuse.org/Lifetime, org.opensuse.base.vendor=openSUSE Project)
Oct 04 10:03:59 baseweed-admin podman[12406]: 2026-10-04 10:03:59.259575397 +0000 UTC m=+0.016395986 image pull c1cfa112ea7171ba1c62d14d9adda09e40b530bd9f5b3e76cfaf4e29ff0b345e localhost/qdistro/tier3s-weston-terminal:latest
Oct 04 10:03:59 baseweed-admin dbus-run-session[1036]:   WARN: Process failed to start, likely because the binary could not be found. Command: QList("bluetoothctl", "show")
Oct 04 10:03:59 baseweed-admin podman[12406]: 2026-10-04 10:03:59.440248257 +0000 UTC m=+0.197068846 container init 759cfe68e58b2d56d1b4ae4b7f3af79abb1a65eae0009d525ed5ee5ee9d5d78e (image=localhost/qdistro/tier3s-weston-terminal:latest, name=qdistro-tier3s-s125b, org.opensuse.base.disturl=obs://build.opensuse.org/openSUSE:Factory/images/561f9d4c8e4e1a441f95ad4ec6b5a914-opensuse-tumbleweed-image:docker, org.opencontainers.image.created=2026-09-30T20:05:54.126624488Z, org.opensuse.base.title=openSUSE Tumbleweed Base Container, org.opencontainers.image.description=Image containing a minimal environment for containers based on openSUSE Tumbleweed., org.qdistro.tier3s.workload=weston-terminal, org.opensuse.base.lifecycle-url=https://en.opensuse.org/Lifetime, org.opensuse.base.vendor=openSUSE Project, org.opencontainers.image.vendor=openSUSE Project, qdistro_tier3s_unit=qdistro-tier3s-silo@s125b.service, org.qdistro.snapshot=20260930, org.opensuse.base.version=20260930.37.208, org.opensuse.base.source=https://build.opensuse.org/package/show/openSUSE:Factory/opensuse-tumbleweed-image?rev=561f9d4c8e4e1a441f95ad4ec6b5a914, io.buildah.version=1.44.1, org.opencontainers.image.url=https://www.opensuse.org, org.opensuse.base.reference=registry.opensuse.org/opensuse/tumbleweed:20260930.37.208, qdistro_tier3s_token=af55d2aa29053bbf30b325baad71c7e0, org.opensuse.reference=registry.opensuse.org/opensuse/tumbleweed:20260930.37.208, org.opencontainers.image.source=https://build.opensuse.org/package/show/openSUSE:Factory/opensuse-tumbleweed-image?rev=561f9d4c8e4e1a441f95ad4ec6b5a914, org.opensuse.lifecycle-url=https://en.opensuse.org/Lifetime, org.opencontainers.image.version=20260930.37.208, org.opencontainers.image.title=openSUSE Tumbleweed Base Container, org.openbuildservice.disturl=obs://build.opensuse.org/openSUSE:Factory/images/561f9d4c8e4e1a441f95ad4ec6b5a914-opensuse-tumbleweed-image:docker, org.opensuse.base.description=Image containing a minimal environment for containers based on openSUSE Tumbleweed., org.opensuse.base.created=2026-09-30T20:05:54.126624488Z, org.opensuse.base.url=https://www.opensuse.org)
Oct 04 10:03:59 baseweed-admin podman[12406]: 2026-10-04 10:03:59.465563726 +0000 UTC m=+0.222384285 container start 759cfe68e58b2d56d1b4ae4b7f3af79abb1a65eae0009d525ed5ee5ee9d5d78e (image=localhost/qdistro/tier3s-weston-terminal:latest, name=qdistro-tier3s-s125b, org.opensuse.base.title=openSUSE Tumbleweed Base Container, org.qdistro.snapshot=20260930, org.qdistro.tier3s.workload=weston-terminal, org.opencontainers.image.source=https://build.opensuse.org/package/show/openSUSE:Factory/opensuse-tumbleweed-image?rev=561f9d4c8e4e1a441f95ad4ec6b5a914, org.opensuse.lifecycle-url=https://en.opensuse.org/Lifetime, org.opensuse.base.url=https://www.opensuse.org, org.opencontainers.image.url=https://www.opensuse.org, org.opensuse.base.vendor=openSUSE Project, org.opencontainers.image.version=20260930.37.208, org.openbuildservice.disturl=obs://build.opensuse.org/openSUSE:Factory/images/561f9d4c8e4e1a441f95ad4ec6b5a914-opensuse-tumbleweed-image:docker, org.opensuse.base.description=Image containing a minimal environment for containers based on openSUSE Tumbleweed., qdistro_tier3s_token=af55d2aa29053bbf30b325baad71c7e0, org.opensuse.reference=registry.opensuse.org/opensuse/tumbleweed:20260930.37.208, io.buildah.version=1.44.1, org.opencontainers.image.vendor=openSUSE Project, org.opencontainers.image.created=2026-09-30T20:05:54.126624488Z, org.opensuse.base.reference=registry.opensuse.org/opensuse/tumbleweed:20260930.37.208, org.opencontainers.image.title=openSUSE Tumbleweed Base Container, org.opensuse.base.source=https://build.opensuse.org/package/show/openSUSE:Factory/opensuse-tumbleweed-image?rev=561f9d4c8e4e1a441f95ad4ec6b5a914, org.opensuse.base.lifecycle-url=https://en.opensuse.org/Lifetime, qdistro_tier3s_unit=qdistro-tier3s-silo@s125b.service, org.opensuse.base.version=20260930.37.208, org.opencontainers.image.description=Image containing a minimal environment for containers based on openSUSE Tumbleweed., org.opensuse.base.created=2026-09-30T20:05:54.126624488Z, org.opensuse.base.disturl=obs://build.opensuse.org/openSUSE:Factory/images/561f9d4c8e4e1a441f95ad4ec6b5a914-opensuse-tumbleweed-image:docker)
Oct 04 10:03:59 baseweed-admin podman[12406]: 2026-10-04 10:03:59.494363248 +0000 UTC m=+0.251183827 container attach 759cfe68e58b2d56d1b4ae4b7f3af79abb1a65eae0009d525ed5ee5ee9d5d78e (image=localhost/qdistro/tier3s-weston-terminal:latest, name=qdistro-tier3s-s125b, org.opencontainers.image.url=https://www.opensuse.org, org.opensuse.base.lifecycle-url=https://en.opensuse.org/Lifetime, org.opensuse.base.vendor=openSUSE Project, org.opencontainers.image.vendor=openSUSE Project, org.opensuse.base.disturl=obs://build.opensuse.org/openSUSE:Factory/images/561f9d4c8e4e1a441f95ad4ec6b5a914-opensuse-tumbleweed-image:docker, org.opensuse.base.url=https://www.opensuse.org, qdistro_tier3s_token=af55d2aa29053bbf30b325baad71c7e0, org.opencontainers.image.version=20260930.37.208, qdistro_tier3s_unit=qdistro-tier3s-silo@s125b.service, org.opencontainers.image.title=openSUSE Tumbleweed Base Container, org.opensuse.base.source=https://build.opensuse.org/package/show/openSUSE:Factory/opensuse-tumbleweed-image?rev=561f9d4c8e4e1a441f95ad4ec6b5a914, org.opencontainers.image.created=2026-09-30T20:05:54.126624488Z, org.opensuse.base.reference=registry.opensuse.org/opensuse/tumbleweed:20260930.37.208, org.opensuse.base.title=openSUSE Tumbleweed Base Container, io.buildah.version=1.44.1, org.openbuildservice.disturl=obs://build.opensuse.org/openSUSE:Factory/images/561f9d4c8e4e1a441f95ad4ec6b5a914-opensuse-tumbleweed-image:docker, org.qdistro.snapshot=20260930, org.opensuse.base.description=Image containing a minimal environment for containers based on openSUSE Tumbleweed., org.opensuse.reference=registry.opensuse.org/opensuse/tumbleweed:20260930.37.208, org.opencontainers.image.source=https://build.opensuse.org/package/show/openSUSE:Factory/opensuse-tumbleweed-image?rev=561f9d4c8e4e1a441f95ad4ec6b5a914, org.opensuse.base.created=2026-09-30T20:05:54.126624488Z, org.opensuse.lifecycle-url=https://en.opensuse.org/Lifetime, org.opensuse.base.version=20260930.37.208, org.opencontainers.image.description=Image containing a minimal environment for containers based on openSUSE Tumbleweed., org.qdistro.tier3s.workload=weston-terminal)
Oct 04 10:03:59 baseweed-admin qdistro-tier3s-s125b[12421]: could not load cursor 'dnd-move'
Oct 04 10:03:59 baseweed-admin qdistro-tier3s-s125b[12421]: could not load cursor 'dnd-copy'
Oct 04 10:03:59 baseweed-admin qdistro-tier3s-silo-launch[12406]: could not load cursor 'dnd-move'
Oct 04 10:03:59 baseweed-admin qdistro-tier3s-silo-launch[12406]: could not load cursor 'dnd-copy'
Oct 04 10:03:59 baseweed-admin qdistro-tier3s-silo-launch[12406]: could not load cursor 'dnd-none'
Oct 04 10:03:59 baseweed-admin qdistro-tier3s-s125b[12421]: could not load cursor 'dnd-none'
Oct 04 10:03:59 baseweed-admin systemd[853]: Started podman-12487.scope.
Oct 04 10:03:59 baseweed-admin weston[938]: [10:03:59.586] qdwin: toplevel_added handle=3 uid=1000 pid=12369 app_id=(null) title=""
Oct 04 10:03:59 baseweed-admin weston[938]: [10:03:59.586] qdwin: toplevel_security_context handle=3 engine=qdistro.tier3s app_id=qdistro.tier3s.s125b instance=af55d2aa29053bbf30b325baad71c7e0
Oct 04 10:03:59 baseweed-admin weston[938]: [10:03:59.586] qdwin: toplevel_peer_identity handle=3 pid=12369 starttime=10826 uid=1000 exe=/usr/bin/waypipe label=system_u:system_r:unconfined_service_t:s0
Oct 04 10:03:59 baseweed-admin weston[938]: [10:03:59.586] qdwin: holding_released handle=3 via default_toplevel_policy (held → normal)
Oct 04 10:03:59 baseweed-admin dbus-run-session[1036]:   INFO qml: [20261004-100359]          Qdwin toplevel_security_context handle=3 engine=qdistro.tier3s app_id=qdistro.tier3s.s125b instance=af55d2aa29053bbf30b325baad71c7e0
Oct 04 10:03:59 baseweed-admin dbus-run-session[1036]:   INFO qml: [20261004-100359]     Tier3sApps [tier3s] toplevel observed silo=s125b secctx=qdistro.tier3s.s125b color=#8bc34a handle=3
Oct 04 10:03:59 baseweed-admin dbus-run-session[1036]:   INFO qml: [20261004-100359]     Tier3sApps [tier3s] silo=s125b color=#8bc34a
Oct 04 10:03:59 baseweed-admin weston[938]: [10:03:59.608] qdwin: toplevel_title handle=3 title="[3s:s125b] Wayland Terminal"
Oct 04 10:03:59 baseweed-admin weston[938]: [10:03:59.608] qdwin: toplevel_app_id handle=3 app_id="org.freedesktop.weston.wayland-terminal"
Oct 04 10:03:59 baseweed-admin weston[938]: [10:03:59.608] qdwin: mapped handle=3 size=806x491 pos=0,31 (normal)
Oct 04 10:03:59 baseweed-admin weston[938]: [10:03:59.608] qdwin: focus handle=3 (was 2) seat=default
Oct 04 10:03:59 baseweed-admin weston[938]: [10:03:59.608] qdwin: seat_focus_changed seat=default handle=3
Oct 04 10:03:59 baseweed-admin systemd[853]: Started podman-12555.scope.
Oct 04 10:03:59 baseweed-admin systemd[853]: Started podman-12598.scope.
Oct 04 10:03:59 baseweed-admin podman[12598]: 2026-10-04 10:03:59.888753204 +0000 UTC m=+0.132325950 container exec 87aa423a62a481ba3a8371e929474f6addcffe1adb3bac9b0ee769ad0724945c (image=localhost/qdistro/tier3s-weston-terminal:latest, name=qdistro-tier3s-s125a, org.opensuse.base.vendor=openSUSE Project, org.opensuse.base.lifecycle-url=https://en.opensuse.org/Lifetime, org.opensuse.base.title=openSUSE Tumbleweed Base Container, org.opensuse.base.url=https://www.opensuse.org, org.opencontainers.image.source=https://build.opensuse.org/package/show/openSUSE:Factory/opensuse-tumbleweed-image?rev=561f9d4c8e4e1a441f95ad4ec6b5a914, org.opensuse.base.description=Image containing a minimal environment for containers based on openSUSE Tumbleweed., org.opencontainers.image.url=https://www.opensuse.org, org.opensuse.reference=registry.opensuse.org/opensuse/tumbleweed:20260930.37.208, qdistro_tier3s_token=a604b3b6b1a47236416d9f30a9511c02, org.opencontainers.image.created=2026-09-30T20:05:54.126624488Z, org.opensuse.base.source=https://build.opensuse.org/package/show/openSUSE:Factory/opensuse-tumbleweed-image?rev=561f9d4c8e4e1a441f95ad4ec6b5a914, org.qdistro.snapshot=20260930, org.opensuse.base.disturl=obs://build.opensuse.org/openSUSE:Factory/images/561f9d4c8e4e1a441f95ad4ec6b5a914-opensuse-tumbleweed-image:docker, qdistro_tier3s_unit=qdistro-tier3s-silo@s125a.service, org.opencontainers.image.description=Image containing a minimal environment for containers based on openSUSE Tumbleweed., org.opensuse.lifecycle-url=https://en.opensuse.org/Lifetime, org.opensuse.base.version=20260930.37.208, org.opencontainers.image.title=openSUSE Tumbleweed Base Container, org.qdistro.tier3s.workload=weston-terminal, io.buildah.version=1.44.1, org.opencontainers.image.vendor=openSUSE Project, org.opencontainers.image.version=20260930.37.208, org.opensuse.base.reference=registry.opensuse.org/opensuse/tumbleweed:20260930.37.208, org.openbuildservice.disturl=obs://build.opensuse.org/openSUSE:Factory/images/561f9d4c8e4e1a441f95ad4ec6b5a914-opensuse-tumbleweed-image:docker, org.opensuse.base.created=2026-09-30T20:05:54.126624488Z)
Oct 04 10:03:59 baseweed-admin conmon[12610]: conmon 87aa423a62a481ba3a83 <nwarn>: Failed to open cgroups file: /sys/fs/cgroup/user.slice/user-1000.slice/user@1000.service/user.slice/podman-12598.scope/memory.events
Oct 04 10:04:00 baseweed-admin podman[12598]: 2026-10-04 10:03:59.999963381 +0000 UTC m=+0.243536127 container exec_died 87aa423a62a481ba3a8371e929474f6addcffe1adb3bac9b0ee769ad0724945c (image=localhost/qdistro/tier3s-weston-terminal:latest, name=qdistro-tier3s-s125a, org.opencontainers.image.description=Image containing a minimal environment for containers based on openSUSE Tumbleweed., org.opensuse.base.created=2026-09-30T20:05:54.126624488Z, io.buildah.version=1.44.1, org.opensuse.base.title=openSUSE Tumbleweed Base Container, org.opensuse.base.url=https://www.opensuse.org, org.opensuse.reference=registry.opensuse.org/opensuse/tumbleweed:20260930.37.208, qdistro_tier3s_unit=qdistro-tier3s-silo@s125a.service, org.opencontainers.image.source=https://build.opensuse.org/package/show/openSUSE:Factory/opensuse-tumbleweed-image?rev=561f9d4c8e4e1a441f95ad4ec6b5a914, org.opencontainers.image.title=openSUSE Tumbleweed Base Container, org.opencontainers.image.vendor=openSUSE Project, org.opensuse.base.disturl=obs://build.opensuse.org/openSUSE:Factory/images/561f9d4c8e4e1a441f95ad4ec6b5a914-opensuse-tumbleweed-image:docker, org.opensuse.lifecycle-url=https://en.opensuse.org/Lifetime, org.opensuse.base.lifecycle-url=https://en.opensuse.org/Lifetime, org.opensuse.base.version=20260930.37.208, qdistro_tier3s_token=a604b3b6b1a47236416d9f30a9511c02, org.opencontainers.image.created=2026-09-30T20:05:54.126624488Z, org.opensuse.base.description=Image containing a minimal environment for containers based on openSUSE Tumbleweed., org.opencontainers.image.url=https://www.opensuse.org, org.opensuse.base.source=https://build.opensuse.org/package/show/openSUSE:Factory/opensuse-tumbleweed-image?rev=561f9d4c8e4e1a441f95ad4ec6b5a914, org.qdistro.snapshot=20260930, org.opensuse.base.reference=registry.opensuse.org/opensuse/tumbleweed:20260930.37.208, org.opensuse.base.vendor=openSUSE Project, org.qdistro.tier3s.workload=weston-terminal, execID=a53944d2be0f2729b9f28c17fda5a553554a2a7dee57313e0d93a9e89ab16f42, org.opencontainers.image.version=20260930.37.208, org.openbuildservice.disturl=obs://build.opensuse.org/openSUSE:Factory/images/561f9d4c8e4e1a441f95ad4ec6b5a914-opensuse-tumbleweed-image:docker)
Oct 04 10:04:00 baseweed-admin systemd[853]: Started podman-12682.scope.
Oct 04 10:04:00 baseweed-admin podman[12662]: 2026-10-04 10:04:00.22515608 +0000 UTC m=+0.227715226 container exec 87aa423a62a481ba3a8371e929474f6addcffe1adb3bac9b0ee769ad0724945c (image=localhost/qdistro/tier3s-weston-terminal:latest, name=qdistro-tier3s-s125a, org.opensuse.base.source=https://build.opensuse.org/package/show/openSUSE:Factory/opensuse-tumbleweed-image?rev=561f9d4c8e4e1a441f95ad4ec6b5a914, org.opensuse.lifecycle-url=https://en.opensuse.org/Lifetime, org.openbuildservice.disturl=obs://build.opensuse.org/openSUSE:Factory/images/561f9d4c8e4e1a441f95ad4ec6b5a914-opensuse-tumbleweed-image:docker, org.qdistro.snapshot=20260930, qdistro_tier3s_unit=qdistro-tier3s-silo@s125a.service, org.opensuse.base.title=openSUSE Tumbleweed Base Container, org.opencontainers.image.source=https://build.opensuse.org/package/show/openSUSE:Factory/opensuse-tumbleweed-image?rev=561f9d4c8e4e1a441f95ad4ec6b5a914, org.opensuse.base.version=20260930.37.208, org.qdistro.tier3s.workload=weston-terminal, org.opensuse.base.disturl=obs://build.opensuse.org/openSUSE:Factory/images/561f9d4c8e4e1a441f95ad4ec6b5a914-opensuse-tumbleweed-image:docker, org.opencontainers.image.title=openSUSE Tumbleweed Base Container, org.opencontainers.image.vendor=openSUSE Project, org.opensuse.base.created=2026-09-30T20:05:54.126624488Z, org.opensuse.base.url=https://www.opensuse.org, org.opensuse.base.lifecycle-url=https://en.opensuse.org/Lifetime, io.buildah.version=1.44.1, org.opensuse.base.description=Image containing a minimal environment for containers based on openSUSE Tumbleweed., org.opensuse.reference=registry.opensuse.org/opensuse/tumbleweed:20260930.37.208, org.opensuse.base.vendor=openSUSE Project, org.opencontainers.image.url=https://www.opensuse.org, org.opencontainers.image.created=2026-09-30T20:05:54.126624488Z, org.opencontainers.image.description=Image containing a minimal environment for containers based on openSUSE Tumbleweed., org.opencontainers.image.version=20260930.37.208, qdistro_tier3s_token=a604b3b6b1a47236416d9f30a9511c02, org.opensuse.base.reference=registry.opensuse.org/opensuse/tumbleweed:20260930.37.208)
Oct 04 10:04:00 baseweed-admin conmon[12693]: conmon 87aa423a62a481ba3a83 <nwarn>: Failed to open cgroups file: /sys/fs/cgroup/user.slice/user-1000.slice/user@1000.service/app.slice/qdshell.service/memory.events
Oct 04 10:04:00 baseweed-admin podman[12682]: 2026-10-04 10:04:00.308054061 +0000 UTC m=+0.191381190 container exec 759cfe68e58b2d56d1b4ae4b7f3af79abb1a65eae0009d525ed5ee5ee9d5d78e (image=localhost/qdistro/tier3s-weston-terminal:latest, name=qdistro-tier3s-s125b, qdistro_tier3s_unit=qdistro-tier3s-silo@s125b.service, org.opensuse.base.source=https://build.opensuse.org/package/show/openSUSE:Factory/opensuse-tumbleweed-image?rev=561f9d4c8e4e1a441f95ad4ec6b5a914, org.opensuse.base.vendor=openSUSE Project, org.qdistro.tier3s.workload=weston-terminal, org.opensuse.base.reference=registry.opensuse.org/opensuse/tumbleweed:20260930.37.208, org.opencontainers.image.url=https://www.opensuse.org, org.opencontainers.image.vendor=openSUSE Project, org.opensuse.base.url=https://www.opensuse.org, org.opensuse.base.version=20260930.37.208, org.opensuse.lifecycle-url=https://en.opensuse.org/Lifetime, org.openbuildservice.disturl=obs://build.opensuse.org/openSUSE:Factory/images/561f9d4c8e4e1a441f95ad4ec6b5a914-opensuse-tumbleweed-image:docker, org.opencontainers.image.title=openSUSE Tumbleweed Base Container, org.opensuse.base.title=openSUSE Tumbleweed Base Container, org.opensuse.base.lifecycle-url=https://en.opensuse.org/Lifetime, org.qdistro.snapshot=20260930, org.opensuse.base.created=2026-09-30T20:05:54.126624488Z, org.opensuse.base.description=Image containing a minimal environment for containers based on openSUSE Tumbleweed., org.opensuse.reference=registry.opensuse.org/opensuse/tumbleweed:20260930.37.208, org.opencontainers.image.version=20260930.37.208, qdistro_tier3s_token=af55d2aa29053bbf30b325baad71c7e0, org.opencontainers.image.created=2026-09-30T20:05:54.126624488Z, org.opencontainers.image.description=Image containing a minimal environment for containers based on openSUSE Tumbleweed., org.opencontainers.image.source=https://build.opensuse.org/package/show/openSUSE:Factory/opensuse-tumbleweed-image?rev=561f9d4c8e4e1a441f95ad4ec6b5a914, org.opensuse.base.disturl=obs://build.opensuse.org/openSUSE:Factory/images/561f9d4c8e4e1a441f95ad4ec6b5a914-opensuse-tumbleweed-image:docker, io.buildah.version=1.44.1)
Oct 04 10:04:00 baseweed-admin podman[12708]: 2026-10-04 10:04:00.364753397 +0000 UTC m=+0.117972498 container exec_died 87aa423a62a481ba3a8371e929474f6addcffe1adb3bac9b0ee769ad0724945c (image=localhost/qdistro/tier3s-weston-terminal:latest, name=qdistro-tier3s-s125a, qdistro_tier3s_unit=qdistro-tier3s-silo@s125a.service, org.qdistro.tier3s.workload=weston-terminal, io.buildah.version=1.44.1, org.openbuildservice.disturl=obs://build.opensuse.org/openSUSE:Factory/images/561f9d4c8e4e1a441f95ad4ec6b5a914-opensuse-tumbleweed-image:docker, org.opencontainers.image.created=2026-09-30T20:05:54.126624488Z, org.opensuse.base.created=2026-09-30T20:05:54.126624488Z, org.opensuse.base.vendor=openSUSE Project, org.opencontainers.image.vendor=openSUSE Project, org.opensuse.base.source=https://build.opensuse.org/package/show/openSUSE:Factory/opensuse-tumbleweed-image?rev=561f9d4c8e4e1a441f95ad4ec6b5a914, org.opensuse.base.title=openSUSE Tumbleweed Base Container, execID=cd96323ec0095d52efabba499b37ad4faf19901ff461fd1fb725c38033d19ba7, org.opensuse.base.lifecycle-url=https://en.opensuse.org/Lifetime, org.opensuse.base.reference=registry.opensuse.org/opensuse/tumbleweed:20260930.37.208, org.opencontainers.image.source=https://build.opensuse.org/package/show/openSUSE:Factory/opensuse-tumbleweed-image?rev=561f9d4c8e4e1a441f95ad4ec6b5a914, qdistro_tier3s_token=a604b3b6b1a47236416d9f30a9511c02, org.opensuse.base.disturl=obs://build.opensuse.org/openSUSE:Factory/images/561f9d4c8e4e1a441f95ad4ec6b5a914-opensuse-tumbleweed-image:docker, org.opensuse.base.url=https://www.opensuse.org, org.qdistro.snapshot=20260930, org.opensuse.base.version=20260930.37.208, org.opensuse.lifecycle-url=https://en.opensuse.org/Lifetime, org.opencontainers.image.description=Image containing a minimal environment for containers based on openSUSE Tumbleweed., org.opencontainers.image.url=https://www.opensuse.org, org.opensuse.base.description=Image containing a minimal environment for containers based on openSUSE Tumbleweed., org.opensuse.reference=registry.opensuse.org/opensuse/tumbleweed:20260930.37.208, org.opencontainers.image.title=openSUSE Tumbleweed Base Container, org.opencontainers.image.version=20260930.37.208)
Oct 04 10:04:00 baseweed-admin conmon[12718]: conmon 759cfe68e58b2d56d1b4 <nwarn>: Failed to open cgroups file: /sys/fs/cgroup/user.slice/user-1000.slice/user@1000.service/user.slice/podman-12682.scope/memory.events
Oct 04 10:04:00 baseweed-admin podman[12662]: 2026-10-04 10:04:00.40416268 +0000 UTC m=+0.406721826 container exec_died 87aa423a62a481ba3a8371e929474f6addcffe1adb3bac9b0ee769ad0724945c (image=localhost/qdistro/tier3s-weston-terminal:latest, name=qdistro-tier3s-s125a, org.opencontainers.image.created=2026-09-30T20:05:54.126624488Z, org.opencontainers.image.version=20260930.37.208, org.opencontainers.image.title=openSUSE Tumbleweed Base Container, org.qdistro.snapshot=20260930, org.opencontainers.image.url=https://www.opensuse.org, org.opensuse.base.version=20260930.37.208, org.opensuse.base.disturl=obs://build.opensuse.org/openSUSE:Factory/images/561f9d4c8e4e1a441f95ad4ec6b5a914-opensuse-tumbleweed-image:docker, org.opensuse.reference=registry.opensuse.org/opensuse/tumbleweed:20260930.37.208, qdistro_tier3s_token=a604b3b6b1a47236416d9f30a9511c02, qdistro_tier3s_unit=qdistro-tier3s-silo@s125a.service, org.opensuse.base.title=openSUSE Tumbleweed Base Container, org.opencontainers.image.source=https://build.opensuse.org/package/show/openSUSE:Factory/opensuse-tumbleweed-image?rev=561f9d4c8e4e1a441f95ad4ec6b5a914, org.qdistro.tier3s.workload=weston-terminal, execID=cd96323ec0095d52efabba499b37ad4faf19901ff461fd1fb725c38033d19ba7, org.opensuse.base.description=Image containing a minimal environment for containers based on openSUSE Tumbleweed., org.openbuildservice.disturl=obs://build.opensuse.org/openSUSE:Factory/images/561f9d4c8e4e1a441f95ad4ec6b5a914-opensuse-tumbleweed-image:docker, org.opensuse.base.reference=registry.opensuse.org/opensuse/tumbleweed:20260930.37.208, org.opensuse.base.created=2026-09-30T20:05:54.126624488Z, org.opensuse.base.url=https://www.opensuse.org, org.opencontainers.image.description=Image containing a minimal environment for containers based on openSUSE Tumbleweed., org.opencontainers.image.vendor=openSUSE Project, org.opensuse.base.source=https://build.opensuse.org/package/show/openSUSE:Factory/opensuse-tumbleweed-image?rev=561f9d4c8e4e1a441f95ad4ec6b5a914, org.opensuse.base.vendor=openSUSE Project, org.opensuse.lifecycle-url=https://en.opensuse.org/Lifetime, org.opensuse.base.lifecycle-url=https://en.opensuse.org/Lifetime, io.buildah.version=1.44.1)
Oct 04 10:04:00 baseweed-admin podman[12682]: 2026-10-04 10:04:00.493720714 +0000 UTC m=+0.377047833 container exec_died 759cfe68e58b2d56d1b4ae4b7f3af79abb1a65eae0009d525ed5ee5ee9d5d78e (image=localhost/qdistro/tier3s-weston-terminal:latest, name=qdistro-tier3s-s125b, qdistro_tier3s_token=af55d2aa29053bbf30b325baad71c7e0, org.opensuse.base.title=openSUSE Tumbleweed Base Container, org.opencontainers.image.url=https://www.opensuse.org, org.opensuse.base.url=https://www.opensuse.org, org.opensuse.base.version=20260930.37.208, qdistro_tier3s_unit=qdistro-tier3s-silo@s125b.service, org.opensuse.reference=registry.opensuse.org/opensuse/tumbleweed:20260930.37.208, org.opencontainers.image.description=Image containing a minimal environment for containers based on openSUSE Tumbleweed., org.opensuse.base.created=2026-09-30T20:05:54.126624488Z, org.opensuse.base.disturl=obs://build.opensuse.org/openSUSE:Factory/images/561f9d4c8e4e1a441f95ad4ec6b5a914-opensuse-tumbleweed-image:docker, org.opensuse.base.reference=registry.opensuse.org/opensuse/tumbleweed:20260930.37.208, org.opencontainers.image.vendor=openSUSE Project, org.opensuse.base.description=Image containing a minimal environment for containers based on openSUSE Tumbleweed., org.opencontainers.image.title=openSUSE Tumbleweed Base Container, org.opensuse.base.source=https://build.opensuse.org/package/show/openSUSE:Factory/opensuse-tumbleweed-image?rev=561f9d4c8e4e1a441f95ad4ec6b5a914, org.opensuse.base.vendor=openSUSE Project, org.qdistro.snapshot=20260930, org.opensuse.base.lifecycle-url=https://en.opensuse.org/Lifetime, io.buildah.version=1.44.1, org.opensuse.lifecycle-url=https://en.opensuse.org/Lifetime, org.openbuildservice.disturl=obs://build.opensuse.org/openSUSE:Factory/images/561f9d4c8e4e1a441f95ad4ec6b5a914-opensuse-tumbleweed-image:docker, org.opencontainers.image.created=2026-09-30T20:05:54.126624488Z, org.opencontainers.image.source=https://build.opensuse.org/package/show/openSUSE:Factory/opensuse-tumbleweed-image?rev=561f9d4c8e4e1a441f95ad4ec6b5a914, org.qdistro.tier3s.workload=weston-terminal, execID=ddb7a9bff3327c9521fa92823ae696a65f58e2fbe61d73fef37c9485db7cc1b0, org.opencontainers.image.version=20260930.37.208)
Oct 04 10:04:00 baseweed-admin dbus-run-session[1036]:   INFO qml: [20261004-100400]        PodApps cache refresh loaded 0 apps
Oct 04 10:04:00 baseweed-admin weston[938]: [10:04:00.633] qdwin: toplevel_removed handle=2
Oct 04 10:04:00 baseweed-admin qdistro-tier3s-silo-launch[11856]: time="2026-10-04T10:04:00Z" level=error msg="forwarding signal 15 to container 87aa423a62a481ba3a8371e929474f6addcffe1adb3bac9b0ee769ad0724945c: sending signal to container 87aa423a62a481ba3a8371e929474f6addcffe1adb3bac9b0ee769ad0724945c: `/usr/libexec/qdistro/tier3s-runsc --network=none --host-uds=open kill 87aa423a62a481ba3a8371e929474f6addcffe1adb3bac9b0ee769ad0724945c 15` failed: signal: terminated"
Oct 04 10:04:00 baseweed-admin podman[12771]: 2026-10-04 10:04:00.692731991 +0000 UTC m=+0.025145233 container died 87aa423a62a481ba3a8371e929474f6addcffe1adb3bac9b0ee769ad0724945c (image=localhost/qdistro/tier3s-weston-terminal:latest, name=qdistro-tier3s-s125a, org.openbuildservice.disturl=obs://build.opensuse.org/openSUSE:Factory/images/561f9d4c8e4e1a441f95ad4ec6b5a914-opensuse-tumbleweed-image:docker, org.opencontainers.image.source=https://build.opensuse.org/package/show/openSUSE:Factory/opensuse-tumbleweed-image?rev=561f9d4c8e4e1a441f95ad4ec6b5a914, org.opencontainers.image.url=https://www.opensuse.org, org.opensuse.base.source=https://build.opensuse.org/package/show/openSUSE:Factory/opensuse-tumbleweed-image?rev=561f9d4c8e4e1a441f95ad4ec6b5a914, org.opensuse.reference=registry.opensuse.org/opensuse/tumbleweed:20260930.37.208, org.opensuse.base.description=Image containing a minimal environment for containers based on openSUSE Tumbleweed., org.opencontainers.image.version=20260930.37.208, org.opensuse.base.version=20260930.37.208, org.opensuse.base.created=2026-09-30T20:05:54.126624488Z, org.qdistro.snapshot=20260930, org.opensuse.lifecycle-url=https://en.opensuse.org/Lifetime, qdistro_tier3s_token=a604b3b6b1a47236416d9f30a9511c02, org.opencontainers.image.created=2026-09-30T20:05:54.126624488Z, org.opensuse.base.disturl=obs://build.opensuse.org/openSUSE:Factory/images/561f9d4c8e4e1a441f95ad4ec6b5a914-opensuse-tumbleweed-image:docker, org.opensuse.base.title=openSUSE Tumbleweed Base Container, org.opencontainers.image.title=openSUSE Tumbleweed Base Container, org.opensuse.base.reference=registry.opensuse.org/opensuse/tumbleweed:20260930.37.208, org.opensuse.base.url=https://www.opensuse.org, org.opencontainers.image.vendor=openSUSE Project, io.buildah.version=1.44.1, org.opencontainers.image.description=Image containing a minimal environment for containers based on openSUSE Tumbleweed., org.opensuse.base.lifecycle-url=https://en.opensuse.org/Lifetime, org.qdistro.tier3s.workload=weston-terminal, qdistro_tier3s_unit=qdistro-tier3s-silo@s125a.service, org.opensuse.base.vendor=openSUSE Project)
Oct 04 10:04:00 baseweed-admin podman[12771]: 2026-10-04 10:04:00.905627438 +0000 UTC m=+0.238040670 container remove 87aa423a62a481ba3a8371e929474f6addcffe1adb3bac9b0ee769ad0724945c (image=localhost/qdistro/tier3s-weston-terminal:latest, name=qdistro-tier3s-s125a, org.opencontainers.image.description=Image containing a minimal environment for containers based on openSUSE Tumbleweed., org.opensuse.reference=registry.opensuse.org/opensuse/tumbleweed:20260930.37.208, org.qdistro.tier3s.workload=weston-terminal, org.opencontainers.image.created=2026-09-30T20:05:54.126624488Z, org.qdistro.snapshot=20260930, org.opensuse.base.lifecycle-url=https://en.opensuse.org/Lifetime, org.opensuse.base.version=20260930.37.208, io.buildah.version=1.44.1, org.opensuse.base.disturl=obs://build.opensuse.org/openSUSE:Factory/images/561f9d4c8e4e1a441f95ad4ec6b5a914-opensuse-tumbleweed-image:docker, org.opensuse.base.title=openSUSE Tumbleweed Base Container, org.opensuse.base.created=2026-09-30T20:05:54.126624488Z, org.opensuse.lifecycle-url=https://en.opensuse.org/Lifetime, org.opencontainers.image.url=https://www.opensuse.org, org.opensuse.base.vendor=openSUSE Project, org.opencontainers.image.title=openSUSE Tumbleweed Base Container, qdistro_tier3s_unit=qdistro-tier3s-silo@s125a.service, org.opencontainers.image.source=https://build.opensuse.org/package/show/openSUSE:Factory/opensuse-tumbleweed-image?rev=561f9d4c8e4e1a441f95ad4ec6b5a914, org.opensuse.base.source=https://build.opensuse.org/package/show/openSUSE:Factory/opensuse-tumbleweed-image?rev=561f9d4c8e4e1a441f95ad4ec6b5a914, org.opensuse.base.url=https://www.opensuse.org, qdistro_tier3s_token=a604b3b6b1a47236416d9f30a9511c02, org.opencontainers.image.vendor=openSUSE Project, org.opencontainers.image.version=20260930.37.208, org.opensuse.base.description=Image containing a minimal environment for containers based on openSUSE Tumbleweed., org.opensuse.base.reference=registry.opensuse.org/opensuse/tumbleweed:20260930.37.208, org.openbuildservice.disturl=obs://build.opensuse.org/openSUSE:Factory/images/561f9d4c8e4e1a441f95ad4ec6b5a914-opensuse-tumbleweed-image:docker)
Oct 04 10:04:00 baseweed-admin dbus-run-session[1036]:   INFO qml: [20261004-100400]        PodApps auto-scan: qdistro-tier3s-s125b transitioned to running
Oct 04 10:04:01 baseweed-admin dbus-run-session[1036]:   WARN: Process failed to start, likely because the binary could not be found. Command: QList("bluetoothctl", "show")
Oct 04 10:04:01 baseweed-admin systemd[853]: qdistro-polkit-agent.service: Scheduled restart job, restart counter is at 30.
Oct 04 10:04:01 baseweed-admin systemd[853]: Started qdistro polkit authentication agent (PAM / fprintd / broker).
Oct 04 10:04:01 baseweed-admin qdistro-polkit-agent[12811]: registration failed: org.freedesktop.PolicyKit1.Error.Failed: Cannot determine session the caller is in
Oct 04 10:04:01 baseweed-admin python3[12811]: qdistro-polkit-agent: registration failed: org.freedesktop.PolicyKit1.Error.Failed: Cannot determine session the caller is in
Oct 04 10:04:01 baseweed-admin systemd[853]: qdistro-polkit-agent.service: Main process exited, code=exited, status=1/FAILURE
Oct 04 10:04:01 baseweed-admin systemd[853]: qdistro-polkit-agent.service: Failed with result 'exit-code'.
Oct 04 10:04:02 baseweed-admin systemd[853]: Started podman-12865.scope.
Oct 04 10:04:02 baseweed-admin systemd[853]: Started podman-12918.scope.
Oct 04 10:04:02 baseweed-admin systemd[853]: Started podman-12930.scope.
Oct 04 10:04:02 baseweed-admin systemd[853]: Started podman-12940.scope.
Oct 04 10:04:03 baseweed-admin systemd[853]: Started podman-13042.scope.
Oct 04 10:04:03 baseweed-admin podman[13025]: 2026-10-04 10:04:03.146351052 +0000 UTC m=+0.119585606 container exec 759cfe68e58b2d56d1b4ae4b7f3af79abb1a65eae0009d525ed5ee5ee9d5d78e (image=localhost/qdistro/tier3s-weston-terminal:latest, name=qdistro-tier3s-s125b, io.buildah.version=1.44.1, org.opencontainers.image.title=openSUSE Tumbleweed Base Container, org.openbuildservice.disturl=obs://build.opensuse.org/openSUSE:Factory/images/561f9d4c8e4e1a441f95ad4ec6b5a914-opensuse-tumbleweed-image:docker, org.opencontainers.image.url=https://www.opensuse.org, org.opensuse.base.url=https://www.opensuse.org, org.opensuse.base.title=openSUSE Tumbleweed Base Container, org.opensuse.base.vendor=openSUSE Project, org.opensuse.lifecycle-url=https://en.opensuse.org/Lifetime, org.qdistro.snapshot=20260930, org.opensuse.base.lifecycle-url=https://en.opensuse.org/Lifetime, org.opensuse.base.source=https://build.opensuse.org/package/show/openSUSE:Factory/opensuse-tumbleweed-image?rev=561f9d4c8e4e1a441f95ad4ec6b5a914, org.opensuse.reference=registry.opensuse.org/opensuse/tumbleweed:20260930.37.208, org.qdistro.tier3s.workload=weston-terminal, org.opencontainers.image.version=20260930.37.208, org.opencontainers.image.created=2026-09-30T20:05:54.126624488Z, org.opensuse.base.reference=registry.opensuse.org/opensuse/tumbleweed:20260930.37.208, org.opensuse.base.version=20260930.37.208, qdistro_tier3s_token=af55d2aa29053bbf30b325baad71c7e0, org.opencontainers.image.description=Image containing a minimal environment for containers based on openSUSE Tumbleweed., org.opensuse.base.description=Image containing a minimal environment for containers based on openSUSE Tumbleweed., org.opensuse.base.disturl=obs://build.opensuse.org/openSUSE:Factory/images/561f9d4c8e4e1a441f95ad4ec6b5a914-opensuse-tumbleweed-image:docker, org.opencontainers.image.source=https://build.opensuse.org/package/show/openSUSE:Factory/opensuse-tumbleweed-image?rev=561f9d4c8e4e1a441f95ad4ec6b5a914, org.opencontainers.image.vendor=openSUSE Project, org.opensuse.base.created=2026-09-30T20:05:54.126624488Z, qdistro_tier3s_unit=qdistro-tier3s-silo@s125b.service)
Oct 04 10:04:03 baseweed-admin conmon[13052]: conmon 759cfe68e58b2d56d1b4 <nwarn>: Failed to open cgroups file: /sys/fs/cgroup/user.slice/user-1000.slice/user@1000.service/app.slice/qdshell.service/memory.events
Oct 04 10:04:03 baseweed-admin systemd[853]: Started podman-13070.scope.
Oct 04 10:04:03 baseweed-admin podman[13078]: 2026-10-04 10:04:03.211094249 +0000 UTC m=+0.041852086 container exec_died 759cfe68e58b2d56d1b4ae4b7f3af79abb1a65eae0009d525ed5ee5ee9d5d78e (image=localhost/qdistro/tier3s-weston-terminal:latest, name=qdistro-tier3s-s125b, org.openbuildservice.disturl=obs://build.opensuse.org/openSUSE:Factory/images/561f9d4c8e4e1a441f95ad4ec6b5a914-opensuse-tumbleweed-image:docker, org.opensuse.base.lifecycle-url=https://en.opensuse.org/Lifetime, org.opensuse.base.version=20260930.37.208, org.qdistro.tier3s.workload=weston-terminal, org.opensuse.reference=registry.opensuse.org/opensuse/tumbleweed:20260930.37.208, org.opensuse.base.reference=registry.opensuse.org/opensuse/tumbleweed:20260930.37.208, org.opensuse.lifecycle-url=https://en.opensuse.org/Lifetime, org.opensuse.base.vendor=openSUSE Project, io.buildah.version=1.44.1, execID=15d0e1120e4786ddd9d932a547e397cef2d31f3e3f3631db34aae5ae6d8bd5c3, org.opensuse.base.created=2026-09-30T20:05:54.126624488Z, org.opencontainers.image.version=20260930.37.208, qdistro_tier3s_unit=qdistro-tier3s-silo@s125b.service, qdistro_tier3s_token=af55d2aa29053bbf30b325baad71c7e0, org.opencontainers.image.description=Image containing a minimal environment for containers based on openSUSE Tumbleweed., org.opencontainers.image.title=openSUSE Tumbleweed Base Container, org.opensuse.base.description=Image containing a minimal environment for containers based on openSUSE Tumbleweed., org.opensuse.base.source=https://build.opensuse.org/package/show/openSUSE:Factory/opensuse-tumbleweed-image?rev=561f9d4c8e4e1a441f95ad4ec6b5a914, org.opencontainers.image.url=https://www.opensuse.org, org.opencontainers.image.vendor=openSUSE Project, org.opensuse.base.disturl=obs://build.opensuse.org/openSUSE:Factory/images/561f9d4c8e4e1a441f95ad4ec6b5a914-opensuse-tumbleweed-image:docker, org.opensuse.base.title=openSUSE Tumbleweed Base Container, org.opencontainers.image.source=https://build.opensuse.org/package/show/openSUSE:Factory/opensuse-tumbleweed-image?rev=561f9d4c8e4e1a441f95ad4ec6b5a914, org.opencontainers.image.created=2026-09-30T20:05:54.126624488Z, org.qdistro.snapshot=20260930, org.opensuse.base.url=https://www.opensuse.org)
Oct 04 10:04:03 baseweed-admin podman[13025]: 2026-10-04 10:04:03.250180191 +0000 UTC m=+0.223414725 container exec_died 759cfe68e58b2d56d1b4ae4b7f3af79abb1a65eae0009d525ed5ee5ee9d5d78e (image=localhost/qdistro/tier3s-weston-terminal:latest, name=qdistro-tier3s-s125b, org.opensuse.base.disturl=obs://build.opensuse.org/openSUSE:Factory/images/561f9d4c8e4e1a441f95ad4ec6b5a914-opensuse-tumbleweed-image:docker, org.openbuildservice.disturl=obs://build.opensuse.org/openSUSE:Factory/images/561f9d4c8e4e1a441f95ad4ec6b5a914-opensuse-tumbleweed-image:docker, org.opencontainers.image.vendor=openSUSE Project, org.opensuse.base.vendor=openSUSE Project, qdistro_tier3s_token=af55d2aa29053bbf30b325baad71c7e0, org.qdistro.tier3s.workload=weston-terminal, org.opensuse.base.created=2026-09-30T20:05:54.126624488Z, org.opensuse.base.source=https://build.opensuse.org/package/show/openSUSE:Factory/opensuse-tumbleweed-image?rev=561f9d4c8e4e1a441f95ad4ec6b5a914, org.opensuse.base.url=https://www.opensuse.org, org.opencontainers.image.description=Image containing a minimal environment for containers based on openSUSE Tumbleweed., org.opensuse.reference=registry.opensuse.org/opensuse/tumbleweed:20260930.37.208, org.opensuse.base.description=Image containing a minimal environment for containers based on openSUSE Tumbleweed., org.opencontainers.image.source=https://build.opensuse.org/package/show/openSUSE:Factory/opensuse-tumbleweed-image?rev=561f9d4c8e4e1a441f95ad4ec6b5a914, org.opencontainers.image.url=https://www.opensuse.org, execID=15d0e1120e4786ddd9d932a547e397cef2d31f3e3f3631db34aae5ae6d8bd5c3, org.opensuse.base.reference=registry.opensuse.org/opensuse/tumbleweed:20260930.37.208, org.opensuse.base.title=openSUSE Tumbleweed Base Container, org.opensuse.base.version=20260930.37.208, org.qdistro.snapshot=20260930, org.opencontainers.image.version=20260930.37.208, org.opensuse.base.lifecycle-url=https://en.opensuse.org/Lifetime, org.opencontainers.image.created=2026-09-30T20:05:54.126624488Z, qdistro_tier3s_unit=qdistro-tier3s-silo@s125b.service, io.buildah.version=1.44.1, org.opencontainers.image.title=openSUSE Tumbleweed Base Container, org.opensuse.lifecycle-url=https://en.opensuse.org/Lifetime)
Oct 04 10:04:03 baseweed-admin qs[13118]: Detected locale "C" with character encoding "ANSI_X3.4-1968", which is not UTF-8.
                                          Qt depends on a UTF-8 locale, and has switched to "C.UTF-8" instead.
                                          If this causes problems, reconfigure your locale. See the locale(1) manual
                                          for more information.
Oct 04 10:04:03 baseweed-admin dbus-run-session[1036]:   INFO qml: [20261004-100403]  Tier3FocusIPC findSiloHandle silo=s125b → HANDLE=3
Oct 04 10:04:03 baseweed-admin dbus-run-session[1036]:   INFO qml: [20261004-100403]        PodApps cache refresh loaded 0 apps
Oct 04 10:04:03 baseweed-admin systemd[853]: Started podman-13136.scope.
Oct 04 10:04:03 baseweed-admin dbus-run-session[1036]:   WARN: Process failed to start, likely because the binary could not be found. Command: QList("bluetoothctl", "show")
Oct 04 10:04:03 baseweed-admin dbus-run-session[1036]:   WARN qml: [20261004-100403]        Network Connectivity check error: Error: Not authorized to recheck connectivity.
Oct 04 10:04:03 baseweed-admin weston[938]: [10:04:03.654] qdwin: toplevel_removed handle=3
Oct 04 10:04:03 baseweed-admin weston[938]: [10:04:03.654] qdwin: focus handle=4294967295 (was 3) seat=default
Oct 04 10:04:03 baseweed-admin weston[938]: [10:04:03.654] qdwin: seat_focus_changed seat=default handle=4294967295
Oct 04 10:04:03 baseweed-admin podman[12406]: 2026-10-04 10:04:03.704005197 +0000 UTC m=+4.460825786 container died 759cfe68e58b2d56d1b4ae4b7f3af79abb1a65eae0009d525ed5ee5ee9d5d78e (image=localhost/qdistro/tier3s-weston-terminal:latest, name=qdistro-tier3s-s125b, org.opensuse.base.disturl=obs://build.opensuse.org/openSUSE:Factory/images/561f9d4c8e4e1a441f95ad4ec6b5a914-opensuse-tumbleweed-image:docker, org.opencontainers.image.version=20260930.37.208, org.qdistro.snapshot=20260930, org.opensuse.base.source=https://build.opensuse.org/package/show/openSUSE:Factory/opensuse-tumbleweed-image?rev=561f9d4c8e4e1a441f95ad4ec6b5a914, org.opensuse.base.lifecycle-url=https://en.opensuse.org/Lifetime, org.opensuse.base.reference=registry.opensuse.org/opensuse/tumbleweed:20260930.37.208, org.opensuse.base.title=openSUSE Tumbleweed Base Container, org.opencontainers.image.title=openSUSE Tumbleweed Base Container, org.opensuse.base.description=Image containing a minimal environment for containers based on openSUSE Tumbleweed., org.qdistro.tier3s.workload=weston-terminal, org.opencontainers.image.created=2026-09-30T20:05:54.126624488Z, qdistro_tier3s_unit=qdistro-tier3s-silo@s125b.service, org.opensuse.base.version=20260930.37.208, org.opencontainers.image.description=Image containing a minimal environment for containers based on openSUSE Tumbleweed., qdistro_tier3s_token=af55d2aa29053bbf30b325baad71c7e0, org.opensuse.reference=registry.opensuse.org/opensuse/tumbleweed:20260930.37.208, org.opencontainers.image.source=https://build.opensuse.org/package/show/openSUSE:Factory/opensuse-tumbleweed-image?rev=561f9d4c8e4e1a441f95ad4ec6b5a914, org.opensuse.base.created=2026-09-30T20:05:54.126624488Z, org.opensuse.lifecycle-url=https://en.opensuse.org/Lifetime, org.openbuildservice.disturl=obs://build.opensuse.org/openSUSE:Factory/images/561f9d4c8e4e1a441f95ad4ec6b5a914-opensuse-tumbleweed-image:docker, org.opensuse.base.url=https://www.opensuse.org, io.buildah.version=1.44.1, org.opencontainers.image.url=https://www.opensuse.org, org.opensuse.base.vendor=openSUSE Project, org.opencontainers.image.vendor=openSUSE Project)
Oct 04 10:04:03 baseweed-admin podman[12406]: 2026-10-04 10:04:03.944631804 +0000 UTC m=+4.701452373 container remove 759cfe68e58b2d56d1b4ae4b7f3af79abb1a65eae0009d525ed5ee5ee9d5d78e (image=localhost/qdistro/tier3s-weston-terminal:latest, name=qdistro-tier3s-s125b, org.qdistro.tier3s.workload=weston-terminal, qdistro_tier3s_token=af55d2aa29053bbf30b325baad71c7e0, org.opensuse.base.disturl=obs://build.opensuse.org/openSUSE:Factory/images/561f9d4c8e4e1a441f95ad4ec6b5a914-opensuse-tumbleweed-image:docker, org.openbuildservice.disturl=obs://build.opensuse.org/openSUSE:Factory/images/561f9d4c8e4e1a441f95ad4ec6b5a914-opensuse-tumbleweed-image:docker, org.opensuse.lifecycle-url=https://en.opensuse.org/Lifetime, org.opencontainers.image.source=https://build.opensuse.org/package/show/openSUSE:Factory/opensuse-tumbleweed-image?rev=561f9d4c8e4e1a441f95ad4ec6b5a914, org.qdistro.snapshot=20260930, org.opensuse.base.version=20260930.37.208, org.opencontainers.image.version=20260930.37.208, org.opensuse.reference=registry.opensuse.org/opensuse/tumbleweed:20260930.37.208, io.buildah.version=1.44.1, org.opencontainers.image.vendor=openSUSE Project, org.opensuse.base.title=openSUSE Tumbleweed Base Container, org.opensuse.base.url=https://www.opensuse.org, org.opencontainers.image.title=openSUSE Tumbleweed Base Container, org.opencontainers.image.url=https://www.opensuse.org, org.opensuse.base.created=2026-09-30T20:05:54.126624488Z, org.opensuse.base.vendor=openSUSE Project, qdistro_tier3s_unit=qdistro-tier3s-silo@s125b.service, org.opensuse.base.source=https://build.opensuse.org/package/show/openSUSE:Factory/opensuse-tumbleweed-image?rev=561f9d4c8e4e1a441f95ad4ec6b5a914, org.opensuse.base.lifecycle-url=https://en.opensuse.org/Lifetime, org.opensuse.base.description=Image containing a minimal environment for containers based on openSUSE Tumbleweed., org.opensuse.base.reference=registry.opensuse.org/opensuse/tumbleweed:20260930.37.208, org.opencontainers.image.created=2026-09-30T20:05:54.126624488Z, org.opencontainers.image.description=Image containing a minimal environment for containers based on openSUSE Tumbleweed.)
Oct 04 10:04:04 baseweed-admin systemd[853]: qdistro-polkit-agent.service: Scheduled restart job, restart counter is at 31.
Oct 04 10:04:04 baseweed-admin systemd[853]: Started qdistro polkit authentication agent (PAM / fprintd / broker).
Oct 04 10:04:04 baseweed-admin qdistro-polkit-agent[14448]: registration failed: org.freedesktop.PolicyKit1.Error.Failed: Cannot determine session the caller is in
Oct 04 10:04:04 baseweed-admin dbus-run-session[1036]:   WARN qml: [20261004-100404]       Location Weather is still fetching
Oct 04 10:04:04 baseweed-admin python3[14448]: qdistro-polkit-agent: registration failed: org.freedesktop.PolicyKit1.Error.Failed: Cannot determine session the caller is in
Oct 04 10:04:04 baseweed-admin dbus-run-session[1036]:  ERROR qml: [20261004-100404]       Location Geocoding error: 0
Oct 04 10:04:04 baseweed-admin systemd[853]: qdistro-polkit-agent.service: Main process exited, code=exited, status=1/FAILURE
Oct 04 10:04:04 baseweed-admin systemd[853]: qdistro-polkit-agent.service: Failed with result 'exit-code'.
Oct 04 10:04:05 baseweed-admin dbus-run-session[1036]:   WARN: Process failed to start, likely because the binary could not be found. Command: QList("bluetoothctl", "show")
Oct 04 10:04:05 baseweed-admin systemd[853]: Started podman-15329.scope.
Oct 04 10:04:05 baseweed-admin systemd[853]: Started podman-15387.scope.
Oct 04 10:04:06 baseweed-admin systemd[853]: Started podman-15455.scope.
Oct 04 10:04:06 baseweed-admin systemd[853]: Started podman-15465.scope.
Oct 04 10:04:06 baseweed-admin systemd[853]: Started podman-15520.scope.
Oct 04 10:04:07 baseweed-admin dbus-run-session[1036]:   WARN: Process failed to start, likely because the binary could not be found. Command: QList("bluetoothctl", "show")
