Oct 04 10:02:03 baseweed-admin systemd[842]: Started qdwin compositor (libweston + qdwin-shell.so).
Oct 04 10:02:03 baseweed-admin systemd[842]: Starting qdistro screen locker (qdlocker)...
Oct 04 10:02:03 baseweed-admin systemd[842]: Starting qdshell desktop (Quickshell QML on top of qdwin)...
Oct 04 10:02:03 baseweed-admin weston[930]: Date: 2026-10-04 UTC
Oct 04 10:02:03 baseweed-admin weston[930]: [10:02:03.812] weston 16.0.0
Oct 04 10:02:03 baseweed-admin weston[930]:                https://wayland.freedesktop.org
Oct 04 10:02:03 baseweed-admin weston[930]:                Bug reports to: https://gitlab.freedesktop.org/wayland/weston/issues/
Oct 04 10:02:03 baseweed-admin weston[930]:                Build: 16.0.0
Oct 04 10:02:03 baseweed-admin weston[930]: [10:02:03.812] Command line: /usr/bin/weston --config=/home/admin/weston.ini --socket=wayland-1
Oct 04 10:02:03 baseweed-admin weston[930]: [10:02:03.812] OS: Linux, 7.2.8-1-default, #1 SMP PREEMPT_DYNAMIC Sat Sep 26 07:00:58 UTC 2026 (9b36732), x86_64
Oct 04 10:02:03 baseweed-admin weston[930]: [10:02:03.812] Flight recorder: enabled, scopes subscribed: log
Oct 04 10:02:03 baseweed-admin weston[930]: [10:02:03.814] Using config file '/home/admin/weston.ini'
Oct 04 10:02:03 baseweed-admin weston[930]: [10:02:03.814] Output repaint window is 7 ms maximum.
Oct 04 10:02:03 baseweed-admin weston[930]: [10:02:03.832] Loading module '/usr/libexec/qdistro/qdwin-libweston/lib64/libweston-16/drm-backend.so'
Oct 04 10:02:03 baseweed-admin weston[930]: [10:02:03.854] initializing drm backend
Oct 04 10:02:03 baseweed-admin weston[930]: [10:02:03.855] Trying libseat launcher...
Oct 04 10:02:03 baseweed-admin weston[930]: [10:02:03.863] [libseat/libseat.c:73] Seat opened with backend 'seatd'
Oct 04 10:02:03 baseweed-admin weston[930]: [10:02:03.863] [libseat/backend/seatd.c:218] Enabling seat
Oct 04 10:02:03 baseweed-admin weston[930]: [10:02:03.863] libseat: session control granted
Oct 04 10:02:03 baseweed-admin weston[930]: [10:02:03.871] using /dev/dri/card0
Oct 04 10:02:03 baseweed-admin weston[930]: [10:02:03.871] DRM: supports atomic modesetting
Oct 04 10:02:03 baseweed-admin weston[930]: [10:02:03.871] DRM: supports cursor-plane hotspot (virtualized cursor)
Oct 04 10:02:03 baseweed-admin weston[930]: [10:02:03.871] DRM: does not support GBM modifiers
Oct 04 10:02:03 baseweed-admin weston[930]: [10:02:03.871] DRM: does not support Atomic async page flip
Oct 04 10:02:03 baseweed-admin weston[930]: [10:02:03.871] DRM: supports picture aspect ratio
Oct 04 10:02:03 baseweed-admin weston[930]: [10:02:03.879] DRM: EDID for the following head fails conformity:
Oct 04 10:02:03 baseweed-admin weston[930]: Block 1, CTA-861 Extension Block:
Oct 04 10:02:03 baseweed-admin weston[930]:   Padding: Contains non-zero bytes.
Oct 04 10:02:03 baseweed-admin weston[930]: [10:02:03.879] DRM: head 'Virtual-1' found, connector 40 is connected, EDID make 'Red Hat, Inc.', model 'QEMU Monitor', serial ''
Oct 04 10:02:03 baseweed-admin weston[930]:                Supported EOTF modes: SDR
Oct 04 10:02:03 baseweed-admin weston[930]:                Supported colorimetry modes: default
Oct 04 10:02:03 baseweed-admin weston[930]:                Supported VRR modes: (none),
Oct 04 10:02:03 baseweed-admin weston[930]:                Supported color formats: AUTO
Oct 04 10:02:04 baseweed-admin weston[930]: [10:02:04.745] Loading module '/usr/libexec/qdistro/qdwin-libweston/lib64/libweston-16/gl-renderer.so'
Oct 04 10:02:04 baseweed-admin weston[930]: [10:02:04.781] warning: failed to query rendering device from EGL
Oct 04 10:02:04 baseweed-admin weston[930]: [10:02:04.782] EGL version: 1.5
Oct 04 10:02:04 baseweed-admin weston[930]: [10:02:04.782] EGL vendor: Mesa Project
Oct 04 10:02:04 baseweed-admin weston[930]: [10:02:04.782] EGL client APIs: OpenGL OpenGL_ES
Oct 04 10:02:04 baseweed-admin weston[930]: [10:02:04.782] EGL features:
Oct 04 10:02:04 baseweed-admin weston[930]:                EGL Wayland extension: no
Oct 04 10:02:04 baseweed-admin weston[930]:                context priority: no
Oct 04 10:02:04 baseweed-admin weston[930]:                buffer age: yes
Oct 04 10:02:04 baseweed-admin weston[930]:                partial update: no
Oct 04 10:02:04 baseweed-admin weston[930]:                swap buffers with damage: no
Oct 04 10:02:04 baseweed-admin weston[930]:                configless context: yes
Oct 04 10:02:04 baseweed-admin weston[930]:                surfaceless context: yes
Oct 04 10:02:04 baseweed-admin weston[930]:                dmabuf support: modifiers
Oct 04 10:02:04 baseweed-admin weston[930]:                fence sync: yes (wait)
Oct 04 10:02:05 baseweed-admin weston[930]: [10:02:05.099] GL version: OpenGL ES 3.2 Mesa 26.2.3
Oct 04 10:02:05 baseweed-admin weston[930]: [10:02:05.099] GLSL version: OpenGL ES GLSL ES 3.20
Oct 04 10:02:05 baseweed-admin weston[930]: [10:02:05.099] GL vendor: Mesa
Oct 04 10:02:05 baseweed-admin weston[930]: [10:02:05.099] GL renderer: llvmpipe (LLVM 23.1.1, 256 bits)
Oct 04 10:02:05 baseweed-admin weston[930]: [10:02:05.120] GL ES 3.2 - renderer features:
Oct 04 10:02:05 baseweed-admin weston[930]:                read-back format: ARGB8888
Oct 04 10:02:05 baseweed-admin weston[930]:                glReadPixels supports y-flip: yes
Oct 04 10:02:05 baseweed-admin weston[930]:                glReadPixels supports PBO: yes
Oct 04 10:02:05 baseweed-admin weston[930]:                wl_shm 10 bpc formats: yes
Oct 04 10:02:05 baseweed-admin weston[930]:                wl_shm 16 bpc formats: yes
Oct 04 10:02:05 baseweed-admin weston[930]:                wl_shm half-float formats: yes
Oct 04 10:02:05 baseweed-admin weston[930]:                internal R and RG formats: yes
Oct 04 10:02:05 baseweed-admin weston[930]:                OES_EGL_image_external: yes
Oct 04 10:02:05 baseweed-admin weston[930]:                GPU timeline: no
Oct 04 10:02:05 baseweed-admin weston[930]:                Texture immutability: yes
Oct 04 10:02:05 baseweed-admin weston[930]:                Required precision: yes
Oct 04 10:02:05 baseweed-admin weston[930]:                In-shader blending: yes
Oct 04 10:02:05 baseweed-admin weston[930]: [10:02:05.120] Using GL renderer
Oct 04 10:02:05 baseweed-admin weston[930]: [10:02:05.338] event3  - QEMU QEMU USB Tablet: is tagged by udev as: Mouse
Oct 04 10:02:05 baseweed-admin weston[930]: [10:02:05.339] event3  - QEMU QEMU USB Tablet: device is a pointer
Oct 04 10:02:05 baseweed-admin weston[930]: [10:02:05.340] event4  - Power Button: is tagged by udev as: Keyboard
Oct 04 10:02:05 baseweed-admin weston[930]: [10:02:05.340] event4  - Power Button: device is a keyboard
Oct 04 10:02:05 baseweed-admin weston[930]: [10:02:05.344] event0  - AT Translated Set 2 keyboard: is tagged by udev as: Keyboard
Oct 04 10:02:05 baseweed-admin weston[930]: [10:02:05.344] event0  - AT Translated Set 2 keyboard: device is a keyboard
Oct 04 10:02:05 baseweed-admin weston[930]: [10:02:05.347] event2  - VirtualPS/2 VMware VMMouse: is tagged by udev as: Mouse
Oct 04 10:02:05 baseweed-admin weston[930]: [10:02:05.347] event2  - VirtualPS/2 VMware VMMouse: emulating high-resolution scroll wheel events.
Oct 04 10:02:05 baseweed-admin weston[930]: [10:02:05.347] event2  - VirtualPS/2 VMware VMMouse: device is a pointer
Oct 04 10:02:05 baseweed-admin weston[930]: [10:02:05.351] event1  - VirtualPS/2 VMware VMMouse: is tagged by udev as: Mouse
Oct 04 10:02:05 baseweed-admin weston[930]: [10:02:05.351] event1  - VirtualPS/2 VMware VMMouse: device is a pointer
Oct 04 10:02:05 baseweed-admin weston[930]: [10:02:05.356] event5  - PC Speaker: not tagged as supported input device
Oct 04 10:02:05 baseweed-admin weston[930]: [10:02:05.400] event5  - not using input device '/dev/input/event5'
Oct 04 10:02:05 baseweed-admin weston[930]: [10:02:05.402] event6  - ydotoold virtual device: is tagged by udev as: Keyboard
Oct 04 10:02:05 baseweed-admin weston[930]: [10:02:05.402] event6  - ydotoold virtual device: emulating high-resolution scroll wheel events.
Oct 04 10:02:05 baseweed-admin weston[930]: [10:02:05.402] event6  - ydotoold virtual device: device is a keyboard
Oct 04 10:02:05 baseweed-admin weston[930]: [10:02:05.404] libinput: configuring device "QEMU QEMU USB Tablet".
Oct 04 10:02:05 baseweed-admin weston[930]: [10:02:05.404] input device event3 has no enabled output associated (none named), skipping calibration for now.
Oct 04 10:02:05 baseweed-admin weston[930]: [10:02:05.440] libinput: configuring device "Power Button".
Oct 04 10:02:05 baseweed-admin weston[930]: [10:02:05.444] libinput: configuring device "AT Translated Set 2 keyboard".
Oct 04 10:02:05 baseweed-admin weston[930]: [10:02:05.444] libinput: configuring device "VirtualPS/2 VMware VMMouse".
Oct 04 10:02:05 baseweed-admin weston[930]: [10:02:05.444] libinput: configuring device "VirtualPS/2 VMware VMMouse".
Oct 04 10:02:05 baseweed-admin weston[930]: [10:02:05.444] input device event1 has no enabled output associated (none named), skipping calibration for now.
Oct 04 10:02:05 baseweed-admin weston[930]: [10:02:05.444] libinput: configuring device "ydotoold virtual device".
Oct 04 10:02:05 baseweed-admin weston[930]: [10:02:05.445] Registered plugin API 'weston_drm_output_api_v1' of size 40
Oct 04 10:02:05 baseweed-admin weston[930]: [10:02:05.446] Loading module '/usr/libexec/qdistro/qdwin-libweston/lib64/libweston-16/pipewire-backend.so'
Oct 04 10:02:05 baseweed-admin weston[930]: [10:02:05.448] Initializing PipeWire backend
Oct 04 10:02:05 baseweed-admin weston[930]: [10:02:05.455] Registered plugin API 'weston_pipewire_output_api_v2' of size 24
Oct 04 10:02:05 baseweed-admin weston[930]: [10:02:05.455] Color manager: no-op
Oct 04 10:02:05 baseweed-admin weston[930]:                  protocol support: no
Oct 04 10:02:05 baseweed-admin weston[930]: [10:02:05.455] Setting output 'Virtual-1' to color AUTO format
Oct 04 10:02:05 baseweed-admin weston[930]: [10:02:05.455] Output 'Virtual-1' attempts EOTF mode SDR and colorimetry mode default.
Oct 04 10:02:05 baseweed-admin weston[930]: [10:02:05.456] Output 'Virtual-1' using color profile: stock sRGB color profile
Oct 04 10:02:05 baseweed-admin weston[930]: [10:02:05.456] Chosen EGL config details: id:  46 rgba: 8 8 8 0 buf: 24 dep:  0 stcl: 0 int: 1-1 type: win val: fix vis_id: XRGB8888 (0x34325258)
Oct 04 10:02:05 baseweed-admin weston[930]: [10:02:05.456] Output Virtual-1 (crtc 39) video modes:
Oct 04 10:02:05 baseweed-admin weston[930]:                1280x800@75.0, preferred, 107.3 MHz
Oct 04 10:02:05 baseweed-admin weston[930]:                5120x2160@50.0 64:27, 742.5 MHz
Oct 04 10:02:05 baseweed-admin weston[930]:                4096x2160@50.0 256:135, 594.0 MHz
Oct 04 10:02:05 baseweed-admin weston[930]:                3840x2160@60.0 16:9, 594.0 MHz
Oct 04 10:02:05 baseweed-admin weston[930]:                3840x2160@59.9 16:9, 593.4 MHz
Oct 04 10:02:05 baseweed-admin weston[930]:                3840x2160@50.0 16:9, 594.0 MHz
Oct 04 10:02:05 baseweed-admin weston[930]:                1920x1440@60.0, 234.0 MHz
Oct 04 10:02:05 baseweed-admin weston[930]:                2560x1080@50.0 64:27, 185.6 MHz
Oct 04 10:02:05 baseweed-admin weston[930]:                1856x1392@60.0, 218.2 MHz
Oct 04 10:02:05 baseweed-admin weston[930]:                1792x1344@60.0, 204.8 MHz
Oct 04 10:02:05 baseweed-admin weston[930]:                2048x1152@60.0, 162.0 MHz
Oct 04 10:02:05 baseweed-admin weston[930]:                1920x1200@59.9, 193.2 MHz
Oct 04 10:02:05 baseweed-admin weston[930]:                1920x1080@60.0, current, 148.5 MHz
Oct 04 10:02:05 baseweed-admin weston[930]:                1920x1080@50.0 16:9, 148.5 MHz
Oct 04 10:02:05 baseweed-admin weston[930]:                1600x1200@60.0, 162.0 MHz
Oct 04 10:02:05 baseweed-admin weston[930]:                1680x1050@60.0, 146.2 MHz
Oct 04 10:02:05 baseweed-admin weston[930]:                1400x1050@60.0, 121.8 MHz
Oct 04 10:02:05 baseweed-admin weston[930]:                1280x1024@60.0, 108.0 MHz
Oct 04 10:02:05 baseweed-admin weston[930]:                1440x900@59.9, 106.5 MHz
Oct 04 10:02:05 baseweed-admin weston[930]:                1280x960@60.0, 108.0 MHz
Oct 04 10:02:05 baseweed-admin weston[930]:                1360x768@60.0, 85.5 MHz
Oct 04 10:02:05 baseweed-admin weston[930]:                1280x768@59.9, 79.5 MHz
Oct 04 10:02:05 baseweed-admin weston[930]:                1024x768@60.0, 65.0 MHz
Oct 04 10:02:05 baseweed-admin weston[930]:                800x600@60.3, 40.0 MHz
Oct 04 10:02:05 baseweed-admin weston[930]:                640x480@60.0 4:3, 25.2 MHz
Oct 04 10:02:05 baseweed-admin weston[930]:                640x480@59.9, 25.2 MHz
Oct 04 10:02:05 baseweed-admin weston[930]: [10:02:05.456] associating input device event3 with output Virtual-1 (none by udev)
Oct 04 10:02:05 baseweed-admin weston[930]: [10:02:05.457] associating input device event4 with output Virtual-1 (none by udev)
Oct 04 10:02:05 baseweed-admin weston[930]: [10:02:05.457] associating input device event0 with output Virtual-1 (none by udev)
Oct 04 10:02:05 baseweed-admin weston[930]: [10:02:05.457] associating input device event2 with output Virtual-1 (none by udev)
Oct 04 10:02:05 baseweed-admin weston[930]: [10:02:05.457] associating input device event1 with output Virtual-1 (none by udev)
Oct 04 10:02:05 baseweed-admin weston[930]: [10:02:05.457] associating input device event6 with output Virtual-1 (none by udev)
Oct 04 10:02:05 baseweed-admin weston[930]: [10:02:05.457] Output 'Virtual-1' enabled with head(s) Virtual-1
Oct 04 10:02:05 baseweed-admin weston[930]: [10:02:05.457] pipewire_backend_output_configure.. Done
Oct 04 10:02:05 baseweed-admin weston[930]: [10:02:05.457] Output 'pipewire-0' attempts EOTF mode SDR and colorimetry mode default.
Oct 04 10:02:05 baseweed-admin weston[930]: [10:02:05.457] Output 'pipewire-0' using color profile: stock sRGB color profile
Oct 04 10:02:05 baseweed-admin weston[930]: [10:02:05.555] Output 'pipewire-0' enabled with head(s) pipewire-0
Oct 04 10:02:05 baseweed-admin weston[930]: [10:02:05.556] pipewire_backend_output_configure.. Done
Oct 04 10:02:05 baseweed-admin weston[930]: [10:02:05.556] Output 'pipewire-1' attempts EOTF mode SDR and colorimetry mode default.
Oct 04 10:02:05 baseweed-admin weston[930]: [10:02:05.556] Output 'pipewire-1' using color profile: stock sRGB color profile
Oct 04 10:02:05 baseweed-admin weston[930]: [10:02:05.556] Output 'pipewire-1' enabled with head(s) pipewire-1
Oct 04 10:02:05 baseweed-admin weston[930]: [10:02:05.556] Compositor capabilities:
Oct 04 10:02:05 baseweed-admin weston[930]:                arbitrary surface rotation: yes
Oct 04 10:02:05 baseweed-admin weston[930]:                screen capture uses y-flip: yes
Oct 04 10:02:05 baseweed-admin weston[930]:                cursor planes: yes
Oct 04 10:02:05 baseweed-admin weston[930]:                arbitrary resolutions: yes
Oct 04 10:02:05 baseweed-admin weston[930]:                view mask clipping: yes
Oct 04 10:02:05 baseweed-admin weston[930]:                explicit sync: no
Oct 04 10:02:05 baseweed-admin weston[930]:                color operations: yes
Oct 04 10:02:05 baseweed-admin weston[930]:                color representation: yes
Oct 04 10:02:05 baseweed-admin weston[930]:                in-shader blending: yes
Oct 04 10:02:05 baseweed-admin weston[930]:                presentation clock: CLOCK_MONOTONIC, id 1
Oct 04 10:02:05 baseweed-admin weston[930]:                presentation clock resolution: 0.000000001 s
Oct 04 10:02:05 baseweed-admin weston[930]: [10:02:05.558] Loading module '/usr/lib64/weston/qdwin-shell.so'
Oct 04 10:02:05 baseweed-admin weston[930]: [10:02:05.560] qdwin: locker bind policy defaulting to entrypoint=/usr/local/bin/qdlocker:/usr/bin/qdlocker (system interpreter + root-owned entrypoint; no explicit policy configured); set --qdwin-allowed-locker-any to override to uid-only
Oct 04 10:02:05 baseweed-admin weston[930]: [10:02:05.560] qdwin: locker bind policy uid=1000 entrypoint=/usr/local/bin/qdlocker:/usr/bin/qdlocker exe=(any) label=(any)
Oct 04 10:02:05 baseweed-admin weston[930]: [10:02:05.561] qdwin: ext-idle-notify idle_time=0 internal_mode=1
Oct 04 10:02:05 baseweed-admin weston[930]: [10:02:05.561] qdwin: cursor-shape theme=(default) size=24 loaded=0/36
Oct 04 10:02:05 baseweed-admin weston[930]: [10:02:05.561] qdwin: layer-popup grab handler registered
Oct 04 10:02:05 baseweed-admin weston[930]: [10:02:05.561] qdwin/nested-proxy: default keyboard grab installed on seat 'default'
Oct 04 10:02:05 baseweed-admin weston[930]: [10:02:05.561] qdwin: background curtain 3200x1080 installed
Oct 04 10:02:05 baseweed-admin weston[930]: [10:02:05.561] qdwin: WARNING shell-authorized output capture enabled via QDWIN_ENABLE_SHELL_CAPTURE — dev/test only, do not use in production
Oct 04 10:02:05 baseweed-admin weston[930]: [10:02:05.561] qdwin: retained-frame capture armed on output=Virtual-1
Oct 04 10:02:05 baseweed-admin weston[930]: [10:02:05.561] qdwin: shell loaded (allowed_uid=1000); desktop + qdwin_shell_v1 ready
Oct 04 10:02:05 baseweed-admin weston[930]: [10:02:05.562] Loading module '/usr/lib64/libweston-16/xwayland.so'
Oct 04 10:02:05 baseweed-admin weston[930]: [10:02:05.564] Registered plugin API 'weston_xwayland_v3' of size 32
Oct 04 10:02:05 baseweed-admin weston[930]: [10:02:05.564] Registered plugin API 'weston_xwayland_surface_v2' of size 24
Oct 04 10:02:05 baseweed-admin weston[930]: [10:02:05.564] xserver listening on display :0
Oct 04 10:02:05 baseweed-admin systemd[842]: Started qdshell desktop (Quickshell QML on top of qdwin).
Oct 04 10:02:05 baseweed-admin systemd[842]: Started qdistro screen locker (qdlocker).
Oct 04 10:02:05 baseweed-admin weston[930]: [10:02:05.813] qdwin: bind attempt pid=1039 uid=1000 (allowed_uid=1000)
Oct 04 10:02:05 baseweed-admin weston[930]: [10:02:05.813] qdwin: bind accepted for uid=1000, hello sent
Oct 04 10:02:05 baseweed-admin weston[930]: [10:02:05.819] qdwin: cursor-sprite registered shape=default hotspot=3,1
Oct 04 10:02:05 baseweed-admin weston[930]: [10:02:05.819] qdwin: cursor_retry_install: scheduling first retry in 1000ms
Oct 04 10:02:05 baseweed-admin weston[930]: [10:02:05.821] qdwin: cursor-sprite registered shape=context-menu hotspot=3,1
Oct 04 10:02:05 baseweed-admin weston[930]: [10:02:05.822] qdwin: cursor-sprite registered shape=help hotspot=12,21
Oct 04 10:02:05 baseweed-admin weston[930]: [10:02:05.822] qdwin: cursor-sprite registered shape=pointer hotspot=7,5
Oct 04 10:02:05 baseweed-admin weston[930]: [10:02:05.849] qdwin: cursor-sprite registered shape=progress hotspot=3,1
Oct 04 10:02:05 baseweed-admin weston[930]: [10:02:05.874] qdwin: cursor-sprite registered shape=wait hotspot=11,11
Oct 04 10:02:05 baseweed-admin weston[930]: [10:02:05.874] qdwin: cursor-sprite registered shape=cell hotspot=11,11
Oct 04 10:02:05 baseweed-admin weston[930]: [10:02:05.874] qdwin: cursor-sprite registered shape=crosshair hotspot=11,11
Oct 04 10:02:05 baseweed-admin weston[930]: [10:02:05.874] qdwin: cursor-sprite registered shape=text hotspot=11,12
Oct 04 10:02:05 baseweed-admin weston[930]: [10:02:05.874] qdwin: cursor-sprite registered shape=vertical-text hotspot=12,11
Oct 04 10:02:05 baseweed-admin weston[930]: [10:02:05.875] qdwin: cursor-sprite registered shape=alias hotspot=18,5
Oct 04 10:02:05 baseweed-admin weston[930]: [10:02:05.875] qdwin: cursor-sprite registered shape=copy hotspot=3,1
Oct 04 10:02:05 baseweed-admin weston[930]: [10:02:05.875] qdwin: cursor-sprite registered shape=move hotspot=3,1
Oct 04 10:02:05 baseweed-admin weston[930]: [10:02:05.877] qdwin: cursor-sprite registered shape=no-drop hotspot=3,1
Oct 04 10:02:05 baseweed-admin weston[930]: [10:02:05.879] qdwin: cursor-sprite registered shape=not-allowed hotspot=12,12
Oct 04 10:02:05 baseweed-admin weston[930]: [10:02:05.879] qdwin: cursor-sprite registered shape=grab hotspot=11,2
Oct 04 10:02:05 baseweed-admin weston[930]: [10:02:05.879] qdwin: cursor-sprite registered shape=grabbing hotspot=9,5
Oct 04 10:02:05 baseweed-admin weston[930]: [10:02:05.879] qdwin: cursor-sprite registered shape=e-resize hotspot=19,13
Oct 04 10:02:05 baseweed-admin weston[930]: [10:02:05.880] qdwin: cursor-sprite registered shape=n-resize hotspot=13,6
Oct 04 10:02:05 baseweed-admin weston[930]: [10:02:05.880] qdwin: cursor-sprite registered shape=ne-resize hotspot=15,10
Oct 04 10:02:05 baseweed-admin weston[930]: [10:02:05.880] qdwin: cursor-sprite registered shape=nw-resize hotspot=10,10
Oct 04 10:02:05 baseweed-admin weston[930]: [10:02:05.880] qdwin: cursor-sprite registered shape=s-resize hotspot=13,18
Oct 04 10:02:05 baseweed-admin weston[930]: [10:02:05.881] qdwin: cursor-sprite registered shape=se-resize hotspot=15,15
Oct 04 10:02:05 baseweed-admin weston[930]: [10:02:05.881] qdwin: cursor-sprite registered shape=sw-resize hotspot=10,15
Oct 04 10:02:05 baseweed-admin weston[930]: [10:02:05.881] qdwin: cursor-sprite registered shape=w-resize hotspot=6,13
Oct 04 10:02:05 baseweed-admin weston[930]: [10:02:05.881] qdwin: cursor-sprite registered shape=ew-resize hotspot=12,12
Oct 04 10:02:05 baseweed-admin weston[930]: [10:02:05.881] qdwin: cursor-sprite registered shape=ns-resize hotspot=12,13
Oct 04 10:02:05 baseweed-admin weston[930]: [10:02:05.882] qdwin: cursor-sprite registered shape=nesw-resize hotspot=11,11
Oct 04 10:02:05 baseweed-admin weston[930]: [10:02:05.882] qdwin: cursor-sprite registered shape=nwse-resize hotspot=11,11
Oct 04 10:02:05 baseweed-admin weston[930]: [10:02:05.883] qdwin: cursor-sprite registered shape=col-resize hotspot=12,12
Oct 04 10:02:05 baseweed-admin weston[930]: [10:02:05.883] qdwin: cursor-sprite registered shape=row-resize hotspot=12,13
Oct 04 10:02:05 baseweed-admin weston[930]: [10:02:05.883] qdwin: cursor-sprite registered shape=all-scroll hotspot=11,11
Oct 04 10:02:05 baseweed-admin weston[930]: [10:02:05.883] qdwin: cursor-sprite registered shape=zoom-in hotspot=11,10
Oct 04 10:02:05 baseweed-admin weston[930]: [10:02:05.884] qdwin: cursor-sprite registered shape=zoom-out hotspot=11,10
Oct 04 10:02:05 baseweed-admin weston[930]: [10:02:05.884] qdwin: cursor-sprite registered shape=dnd-ask hotspot=3,1
Oct 04 10:02:05 baseweed-admin weston[930]: [10:02:05.884] qdwin: cursor-sprite registered shape=all-resize hotspot=12,11
Oct 04 10:02:05 baseweed-admin dbus-run-session[1043]: No running instances for "/usr/share/quickshell/qdshell/shell.qml"
Oct 04 10:02:05 baseweed-admin dbus-run-session[1043]:   INFO: Launching config: "/usr/share/quickshell/qdshell/shell.qml"
Oct 04 10:02:05 baseweed-admin dbus-run-session[1043]:   INFO: Shell ID: "0d0d1ceeb7f0392fec595c8531945b05" Path ID "0d0d1ceeb7f0392fec595c8531945b05"
Oct 04 10:02:05 baseweed-admin dbus-run-session[1043]:   INFO: Saving logs to "/run/user/1000/quickshell/by-id/zshvndmt/log.qslog"
Oct 04 10:02:06 baseweed-admin qdlocker[1041]: 2026-10-04 10:02:06,093 qdlocker.app INFO using built-in defaults (no trusted config file found)
Oct 04 10:02:06 baseweed-admin qdlocker[1041]: 2026-10-04 10:02:06,120 qdlocker.auth INFO PAM service from env: qdlocker
Oct 04 10:02:06 baseweed-admin weston[930]: [10:02:06.317] qdwin: locker bind attempt pid=1041 uid=1000 (allowed_locker_uid=1000)
Oct 04 10:02:06 baseweed-admin weston[930]: [10:02:06.317] qdwin: locker bound pid=1041 uid=1000 (initially_locked=0)
Oct 04 10:02:06 baseweed-admin qdlocker[1041]: 2026-10-04 10:02:06,317 qdlocker.wayland INFO locker connected
Oct 04 10:02:06 baseweed-admin qdlocker[1041]: 2026-10-04 10:02:06,321 qdlocker.idle INFO idle watcher started; timeout=300000ms
Oct 04 10:02:06 baseweed-admin qdlocker[1041]: 2026-10-04 10:02:06,324 qdlocker.ctrl INFO ctrl socket at /run/user/1000/qdlocker.sock
Oct 04 10:02:06 baseweed-admin qdlocker[1041]: 2026-10-04 10:02:06,337 qdlocker.app INFO locker bound; initially_locked=False
Oct 04 10:02:06 baseweed-admin qdlocker[1041]: 2026-10-04 10:02:06,412 qdlocker.logind INFO logind sleep delay-inhibitor acquired (fd=20)
Oct 04 10:02:06 baseweed-admin qdlocker[1041]: 2026-10-04 10:02:06,415 qdlocker.logind WARNING cannot identify one owned active Wayland session (0 candidates); session lock unavailable
Oct 04 10:02:06 baseweed-admin qdlocker[1041]: 2026-10-04 10:02:06,416 qdlocker.logind INFO logind automatic sleep locking ready; session=None
Oct 04 10:02:06 baseweed-admin dbus-run-session[1043]: MESA-EGL: warning: failed to get driver name for fd -1
Oct 04 10:02:06 baseweed-admin dbus-run-session[1043]: MESA-EGL: warning: MESA-LOADER: failed to retrieve device information
Oct 04 10:02:06 baseweed-admin dbus-run-session[1043]: MESA-EGL: warning: failed to get driver name for fd -1
Oct 04 10:02:06 baseweed-admin dbus-run-session[1043]: MESA: error: ZINK: failed to choose pdev
Oct 04 10:02:06 baseweed-admin dbus-run-session[1043]: MESA-EGL: warning: egl: failed to create dri2 screen
Oct 04 10:02:23 baseweed-admin dbus-run-session[1043]:   INFO qml: [20261004-100223]           I18n Service started
Oct 04 10:02:23 baseweed-admin dbus-run-session[1043]:   INFO qml: [20261004-100223]           I18n Loading "en" (locale: "en-Latn-US")
Oct 04 10:02:23 baseweed-admin dbus-run-session[1043]:   INFO qml: [20261004-100223]          Shell ---------------------------
Oct 04 10:02:23 baseweed-admin dbus-run-session[1043]:   INFO qml: [20261004-100223]          Shell Qdshell Hello!
Oct 04 10:02:23 baseweed-admin dbus-run-session[1043]:   WARN scene: @Commons/I18n.qml[104:5]: Unable to assign QJSValue to QObject*
Oct 04 10:02:23 baseweed-admin dbus-run-session[1043]:   INFO: Configuration Loaded
Oct 04 10:02:23 baseweed-admin dbus-run-session[1043]:   WARN scene: @Commons/I18n.qml[104:5]: Unable to assign QJSValue to QObject*
Oct 04 10:02:23 baseweed-admin dbus-run-session[1043]:   INFO qml: [20261004-100223]       Settings Settings loaded
Oct 04 10:02:23 baseweed-admin dbus-run-session[1043]:   INFO qml: [20261004-100223]           I18n Loaded translations for "en"
Oct 04 10:02:23 baseweed-admin dbus-run-session[1043]:   INFO qml: [20261004-100223] PluginRegistry Loaded plugin states from: /home/admin/.config/qdshell/plugins.json
Oct 04 10:02:23 baseweed-admin dbus-run-session[1043]:   INFO qml: [20261004-100223] PluginRegistry Scanning plugin folder: /home/admin/.config/qdshell/plugins
Oct 04 10:02:23 baseweed-admin dbus-run-session[1043]:   INFO qml: [20261004-100223]          Icons Service started
Oct 04 10:02:23 baseweed-admin dbus-run-session[1043]:   INFO: ctrl-server: listening on /run/user/1000/qdshell.sock
Oct 04 10:02:23 baseweed-admin dbus-run-session[1043]:   WARN scene: QML Connections at @Services/Hardware/BrightnessService.qml[66:3]: Detected function "onEnableDdcSupportChanged" in Connections element. This is probably intended to be a signal handler but no signal of the target matches the name.
Oct 04 10:02:23 baseweed-admin dbus-run-session[1043]:   INFO qml: [20261004-100223]     Brightness Service started
Oct 04 10:02:24 baseweed-admin dbus-run-session[1043]:   INFO qml: [20261004-100224] DesktopWidgetR Service started
Oct 04 10:02:24 baseweed-admin dbus-run-session[1043]:   WARN scene: QML Connections at @Services/UI/BarService.qml[147:3]: Detected function "onDisplayModeChanged" in Connections element. This is probably intended to be a signal handler but no signal of the target matches the name.
Oct 04 10:02:24 baseweed-admin dbus-run-session[1043]:   WARN scene: QML Connections at @Services/UI/BarService.qml[147:3]: Detected function "onScreenOverridesChanged" in Connections element. This is probably intended to be a signal handler but no signal of the target matches the name.
Oct 04 10:02:24 baseweed-admin dbus-run-session[1043]:   INFO qml: [20261004-100224]     BarService Service started
Oct 04 10:02:24 baseweed-admin dbus-run-session[1043]:   WARN scene: QML Connections at @Services/Networking/NetworkService.qml[73:3]: Detected function "onWifiEnabledChanged" in Connections element. This is probably intended to be a signal handler but no signal of the target matches the name.
Oct 04 10:02:24 baseweed-admin dbus-run-session[1043]:   INFO qml: [20261004-100224]        Network Service started
Oct 04 10:02:24 baseweed-admin dbus-run-session[1043]:   WARN scene: QML Connections at @Modules/Panels/Dock/StaticDockPanel.qml[350:3]: Detected function "onPinnedAppsChanged" in Connections element. This is probably intended to be a signal handler but no signal of the target matches the name.
Oct 04 10:02:24 baseweed-admin dbus-run-session[1043]:   WARN scene: QML Connections at @Modules/Panels/Dock/StaticDockPanel.qml[350:3]: Detected function "onOnlySameOutputChanged" in Connections element. This is probably intended to be a signal handler but no signal of the target matches the name.
Oct 04 10:02:24 baseweed-admin dbus-run-session[1043]:   WARN scene: QML Connections at @Services/System/SystemStatService.qml[320:3]: Detected function "onEnableDgpuMonitoringChanged" in Connections element. This is probably intended to be a signal handler but no signal of the target matches the name.
Oct 04 10:02:24 baseweed-admin dbus-run-session[1043]:   INFO qml: [20261004-100224]     SystemStat Service started (polling deferred until a consumer registers).
Oct 04 10:02:24 baseweed-admin dbus-run-session[1043]:   WARN scene: QML Connections at @Modules/Panels/Dock/StaticDockPanel.qml[350:3]: Detected function "onPinnedAppsChanged" in Connections element. This is probably intended to be a signal handler but no signal of the target matches the name.
Oct 04 10:02:24 baseweed-admin dbus-run-session[1043]:   WARN scene: QML Connections at @Modules/Panels/Dock/StaticDockPanel.qml[350:3]: Detected function "onOnlySameOutputChanged" in Connections element. This is probably intended to be a signal handler but no signal of the target matches the name.
Oct 04 10:02:24 baseweed-admin dbus-run-session[1043]:   WARN scene: QML Connections at @Modules/Panels/Dock/StaticDockPanel.qml[350:3]: Detected function "onPinnedAppsChanged" in Connections element. This is probably intended to be a signal handler but no signal of the target matches the name.
Oct 04 10:02:24 baseweed-admin dbus-run-session[1043]:   WARN scene: QML Connections at @Modules/Panels/Dock/StaticDockPanel.qml[350:3]: Detected function "onOnlySameOutputChanged" in Connections element. This is probably intended to be a signal handler but no signal of the target matches the name.
Oct 04 10:02:24 baseweed-admin dbus-run-session[1043]:   WARN scene: QML Connections at @Services/UI/WallpaperService.qml[140:3]: Detected function "onWallpaperDownloaded" in Connections element. This is probably intended to be a signal handler but no signal of the target matches the name.
Oct 04 10:02:24 baseweed-admin dbus-run-session[1043]:   WARN scene: QML Connections at @Services/UI/WallpaperService.qml[61:3]: Detected function "onDirectoryChanged" in Connections element. This is probably intended to be a signal handler but no signal of the target matches the name.
Oct 04 10:02:24 baseweed-admin dbus-run-session[1043]:   WARN scene: QML Connections at @Services/UI/WallpaperService.qml[61:3]: Detected function "onEnableMultiMonitorDirectoriesChanged" in Connections element. This is probably intended to be a signal handler but no signal of the target matches the name.
Oct 04 10:02:24 baseweed-admin dbus-run-session[1043]:   WARN scene: QML Connections at @Services/UI/WallpaperService.qml[61:3]: Detected function "onAutomationEnabledChanged" in Connections element. This is probably intended to be a signal handler but no signal of the target matches the name.
Oct 04 10:02:24 baseweed-admin dbus-run-session[1043]:   WARN scene: QML Connections at @Services/UI/WallpaperService.qml[61:3]: Detected function "onRandomIntervalSecChanged" in Connections element. This is probably intended to be a signal handler but no signal of the target matches the name.
Oct 04 10:02:24 baseweed-admin dbus-run-session[1043]:   WARN scene: QML Connections at @Services/UI/WallpaperService.qml[61:3]: Detected function "onWallpaperChangeModeChanged" in Connections element. This is probably intended to be a signal handler but no signal of the target matches the name.
Oct 04 10:02:24 baseweed-admin dbus-run-session[1043]:   WARN scene: QML Connections at @Services/UI/WallpaperService.qml[61:3]: Detected function "onViewModeChanged" in Connections element. This is probably intended to be a signal handler but no signal of the target matches the name.
Oct 04 10:02:24 baseweed-admin dbus-run-session[1043]:   WARN scene: QML Connections at @Services/UI/WallpaperService.qml[61:3]: Detected function "onShowHiddenFilesChanged" in Connections element. This is probably intended to be a signal handler but no signal of the target matches the name.
Oct 04 10:02:24 baseweed-admin dbus-run-session[1043]:   WARN scene: QML Connections at @Services/UI/WallpaperService.qml[61:3]: Detected function "onUseSolidColorChanged" in Connections element. This is probably intended to be a signal handler but no signal of the target matches the name.
Oct 04 10:02:24 baseweed-admin dbus-run-session[1043]:   WARN scene: QML Connections at @Services/UI/WallpaperService.qml[61:3]: Detected function "onSolidColorChanged" in Connections element. This is probably intended to be a signal handler but no signal of the target matches the name.
Oct 04 10:02:24 baseweed-admin dbus-run-session[1043]:   WARN scene: QML Connections at @Services/UI/WallpaperService.qml[61:3]: Detected function "onSortOrderChanged" in Connections element. This is probably intended to be a signal handler but no signal of the target matches the name.
Oct 04 10:02:24 baseweed-admin dbus-run-session[1043]:   WARN scene: QML Connections at @Modules/Background/Background.qml[80:7]: Detected function "onFillModeChanged" in Connections element. This is probably intended to be a signal handler but no signal of the target matches the name.
Oct 04 10:02:24 baseweed-admin dbus-run-session[1043]:   WARN scene: QML Connections at @Modules/Background/Background.qml[80:7]: Detected function "onFillModeChanged" in Connections element. This is probably intended to be a signal handler but no signal of the target matches the name.
Oct 04 10:02:24 baseweed-admin dbus-run-session[1043]:   WARN scene: QML Connections at @Modules/Background/Background.qml[80:7]: Detected function "onFillModeChanged" in Connections element. This is probably intended to be a signal handler but no signal of the target matches the name.
Oct 04 10:02:24 baseweed-admin dbus-run-session[1043]:   WARN scene: QML Connections at @Modules/Dock/Dock.qml[45:7]: Detected function "onPinnedAppsChanged" in Connections element. This is probably intended to be a signal handler but no signal of the target matches the name.
Oct 04 10:02:24 baseweed-admin dbus-run-session[1043]:   WARN scene: QML Connections at @Modules/Dock/Dock.qml[45:7]: Detected function "onOnlySameOutputChanged" in Connections element. This is probably intended to be a signal handler but no signal of the target matches the name.
Oct 04 10:02:24 baseweed-admin dbus-run-session[1043]:   WARN scene: QML Connections at @Modules/Dock/Dock.qml[45:7]: Detected function "onPinnedAppsChanged" in Connections element. This is probably intended to be a signal handler but no signal of the target matches the name.
Oct 04 10:02:24 baseweed-admin dbus-run-session[1043]:   WARN scene: QML Connections at @Modules/Dock/Dock.qml[45:7]: Detected function "onOnlySameOutputChanged" in Connections element. This is probably intended to be a signal handler but no signal of the target matches the name.
Oct 04 10:02:24 baseweed-admin dbus-run-session[1043]:   WARN scene: QML Connections at @Modules/Dock/Dock.qml[45:7]: Detected function "onPinnedAppsChanged" in Connections element. This is probably intended to be a signal handler but no signal of the target matches the name.
Oct 04 10:02:24 baseweed-admin dbus-run-session[1043]:   WARN scene: QML Connections at @Modules/Dock/Dock.qml[45:7]: Detected function "onOnlySameOutputChanged" in Connections element. This is probably intended to be a signal handler but no signal of the target matches the name.
Oct 04 10:02:24 baseweed-admin dbus-run-session[1043]:   INFO qml: [20261004-100224]          Shell ---------------------------
Oct 04 10:02:24 baseweed-admin dbus-run-session[1043]:   INFO qml: [20261004-100224]      Wallpaper Service started
Oct 04 10:02:24 baseweed-admin dbus-run-session[1043]:   INFO qml: [20261004-100224]     ImageCache Service started
Oct 04 10:02:24 baseweed-admin dbus-run-session[1043]:   WARN scene: QML Connections at @Services/Theming/AppThemeService.qml[30:3]: Detected function "onDarkModeChanged" in Connections element. This is probably intended to be a signal handler but no signal of the target matches the name.
Oct 04 10:02:24 baseweed-admin dbus-run-session[1043]:   WARN scene: QML Connections at @Services/Theming/AppThemeService.qml[30:3]: Detected function "onMonitorForColorsChanged" in Connections element. This is probably intended to be a signal handler but no signal of the target matches the name.
Oct 04 10:02:24 baseweed-admin dbus-run-session[1043]:   WARN scene: QML Connections at @Services/Theming/AppThemeService.qml[30:3]: Detected function "onGenerationMethodChanged" in Connections element. This is probably intended to be a signal handler but no signal of the target matches the name.
Oct 04 10:02:24 baseweed-admin dbus-run-session[1043]:   INFO qml: [20261004-100224] AppThemeServic Service started
Oct 04 10:02:24 baseweed-admin dbus-run-session[1043]:   WARN scene: QML Connections at @Services/Theming/ColorSchemeService.qml[20:3]: Detected function "onDarkModeChanged" in Connections element. This is probably intended to be a signal handler but no signal of the target matches the name.
Oct 04 10:02:24 baseweed-admin dbus-run-session[1043]:   INFO qml: [20261004-100224]    ColorScheme Service started
Oct 04 10:02:24 baseweed-admin dbus-run-session[1043]:   INFO qml: [20261004-100224] AppPresentatio Service started
Oct 04 10:02:24 baseweed-admin dbus-run-session[1043]:   WARN scene: QML Connections at @Services/Location/DarkModeService.qml[43:3]: Detected function "onSchedulingModeChanged" in Connections element. This is probably intended to be a signal handler but no signal of the target matches the name.
Oct 04 10:02:24 baseweed-admin dbus-run-session[1043]:   WARN scene: QML Connections at @Services/Location/DarkModeService.qml[28:3]: Detected function "onManualSunriseChanged" in Connections element. This is probably intended to be a signal handler but no signal of the target matches the name.
Oct 04 10:02:24 baseweed-admin dbus-run-session[1043]:   WARN scene: QML Connections at @Services/Location/DarkModeService.qml[28:3]: Detected function "onManualSunsetChanged" in Connections element. This is probably intended to be a signal handler but no signal of the target matches the name.
Oct 04 10:02:24 baseweed-admin dbus-run-session[1043]:   INFO qml: [20261004-100224] DarkModeServic Service started
Oct 04 10:02:24 baseweed-admin dbus-run-session[1043]:   WARN scene: @Services/Location/DarkModeService.qml[29:5]: Unable to assign QJSValue to QObject*
Oct 04 10:02:24 baseweed-admin dbus-run-session[1043]:   WARN scene: @Services/Location/DarkModeService.qml[44:5]: Unable to assign QJSValue to QObject*
Oct 04 10:02:24 baseweed-admin dbus-run-session[1043]:   WARN scene: @Services/Theming/ColorSchemeService.qml[21:5]: Unable to assign QJSValue to QObject*
Oct 04 10:02:24 baseweed-admin dbus-run-session[1043]:   WARN scene: @Services/Theming/AppThemeService.qml[31:5]: Unable to assign QJSValue to QObject*
Oct 04 10:02:24 baseweed-admin dbus-run-session[1043]:   WARN scene: @Modules/Dock/Dock.qml[46:9]: Unable to assign QJSValue to QObject*
Oct 04 10:02:24 baseweed-admin dbus-run-session[1043]:   WARN scene: @Modules/Dock/Dock.qml[46:9]: Unable to assign QJSValue to QObject*
Oct 04 10:02:24 baseweed-admin dbus-run-session[1043]:   WARN scene: @Modules/Dock/Dock.qml[46:9]: Unable to assign QJSValue to QObject*
Oct 04 10:02:24 baseweed-admin dbus-run-session[1043]:   WARN scene: @Modules/Background/Background.qml[81:9]: Unable to assign QJSValue to QObject*
Oct 04 10:02:24 baseweed-admin dbus-run-session[1043]:   WARN scene: @Modules/Background/Background.qml[81:9]: Unable to assign QJSValue to QObject*
Oct 04 10:02:24 baseweed-admin dbus-run-session[1043]:   WARN scene: @Modules/Background/Background.qml[81:9]: Unable to assign QJSValue to QObject*
Oct 04 10:02:24 baseweed-admin dbus-run-session[1043]:   WARN scene: @Services/UI/WallpaperService.qml[62:5]: Unable to assign QJSValue to QObject*
Oct 04 10:02:24 baseweed-admin dbus-run-session[1043]:   WARN scene: @Modules/Panels/SessionMenu/SessionMenu.qml[152:5]: Unable to assign QJSValue to QObject*
Oct 04 10:02:24 baseweed-admin dbus-run-session[1043]:   WARN scene: @Modules/Panels/Dock/StaticDockPanel.qml[351:5]: Unable to assign QJSValue to QObject*
Oct 04 10:02:24 baseweed-admin dbus-run-session[1043]:   WARN scene: @Modules/Panels/SessionMenu/SessionMenu.qml[152:5]: Unable to assign QJSValue to QObject*
Oct 04 10:02:24 baseweed-admin dbus-run-session[1043]:   WARN scene: @Modules/Panels/Dock/StaticDockPanel.qml[351:5]: Unable to assign QJSValue to QObject*
Oct 04 10:02:24 baseweed-admin dbus-run-session[1043]:   WARN scene: @Services/System/SystemStatService.qml[321:5]: Unable to assign QJSValue to QObject*
Oct 04 10:02:24 baseweed-admin dbus-run-session[1043]:   WARN scene: @Modules/Panels/SessionMenu/SessionMenu.qml[152:5]: Unable to assign QJSValue to QObject*
Oct 04 10:02:24 baseweed-admin dbus-run-session[1043]:   WARN scene: @Services/Networking/NetworkService.qml[74:5]: Unable to assign QJSValue to QObject*
Oct 04 10:02:24 baseweed-admin dbus-run-session[1043]:   WARN scene: @Modules/Panels/Dock/StaticDockPanel.qml[351:5]: Unable to assign QJSValue to QObject*
Oct 04 10:02:24 baseweed-admin dbus-run-session[1043]:   WARN scene: @Services/UI/BarService.qml[148:5]: Unable to assign QJSValue to QObject*
Oct 04 10:02:24 baseweed-admin dbus-run-session[1043]:   WARN scene: @Services/Hardware/BrightnessService.qml[67:5]: Unable to assign QJSValue to QObject*
Oct 04 10:02:24 baseweed-admin dbus-run-session[1043]:   INFO qml: [20261004-100224]      Wallpaper Starting scan for Virtual-1 in /home/admin/Pictures/Wallpapers recursive: false
Oct 04 10:02:24 baseweed-admin dbus-run-session[1043]:   INFO qml: [20261004-100224]      Wallpaper Starting scan for pipewire-0 in /home/admin/Pictures/Wallpapers recursive: false
Oct 04 10:02:24 baseweed-admin dbus-run-session[1043]:   INFO qml: [20261004-100224]      Wallpaper Starting scan for pipewire-1 in /home/admin/Pictures/Wallpapers recursive: false
Oct 04 10:02:24 baseweed-admin dbus-run-session[1043]:   INFO qml: [20261004-100224]       Location Service started
Oct 04 10:02:24 baseweed-admin dbus-run-session[1043]:   WARN scene: QML Connections at @Services/Location/NightLightService.qml[96:3]: Detected function "onEnabledChanged" in Connections element. This is probably intended to be a signal handler but no signal of the target matches the name.
Oct 04 10:02:24 baseweed-admin dbus-run-session[1043]:   WARN scene: QML Connections at @Services/Location/NightLightService.qml[96:3]: Detected function "onForcedChanged" in Connections element. This is probably intended to be a signal handler but no signal of the target matches the name.
Oct 04 10:02:24 baseweed-admin dbus-run-session[1043]:   WARN scene: QML Connections at @Services/Location/NightLightService.qml[96:3]: Detected function "onNightTempChanged" in Connections element. This is probably intended to be a signal handler but no signal of the target matches the name.
Oct 04 10:02:24 baseweed-admin dbus-run-session[1043]:   WARN scene: QML Connections at @Services/Location/NightLightService.qml[96:3]: Detected function "onDayTempChanged" in Connections element. This is probably intended to be a signal handler but no signal of the target matches the name.
Oct 04 10:02:24 baseweed-admin dbus-run-session[1043]:   WARN scene: QML Connections at @Services/Control/HooksService.qml[16:3]: Detected function "onDarkModeChanged" in Connections element. This is probably intended to be a signal handler but no signal of the target matches the name.
Oct 04 10:02:24 baseweed-admin dbus-run-session[1043]:   INFO qml: [20261004-100224]   HooksService Service started
Oct 04 10:02:24 baseweed-admin dbus-run-session[1043]:   WARN quickshell.dbus.objectmanager: Failed to create DBusObjectManagerInterface for "org.bluez" "/" : QDBusError("org.freedesktop.DBus.Error.ServiceUnknown", "The name is not activatable")
Oct 04 10:02:24 baseweed-admin dbus-run-session[1043]:   INFO qml: [20261004-100224]      Bluetooth Service started
Oct 04 10:02:24 baseweed-admin dbus-run-session[1043]:   INFO qml: [20261004-100224]  IdleInhibitor Service started
Oct 04 10:02:24 baseweed-admin dbus-run-session[1043]:   INFO qml: [20261004-100224] CapabilityServ qdwin live-apply capabilities: pointer=false xkb=false wm=false output=false workspace=false idleDpms=false keybind=false
Oct 04 10:02:24 baseweed-admin dbus-run-session[1043]:   INFO qml: [20261004-100224]   PowerService Service started
Oct 04 10:02:24 baseweed-admin dbus-run-session[1043]:   INFO qml: [20261004-100224] AccessibilityS Service started
Oct 04 10:02:24 baseweed-admin dbus-run-session[1043]:   INFO qml: [20261004-100224]  KeyboardInput Service started
Oct 04 10:02:24 baseweed-admin dbus-run-session[1043]:   INFO qml: [20261004-100224] PointerInputSe Service started (qdwin live-apply: persist-only until shell binds >= v28)
Oct 04 10:02:24 baseweed-admin dbus-run-session[1043]:   INFO qml: [20261004-100224] WindowManagerS Service started (qdwin v25 live-apply: false, shortcuts: false)
Oct 04 10:02:24 baseweed-admin dbus-run-session[1043]:   INFO qml: [20261004-100224] SessionService started; saved=0 canApplyPlacement=false
Oct 04 10:02:24 baseweed-admin dbus-run-session[1043]:   INFO qml: [20261004-100224]    HostService Service started
Oct 04 10:02:24 baseweed-admin dbus-run-session[1043]:   INFO qml: [20261004-100224] CustomButtonIP Service started
Oct 04 10:02:24 baseweed-admin dbus-run-session[1043]:   INFO qml: [20261004-100224]     IPCService Service started
Oct 04 10:02:24 baseweed-admin dbus-run-session[1043]:   INFO qml: [20261004-100224]        PodApps service started
Oct 04 10:02:24 baseweed-admin dbus-run-session[1043]:   INFO qml: [20261004-100224]         VMApps service started
Oct 04 10:02:24 baseweed-admin dbus-run-session[1043]:   INFO qml: [20261004-100224]      Tier3Apps service started
Oct 04 10:02:24 baseweed-admin dbus-run-session[1043]:   INFO qml: [20261004-100224]     Tier3sApps service started
Oct 04 10:02:24 baseweed-admin dbus-run-session[1043]:   INFO qml: [20261004-100224]      Tier4Apps service started
Oct 04 10:02:24 baseweed-admin dbus-run-session[1043]:   INFO qml: [20261004-100224] RemoteMachineW service started
Oct 04 10:02:24 baseweed-admin dbus-run-session[1043]:   INFO qml: [20261004-100224]  Tier3FocusIPC service started
Oct 04 10:02:24 baseweed-admin dbus-run-session[1043]:   WARN quickshell.dbus: Could not launch service org.freedesktop.UPower.PowerProfiles: QDBusError(org.freedesktop.DBus.Error.ServiceUnknown, The name is not activatable)
Oct 04 10:02:24 baseweed-admin dbus-run-session[1043]:   WARN quickshell.service.powerprofiles: Could not start PowerProfilesDaemon. The PowerProfiles service will not work.
Oct 04 10:02:24 baseweed-admin weston[930]: [10:02:24.965] qdwin: bind attempt pid=1043 uid=1000 (allowed_uid=1000)
Oct 04 10:02:24 baseweed-admin weston[930]: [10:02:24.965] qdwin: bind accepted for uid=1000, hello sent
Oct 04 10:02:24 baseweed-admin weston[930]: [10:02:24.965] qdwin: ext_workspace_manager bound (count=4 active=0)
Oct 04 10:02:24 baseweed-admin weston[930]: [10:02:24.965] qdwin: zwlr_output_manager bound (serial=1)
Oct 04 10:02:24 baseweed-admin weston[930]: [10:02:24.965] qdwin: shell bound (uid=1000 pid=1043); replaying 0 toplevels
Oct 04 10:02:24 baseweed-admin weston[930]: [10:02:24.965] qdwin: seat_focus_changed seat=default handle=4294967295
Oct 04 10:02:24 baseweed-admin dbus-run-session[1043]:   INFO qml: [20261004-100224]          Qdwin qdwin_shell_v1 bound v34
Oct 04 10:02:24 baseweed-admin dbus-run-session[1043]:   INFO qml: [20261004-100224]  ClipboardGate wired to qdwin_shell_v1; broker default=deny
Oct 04 10:02:24 baseweed-admin weston[930]: [10:02:24.969] qdwin: workspace 0 name="1"
Oct 04 10:02:24 baseweed-admin weston[930]: [10:02:24.969] qdwin: workspace 1 name="2"
Oct 04 10:02:24 baseweed-admin weston[930]: [10:02:24.969] qdwin: workspace 2 name="3"
Oct 04 10:02:24 baseweed-admin weston[930]: [10:02:24.969] qdwin: workspace 3 name="4"
Oct 04 10:02:24 baseweed-admin weston[930]: [10:02:24.969] qdwin: set_wm_policy focus=0 ffm_delay=0 raise_click=1 raise_hover=0 placement=2 snap=1 dist=16
Oct 04 10:02:24 baseweed-admin dbus-run-session[1043]:   INFO qml: [20261004-100224] WindowManagerS applied WM policy focus=click placement=smart snap=true/16
Oct 04 10:02:24 baseweed-admin dbus-run-session[1043]:   INFO qml: [20261004-100224] CapabilityServ wmPolicy -> true
Oct 04 10:02:24 baseweed-admin dbus-run-session[1043]:   INFO qml: [20261004-100224] WindowManagerS registered WM shortcuts (5 active)
Oct 04 10:02:24 baseweed-admin weston[930]: [10:02:24.970] qdwin: register_hotkey id=7101 mods=0x2 key=62
Oct 04 10:02:24 baseweed-admin weston[930]: [10:02:24.970] qdwin: register_hotkey id=7102 mods=0x4 key=103
Oct 04 10:02:24 baseweed-admin weston[930]: [10:02:24.970] qdwin: register_hotkey id=7103 mods=0x4 key=33
Oct 04 10:02:24 baseweed-admin weston[930]: [10:02:24.970] qdwin: register_hotkey id=7104 mods=0x4 key=105
Oct 04 10:02:24 baseweed-admin weston[930]: [10:02:24.970] qdwin: register_hotkey id=7105 mods=0x4 key=106
Oct 04 10:02:24 baseweed-admin dbus-run-session[1043]:   INFO qml: [20261004-100224] CapabilityServ keybindRegistration -> true
Oct 04 10:02:24 baseweed-admin weston[930]: [10:02:24.971] qdwin: set_pointer_config accel=0 profile=0 natural=0 tap=1 left=0 middle=0 dwt=1 scroll=1 (6 devices)
Oct 04 10:02:24 baseweed-admin dbus-run-session[1043]:   INFO qml: [20261004-100224] PointerInputSe applied pointer config accelSpeed=0 profile=0 natural=0 tap=1 scroll=1
Oct 04 10:02:24 baseweed-admin dbus-run-session[1043]:   INFO qml: [20261004-100224] CapabilityServ pointerConfig -> true
Oct 04 10:02:24 baseweed-admin weston[930]: [10:02:24.971] qdwin: set_key_repeat rate=25 delay=500
Oct 04 10:02:24 baseweed-admin dbus-run-session[1043]:   INFO qml: [20261004-100224]  KeyboardInput applied qdwin key-repeat rate=25 delay=500
Oct 04 10:02:24 baseweed-admin dbus-run-session[1043]:   INFO qml: [20261004-100224] CapabilityServ xkbRepeat -> true
Oct 04 10:02:24 baseweed-admin dbus-run-session[1043]:   INFO qml: [20261004-100224]   PowerService idle policy armed: inactivity=0ms (nothing), displayOff=0ms, presentation=false
Oct 04 10:02:24 baseweed-admin dbus-run-session[1043]:   INFO qml: [20261004-100224] CapabilityServ idleDpms -> true
Oct 04 10:02:24 baseweed-admin dbus-run-session[1043]:   INFO qml: [20261004-100224] CapabilityServ outputManagement -> true
Oct 04 10:02:25 baseweed-admin dbus-run-session[1043]:   WARN qml: [20261004-100225]       Location Weather is still fetching
Oct 04 10:02:25 baseweed-admin dbus-run-session[1043]:   WARN quickshell.dbus: Could not launch service org.freedesktop.UPower: QDBusError(org.freedesktop.DBus.Error.ServiceUnknown, The name is not activatable)
Oct 04 10:02:25 baseweed-admin dbus-run-session[1043]:   WARN quickshell.service.upower: Could not start UPower. The UPower service will not work.
Oct 04 10:02:25 baseweed-admin dbus-run-session[1043]:   INFO qml: [20261004-100225]    HostService Detected openSUSE Tumbleweed
Oct 04 10:02:25 baseweed-admin dbus-run-session[1043]:   INFO qml: [20261004-100225]    HostService Looking for logo icon: distributor-logo-Tumbleweed
Oct 04 10:02:25 baseweed-admin dbus-run-session[1043]:   INFO qml: [20261004-100225]    HostService resolved hostname baseweed-admin
Oct 04 10:02:25 baseweed-admin dbus-run-session[1043]:   WARN: Process failed to start, likely because the binary could not be found. Command: QList("bluetoothctl", "show")
Oct 04 10:02:25 baseweed-admin dbus-run-session[1043]:   WARN: Process failed to start, likely because the binary could not be found. Command: QList("udisksctl", "monitor")
Oct 04 10:02:25 baseweed-admin weston[930]: [10:02:25.220] qdwin: layer-shell get_layer_surface ns=qdshell-background-Virtual-1 layer=2 output=0x5653855bc790
Oct 04 10:02:25 baseweed-admin weston[930]: [10:02:25.220] qdwin: layer-shell configure ns=qdshell-background-Virtual-1 layer=2 box=0,0 1920x1080 serial=1
Oct 04 10:02:25 baseweed-admin weston[930]: [10:02:25.220] qdwin: layer-shell get_layer_surface ns=qdshell-bar-content-Virtual-1 layer=2 output=0x5653855bc790
Oct 04 10:02:25 baseweed-admin weston[930]: [10:02:25.220] qdwin: layer-shell configure ns=qdshell-bar-content-Virtual-1 layer=2 box=0,0 1920x31 serial=2
Oct 04 10:02:25 baseweed-admin weston[930]: [10:02:25.220] qdwin: layer-shell get_layer_surface ns=qdshell-bar-exclusion-top-Virtual-1 layer=2 output=0x5653855bc790
Oct 04 10:02:25 baseweed-admin weston[930]: [10:02:25.220] qdwin: layer-shell configure ns=qdshell-bar-exclusion-top-Virtual-1 layer=2 box=0,0 1920x31 serial=3
Oct 04 10:02:25 baseweed-admin weston[930]: [10:02:25.220] qdwin: layer-shell get_layer_surface ns=qdshell-background-pipewire-0 layer=2 output=0x5653855bdcf0
Oct 04 10:02:25 baseweed-admin weston[930]: [10:02:25.220] qdwin: layer-shell configure ns=qdshell-background-pipewire-0 layer=2 box=1920,0 640x480 serial=4
Oct 04 10:02:25 baseweed-admin weston[930]: [10:02:25.220] qdwin: layer-shell get_layer_surface ns=qdshell-bar-content-pipewire-0 layer=2 output=0x5653855bdcf0
Oct 04 10:02:25 baseweed-admin weston[930]: [10:02:25.220] qdwin: layer-shell configure ns=qdshell-bar-content-pipewire-0 layer=2 box=1920,0 640x31 serial=5
Oct 04 10:02:25 baseweed-admin weston[930]: [10:02:25.220] qdwin: layer-shell get_layer_surface ns=qdshell-bar-exclusion-top-pipewire-0 layer=2 output=0x5653855bdcf0
Oct 04 10:02:25 baseweed-admin weston[930]: [10:02:25.220] qdwin: layer-shell configure ns=qdshell-bar-exclusion-top-pipewire-0 layer=2 box=1920,0 640x31 serial=6
Oct 04 10:02:25 baseweed-admin weston[930]: [10:02:25.220] qdwin: layer-shell get_layer_surface ns=qdshell-background-pipewire-1 layer=2 output=0x5653855e36b0
Oct 04 10:02:25 baseweed-admin weston[930]: [10:02:25.220] qdwin: layer-shell configure ns=qdshell-background-pipewire-1 layer=2 box=2560,0 640x480 serial=7
Oct 04 10:02:25 baseweed-admin weston[930]: [10:02:25.220] qdwin: layer-shell get_layer_surface ns=qdshell-bar-content-pipewire-1 layer=2 output=0x5653855e36b0
Oct 04 10:02:25 baseweed-admin weston[930]: [10:02:25.220] qdwin: layer-shell configure ns=qdshell-bar-content-pipewire-1 layer=2 box=2560,0 640x31 serial=8
Oct 04 10:02:25 baseweed-admin weston[930]: [10:02:25.220] qdwin: layer-shell get_layer_surface ns=qdshell-bar-exclusion-top-pipewire-1 layer=2 output=0x5653855e36b0
Oct 04 10:02:25 baseweed-admin weston[930]: [10:02:25.220] qdwin: layer-shell configure ns=qdshell-bar-exclusion-top-pipewire-1 layer=2 box=2560,0 640x31 serial=9
Oct 04 10:02:25 baseweed-admin weston[930]: [10:02:25.220] qdwin: layer-shell get_layer_surface ns=qdshell-dock-peek-Virtual-1 layer=2 output=0x5653855bc790
Oct 04 10:02:25 baseweed-admin weston[930]: [10:02:25.220] qdwin: layer-shell configure ns=qdshell-dock-peek-Virtual-1 layer=2 box=0,1079 1920x1 serial=10
Oct 04 10:02:25 baseweed-admin weston[930]: [10:02:25.220] qdwin: layer-shell get_layer_surface ns=qdshell-dock-peek-pipewire-0 layer=2 output=0x5653855bdcf0
Oct 04 10:02:25 baseweed-admin weston[930]: [10:02:25.220] qdwin: layer-shell configure ns=qdshell-dock-peek-pipewire-0 layer=2 box=1920,479 640x1 serial=11
Oct 04 10:02:25 baseweed-admin weston[930]: [10:02:25.220] qdwin: layer-shell get_layer_surface ns=qdshell-dock-peek-pipewire-1 layer=2 output=0x5653855e36b0
Oct 04 10:02:25 baseweed-admin weston[930]: [10:02:25.220] qdwin: layer-shell configure ns=qdshell-dock-peek-pipewire-1 layer=2 box=2560,479 640x1 serial=12
Oct 04 10:02:25 baseweed-admin weston[930]: [10:02:25.220] qdwin: layer-shell get_layer_surface ns=qdshell-image-cache-renderer layer=2 output=(nil)
Oct 04 10:02:25 baseweed-admin weston[930]: [10:02:25.220] qdwin: layer-shell configure ns=qdshell-image-cache-renderer layer=2 box=960,540 1x1 serial=13
Oct 04 10:02:25 baseweed-admin dbus-run-session[1043]:  ERROR qml: [20261004-100225]       Location Geocoding error: 0
Oct 04 10:02:25 baseweed-admin dbus-run-session[1043]:   INFO qml: [20261004-100225] PluginRegistry All plugin manifests loaded. Total plugins: 0
Oct 04 10:02:25 baseweed-admin dbus-run-session[1043]:   INFO qml: [20261004-100225]  PluginService Initializing plugin system
Oct 04 10:02:25 baseweed-admin dbus-run-session[1043]:   INFO qml: [20261004-100225]  PluginService Found 0 enabled plugins: []
Oct 04 10:02:25 baseweed-admin dbus-run-session[1043]:   INFO qml: [20261004-100225]  PluginService No plugins to load
Oct 04 10:02:25 baseweed-admin dbus-run-session[1043]:   INFO qml: [20261004-100225]  PluginService Refreshing available plugins
Oct 04 10:02:25 baseweed-admin dbus-run-session[1043]:   WARN qml: [20261004-100225]     ImageCache ImageMagick not found, using Qt fallback
Oct 04 10:02:25 baseweed-admin dbus-run-session[1043]:   WARN qml: [20261004-100225]      Wallpaper Scan failed for Virtual-1 exit code: 1 (directory might not exist)
Oct 04 10:02:25 baseweed-admin dbus-run-session[1043]:   WARN qml: [20261004-100225]      Wallpaper Scan failed for pipewire-0 exit code: 1 (directory might not exist)
Oct 04 10:02:25 baseweed-admin dbus-run-session[1043]:   WARN qml: [20261004-100225]      Wallpaper Scan failed for pipewire-1 exit code: 1 (directory might not exist)
Oct 04 10:02:25 baseweed-admin dbus-run-session[1043]:   WARN qml: [20261004-100225]   PowerService Button monitor unavailable (exit 1); releasing key inhibitors, logind will handle power/sleep keys
Oct 04 10:02:25 baseweed-admin weston[930]: [10:02:25.383] qdwin: set_key_repeat rate=25 delay=500
Oct 04 10:02:25 baseweed-admin dbus-run-session[1043]:   INFO qml: [20261004-100225]  KeyboardInput applied qdwin key-repeat rate=25 delay=500
Oct 04 10:02:25 baseweed-admin dbus-run-session[1043]:   INFO qml: [20261004-100225] PointerInputSe enumerated 3 pointer device(s) via proc
Oct 04 10:02:25 baseweed-admin dbus-run-session[1043]:   INFO qml: [20261004-100225]        PodApps cache refresh loaded 0 apps
Oct 04 10:02:26 baseweed-admin weston[930]: [10:02:26.840] qdwin: layer-shell mapped ns=qdshell-background-Virtual-1 layer=2 at 0,0 1920x1080
Oct 04 10:02:27 baseweed-admin weston[930]: [10:02:27.010] qdwin: layer-shell mapped ns=qdshell-bar-content-Virtual-1 layer=2 at 0,0 1920x31
Oct 04 10:02:28 baseweed-admin weston[930]: [10:02:28.144] qdwin: layer-shell mapped ns=qdshell-bar-exclusion-top-Virtual-1 layer=2 at 0,0 1920x31
Oct 04 10:02:28 baseweed-admin weston[930]: [10:02:28.713] qdwin: layer-shell mapped ns=qdshell-background-pipewire-0 layer=2 at 1920,0 640x480
Oct 04 10:02:29 baseweed-admin weston[930]: [10:02:29.231] qdwin: layer-shell mapped ns=qdshell-bar-content-pipewire-0 layer=2 at 1920,0 640x31
Oct 04 10:02:29 baseweed-admin weston[930]: [10:02:29.807] qdwin: layer-shell mapped ns=qdshell-bar-exclusion-top-pipewire-0 layer=2 at 1920,0 640x31
Oct 04 10:02:30 baseweed-admin weston[930]: [10:02:30.450] qdwin: layer-shell mapped ns=qdshell-background-pipewire-1 layer=2 at 2560,0 640x480
Oct 04 10:02:30 baseweed-admin weston[930]: [10:02:30.896] qdwin: layer-shell mapped ns=qdshell-bar-content-pipewire-1 layer=2 at 2560,0 640x31
Oct 04 10:02:31 baseweed-admin weston[930]: [10:02:31.311] qdwin: layer-shell mapped ns=qdshell-bar-exclusion-top-pipewire-1 layer=2 at 2560,0 640x31
Oct 04 10:02:31 baseweed-admin weston[930]: [10:02:31.780] qdwin: layer-shell mapped ns=qdshell-dock-peek-Virtual-1 layer=2 at 0,1079 1920x1
Oct 04 10:02:32 baseweed-admin weston[930]: [10:02:32.046] qdwin: layer-shell mapped ns=qdshell-dock-peek-pipewire-0 layer=2 at 1920,479 640x1
Oct 04 10:02:32 baseweed-admin weston[930]: [10:02:32.641] qdwin: layer-shell mapped ns=qdshell-dock-peek-pipewire-1 layer=2 at 2560,479 640x1
Oct 04 10:02:33 baseweed-admin weston[930]: [10:02:33.143] qdwin: layer-shell mapped ns=qdshell-image-cache-renderer layer=2 at 960,540 1x1
Oct 04 10:02:33 baseweed-admin dbus-run-session[1043]:   WARN scene: QML Connections at qs:/usr/share/quickshell/qdshell/Modules/Bar/Widgets/Taskbar.qml[981:3]: Detected function "onPinnedAppsChanged" in Connections element. This is probably intended to be a signal handler but no signal of the target matches the name.
Oct 04 10:02:33 baseweed-admin dbus-run-session[1043]:   WARN scene: QML Connections at qs:/usr/share/quickshell/qdshell/Modules/Bar/Widgets/Taskbar.qml[981:3]: Detected function "onPinnedAppsChanged" in Connections element. This is probably intended to be a signal handler but no signal of the target matches the name.
Oct 04 10:02:33 baseweed-admin dbus-run-session[1043]:   WARN scene: QML Connections at qs:/usr/share/quickshell/qdshell/Modules/Bar/Widgets/Taskbar.qml[981:3]: Detected function "onPinnedAppsChanged" in Connections element. This is probably intended to be a signal handler but no signal of the target matches the name.
Oct 04 10:02:33 baseweed-admin dbus-run-session[1043]:   WARN: Could not load icon "user-desktop?fallback=application-x-executable" at size QSize(19, 19) from request
Oct 04 10:02:33 baseweed-admin dbus-run-session[1043]:   WARN: Could not load icon "user-desktop?fallback=application-x-executable" at size QSize(2, 2) from request
Oct 04 10:02:33 baseweed-admin dbus-run-session[1043]:   WARN: Could not load icon "user-desktop?fallback=application-x-executable" at size QSize(2, 2) from request
Oct 04 10:02:33 baseweed-admin dbus-run-session[1043]:   WARN scene: qs:/usr/share/quickshell/qdshell/Modules/Bar/Widgets/Taskbar.qml[982:5]: Unable to assign QJSValue to QObject*
Oct 04 10:02:33 baseweed-admin dbus-run-session[1043]:   WARN scene: qs:/usr/share/quickshell/qdshell/Modules/Bar/Widgets/Taskbar.qml[982:5]: Unable to assign QJSValue to QObject*
Oct 04 10:02:33 baseweed-admin dbus-run-session[1043]:   WARN scene: qs:/usr/share/quickshell/qdshell/Modules/Bar/Widgets/Taskbar.qml[982:5]: Unable to assign QJSValue to QObject*
Oct 04 10:02:33 baseweed-admin dbus-run-session[1043]:   WARN scene: @Services/Control/HooksService.qml[17:5]: Unable to assign QJSValue to QObject*
Oct 04 10:02:33 baseweed-admin dbus-run-session[1043]:   WARN scene: @Services/Location/NightLightService.qml[97:5]: Unable to assign QJSValue to QObject*
Oct 04 10:02:33 baseweed-admin dbus-run-session[1043]:   INFO qml: [20261004-100233]           Time Time jump detected (10s) - likely system resume
Oct 04 10:02:33 baseweed-admin dbus-run-session[1043]:   INFO qml: [20261004-100233]        Network System resumed - forcing state poll
Oct 04 10:02:33 baseweed-admin dbus-run-session[1043]:   INFO qml: [20261004-100233]     SystemStat System resumed - resetting differential state
Oct 04 10:02:33 baseweed-admin dbus-run-session[1043]:   INFO qml: [20261004-100233] DarkModeServic System resumed - re-evaluating dark mode
Oct 04 10:02:33 baseweed-admin dbus-run-session[1043]:   INFO qml: [20261004-100233]     NightLight System resumed - re-applying night light
Oct 04 10:02:33 baseweed-admin dbus-run-session[1043]:   INFO qml: [20261004-100233]      Bluetooth System resumed - forcing state poll
Oct 04 10:02:33 baseweed-admin dbus-run-session[1043]:   INFO qml: [20261004-100233]    ColorScheme Applying color scheme: Qdshell (default)
Oct 04 10:02:33 baseweed-admin dbus-run-session[1043]:   INFO qml: [20261004-100233]           Font Service started
Oct 04 10:02:33 baseweed-admin dbus-run-session[1043]:  ERROR qml: [20261004-100233]  PluginService Empty response from Qdshell Plugins
Oct 04 10:02:33 baseweed-admin dbus-run-session[1043]:  ERROR qml: [20261004-100233]  PluginService Failed to fetch registry from Qdshell Plugins - exit code: 1
Oct 04 10:02:34 baseweed-admin dbus-run-session[1043]:   INFO qml: [20261004-100234]        PodApps cache refresh loaded 0 apps
Oct 04 10:02:34 baseweed-admin dbus-run-session[1043]:   WARN qml: [20261004-100234]        Network Connectivity check error: Error: Not authorized to recheck connectivity.
Oct 04 10:02:34 baseweed-admin weston[930]: [10:02:34.310] qdwin: layer-shell get_layer_surface ns=qdshell-osd-Virtual-1 layer=3 output=0x5653855bc790
Oct 04 10:02:34 baseweed-admin weston[930]: [10:02:34.310] qdwin: layer-shell configure ns=qdshell-osd-Virtual-1 layer=3 box=1591,40 320x72 serial=14
Oct 04 10:02:34 baseweed-admin weston[930]: [10:02:34.310] qdwin: layer-shell get_layer_surface ns=qdshell-osd-pipewire-0 layer=3 output=0x5653855bdcf0
Oct 04 10:02:34 baseweed-admin weston[930]: [10:02:34.310] qdwin: layer-shell configure ns=qdshell-osd-pipewire-0 layer=3 box=2231,40 320x72 serial=15
Oct 04 10:02:34 baseweed-admin weston[930]: [10:02:34.310] qdwin: layer-shell get_layer_surface ns=qdshell-osd-pipewire-1 layer=3 output=0x5653855e36b0
Oct 04 10:02:34 baseweed-admin weston[930]: [10:02:34.310] qdwin: layer-shell configure ns=qdshell-osd-pipewire-1 layer=3 box=2871,40 320x72 serial=16
Oct 04 10:02:34 baseweed-admin weston[930]: [10:02:34.700] qdwin: layer-shell mapped ns=qdshell-osd-Virtual-1 layer=3 at 1591,40 320x72
Oct 04 10:02:34 baseweed-admin weston[930]: [10:02:34.921] qdwin: layer-shell mapped ns=qdshell-osd-pipewire-0 layer=3 at 2231,40 320x72
Oct 04 10:02:35 baseweed-admin weston[930]: [10:02:35.795] qdwin: layer-shell mapped ns=qdshell-osd-pipewire-1 layer=3 at 2871,40 320x72
Oct 04 10:02:35 baseweed-admin dbus-run-session[1043]:   INFO qml: [20261004-100235]           Font Loaded 11 fonts, 3 monospace
Oct 04 10:02:35 baseweed-admin weston[930]: [10:02:35.942] qdwin: layer-shell get_layer_surface ns=qdshell-wallpaper-Virtual-1 layer=0 output=0x5653855bc790
Oct 04 10:02:35 baseweed-admin weston[930]: [10:02:35.942] qdwin: layer-shell configure ns=qdshell-wallpaper-Virtual-1 layer=0 box=0,0 1920x1080 serial=17
Oct 04 10:02:35 baseweed-admin weston[930]: [10:02:35.942] qdwin: layer-shell get_layer_surface ns=qdshell-wallpaper-pipewire-0 layer=0 output=0x5653855bdcf0
Oct 04 10:02:35 baseweed-admin weston[930]: [10:02:35.942] qdwin: layer-shell configure ns=qdshell-wallpaper-pipewire-0 layer=0 box=1920,0 640x480 serial=18
Oct 04 10:02:35 baseweed-admin weston[930]: [10:02:35.949] qdwin: layer-shell get_layer_surface ns=qdshell-wallpaper-pipewire-1 layer=0 output=0x5653855e36b0
Oct 04 10:02:35 baseweed-admin weston[930]: [10:02:35.949] qdwin: layer-shell configure ns=qdshell-wallpaper-pipewire-1 layer=0 box=2560,0 640x480 serial=19
Oct 04 10:02:37 baseweed-admin weston[930]: [10:02:37.846] qdwin: layer-shell mapped ns=qdshell-wallpaper-Virtual-1 layer=0 at 0,0 1920x1080
Oct 04 10:02:38 baseweed-admin weston[930]: [10:02:38.645] qdwin: layer-shell mapped ns=qdshell-wallpaper-pipewire-0 layer=0 at 1920,0 640x480
Oct 04 10:02:39 baseweed-admin weston[930]: [10:02:39.368] qdwin: layer-shell mapped ns=qdshell-wallpaper-pipewire-1 layer=0 at 2560,0 640x480
Oct 04 10:02:39 baseweed-admin dbus-run-session[1043]:   INFO qml: [20261004-100239] DarkModeServic Resume retry - re-evaluating dark mode again
Oct 04 10:02:39 baseweed-admin dbus-run-session[1043]:   INFO qml: [20261004-100239]     NightLight Resume retry - re-applying night light again
Oct 04 10:02:39 baseweed-admin dbus-run-session[1043]:   INFO qml: [20261004-100239]           Time Time jump detected (6s) - likely system resume
Oct 04 10:02:39 baseweed-admin dbus-run-session[1043]:   INFO qml: [20261004-100239]        Network System resumed - forcing state poll
Oct 04 10:02:39 baseweed-admin dbus-run-session[1043]:   INFO qml: [20261004-100239]     SystemStat System resumed - resetting differential state
Oct 04 10:02:39 baseweed-admin dbus-run-session[1043]:   INFO qml: [20261004-100239] DarkModeServic System resumed - re-evaluating dark mode
Oct 04 10:02:39 baseweed-admin dbus-run-session[1043]:   INFO qml: [20261004-100239]     NightLight System resumed - re-applying night light
Oct 04 10:02:39 baseweed-admin dbus-run-session[1043]:   INFO qml: [20261004-100239]      Bluetooth System resumed - forcing state poll
Oct 04 10:02:39 baseweed-admin dbus-run-session[1043]:   WARN: Process failed to start, likely because the binary could not be found. Command: QList("bluetoothctl", "show")
Oct 04 10:02:39 baseweed-admin dbus-run-session[1043]:   WARN qml: [20261004-100239]        Network Connectivity check error: Error: Not authorized to recheck connectivity.
Oct 04 10:02:40 baseweed-admin dbus-run-session[1043]:   WARN: Process failed to start, likely because the binary could not be found. Command: QList("bluetoothctl", "show")
Oct 04 10:02:40 baseweed-admin dbus-run-session[1043]:   WARN qml: [20261004-100240]     SystemStat No supported temperature sensor found
Oct 04 10:02:41 baseweed-admin dbus-run-session[1043]:   INFO qml: [20261004-100241] DarkModeServic Resume retry - re-evaluating dark mode again
Oct 04 10:02:41 baseweed-admin dbus-run-session[1043]:   INFO qml: [20261004-100241]     NightLight Resume retry - re-applying night light again
Oct 04 10:02:41 baseweed-admin dbus-run-session[1043]:   WARN: Process failed to start, likely because the binary could not be found. Command: QList("bluetoothctl", "show")
Oct 04 10:02:42 baseweed-admin dbus-run-session[1043]:   WARN: Process failed to start, likely because the binary could not be found. Command: QList("bluetoothctl", "show")
Oct 04 10:02:43 baseweed-admin dbus-run-session[1043]:   WARN: Process failed to start, likely because the binary could not be found. Command: QList("bluetoothctl", "show")
Oct 04 10:02:44 baseweed-admin dbus-run-session[1043]:   WARN qml: [20261004-100244]       Location Weather is still fetching
Oct 04 10:02:44 baseweed-admin dbus-run-session[1043]:  ERROR qml: [20261004-100244]       Location Geocoding error: 0
Oct 04 10:02:45 baseweed-admin dbus-run-session[1043]:   WARN: Process failed to start, likely because the binary could not be found. Command: QList("bluetoothctl", "show")
Oct 04 10:02:47 baseweed-admin dbus-run-session[1043]:   WARN: Process failed to start, likely because the binary could not be found. Command: QList("bluetoothctl", "show")
Oct 04 10:02:48 baseweed-admin dbus-run-session[1043]:   WARN qml: [20261004-100248]        Network Connectivity check error: Error: Not authorized to recheck connectivity.
Oct 04 10:02:49 baseweed-admin dbus-run-session[1043]:   WARN: Process failed to start, likely because the binary could not be found. Command: QList("bluetoothctl", "show")
Oct 04 10:02:51 baseweed-admin dbus-run-session[1043]:   WARN: Process failed to start, likely because the binary could not be found. Command: QList("bluetoothctl", "show")
Oct 04 10:02:53 baseweed-admin dbus-run-session[1043]:   WARN: Process failed to start, likely because the binary could not be found. Command: QList("bluetoothctl", "show")
Oct 04 10:02:54 baseweed-admin dbus-run-session[1043]:   INFO qml: [20261004-100254]        PodApps cache refresh loaded 0 apps
Oct 04 10:02:55 baseweed-admin dbus-run-session[1043]:   WARN: Process failed to start, likely because the binary could not be found. Command: QList("bluetoothctl", "show")
Oct 04 10:02:57 baseweed-admin dbus-run-session[1043]:   WARN: Process failed to start, likely because the binary could not be found. Command: QList("bluetoothctl", "show")
Oct 04 10:02:59 baseweed-admin dbus-run-session[1043]:   WARN: Process failed to start, likely because the binary could not be found. Command: QList("bluetoothctl", "show")
Oct 04 10:03:01 baseweed-admin dbus-run-session[1043]:   WARN: Process failed to start, likely because the binary could not be found. Command: QList("bluetoothctl", "show")
Oct 04 10:03:03 baseweed-admin dbus-run-session[1043]:   WARN qml: [20261004-100303]        Network Connectivity check error: Error: Not authorized to recheck connectivity.
Oct 04 10:03:03 baseweed-admin dbus-run-session[1043]:   WARN: Process failed to start, likely because the binary could not be found. Command: QList("bluetoothctl", "show")
Oct 04 10:03:04 baseweed-admin dbus-run-session[1043]:   WARN qml: [20261004-100304]       Location Weather is still fetching
Oct 04 10:03:04 baseweed-admin dbus-run-session[1043]:  ERROR qml: [20261004-100304]       Location Geocoding error: 0
Oct 04 10:03:05 baseweed-admin dbus-run-session[1043]:   WARN: Process failed to start, likely because the binary could not be found. Command: QList("bluetoothctl", "show")
Oct 04 10:03:07 baseweed-admin dbus-run-session[1043]:   INFO qml: [20261004-100307]        PodApps auto-scan: qdistro-tier3s-s120x transitioned to running
Oct 04 10:03:07 baseweed-admin dbus-run-session[1043]:   WARN: Process failed to start, likely because the binary could not be found. Command: QList("bluetoothctl", "show")
Oct 04 10:03:09 baseweed-admin podman[4810]: 2026-10-04 10:03:09.303579601 +0000 UTC m=+0.160727633 container exec f858e7913b74630aa86a6604f48784a96454e71b63b6b37b9e26ef4320084ab1 (image=localhost/qdistro/tier3s-headless-smoke:latest, name=qdistro-tier3s-s120x, org.opencontainers.image.source=https://build.opensuse.org/package/show/openSUSE:Factory/opensuse-tumbleweed-image?rev=561f9d4c8e4e1a441f95ad4ec6b5a914, org.opensuse.base.created=2026-09-30T20:05:54.126624488Z, org.opensuse.base.url=https://www.opensuse.org, org.opensuse.base.vendor=openSUSE Project, org.opencontainers.image.version=20260930.37.208, org.opensuse.base.lifecycle-url=https://en.opensuse.org/Lifetime, qdistro_tier3s_token=3d1864855d5bf7ecd308d862bfff53b4, org.qdistro.tier3s.workload=headless-smoke, org.opencontainers.image.vendor=openSUSE Project, org.opensuse.base.description=Image containing a minimal environment for containers based on openSUSE Tumbleweed., qdistro_tier3s_unit=qdistro-tier3s-silo@s120x.service, org.opencontainers.image.description=Image containing a minimal environment for containers based on openSUSE Tumbleweed., org.openbuildservice.disturl=obs://build.opensuse.org/openSUSE:Factory/images/561f9d4c8e4e1a441f95ad4ec6b5a914-opensuse-tumbleweed-image:docker, org.opensuse.base.title=openSUSE Tumbleweed Base Container, org.opensuse.base.version=20260930.37.208, org.opencontainers.image.title=openSUSE Tumbleweed Base Container, org.opensuse.base.reference=registry.opensuse.org/opensuse/tumbleweed:20260930.37.208, io.buildah.version=1.44.1, org.opensuse.lifecycle-url=https://en.opensuse.org/Lifetime, org.qdistro.snapshot=20260930, org.opencontainers.image.created=2026-09-30T20:05:54.126624488Z, org.opencontainers.image.url=https://www.opensuse.org, org.opensuse.base.disturl=obs://build.opensuse.org/openSUSE:Factory/images/561f9d4c8e4e1a441f95ad4ec6b5a914-opensuse-tumbleweed-image:docker, org.opensuse.reference=registry.opensuse.org/opensuse/tumbleweed:20260930.37.208, org.opensuse.base.source=https://build.opensuse.org/package/show/openSUSE:Factory/opensuse-tumbleweed-image?rev=561f9d4c8e4e1a441f95ad4ec6b5a914)
Oct 04 10:03:09 baseweed-admin conmon[4825]: conmon f858e7913b74630aa86a <nwarn>: Failed to open cgroups file: /sys/fs/cgroup/user.slice/user-1000.slice/user@1000.service/app.slice/qdshell.service/memory.events
Oct 04 10:03:09 baseweed-admin dbus-run-session[1043]:   WARN: Process failed to start, likely because the binary could not be found. Command: QList("bluetoothctl", "show")
Oct 04 10:03:10 baseweed-admin podman[4810]: 2026-10-04 10:03:10.946737231 +0000 UTC m=+1.803885263 container exec_died f858e7913b74630aa86a6604f48784a96454e71b63b6b37b9e26ef4320084ab1 (image=localhost/qdistro/tier3s-headless-smoke:latest, name=qdistro-tier3s-s120x, org.opencontainers.image.url=https://www.opensuse.org, org.opensuse.base.created=2026-09-30T20:05:54.126624488Z, org.opencontainers.image.title=openSUSE Tumbleweed Base Container, org.opencontainers.image.vendor=openSUSE Project, qdistro_tier3s_unit=qdistro-tier3s-silo@s120x.service, org.opensuse.base.disturl=obs://build.opensuse.org/openSUSE:Factory/images/561f9d4c8e4e1a441f95ad4ec6b5a914-opensuse-tumbleweed-image:docker, io.buildah.version=1.44.1, org.opencontainers.image.version=20260930.37.208, org.opencontainers.image.source=https://build.opensuse.org/package/show/openSUSE:Factory/opensuse-tumbleweed-image?rev=561f9d4c8e4e1a441f95ad4ec6b5a914, org.opensuse.base.version=20260930.37.208, org.opensuse.base.description=Image containing a minimal environment for containers based on openSUSE Tumbleweed., org.opensuse.base.url=https://www.opensuse.org, org.opensuse.base.vendor=openSUSE Project, org.opensuse.reference=registry.opensuse.org/opensuse/tumbleweed:20260930.37.208, org.opensuse.base.source=https://build.opensuse.org/package/show/openSUSE:Factory/opensuse-tumbleweed-image?rev=561f9d4c8e4e1a441f95ad4ec6b5a914, org.opensuse.lifecycle-url=https://en.opensuse.org/Lifetime, org.opensuse.base.reference=registry.opensuse.org/opensuse/tumbleweed:20260930.37.208, org.opensuse.base.lifecycle-url=https://en.opensuse.org/Lifetime, org.qdistro.snapshot=20260930, qdistro_tier3s_token=3d1864855d5bf7ecd308d862bfff53b4, org.openbuildservice.disturl=obs://build.opensuse.org/openSUSE:Factory/images/561f9d4c8e4e1a441f95ad4ec6b5a914-opensuse-tumbleweed-image:docker, org.opensuse.base.title=openSUSE Tumbleweed Base Container, execID=67ea8611c620a1dcac5e00a7fe72f7c7a0d6eb085c75b0a77754d9dba8f5bf94, org.qdistro.tier3s.workload=headless-smoke, org.opencontainers.image.description=Image containing a minimal environment for containers based on openSUSE Tumbleweed., org.opencontainers.image.created=2026-09-30T20:05:54.126624488Z)
Oct 04 10:03:11 baseweed-admin dbus-run-session[1043]:   INFO qml: [20261004-100311]        PodApps cache refresh loaded 0 apps
Oct 04 10:03:11 baseweed-admin dbus-run-session[1043]:   WARN: Process failed to start, likely because the binary could not be found. Command: QList("bluetoothctl", "show")
Oct 04 10:03:13 baseweed-admin dbus-run-session[1043]:   WARN: Process failed to start, likely because the binary could not be found. Command: QList("bluetoothctl", "show")
Oct 04 10:03:15 baseweed-admin dbus-run-session[1043]:   WARN: Process failed to start, likely because the binary could not be found. Command: QList("bluetoothctl", "show")
Oct 04 10:03:17 baseweed-admin dbus-run-session[1043]:   WARN: Process failed to start, likely because the binary could not be found. Command: QList("bluetoothctl", "show")
Oct 04 10:03:18 baseweed-admin dbus-run-session[1043]:   WARN qml: [20261004-100318]        Network Connectivity check error: Error: Not authorized to recheck connectivity.
Oct 04 10:03:19 baseweed-admin dbus-run-session[1043]:   WARN: Process failed to start, likely because the binary could not be found. Command: QList("bluetoothctl", "show")
Oct 04 10:03:21 baseweed-admin dbus-run-session[1043]:   WARN: Process failed to start, likely because the binary could not be found. Command: QList("bluetoothctl", "show")
Oct 04 10:03:23 baseweed-admin dbus-run-session[1043]:   WARN: Process failed to start, likely because the binary could not be found. Command: QList("bluetoothctl", "show")
Oct 04 10:03:24 baseweed-admin dbus-run-session[1043]:   WARN qml: [20261004-100324]       Location Weather is still fetching
Oct 04 10:03:25 baseweed-admin dbus-run-session[1043]:   INFO qml: [20261004-100325]        PodApps cache refresh loaded 0 apps
Oct 04 10:03:25 baseweed-admin dbus-run-session[1043]:  ERROR qml: [20261004-100325]       Location Geocoding error: 0
Oct 04 10:03:25 baseweed-admin dbus-run-session[1043]:   INFO qml: [20261004-100325]        PodApps auto-scan: qdistro-tier3s-s120a transitioned to running
Oct 04 10:03:25 baseweed-admin dbus-run-session[1043]:   WARN: Process failed to start, likely because the binary could not be found. Command: QList("bluetoothctl", "show")
Oct 04 10:03:27 baseweed-admin dbus-run-session[1043]:   WARN: Process failed to start, likely because the binary could not be found. Command: QList("bluetoothctl", "show")
Oct 04 10:03:29 baseweed-admin dbus-run-session[1043]:   WARN: Process failed to start, likely because the binary could not be found. Command: QList("bluetoothctl", "show")
Oct 04 10:03:31 baseweed-admin podman[7602]: 2026-10-04 10:03:31.132017467 +0000 UTC m=+3.905234647 container exec d8c62ec67221f65646e4a2c3d1260768c70f6580f9897ee4b42244bc04d6c3e1 (image=localhost/qdistro/tier3s-headless-smoke:latest, name=qdistro-tier3s-s120a, org.opensuse.base.version=20260930.37.208, org.opencontainers.image.created=2026-09-30T20:05:54.126624488Z, org.opensuse.base.description=Image containing a minimal environment for containers based on openSUSE Tumbleweed., org.opensuse.base.title=openSUSE Tumbleweed Base Container, org.opensuse.reference=registry.opensuse.org/opensuse/tumbleweed:20260930.37.208, org.opencontainers.image.source=https://build.opensuse.org/package/show/openSUSE:Factory/opensuse-tumbleweed-image?rev=561f9d4c8e4e1a441f95ad4ec6b5a914, org.opensuse.base.reference=registry.opensuse.org/opensuse/tumbleweed:20260930.37.208, org.qdistro.tier3s.workload=headless-smoke, org.opencontainers.image.version=20260930.37.208, org.opensuse.base.lifecycle-url=https://en.opensuse.org/Lifetime, org.opencontainers.image.description=Image containing a minimal environment for containers based on openSUSE Tumbleweed., org.opensuse.base.disturl=obs://build.opensuse.org/openSUSE:Factory/images/561f9d4c8e4e1a441f95ad4ec6b5a914-opensuse-tumbleweed-image:docker, qdistro_tier3s_token=9957c43d22b609e97e6eaf019ebcc283, org.opensuse.base.source=https://build.opensuse.org/package/show/openSUSE:Factory/opensuse-tumbleweed-image?rev=561f9d4c8e4e1a441f95ad4ec6b5a914, org.opensuse.base.vendor=openSUSE Project, io.buildah.version=1.44.1, org.opensuse.base.url=https://www.opensuse.org, org.qdistro.snapshot=20260930, qdistro_tier3s_unit=qdistro-tier3s-silo@s120a.service, org.opencontainers.image.title=openSUSE Tumbleweed Base Container, org.opencontainers.image.vendor=openSUSE Project, org.opensuse.lifecycle-url=https://en.opensuse.org/Lifetime, org.opencontainers.image.url=https://www.opensuse.org, org.opensuse.base.created=2026-09-30T20:05:54.126624488Z, org.openbuildservice.disturl=obs://build.opensuse.org/openSUSE:Factory/images/561f9d4c8e4e1a441f95ad4ec6b5a914-opensuse-tumbleweed-image:docker)
Oct 04 10:03:31 baseweed-admin conmon[7698]: conmon d8c62ec67221f65646e4 <nwarn>: Failed to open cgroups file: /sys/fs/cgroup/user.slice/user-1000.slice/user@1000.service/app.slice/qdshell.service/memory.events
Oct 04 10:03:31 baseweed-admin dbus-run-session[1043]:   INFO qml: [20261004-100331]        PodApps auto-scan: qdistro-tier3s-s120a transitioned to running
Oct 04 10:03:31 baseweed-admin podman[7602]: 2026-10-04 10:03:31.270700068 +0000 UTC m=+4.043917258 container exec_died d8c62ec67221f65646e4a2c3d1260768c70f6580f9897ee4b42244bc04d6c3e1 (image=localhost/qdistro/tier3s-headless-smoke:latest, name=qdistro-tier3s-s120a, org.opensuse.base.title=openSUSE Tumbleweed Base Container, org.opensuse.reference=registry.opensuse.org/opensuse/tumbleweed:20260930.37.208, execID=c6a27e195298e2c87fcd8f285623f39635d82cf41783b890b9477cf05968e666, org.opensuse.base.version=20260930.37.208, org.opensuse.base.created=2026-09-30T20:05:54.126624488Z, org.opensuse.base.disturl=obs://build.opensuse.org/openSUSE:Factory/images/561f9d4c8e4e1a441f95ad4ec6b5a914-opensuse-tumbleweed-image:docker, org.opencontainers.image.vendor=openSUSE Project, org.opensuse.base.vendor=openSUSE Project, org.opensuse.lifecycle-url=https://en.opensuse.org/Lifetime, org.opencontainers.image.created=2026-09-30T20:05:54.126624488Z, org.opensuse.base.reference=registry.opensuse.org/opensuse/tumbleweed:20260930.37.208, io.buildah.version=1.44.1, org.opensuse.base.description=Image containing a minimal environment for containers based on openSUSE Tumbleweed., org.qdistro.tier3s.workload=headless-smoke, org.opencontainers.image.version=20260930.37.208, org.opensuse.base.lifecycle-url=https://en.opensuse.org/Lifetime, org.opensuse.base.url=https://www.opensuse.org, org.opencontainers.image.source=https://build.opensuse.org/package/show/openSUSE:Factory/opensuse-tumbleweed-image?rev=561f9d4c8e4e1a441f95ad4ec6b5a914, qdistro_tier3s_token=9957c43d22b609e97e6eaf019ebcc283, org.openbuildservice.disturl=obs://build.opensuse.org/openSUSE:Factory/images/561f9d4c8e4e1a441f95ad4ec6b5a914-opensuse-tumbleweed-image:docker, org.opencontainers.image.title=openSUSE Tumbleweed Base Container, org.opencontainers.image.description=Image containing a minimal environment for containers based on openSUSE Tumbleweed., org.qdistro.snapshot=20260930, qdistro_tier3s_unit=qdistro-tier3s-silo@s120a.service, org.opensuse.base.source=https://build.opensuse.org/package/show/openSUSE:Factory/opensuse-tumbleweed-image?rev=561f9d4c8e4e1a441f95ad4ec6b5a914, org.opencontainers.image.url=https://www.opensuse.org)
Oct 04 10:03:31 baseweed-admin dbus-run-session[1043]:   INFO qml: [20261004-100331]        PodApps cache refresh loaded 0 apps
Oct 04 10:03:31 baseweed-admin dbus-run-session[1043]:   WARN: Process failed to start, likely because the binary could not be found. Command: QList("bluetoothctl", "show")
Oct 04 10:03:33 baseweed-admin dbus-run-session[1043]:   WARN qml: [20261004-100333]        Network Connectivity check error: Error: Not authorized to recheck connectivity.
Oct 04 10:03:33 baseweed-admin podman[8092]: 2026-10-04 10:03:33.607756952 +0000 UTC m=+0.210554018 container exec d8c62ec67221f65646e4a2c3d1260768c70f6580f9897ee4b42244bc04d6c3e1 (image=localhost/qdistro/tier3s-headless-smoke:latest, name=qdistro-tier3s-s120a, org.opensuse.base.created=2026-09-30T20:05:54.126624488Z, org.opensuse.base.vendor=openSUSE Project, org.openbuildservice.disturl=obs://build.opensuse.org/openSUSE:Factory/images/561f9d4c8e4e1a441f95ad4ec6b5a914-opensuse-tumbleweed-image:docker, org.opencontainers.image.source=https://build.opensuse.org/package/show/openSUSE:Factory/opensuse-tumbleweed-image?rev=561f9d4c8e4e1a441f95ad4ec6b5a914, org.opensuse.lifecycle-url=https://en.opensuse.org/Lifetime, io.buildah.version=1.44.1, org.opencontainers.image.description=Image containing a minimal environment for containers based on openSUSE Tumbleweed., org.qdistro.tier3s.workload=headless-smoke, org.opensuse.base.disturl=obs://build.opensuse.org/openSUSE:Factory/images/561f9d4c8e4e1a441f95ad4ec6b5a914-opensuse-tumbleweed-image:docker, org.opensuse.base.title=openSUSE Tumbleweed Base Container, org.opencontainers.image.title=openSUSE Tumbleweed Base Container, org.qdistro.snapshot=20260930, org.opensuse.base.description=Image containing a minimal environment for containers based on openSUSE Tumbleweed., org.opensuse.base.reference=registry.opensuse.org/opensuse/tumbleweed:20260930.37.208, qdistro_tier3s_token=9957c43d22b609e97e6eaf019ebcc283, org.opencontainers.image.url=https://www.opensuse.org, org.opensuse.base.url=https://www.opensuse.org, org.opensuse.reference=registry.opensuse.org/opensuse/tumbleweed:20260930.37.208, qdistro_tier3s_unit=qdistro-tier3s-silo@s120a.service, org.opencontainers.image.created=2026-09-30T20:05:54.126624488Z, org.opensuse.base.source=https://build.opensuse.org/package/show/openSUSE:Factory/opensuse-tumbleweed-image?rev=561f9d4c8e4e1a441f95ad4ec6b5a914, org.opencontainers.image.vendor=openSUSE Project, org.opensuse.base.lifecycle-url=https://en.opensuse.org/Lifetime, org.opensuse.base.version=20260930.37.208, org.opencontainers.image.version=20260930.37.208)
Oct 04 10:03:33 baseweed-admin conmon[8128]: conmon d8c62ec67221f65646e4 <nwarn>: Failed to open cgroups file: /sys/fs/cgroup/user.slice/user-1000.slice/user@1000.service/app.slice/qdshell.service/memory.events
Oct 04 10:03:33 baseweed-admin podman[8145]: 2026-10-04 10:03:33.713697314 +0000 UTC m=+0.080543398 container exec_died d8c62ec67221f65646e4a2c3d1260768c70f6580f9897ee4b42244bc04d6c3e1 (image=localhost/qdistro/tier3s-headless-smoke:latest, name=qdistro-tier3s-s120a, org.opensuse.base.lifecycle-url=https://en.opensuse.org/Lifetime, org.opensuse.base.title=openSUSE Tumbleweed Base Container, org.qdistro.tier3s.workload=headless-smoke, org.opensuse.base.version=20260930.37.208, qdistro_tier3s_token=9957c43d22b609e97e6eaf019ebcc283, org.opencontainers.image.url=https://www.opensuse.org, org.opensuse.base.created=2026-09-30T20:05:54.126624488Z, org.opencontainers.image.created=2026-09-30T20:05:54.126624488Z, org.opensuse.base.description=Image containing a minimal environment for containers based on openSUSE Tumbleweed., org.qdistro.snapshot=20260930, org.opencontainers.image.description=Image containing a minimal environment for containers based on openSUSE Tumbleweed., org.opensuse.base.disturl=obs://build.opensuse.org/openSUSE:Factory/images/561f9d4c8e4e1a441f95ad4ec6b5a914-opensuse-tumbleweed-image:docker, io.buildah.version=1.44.1, org.opencontainers.image.source=https://build.opensuse.org/package/show/openSUSE:Factory/opensuse-tumbleweed-image?rev=561f9d4c8e4e1a441f95ad4ec6b5a914, org.opencontainers.image.version=20260930.37.208, org.opensuse.base.source=https://build.opensuse.org/package/show/openSUSE:Factory/opensuse-tumbleweed-image?rev=561f9d4c8e4e1a441f95ad4ec6b5a914, org.opensuse.base.url=https://www.opensuse.org, qdistro_tier3s_unit=qdistro-tier3s-silo@s120a.service, org.opensuse.base.reference=registry.opensuse.org/opensuse/tumbleweed:20260930.37.208, org.opensuse.reference=registry.opensuse.org/opensuse/tumbleweed:20260930.37.208, org.opencontainers.image.vendor=openSUSE Project, org.openbuildservice.disturl=obs://build.opensuse.org/openSUSE:Factory/images/561f9d4c8e4e1a441f95ad4ec6b5a914-opensuse-tumbleweed-image:docker, org.opensuse.base.vendor=openSUSE Project, org.opencontainers.image.title=openSUSE Tumbleweed Base Container, org.opensuse.lifecycle-url=https://en.opensuse.org/Lifetime, execID=254ce8767ab6674e513addd0039e76ec68ea7f5cfd501bd4cbd5bd7d8e0b1e85)
Oct 04 10:03:33 baseweed-admin podman[8092]: 2026-10-04 10:03:33.75830055 +0000 UTC m=+0.361097616 container exec_died d8c62ec67221f65646e4a2c3d1260768c70f6580f9897ee4b42244bc04d6c3e1 (image=localhost/qdistro/tier3s-headless-smoke:latest, name=qdistro-tier3s-s120a, io.buildah.version=1.44.1, org.opencontainers.image.title=openSUSE Tumbleweed Base Container, org.opencontainers.image.vendor=openSUSE Project, org.opensuse.base.version=20260930.37.208, org.opensuse.base.created=2026-09-30T20:05:54.126624488Z, org.opensuse.base.description=Image containing a minimal environment for containers based on openSUSE Tumbleweed., org.opensuse.base.vendor=openSUSE Project, org.qdistro.tier3s.workload=headless-smoke, org.opencontainers.image.source=https://build.opensuse.org/package/show/openSUSE:Factory/opensuse-tumbleweed-image?rev=561f9d4c8e4e1a441f95ad4ec6b5a914, org.opensuse.base.title=openSUSE Tumbleweed Base Container, org.opencontainers.image.description=Image containing a minimal environment for containers based on openSUSE Tumbleweed., org.openbuildservice.disturl=obs://build.opensuse.org/openSUSE:Factory/images/561f9d4c8e4e1a441f95ad4ec6b5a914-opensuse-tumbleweed-image:docker, org.opensuse.base.reference=registry.opensuse.org/opensuse/tumbleweed:20260930.37.208, org.opensuse.lifecycle-url=https://en.opensuse.org/Lifetime, qdistro_tier3s_token=9957c43d22b609e97e6eaf019ebcc283, org.opensuse.base.url=https://www.opensuse.org, org.opensuse.base.lifecycle-url=https://en.opensuse.org/Lifetime, org.qdistro.snapshot=20260930, org.opencontainers.image.version=20260930.37.208, qdistro_tier3s_unit=qdistro-tier3s-silo@s120a.service, org.opencontainers.image.created=2026-09-30T20:05:54.126624488Z, org.opencontainers.image.url=https://www.opensuse.org, execID=254ce8767ab6674e513addd0039e76ec68ea7f5cfd501bd4cbd5bd7d8e0b1e85, org.opensuse.base.disturl=obs://build.opensuse.org/openSUSE:Factory/images/561f9d4c8e4e1a441f95ad4ec6b5a914-opensuse-tumbleweed-image:docker, org.opensuse.base.source=https://build.opensuse.org/package/show/openSUSE:Factory/opensuse-tumbleweed-image?rev=561f9d4c8e4e1a441f95ad4ec6b5a914, org.opensuse.reference=registry.opensuse.org/opensuse/tumbleweed:20260930.37.208)
Oct 04 10:03:33 baseweed-admin dbus-run-session[1043]:   WARN: Process failed to start, likely because the binary could not be found. Command: QList("bluetoothctl", "show")
Oct 04 10:03:33 baseweed-admin dbus-run-session[1043]:   INFO qml: [20261004-100333]        PodApps cache refresh loaded 0 apps
Oct 04 10:03:34 baseweed-admin dbus-run-session[1043]:   INFO qml: [20261004-100334]        PodApps auto-scan: qdistro-tier3s-s120b transitioned to running
Oct 04 10:03:35 baseweed-admin dbus-run-session[1043]:   WARN: Process failed to start, likely because the binary could not be found. Command: QList("bluetoothctl", "show")
Oct 04 10:03:36 baseweed-admin podman[9259]: 2026-10-04 10:03:36.377328361 +0000 UTC m=+0.154715567 container exec 8e05f880b58b1527647585aa20e72b7d074683b34a5358cae570044f21be9d0a (image=localhost/qdistro/tier3s-headless-smoke:latest, name=qdistro-tier3s-s120b, org.opencontainers.image.source=https://build.opensuse.org/package/show/openSUSE:Factory/opensuse-tumbleweed-image?rev=561f9d4c8e4e1a441f95ad4ec6b5a914, org.opensuse.base.description=Image containing a minimal environment for containers based on openSUSE Tumbleweed., org.opensuse.base.url=https://www.opensuse.org, org.qdistro.snapshot=20260930, org.opencontainers.image.version=20260930.37.208, qdistro_tier3s_unit=qdistro-tier3s-silo@s120b.service, org.opencontainers.image.vendor=openSUSE Project, org.opensuse.lifecycle-url=https://en.opensuse.org/Lifetime, org.opensuse.reference=registry.opensuse.org/opensuse/tumbleweed:20260930.37.208, org.qdistro.tier3s.workload=headless-smoke, org.opencontainers.image.description=Image containing a minimal environment for containers based on openSUSE Tumbleweed., org.opencontainers.image.url=https://www.opensuse.org, org.opensuse.base.created=2026-09-30T20:05:54.126624488Z, org.opencontainers.image.created=2026-09-30T20:05:54.126624488Z, org.opensuse.base.version=20260930.37.208, org.opensuse.base.vendor=openSUSE Project, qdistro_tier3s_token=8fbc37fa6bdcd3813f51158d6f1eee43, org.opensuse.base.disturl=obs://build.opensuse.org/openSUSE:Factory/images/561f9d4c8e4e1a441f95ad4ec6b5a914-opensuse-tumbleweed-image:docker, org.openbuildservice.disturl=obs://build.opensuse.org/openSUSE:Factory/images/561f9d4c8e4e1a441f95ad4ec6b5a914-opensuse-tumbleweed-image:docker, org.opencontainers.image.title=openSUSE Tumbleweed Base Container, org.opensuse.base.source=https://build.opensuse.org/package/show/openSUSE:Factory/opensuse-tumbleweed-image?rev=561f9d4c8e4e1a441f95ad4ec6b5a914, org.opensuse.base.reference=registry.opensuse.org/opensuse/tumbleweed:20260930.37.208, org.opensuse.base.title=openSUSE Tumbleweed Base Container, org.opensuse.base.lifecycle-url=https://en.opensuse.org/Lifetime, io.buildah.version=1.44.1)
Oct 04 10:03:36 baseweed-admin conmon[9281]: conmon 8e05f880b58b15276475 <nwarn>: Failed to open cgroups file: /sys/fs/cgroup/user.slice/user-1000.slice/user@1000.service/app.slice/qdshell.service/memory.events
Oct 04 10:03:36 baseweed-admin podman[9306]: 2026-10-04 10:03:36.467899653 +0000 UTC m=+0.063533762 container exec_died 8e05f880b58b1527647585aa20e72b7d074683b34a5358cae570044f21be9d0a (image=localhost/qdistro/tier3s-headless-smoke:latest, name=qdistro-tier3s-s120b, execID=f2985646a120222660f5d3273d0dc432eeb43c0c3261de26812bbda2bf9b9883, org.opencontainers.image.description=Image containing a minimal environment for containers based on openSUSE Tumbleweed., qdistro_tier3s_token=8fbc37fa6bdcd3813f51158d6f1eee43, qdistro_tier3s_unit=qdistro-tier3s-silo@s120b.service, org.opensuse.base.lifecycle-url=https://en.opensuse.org/Lifetime, org.opencontainers.image.vendor=openSUSE Project, org.opencontainers.image.created=2026-09-30T20:05:54.126624488Z, org.opensuse.base.version=20260930.37.208, org.opensuse.lifecycle-url=https://en.opensuse.org/Lifetime, org.opencontainers.image.url=https://www.opensuse.org, org.opensuse.base.reference=registry.opensuse.org/opensuse/tumbleweed:20260930.37.208, org.openbuildservice.disturl=obs://build.opensuse.org/openSUSE:Factory/images/561f9d4c8e4e1a441f95ad4ec6b5a914-opensuse-tumbleweed-image:docker, org.opencontainers.image.source=https://build.opensuse.org/package/show/openSUSE:Factory/opensuse-tumbleweed-image?rev=561f9d4c8e4e1a441f95ad4ec6b5a914, org.opencontainers.image.title=openSUSE Tumbleweed Base Container, org.opensuse.base.disturl=obs://build.opensuse.org/openSUSE:Factory/images/561f9d4c8e4e1a441f95ad4ec6b5a914-opensuse-tumbleweed-image:docker, org.opensuse.base.vendor=openSUSE Project, org.qdistro.tier3s.workload=headless-smoke, org.qdistro.snapshot=20260930, org.opensuse.reference=registry.opensuse.org/opensuse/tumbleweed:20260930.37.208, org.opensuse.base.description=Image containing a minimal environment for containers based on openSUSE Tumbleweed., org.opensuse.base.source=https://build.opensuse.org/package/show/openSUSE:Factory/opensuse-tumbleweed-image?rev=561f9d4c8e4e1a441f95ad4ec6b5a914, org.opencontainers.image.version=20260930.37.208, org.opensuse.base.title=openSUSE Tumbleweed Base Container, org.opensuse.base.url=https://www.opensuse.org, io.buildah.version=1.44.1, org.opensuse.base.created=2026-09-30T20:05:54.126624488Z)
Oct 04 10:03:36 baseweed-admin podman[9259]: 2026-10-04 10:03:36.528752477 +0000 UTC m=+0.306139693 container exec_died 8e05f880b58b1527647585aa20e72b7d074683b34a5358cae570044f21be9d0a (image=localhost/qdistro/tier3s-headless-smoke:latest, name=qdistro-tier3s-s120b, qdistro_tier3s_token=8fbc37fa6bdcd3813f51158d6f1eee43, execID=f2985646a120222660f5d3273d0dc432eeb43c0c3261de26812bbda2bf9b9883, org.opensuse.base.disturl=obs://build.opensuse.org/openSUSE:Factory/images/561f9d4c8e4e1a441f95ad4ec6b5a914-opensuse-tumbleweed-image:docker, org.opensuse.base.source=https://build.opensuse.org/package/show/openSUSE:Factory/opensuse-tumbleweed-image?rev=561f9d4c8e4e1a441f95ad4ec6b5a914, org.opensuse.base.version=20260930.37.208, org.opensuse.reference=registry.opensuse.org/opensuse/tumbleweed:20260930.37.208, org.opencontainers.image.vendor=openSUSE Project, org.opensuse.lifecycle-url=https://en.opensuse.org/Lifetime, io.buildah.version=1.44.1, org.openbuildservice.disturl=obs://build.opensuse.org/openSUSE:Factory/images/561f9d4c8e4e1a441f95ad4ec6b5a914-opensuse-tumbleweed-image:docker, org.opencontainers.image.created=2026-09-30T20:05:54.126624488Z, org.opencontainers.image.source=https://build.opensuse.org/package/show/openSUSE:Factory/opensuse-tumbleweed-image?rev=561f9d4c8e4e1a441f95ad4ec6b5a914, org.opencontainers.image.title=openSUSE Tumbleweed Base Container, org.opensuse.base.description=Image containing a minimal environment for containers based on openSUSE Tumbleweed., org.opensuse.base.created=2026-09-30T20:05:54.126624488Z, org.opensuse.base.url=https://www.opensuse.org, org.opensuse.base.reference=registry.opensuse.org/opensuse/tumbleweed:20260930.37.208, org.qdistro.snapshot=20260930, org.qdistro.tier3s.workload=headless-smoke, qdistro_tier3s_unit=qdistro-tier3s-silo@s120b.service, org.opencontainers.image.url=https://www.opensuse.org, org.opensuse.base.title=openSUSE Tumbleweed Base Container, org.opensuse.base.lifecycle-url=https://en.opensuse.org/Lifetime, org.opencontainers.image.description=Image containing a minimal environment for containers based on openSUSE Tumbleweed., org.opencontainers.image.version=20260930.37.208, org.opensuse.base.vendor=openSUSE Project)
Oct 04 10:03:36 baseweed-admin dbus-run-session[1043]:   INFO qml: [20261004-100336]        PodApps cache refresh loaded 0 apps
Oct 04 10:03:37 baseweed-admin dbus-run-session[1043]:   WARN: Process failed to start, likely because the binary could not be found. Command: QList("bluetoothctl", "show")
Oct 04 10:03:39 baseweed-admin dbus-run-session[1043]:   WARN: Process failed to start, likely because the binary could not be found. Command: QList("bluetoothctl", "show")
Oct 04 10:03:41 baseweed-admin dbus-run-session[1043]:   WARN: Process failed to start, likely because the binary could not be found. Command: QList("bluetoothctl", "show")
Oct 04 10:03:43 baseweed-admin dbus-run-session[1043]:   WARN: Process failed to start, likely because the binary could not be found. Command: QList("bluetoothctl", "show")
Oct 04 10:03:44 baseweed-admin dbus-run-session[1043]:   WARN qml: [20261004-100344]       Location Weather is still fetching
Oct 04 10:03:45 baseweed-admin dbus-run-session[1043]:  ERROR qml: [20261004-100345]       Location Geocoding error: 0
Oct 04 10:03:45 baseweed-admin dbus-run-session[1043]:   WARN: Process failed to start, likely because the binary could not be found. Command: QList("bluetoothctl", "show")
Oct 04 10:03:47 baseweed-admin dbus-run-session[1043]:   WARN: Process failed to start, likely because the binary could not be found. Command: QList("bluetoothctl", "show")
Oct 04 10:03:48 baseweed-admin dbus-run-session[1043]:   WARN qml: [20261004-100348]        Network Connectivity check error: Error: Not authorized to recheck connectivity.
Oct 04 10:03:49 baseweed-admin dbus-run-session[1043]:   WARN: Process failed to start, likely because the binary could not be found. Command: QList("bluetoothctl", "show")
Oct 04 10:03:51 baseweed-admin dbus-run-session[1043]:   WARN: Process failed to start, likely because the binary could not be found. Command: QList("bluetoothctl", "show")
Oct 04 10:03:53 baseweed-admin dbus-run-session[1043]:   WARN: Process failed to start, likely because the binary could not be found. Command: QList("bluetoothctl", "show")
Oct 04 10:03:54 baseweed-admin dbus-run-session[1043]:   INFO qml: [20261004-100354]        PodApps cache refresh loaded 0 apps
Oct 04 10:03:55 baseweed-admin dbus-run-session[1043]:   WARN: Process failed to start, likely because the binary could not be found. Command: QList("bluetoothctl", "show")
Oct 04 10:03:57 baseweed-admin dbus-run-session[1043]:   WARN: Process failed to start, likely because the binary could not be found. Command: QList("bluetoothctl", "show")
Oct 04 10:03:59 baseweed-admin dbus-run-session[1043]:   WARN: Process failed to start, likely because the binary could not be found. Command: QList("bluetoothctl", "show")
Oct 04 10:04:01 baseweed-admin dbus-run-session[1043]:   WARN: Process failed to start, likely because the binary could not be found. Command: QList("bluetoothctl", "show")
Oct 04 10:04:03 baseweed-admin dbus-run-session[1043]:   WARN qml: [20261004-100403]        Network Connectivity check error: Error: Not authorized to recheck connectivity.
Oct 04 10:04:03 baseweed-admin dbus-run-session[1043]:   WARN: Process failed to start, likely because the binary could not be found. Command: QList("bluetoothctl", "show")
Oct 04 10:04:04 baseweed-admin dbus-run-session[1043]:   WARN qml: [20261004-100404]       Location Weather is still fetching
Oct 04 10:04:04 baseweed-admin dbus-run-session[1043]:  ERROR qml: [20261004-100404]       Location Geocoding error: 0
Oct 04 10:04:05 baseweed-admin dbus-run-session[1043]:   WARN: Process failed to start, likely because the binary could not be found. Command: QList("bluetoothctl", "show")
Oct 04 10:04:07 baseweed-admin dbus-run-session[1043]:   WARN: Process failed to start, likely because the binary could not be found. Command: QList("bluetoothctl", "show")
Oct 04 10:04:09 baseweed-admin dbus-run-session[1043]:   WARN: Process failed to start, likely because the binary could not be found. Command: QList("bluetoothctl", "show")
Oct 04 10:04:11 baseweed-admin dbus-run-session[1043]:   WARN: Process failed to start, likely because the binary could not be found. Command: QList("bluetoothctl", "show")
Oct 04 10:04:13 baseweed-admin dbus-run-session[1043]:   WARN: Process failed to start, likely because the binary could not be found. Command: QList("bluetoothctl", "show")
Oct 04 10:04:15 baseweed-admin dbus-run-session[1043]:   WARN: Process failed to start, likely because the binary could not be found. Command: QList("bluetoothctl", "show")
Oct 04 10:04:16 baseweed-admin dbus-run-session[1043]:   INFO qml: [20261004-100416]        PodApps auto-scan: qdistro-tier3s-s120a transitioned to running
Oct 04 10:04:17 baseweed-admin dbus-run-session[1043]:   WARN: Process failed to start, likely because the binary could not be found. Command: QList("bluetoothctl", "show")
Oct 04 10:04:18 baseweed-admin dbus-run-session[1043]:   WARN qml: [20261004-100418]        PodApps scan failed for qdistro-tier3s-s120a (exit 2)
Oct 04 10:04:18 baseweed-admin dbus-run-session[1043]:   WARN qml: [20261004-100418]        Network Connectivity check error: Error: Not authorized to recheck connectivity.
Oct 04 10:04:19 baseweed-admin dbus-run-session[1043]:   WARN: Process failed to start, likely because the binary could not be found. Command: QList("bluetoothctl", "show")
