Oct 03 18:29:26 baseweed-admin systemd[863]: Queued start job for default target Main User Target.
Oct 03 18:29:26 baseweed-admin systemd[863]: Created slice User Application Slice.
Oct 03 18:29:26 baseweed-admin systemd[863]: Created slice User Core Session Slice.
Oct 03 18:29:26 baseweed-admin systemd[863]: Started Daily Cleanup of User's Temporary Directories.
Oct 03 18:29:26 baseweed-admin systemd[863]: Reached target Paths.
Oct 03 18:29:26 baseweed-admin systemd[863]: Reached target Timers.
Oct 03 18:29:26 baseweed-admin systemd[863]: Starting D-Bus User Message Bus Socket...
Oct 03 18:29:26 baseweed-admin systemd[863]: Listening on PipeWire Multimedia System Sockets.
Oct 03 18:29:26 baseweed-admin systemd[863]: Listening on Query the User Interactively for a Password.
Oct 03 18:29:26 baseweed-admin systemd[863]: Listening on Disk Image Download Service Socket.
Oct 03 18:29:26 baseweed-admin systemd[863]: Listening on Virtual Machine and Container Registration Service Socket.
Oct 03 18:29:26 baseweed-admin systemd[863]: Starting Create User Files and Directories...
Oct 03 18:29:26 baseweed-admin systemd[863]: Finished Create User Files and Directories.
Oct 03 18:29:26 baseweed-admin systemd[863]: Listening on D-Bus User Message Bus Socket.
Oct 03 18:29:26 baseweed-admin systemd[863]: Reached target Sockets.
Oct 03 18:29:26 baseweed-admin systemd[863]: Starting D-Bus User Message Bus...
Oct 03 18:29:26 baseweed-admin dbus-broker-launch[923]: Policy to allow eavesdropping in /usr/share/dbus-1/session.conf +31: Eavesdropping is deprecated and ignored
Oct 03 18:29:26 baseweed-admin systemd[863]: Started D-Bus User Message Bus.
Oct 03 18:29:26 baseweed-admin systemd[863]: Reached target Basic System.
Oct 03 18:29:26 baseweed-admin systemd[863]: Reached target Current graphical user session.
Oct 03 18:29:26 baseweed-admin systemd[863]: Started PipeWire Multimedia Service.
Oct 03 18:29:26 baseweed-admin dbus-broker-launch[923]: Ready
Oct 03 18:29:26 baseweed-admin systemd[863]: Starting qdistro browser screen-lock inhibit daemon (Bridge Phase-9e)...
Oct 03 18:29:26 baseweed-admin systemd[863]: Starting qdistro browser download-notification daemon (Bridge Phase-9e)...
Oct 03 18:29:26 baseweed-admin systemd[863]: Starting qdistro browser MPRIS republisher (Bridge Phase-9e)...
Oct 03 18:29:26 baseweed-admin systemd[863]: Starting qdistro browser web-notification relay (Bridge Phase-9e)...
Oct 03 18:29:26 baseweed-admin systemd[863]: qdistro-polkit-agent.service: unit configures an IP firewall, but not running as root.
Oct 03 18:29:26 baseweed-admin systemd[863]: qdistro-polkit-agent.service: (This warning is only shown for the first unit using IP firewalling.)
Oct 03 18:29:26 baseweed-admin systemd[863]: Started qdistro polkit authentication agent (PAM / fprintd / broker).
Oct 03 18:29:26 baseweed-admin systemd[863]: Starting qdistro pwd XDG portal Secret backend (spec/13 Phase-8.3)...
Oct 03 18:29:26 baseweed-admin systemd[863]: Started qdwin compositor (libweston + qdwin-shell.so).
Oct 03 18:29:26 baseweed-admin systemd[863]: Starting qdistro screen locker (qdlocker)...
Oct 03 18:29:26 baseweed-admin systemd[863]: Starting qdshell desktop (Quickshell QML on top of qdwin)...
Oct 03 18:29:26 baseweed-admin systemd[863]: Started Multimedia Service Session Manager.
Oct 03 18:29:26 baseweed-admin systemd[863]: Starting ydotool synthetic input daemon for qdistro VM tests...
Oct 03 18:29:26 baseweed-admin systemd[863]: Started ydotool synthetic input daemon for qdistro VM tests.
Oct 03 18:29:26 baseweed-admin podman[899]: 2026-10-03 18:29:26.501982631 +0000 UTC m=+0.418113861 system refresh
Oct 03 18:29:26 baseweed-admin weston[936]: Date: 2026-10-03 UTC
Oct 03 18:29:26 baseweed-admin weston[936]: [18:29:26.502] weston 16.0.0
Oct 03 18:29:26 baseweed-admin weston[936]:                https://wayland.freedesktop.org
Oct 03 18:29:26 baseweed-admin weston[936]:                Bug reports to: https://gitlab.freedesktop.org/wayland/weston/issues/
Oct 03 18:29:26 baseweed-admin weston[936]:                Build: 16.0.0
Oct 03 18:29:26 baseweed-admin weston[936]: [18:29:26.503] Command line: /usr/bin/weston --config=/home/admin/weston.ini --socket=wayland-1
Oct 03 18:29:26 baseweed-admin weston[936]: [18:29:26.503] OS: Linux, 7.2.8-1-default, #1 SMP PREEMPT_DYNAMIC Sat Sep 26 07:00:58 UTC 2026 (9b36732), x86_64
Oct 03 18:29:26 baseweed-admin weston[936]: [18:29:26.503] Flight recorder: enabled, scopes subscribed: log
Oct 03 18:29:26 baseweed-admin weston[936]: [18:29:26.504] Using config file '/home/admin/weston.ini'
Oct 03 18:29:26 baseweed-admin weston[936]: [18:29:26.504] Output repaint window is 7 ms maximum.
Oct 03 18:29:26 baseweed-admin weston[936]: [18:29:26.508] Loading module '/usr/libexec/qdistro/qdwin-libweston/lib64/libweston-16/drm-backend.so'
Oct 03 18:29:26 baseweed-admin weston[936]: [18:29:26.510] initializing drm backend
Oct 03 18:29:26 baseweed-admin weston[936]: [18:29:26.510] Trying libseat launcher...
Oct 03 18:29:26 baseweed-admin weston[936]: [18:29:26.516] [libseat/libseat.c:73] Seat opened with backend 'seatd'
Oct 03 18:29:26 baseweed-admin weston[936]: [18:29:26.516] [libseat/backend/seatd.c:218] Enabling seat
Oct 03 18:29:26 baseweed-admin weston[936]: [18:29:26.516] libseat: session control granted
Oct 03 18:29:26 baseweed-admin systemd[863]: selinux: avc:  denied  { start } for auid=n/a uid=1000 gid=1000 cmdline="podman ps -a --filter label=qdistro_disposable=1 --format {{.Names}}" function="method_start_transient_unit" scontext=system_u:system_r:qdistro_sessmgr_t:s0 tcontext=unconfined_u:unconfined_r:unconfined_t:s0-s0:c0.c1023 tclass=system permissive=1
Oct 03 18:29:26 baseweed-admin systemd[863]: Created slice Slice /user.
Oct 03 18:29:26 baseweed-admin weston[936]: [18:29:26.539] using /dev/dri/card0
Oct 03 18:29:26 baseweed-admin weston[936]: [18:29:26.539] DRM: supports atomic modesetting
Oct 03 18:29:26 baseweed-admin weston[936]: [18:29:26.539] DRM: supports cursor-plane hotspot (virtualized cursor)
Oct 03 18:29:26 baseweed-admin weston[936]: [18:29:26.539] DRM: does not support GBM modifiers
Oct 03 18:29:26 baseweed-admin weston[936]: [18:29:26.539] DRM: does not support Atomic async page flip
Oct 03 18:29:26 baseweed-admin weston[936]: [18:29:26.539] DRM: supports picture aspect ratio
Oct 03 18:29:26 baseweed-admin weston[936]: [18:29:26.540] DRM: EDID for the following head fails conformity:
Oct 03 18:29:26 baseweed-admin weston[936]: Block 1, CTA-861 Extension Block:
Oct 03 18:29:26 baseweed-admin weston[936]:   Padding: Contains non-zero bytes.
Oct 03 18:29:26 baseweed-admin weston[936]: [18:29:26.540] DRM: head 'Virtual-1' found, connector 40 is connected, EDID make 'Red Hat, Inc.', model 'QEMU Monitor', serial ''
Oct 03 18:29:26 baseweed-admin weston[936]:                Supported EOTF modes: SDR
Oct 03 18:29:26 baseweed-admin weston[936]:                Supported colorimetry modes: default
Oct 03 18:29:26 baseweed-admin weston[936]:                Supported VRR modes: (none),
Oct 03 18:29:26 baseweed-admin weston[936]:                Supported color formats: AUTO
Oct 03 18:29:26 baseweed-admin systemd[863]: Started podman-899.scope.
Oct 03 18:29:26 baseweed-admin systemd[863]: Started qdistro browser download-notification daemon (Bridge Phase-9e).
Oct 03 18:29:26 baseweed-admin systemd[863]: Started qdistro browser screen-lock inhibit daemon (Bridge Phase-9e).
Oct 03 18:29:26 baseweed-admin systemd[863]: Started podman-pause-26cf6d3d.scope.
Oct 03 18:29:26 baseweed-admin systemd[863]: Started qdistro browser web-notification relay (Bridge Phase-9e).
Oct 03 18:29:26 baseweed-admin systemd[863]: Started qdistro browser MPRIS republisher (Bridge Phase-9e).
Oct 03 18:29:26 baseweed-admin wireplumber[939]: [0:00:05.657516005] [939]  INFO Camera camera_manager.cpp:340 libcamera v0.7.2
Oct 03 18:29:26 baseweed-admin wireplumber[939]: [0:00:05.658086034] [990]  WARN IPAManager ipa_manager.cpp:159 No IPA found in '/usr/lib64/libcamera/ipa'
Oct 03 18:29:26 baseweed-admin wireplumber[939]: [0:00:05.658479011] [990] ERROR DmaBufAllocator dma_buf_allocator.cpp:119 Could not open any dma-buf provider
Oct 03 18:29:27 baseweed-admin systemd[863]: Started qdistro pwd XDG portal Secret backend (spec/13 Phase-8.3).
Oct 03 18:29:27 baseweed-admin qdistro_pwd_portal.py[934]: [qdistro-pwd-portal] listening on org.qdistro.PortalSecret /org/freedesktop/portal/desktop
Oct 03 18:29:27 baseweed-admin systemd[863]: Auto-unlock the qdistro portal-keys vault at login skipped, unmet condition check ConditionPathExists=/var/lib/qdistro/vaults/portal-keys-pin.tpm
Oct 03 18:29:27 baseweed-admin qdistro_pwd_portal.py[934]: /usr/libexec/qdistro/qdistro_pwd_portal.py:201: PyGIDeprecationWarning: GLib.unix_signal_add is deprecated; use GLibUnix.signal_add instead
Oct 03 18:29:27 baseweed-admin qdistro_pwd_portal.py[934]:   GLib.unix_signal_add(GLib.PRIORITY_HIGH, signal.SIGTERM, _on_term, None)
Oct 03 18:29:27 baseweed-admin qdistro_pwd_portal.py[934]: /usr/libexec/qdistro/qdistro_pwd_portal.py:202: PyGIDeprecationWarning: GLib.unix_signal_add is deprecated; use GLibUnix.signal_add instead
Oct 03 18:29:27 baseweed-admin qdistro_pwd_portal.py[934]:   GLib.unix_signal_add(GLib.PRIORITY_HIGH, signal.SIGINT,  _on_term, None)
Oct 03 18:29:27 baseweed-admin weston[936]: [18:29:27.036] Loading module '/usr/libexec/qdistro/qdwin-libweston/lib64/libweston-16/gl-renderer.so'
Oct 03 18:29:27 baseweed-admin weston[936]: [18:29:27.047] warning: failed to query rendering device from EGL
Oct 03 18:29:27 baseweed-admin weston[936]: [18:29:27.047] EGL version: 1.5
Oct 03 18:29:27 baseweed-admin weston[936]: [18:29:27.047] EGL vendor: Mesa Project
Oct 03 18:29:27 baseweed-admin weston[936]: [18:29:27.047] EGL client APIs: OpenGL OpenGL_ES
Oct 03 18:29:27 baseweed-admin weston[936]: [18:29:27.047] EGL features:
Oct 03 18:29:27 baseweed-admin weston[936]:                EGL Wayland extension: no
Oct 03 18:29:27 baseweed-admin weston[936]:                context priority: no
Oct 03 18:29:27 baseweed-admin weston[936]:                buffer age: yes
Oct 03 18:29:27 baseweed-admin weston[936]:                partial update: no
Oct 03 18:29:27 baseweed-admin weston[936]:                swap buffers with damage: no
Oct 03 18:29:27 baseweed-admin weston[936]:                configless context: yes
Oct 03 18:29:27 baseweed-admin weston[936]:                surfaceless context: yes
Oct 03 18:29:27 baseweed-admin weston[936]:                dmabuf support: modifiers
Oct 03 18:29:27 baseweed-admin weston[936]:                fence sync: yes (wait)
Oct 03 18:29:27 baseweed-admin qdistro-polkit-agent[932]: registration failed: org.freedesktop.PolicyKit1.Error.Failed: Cannot determine session the caller is in
Oct 03 18:29:27 baseweed-admin python3[932]: qdistro-polkit-agent: registration failed: org.freedesktop.PolicyKit1.Error.Failed: Cannot determine session the caller is in
Oct 03 18:29:27 baseweed-admin systemd[863]: Started podman-989.scope.
Oct 03 18:29:27 baseweed-admin systemd[863]: qdistro-polkit-agent.service: Main process exited, code=exited, status=1/FAILURE
Oct 03 18:29:27 baseweed-admin systemd[863]: qdistro-polkit-agent.service: Failed with result 'exit-code'.
Oct 03 18:29:27 baseweed-admin weston[936]: [18:29:27.106] GL version: OpenGL ES 3.2 Mesa 26.2.3
Oct 03 18:29:27 baseweed-admin weston[936]: [18:29:27.106] GLSL version: OpenGL ES GLSL ES 3.20
Oct 03 18:29:27 baseweed-admin weston[936]: [18:29:27.106] GL vendor: Mesa
Oct 03 18:29:27 baseweed-admin weston[936]: [18:29:27.106] GL renderer: llvmpipe (LLVM 23.1.1, 256 bits)
Oct 03 18:29:27 baseweed-admin weston[936]: [18:29:27.115] GL ES 3.2 - renderer features:
Oct 03 18:29:27 baseweed-admin weston[936]:                read-back format: ARGB8888
Oct 03 18:29:27 baseweed-admin weston[936]:                glReadPixels supports y-flip: yes
Oct 03 18:29:27 baseweed-admin weston[936]:                glReadPixels supports PBO: yes
Oct 03 18:29:27 baseweed-admin weston[936]:                wl_shm 10 bpc formats: yes
Oct 03 18:29:27 baseweed-admin weston[936]:                wl_shm 16 bpc formats: yes
Oct 03 18:29:27 baseweed-admin weston[936]:                wl_shm half-float formats: yes
Oct 03 18:29:27 baseweed-admin weston[936]:                internal R and RG formats: yes
Oct 03 18:29:27 baseweed-admin weston[936]:                OES_EGL_image_external: yes
Oct 03 18:29:27 baseweed-admin weston[936]:                GPU timeline: no
Oct 03 18:29:27 baseweed-admin weston[936]:                Texture immutability: yes
Oct 03 18:29:27 baseweed-admin weston[936]:                Required precision: yes
Oct 03 18:29:27 baseweed-admin weston[936]:                In-shader blending: yes
Oct 03 18:29:27 baseweed-admin weston[936]: [18:29:27.115] Using GL renderer
Oct 03 18:29:27 baseweed-admin weston[936]: [18:29:27.277] event3  - QEMU QEMU USB Tablet: is tagged by udev as: Mouse
Oct 03 18:29:27 baseweed-admin weston[936]: [18:29:27.277] event3  - QEMU QEMU USB Tablet: device is a pointer
Oct 03 18:29:27 baseweed-admin weston[936]: [18:29:27.278] event4  - Power Button: is tagged by udev as: Keyboard
Oct 03 18:29:27 baseweed-admin weston[936]: [18:29:27.278] event4  - Power Button: device is a keyboard
Oct 03 18:29:27 baseweed-admin weston[936]: [18:29:27.279] event0  - AT Translated Set 2 keyboard: is tagged by udev as: Keyboard
Oct 03 18:29:27 baseweed-admin weston[936]: [18:29:27.279] event0  - AT Translated Set 2 keyboard: device is a keyboard
Oct 03 18:29:27 baseweed-admin weston[936]: [18:29:27.280] event2  - VirtualPS/2 VMware VMMouse: is tagged by udev as: Mouse
Oct 03 18:29:27 baseweed-admin weston[936]: [18:29:27.280] event2  - VirtualPS/2 VMware VMMouse: emulating high-resolution scroll wheel events.
Oct 03 18:29:27 baseweed-admin weston[936]: [18:29:27.280] event2  - VirtualPS/2 VMware VMMouse: device is a pointer
Oct 03 18:29:27 baseweed-admin weston[936]: [18:29:27.280] event1  - VirtualPS/2 VMware VMMouse: is tagged by udev as: Mouse
Oct 03 18:29:27 baseweed-admin weston[936]: [18:29:27.281] event1  - VirtualPS/2 VMware VMMouse: device is a pointer
Oct 03 18:29:27 baseweed-admin weston[936]: [18:29:27.281] event5  - PC Speaker: not tagged as supported input device
Oct 03 18:29:27 baseweed-admin weston[936]: [18:29:27.291] event5  - not using input device '/dev/input/event5'
Oct 03 18:29:27 baseweed-admin weston[936]: [18:29:27.292] event6  - ydotoold virtual device: is tagged by udev as: Keyboard
Oct 03 18:29:27 baseweed-admin weston[936]: [18:29:27.292] event6  - ydotoold virtual device: emulating high-resolution scroll wheel events.
Oct 03 18:29:27 baseweed-admin weston[936]: [18:29:27.292] event6  - ydotoold virtual device: device is a keyboard
Oct 03 18:29:27 baseweed-admin weston[936]: [18:29:27.292] libinput: configuring device "QEMU QEMU USB Tablet".
Oct 03 18:29:27 baseweed-admin weston[936]: [18:29:27.292] input device event3 has no enabled output associated (none named), skipping calibration for now.
Oct 03 18:29:27 baseweed-admin weston[936]: [18:29:27.300] libinput: configuring device "Power Button".
Oct 03 18:29:27 baseweed-admin weston[936]: [18:29:27.300] libinput: configuring device "AT Translated Set 2 keyboard".
Oct 03 18:29:27 baseweed-admin weston[936]: [18:29:27.300] libinput: configuring device "VirtualPS/2 VMware VMMouse".
Oct 03 18:29:27 baseweed-admin weston[936]: [18:29:27.300] libinput: configuring device "VirtualPS/2 VMware VMMouse".
Oct 03 18:29:27 baseweed-admin weston[936]: [18:29:27.300] input device event1 has no enabled output associated (none named), skipping calibration for now.
Oct 03 18:29:27 baseweed-admin weston[936]: [18:29:27.300] libinput: configuring device "ydotoold virtual device".
Oct 03 18:29:27 baseweed-admin weston[936]: [18:29:27.300] Registered plugin API 'weston_drm_output_api_v1' of size 40
Oct 03 18:29:27 baseweed-admin weston[936]: [18:29:27.300] Loading module '/usr/libexec/qdistro/qdwin-libweston/lib64/libweston-16/pipewire-backend.so'
Oct 03 18:29:27 baseweed-admin weston[936]: [18:29:27.301] Initializing PipeWire backend
Oct 03 18:29:27 baseweed-admin weston[936]: [18:29:27.303] Registered plugin API 'weston_pipewire_output_api_v2' of size 24
Oct 03 18:29:27 baseweed-admin weston[936]: [18:29:27.303] Color manager: no-op
Oct 03 18:29:27 baseweed-admin weston[936]:                  protocol support: no
Oct 03 18:29:27 baseweed-admin weston[936]: [18:29:27.303] Setting output 'Virtual-1' to color AUTO format
Oct 03 18:29:27 baseweed-admin weston[936]: [18:29:27.304] Output 'Virtual-1' attempts EOTF mode SDR and colorimetry mode default.
Oct 03 18:29:27 baseweed-admin weston[936]: [18:29:27.304] Output 'Virtual-1' using color profile: stock sRGB color profile
Oct 03 18:29:27 baseweed-admin weston[936]: [18:29:27.304] Chosen EGL config details: id:  46 rgba: 8 8 8 0 buf: 24 dep:  0 stcl: 0 int: 1-1 type: win val: fix vis_id: XRGB8888 (0x34325258)
Oct 03 18:29:27 baseweed-admin weston[936]: [18:29:27.304] Output Virtual-1 (crtc 39) video modes:
Oct 03 18:29:27 baseweed-admin weston[936]:                1280x800@75.0, preferred, 107.3 MHz
Oct 03 18:29:27 baseweed-admin weston[936]:                5120x2160@50.0 64:27, 742.5 MHz
Oct 03 18:29:27 baseweed-admin weston[936]:                4096x2160@50.0 256:135, 594.0 MHz
Oct 03 18:29:27 baseweed-admin weston[936]:                3840x2160@60.0 16:9, 594.0 MHz
Oct 03 18:29:27 baseweed-admin weston[936]:                3840x2160@59.9 16:9, 593.4 MHz
Oct 03 18:29:27 baseweed-admin weston[936]:                3840x2160@50.0 16:9, 594.0 MHz
Oct 03 18:29:27 baseweed-admin weston[936]:                1920x1440@60.0, 234.0 MHz
Oct 03 18:29:27 baseweed-admin weston[936]:                2560x1080@50.0 64:27, 185.6 MHz
Oct 03 18:29:27 baseweed-admin weston[936]:                1856x1392@60.0, 218.2 MHz
Oct 03 18:29:27 baseweed-admin weston[936]:                1792x1344@60.0, 204.8 MHz
Oct 03 18:29:27 baseweed-admin weston[936]:                2048x1152@60.0, 162.0 MHz
Oct 03 18:29:27 baseweed-admin weston[936]:                1920x1200@59.9, 193.2 MHz
Oct 03 18:29:27 baseweed-admin weston[936]:                1920x1080@60.0, current, 148.5 MHz
Oct 03 18:29:27 baseweed-admin weston[936]:                1920x1080@50.0 16:9, 148.5 MHz
Oct 03 18:29:27 baseweed-admin weston[936]:                1600x1200@60.0, 162.0 MHz
Oct 03 18:29:27 baseweed-admin weston[936]:                1680x1050@60.0, 146.2 MHz
Oct 03 18:29:27 baseweed-admin weston[936]:                1400x1050@60.0, 121.8 MHz
Oct 03 18:29:27 baseweed-admin weston[936]:                1280x1024@60.0, 108.0 MHz
Oct 03 18:29:27 baseweed-admin weston[936]:                1440x900@59.9, 106.5 MHz
Oct 03 18:29:27 baseweed-admin weston[936]:                1280x960@60.0, 108.0 MHz
Oct 03 18:29:27 baseweed-admin weston[936]:                1360x768@60.0, 85.5 MHz
Oct 03 18:29:27 baseweed-admin weston[936]:                1280x768@59.9, 79.5 MHz
Oct 03 18:29:27 baseweed-admin weston[936]:                1024x768@60.0, 65.0 MHz
Oct 03 18:29:27 baseweed-admin weston[936]:                800x600@60.3, 40.0 MHz
Oct 03 18:29:27 baseweed-admin weston[936]:                640x480@60.0 4:3, 25.2 MHz
Oct 03 18:29:27 baseweed-admin weston[936]:                640x480@59.9, 25.2 MHz
Oct 03 18:29:27 baseweed-admin weston[936]: [18:29:27.304] associating input device event3 with output Virtual-1 (none by udev)
Oct 03 18:29:27 baseweed-admin weston[936]: [18:29:27.304] associating input device event4 with output Virtual-1 (none by udev)
Oct 03 18:29:27 baseweed-admin weston[936]: [18:29:27.304] associating input device event0 with output Virtual-1 (none by udev)
Oct 03 18:29:27 baseweed-admin weston[936]: [18:29:27.304] associating input device event2 with output Virtual-1 (none by udev)
Oct 03 18:29:27 baseweed-admin weston[936]: [18:29:27.304] associating input device event1 with output Virtual-1 (none by udev)
Oct 03 18:29:27 baseweed-admin weston[936]: [18:29:27.304] associating input device event6 with output Virtual-1 (none by udev)
Oct 03 18:29:27 baseweed-admin weston[936]: [18:29:27.304] Output 'Virtual-1' enabled with head(s) Virtual-1
Oct 03 18:29:27 baseweed-admin weston[936]: [18:29:27.304] pipewire_backend_output_configure.. Done
Oct 03 18:29:27 baseweed-admin weston[936]: [18:29:27.304] Output 'pipewire-0' attempts EOTF mode SDR and colorimetry mode default.
Oct 03 18:29:27 baseweed-admin weston[936]: [18:29:27.304] Output 'pipewire-0' using color profile: stock sRGB color profile
Oct 03 18:29:27 baseweed-admin weston[936]: [18:29:27.325] Output 'pipewire-0' enabled with head(s) pipewire-0
Oct 03 18:29:27 baseweed-admin weston[936]: [18:29:27.325] pipewire_backend_output_configure.. Done
Oct 03 18:29:27 baseweed-admin weston[936]: [18:29:27.325] Output 'pipewire-1' attempts EOTF mode SDR and colorimetry mode default.
Oct 03 18:29:27 baseweed-admin weston[936]: [18:29:27.325] Output 'pipewire-1' using color profile: stock sRGB color profile
Oct 03 18:29:27 baseweed-admin weston[936]: [18:29:27.325] Output 'pipewire-1' enabled with head(s) pipewire-1
Oct 03 18:29:27 baseweed-admin weston[936]: [18:29:27.325] Compositor capabilities:
Oct 03 18:29:27 baseweed-admin weston[936]:                arbitrary surface rotation: yes
Oct 03 18:29:27 baseweed-admin weston[936]:                screen capture uses y-flip: yes
Oct 03 18:29:27 baseweed-admin weston[936]:                cursor planes: yes
Oct 03 18:29:27 baseweed-admin weston[936]:                arbitrary resolutions: yes
Oct 03 18:29:27 baseweed-admin weston[936]:                view mask clipping: yes
Oct 03 18:29:27 baseweed-admin weston[936]:                explicit sync: no
Oct 03 18:29:27 baseweed-admin weston[936]:                color operations: yes
Oct 03 18:29:27 baseweed-admin weston[936]:                color representation: yes
Oct 03 18:29:27 baseweed-admin weston[936]:                in-shader blending: yes
Oct 03 18:29:27 baseweed-admin weston[936]:                presentation clock: CLOCK_MONOTONIC, id 1
Oct 03 18:29:27 baseweed-admin weston[936]:                presentation clock resolution: 0.000000001 s
Oct 03 18:29:27 baseweed-admin weston[936]: [18:29:27.325] Loading module '/usr/lib64/weston/qdwin-shell.so'
Oct 03 18:29:27 baseweed-admin weston[936]: [18:29:27.326] qdwin: locker bind policy defaulting to entrypoint=/usr/local/bin/qdlocker:/usr/bin/qdlocker (system interpreter + root-owned entrypoint; no explicit policy configured); set --qdwin-allowed-locker-any to override to uid-only
Oct 03 18:29:27 baseweed-admin weston[936]: [18:29:27.326] qdwin: locker bind policy uid=1000 entrypoint=/usr/local/bin/qdlocker:/usr/bin/qdlocker exe=(any) label=(any)
Oct 03 18:29:27 baseweed-admin weston[936]: [18:29:27.326] qdwin: ext-idle-notify idle_time=0 internal_mode=1
Oct 03 18:29:27 baseweed-admin weston[936]: [18:29:27.326] qdwin: cursor-shape theme=(default) size=24 loaded=0/36
Oct 03 18:29:27 baseweed-admin weston[936]: [18:29:27.326] qdwin: layer-popup grab handler registered
Oct 03 18:29:27 baseweed-admin weston[936]: [18:29:27.326] qdwin/nested-proxy: default keyboard grab installed on seat 'default'
Oct 03 18:29:27 baseweed-admin weston[936]: [18:29:27.326] qdwin: background curtain 3200x1080 installed
Oct 03 18:29:27 baseweed-admin weston[936]: [18:29:27.326] qdwin: WARNING shell-authorized output capture enabled via QDWIN_ENABLE_SHELL_CAPTURE — dev/test only, do not use in production
Oct 03 18:29:27 baseweed-admin weston[936]: [18:29:27.326] qdwin: retained-frame capture armed on output=Virtual-1
Oct 03 18:29:27 baseweed-admin weston[936]: [18:29:27.326] qdwin: shell loaded (allowed_uid=1000); desktop + qdwin_shell_v1 ready
Oct 03 18:29:27 baseweed-admin weston[936]: [18:29:27.326] Loading module '/usr/lib64/libweston-16/xwayland.so'
Oct 03 18:29:27 baseweed-admin weston[936]: [18:29:27.327] Registered plugin API 'weston_xwayland_v3' of size 32
Oct 03 18:29:27 baseweed-admin weston[936]: [18:29:27.328] Registered plugin API 'weston_xwayland_surface_v2' of size 24
Oct 03 18:29:27 baseweed-admin weston[936]: [18:29:27.328] xserver listening on display :0
Oct 03 18:29:27 baseweed-admin systemd[863]: Started qdistro screen locker (qdlocker).
Oct 03 18:29:27 baseweed-admin systemd[863]: Started qdshell desktop (Quickshell QML on top of qdwin).
Oct 03 18:29:27 baseweed-admin systemd[863]: Reached target qdistro desktop session (qdwin compositor + qdshell).
Oct 03 18:29:27 baseweed-admin systemd[863]: Reached target Main User Target.
Oct 03 18:29:27 baseweed-admin systemd[863]: Started qdistro cursor sprite supplier for qdwin.
Oct 03 18:29:27 baseweed-admin systemd[863]: Startup finished in 1.431s.
Oct 03 18:29:27 baseweed-admin weston[936]: [18:29:27.389] qdwin: bind attempt pid=1025 uid=1000 (allowed_uid=1000)
Oct 03 18:29:27 baseweed-admin weston[936]: [18:29:27.389] qdwin: bind accepted for uid=1000, hello sent
Oct 03 18:29:27 baseweed-admin qdistro-cursor-sprites[1025]: [cursor-sprites 1025] registered shape=1 via=xcursor
Oct 03 18:29:27 baseweed-admin weston[936]: [18:29:27.390] qdwin: cursor-sprite registered shape=default hotspot=3,1
Oct 03 18:29:27 baseweed-admin weston[936]: [18:29:27.390] qdwin: cursor_retry_install: scheduling first retry in 1000ms
Oct 03 18:29:27 baseweed-admin qdistro-cursor-sprites[1025]: [cursor-sprites 1025] registered shape=2 via=xcursor
Oct 03 18:29:27 baseweed-admin weston[936]: [18:29:27.390] qdwin: cursor-sprite registered shape=context-menu hotspot=3,1
Oct 03 18:29:27 baseweed-admin qdistro-cursor-sprites[1025]: [cursor-sprites 1025] registered shape=3 via=xcursor
Oct 03 18:29:27 baseweed-admin weston[936]: [18:29:27.390] qdwin: cursor-sprite registered shape=help hotspot=12,21
Oct 03 18:29:27 baseweed-admin weston[936]: [18:29:27.391] qdwin: cursor-sprite registered shape=pointer hotspot=7,5
Oct 03 18:29:27 baseweed-admin qdistro-cursor-sprites[1025]: [cursor-sprites 1025] registered shape=4 via=xcursor
Oct 03 18:29:27 baseweed-admin qdistro-cursor-sprites[1025]: [cursor-sprites 1025] registered shape=5 via=xcursor
Oct 03 18:29:27 baseweed-admin weston[936]: [18:29:27.395] qdwin: cursor-sprite registered shape=progress hotspot=3,1
Oct 03 18:29:27 baseweed-admin dbus-run-session[1027]: No running instances for "/usr/share/quickshell/qdshell/shell.qml"
Oct 03 18:29:27 baseweed-admin dbus-run-session[1027]:   INFO: Launching config: "/usr/share/quickshell/qdshell/shell.qml"
Oct 03 18:29:27 baseweed-admin qdistro-cursor-sprites[1025]: [cursor-sprites 1025] registered shape=6 via=xcursor
Oct 03 18:29:27 baseweed-admin dbus-run-session[1027]:   INFO: Shell ID: "0d0d1ceeb7f0392fec595c8531945b05" Path ID "0d0d1ceeb7f0392fec595c8531945b05"
Oct 03 18:29:27 baseweed-admin weston[936]: [18:29:27.471] qdwin: cursor-sprite registered shape=wait hotspot=11,11
Oct 03 18:29:27 baseweed-admin qdistro-cursor-sprites[1025]: [cursor-sprites 1025] registered shape=7 via=xcursor
Oct 03 18:29:27 baseweed-admin weston[936]: [18:29:27.471] qdwin: cursor-sprite registered shape=cell hotspot=11,11
Oct 03 18:29:27 baseweed-admin qdistro-cursor-sprites[1025]: [cursor-sprites 1025] registered shape=8 via=xcursor
Oct 03 18:29:27 baseweed-admin dbus-run-session[1027]:   INFO: Saving logs to "/run/user/1000/quickshell/by-id/js3pgcmt/log.qslog"
Oct 03 18:29:27 baseweed-admin weston[936]: [18:29:27.472] qdwin: cursor-sprite registered shape=crosshair hotspot=11,11
Oct 03 18:29:27 baseweed-admin weston[936]: [18:29:27.472] qdwin: cursor-sprite registered shape=text hotspot=11,12
Oct 03 18:29:27 baseweed-admin weston[936]: [18:29:27.472] qdwin: cursor-sprite registered shape=vertical-text hotspot=12,11
Oct 03 18:29:27 baseweed-admin qdistro-cursor-sprites[1025]: [cursor-sprites 1025] registered shape=9 via=xcursor
Oct 03 18:29:27 baseweed-admin qdistro-cursor-sprites[1025]: [cursor-sprites 1025] registered shape=10 via=xcursor
Oct 03 18:29:27 baseweed-admin qdistro-cursor-sprites[1025]: [cursor-sprites 1025] registered shape=11 via=xcursor
Oct 03 18:29:27 baseweed-admin qdistro-cursor-sprites[1025]: [cursor-sprites 1025] registered shape=12 via=xcursor
Oct 03 18:29:27 baseweed-admin weston[936]: [18:29:27.472] qdwin: cursor-sprite registered shape=alias hotspot=18,5
Oct 03 18:29:27 baseweed-admin weston[936]: [18:29:27.472] qdwin: cursor-sprite registered shape=copy hotspot=3,1
Oct 03 18:29:27 baseweed-admin qdistro-cursor-sprites[1025]: [cursor-sprites 1025] registered shape=13 via=xcursor
Oct 03 18:29:27 baseweed-admin weston[936]: [18:29:27.472] qdwin: cursor-sprite registered shape=move hotspot=3,1
Oct 03 18:29:27 baseweed-admin qdistro-cursor-sprites[1025]: [cursor-sprites 1025] registered shape=14 via=xcursor
Oct 03 18:29:27 baseweed-admin weston[936]: [18:29:27.472] qdwin: cursor-sprite registered shape=no-drop hotspot=3,1
Oct 03 18:29:27 baseweed-admin qdistro-cursor-sprites[1025]: [cursor-sprites 1025] registered shape=15 via=xcursor
Oct 03 18:29:27 baseweed-admin weston[936]: [18:29:27.472] qdwin: cursor-sprite registered shape=not-allowed hotspot=12,12
Oct 03 18:29:27 baseweed-admin qdistro-cursor-sprites[1025]: [cursor-sprites 1025] registered shape=16 via=xcursor
Oct 03 18:29:27 baseweed-admin weston[936]: [18:29:27.472] qdwin: cursor-sprite registered shape=grab hotspot=11,2
Oct 03 18:29:27 baseweed-admin qdistro-cursor-sprites[1025]: [cursor-sprites 1025] registered shape=17 via=xcursor
Oct 03 18:29:27 baseweed-admin weston[936]: [18:29:27.472] qdwin: cursor-sprite registered shape=grabbing hotspot=9,5
Oct 03 18:29:27 baseweed-admin qdistro-cursor-sprites[1025]: [cursor-sprites 1025] registered shape=18 via=xcursor
Oct 03 18:29:27 baseweed-admin weston[936]: [18:29:27.472] qdwin: cursor-sprite registered shape=e-resize hotspot=19,13
Oct 03 18:29:27 baseweed-admin qdistro-cursor-sprites[1025]: [cursor-sprites 1025] registered shape=19 via=xcursor
Oct 03 18:29:27 baseweed-admin weston[936]: [18:29:27.473] qdwin: cursor-sprite registered shape=n-resize hotspot=13,6
Oct 03 18:29:27 baseweed-admin qdistro-cursor-sprites[1025]: [cursor-sprites 1025] registered shape=20 via=xcursor
Oct 03 18:29:27 baseweed-admin weston[936]: [18:29:27.473] qdwin: cursor-sprite registered shape=ne-resize hotspot=15,10
Oct 03 18:29:27 baseweed-admin qdistro-cursor-sprites[1025]: [cursor-sprites 1025] registered shape=21 via=xcursor
Oct 03 18:29:27 baseweed-admin weston[936]: [18:29:27.473] qdwin: cursor-sprite registered shape=nw-resize hotspot=10,10
Oct 03 18:29:27 baseweed-admin qdistro-cursor-sprites[1025]: [cursor-sprites 1025] registered shape=22 via=xcursor
Oct 03 18:29:27 baseweed-admin weston[936]: [18:29:27.473] qdwin: cursor-sprite registered shape=s-resize hotspot=13,18
Oct 03 18:29:27 baseweed-admin qdistro-cursor-sprites[1025]: [cursor-sprites 1025] registered shape=23 via=xcursor
Oct 03 18:29:27 baseweed-admin weston[936]: [18:29:27.473] qdwin: cursor-sprite registered shape=se-resize hotspot=15,15
Oct 03 18:29:27 baseweed-admin qdistro-cursor-sprites[1025]: [cursor-sprites 1025] registered shape=24 via=xcursor
Oct 03 18:29:27 baseweed-admin weston[936]: [18:29:27.473] qdwin: cursor-sprite registered shape=sw-resize hotspot=10,15
Oct 03 18:29:27 baseweed-admin qdistro-cursor-sprites[1025]: [cursor-sprites 1025] registered shape=25 via=xcursor
Oct 03 18:29:27 baseweed-admin weston[936]: [18:29:27.473] qdwin: cursor-sprite registered shape=w-resize hotspot=6,13
Oct 03 18:29:27 baseweed-admin qdistro-cursor-sprites[1025]: [cursor-sprites 1025] registered shape=26 via=xcursor
Oct 03 18:29:27 baseweed-admin weston[936]: [18:29:27.473] qdwin: cursor-sprite registered shape=ew-resize hotspot=12,12
Oct 03 18:29:27 baseweed-admin qdistro-cursor-sprites[1025]: [cursor-sprites 1025] registered shape=27 via=xcursor
Oct 03 18:29:27 baseweed-admin weston[936]: [18:29:27.474] qdwin: cursor-sprite registered shape=ns-resize hotspot=12,13
Oct 03 18:29:27 baseweed-admin qdistro-cursor-sprites[1025]: [cursor-sprites 1025] registered shape=28 via=xcursor
Oct 03 18:29:27 baseweed-admin weston[936]: [18:29:27.474] qdwin: cursor-sprite registered shape=nesw-resize hotspot=11,11
Oct 03 18:29:27 baseweed-admin qdistro-cursor-sprites[1025]: [cursor-sprites 1025] registered shape=29 via=xcursor
Oct 03 18:29:27 baseweed-admin weston[936]: [18:29:27.474] qdwin: cursor-sprite registered shape=nwse-resize hotspot=11,11
Oct 03 18:29:27 baseweed-admin qdistro-cursor-sprites[1025]: [cursor-sprites 1025] registered shape=30 via=xcursor
Oct 03 18:29:27 baseweed-admin weston[936]: [18:29:27.474] qdwin: cursor-sprite registered shape=col-resize hotspot=12,12
Oct 03 18:29:27 baseweed-admin qdistro-cursor-sprites[1025]: [cursor-sprites 1025] registered shape=31 via=xcursor
Oct 03 18:29:27 baseweed-admin weston[936]: [18:29:27.474] qdwin: cursor-sprite registered shape=row-resize hotspot=12,13
Oct 03 18:29:27 baseweed-admin qdistro-cursor-sprites[1025]: [cursor-sprites 1025] registered shape=32 via=xcursor
Oct 03 18:29:27 baseweed-admin weston[936]: [18:29:27.474] qdwin: cursor-sprite registered shape=all-scroll hotspot=11,11
Oct 03 18:29:27 baseweed-admin qdistro-cursor-sprites[1025]: [cursor-sprites 1025] registered shape=33 via=xcursor
Oct 03 18:29:27 baseweed-admin weston[936]: [18:29:27.474] qdwin: cursor-sprite registered shape=zoom-in hotspot=11,10
Oct 03 18:29:27 baseweed-admin qdistro-cursor-sprites[1025]: [cursor-sprites 1025] registered shape=34 via=xcursor
Oct 03 18:29:27 baseweed-admin qdistro-cursor-sprites[1025]: [cursor-sprites 1025] registered shape=35 via=xcursor
Oct 03 18:29:27 baseweed-admin weston[936]: [18:29:27.475] qdwin: cursor-sprite registered shape=zoom-out hotspot=11,10
Oct 03 18:29:27 baseweed-admin weston[936]: [18:29:27.475] qdwin: cursor-sprite registered shape=dnd-ask hotspot=3,1
Oct 03 18:29:27 baseweed-admin qdistro-cursor-sprites[1025]: [cursor-sprites 1025] registered shape=36 via=xcursor
Oct 03 18:29:27 baseweed-admin qdistro-cursor-sprites[1025]: [cursor-sprites 1025] theme summary: xcursor=36 synthetic=0
Oct 03 18:29:27 baseweed-admin weston[936]: [18:29:27.475] qdwin: cursor-sprite registered shape=all-resize hotspot=12,11
Oct 03 18:29:27 baseweed-admin qdistro-cursor-sprites[1025]: [cursor-sprites 1025] registration complete; pausing on signalfd (SIGTERM exits cleanly)
Oct 03 18:29:27 baseweed-admin qdlocker[1022]: 2026-10-03 18:29:27,628 qdlocker.app INFO using built-in defaults (no trusted config file found)
Oct 03 18:29:27 baseweed-admin qdlocker[1022]: 2026-10-03 18:29:27,644 qdlocker.auth INFO PAM service from env: qdlocker
Oct 03 18:29:27 baseweed-admin weston[936]: [18:29:27.873] qdwin: locker bind attempt pid=1022 uid=1000 (allowed_locker_uid=1000)
Oct 03 18:29:27 baseweed-admin weston[936]: [18:29:27.874] qdwin: locker bound pid=1022 uid=1000 (initially_locked=0)
Oct 03 18:29:27 baseweed-admin dbus-run-session[1027]: MESA-EGL: warning: failed to get driver name for fd -1
Oct 03 18:29:27 baseweed-admin dbus-run-session[1027]: MESA-EGL: warning: MESA-LOADER: failed to retrieve device information
Oct 03 18:29:27 baseweed-admin dbus-run-session[1027]: MESA-EGL: warning: failed to get driver name for fd -1
Oct 03 18:29:27 baseweed-admin qdlocker[1022]: 2026-10-03 18:29:27,874 qdlocker.wayland INFO locker connected
Oct 03 18:29:27 baseweed-admin qdlocker[1022]: 2026-10-03 18:29:27,879 qdlocker.idle INFO idle watcher started; timeout=300000ms
Oct 03 18:29:27 baseweed-admin qdlocker[1022]: 2026-10-03 18:29:27,882 qdlocker.ctrl INFO ctrl socket at /run/user/1000/qdlocker.sock
Oct 03 18:29:27 baseweed-admin qdlocker[1022]: 2026-10-03 18:29:27,886 qdlocker.app INFO locker bound; initially_locked=False
Oct 03 18:29:27 baseweed-admin dbus-run-session[1027]: MESA: error: ZINK: failed to choose pdev
Oct 03 18:29:27 baseweed-admin dbus-run-session[1027]: MESA-EGL: warning: egl: failed to create dri2 screen
Oct 03 18:29:27 baseweed-admin qdlocker[1022]: 2026-10-03 18:29:27,985 qdlocker.logind INFO logind sleep delay-inhibitor acquired (fd=19)
Oct 03 18:29:27 baseweed-admin qdlocker[1022]: 2026-10-03 18:29:27,987 qdlocker.logind WARNING cannot identify one owned active Wayland session (0 candidates); session lock unavailable
Oct 03 18:29:27 baseweed-admin qdlocker[1022]: 2026-10-03 18:29:27,988 qdlocker.logind INFO logind automatic sleep locking ready; session=None
Oct 03 18:29:28 baseweed-admin dbus-run-session[1027]:   INFO qml: [20261003-182928]           I18n Service started
Oct 03 18:29:28 baseweed-admin dbus-run-session[1027]:   INFO qml: [20261003-182928]           I18n Loading "en" (locale: "en-Latn-US")
Oct 03 18:29:28 baseweed-admin dbus-run-session[1027]:   INFO qml: [20261003-182928]          Shell ---------------------------
Oct 03 18:29:28 baseweed-admin dbus-run-session[1027]:   INFO qml: [20261003-182928]          Shell Qdshell Hello!
Oct 03 18:29:28 baseweed-admin dbus-run-session[1027]:   WARN scene: @Commons/I18n.qml[104:5]: Unable to assign QJSValue to QObject*
Oct 03 18:29:28 baseweed-admin dbus-run-session[1027]:   INFO: Configuration Loaded
Oct 03 18:29:28 baseweed-admin dbus-run-session[1027]:   WARN scene: @Commons/I18n.qml[104:5]: Unable to assign QJSValue to QObject*
Oct 03 18:29:28 baseweed-admin dbus-run-session[1027]:   INFO qml: [20261003-182928]       Settings Settings loaded
Oct 03 18:29:28 baseweed-admin dbus-run-session[1027]:   INFO qml: [20261003-182928]           I18n Loaded translations for "en"
Oct 03 18:29:28 baseweed-admin dbus-run-session[1027]:   INFO qml: [20261003-182928] PluginRegistry Loaded plugin states from: /home/admin/.config/qdshell/plugins.json
Oct 03 18:29:28 baseweed-admin dbus-run-session[1027]:   INFO qml: [20261003-182928] PluginRegistry Scanning plugin folder: /home/admin/.config/qdshell/plugins
Oct 03 18:29:29 baseweed-admin dbus-run-session[1027]:   INFO qml: [20261003-182929]          Icons Service started
Oct 03 18:29:29 baseweed-admin dbus-run-session[1027]:   INFO: ctrl-server: listening on /run/user/1000/qdshell.sock
Oct 03 18:29:29 baseweed-admin dbus-run-session[1027]:   WARN scene: QML Connections at @Services/Hardware/BrightnessService.qml[66:3]: Detected function "onEnableDdcSupportChanged" in Connections element. This is probably intended to be a signal handler but no signal of the target matches the name.
Oct 03 18:29:29 baseweed-admin dbus-run-session[1027]:   INFO qml: [20261003-182929]     Brightness Service started
Oct 03 18:29:29 baseweed-admin dbus-run-session[1027]:   INFO qml: [20261003-182929] DesktopWidgetR Service started
Oct 03 18:29:29 baseweed-admin dbus-run-session[1027]:   WARN scene: QML Connections at @Services/UI/BarService.qml[147:3]: Detected function "onDisplayModeChanged" in Connections element. This is probably intended to be a signal handler but no signal of the target matches the name.
Oct 03 18:29:29 baseweed-admin dbus-run-session[1027]:   WARN scene: QML Connections at @Services/UI/BarService.qml[147:3]: Detected function "onScreenOverridesChanged" in Connections element. This is probably intended to be a signal handler but no signal of the target matches the name.
Oct 03 18:29:29 baseweed-admin dbus-run-session[1027]:   INFO qml: [20261003-182929]     BarService Service started
Oct 03 18:29:29 baseweed-admin dbus-run-session[1027]:   WARN scene: QML Connections at @Services/Networking/NetworkService.qml[73:3]: Detected function "onWifiEnabledChanged" in Connections element. This is probably intended to be a signal handler but no signal of the target matches the name.
Oct 03 18:29:29 baseweed-admin dbus-run-session[1027]:   INFO qml: [20261003-182929]        Network Service started
Oct 03 18:29:29 baseweed-admin dbus-run-session[1027]:   WARN scene: QML Connections at @Modules/Panels/Dock/StaticDockPanel.qml[350:3]: Detected function "onPinnedAppsChanged" in Connections element. This is probably intended to be a signal handler but no signal of the target matches the name.
Oct 03 18:29:29 baseweed-admin dbus-run-session[1027]:   WARN scene: QML Connections at @Modules/Panels/Dock/StaticDockPanel.qml[350:3]: Detected function "onOnlySameOutputChanged" in Connections element. This is probably intended to be a signal handler but no signal of the target matches the name.
Oct 03 18:29:29 baseweed-admin dbus-run-session[1027]:   WARN scene: QML Connections at @Services/System/SystemStatService.qml[320:3]: Detected function "onEnableDgpuMonitoringChanged" in Connections element. This is probably intended to be a signal handler but no signal of the target matches the name.
Oct 03 18:29:29 baseweed-admin dbus-run-session[1027]:   INFO qml: [20261003-182929]     SystemStat Service started (polling deferred until a consumer registers).
Oct 03 18:29:29 baseweed-admin dbus-run-session[1027]:   WARN scene: QML Connections at @Modules/Panels/Dock/StaticDockPanel.qml[350:3]: Detected function "onPinnedAppsChanged" in Connections element. This is probably intended to be a signal handler but no signal of the target matches the name.
Oct 03 18:29:29 baseweed-admin dbus-run-session[1027]:   WARN scene: QML Connections at @Modules/Panels/Dock/StaticDockPanel.qml[350:3]: Detected function "onOnlySameOutputChanged" in Connections element. This is probably intended to be a signal handler but no signal of the target matches the name.
Oct 03 18:29:29 baseweed-admin dbus-run-session[1027]:   WARN scene: QML Connections at @Modules/Panels/Dock/StaticDockPanel.qml[350:3]: Detected function "onPinnedAppsChanged" in Connections element. This is probably intended to be a signal handler but no signal of the target matches the name.
Oct 03 18:29:29 baseweed-admin dbus-run-session[1027]:   WARN scene: QML Connections at @Modules/Panels/Dock/StaticDockPanel.qml[350:3]: Detected function "onOnlySameOutputChanged" in Connections element. This is probably intended to be a signal handler but no signal of the target matches the name.
Oct 03 18:29:29 baseweed-admin dbus-run-session[1027]:   WARN scene: QML Connections at @Services/UI/WallpaperService.qml[140:3]: Detected function "onWallpaperDownloaded" in Connections element. This is probably intended to be a signal handler but no signal of the target matches the name.
Oct 03 18:29:29 baseweed-admin dbus-run-session[1027]:   WARN scene: QML Connections at @Services/UI/WallpaperService.qml[61:3]: Detected function "onDirectoryChanged" in Connections element. This is probably intended to be a signal handler but no signal of the target matches the name.
Oct 03 18:29:29 baseweed-admin dbus-run-session[1027]:   WARN scene: QML Connections at @Services/UI/WallpaperService.qml[61:3]: Detected function "onEnableMultiMonitorDirectoriesChanged" in Connections element. This is probably intended to be a signal handler but no signal of the target matches the name.
Oct 03 18:29:29 baseweed-admin dbus-run-session[1027]:   WARN scene: QML Connections at @Services/UI/WallpaperService.qml[61:3]: Detected function "onAutomationEnabledChanged" in Connections element. This is probably intended to be a signal handler but no signal of the target matches the name.
Oct 03 18:29:29 baseweed-admin dbus-run-session[1027]:   WARN scene: QML Connections at @Services/UI/WallpaperService.qml[61:3]: Detected function "onRandomIntervalSecChanged" in Connections element. This is probably intended to be a signal handler but no signal of the target matches the name.
Oct 03 18:29:29 baseweed-admin dbus-run-session[1027]:   WARN scene: QML Connections at @Services/UI/WallpaperService.qml[61:3]: Detected function "onWallpaperChangeModeChanged" in Connections element. This is probably intended to be a signal handler but no signal of the target matches the name.
Oct 03 18:29:29 baseweed-admin dbus-run-session[1027]:   WARN scene: QML Connections at @Services/UI/WallpaperService.qml[61:3]: Detected function "onViewModeChanged" in Connections element. This is probably intended to be a signal handler but no signal of the target matches the name.
Oct 03 18:29:29 baseweed-admin dbus-run-session[1027]:   WARN scene: QML Connections at @Services/UI/WallpaperService.qml[61:3]: Detected function "onShowHiddenFilesChanged" in Connections element. This is probably intended to be a signal handler but no signal of the target matches the name.
Oct 03 18:29:29 baseweed-admin dbus-run-session[1027]:   WARN scene: QML Connections at @Services/UI/WallpaperService.qml[61:3]: Detected function "onUseSolidColorChanged" in Connections element. This is probably intended to be a signal handler but no signal of the target matches the name.
Oct 03 18:29:29 baseweed-admin dbus-run-session[1027]:   WARN scene: QML Connections at @Services/UI/WallpaperService.qml[61:3]: Detected function "onSolidColorChanged" in Connections element. This is probably intended to be a signal handler but no signal of the target matches the name.
Oct 03 18:29:29 baseweed-admin dbus-run-session[1027]:   WARN scene: QML Connections at @Services/UI/WallpaperService.qml[61:3]: Detected function "onSortOrderChanged" in Connections element. This is probably intended to be a signal handler but no signal of the target matches the name.
Oct 03 18:29:29 baseweed-admin dbus-run-session[1027]:   WARN scene: QML Connections at @Modules/Background/Background.qml[80:7]: Detected function "onFillModeChanged" in Connections element. This is probably intended to be a signal handler but no signal of the target matches the name.
Oct 03 18:29:29 baseweed-admin dbus-run-session[1027]:   WARN scene: QML Connections at @Modules/Background/Background.qml[80:7]: Detected function "onFillModeChanged" in Connections element. This is probably intended to be a signal handler but no signal of the target matches the name.
Oct 03 18:29:29 baseweed-admin dbus-run-session[1027]:   WARN scene: QML Connections at @Modules/Background/Background.qml[80:7]: Detected function "onFillModeChanged" in Connections element. This is probably intended to be a signal handler but no signal of the target matches the name.
Oct 03 18:29:29 baseweed-admin dbus-run-session[1027]:   WARN scene: QML Connections at @Modules/Dock/Dock.qml[45:7]: Detected function "onPinnedAppsChanged" in Connections element. This is probably intended to be a signal handler but no signal of the target matches the name.
Oct 03 18:29:29 baseweed-admin dbus-run-session[1027]:   WARN scene: QML Connections at @Modules/Dock/Dock.qml[45:7]: Detected function "onOnlySameOutputChanged" in Connections element. This is probably intended to be a signal handler but no signal of the target matches the name.
Oct 03 18:29:29 baseweed-admin dbus-run-session[1027]:   WARN scene: QML Connections at @Modules/Dock/Dock.qml[45:7]: Detected function "onPinnedAppsChanged" in Connections element. This is probably intended to be a signal handler but no signal of the target matches the name.
Oct 03 18:29:29 baseweed-admin dbus-run-session[1027]:   WARN scene: QML Connections at @Modules/Dock/Dock.qml[45:7]: Detected function "onOnlySameOutputChanged" in Connections element. This is probably intended to be a signal handler but no signal of the target matches the name.
Oct 03 18:29:29 baseweed-admin dbus-run-session[1027]:   WARN scene: QML Connections at @Modules/Dock/Dock.qml[45:7]: Detected function "onPinnedAppsChanged" in Connections element. This is probably intended to be a signal handler but no signal of the target matches the name.
Oct 03 18:29:29 baseweed-admin dbus-run-session[1027]:   WARN scene: QML Connections at @Modules/Dock/Dock.qml[45:7]: Detected function "onOnlySameOutputChanged" in Connections element. This is probably intended to be a signal handler but no signal of the target matches the name.
Oct 03 18:29:29 baseweed-admin dbus-run-session[1027]:   INFO qml: [20261003-182929]          Shell ---------------------------
Oct 03 18:29:29 baseweed-admin dbus-run-session[1027]:   INFO qml: [20261003-182929]      Wallpaper Service started
Oct 03 18:29:29 baseweed-admin dbus-run-session[1027]:   INFO qml: [20261003-182929]     ImageCache Service started
Oct 03 18:29:29 baseweed-admin dbus-run-session[1027]:   WARN scene: QML Connections at @Services/Theming/AppThemeService.qml[30:3]: Detected function "onDarkModeChanged" in Connections element. This is probably intended to be a signal handler but no signal of the target matches the name.
Oct 03 18:29:29 baseweed-admin dbus-run-session[1027]:   WARN scene: QML Connections at @Services/Theming/AppThemeService.qml[30:3]: Detected function "onMonitorForColorsChanged" in Connections element. This is probably intended to be a signal handler but no signal of the target matches the name.
Oct 03 18:29:29 baseweed-admin dbus-run-session[1027]:   WARN scene: QML Connections at @Services/Theming/AppThemeService.qml[30:3]: Detected function "onGenerationMethodChanged" in Connections element. This is probably intended to be a signal handler but no signal of the target matches the name.
Oct 03 18:29:29 baseweed-admin dbus-run-session[1027]:   INFO qml: [20261003-182929] AppThemeServic Service started
Oct 03 18:29:29 baseweed-admin dbus-run-session[1027]:   WARN scene: QML Connections at @Services/Theming/ColorSchemeService.qml[20:3]: Detected function "onDarkModeChanged" in Connections element. This is probably intended to be a signal handler but no signal of the target matches the name.
Oct 03 18:29:29 baseweed-admin dbus-run-session[1027]:   INFO qml: [20261003-182929]    ColorScheme Service started
Oct 03 18:29:29 baseweed-admin dbus-run-session[1027]:   INFO qml: [20261003-182929] AppPresentatio Service started
Oct 03 18:29:29 baseweed-admin dbus-run-session[1027]:   WARN scene: QML Connections at @Services/Location/DarkModeService.qml[43:3]: Detected function "onSchedulingModeChanged" in Connections element. This is probably intended to be a signal handler but no signal of the target matches the name.
Oct 03 18:29:29 baseweed-admin dbus-run-session[1027]:   WARN scene: QML Connections at @Services/Location/DarkModeService.qml[28:3]: Detected function "onManualSunriseChanged" in Connections element. This is probably intended to be a signal handler but no signal of the target matches the name.
Oct 03 18:29:29 baseweed-admin dbus-run-session[1027]:   WARN scene: QML Connections at @Services/Location/DarkModeService.qml[28:3]: Detected function "onManualSunsetChanged" in Connections element. This is probably intended to be a signal handler but no signal of the target matches the name.
Oct 03 18:29:29 baseweed-admin dbus-run-session[1027]:   INFO qml: [20261003-182929] DarkModeServic Service started
Oct 03 18:29:29 baseweed-admin dbus-run-session[1027]:   WARN scene: @Services/Location/DarkModeService.qml[29:5]: Unable to assign QJSValue to QObject*
Oct 03 18:29:29 baseweed-admin dbus-run-session[1027]:   WARN scene: @Services/Location/DarkModeService.qml[44:5]: Unable to assign QJSValue to QObject*
Oct 03 18:29:29 baseweed-admin dbus-run-session[1027]:   WARN scene: @Services/Theming/ColorSchemeService.qml[21:5]: Unable to assign QJSValue to QObject*
Oct 03 18:29:29 baseweed-admin dbus-run-session[1027]:   WARN scene: @Services/Theming/AppThemeService.qml[31:5]: Unable to assign QJSValue to QObject*
Oct 03 18:29:29 baseweed-admin dbus-run-session[1027]:   WARN scene: @Modules/Dock/Dock.qml[46:9]: Unable to assign QJSValue to QObject*
Oct 03 18:29:29 baseweed-admin dbus-run-session[1027]:   WARN scene: @Modules/Dock/Dock.qml[46:9]: Unable to assign QJSValue to QObject*
Oct 03 18:29:29 baseweed-admin dbus-run-session[1027]:   WARN scene: @Modules/Dock/Dock.qml[46:9]: Unable to assign QJSValue to QObject*
Oct 03 18:29:29 baseweed-admin dbus-run-session[1027]:   WARN scene: @Modules/Background/Background.qml[81:9]: Unable to assign QJSValue to QObject*
Oct 03 18:29:29 baseweed-admin dbus-run-session[1027]:   WARN scene: @Modules/Background/Background.qml[81:9]: Unable to assign QJSValue to QObject*
Oct 03 18:29:29 baseweed-admin dbus-run-session[1027]:   WARN scene: @Modules/Background/Background.qml[81:9]: Unable to assign QJSValue to QObject*
Oct 03 18:29:29 baseweed-admin dbus-run-session[1027]:   WARN scene: @Services/UI/WallpaperService.qml[62:5]: Unable to assign QJSValue to QObject*
Oct 03 18:29:29 baseweed-admin dbus-run-session[1027]:   WARN scene: @Modules/Panels/SessionMenu/SessionMenu.qml[152:5]: Unable to assign QJSValue to QObject*
Oct 03 18:29:29 baseweed-admin dbus-run-session[1027]:   WARN scene: @Modules/Panels/Dock/StaticDockPanel.qml[351:5]: Unable to assign QJSValue to QObject*
Oct 03 18:29:29 baseweed-admin dbus-run-session[1027]:   WARN scene: @Modules/Panels/SessionMenu/SessionMenu.qml[152:5]: Unable to assign QJSValue to QObject*
Oct 03 18:29:29 baseweed-admin dbus-run-session[1027]:   WARN scene: @Modules/Panels/Dock/StaticDockPanel.qml[351:5]: Unable to assign QJSValue to QObject*
Oct 03 18:29:29 baseweed-admin dbus-run-session[1027]:   WARN scene: @Services/System/SystemStatService.qml[321:5]: Unable to assign QJSValue to QObject*
Oct 03 18:29:29 baseweed-admin dbus-run-session[1027]:   WARN scene: @Modules/Panels/SessionMenu/SessionMenu.qml[152:5]: Unable to assign QJSValue to QObject*
Oct 03 18:29:29 baseweed-admin dbus-run-session[1027]:   WARN scene: @Services/Networking/NetworkService.qml[74:5]: Unable to assign QJSValue to QObject*
Oct 03 18:29:29 baseweed-admin dbus-run-session[1027]:   WARN scene: @Modules/Panels/Dock/StaticDockPanel.qml[351:5]: Unable to assign QJSValue to QObject*
Oct 03 18:29:29 baseweed-admin dbus-run-session[1027]:   WARN scene: @Services/UI/BarService.qml[148:5]: Unable to assign QJSValue to QObject*
Oct 03 18:29:29 baseweed-admin dbus-run-session[1027]:   WARN scene: @Services/Hardware/BrightnessService.qml[67:5]: Unable to assign QJSValue to QObject*
Oct 03 18:29:29 baseweed-admin dbus-run-session[1027]:   INFO qml: [20261003-182929]      Wallpaper Starting scan for Virtual-1 in /home/admin/Pictures/Wallpapers recursive: false
Oct 03 18:29:29 baseweed-admin dbus-run-session[1027]:   INFO qml: [20261003-182929]      Wallpaper Starting scan for pipewire-0 in /home/admin/Pictures/Wallpapers recursive: false
Oct 03 18:29:29 baseweed-admin dbus-run-session[1027]:   INFO qml: [20261003-182929]      Wallpaper Starting scan for pipewire-1 in /home/admin/Pictures/Wallpapers recursive: false
Oct 03 18:29:29 baseweed-admin dbus-run-session[1027]:   INFO qml: [20261003-182929]       Location Service started
Oct 03 18:29:29 baseweed-admin dbus-run-session[1027]:   WARN scene: QML Connections at @Services/Location/NightLightService.qml[96:3]: Detected function "onEnabledChanged" in Connections element. This is probably intended to be a signal handler but no signal of the target matches the name.
Oct 03 18:29:29 baseweed-admin dbus-run-session[1027]:   WARN scene: QML Connections at @Services/Location/NightLightService.qml[96:3]: Detected function "onForcedChanged" in Connections element. This is probably intended to be a signal handler but no signal of the target matches the name.
Oct 03 18:29:29 baseweed-admin dbus-run-session[1027]:   WARN scene: QML Connections at @Services/Location/NightLightService.qml[96:3]: Detected function "onNightTempChanged" in Connections element. This is probably intended to be a signal handler but no signal of the target matches the name.
Oct 03 18:29:29 baseweed-admin dbus-run-session[1027]:   WARN scene: QML Connections at @Services/Location/NightLightService.qml[96:3]: Detected function "onDayTempChanged" in Connections element. This is probably intended to be a signal handler but no signal of the target matches the name.
Oct 03 18:29:29 baseweed-admin dbus-run-session[1027]:   WARN scene: QML Connections at @Services/Control/HooksService.qml[16:3]: Detected function "onDarkModeChanged" in Connections element. This is probably intended to be a signal handler but no signal of the target matches the name.
Oct 03 18:29:29 baseweed-admin dbus-run-session[1027]:   INFO qml: [20261003-182929]   HooksService Service started
Oct 03 18:29:29 baseweed-admin dbus-run-session[1027]:   WARN quickshell.dbus.objectmanager: Failed to create DBusObjectManagerInterface for "org.bluez" "/" : QDBusError("org.freedesktop.DBus.Error.ServiceUnknown", "The name is not activatable")
Oct 03 18:29:29 baseweed-admin dbus-run-session[1027]:   INFO qml: [20261003-182929]      Bluetooth Service started
Oct 03 18:29:29 baseweed-admin dbus-run-session[1027]:   INFO qml: [20261003-182929]  IdleInhibitor Service started
Oct 03 18:29:29 baseweed-admin dbus-run-session[1027]:   INFO qml: [20261003-182929] CapabilityServ qdwin live-apply capabilities: pointer=false xkb=false wm=false output=false workspace=false idleDpms=false keybind=false
Oct 03 18:29:29 baseweed-admin dbus-run-session[1027]:   INFO qml: [20261003-182929]   PowerService Service started
Oct 03 18:29:29 baseweed-admin dbus-run-session[1027]:   INFO qml: [20261003-182929] AccessibilityS Service started
Oct 03 18:29:29 baseweed-admin dbus-run-session[1027]:   INFO qml: [20261003-182929]  KeyboardInput Service started
Oct 03 18:29:29 baseweed-admin dbus-run-session[1027]:   INFO qml: [20261003-182929] PointerInputSe Service started (qdwin live-apply: persist-only until shell binds >= v28)
Oct 03 18:29:29 baseweed-admin dbus-run-session[1027]:   INFO qml: [20261003-182929] WindowManagerS Service started (qdwin v25 live-apply: false, shortcuts: false)
Oct 03 18:29:29 baseweed-admin dbus-run-session[1027]:   INFO qml: [20261003-182929] SessionService started; saved=0 canApplyPlacement=false
Oct 03 18:29:29 baseweed-admin dbus-run-session[1027]:   INFO qml: [20261003-182929]    HostService Service started
Oct 03 18:29:29 baseweed-admin dbus-run-session[1027]:   INFO qml: [20261003-182929] CustomButtonIP Service started
Oct 03 18:29:29 baseweed-admin dbus-run-session[1027]:   INFO qml: [20261003-182929]     IPCService Service started
Oct 03 18:29:29 baseweed-admin dbus-run-session[1027]:   INFO qml: [20261003-182929]        PodApps service started
Oct 03 18:29:29 baseweed-admin dbus-run-session[1027]:   INFO qml: [20261003-182929]         VMApps service started
Oct 03 18:29:29 baseweed-admin dbus-run-session[1027]:   INFO qml: [20261003-182929]      Tier3Apps service started
Oct 03 18:29:29 baseweed-admin dbus-run-session[1027]:   INFO qml: [20261003-182929]     Tier3sApps service started
Oct 03 18:29:29 baseweed-admin dbus-run-session[1027]:   INFO qml: [20261003-182929]      Tier4Apps service started
Oct 03 18:29:29 baseweed-admin dbus-run-session[1027]:   INFO qml: [20261003-182929] RemoteMachineW service started
Oct 03 18:29:29 baseweed-admin dbus-run-session[1027]:   INFO qml: [20261003-182929]  Tier3FocusIPC service started
Oct 03 18:29:29 baseweed-admin dbus-run-session[1027]:   WARN quickshell.dbus: Could not launch service org.freedesktop.UPower.PowerProfiles: QDBusError(org.freedesktop.DBus.Error.ServiceUnknown, The name is not activatable)
Oct 03 18:29:29 baseweed-admin dbus-run-session[1027]:   WARN quickshell.service.powerprofiles: Could not start PowerProfilesDaemon. The PowerProfiles service will not work.
Oct 03 18:29:29 baseweed-admin weston[936]: [18:29:29.881] qdwin: bind attempt pid=1027 uid=1000 (allowed_uid=1000)
Oct 03 18:29:29 baseweed-admin weston[936]: [18:29:29.881] qdwin: bind accepted for uid=1000, hello sent
Oct 03 18:29:29 baseweed-admin weston[936]: [18:29:29.881] qdwin: ext_workspace_manager bound (count=4 active=0)
Oct 03 18:29:29 baseweed-admin weston[936]: [18:29:29.881] qdwin: zwlr_output_manager bound (serial=1)
Oct 03 18:29:29 baseweed-admin weston[936]: [18:29:29.881] qdwin: shell bound (uid=1000 pid=1027); replaying 0 toplevels
Oct 03 18:29:29 baseweed-admin weston[936]: [18:29:29.881] qdwin: seat_focus_changed seat=default handle=4294967295
Oct 03 18:29:29 baseweed-admin dbus-run-session[1027]:   INFO qml: [20261003-182929]          Qdwin qdwin_shell_v1 bound v34
Oct 03 18:29:29 baseweed-admin dbus-run-session[1027]:   INFO qml: [20261003-182929]  ClipboardGate wired to qdwin_shell_v1; broker default=deny
Oct 03 18:29:29 baseweed-admin weston[936]: [18:29:29.883] qdwin: workspace 0 name="1"
Oct 03 18:29:29 baseweed-admin weston[936]: [18:29:29.883] qdwin: workspace 1 name="2"
Oct 03 18:29:29 baseweed-admin weston[936]: [18:29:29.883] qdwin: workspace 2 name="3"
Oct 03 18:29:29 baseweed-admin weston[936]: [18:29:29.883] qdwin: workspace 3 name="4"
Oct 03 18:29:29 baseweed-admin weston[936]: [18:29:29.884] qdwin: set_wm_policy focus=0 ffm_delay=0 raise_click=1 raise_hover=0 placement=2 snap=1 dist=16
Oct 03 18:29:29 baseweed-admin dbus-run-session[1027]:   INFO qml: [20261003-182929] WindowManagerS applied WM policy focus=click placement=smart snap=true/16
Oct 03 18:29:29 baseweed-admin dbus-run-session[1027]:   INFO qml: [20261003-182929] CapabilityServ wmPolicy -> true
Oct 03 18:29:29 baseweed-admin weston[936]: [18:29:29.884] qdwin: register_hotkey id=7101 mods=0x2 key=62
Oct 03 18:29:29 baseweed-admin weston[936]: [18:29:29.884] qdwin: register_hotkey id=7102 mods=0x4 key=103
Oct 03 18:29:29 baseweed-admin weston[936]: [18:29:29.884] qdwin: register_hotkey id=7103 mods=0x4 key=33
Oct 03 18:29:29 baseweed-admin weston[936]: [18:29:29.884] qdwin: register_hotkey id=7104 mods=0x4 key=105
Oct 03 18:29:29 baseweed-admin weston[936]: [18:29:29.884] qdwin: register_hotkey id=7105 mods=0x4 key=106
Oct 03 18:29:29 baseweed-admin dbus-run-session[1027]:   INFO qml: [20261003-182929] WindowManagerS registered WM shortcuts (5 active)
Oct 03 18:29:29 baseweed-admin dbus-run-session[1027]:   INFO qml: [20261003-182929] CapabilityServ keybindRegistration -> true
Oct 03 18:29:29 baseweed-admin weston[936]: [18:29:29.885] qdwin: set_pointer_config accel=0 profile=0 natural=0 tap=1 left=0 middle=0 dwt=1 scroll=1 (6 devices)
Oct 03 18:29:29 baseweed-admin dbus-run-session[1027]:   INFO qml: [20261003-182929] PointerInputSe applied pointer config accelSpeed=0 profile=0 natural=0 tap=1 scroll=1
Oct 03 18:29:29 baseweed-admin dbus-run-session[1027]:   INFO qml: [20261003-182929] CapabilityServ pointerConfig -> true
Oct 03 18:29:29 baseweed-admin weston[936]: [18:29:29.885] qdwin: set_key_repeat rate=25 delay=500
Oct 03 18:29:29 baseweed-admin dbus-run-session[1027]:   INFO qml: [20261003-182929]  KeyboardInput applied qdwin key-repeat rate=25 delay=500
Oct 03 18:29:29 baseweed-admin dbus-run-session[1027]:   INFO qml: [20261003-182929] CapabilityServ xkbRepeat -> true
Oct 03 18:29:29 baseweed-admin dbus-run-session[1027]:   INFO qml: [20261003-182929]   PowerService idle policy armed: inactivity=0ms (nothing), displayOff=0ms, presentation=false
Oct 03 18:29:29 baseweed-admin dbus-run-session[1027]:   INFO qml: [20261003-182929] CapabilityServ idleDpms -> true
Oct 03 18:29:29 baseweed-admin dbus-run-session[1027]:   INFO qml: [20261003-182929] CapabilityServ outputManagement -> true
Oct 03 18:29:30 baseweed-admin dbus-run-session[1027]:   WARN qml: [20261003-182930]       Location Weather is still fetching
Oct 03 18:29:30 baseweed-admin dbus-run-session[1027]:   WARN quickshell.dbus: Could not launch service org.freedesktop.UPower: QDBusError(org.freedesktop.DBus.Error.ServiceUnknown, The name is not activatable)
Oct 03 18:29:30 baseweed-admin dbus-run-session[1027]:   WARN quickshell.service.upower: Could not start UPower. The UPower service will not work.
Oct 03 18:29:30 baseweed-admin dbus-run-session[1027]:   INFO qml: [20261003-182930]    HostService resolved hostname baseweed-admin
Oct 03 18:29:30 baseweed-admin dbus-run-session[1027]:   INFO qml: [20261003-182930]    HostService Detected openSUSE Tumbleweed
Oct 03 18:29:30 baseweed-admin dbus-run-session[1027]:   INFO qml: [20261003-182930]    HostService Looking for logo icon: distributor-logo-Tumbleweed
Oct 03 18:29:30 baseweed-admin dbus-run-session[1027]:   WARN: Process failed to start, likely because the binary could not be found. Command: QList("bluetoothctl", "show")
Oct 03 18:29:30 baseweed-admin dbus-run-session[1027]:   WARN: Process failed to start, likely because the binary could not be found. Command: QList("udisksctl", "monitor")
Oct 03 18:29:30 baseweed-admin dbus-run-session[1027]:   INFO qml: [20261003-182930] PluginRegistry All plugin manifests loaded. Total plugins: 0
Oct 03 18:29:30 baseweed-admin dbus-run-session[1027]:   INFO qml: [20261003-182930]  PluginService Initializing plugin system
Oct 03 18:29:30 baseweed-admin dbus-run-session[1027]:   INFO qml: [20261003-182930]  PluginService Found 0 enabled plugins: []
Oct 03 18:29:30 baseweed-admin dbus-run-session[1027]:   INFO qml: [20261003-182930]  PluginService No plugins to load
Oct 03 18:29:30 baseweed-admin dbus-run-session[1027]:   INFO qml: [20261003-182930]  PluginService Refreshing available plugins
Oct 03 18:29:30 baseweed-admin weston[936]: [18:29:30.079] qdwin: layer-shell get_layer_surface ns=qdshell-background-Virtual-1 layer=2 output=0x55cafcad9bf0
Oct 03 18:29:30 baseweed-admin weston[936]: [18:29:30.079] qdwin: layer-shell configure ns=qdshell-background-Virtual-1 layer=2 box=0,0 1920x1080 serial=1
Oct 03 18:29:30 baseweed-admin weston[936]: [18:29:30.079] qdwin: layer-shell get_layer_surface ns=qdshell-bar-content-Virtual-1 layer=2 output=0x55cafcad9bf0
Oct 03 18:29:30 baseweed-admin weston[936]: [18:29:30.079] qdwin: layer-shell configure ns=qdshell-bar-content-Virtual-1 layer=2 box=0,0 1920x31 serial=2
Oct 03 18:29:30 baseweed-admin weston[936]: [18:29:30.079] qdwin: layer-shell get_layer_surface ns=qdshell-bar-exclusion-top-Virtual-1 layer=2 output=0x55cafcad9bf0
Oct 03 18:29:30 baseweed-admin weston[936]: [18:29:30.079] qdwin: layer-shell configure ns=qdshell-bar-exclusion-top-Virtual-1 layer=2 box=0,0 1920x31 serial=3
Oct 03 18:29:30 baseweed-admin weston[936]: [18:29:30.079] qdwin: layer-shell get_layer_surface ns=qdshell-background-pipewire-0 layer=2 output=0x55cafcadb050
Oct 03 18:29:30 baseweed-admin weston[936]: [18:29:30.079] qdwin: layer-shell configure ns=qdshell-background-pipewire-0 layer=2 box=1920,0 640x480 serial=4
Oct 03 18:29:30 baseweed-admin weston[936]: [18:29:30.079] qdwin: layer-shell get_layer_surface ns=qdshell-bar-content-pipewire-0 layer=2 output=0x55cafcadb050
Oct 03 18:29:30 baseweed-admin weston[936]: [18:29:30.079] qdwin: layer-shell configure ns=qdshell-bar-content-pipewire-0 layer=2 box=1920,0 640x31 serial=5
Oct 03 18:29:30 baseweed-admin weston[936]: [18:29:30.079] qdwin: layer-shell get_layer_surface ns=qdshell-bar-exclusion-top-pipewire-0 layer=2 output=0x55cafcadb050
Oct 03 18:29:30 baseweed-admin weston[936]: [18:29:30.079] qdwin: layer-shell configure ns=qdshell-bar-exclusion-top-pipewire-0 layer=2 box=1920,0 640x31 serial=6
Oct 03 18:29:30 baseweed-admin weston[936]: [18:29:30.079] qdwin: layer-shell get_layer_surface ns=qdshell-background-pipewire-1 layer=2 output=0x55cafcb008c0
Oct 03 18:29:30 baseweed-admin weston[936]: [18:29:30.079] qdwin: layer-shell configure ns=qdshell-background-pipewire-1 layer=2 box=2560,0 640x480 serial=7
Oct 03 18:29:30 baseweed-admin weston[936]: [18:29:30.079] qdwin: layer-shell get_layer_surface ns=qdshell-bar-content-pipewire-1 layer=2 output=0x55cafcb008c0
Oct 03 18:29:30 baseweed-admin weston[936]: [18:29:30.079] qdwin: layer-shell configure ns=qdshell-bar-content-pipewire-1 layer=2 box=2560,0 640x31 serial=8
Oct 03 18:29:30 baseweed-admin weston[936]: [18:29:30.079] qdwin: layer-shell get_layer_surface ns=qdshell-bar-exclusion-top-pipewire-1 layer=2 output=0x55cafcb008c0
Oct 03 18:29:30 baseweed-admin weston[936]: [18:29:30.079] qdwin: layer-shell configure ns=qdshell-bar-exclusion-top-pipewire-1 layer=2 box=2560,0 640x31 serial=9
Oct 03 18:29:30 baseweed-admin weston[936]: [18:29:30.080] qdwin: layer-shell get_layer_surface ns=qdshell-dock-peek-Virtual-1 layer=2 output=0x55cafcad9bf0
Oct 03 18:29:30 baseweed-admin weston[936]: [18:29:30.080] qdwin: layer-shell configure ns=qdshell-dock-peek-Virtual-1 layer=2 box=0,1079 1920x1 serial=10
Oct 03 18:29:30 baseweed-admin weston[936]: [18:29:30.080] qdwin: layer-shell get_layer_surface ns=qdshell-dock-peek-pipewire-0 layer=2 output=0x55cafcadb050
Oct 03 18:29:30 baseweed-admin weston[936]: [18:29:30.080] qdwin: layer-shell configure ns=qdshell-dock-peek-pipewire-0 layer=2 box=1920,479 640x1 serial=11
Oct 03 18:29:30 baseweed-admin weston[936]: [18:29:30.080] qdwin: layer-shell get_layer_surface ns=qdshell-dock-peek-pipewire-1 layer=2 output=0x55cafcb008c0
Oct 03 18:29:30 baseweed-admin weston[936]: [18:29:30.080] qdwin: layer-shell configure ns=qdshell-dock-peek-pipewire-1 layer=2 box=2560,479 640x1 serial=12
Oct 03 18:29:30 baseweed-admin weston[936]: [18:29:30.080] qdwin: layer-shell get_layer_surface ns=qdshell-image-cache-renderer layer=2 output=(nil)
Oct 03 18:29:30 baseweed-admin weston[936]: [18:29:30.080] qdwin: layer-shell configure ns=qdshell-image-cache-renderer layer=2 box=960,540 1x1 serial=13
Oct 03 18:29:30 baseweed-admin systemd[863]: qdistro-polkit-agent.service: Scheduled restart job, restart counter is at 1.
Oct 03 18:29:30 baseweed-admin systemd[863]: Started qdistro polkit authentication agent (PAM / fprintd / broker).
Oct 03 18:29:45 baseweed-admin qdistro-polkit-agent[1189]: registration failed: org.freedesktop.PolicyKit1.Error.Failed: Cannot determine session the caller is in
Oct 03 18:29:45 baseweed-admin python3[1189]: qdistro-polkit-agent: registration failed: org.freedesktop.PolicyKit1.Error.Failed: Cannot determine session the caller is in
Oct 03 18:29:45 baseweed-admin systemd[863]: qdistro-polkit-agent.service: Main process exited, code=exited, status=1/FAILURE
Oct 03 18:29:45 baseweed-admin systemd[863]: qdistro-polkit-agent.service: Failed with result 'exit-code'.
Oct 03 18:29:46 baseweed-admin weston[936]: [18:29:46.124] qdwin: layer-shell mapped ns=qdshell-background-Virtual-1 layer=2 at 0,0 1920x1080
Oct 03 18:29:46 baseweed-admin weston[936]: [18:29:46.241] qdwin: layer-shell mapped ns=qdshell-bar-content-Virtual-1 layer=2 at 0,0 1920x31
Oct 03 18:29:46 baseweed-admin weston[936]: [18:29:46.816] qdwin: layer-shell mapped ns=qdshell-bar-exclusion-top-Virtual-1 layer=2 at 0,0 1920x31
Oct 03 18:29:47 baseweed-admin weston[936]: [18:29:47.323] qdwin: layer-shell mapped ns=qdshell-background-pipewire-0 layer=2 at 1920,0 640x480
Oct 03 18:29:47 baseweed-admin qdlocker[1022]: 2026-10-03 18:29:47,513 qdlocker.logind INFO logind session rebound in place; session=None
Oct 03 18:29:47 baseweed-admin systemd[863]: qdistro-polkit-agent.service: Scheduled restart job immediately on client request, restart counter is at 2.
Oct 03 18:29:47 baseweed-admin systemd[863]: Started qdistro polkit authentication agent (PAM / fprintd / broker).
Oct 03 18:29:47 baseweed-admin systemd[863]: Auto-unlock the qdistro portal-keys vault at login skipped, unmet condition check ConditionPathExists=/var/lib/qdistro/vaults/portal-keys-pin.tpm
Oct 03 18:29:47 baseweed-admin weston[936]: [18:29:47.791] qdwin: layer-shell mapped ns=qdshell-bar-content-pipewire-0 layer=2 at 1920,0 640x31
Oct 03 18:29:47 baseweed-admin qdistro-polkit-agent[1235]: registration failed: org.freedesktop.PolicyKit1.Error.Failed: Cannot determine session the caller is in
Oct 03 18:29:47 baseweed-admin python3[1235]: qdistro-polkit-agent: registration failed: org.freedesktop.PolicyKit1.Error.Failed: Cannot determine session the caller is in
Oct 03 18:29:47 baseweed-admin systemd[863]: qdistro-polkit-agent.service: Main process exited, code=exited, status=1/FAILURE
Oct 03 18:29:47 baseweed-admin systemd[863]: qdistro-polkit-agent.service: Failed with result 'exit-code'.
Oct 03 18:29:48 baseweed-admin weston[936]: [18:29:48.384] qdwin: layer-shell mapped ns=qdshell-bar-exclusion-top-pipewire-0 layer=2 at 1920,0 640x31
Oct 03 18:29:49 baseweed-admin weston[936]: [18:29:49.020] qdwin: layer-shell mapped ns=qdshell-background-pipewire-1 layer=2 at 2560,0 640x480
Oct 03 18:29:49 baseweed-admin weston[936]: [18:29:49.438] qdwin: layer-shell mapped ns=qdshell-bar-content-pipewire-1 layer=2 at 2560,0 640x31
Oct 03 18:29:49 baseweed-admin weston[936]: [18:29:49.772] qdwin: layer-shell mapped ns=qdshell-bar-exclusion-top-pipewire-1 layer=2 at 2560,0 640x31
Oct 03 18:29:50 baseweed-admin weston[936]: [18:29:50.083] qdwin: layer-shell mapped ns=qdshell-dock-peek-Virtual-1 layer=2 at 0,1079 1920x1
Oct 03 18:29:50 baseweed-admin weston[936]: [18:29:50.387] qdwin: layer-shell mapped ns=qdshell-dock-peek-pipewire-0 layer=2 at 1920,479 640x1
Oct 03 18:29:50 baseweed-admin systemd[863]: Started podman-1518.scope.
Oct 03 18:29:50 baseweed-admin systemd[863]: Started podman-1552.scope.
Oct 03 18:29:50 baseweed-admin weston[936]: [18:29:50.679] qdwin: layer-shell mapped ns=qdshell-dock-peek-pipewire-1 layer=2 at 2560,479 640x1
Oct 03 18:29:50 baseweed-admin weston[936]: [18:29:50.997] qdwin: layer-shell mapped ns=qdshell-image-cache-renderer layer=2 at 960,540 1x1
Oct 03 18:29:51 baseweed-admin dbus-run-session[1027]:   INFO qml: [20261003-182951]           Time Time jump detected (22s) - likely system resume
Oct 03 18:29:51 baseweed-admin dbus-run-session[1027]:   INFO qml: [20261003-182951]        Network System resumed - forcing state poll
Oct 03 18:29:51 baseweed-admin dbus-run-session[1027]:   INFO qml: [20261003-182951]     SystemStat System resumed - resetting differential state
Oct 03 18:29:51 baseweed-admin dbus-run-session[1027]:   INFO qml: [20261003-182951] DarkModeServic System resumed - re-evaluating dark mode
Oct 03 18:29:51 baseweed-admin dbus-run-session[1027]:   INFO qml: [20261003-182951]     NightLight System resumed - re-applying night light
Oct 03 18:29:51 baseweed-admin dbus-run-session[1027]:   INFO qml: [20261003-182951]      Bluetooth System resumed - forcing state poll
Oct 03 18:29:51 baseweed-admin dbus-run-session[1027]:  ERROR qml: [20261003-182951]       Location Geocoding error: 0
Oct 03 18:29:51 baseweed-admin systemd[863]: qdistro-polkit-agent.service: Scheduled restart job, restart counter is at 3.
Oct 03 18:29:51 baseweed-admin systemd[863]: Started qdistro polkit authentication agent (PAM / fprintd / broker).
Oct 03 18:29:51 baseweed-admin dbus-run-session[1027]:   WARN scene: QML Connections at qs:/usr/share/quickshell/qdshell/Modules/Bar/Widgets/Taskbar.qml[981:3]: Detected function "onPinnedAppsChanged" in Connections element. This is probably intended to be a signal handler but no signal of the target matches the name.
Oct 03 18:29:51 baseweed-admin dbus-run-session[1027]:   WARN scene: QML Connections at qs:/usr/share/quickshell/qdshell/Modules/Bar/Widgets/Taskbar.qml[981:3]: Detected function "onPinnedAppsChanged" in Connections element. This is probably intended to be a signal handler but no signal of the target matches the name.
Oct 03 18:29:51 baseweed-admin dbus-run-session[1027]:   WARN scene: QML Connections at qs:/usr/share/quickshell/qdshell/Modules/Bar/Widgets/Taskbar.qml[981:3]: Detected function "onPinnedAppsChanged" in Connections element. This is probably intended to be a signal handler but no signal of the target matches the name.
Oct 03 18:29:51 baseweed-admin dbus-run-session[1027]:   WARN: Could not load icon "user-desktop?fallback=application-x-executable" at size QSize(19, 19) from request
Oct 03 18:29:51 baseweed-admin dbus-run-session[1027]:   WARN qml: [20261003-182951]     ImageCache ImageMagick not found, using Qt fallback
Oct 03 18:29:51 baseweed-admin dbus-run-session[1027]:   WARN qml: [20261003-182951]      Wallpaper Scan failed for Virtual-1 exit code: 1 (directory might not exist)
Oct 03 18:29:51 baseweed-admin dbus-run-session[1027]:   WARN qml: [20261003-182951]      Wallpaper Scan failed for pipewire-0 exit code: 1 (directory might not exist)
Oct 03 18:29:51 baseweed-admin dbus-run-session[1027]:   WARN qml: [20261003-182951]      Wallpaper Scan failed for pipewire-1 exit code: 1 (directory might not exist)
Oct 03 18:29:51 baseweed-admin dbus-run-session[1027]:   WARN qml: [20261003-182951]   PowerService Button monitor unavailable (exit 1); releasing key inhibitors, logind will handle power/sleep keys
Oct 03 18:29:51 baseweed-admin dbus-run-session[1027]:   INFO qml: [20261003-182951]  KeyboardInput applied qdwin key-repeat rate=25 delay=500
Oct 03 18:29:51 baseweed-admin weston[936]: [18:29:51.226] qdwin: set_key_repeat rate=25 delay=500
Oct 03 18:29:51 baseweed-admin dbus-run-session[1027]:   INFO qml: [20261003-182951] PointerInputSe enumerated 3 pointer device(s) via proc
Oct 03 18:29:51 baseweed-admin dbus-run-session[1027]:   INFO qml: [20261003-182951]        PodApps cache refresh loaded 0 apps
Oct 03 18:29:51 baseweed-admin dbus-run-session[1027]:   INFO qml: [20261003-182951]           Font Service started
Oct 03 18:29:51 baseweed-admin qdistro-polkit-agent[1702]: registration failed: org.freedesktop.PolicyKit1.Error.Failed: Cannot determine session the caller is in
Oct 03 18:29:51 baseweed-admin python3[1702]: qdistro-polkit-agent: registration failed: org.freedesktop.PolicyKit1.Error.Failed: Cannot determine session the caller is in
Oct 03 18:29:51 baseweed-admin dbus-run-session[1027]:   WARN scene: qs:/usr/share/quickshell/qdshell/Modules/Bar/Widgets/Taskbar.qml[982:5]: Unable to assign QJSValue to QObject*
Oct 03 18:29:51 baseweed-admin dbus-run-session[1027]:   WARN scene: qs:/usr/share/quickshell/qdshell/Modules/Bar/Widgets/Taskbar.qml[982:5]: Unable to assign QJSValue to QObject*
Oct 03 18:29:51 baseweed-admin dbus-run-session[1027]:   WARN scene: qs:/usr/share/quickshell/qdshell/Modules/Bar/Widgets/Taskbar.qml[982:5]: Unable to assign QJSValue to QObject*
Oct 03 18:29:51 baseweed-admin dbus-run-session[1027]:   WARN scene: @Services/Control/HooksService.qml[17:5]: Unable to assign QJSValue to QObject*
Oct 03 18:29:51 baseweed-admin dbus-run-session[1027]:   WARN scene: @Services/Location/NightLightService.qml[97:5]: Unable to assign QJSValue to QObject*
Oct 03 18:29:51 baseweed-admin systemd[863]: qdistro-polkit-agent.service: Main process exited, code=exited, status=1/FAILURE
Oct 03 18:29:51 baseweed-admin systemd[863]: qdistro-polkit-agent.service: Failed with result 'exit-code'.
Oct 03 18:29:51 baseweed-admin dbus-run-session[1027]:   INFO qml: [20261003-182951]    ColorScheme Applying color scheme: Qdshell (default)
Oct 03 18:29:51 baseweed-admin dbus-run-session[1027]:  ERROR qml: [20261003-182951]  PluginService Empty response from Qdshell Plugins
Oct 03 18:29:51 baseweed-admin dbus-run-session[1027]:  ERROR qml: [20261003-182951]  PluginService Failed to fetch registry from Qdshell Plugins - exit code: 1
Oct 03 18:29:51 baseweed-admin weston[936]: [18:29:51.435] qdwin: layer-shell get_layer_surface ns=qdshell-osd-Virtual-1 layer=3 output=0x55cafcad9bf0
Oct 03 18:29:51 baseweed-admin weston[936]: [18:29:51.435] qdwin: layer-shell configure ns=qdshell-osd-Virtual-1 layer=3 box=1591,40 320x72 serial=14
Oct 03 18:29:51 baseweed-admin weston[936]: [18:29:51.435] qdwin: layer-shell get_layer_surface ns=qdshell-osd-pipewire-0 layer=3 output=0x55cafcadb050
Oct 03 18:29:51 baseweed-admin weston[936]: [18:29:51.435] qdwin: layer-shell configure ns=qdshell-osd-pipewire-0 layer=3 box=2231,40 320x72 serial=15
Oct 03 18:29:51 baseweed-admin weston[936]: [18:29:51.435] qdwin: layer-shell get_layer_surface ns=qdshell-osd-pipewire-1 layer=3 output=0x55cafcb008c0
Oct 03 18:29:51 baseweed-admin weston[936]: [18:29:51.435] qdwin: layer-shell configure ns=qdshell-osd-pipewire-1 layer=3 box=2871,40 320x72 serial=16
Oct 03 18:29:51 baseweed-admin dbus-run-session[1027]:   WARN qml: [20261003-182951]        Network Connectivity check error: Error: Not authorized to recheck connectivity.
Oct 03 18:29:51 baseweed-admin weston[936]: [18:29:51.926] qdwin: layer-shell mapped ns=qdshell-osd-Virtual-1 layer=3 at 1591,40 320x72
Oct 03 18:29:51 baseweed-admin systemd[863]: Started podman-1937.scope.
Oct 03 18:29:52 baseweed-admin systemd[863]: Started podman-2072.scope.
Oct 03 18:29:52 baseweed-admin weston[936]: [18:29:52.399] qdwin: layer-shell mapped ns=qdshell-osd-pipewire-0 layer=3 at 2231,40 320x72
Oct 03 18:29:52 baseweed-admin systemd[863]: Started podman-2093.scope.
Oct 03 18:29:52 baseweed-admin systemd[863]: Started podman-2121.scope.
Oct 03 18:29:52 baseweed-admin weston[936]: [18:29:52.684] qdwin: layer-shell mapped ns=qdshell-osd-pipewire-1 layer=3 at 2871,40 320x72
Oct 03 18:29:52 baseweed-admin weston[936]: [18:29:52.690] qdwin: layer-shell get_layer_surface ns=qdshell-wallpaper-Virtual-1 layer=0 output=0x55cafcad9bf0
Oct 03 18:29:52 baseweed-admin weston[936]: [18:29:52.690] qdwin: layer-shell configure ns=qdshell-wallpaper-Virtual-1 layer=0 box=0,0 1920x1080 serial=17
Oct 03 18:29:52 baseweed-admin weston[936]: [18:29:52.694] qdwin: layer-shell get_layer_surface ns=qdshell-wallpaper-pipewire-0 layer=0 output=0x55cafcadb050
Oct 03 18:29:52 baseweed-admin weston[936]: [18:29:52.694] qdwin: layer-shell configure ns=qdshell-wallpaper-pipewire-0 layer=0 box=1920,0 640x480 serial=18
Oct 03 18:29:52 baseweed-admin weston[936]: [18:29:52.694] qdwin: layer-shell get_layer_surface ns=qdshell-wallpaper-pipewire-1 layer=0 output=0x55cafcb008c0
Oct 03 18:29:52 baseweed-admin weston[936]: [18:29:52.694] qdwin: layer-shell configure ns=qdshell-wallpaper-pipewire-1 layer=0 box=2560,0 640x480 serial=19
Oct 03 18:29:53 baseweed-admin weston[936]: [18:29:53.062] qdwin: layer-shell mapped ns=qdshell-wallpaper-Virtual-1 layer=0 at 0,0 1920x1080
Oct 03 18:29:53 baseweed-admin weston[936]: [18:29:53.494] qdwin: layer-shell mapped ns=qdshell-wallpaper-pipewire-0 layer=0 at 1920,0 640x480
Oct 03 18:29:53 baseweed-admin weston[936]: [18:29:53.937] qdwin: layer-shell mapped ns=qdshell-wallpaper-pipewire-1 layer=0 at 2560,0 640x480
Oct 03 18:29:53 baseweed-admin dbus-run-session[1027]:   INFO qml: [20261003-182953]        PodApps cache refresh loaded 0 apps
Oct 03 18:29:54 baseweed-admin dbus-run-session[1027]:   INFO qml: [20261003-182954]           Font Loaded 11 fonts, 3 monospace
Oct 03 18:29:54 baseweed-admin systemd[863]: qdistro-polkit-agent.service: Scheduled restart job, restart counter is at 4.
Oct 03 18:29:54 baseweed-admin systemd[863]: Started qdistro polkit authentication agent (PAM / fprintd / broker).
Oct 03 18:29:54 baseweed-admin dbus-run-session[1027]:   WARN: Process failed to start, likely because the binary could not be found. Command: QList("bluetoothctl", "show")
Oct 03 18:29:54 baseweed-admin dbus-run-session[1027]:   WARN qml: [20261003-182954]     SystemStat No supported temperature sensor found
Oct 03 18:29:54 baseweed-admin qdistro-polkit-agent[2250]: registration failed: org.freedesktop.PolicyKit1.Error.Failed: Cannot determine session the caller is in
Oct 03 18:29:54 baseweed-admin python3[2250]: qdistro-polkit-agent: registration failed: org.freedesktop.PolicyKit1.Error.Failed: Cannot determine session the caller is in
Oct 03 18:29:54 baseweed-admin systemd[863]: qdistro-polkit-agent.service: Main process exited, code=exited, status=1/FAILURE
Oct 03 18:29:54 baseweed-admin systemd[863]: qdistro-polkit-agent.service: Failed with result 'exit-code'.
Oct 03 18:29:55 baseweed-admin dbus-run-session[1027]:   INFO qml: [20261003-182955] DarkModeServic Resume retry - re-evaluating dark mode again
Oct 03 18:29:55 baseweed-admin dbus-run-session[1027]:   INFO qml: [20261003-182955]     NightLight Resume retry - re-applying night light again
Oct 03 18:29:56 baseweed-admin dbus-run-session[1027]:   WARN: Process failed to start, likely because the binary could not be found. Command: QList("bluetoothctl", "show")
Oct 03 18:29:57 baseweed-admin dbus-run-session[1027]:   WARN: Process failed to start, likely because the binary could not be found. Command: QList("bluetoothctl", "show")
Oct 03 18:29:58 baseweed-admin systemd[863]: qdistro-polkit-agent.service: Scheduled restart job, restart counter is at 5.
Oct 03 18:29:58 baseweed-admin systemd[863]: Started qdistro polkit authentication agent (PAM / fprintd / broker).
Oct 03 18:29:58 baseweed-admin qdistro-polkit-agent[2316]: registration failed: org.freedesktop.PolicyKit1.Error.Failed: Cannot determine session the caller is in
Oct 03 18:29:58 baseweed-admin python3[2316]: qdistro-polkit-agent: registration failed: org.freedesktop.PolicyKit1.Error.Failed: Cannot determine session the caller is in
Oct 03 18:29:58 baseweed-admin systemd[863]: qdistro-polkit-agent.service: Main process exited, code=exited, status=1/FAILURE
Oct 03 18:29:58 baseweed-admin systemd[863]: qdistro-polkit-agent.service: Failed with result 'exit-code'.
Oct 03 18:29:59 baseweed-admin dbus-run-session[1027]:   WARN: Process failed to start, likely because the binary could not be found. Command: QList("bluetoothctl", "show")
Oct 03 18:30:00 baseweed-admin systemd[863]: selinux: avc:  denied  { start } for auid=n/a uid=1000 gid=1000 cmdline="podman image exists localhost/tier3s-probe:empty" function="method_start_transient_unit" scontext=system_u:system_r:virt_qemu_ga_t:s0 tcontext=unconfined_u:unconfined_r:unconfined_t:s0-s0:c0.c1023 tclass=system permissive=1
Oct 03 18:30:00 baseweed-admin systemd[863]: Started podman-2552.scope.
Oct 03 18:30:00 baseweed-admin systemd[863]: Started podman-2565.scope.
Oct 03 18:30:00 baseweed-admin podman[2565]: 2026-10-03 18:30:00.488779674 +0000 UTC m=+0.179556622 image tag c14ec570aedd4fc85048277fc19d62f1a67ddb505241e5a79fb9a02e403a922c localhost/tier3s-probe:empty
Oct 03 18:30:00 baseweed-admin systemd[863]: Started podman-2587.scope.
Oct 03 18:30:00 baseweed-admin podman[2587]: 2026-10-03 18:30:00.585450121 +0000 UTC m=+0.080595262 container create c43517f15a965ba2ed01b633920e43b676e8e847f0a3a7ff320ac01d3c935c17 (image=localhost/tier3s-probe:empty, name=tier3s-probe-2404)
Oct 03 18:30:00 baseweed-admin podman[2587]: 2026-10-03 18:30:00.531802829 +0000 UTC m=+0.026947990 image pull c14ec570aedd4fc85048277fc19d62f1a67ddb505241e5a79fb9a02e403a922c localhost/tier3s-probe:empty
Oct 03 18:30:00 baseweed-admin systemd[863]: Started podman-2599.scope.
Oct 03 18:30:00 baseweed-admin systemd[863]: Started podman-2611.scope.
Oct 03 18:30:00 baseweed-admin systemd[863]: Started podman-2621.scope.
Oct 03 18:30:00 baseweed-admin podman[2621]: 2026-10-03 18:30:00.764396909 +0000 UTC m=+0.074528959 container remove c43517f15a965ba2ed01b633920e43b676e8e847f0a3a7ff320ac01d3c935c17 (image=localhost/tier3s-probe:empty, name=tier3s-probe-2404)
Oct 03 18:30:01 baseweed-admin systemd[863]: Started podman-2688.scope.
Oct 03 18:30:01 baseweed-admin systemd[863]: Started podman-2699.scope.
Oct 03 18:30:01 baseweed-admin systemd[863]: qdistro-polkit-agent.service: Scheduled restart job, restart counter is at 6.
Oct 03 18:30:01 baseweed-admin systemd[863]: Started qdistro polkit authentication agent (PAM / fprintd / broker).
Oct 03 18:30:01 baseweed-admin qdistro-polkit-agent[2707]: registration failed: org.freedesktop.PolicyKit1.Error.Failed: Cannot determine session the caller is in
Oct 03 18:30:01 baseweed-admin python3[2707]: qdistro-polkit-agent: registration failed: org.freedesktop.PolicyKit1.Error.Failed: Cannot determine session the caller is in
Oct 03 18:30:01 baseweed-admin systemd[863]: qdistro-polkit-agent.service: Main process exited, code=exited, status=1/FAILURE
Oct 03 18:30:01 baseweed-admin systemd[863]: qdistro-polkit-agent.service: Failed with result 'exit-code'.
Oct 03 18:30:01 baseweed-admin dbus-run-session[1027]:   WARN: Process failed to start, likely because the binary could not be found. Command: QList("bluetoothctl", "show")
Oct 03 18:30:03 baseweed-admin dbus-run-session[1027]:   WARN: Process failed to start, likely because the binary could not be found. Command: QList("bluetoothctl", "show")
Oct 03 18:30:04 baseweed-admin systemd[863]: qdistro-polkit-agent.service: Scheduled restart job, restart counter is at 7.
Oct 03 18:30:04 baseweed-admin systemd[863]: Started qdistro polkit authentication agent (PAM / fprintd / broker).
Oct 03 18:30:04 baseweed-admin dbus-run-session[1027]:   WARN qml: [20261003-183004]       Location Weather is still fetching
Oct 03 18:30:04 baseweed-admin dbus-run-session[1027]:  ERROR qml: [20261003-183004]       Location Geocoding error: 0
Oct 03 18:30:04 baseweed-admin qdistro-polkit-agent[2795]: registration failed: org.freedesktop.PolicyKit1.Error.Failed: Cannot determine session the caller is in
Oct 03 18:30:04 baseweed-admin python3[2795]: qdistro-polkit-agent: registration failed: org.freedesktop.PolicyKit1.Error.Failed: Cannot determine session the caller is in
Oct 03 18:30:04 baseweed-admin systemd[863]: qdistro-polkit-agent.service: Main process exited, code=exited, status=1/FAILURE
Oct 03 18:30:04 baseweed-admin systemd[863]: qdistro-polkit-agent.service: Failed with result 'exit-code'.
Oct 03 18:30:05 baseweed-admin dbus-run-session[1027]:   WARN: Process failed to start, likely because the binary could not be found. Command: QList("bluetoothctl", "show")
Oct 03 18:30:06 baseweed-admin dbus-run-session[1027]:   WARN qml: [20261003-183006]        Network Connectivity check error: Error: Not authorized to recheck connectivity.
Oct 03 18:30:07 baseweed-admin dbus-run-session[1027]:   WARN: Process failed to start, likely because the binary could not be found. Command: QList("bluetoothctl", "show")
Oct 03 18:30:08 baseweed-admin systemd[863]: qdistro-polkit-agent.service: Scheduled restart job, restart counter is at 8.
Oct 03 18:30:08 baseweed-admin systemd[863]: Started qdistro polkit authentication agent (PAM / fprintd / broker).
Oct 03 18:30:08 baseweed-admin qdistro-polkit-agent[2864]: registration failed: org.freedesktop.PolicyKit1.Error.Failed: Cannot determine session the caller is in
Oct 03 18:30:08 baseweed-admin python3[2864]: qdistro-polkit-agent: registration failed: org.freedesktop.PolicyKit1.Error.Failed: Cannot determine session the caller is in
Oct 03 18:30:08 baseweed-admin systemd[863]: qdistro-polkit-agent.service: Main process exited, code=exited, status=1/FAILURE
Oct 03 18:30:08 baseweed-admin systemd[863]: qdistro-polkit-agent.service: Failed with result 'exit-code'.
Oct 03 18:30:09 baseweed-admin dbus-run-session[1027]:   WARN: Process failed to start, likely because the binary could not be found. Command: QList("bluetoothctl", "show")
Oct 03 18:30:11 baseweed-admin systemd[863]: qdistro-polkit-agent.service: Scheduled restart job, restart counter is at 9.
Oct 03 18:30:11 baseweed-admin systemd[863]: Started qdistro polkit authentication agent (PAM / fprintd / broker).
Oct 03 18:30:11 baseweed-admin qdistro-polkit-agent[2884]: registration failed: org.freedesktop.PolicyKit1.Error.Failed: Cannot determine session the caller is in
Oct 03 18:30:11 baseweed-admin python3[2884]: qdistro-polkit-agent: registration failed: org.freedesktop.PolicyKit1.Error.Failed: Cannot determine session the caller is in
Oct 03 18:30:11 baseweed-admin systemd[863]: qdistro-polkit-agent.service: Main process exited, code=exited, status=1/FAILURE
Oct 03 18:30:11 baseweed-admin systemd[863]: qdistro-polkit-agent.service: Failed with result 'exit-code'.
Oct 03 18:30:11 baseweed-admin podman[2699]: 2026-10-03 18:30:11.523412891 +0000 UTC m=+10.285504941 image loadfromarchive 1eee52a21ad86f065d227988b4ff8e279fe838e4ed84ee77f2aed0d372deae92 /var/tmp/t3s-img/image.oci.tar
Oct 03 18:30:11 baseweed-admin systemd[863]: podman-2699.scope: Consumed 3.245s CPU time over 10.266s wall clock time.
Oct 03 18:30:11 baseweed-admin systemd[863]: Started podman-2892.scope.
Oct 03 18:30:11 baseweed-admin systemd[863]: Started podman-2904.scope.
Oct 03 18:30:11 baseweed-admin systemd[863]: Started podman-2916.scope.
Oct 03 18:30:11 baseweed-admin dbus-run-session[1027]:   WARN: Process failed to start, likely because the binary could not be found. Command: QList("bluetoothctl", "show")
Oct 03 18:30:12 baseweed-admin systemd[863]: Started podman-2947.scope.
Oct 03 18:30:12 baseweed-admin systemd[863]: Started podman-2958.scope.
Oct 03 18:30:13 baseweed-admin dbus-run-session[1027]:   WARN: Process failed to start, likely because the binary could not be found. Command: QList("bluetoothctl", "show")
Oct 03 18:30:14 baseweed-admin systemd[863]: qdistro-polkit-agent.service: Scheduled restart job, restart counter is at 10.
Oct 03 18:30:14 baseweed-admin systemd[863]: Started qdistro polkit authentication agent (PAM / fprintd / broker).
Oct 03 18:30:14 baseweed-admin dbus-run-session[1027]:   INFO qml: [20261003-183014]        PodApps cache refresh loaded 0 apps
Oct 03 18:30:15 baseweed-admin dbus-run-session[1027]:   WARN: Process failed to start, likely because the binary could not be found. Command: QList("bluetoothctl", "show")
Oct 03 18:30:16 baseweed-admin qdistro-polkit-agent[2973]: registration failed: org.freedesktop.PolicyKit1.Error.Failed: Cannot determine session the caller is in
Oct 03 18:30:16 baseweed-admin python3[2973]: qdistro-polkit-agent: registration failed: org.freedesktop.PolicyKit1.Error.Failed: Cannot determine session the caller is in
Oct 03 18:30:16 baseweed-admin systemd[863]: qdistro-polkit-agent.service: Main process exited, code=exited, status=1/FAILURE
Oct 03 18:30:16 baseweed-admin systemd[863]: qdistro-polkit-agent.service: Failed with result 'exit-code'.
Oct 03 18:30:17 baseweed-admin dbus-run-session[1027]:   WARN: Process failed to start, likely because the binary could not be found. Command: QList("bluetoothctl", "show")
Oct 03 18:30:19 baseweed-admin systemd[863]: qdistro-polkit-agent.service: Scheduled restart job, restart counter is at 11.
Oct 03 18:30:19 baseweed-admin systemd[863]: Started qdistro polkit authentication agent (PAM / fprintd / broker).
Oct 03 18:30:19 baseweed-admin qdistro-polkit-agent[3054]: registration failed: org.freedesktop.PolicyKit1.Error.Failed: Cannot determine session the caller is in
Oct 03 18:30:19 baseweed-admin python3[3054]: qdistro-polkit-agent: registration failed: org.freedesktop.PolicyKit1.Error.Failed: Cannot determine session the caller is in
Oct 03 18:30:19 baseweed-admin systemd[863]: qdistro-polkit-agent.service: Main process exited, code=exited, status=1/FAILURE
Oct 03 18:30:19 baseweed-admin systemd[863]: qdistro-polkit-agent.service: Failed with result 'exit-code'.
Oct 03 18:30:19 baseweed-admin dbus-run-session[1027]:   WARN: Process failed to start, likely because the binary could not be found. Command: QList("bluetoothctl", "show")
Oct 03 18:30:21 baseweed-admin dbus-run-session[1027]:   WARN qml: [20261003-183021]        Network Connectivity check error: Error: Not authorized to recheck connectivity.
Oct 03 18:30:21 baseweed-admin dbus-run-session[1027]:   WARN: Process failed to start, likely because the binary could not be found. Command: QList("bluetoothctl", "show")
Oct 03 18:30:22 baseweed-admin systemd[863]: qdistro-polkit-agent.service: Scheduled restart job, restart counter is at 12.
Oct 03 18:30:22 baseweed-admin systemd[863]: Started qdistro polkit authentication agent (PAM / fprintd / broker).
Oct 03 18:30:22 baseweed-admin qdistro-polkit-agent[3139]: registration failed: org.freedesktop.PolicyKit1.Error.Failed: Cannot determine session the caller is in
Oct 03 18:30:22 baseweed-admin python3[3139]: qdistro-polkit-agent: registration failed: org.freedesktop.PolicyKit1.Error.Failed: Cannot determine session the caller is in
Oct 03 18:30:22 baseweed-admin systemd[863]: qdistro-polkit-agent.service: Main process exited, code=exited, status=1/FAILURE
Oct 03 18:30:22 baseweed-admin systemd[863]: qdistro-polkit-agent.service: Failed with result 'exit-code'.
Oct 03 18:30:23 baseweed-admin podman[2958]: 2026-10-03 18:30:23.100069057 +0000 UTC m=+10.236004855 image loadfromarchive c1cfa112ea7171ba1c62d14d9adda09e40b530bd9f5b3e76cfaf4e29ff0b345e /var/tmp/t3s-img/tier3s-weston-terminal.oci.tar
Oct 03 18:30:23 baseweed-admin systemd[863]: podman-2958.scope: Consumed 11.596s CPU time over 10.218s wall clock time.
Oct 03 18:30:23 baseweed-admin systemd[863]: Started podman-3195.scope.
Oct 03 18:30:23 baseweed-admin systemd[863]: Started podman-3207.scope.
Oct 03 18:30:23 baseweed-admin systemd[863]: Started podman-3218.scope.
Oct 03 18:30:23 baseweed-admin systemd[863]: selinux: avc:  denied  { status } for auid=n/a uid=1000 gid=1000 path="/home/admin/.config/systemd/user/qdshell.service" cmdline="" function="mac_selinux_filter" scontext=system_u:system_r:virt_qemu_ga_t:s0 tcontext=system_u:object_r:config_home_t:s0 tclass=service permissive=1
Oct 03 18:30:23 baseweed-admin dbus-run-session[1027]:   WARN: Process failed to start, likely because the binary could not be found. Command: QList("bluetoothctl", "show")
Oct 03 18:30:24 baseweed-admin dbus-run-session[1027]:   WARN qml: [20261003-183024]       Location Weather is still fetching
Oct 03 18:30:24 baseweed-admin dbus-run-session[1027]:  ERROR qml: [20261003-183024]       Location Geocoding error: 0
Oct 03 18:30:25 baseweed-admin dbus-run-session[1027]:   WARN: Process failed to start, likely because the binary could not be found. Command: QList("bluetoothctl", "show")
Oct 03 18:30:25 baseweed-admin systemd[863]: qdistro-polkit-agent.service: Scheduled restart job, restart counter is at 13.
Oct 03 18:30:25 baseweed-admin systemd[863]: Started podman-3303.scope.
Oct 03 18:30:25 baseweed-admin systemd[863]: Started qdistro polkit authentication agent (PAM / fprintd / broker).
Oct 03 18:30:25 baseweed-admin qdistro-polkit-agent[3311]: registration failed: org.freedesktop.PolicyKit1.Error.Failed: Cannot determine session the caller is in
Oct 03 18:30:25 baseweed-admin python3[3311]: qdistro-polkit-agent: registration failed: org.freedesktop.PolicyKit1.Error.Failed: Cannot determine session the caller is in
Oct 03 18:30:26 baseweed-admin systemd[863]: qdistro-polkit-agent.service: Main process exited, code=exited, status=1/FAILURE
Oct 03 18:30:26 baseweed-admin systemd[863]: qdistro-polkit-agent.service: Failed with result 'exit-code'.
Oct 03 18:30:27 baseweed-admin systemd[863]: Started podman-3938.scope.
Oct 03 18:30:27 baseweed-admin dbus-run-session[1027]:   WARN: Process failed to start, likely because the binary could not be found. Command: QList("bluetoothctl", "show")
Oct 03 18:30:27 baseweed-admin systemd[863]: Started podman-3949.scope.
Oct 03 18:30:27 baseweed-admin podman[3949]: 2026-10-03 18:30:27.862854921 +0000 UTC m=+0.030919595 image pull c14ec570aedd4fc85048277fc19d62f1a67ddb505241e5a79fb9a02e403a922c localhost/tier3s-probe:empty
Oct 03 18:30:28 baseweed-admin podman[3949]: 2026-10-03 18:30:28.61866305 +0000 UTC m=+0.786727714 container create fb19b6cce3d058945d8b423e556cbf5308258a9481d59fe82a24af47a2b43c45 (image=localhost/tier3s-probe:empty, name=tier3s-probe-3802)
Oct 03 18:30:28 baseweed-admin systemd[863]: Started podman-3980.scope.
Oct 03 18:30:28 baseweed-admin systemd[863]: Started podman-3991.scope.
Oct 03 18:30:28 baseweed-admin systemd[863]: Started podman-4001.scope.
Oct 03 18:30:29 baseweed-admin systemd[863]: qdistro-polkit-agent.service: Scheduled restart job, restart counter is at 14.
Oct 03 18:30:29 baseweed-admin systemd[863]: Started qdistro polkit authentication agent (PAM / fprintd / broker).
Oct 03 18:30:29 baseweed-admin qdistro-polkit-agent[4010]: registration failed: org.freedesktop.PolicyKit1.Error.Failed: Cannot determine session the caller is in
Oct 03 18:30:29 baseweed-admin python3[4010]: qdistro-polkit-agent: registration failed: org.freedesktop.PolicyKit1.Error.Failed: Cannot determine session the caller is in
Oct 03 18:30:29 baseweed-admin systemd[863]: qdistro-polkit-agent.service: Main process exited, code=exited, status=1/FAILURE
Oct 03 18:30:29 baseweed-admin systemd[863]: qdistro-polkit-agent.service: Failed with result 'exit-code'.
Oct 03 18:30:29 baseweed-admin dbus-run-session[1027]:   WARN: Process failed to start, likely because the binary could not be found. Command: QList("bluetoothctl", "show")
Oct 03 18:30:30 baseweed-admin podman[4001]: 2026-10-03 18:30:30.946347266 +0000 UTC m=+2.245295244 container remove fb19b6cce3d058945d8b423e556cbf5308258a9481d59fe82a24af47a2b43c45 (image=localhost/tier3s-probe:empty, name=tier3s-probe-3802)
Oct 03 18:30:30 baseweed-admin systemd[863]: Started podman-4028.scope.
Oct 03 18:30:31 baseweed-admin systemd[863]: Started podman-4060.scope.
Oct 03 18:30:31 baseweed-admin dbus-run-session[1027]:   WARN: Process failed to start, likely because the binary could not be found. Command: QList("bluetoothctl", "show")
Oct 03 18:30:32 baseweed-admin systemd[863]: qdistro-polkit-agent.service: Scheduled restart job, restart counter is at 15.
Oct 03 18:30:32 baseweed-admin systemd[863]: Started qdistro polkit authentication agent (PAM / fprintd / broker).
Oct 03 18:30:32 baseweed-admin qdistro-polkit-agent[4587]: registration failed: org.freedesktop.PolicyKit1.Error.Failed: Cannot determine session the caller is in
Oct 03 18:30:32 baseweed-admin python3[4587]: qdistro-polkit-agent: registration failed: org.freedesktop.PolicyKit1.Error.Failed: Cannot determine session the caller is in
Oct 03 18:30:32 baseweed-admin systemd[863]: qdistro-polkit-agent.service: Main process exited, code=exited, status=1/FAILURE
Oct 03 18:30:32 baseweed-admin systemd[863]: qdistro-polkit-agent.service: Failed with result 'exit-code'.
Oct 03 18:30:32 baseweed-admin systemd[863]: Started podman-4611.scope.
Oct 03 18:30:32 baseweed-admin systemd[863]: Started podman-4624.scope.
Oct 03 18:30:33 baseweed-admin dbus-run-session[1027]:   WARN: Process failed to start, likely because the binary could not be found. Command: QList("bluetoothctl", "show")
Oct 03 18:30:34 baseweed-admin systemd[863]: Started podman-4808.scope.
Oct 03 18:30:34 baseweed-admin systemd[863]: Started podman-4819.scope.
Oct 03 18:30:34 baseweed-admin podman[4819]: 2026-10-03 18:30:34.753779837 +0000 UTC m=+0.032852960 image pull c14ec570aedd4fc85048277fc19d62f1a67ddb505241e5a79fb9a02e403a922c localhost/tier3s-probe:empty
Oct 03 18:30:35 baseweed-admin systemd[863]: qdistro-polkit-agent.service: Scheduled restart job, restart counter is at 16.
Oct 03 18:30:35 baseweed-admin systemd[863]: Started qdistro polkit authentication agent (PAM / fprintd / broker).
Oct 03 18:30:35 baseweed-admin qdistro-polkit-agent[4828]: registration failed: org.freedesktop.PolicyKit1.Error.Failed: Cannot determine session the caller is in
Oct 03 18:30:35 baseweed-admin python3[4828]: qdistro-polkit-agent: registration failed: org.freedesktop.PolicyKit1.Error.Failed: Cannot determine session the caller is in
Oct 03 18:30:35 baseweed-admin systemd[863]: qdistro-polkit-agent.service: Main process exited, code=exited, status=1/FAILURE
Oct 03 18:30:35 baseweed-admin systemd[863]: qdistro-polkit-agent.service: Failed with result 'exit-code'.
Oct 03 18:30:35 baseweed-admin dbus-run-session[1027]:   WARN: Process failed to start, likely because the binary could not be found. Command: QList("bluetoothctl", "show")
Oct 03 18:30:36 baseweed-admin dbus-run-session[1027]:   WARN qml: [20261003-183036]        Network Connectivity check error: Error: Not authorized to recheck connectivity.
Oct 03 18:30:37 baseweed-admin podman[4819]: 2026-10-03 18:30:37.437259064 +0000 UTC m=+2.716332187 container create 8a1ebcd813e94645e90ea227f08495a8aa9d63a22a20310603df4ef0b420bcee (image=localhost/tier3s-probe:empty, name=tier3s-probe-4672)
Oct 03 18:30:37 baseweed-admin systemd[863]: Started podman-4850.scope.
Oct 03 18:30:37 baseweed-admin systemd[863]: Started podman-4862.scope.
Oct 03 18:30:37 baseweed-admin systemd[863]: Started podman-4873.scope.
Oct 03 18:30:37 baseweed-admin dbus-run-session[1027]:   WARN: Process failed to start, likely because the binary could not be found. Command: QList("bluetoothctl", "show")
Oct 03 18:30:38 baseweed-admin systemd[863]: qdistro-polkit-agent.service: Scheduled restart job, restart counter is at 17.
Oct 03 18:30:38 baseweed-admin systemd[863]: Started qdistro polkit authentication agent (PAM / fprintd / broker).
Oct 03 18:30:39 baseweed-admin qdistro-polkit-agent[4892]: registration failed: org.freedesktop.PolicyKit1.Error.Failed: Cannot determine session the caller is in
Oct 03 18:30:39 baseweed-admin python3[4892]: qdistro-polkit-agent: registration failed: org.freedesktop.PolicyKit1.Error.Failed: Cannot determine session the caller is in
Oct 03 18:30:39 baseweed-admin systemd[863]: qdistro-polkit-agent.service: Main process exited, code=exited, status=1/FAILURE
Oct 03 18:30:39 baseweed-admin systemd[863]: qdistro-polkit-agent.service: Failed with result 'exit-code'.
Oct 03 18:30:39 baseweed-admin dbus-run-session[1027]:   WARN: Process failed to start, likely because the binary could not be found. Command: QList("bluetoothctl", "show")
Oct 03 18:30:41 baseweed-admin dbus-run-session[1027]:   WARN: Process failed to start, likely because the binary could not be found. Command: QList("bluetoothctl", "show")
Oct 03 18:30:41 baseweed-admin podman[4873]: 2026-10-03 18:30:41.896743725 +0000 UTC m=+4.375245781 container remove 8a1ebcd813e94645e90ea227f08495a8aa9d63a22a20310603df4ef0b420bcee (image=localhost/tier3s-probe:empty, name=tier3s-probe-4672)
Oct 03 18:30:42 baseweed-admin qdistro-tier3s-silo-launch[4909]: [resolve-binding] silo 's127a' is untemplated (no binding)
Oct 03 18:30:42 baseweed-admin systemd[863]: qdistro-polkit-agent.service: Scheduled restart job, restart counter is at 18.
Oct 03 18:30:42 baseweed-admin systemd[863]: Started qdistro polkit authentication agent (PAM / fprintd / broker).
Oct 03 18:30:42 baseweed-admin qdistro-polkit-agent[4919]: registration failed: org.freedesktop.PolicyKit1.Error.Failed: Cannot determine session the caller is in
Oct 03 18:30:42 baseweed-admin python3[4919]: qdistro-polkit-agent: registration failed: org.freedesktop.PolicyKit1.Error.Failed: Cannot determine session the caller is in
Oct 03 18:30:42 baseweed-admin systemd[863]: qdistro-polkit-agent.service: Main process exited, code=exited, status=1/FAILURE
Oct 03 18:30:42 baseweed-admin systemd[863]: qdistro-polkit-agent.service: Failed with result 'exit-code'.
Oct 03 18:30:42 baseweed-admin systemd[863]: Started podman-4943.scope.
Oct 03 18:30:42 baseweed-admin systemd[863]: Started podman-4976.scope.
Oct 03 18:30:42 baseweed-admin weston[936]: [18:30:42.505] qdwin/secctx: helper pid=4995 launcher parent pid=4986 exe unreadable; falling back to verified root-parent + stable-starttime attestation
Oct 03 18:30:42 baseweed-admin weston[936]: [18:30:42.505] qdwin/secctx: helper pid=4995 launcher parent pid=4986 exe unreadable; falling back to verified root-parent + stable-starttime attestation
Oct 03 18:30:42 baseweed-admin weston[936]: [18:30:42.505] qdwin/secctx: helper pid=4995 launcher parent pid=4986 exe unreadable; falling back to verified root-parent + stable-starttime attestation
Oct 03 18:30:42 baseweed-admin weston[936]: [18:30:42.505] qdwin/secctx: helper pid=4995 launcher parent pid=4986 exe unreadable; falling back to verified root-parent + stable-starttime attestation
Oct 03 18:30:42 baseweed-admin weston[936]: [18:30:42.505] qdwin/secctx: manager bound by uid=1000 pid=4995 (helper)
Oct 03 18:30:42 baseweed-admin weston[936]: [18:30:42.505] qdwin/secctx: committed engine=qdistro.tier3s app_id=qdistro.tier3s.s127a instance_id=9163669cb1477e61befed52ef9a0fc74 listen_fd=72 close_fd=73
Oct 03 18:30:42 baseweed-admin weston[936]: [18:30:42.507] qdwin/secctx: client accepted engine=qdistro.tier3s app_id=qdistro.tier3s.s127a instance_id=9163669cb1477e61befed52ef9a0fc74 (total tagged: 1)
Oct 03 18:30:42 baseweed-admin systemd[863]: Started podman-5013.scope.
Oct 03 18:30:42 baseweed-admin podman[5037]: 2026-10-03 18:30:42.788094133 +0000 UTC m=+0.009949173 image pull c1cfa112ea7171ba1c62d14d9adda09e40b530bd9f5b3e76cfaf4e29ff0b345e localhost/qdistro/tier3s-weston-terminal:latest
Oct 03 18:30:43 baseweed-admin dbus-run-session[1027]:   WARN: Process failed to start, likely because the binary could not be found. Command: QList("bluetoothctl", "show")
Oct 03 18:30:44 baseweed-admin dbus-run-session[1027]:   WARN qml: [20261003-183044]       Location Weather is still fetching
Oct 03 18:30:44 baseweed-admin dbus-run-session[1027]:  ERROR qml: [20261003-183044]       Location Geocoding error: 0
Oct 03 18:30:44 baseweed-admin dbus-run-session[1027]:   INFO qml: [20261003-183044]        PodApps cache refresh loaded 0 apps
Oct 03 18:30:45 baseweed-admin systemd[863]: qdistro-polkit-agent.service: Scheduled restart job, restart counter is at 19.
Oct 03 18:30:45 baseweed-admin systemd[863]: Started qdistro polkit authentication agent (PAM / fprintd / broker).
Oct 03 18:30:47 baseweed-admin dbus-run-session[1027]:   WARN: Process failed to start, likely because the binary could not be found. Command: QList("bluetoothctl", "show")
Oct 03 18:30:45 baseweed-admin systemd[863]: qdistro-polkit-agent.service: Main process exited, code=exited, status=1/FAILURE
Oct 03 18:30:45 baseweed-admin qdistro-polkit-agent[5091]: registration failed: org.freedesktop.PolicyKit1.Error.Failed: Cannot determine session the caller is in
Oct 03 18:30:47 baseweed-admin python3[5091]: qdistro-polkit-agent: registration failed: org.freedesktop.PolicyKit1.Error.Failed: Cannot determine session the caller is in
Oct 03 18:30:45 baseweed-admin systemd[863]: qdistro-polkit-agent.service: Failed with result 'exit-code'.
Oct 03 18:30:47 baseweed-admin dbus-run-session[1027]:   WARN: Process failed to start, likely because the binary could not be found. Command: QList("bluetoothctl", "show")
Oct 03 18:30:48 baseweed-admin systemd[863]: qdistro-polkit-agent.service: Scheduled restart job, restart counter is at 20.
Oct 03 18:30:48 baseweed-admin systemd[863]: Started qdistro polkit authentication agent (PAM / fprintd / broker).
Oct 03 18:30:48 baseweed-admin qdistro-polkit-agent[5105]: registration failed: org.freedesktop.PolicyKit1.Error.Failed: Cannot determine session the caller is in
Oct 03 18:30:48 baseweed-admin python3[5105]: qdistro-polkit-agent: registration failed: org.freedesktop.PolicyKit1.Error.Failed: Cannot determine session the caller is in
Oct 03 18:30:48 baseweed-admin systemd[863]: qdistro-polkit-agent.service: Main process exited, code=exited, status=1/FAILURE
Oct 03 18:30:48 baseweed-admin systemd[863]: qdistro-polkit-agent.service: Failed with result 'exit-code'.
Oct 03 18:30:50 baseweed-admin dbus-run-session[1027]:   WARN: Process failed to start, likely because the binary could not be found. Command: QList("bluetoothctl", "show")
Oct 03 18:30:51 baseweed-admin systemd[863]: Started podman-5112.scope.
Oct 03 18:30:51 baseweed-admin dbus-run-session[1027]:   WARN qml: [20261003-183051]        Network Connectivity check error: Error: Not authorized to recheck connectivity.
Oct 03 18:30:51 baseweed-admin dbus-run-session[1027]:   WARN: Process failed to start, likely because the binary could not be found. Command: QList("bluetoothctl", "show")
Oct 03 18:30:51 baseweed-admin podman[5037]: 2026-10-03 18:30:51.876626278 +0000 UTC m=+9.098481308 container create 83839df22309498add7a6038ad1f05fc949523f5d44d3df4b59ed2dd23bd8d40 (image=localhost/qdistro/tier3s-weston-terminal:latest, name=qdistro-tier3s-s127a, org.opensuse.lifecycle-url=https://en.opensuse.org/Lifetime, org.opensuse.base.url=https://www.opensuse.org, org.opencontainers.image.description=Image containing a minimal environment for containers based on openSUSE Tumbleweed., org.opensuse.base.created=2026-09-30T20:05:54.126624488Z, org.qdistro.tier3s.workload=weston-terminal, qdistro_tier3s_token=9163669cb1477e61befed52ef9a0fc74, org.opensuse.base.reference=registry.opensuse.org/opensuse/tumbleweed:20260930.37.208, org.opencontainers.image.title=openSUSE Tumbleweed Base Container, org.opensuse.base.title=openSUSE Tumbleweed Base Container, org.opencontainers.image.created=2026-09-30T20:05:54.126624488Z, org.openbuildservice.disturl=obs://build.opensuse.org/openSUSE:Factory/images/561f9d4c8e4e1a441f95ad4ec6b5a914-opensuse-tumbleweed-image:docker, org.opensuse.base.description=Image containing a minimal environment for containers based on openSUSE Tumbleweed., org.opensuse.base.source=https://build.opensuse.org/package/show/openSUSE:Factory/opensuse-tumbleweed-image?rev=561f9d4c8e4e1a441f95ad4ec6b5a914, org.opencontainers.image.vendor=openSUSE Project, org.opencontainers.image.source=https://build.opensuse.org/package/show/openSUSE:Factory/opensuse-tumbleweed-image?rev=561f9d4c8e4e1a441f95ad4ec6b5a914, org.opencontainers.image.url=https://www.opensuse.org, org.opensuse.reference=registry.opensuse.org/opensuse/tumbleweed:20260930.37.208, org.opensuse.base.vendor=openSUSE Project, org.opensuse.base.version=20260930.37.208, io.buildah.version=1.44.1, qdistro_tier3s_unit=qdistro-tier3s-silo@s127a.service, org.opensuse.base.disturl=obs://build.opensuse.org/openSUSE:Factory/images/561f9d4c8e4e1a441f95ad4ec6b5a914-opensuse-tumbleweed-image:docker, org.opencontainers.image.version=20260930.37.208, org.opensuse.base.lifecycle-url=https://en.opensuse.org/Lifetime, org.qdistro.snapshot=20260930)
Oct 03 18:30:51 baseweed-admin systemd[863]: qdistro-polkit-agent.service: Scheduled restart job, restart counter is at 21.
Oct 03 18:30:51 baseweed-admin systemd[863]: Started qdistro polkit authentication agent (PAM / fprintd / broker).
Oct 03 18:30:51 baseweed-admin qdistro-polkit-agent[5160]: registration failed: org.freedesktop.PolicyKit1.Error.Failed: Cannot determine session the caller is in
Oct 03 18:30:51 baseweed-admin python3[5160]: qdistro-polkit-agent: registration failed: org.freedesktop.PolicyKit1.Error.Failed: Cannot determine session the caller is in
Oct 03 18:30:51 baseweed-admin systemd[863]: qdistro-polkit-agent.service: Main process exited, code=exited, status=1/FAILURE
Oct 03 18:30:51 baseweed-admin systemd[863]: qdistro-polkit-agent.service: Failed with result 'exit-code'.
Oct 03 18:30:52 baseweed-admin podman[5037]: 2026-10-03 18:30:52.8498493 +0000 UTC m=+10.071704340 container init 83839df22309498add7a6038ad1f05fc949523f5d44d3df4b59ed2dd23bd8d40 (image=localhost/qdistro/tier3s-weston-terminal:latest, name=qdistro-tier3s-s127a, qdistro_tier3s_unit=qdistro-tier3s-silo@s127a.service, org.opensuse.base.title=openSUSE Tumbleweed Base Container, org.opensuse.base.lifecycle-url=https://en.opensuse.org/Lifetime, org.opensuse.reference=registry.opensuse.org/opensuse/tumbleweed:20260930.37.208, io.buildah.version=1.44.1, org.opencontainers.image.source=https://build.opensuse.org/package/show/openSUSE:Factory/opensuse-tumbleweed-image?rev=561f9d4c8e4e1a441f95ad4ec6b5a914, org.opensuse.base.disturl=obs://build.opensuse.org/openSUSE:Factory/images/561f9d4c8e4e1a441f95ad4ec6b5a914-opensuse-tumbleweed-image:docker, org.opencontainers.image.url=https://www.opensuse.org, org.opensuse.base.created=2026-09-30T20:05:54.126624488Z, org.qdistro.tier3s.workload=weston-terminal, qdistro_tier3s_token=9163669cb1477e61befed52ef9a0fc74, org.qdistro.snapshot=20260930, org.opencontainers.image.vendor=openSUSE Project, org.opensuse.lifecycle-url=https://en.opensuse.org/Lifetime, org.opencontainers.image.version=20260930.37.208, org.openbuildservice.disturl=obs://build.opensuse.org/openSUSE:Factory/images/561f9d4c8e4e1a441f95ad4ec6b5a914-opensuse-tumbleweed-image:docker, org.opensuse.base.reference=registry.opensuse.org/opensuse/tumbleweed:20260930.37.208, org.opencontainers.image.title=openSUSE Tumbleweed Base Container, org.opensuse.base.vendor=openSUSE Project, org.opensuse.base.version=20260930.37.208, org.opencontainers.image.created=2026-09-30T20:05:54.126624488Z, org.opensuse.base.description=Image containing a minimal environment for containers based on openSUSE Tumbleweed., org.opensuse.base.url=https://www.opensuse.org, org.opencontainers.image.description=Image containing a minimal environment for containers based on openSUSE Tumbleweed., org.opensuse.base.source=https://build.opensuse.org/package/show/openSUSE:Factory/opensuse-tumbleweed-image?rev=561f9d4c8e4e1a441f95ad4ec6b5a914)
Oct 03 18:30:52 baseweed-admin podman[5037]: 2026-10-03 18:30:52.879127401 +0000 UTC m=+10.100982431 container start 83839df22309498add7a6038ad1f05fc949523f5d44d3df4b59ed2dd23bd8d40 (image=localhost/qdistro/tier3s-weston-terminal:latest, name=qdistro-tier3s-s127a, qdistro_tier3s_unit=qdistro-tier3s-silo@s127a.service, org.opencontainers.image.source=https://build.opensuse.org/package/show/openSUSE:Factory/opensuse-tumbleweed-image?rev=561f9d4c8e4e1a441f95ad4ec6b5a914, org.qdistro.tier3s.workload=weston-terminal, org.opensuse.base.vendor=openSUSE Project, org.opencontainers.image.description=Image containing a minimal environment for containers based on openSUSE Tumbleweed., org.opencontainers.image.vendor=openSUSE Project, org.opensuse.base.disturl=obs://build.opensuse.org/openSUSE:Factory/images/561f9d4c8e4e1a441f95ad4ec6b5a914-opensuse-tumbleweed-image:docker, org.opencontainers.image.url=https://www.opensuse.org, io.buildah.version=1.44.1, org.opensuse.base.url=https://www.opensuse.org, org.opensuse.base.source=https://build.opensuse.org/package/show/openSUSE:Factory/opensuse-tumbleweed-image?rev=561f9d4c8e4e1a441f95ad4ec6b5a914, org.opencontainers.image.title=openSUSE Tumbleweed Base Container, org.opensuse.base.title=openSUSE Tumbleweed Base Container, org.opensuse.base.created=2026-09-30T20:05:54.126624488Z, org.opencontainers.image.version=20260930.37.208, org.opensuse.base.version=20260930.37.208, org.opencontainers.image.created=2026-09-30T20:05:54.126624488Z, org.openbuildservice.disturl=obs://build.opensuse.org/openSUSE:Factory/images/561f9d4c8e4e1a441f95ad4ec6b5a914-opensuse-tumbleweed-image:docker, org.opensuse.base.reference=registry.opensuse.org/opensuse/tumbleweed:20260930.37.208, org.opensuse.lifecycle-url=https://en.opensuse.org/Lifetime, org.opensuse.base.lifecycle-url=https://en.opensuse.org/Lifetime, org.opensuse.reference=registry.opensuse.org/opensuse/tumbleweed:20260930.37.208, qdistro_tier3s_token=9163669cb1477e61befed52ef9a0fc74, org.qdistro.snapshot=20260930, org.opensuse.base.description=Image containing a minimal environment for containers based on openSUSE Tumbleweed.)
Oct 03 18:30:52 baseweed-admin podman[5037]: 2026-10-03 18:30:52.897949301 +0000 UTC m=+10.119804341 container attach 83839df22309498add7a6038ad1f05fc949523f5d44d3df4b59ed2dd23bd8d40 (image=localhost/qdistro/tier3s-weston-terminal:latest, name=qdistro-tier3s-s127a, org.opensuse.base.source=https://build.opensuse.org/package/show/openSUSE:Factory/opensuse-tumbleweed-image?rev=561f9d4c8e4e1a441f95ad4ec6b5a914, org.opencontainers.image.vendor=openSUSE Project, org.opencontainers.image.title=openSUSE Tumbleweed Base Container, org.opensuse.base.title=openSUSE Tumbleweed Base Container, org.opensuse.base.version=20260930.37.208, org.openbuildservice.disturl=obs://build.opensuse.org/openSUSE:Factory/images/561f9d4c8e4e1a441f95ad4ec6b5a914-opensuse-tumbleweed-image:docker, org.opencontainers.image.description=Image containing a minimal environment for containers based on openSUSE Tumbleweed., org.opencontainers.image.version=20260930.37.208, qdistro_tier3s_token=9163669cb1477e61befed52ef9a0fc74, io.buildah.version=1.44.1, qdistro_tier3s_unit=qdistro-tier3s-silo@s127a.service, org.opencontainers.image.source=https://build.opensuse.org/package/show/openSUSE:Factory/opensuse-tumbleweed-image?rev=561f9d4c8e4e1a441f95ad4ec6b5a914, org.opensuse.base.disturl=obs://build.opensuse.org/openSUSE:Factory/images/561f9d4c8e4e1a441f95ad4ec6b5a914-opensuse-tumbleweed-image:docker, org.opensuse.base.lifecycle-url=https://en.opensuse.org/Lifetime, org.opensuse.reference=registry.opensuse.org/opensuse/tumbleweed:20260930.37.208, org.opencontainers.image.created=2026-09-30T20:05:54.126624488Z, org.opensuse.base.description=Image containing a minimal environment for containers based on openSUSE Tumbleweed., org.opensuse.base.url=https://www.opensuse.org, org.opensuse.base.reference=registry.opensuse.org/opensuse/tumbleweed:20260930.37.208, org.opencontainers.image.url=https://www.opensuse.org, org.qdistro.tier3s.workload=weston-terminal, org.opensuse.lifecycle-url=https://en.opensuse.org/Lifetime, org.qdistro.snapshot=20260930, org.opensuse.base.vendor=openSUSE Project, org.opensuse.base.created=2026-09-30T20:05:54.126624488Z)
Oct 03 18:30:52 baseweed-admin dbus-run-session[1027]:   INFO qml: [20261003-183052]        PodApps auto-scan: qdistro-tier3s-s127a transitioned to running
Oct 03 18:30:52 baseweed-admin qdistro-tier3s-s127a[5164]: could not load cursor 'dnd-move'
Oct 03 18:30:52 baseweed-admin qdistro-tier3s-silo-launch[5037]: could not load cursor 'dnd-move'
Oct 03 18:30:52 baseweed-admin qdistro-tier3s-s127a[5164]: could not load cursor 'dnd-copy'
Oct 03 18:30:52 baseweed-admin qdistro-tier3s-s127a[5164]: could not load cursor 'dnd-none'
Oct 03 18:30:52 baseweed-admin qdistro-tier3s-silo-launch[5037]: could not load cursor 'dnd-copy'
Oct 03 18:30:52 baseweed-admin qdistro-tier3s-silo-launch[5037]: could not load cursor 'dnd-none'
Oct 03 18:30:53 baseweed-admin systemd[863]: Started podman-5246.scope.
Oct 03 18:30:53 baseweed-admin systemd[863]: Started podman-5287.scope.
Oct 03 18:30:53 baseweed-admin systemd[863]: Started podman-5288.scope.
Oct 03 18:30:53 baseweed-admin weston[936]: [18:30:53.122] qdwin: toplevel_added handle=1 uid=1000 pid=4997 app_id=(null) title=""
Oct 03 18:30:53 baseweed-admin weston[936]: [18:30:53.122] qdwin: toplevel_security_context handle=1 engine=qdistro.tier3s app_id=qdistro.tier3s.s127a instance=9163669cb1477e61befed52ef9a0fc74
Oct 03 18:30:53 baseweed-admin weston[936]: [18:30:53.122] qdwin: toplevel_peer_identity handle=1 pid=4997 starttime=6632 uid=1000 exe=/usr/bin/waypipe label=system_u:system_r:unconfined_service_t:s0
Oct 03 18:30:53 baseweed-admin weston[936]: [18:30:53.122] qdwin: holding_released handle=1 via default_toplevel_policy (held → normal)
Oct 03 18:30:53 baseweed-admin weston[936]: [18:30:53.130] Detected an unmapped surface or view in the layer list, which should not occur.
Oct 03 18:30:53 baseweed-admin weston[936]:                Warning: the above message will not be printed again.
Oct 03 18:30:53 baseweed-admin dbus-run-session[1027]:   INFO qml: [20261003-183053]          Qdwin toplevel_security_context handle=1 engine=qdistro.tier3s app_id=qdistro.tier3s.s127a instance=9163669cb1477e61befed52ef9a0fc74
Oct 03 18:30:53 baseweed-admin dbus-run-session[1027]:   INFO qml: [20261003-183053]     Tier3sApps [tier3s] toplevel observed silo=s127a secctx=qdistro.tier3s.s127a color=#ffe54c handle=1
Oct 03 18:30:53 baseweed-admin dbus-run-session[1027]:   INFO qml: [20261003-183053]     Tier3sApps [tier3s] silo=s127a color=#ffe54c
Oct 03 18:30:53 baseweed-admin weston[936]: [18:30:53.150] qdwin: toplevel_title handle=1 title="[3s:s127a] Wayland Terminal"
Oct 03 18:30:53 baseweed-admin weston[936]: [18:30:53.150] qdwin: toplevel_app_id handle=1 app_id="org.freedesktop.weston.wayland-terminal"
Oct 03 18:30:53 baseweed-admin weston[936]: [18:30:53.150] qdwin: mapped handle=1 size=806x491 pos=557,310 (normal)
Oct 03 18:30:53 baseweed-admin weston[936]: [18:30:53.150] qdwin: focus handle=1 (was 4294967295) seat=default
Oct 03 18:30:53 baseweed-admin weston[936]: [18:30:53.150] qdwin: seat_focus_changed seat=default handle=1
Oct 03 18:30:53 baseweed-admin systemd[863]: Started podman-5327.scope.
Oct 03 18:30:53 baseweed-admin dbus-run-session[1027]:   WARN: Could not load icon "org.freedesktop.weston.wayland-terminal?fallback=application-x-executable" at size QSize(19, 19) from request
Oct 03 18:30:53 baseweed-admin systemd[863]: Started podman-5354.scope.
Oct 03 18:30:53 baseweed-admin systemd[863]: Started podman-5374.scope.
Oct 03 18:30:53 baseweed-admin dbus-run-session[1027]:   WARN: Process failed to start, likely because the binary could not be found. Command: QList("bluetoothctl", "show")
Oct 03 18:30:54 baseweed-admin systemd[863]: Started podman-5570.scope.
Oct 03 18:30:54 baseweed-admin systemd[863]: Started podman-5581.scope.
Oct 03 18:30:54 baseweed-admin podman[5581]: 2026-10-03 18:30:54.372800508 +0000 UTC m=+0.025959961 image pull c14ec570aedd4fc85048277fc19d62f1a67ddb505241e5a79fb9a02e403a922c localhost/tier3s-probe:empty
Oct 03 18:30:54 baseweed-admin podman[5581]: 2026-10-03 18:30:54.525415371 +0000 UTC m=+0.178574814 container create ddbbb37e666585f56c1ed443b6f138e449b9b04d750e05d5c2006daf0a2f7c16 (image=localhost/tier3s-probe:empty, name=tier3s-probe-5422)
Oct 03 18:30:54 baseweed-admin systemd[863]: Started podman-5592.scope.
Oct 03 18:30:54 baseweed-admin systemd[863]: Started podman-5603.scope.
Oct 03 18:30:54 baseweed-admin systemd[863]: Started podman-5613.scope.
Oct 03 18:30:54 baseweed-admin podman[5613]: 2026-10-03 18:30:54.813311285 +0000 UTC m=+0.191697285 container remove ddbbb37e666585f56c1ed443b6f138e449b9b04d750e05d5c2006daf0a2f7c16 (image=localhost/tier3s-probe:empty, name=tier3s-probe-5422)
Oct 03 18:30:54 baseweed-admin qdistro-tier3s-silo-launch[5626]: [resolve-binding] silo 's127b' is untemplated (no binding)
Oct 03 18:30:54 baseweed-admin systemd[863]: Started podman-5679.scope.
Oct 03 18:30:55 baseweed-admin systemd[863]: qdistro-polkit-agent.service: Scheduled restart job, restart counter is at 22.
Oct 03 18:30:55 baseweed-admin systemd[863]: Started qdistro polkit authentication agent (PAM / fprintd / broker).
Oct 03 18:30:55 baseweed-admin qdistro-polkit-agent[5708]: registration failed: org.freedesktop.PolicyKit1.Error.Failed: Cannot determine session the caller is in
Oct 03 18:30:55 baseweed-admin python3[5708]: qdistro-polkit-agent: registration failed: org.freedesktop.PolicyKit1.Error.Failed: Cannot determine session the caller is in
Oct 03 18:30:55 baseweed-admin systemd[863]: qdistro-polkit-agent.service: Main process exited, code=exited, status=1/FAILURE
Oct 03 18:30:55 baseweed-admin systemd[863]: qdistro-polkit-agent.service: Failed with result 'exit-code'.
Oct 03 18:30:55 baseweed-admin podman[5709]: 2026-10-03 18:30:55.184507473 +0000 UTC m=+0.175862232 container exec 83839df22309498add7a6038ad1f05fc949523f5d44d3df4b59ed2dd23bd8d40 (image=localhost/qdistro/tier3s-weston-terminal:latest, name=qdistro-tier3s-s127a, org.opencontainers.image.url=https://www.opensuse.org, org.opensuse.base.reference=registry.opensuse.org/opensuse/tumbleweed:20260930.37.208, org.opensuse.base.source=https://build.opensuse.org/package/show/openSUSE:Factory/opensuse-tumbleweed-image?rev=561f9d4c8e4e1a441f95ad4ec6b5a914, org.opensuse.base.title=openSUSE Tumbleweed Base Container, org.opensuse.lifecycle-url=https://en.opensuse.org/Lifetime, io.buildah.version=1.44.1, qdistro_tier3s_unit=qdistro-tier3s-silo@s127a.service, org.opencontainers.image.title=openSUSE Tumbleweed Base Container, org.opensuse.base.vendor=openSUSE Project, org.opencontainers.image.created=2026-09-30T20:05:54.126624488Z, org.opencontainers.image.source=https://build.opensuse.org/package/show/openSUSE:Factory/opensuse-tumbleweed-image?rev=561f9d4c8e4e1a441f95ad4ec6b5a914, org.opensuse.base.lifecycle-url=https://en.opensuse.org/Lifetime, org.qdistro.snapshot=20260930, qdistro_tier3s_token=9163669cb1477e61befed52ef9a0fc74, org.opencontainers.image.vendor=openSUSE Project, org.opencontainers.image.version=20260930.37.208, org.opensuse.base.description=Image containing a minimal environment for containers based on openSUSE Tumbleweed., org.opensuse.base.url=https://www.opensuse.org, org.opensuse.base.version=20260930.37.208, org.opensuse.reference=registry.opensuse.org/opensuse/tumbleweed:20260930.37.208, org.openbuildservice.disturl=obs://build.opensuse.org/openSUSE:Factory/images/561f9d4c8e4e1a441f95ad4ec6b5a914-opensuse-tumbleweed-image:docker, org.opencontainers.image.description=Image containing a minimal environment for containers based on openSUSE Tumbleweed., org.qdistro.tier3s.workload=weston-terminal, org.opensuse.base.created=2026-09-30T20:05:54.126624488Z, org.opensuse.base.disturl=obs://build.opensuse.org/openSUSE:Factory/images/561f9d4c8e4e1a441f95ad4ec6b5a914-opensuse-tumbleweed-image:docker)
Oct 03 18:30:55 baseweed-admin systemd[863]: Started podman-5739.scope.
Oct 03 18:30:55 baseweed-admin conmon[5751]: conmon 83839df22309498add7a <nwarn>: Failed to open cgroups file: /sys/fs/cgroup/user.slice/user-1000.slice/user@1000.service/app.slice/qdshell.service/memory.events
Oct 03 18:30:55 baseweed-admin weston[936]: [18:30:55.208] qdwin/secctx: helper pid=5780 launcher parent pid=5767 exe unreadable; falling back to verified root-parent + stable-starttime attestation
Oct 03 18:30:55 baseweed-admin weston[936]: [18:30:55.208] qdwin/secctx: helper pid=5780 launcher parent pid=5767 exe unreadable; falling back to verified root-parent + stable-starttime attestation
Oct 03 18:30:55 baseweed-admin weston[936]: [18:30:55.209] qdwin/secctx: helper pid=5780 launcher parent pid=5767 exe unreadable; falling back to verified root-parent + stable-starttime attestation
Oct 03 18:30:55 baseweed-admin weston[936]: [18:30:55.209] qdwin/secctx: helper pid=5780 launcher parent pid=5767 exe unreadable; falling back to verified root-parent + stable-starttime attestation
Oct 03 18:30:55 baseweed-admin weston[936]: [18:30:55.209] qdwin/secctx: manager bound by uid=1000 pid=5780 (helper)
Oct 03 18:30:55 baseweed-admin weston[936]: [18:30:55.209] qdwin/secctx: committed engine=qdistro.tier3s app_id=qdistro.tier3s.s127b instance_id=0559f668cbfa80cba19cc1aea073ea77 listen_fd=80 close_fd=81
Oct 03 18:30:55 baseweed-admin weston[936]: [18:30:55.210] qdwin/secctx: client accepted engine=qdistro.tier3s app_id=qdistro.tier3s.s127b instance_id=0559f668cbfa80cba19cc1aea073ea77 (total tagged: 2)
Oct 03 18:30:55 baseweed-admin podman[5765]: 2026-10-03 18:30:55.299404966 +0000 UTC m=+0.096574204 container exec_died 83839df22309498add7a6038ad1f05fc949523f5d44d3df4b59ed2dd23bd8d40 (image=localhost/qdistro/tier3s-weston-terminal:latest, name=qdistro-tier3s-s127a, org.opensuse.base.lifecycle-url=https://en.opensuse.org/Lifetime, org.opencontainers.image.title=openSUSE Tumbleweed Base Container, org.opencontainers.image.vendor=openSUSE Project, org.opensuse.reference=registry.opensuse.org/opensuse/tumbleweed:20260930.37.208, org.opencontainers.image.created=2026-09-30T20:05:54.126624488Z, org.opencontainers.image.version=20260930.37.208, org.opensuse.base.description=Image containing a minimal environment for containers based on openSUSE Tumbleweed., org.opensuse.lifecycle-url=https://en.opensuse.org/Lifetime, org.openbuildservice.disturl=obs://build.opensuse.org/openSUSE:Factory/images/561f9d4c8e4e1a441f95ad4ec6b5a914-opensuse-tumbleweed-image:docker, org.opensuse.base.title=openSUSE Tumbleweed Base Container, org.opensuse.base.reference=registry.opensuse.org/opensuse/tumbleweed:20260930.37.208, execID=1a2b3cba2e26a3a0ad8d1fd393ab8b7f835693824941a029d813ac60d3725dc2, org.opensuse.base.vendor=openSUSE Project, org.opencontainers.image.source=https://build.opensuse.org/package/show/openSUSE:Factory/opensuse-tumbleweed-image?rev=561f9d4c8e4e1a441f95ad4ec6b5a914, org.opencontainers.image.url=https://www.opensuse.org, org.opensuse.base.source=https://build.opensuse.org/package/show/openSUSE:Factory/opensuse-tumbleweed-image?rev=561f9d4c8e4e1a441f95ad4ec6b5a914, qdistro_tier3s_token=9163669cb1477e61befed52ef9a0fc74, org.opencontainers.image.description=Image containing a minimal environment for containers based on openSUSE Tumbleweed., org.opensuse.base.disturl=obs://build.opensuse.org/openSUSE:Factory/images/561f9d4c8e4e1a441f95ad4ec6b5a914-opensuse-tumbleweed-image:docker, qdistro_tier3s_unit=qdistro-tier3s-silo@s127a.service, io.buildah.version=1.44.1, org.opensuse.base.url=https://www.opensuse.org, org.opensuse.base.version=20260930.37.208, org.qdistro.tier3s.workload=weston-terminal, org.opensuse.base.created=2026-09-30T20:05:54.126624488Z, org.qdistro.snapshot=20260930)
Oct 03 18:30:55 baseweed-admin podman[5709]: 2026-10-03 18:30:55.351134239 +0000 UTC m=+0.342488977 container exec_died 83839df22309498add7a6038ad1f05fc949523f5d44d3df4b59ed2dd23bd8d40 (image=localhost/qdistro/tier3s-weston-terminal:latest, name=qdistro-tier3s-s127a, org.opencontainers.image.source=https://build.opensuse.org/package/show/openSUSE:Factory/opensuse-tumbleweed-image?rev=561f9d4c8e4e1a441f95ad4ec6b5a914, org.qdistro.snapshot=20260930, org.qdistro.tier3s.workload=weston-terminal, org.opensuse.base.description=Image containing a minimal environment for containers based on openSUSE Tumbleweed., org.opensuse.base.disturl=obs://build.opensuse.org/openSUSE:Factory/images/561f9d4c8e4e1a441f95ad4ec6b5a914-opensuse-tumbleweed-image:docker, org.opensuse.base.url=https://www.opensuse.org, org.opensuse.base.vendor=openSUSE Project, org.opensuse.lifecycle-url=https://en.opensuse.org/Lifetime, execID=1a2b3cba2e26a3a0ad8d1fd393ab8b7f835693824941a029d813ac60d3725dc2, org.opensuse.base.version=20260930.37.208, org.opensuse.reference=registry.opensuse.org/opensuse/tumbleweed:20260930.37.208, qdistro_tier3s_token=9163669cb1477e61befed52ef9a0fc74, org.openbuildservice.disturl=obs://build.opensuse.org/openSUSE:Factory/images/561f9d4c8e4e1a441f95ad4ec6b5a914-opensuse-tumbleweed-image:docker, org.opencontainers.image.description=Image containing a minimal environment for containers based on openSUSE Tumbleweed., org.opencontainers.image.url=https://www.opensuse.org, io.buildah.version=1.44.1, qdistro_tier3s_unit=qdistro-tier3s-silo@s127a.service, org.opencontainers.image.created=2026-09-30T20:05:54.126624488Z, org.opensuse.base.lifecycle-url=https://en.opensuse.org/Lifetime, org.opensuse.base.reference=registry.opensuse.org/opensuse/tumbleweed:20260930.37.208, org.opensuse.base.source=https://build.opensuse.org/package/show/openSUSE:Factory/opensuse-tumbleweed-image?rev=561f9d4c8e4e1a441f95ad4ec6b5a914, org.opencontainers.image.version=20260930.37.208, org.opencontainers.image.title=openSUSE Tumbleweed Base Container, org.opensuse.base.created=2026-09-30T20:05:54.126624488Z, org.opencontainers.image.vendor=openSUSE Project, org.opensuse.base.title=openSUSE Tumbleweed Base Container)
Oct 03 18:30:55 baseweed-admin dbus-run-session[1027]:   INFO qml: [20261003-183055]        PodApps cache refresh loaded 0 apps
Oct 03 18:30:55 baseweed-admin systemd[863]: Started podman-5807.scope.
Oct 03 18:30:55 baseweed-admin podman[5823]: 2026-10-03 18:30:55.554148756 +0000 UTC m=+0.235277402 container create 98ed878128977014975351a582cfa6cbeeb1491ebc646d541fcb08fee9956358 (image=localhost/qdistro/tier3s-weston-terminal:latest, name=qdistro-tier3s-s127b, org.opensuse.base.source=https://build.opensuse.org/package/show/openSUSE:Factory/opensuse-tumbleweed-image?rev=561f9d4c8e4e1a441f95ad4ec6b5a914, org.opencontainers.image.title=openSUSE Tumbleweed Base Container, org.opensuse.base.title=openSUSE Tumbleweed Base Container, qdistro_tier3s_unit=qdistro-tier3s-silo@s127b.service, org.opensuse.reference=registry.opensuse.org/opensuse/tumbleweed:20260930.37.208, org.opensuse.base.created=2026-09-30T20:05:54.126624488Z, org.opencontainers.image.created=2026-09-30T20:05:54.126624488Z, org.qdistro.snapshot=20260930, org.opencontainers.image.description=Image containing a minimal environment for containers based on openSUSE Tumbleweed., org.opensuse.base.vendor=openSUSE Project, io.buildah.version=1.44.1, org.qdistro.tier3s.workload=weston-terminal, org.opencontainers.image.source=https://build.opensuse.org/package/show/openSUSE:Factory/opensuse-tumbleweed-image?rev=561f9d4c8e4e1a441f95ad4ec6b5a914, org.opencontainers.image.version=20260930.37.208, org.opensuse.base.disturl=obs://build.opensuse.org/openSUSE:Factory/images/561f9d4c8e4e1a441f95ad4ec6b5a914-opensuse-tumbleweed-image:docker, org.opensuse.base.description=Image containing a minimal environment for containers based on openSUSE Tumbleweed., org.opencontainers.image.url=https://www.opensuse.org, org.opencontainers.image.vendor=openSUSE Project, org.opensuse.base.url=https://www.opensuse.org, qdistro_tier3s_token=0559f668cbfa80cba19cc1aea073ea77, org.opensuse.base.lifecycle-url=https://en.opensuse.org/Lifetime, org.opensuse.base.version=20260930.37.208, org.opensuse.lifecycle-url=https://en.opensuse.org/Lifetime, org.openbuildservice.disturl=obs://build.opensuse.org/openSUSE:Factory/images/561f9d4c8e4e1a441f95ad4ec6b5a914-opensuse-tumbleweed-image:docker, org.opensuse.base.reference=registry.opensuse.org/opensuse/tumbleweed:20260930.37.208)
Oct 03 18:30:55 baseweed-admin podman[5823]: 2026-10-03 18:30:55.513021883 +0000 UTC m=+0.194150529 image pull c1cfa112ea7171ba1c62d14d9adda09e40b530bd9f5b3e76cfaf4e29ff0b345e localhost/qdistro/tier3s-weston-terminal:latest
Oct 03 18:30:55 baseweed-admin podman[5823]: 2026-10-03 18:30:55.714103125 +0000 UTC m=+0.395231771 container init 98ed878128977014975351a582cfa6cbeeb1491ebc646d541fcb08fee9956358 (image=localhost/qdistro/tier3s-weston-terminal:latest, name=qdistro-tier3s-s127b, org.opensuse.base.url=https://www.opensuse.org, org.opensuse.base.disturl=obs://build.opensuse.org/openSUSE:Factory/images/561f9d4c8e4e1a441f95ad4ec6b5a914-opensuse-tumbleweed-image:docker, org.opensuse.base.source=https://build.opensuse.org/package/show/openSUSE:Factory/opensuse-tumbleweed-image?rev=561f9d4c8e4e1a441f95ad4ec6b5a914, org.opencontainers.image.description=Image containing a minimal environment for containers based on openSUSE Tumbleweed., org.qdistro.tier3s.workload=weston-terminal, org.opensuse.base.lifecycle-url=https://en.opensuse.org/Lifetime, org.opensuse.lifecycle-url=https://en.opensuse.org/Lifetime, org.opencontainers.image.vendor=openSUSE Project, org.opensuse.base.vendor=openSUSE Project, org.opensuse.base.description=Image containing a minimal environment for containers based on openSUSE Tumbleweed., org.opensuse.reference=registry.opensuse.org/opensuse/tumbleweed:20260930.37.208, org.opencontainers.image.url=https://www.opensuse.org, org.opensuse.base.created=2026-09-30T20:05:54.126624488Z, org.opensuse.base.reference=registry.opensuse.org/opensuse/tumbleweed:20260930.37.208, org.opencontainers.image.created=2026-09-30T20:05:54.126624488Z, io.buildah.version=1.44.1, org.opencontainers.image.source=https://build.opensuse.org/package/show/openSUSE:Factory/opensuse-tumbleweed-image?rev=561f9d4c8e4e1a441f95ad4ec6b5a914, org.opencontainers.image.version=20260930.37.208, org.qdistro.snapshot=20260930, qdistro_tier3s_token=0559f668cbfa80cba19cc1aea073ea77, org.opencontainers.image.title=openSUSE Tumbleweed Base Container, org.opensuse.base.title=openSUSE Tumbleweed Base Container, org.opensuse.base.version=20260930.37.208, qdistro_tier3s_unit=qdistro-tier3s-silo@s127b.service, org.openbuildservice.disturl=obs://build.opensuse.org/openSUSE:Factory/images/561f9d4c8e4e1a441f95ad4ec6b5a914-opensuse-tumbleweed-image:docker)
Oct 03 18:30:55 baseweed-admin podman[5823]: 2026-10-03 18:30:55.737579186 +0000 UTC m=+0.418707832 container start 98ed878128977014975351a582cfa6cbeeb1491ebc646d541fcb08fee9956358 (image=localhost/qdistro/tier3s-weston-terminal:latest, name=qdistro-tier3s-s127b, org.opensuse.base.vendor=openSUSE Project, org.opencontainers.image.title=openSUSE Tumbleweed Base Container, org.opensuse.base.title=openSUSE Tumbleweed Base Container, org.qdistro.tier3s.workload=weston-terminal, org.opensuse.base.created=2026-09-30T20:05:54.126624488Z, org.opensuse.base.source=https://build.opensuse.org/package/show/openSUSE:Factory/opensuse-tumbleweed-image?rev=561f9d4c8e4e1a441f95ad4ec6b5a914, org.opensuse.base.version=20260930.37.208, org.opensuse.lifecycle-url=https://en.opensuse.org/Lifetime, org.openbuildservice.disturl=obs://build.opensuse.org/openSUSE:Factory/images/561f9d4c8e4e1a441f95ad4ec6b5a914-opensuse-tumbleweed-image:docker, org.opensuse.base.reference=registry.opensuse.org/opensuse/tumbleweed:20260930.37.208, qdistro_tier3s_token=0559f668cbfa80cba19cc1aea073ea77, org.opensuse.base.lifecycle-url=https://en.opensuse.org/Lifetime, qdistro_tier3s_unit=qdistro-tier3s-silo@s127b.service, org.opencontainers.image.url=https://www.opensuse.org, org.opencontainers.image.vendor=openSUSE Project, org.opensuse.base.url=https://www.opensuse.org, org.qdistro.snapshot=20260930, io.buildah.version=1.44.1, org.opensuse.base.description=Image containing a minimal environment for containers based on openSUSE Tumbleweed., org.opencontainers.image.source=https://build.opensuse.org/package/show/openSUSE:Factory/opensuse-tumbleweed-image?rev=561f9d4c8e4e1a441f95ad4ec6b5a914, org.opensuse.reference=registry.opensuse.org/opensuse/tumbleweed:20260930.37.208, org.opencontainers.image.version=20260930.37.208, org.opensuse.base.disturl=obs://build.opensuse.org/openSUSE:Factory/images/561f9d4c8e4e1a441f95ad4ec6b5a914-opensuse-tumbleweed-image:docker, org.opencontainers.image.created=2026-09-30T20:05:54.126624488Z, org.opencontainers.image.description=Image containing a minimal environment for containers based on openSUSE Tumbleweed.)
Oct 03 18:30:55 baseweed-admin qdistro-tier3s-s127b[5845]: could not load cursor 'dnd-move'
Oct 03 18:30:55 baseweed-admin qdistro-tier3s-s127b[5845]: could not load cursor 'dnd-copy'
Oct 03 18:30:55 baseweed-admin qdistro-tier3s-s127b[5845]: could not load cursor 'dnd-none'
Oct 03 18:30:55 baseweed-admin qdistro-tier3s-silo-launch[5823]: could not load cursor 'dnd-move'
Oct 03 18:30:55 baseweed-admin qdistro-tier3s-silo-launch[5823]: could not load cursor 'dnd-copy'
Oct 03 18:30:55 baseweed-admin qdistro-tier3s-silo-launch[5823]: could not load cursor 'dnd-none'
Oct 03 18:30:55 baseweed-admin podman[5823]: 2026-10-03 18:30:55.798664146 +0000 UTC m=+0.479792802 container attach 98ed878128977014975351a582cfa6cbeeb1491ebc646d541fcb08fee9956358 (image=localhost/qdistro/tier3s-weston-terminal:latest, name=qdistro-tier3s-s127b, org.opencontainers.image.vendor=openSUSE Project, org.opencontainers.image.version=20260930.37.208, org.opensuse.base.title=openSUSE Tumbleweed Base Container, org.opensuse.base.lifecycle-url=https://en.opensuse.org/Lifetime, org.opensuse.lifecycle-url=https://en.opensuse.org/Lifetime, org.opencontainers.image.url=https://www.opensuse.org, org.opensuse.base.reference=registry.opensuse.org/opensuse/tumbleweed:20260930.37.208, org.opensuse.base.disturl=obs://build.opensuse.org/openSUSE:Factory/images/561f9d4c8e4e1a441f95ad4ec6b5a914-opensuse-tumbleweed-image:docker, org.qdistro.snapshot=20260930, org.opensuse.base.vendor=openSUSE Project, org.opensuse.base.version=20260930.37.208, org.opencontainers.image.source=https://build.opensuse.org/package/show/openSUSE:Factory/opensuse-tumbleweed-image?rev=561f9d4c8e4e1a441f95ad4ec6b5a914, org.opencontainers.image.created=2026-09-30T20:05:54.126624488Z, org.opensuse.base.source=https://build.opensuse.org/package/show/openSUSE:Factory/opensuse-tumbleweed-image?rev=561f9d4c8e4e1a441f95ad4ec6b5a914, org.opencontainers.image.description=Image containing a minimal environment for containers based on openSUSE Tumbleweed., io.buildah.version=1.44.1, org.opensuse.reference=registry.opensuse.org/opensuse/tumbleweed:20260930.37.208, org.opensuse.base.created=2026-09-30T20:05:54.126624488Z, org.opensuse.base.url=https://www.opensuse.org, qdistro_tier3s_token=0559f668cbfa80cba19cc1aea073ea77, org.opencontainers.image.title=openSUSE Tumbleweed Base Container, org.opensuse.base.description=Image containing a minimal environment for containers based on openSUSE Tumbleweed., org.qdistro.tier3s.workload=weston-terminal, qdistro_tier3s_unit=qdistro-tier3s-silo@s127b.service, org.openbuildservice.disturl=obs://build.opensuse.org/openSUSE:Factory/images/561f9d4c8e4e1a441f95ad4ec6b5a914-opensuse-tumbleweed-image:docker)
Oct 03 18:30:55 baseweed-admin dbus-run-session[1027]:   WARN: Process failed to start, likely because the binary could not be found. Command: QList("bluetoothctl", "show")
Oct 03 18:30:55 baseweed-admin systemd[863]: Started podman-5906.scope.
Oct 03 18:30:55 baseweed-admin weston[936]: [18:30:55.861] qdwin: toplevel_added handle=2 uid=1000 pid=5786 app_id=(null) title=""
Oct 03 18:30:55 baseweed-admin weston[936]: [18:30:55.861] qdwin: toplevel_security_context handle=2 engine=qdistro.tier3s app_id=qdistro.tier3s.s127b instance=0559f668cbfa80cba19cc1aea073ea77
Oct 03 18:30:55 baseweed-admin weston[936]: [18:30:55.861] qdwin: toplevel_peer_identity handle=2 pid=5786 starttime=7903 uid=1000 exe=/usr/bin/waypipe label=system_u:system_r:unconfined_service_t:s0
Oct 03 18:30:55 baseweed-admin weston[936]: [18:30:55.861] qdwin: holding_released handle=2 via default_toplevel_policy (held → normal)
Oct 03 18:30:55 baseweed-admin dbus-run-session[1027]:   INFO qml: [20261003-183055]          Qdwin toplevel_security_context handle=2 engine=qdistro.tier3s app_id=qdistro.tier3s.s127b instance=0559f668cbfa80cba19cc1aea073ea77
Oct 03 18:30:55 baseweed-admin dbus-run-session[1027]:   INFO qml: [20261003-183055]     Tier3sApps [tier3s] toplevel observed silo=s127b secctx=qdistro.tier3s.s127b color=#64b5f6 handle=2
Oct 03 18:30:55 baseweed-admin dbus-run-session[1027]:   INFO qml: [20261003-183055]     Tier3sApps [tier3s] silo=s127b color=#64b5f6
Oct 03 18:30:55 baseweed-admin weston[936]: [18:30:55.878] qdwin: toplevel_title handle=2 title="[3s:s127b] Wayland Terminal"
Oct 03 18:30:55 baseweed-admin weston[936]: [18:30:55.878] qdwin: toplevel_app_id handle=2 app_id="org.freedesktop.weston.wayland-terminal"
Oct 03 18:30:55 baseweed-admin weston[936]: [18:30:55.878] qdwin: mapped handle=2 size=806x491 pos=0,31 (normal)
Oct 03 18:30:55 baseweed-admin weston[936]: [18:30:55.878] qdwin: focus handle=2 (was 1) seat=default
Oct 03 18:30:55 baseweed-admin weston[936]: [18:30:55.878] qdwin: seat_focus_changed seat=default handle=2
Oct 03 18:30:55 baseweed-admin systemd[863]: Started podman-5978.scope.
Oct 03 18:30:56 baseweed-admin qs[6013]: Detected locale "C" with character encoding "ANSI_X3.4-1968", which is not UTF-8.
                                         Qt depends on a UTF-8 locale, and has switched to "C.UTF-8" instead.
                                         If this causes problems, reconfigure your locale. See the locale(1) manual
                                         for more information.
Oct 03 18:30:56 baseweed-admin dbus-run-session[1027]:   INFO qml: [20261003-183056]  Tier3FocusIPC findSiloHandle silo=s127a → HANDLE=1
Oct 03 18:30:56 baseweed-admin qs[6021]: Detected locale "C" with character encoding "ANSI_X3.4-1968", which is not UTF-8.
                                         Qt depends on a UTF-8 locale, and has switched to "C.UTF-8" instead.
                                         If this causes problems, reconfigure your locale. See the locale(1) manual
                                         for more information.
Oct 03 18:30:56 baseweed-admin dbus-run-session[1027]:   INFO qml: [20261003-183056]  Tier3FocusIPC findSiloHandle silo=s127b → HANDLE=2
Oct 03 18:30:56 baseweed-admin qs[6039]: Detected locale "C" with character encoding "ANSI_X3.4-1968", which is not UTF-8.
                                         Qt depends on a UTF-8 locale, and has switched to "C.UTF-8" instead.
                                         If this causes problems, reconfigure your locale. See the locale(1) manual
                                         for more information.
Oct 03 18:30:56 baseweed-admin dbus-run-session[1027]:   INFO qml: [20261003-183056]  Tier3FocusIPC injectFocus handle=2 seat=default
Oct 03 18:30:56 baseweed-admin dbus-run-session[1027]:   INFO qml: [20261003-183056]          Qdwin ipc injectFocus handle=2 seat=default
Oct 03 18:30:56 baseweed-admin weston[936]: [18:30:56.159] qdwin: set_keyboard_focus seat=default handle=2
Oct 03 18:30:56 baseweed-admin weston[936]: [18:30:56.159] qdwin: seat_focus_changed seat=default handle=2
Oct 03 18:30:56 baseweed-admin weston[936]: [18:30:56.177] qdwin/secctx: helper pid=6050 launcher parent pid=6045 exe unreadable; falling back to verified root-parent + stable-starttime attestation
Oct 03 18:30:56 baseweed-admin weston[936]: [18:30:56.177] qdwin/secctx: helper pid=6050 launcher parent pid=6045 exe unreadable; falling back to verified root-parent + stable-starttime attestation
Oct 03 18:30:56 baseweed-admin weston[936]: [18:30:56.178] qdwin/secctx: helper pid=6050 launcher parent pid=6045 exe unreadable; falling back to verified root-parent + stable-starttime attestation
Oct 03 18:30:56 baseweed-admin weston[936]: [18:30:56.178] qdwin/secctx: helper pid=6050 launcher parent pid=6045 exe unreadable; falling back to verified root-parent + stable-starttime attestation
Oct 03 18:30:56 baseweed-admin weston[936]: [18:30:56.178] qdwin/secctx: manager bound by uid=1000 pid=6050 (helper)
Oct 03 18:30:56 baseweed-admin weston[936]: [18:30:56.178] qdwin/secctx: committed engine=qdistro.tier3s app_id=qdistro.tier3s.s127a instance_id=clipsrc-s127a-1 listen_fd=88 close_fd=89
Oct 03 18:30:56 baseweed-admin weston[936]: [18:30:56.179] qdwin/secctx: client accepted engine=qdistro.tier3s app_id=qdistro.tier3s.s127a instance_id=clipsrc-s127a-1 (total tagged: 3)
Oct 03 18:30:56 baseweed-admin weston[936]: [18:30:56.180] qdwin: v15 data_source wrap installed src=0x55cafd0edee0 seat=default
Oct 03 18:30:56 baseweed-admin weston[936]: [18:30:56.180] qdwin: selection_set_source_identity engine=qdistro.tier3s app_id=qdistro.tier3s.s127a instance=clipsrc-s127a-1
Oct 03 18:30:56 baseweed-admin weston[936]: [18:30:56.180] qdwin: selection_set seat=default handle=2 primary=0 mimes='text/plain'
Oct 03 18:30:56 baseweed-admin dbus-run-session[1027]:   INFO qml: [20261003-183056]  ClipboardGate CLIPBOARD_GATE seat=default src_silo=s127a dst_silo=s127b mime_types=text/plain verdict=deny reason=broker:deny
Oct 03 18:30:56 baseweed-admin weston[936]: [18:30:56.263] qdwin: v15 data_source wrap installed src=0x55cafd0ba460 seat=default
Oct 03 18:30:56 baseweed-admin weston[936]: [18:30:56.263] qdwin: selection_set seat=default handle=2 primary=0 mimes='text/plain'
Oct 03 18:30:56 baseweed-admin weston[936]: [18:30:56.263] qdwin: selection_set seat=default handle=2 primary=0 mimes='text/plain'
Oct 03 18:30:56 baseweed-admin weston[936]: [18:30:56.263] qdwin: clear_selection seat=default clipboard cleared
Oct 03 18:30:56 baseweed-admin dbus-run-session[1027]:   INFO qml: [20261003-183056]  ClipboardGate CLIPBOARD_GATE seat=default src_silo=s127b dst_silo=s127b mime_types=text/plain verdict=deny reason=broker:deny
Oct 03 18:30:56 baseweed-admin weston[936]: [18:30:56.303] qdwin: selection_set seat=default handle=2 primary=0 mimes='text/plain'
Oct 03 18:30:56 baseweed-admin weston[936]: [18:30:56.303] qdwin: selection_set seat=default handle=2 primary=0 mimes='text/plain'
Oct 03 18:30:56 baseweed-admin weston[936]: [18:30:56.303] qdwin: clear_selection seat=default clipboard cleared
Oct 03 18:30:56 baseweed-admin dbus-run-session[1027]:   INFO qml: [20261003-183056]  ClipboardGate CLIPBOARD_GATE seat=default src_silo=s127b dst_silo=s127b mime_types=text/plain verdict=deny reason=broker:deny
Oct 03 18:30:56 baseweed-admin dbus-run-session[1027]:   INFO qml: [20261003-183056]  ClipboardGate CLIPBOARD_GATE seat=default src_silo=s127b dst_silo=s127b mime_types=text/plain verdict=deny reason=broker:deny
Oct 03 18:30:56 baseweed-admin dbus-run-session[1027]:   INFO qml: [20261003-183056]  ClipboardGate CLIPBOARD_GATE seat=default src_silo=s127b dst_silo=s127b mime_types=text/plain verdict=deny reason=broker:deny
Oct 03 18:30:56 baseweed-admin weston[936]: [18:30:56.470] qdwin/secctx: helper pid=6088 launcher parent pid=6083 exe unreadable; falling back to verified root-parent + stable-starttime attestation
Oct 03 18:30:56 baseweed-admin weston[936]: [18:30:56.470] qdwin/secctx: helper pid=6088 launcher parent pid=6083 exe unreadable; falling back to verified root-parent + stable-starttime attestation
Oct 03 18:30:56 baseweed-admin weston[936]: [18:30:56.470] qdwin/secctx: helper pid=6088 launcher parent pid=6083 exe unreadable; falling back to verified root-parent + stable-starttime attestation
Oct 03 18:30:56 baseweed-admin weston[936]: [18:30:56.470] qdwin/secctx: helper pid=6088 launcher parent pid=6083 exe unreadable; falling back to verified root-parent + stable-starttime attestation
Oct 03 18:30:56 baseweed-admin weston[936]: [18:30:56.470] qdwin/secctx: manager bound by uid=1000 pid=6088 (helper)
Oct 03 18:30:56 baseweed-admin weston[936]: [18:30:56.470] qdwin/secctx: committed engine=qdistro.tier3s app_id=qdistro.tier3s.s127a instance_id=clipsrc-s127a-1 listen_fd=92 close_fd=93
Oct 03 18:30:56 baseweed-admin weston[936]: [18:30:56.471] qdwin/secctx: client accepted engine=qdistro.tier3s app_id=qdistro.tier3s.s127a instance_id=clipsrc-s127a-1 (total tagged: 3)
Oct 03 18:30:56 baseweed-admin dbus-run-session[1027]:   INFO qml: [20261003-183056]        PodApps auto-scan: qdistro-tier3s-s127b transitioned to running
Oct 03 18:30:57 baseweed-admin dbus-run-session[1027]:   WARN: Process failed to start, likely because the binary could not be found. Command: QList("bluetoothctl", "show")
Oct 03 18:30:58 baseweed-admin systemd[863]: qdistro-polkit-agent.service: Scheduled restart job, restart counter is at 23.
Oct 03 18:30:58 baseweed-admin systemd[863]: Started qdistro polkit authentication agent (PAM / fprintd / broker).
Oct 03 18:30:58 baseweed-admin qdistro-polkit-agent[6129]: registration failed: org.freedesktop.PolicyKit1.Error.Failed: Cannot determine session the caller is in
Oct 03 18:30:58 baseweed-admin python3[6129]: qdistro-polkit-agent: registration failed: org.freedesktop.PolicyKit1.Error.Failed: Cannot determine session the caller is in
Oct 03 18:30:58 baseweed-admin systemd[863]: qdistro-polkit-agent.service: Main process exited, code=exited, status=1/FAILURE
Oct 03 18:30:58 baseweed-admin systemd[863]: qdistro-polkit-agent.service: Failed with result 'exit-code'.
Oct 03 18:30:59 baseweed-admin dbus-run-session[1027]:   WARN: Process failed to start, likely because the binary could not be found. Command: QList("bluetoothctl", "show")
Oct 03 18:31:01 baseweed-admin systemd[863]: qdistro-polkit-agent.service: Scheduled restart job, restart counter is at 24.
Oct 03 18:31:01 baseweed-admin systemd[863]: Started qdistro polkit authentication agent (PAM / fprintd / broker).
Oct 03 18:31:01 baseweed-admin qdistro-polkit-agent[6230]: registration failed: org.freedesktop.PolicyKit1.Error.Failed: Cannot determine session the caller is in
Oct 03 18:31:01 baseweed-admin python3[6230]: qdistro-polkit-agent: registration failed: org.freedesktop.PolicyKit1.Error.Failed: Cannot determine session the caller is in
Oct 03 18:31:01 baseweed-admin systemd[863]: qdistro-polkit-agent.service: Main process exited, code=exited, status=1/FAILURE
Oct 03 18:31:01 baseweed-admin systemd[863]: qdistro-polkit-agent.service: Failed with result 'exit-code'.
Oct 03 18:31:01 baseweed-admin dbus-run-session[1027]:   WARN: Process failed to start, likely because the binary could not be found. Command: QList("bluetoothctl", "show")
Oct 03 18:31:01 baseweed-admin podman[6171]: 2026-10-03 18:31:01.889719063 +0000 UTC m=+3.060640483 container exec 98ed878128977014975351a582cfa6cbeeb1491ebc646d541fcb08fee9956358 (image=localhost/qdistro/tier3s-weston-terminal:latest, name=qdistro-tier3s-s127b, org.openbuildservice.disturl=obs://build.opensuse.org/openSUSE:Factory/images/561f9d4c8e4e1a441f95ad4ec6b5a914-opensuse-tumbleweed-image:docker, org.opencontainers.image.vendor=openSUSE Project, org.opensuse.base.reference=registry.opensuse.org/opensuse/tumbleweed:20260930.37.208, org.opensuse.base.vendor=openSUSE Project, org.opensuse.base.lifecycle-url=https://en.opensuse.org/Lifetime, org.opencontainers.image.description=Image containing a minimal environment for containers based on openSUSE Tumbleweed., org.opensuse.base.created=2026-09-30T20:05:54.126624488Z, org.opensuse.lifecycle-url=https://en.opensuse.org/Lifetime, org.opencontainers.image.version=20260930.37.208, org.opensuse.base.source=https://build.opensuse.org/package/show/openSUSE:Factory/opensuse-tumbleweed-image?rev=561f9d4c8e4e1a441f95ad4ec6b5a914, org.opensuse.reference=registry.opensuse.org/opensuse/tumbleweed:20260930.37.208, org.opencontainers.image.url=https://www.opensuse.org, qdistro_tier3s_unit=qdistro-tier3s-silo@s127b.service, org.opencontainers.image.created=2026-09-30T20:05:54.126624488Z, org.opensuse.base.title=openSUSE Tumbleweed Base Container, org.qdistro.snapshot=20260930, org.opensuse.base.description=Image containing a minimal environment for containers based on openSUSE Tumbleweed., org.opensuse.base.disturl=obs://build.opensuse.org/openSUSE:Factory/images/561f9d4c8e4e1a441f95ad4ec6b5a914-opensuse-tumbleweed-image:docker, org.opensuse.base.url=https://www.opensuse.org, qdistro_tier3s_token=0559f668cbfa80cba19cc1aea073ea77, org.qdistro.tier3s.workload=weston-terminal, org.opencontainers.image.source=https://build.opensuse.org/package/show/openSUSE:Factory/opensuse-tumbleweed-image?rev=561f9d4c8e4e1a441f95ad4ec6b5a914, org.opencontainers.image.title=openSUSE Tumbleweed Base Container, org.opensuse.base.version=20260930.37.208, io.buildah.version=1.44.1)
Oct 03 18:31:01 baseweed-admin conmon[6244]: conmon 98ed8781289770149753 <nwarn>: Failed to open cgroups file: /sys/fs/cgroup/user.slice/user-1000.slice/user@1000.service/app.slice/qdshell.service/memory.events
Oct 03 18:31:02 baseweed-admin podman[6260]: 2026-10-03 18:31:02.001111053 +0000 UTC m=+0.095338251 container exec_died 98ed878128977014975351a582cfa6cbeeb1491ebc646d541fcb08fee9956358 (image=localhost/qdistro/tier3s-weston-terminal:latest, name=qdistro-tier3s-s127b, qdistro_tier3s_unit=qdistro-tier3s-silo@s127b.service, org.qdistro.tier3s.workload=weston-terminal, org.opencontainers.image.version=20260930.37.208, org.opensuse.reference=registry.opensuse.org/opensuse/tumbleweed:20260930.37.208, org.opensuse.base.source=https://build.opensuse.org/package/show/openSUSE:Factory/opensuse-tumbleweed-image?rev=561f9d4c8e4e1a441f95ad4ec6b5a914, org.opencontainers.image.created=2026-09-30T20:05:54.126624488Z, org.opencontainers.image.url=https://www.opensuse.org, org.opensuse.base.reference=registry.opensuse.org/opensuse/tumbleweed:20260930.37.208, org.opensuse.base.title=openSUSE Tumbleweed Base Container, org.opencontainers.image.title=openSUSE Tumbleweed Base Container, org.opensuse.lifecycle-url=https://en.opensuse.org/Lifetime, execID=8bf9711b818dfcaf64cba354e11b2ca95deeab299c8ceb8c67fa2f12bc92ffed, org.opencontainers.image.description=Image containing a minimal environment for containers based on openSUSE Tumbleweed., org.opensuse.base.lifecycle-url=https://en.opensuse.org/Lifetime, qdistro_tier3s_token=0559f668cbfa80cba19cc1aea073ea77, io.buildah.version=1.44.1, org.opencontainers.image.vendor=openSUSE Project, org.opensuse.base.created=2026-09-30T20:05:54.126624488Z, org.opensuse.base.description=Image containing a minimal environment for containers based on openSUSE Tumbleweed., org.opensuse.base.vendor=openSUSE Project, org.opensuse.base.version=20260930.37.208, org.qdistro.snapshot=20260930, org.opensuse.base.disturl=obs://build.opensuse.org/openSUSE:Factory/images/561f9d4c8e4e1a441f95ad4ec6b5a914-opensuse-tumbleweed-image:docker, org.openbuildservice.disturl=obs://build.opensuse.org/openSUSE:Factory/images/561f9d4c8e4e1a441f95ad4ec6b5a914-opensuse-tumbleweed-image:docker, org.opencontainers.image.source=https://build.opensuse.org/package/show/openSUSE:Factory/opensuse-tumbleweed-image?rev=561f9d4c8e4e1a441f95ad4ec6b5a914, org.opensuse.base.url=https://www.opensuse.org)
Oct 03 18:31:02 baseweed-admin podman[6171]: 2026-10-03 18:31:02.047041793 +0000 UTC m=+3.217963193 container exec_died 98ed878128977014975351a582cfa6cbeeb1491ebc646d541fcb08fee9956358 (image=localhost/qdistro/tier3s-weston-terminal:latest, name=qdistro-tier3s-s127b, org.opensuse.base.reference=registry.opensuse.org/opensuse/tumbleweed:20260930.37.208, org.opensuse.base.source=https://build.opensuse.org/package/show/openSUSE:Factory/opensuse-tumbleweed-image?rev=561f9d4c8e4e1a441f95ad4ec6b5a914, org.opensuse.base.title=openSUSE Tumbleweed Base Container, org.opensuse.base.lifecycle-url=https://en.opensuse.org/Lifetime, org.opensuse.base.disturl=obs://build.opensuse.org/openSUSE:Factory/images/561f9d4c8e4e1a441f95ad4ec6b5a914-opensuse-tumbleweed-image:docker, org.opensuse.reference=registry.opensuse.org/opensuse/tumbleweed:20260930.37.208, org.opencontainers.image.title=openSUSE Tumbleweed Base Container, org.opencontainers.image.url=https://www.opensuse.org, org.openbuildservice.disturl=obs://build.opensuse.org/openSUSE:Factory/images/561f9d4c8e4e1a441f95ad4ec6b5a914-opensuse-tumbleweed-image:docker, org.opensuse.base.description=Image containing a minimal environment for containers based on openSUSE Tumbleweed., org.opensuse.base.url=https://www.opensuse.org, org.opencontainers.image.created=2026-09-30T20:05:54.126624488Z, org.opencontainers.image.version=20260930.37.208, org.qdistro.tier3s.workload=weston-terminal, org.opencontainers.image.source=https://build.opensuse.org/package/show/openSUSE:Factory/opensuse-tumbleweed-image?rev=561f9d4c8e4e1a441f95ad4ec6b5a914, org.opensuse.base.vendor=openSUSE Project, org.opensuse.base.version=20260930.37.208, io.buildah.version=1.44.1, org.opencontainers.image.description=Image containing a minimal environment for containers based on openSUSE Tumbleweed., org.opensuse.base.created=2026-09-30T20:05:54.126624488Z, org.opencontainers.image.vendor=openSUSE Project, org.qdistro.snapshot=20260930, qdistro_tier3s_unit=qdistro-tier3s-silo@s127b.service, org.opensuse.lifecycle-url=https://en.opensuse.org/Lifetime, qdistro_tier3s_token=0559f668cbfa80cba19cc1aea073ea77, execID=8bf9711b818dfcaf64cba354e11b2ca95deeab299c8ceb8c67fa2f12bc92ffed)
Oct 03 18:31:02 baseweed-admin dbus-run-session[1027]:   INFO qml: [20261003-183102]        PodApps cache refresh loaded 0 apps
Oct 03 18:31:03 baseweed-admin systemd[863]: Started podman-6310.scope.
Oct 03 18:31:03 baseweed-admin systemd[863]: Started podman-6320.scope.
Oct 03 18:31:03 baseweed-admin systemd[863]: Started podman-6333.scope.
Oct 03 18:31:03 baseweed-admin systemd[863]: Started podman-6344.scope.
Oct 03 18:31:03 baseweed-admin dbus-run-session[1027]:   WARN: Process failed to start, likely because the binary could not be found. Command: QList("bluetoothctl", "show")
Oct 03 18:31:04 baseweed-admin systemd[863]: qdistro-polkit-agent.service: Scheduled restart job, restart counter is at 25.
Oct 03 18:31:04 baseweed-admin systemd[863]: Started qdistro polkit authentication agent (PAM / fprintd / broker).
Oct 03 18:31:04 baseweed-admin dbus-run-session[1027]:   WARN qml: [20261003-183104]       Location Weather is still fetching
Oct 03 18:31:04 baseweed-admin dbus-run-session[1027]:  ERROR qml: [20261003-183104]       Location Geocoding error: 0
Oct 03 18:31:04 baseweed-admin qdistro-polkit-agent[6375]: registration failed: org.freedesktop.PolicyKit1.Error.Failed: Cannot determine session the caller is in
Oct 03 18:31:04 baseweed-admin python3[6375]: qdistro-polkit-agent: registration failed: org.freedesktop.PolicyKit1.Error.Failed: Cannot determine session the caller is in
Oct 03 18:31:04 baseweed-admin systemd[863]: qdistro-polkit-agent.service: Main process exited, code=exited, status=1/FAILURE
Oct 03 18:31:04 baseweed-admin systemd[863]: qdistro-polkit-agent.service: Failed with result 'exit-code'.
Oct 03 18:31:05 baseweed-admin dbus-run-session[1027]:   WARN: Process failed to start, likely because the binary could not be found. Command: QList("bluetoothctl", "show")
Oct 03 18:31:06 baseweed-admin dbus-run-session[1027]:   WARN qml: [20261003-183106]        Network Connectivity check error: Error: Not authorized to recheck connectivity.
Oct 03 18:31:07 baseweed-admin dbus-run-session[1027]:   WARN: Process failed to start, likely because the binary could not be found. Command: QList("bluetoothctl", "show")
Oct 03 18:31:07 baseweed-admin systemd[863]: qdistro-polkit-agent.service: Scheduled restart job, restart counter is at 26.
Oct 03 18:31:07 baseweed-admin systemd[863]: Started qdistro polkit authentication agent (PAM / fprintd / broker).
Oct 03 18:31:08 baseweed-admin qdistro-polkit-agent[6448]: registration failed: org.freedesktop.PolicyKit1.Error.Failed: Cannot determine session the caller is in
Oct 03 18:31:08 baseweed-admin python3[6448]: qdistro-polkit-agent: registration failed: org.freedesktop.PolicyKit1.Error.Failed: Cannot determine session the caller is in
Oct 03 18:31:08 baseweed-admin systemd[863]: qdistro-polkit-agent.service: Main process exited, code=exited, status=1/FAILURE
Oct 03 18:31:08 baseweed-admin systemd[863]: qdistro-polkit-agent.service: Failed with result 'exit-code'.
Oct 03 18:31:09 baseweed-admin dbus-run-session[1027]:   WARN: Process failed to start, likely because the binary could not be found. Command: QList("bluetoothctl", "show")
Oct 03 18:31:11 baseweed-admin systemd[863]: qdistro-polkit-agent.service: Scheduled restart job, restart counter is at 27.
Oct 03 18:31:11 baseweed-admin systemd[863]: Started qdistro polkit authentication agent (PAM / fprintd / broker).
Oct 03 18:31:11 baseweed-admin qdistro-polkit-agent[6514]: registration failed: org.freedesktop.PolicyKit1.Error.Failed: Cannot determine session the caller is in
Oct 03 18:31:11 baseweed-admin python3[6514]: qdistro-polkit-agent: registration failed: org.freedesktop.PolicyKit1.Error.Failed: Cannot determine session the caller is in
Oct 03 18:31:11 baseweed-admin systemd[863]: qdistro-polkit-agent.service: Main process exited, code=exited, status=1/FAILURE
Oct 03 18:31:11 baseweed-admin systemd[863]: qdistro-polkit-agent.service: Failed with result 'exit-code'.
Oct 03 18:31:11 baseweed-admin dbus-run-session[1027]:   WARN: Process failed to start, likely because the binary could not be found. Command: QList("bluetoothctl", "show")
Oct 03 18:31:13 baseweed-admin systemd[863]: Started podman-6563.scope.
Oct 03 18:31:13 baseweed-admin systemd[863]: Started podman-6573.scope.
Oct 03 18:31:13 baseweed-admin systemd[863]: Started podman-6589.scope.
Oct 03 18:31:13 baseweed-admin systemd[863]: Started podman-6599.scope.
Oct 03 18:31:13 baseweed-admin dbus-run-session[1027]:   WARN: Process failed to start, likely because the binary could not be found. Command: QList("bluetoothctl", "show")
Oct 03 18:31:14 baseweed-admin systemd[863]: qdistro-polkit-agent.service: Scheduled restart job, restart counter is at 28.
Oct 03 18:31:14 baseweed-admin systemd[863]: Started qdistro polkit authentication agent (PAM / fprintd / broker).
Oct 03 18:31:14 baseweed-admin qdistro-polkit-agent[6622]: registration failed: org.freedesktop.PolicyKit1.Error.Failed: Cannot determine session the caller is in
Oct 03 18:31:14 baseweed-admin python3[6622]: qdistro-polkit-agent: registration failed: org.freedesktop.PolicyKit1.Error.Failed: Cannot determine session the caller is in
Oct 03 18:31:14 baseweed-admin systemd[863]: qdistro-polkit-agent.service: Main process exited, code=exited, status=1/FAILURE
Oct 03 18:31:14 baseweed-admin systemd[863]: qdistro-polkit-agent.service: Failed with result 'exit-code'.
Oct 03 18:31:14 baseweed-admin dbus-run-session[1027]:   INFO qml: [20261003-183114]        PodApps cache refresh loaded 0 apps
Oct 03 18:31:15 baseweed-admin dbus-run-session[1027]:   WARN: Process failed to start, likely because the binary could not be found. Command: QList("bluetoothctl", "show")
Oct 03 18:31:17 baseweed-admin systemd[863]: qdistro-polkit-agent.service: Scheduled restart job, restart counter is at 29.
Oct 03 18:31:17 baseweed-admin systemd[863]: Started qdistro polkit authentication agent (PAM / fprintd / broker).
Oct 03 18:31:17 baseweed-admin qdistro-polkit-agent[6697]: registration failed: org.freedesktop.PolicyKit1.Error.Failed: Cannot determine session the caller is in
Oct 03 18:31:17 baseweed-admin python3[6697]: qdistro-polkit-agent: registration failed: org.freedesktop.PolicyKit1.Error.Failed: Cannot determine session the caller is in
Oct 03 18:31:17 baseweed-admin systemd[863]: qdistro-polkit-agent.service: Main process exited, code=exited, status=1/FAILURE
Oct 03 18:31:17 baseweed-admin systemd[863]: qdistro-polkit-agent.service: Failed with result 'exit-code'.
Oct 03 18:31:17 baseweed-admin dbus-run-session[1027]:   WARN: Process failed to start, likely because the binary could not be found. Command: QList("bluetoothctl", "show")
Oct 03 18:31:19 baseweed-admin dbus-run-session[1027]:   WARN: Process failed to start, likely because the binary could not be found. Command: QList("bluetoothctl", "show")
Oct 03 18:31:20 baseweed-admin systemd[863]: qdistro-polkit-agent.service: Scheduled restart job, restart counter is at 30.
Oct 03 18:31:20 baseweed-admin systemd[863]: Started qdistro polkit authentication agent (PAM / fprintd / broker).
Oct 03 18:31:21 baseweed-admin qdistro-polkit-agent[6774]: registration failed: org.freedesktop.PolicyKit1.Error.Failed: Cannot determine session the caller is in
Oct 03 18:31:21 baseweed-admin python3[6774]: qdistro-polkit-agent: registration failed: org.freedesktop.PolicyKit1.Error.Failed: Cannot determine session the caller is in
Oct 03 18:31:21 baseweed-admin systemd[863]: qdistro-polkit-agent.service: Main process exited, code=exited, status=1/FAILURE
Oct 03 18:31:21 baseweed-admin systemd[863]: qdistro-polkit-agent.service: Failed with result 'exit-code'.
Oct 03 18:31:21 baseweed-admin dbus-run-session[1027]:   WARN qml: [20261003-183121]        Network Connectivity check error: Error: Not authorized to recheck connectivity.
Oct 03 18:31:21 baseweed-admin dbus-run-session[1027]:   WARN: Process failed to start, likely because the binary could not be found. Command: QList("bluetoothctl", "show")
Oct 03 18:31:23 baseweed-admin systemd[863]: Started podman-6846.scope.
Oct 03 18:31:23 baseweed-admin systemd[863]: Started podman-6857.scope.
Oct 03 18:31:23 baseweed-admin systemd[863]: Started podman-6869.scope.
Oct 03 18:31:23 baseweed-admin systemd[863]: Started podman-6879.scope.
Oct 03 18:31:23 baseweed-admin dbus-run-session[1027]:   WARN: Process failed to start, likely because the binary could not be found. Command: QList("bluetoothctl", "show")
Oct 03 18:31:24 baseweed-admin systemd[863]: qdistro-polkit-agent.service: Scheduled restart job, restart counter is at 31.
Oct 03 18:31:24 baseweed-admin systemd[863]: Started qdistro polkit authentication agent (PAM / fprintd / broker).
Oct 03 18:31:24 baseweed-admin qdistro-polkit-agent[6907]: registration failed: org.freedesktop.PolicyKit1.Error.Failed: Cannot determine session the caller is in
Oct 03 18:31:24 baseweed-admin python3[6907]: qdistro-polkit-agent: registration failed: org.freedesktop.PolicyKit1.Error.Failed: Cannot determine session the caller is in
Oct 03 18:31:24 baseweed-admin systemd[863]: qdistro-polkit-agent.service: Main process exited, code=exited, status=1/FAILURE
Oct 03 18:31:24 baseweed-admin systemd[863]: qdistro-polkit-agent.service: Failed with result 'exit-code'.
Oct 03 18:31:24 baseweed-admin dbus-run-session[1027]:   WARN qml: [20261003-183124]       Location Weather is still fetching
Oct 03 18:31:24 baseweed-admin dbus-run-session[1027]:  ERROR qml: [20261003-183124]       Location Geocoding error: 0
Oct 03 18:31:25 baseweed-admin dbus-run-session[1027]:   WARN: Process failed to start, likely because the binary could not be found. Command: QList("bluetoothctl", "show")
Oct 03 18:31:27 baseweed-admin systemd[863]: qdistro-polkit-agent.service: Scheduled restart job, restart counter is at 32.
Oct 03 18:31:27 baseweed-admin systemd[863]: Started qdistro polkit authentication agent (PAM / fprintd / broker).
Oct 03 18:31:27 baseweed-admin qdistro-polkit-agent[6978]: registration failed: org.freedesktop.PolicyKit1.Error.Failed: Cannot determine session the caller is in
Oct 03 18:31:27 baseweed-admin python3[6978]: qdistro-polkit-agent: registration failed: org.freedesktop.PolicyKit1.Error.Failed: Cannot determine session the caller is in
Oct 03 18:31:27 baseweed-admin systemd[863]: qdistro-polkit-agent.service: Main process exited, code=exited, status=1/FAILURE
Oct 03 18:31:27 baseweed-admin systemd[863]: qdistro-polkit-agent.service: Failed with result 'exit-code'.
Oct 03 18:31:27 baseweed-admin dbus-run-session[1027]:   WARN: Process failed to start, likely because the binary could not be found. Command: QList("bluetoothctl", "show")
Oct 03 18:31:29 baseweed-admin weston[936]: [18:31:29.626] qdwin/secctx: helper pid=7013 launcher parent pid=7008 exe unreadable; falling back to verified root-parent + stable-starttime attestation
Oct 03 18:31:29 baseweed-admin weston[936]: [18:31:29.626] qdwin/secctx: helper pid=7013 launcher parent pid=7008 exe unreadable; falling back to verified root-parent + stable-starttime attestation
Oct 03 18:31:29 baseweed-admin weston[936]: [18:31:29.627] qdwin/secctx: helper pid=7013 launcher parent pid=7008 exe unreadable; falling back to verified root-parent + stable-starttime attestation
Oct 03 18:31:29 baseweed-admin weston[936]: [18:31:29.627] qdwin/secctx: helper pid=7013 launcher parent pid=7008 exe unreadable; falling back to verified root-parent + stable-starttime attestation
Oct 03 18:31:29 baseweed-admin weston[936]: [18:31:29.627] qdwin/secctx: manager bound by uid=1000 pid=7013 (helper)
Oct 03 18:31:29 baseweed-admin weston[936]: [18:31:29.627] qdwin/secctx: committed engine=qdistro.tier3s app_id=qdistro.tier3s.s127a instance_id=clipsrc-s127a-1 listen_fd=98 close_fd=99
Oct 03 18:31:29 baseweed-admin weston[936]: [18:31:29.627] qdwin/secctx: client accepted engine=qdistro.tier3s app_id=qdistro.tier3s.s127a instance_id=clipsrc-s127a-1 (total tagged: 4)
Oct 03 18:31:29 baseweed-admin dbus-run-session[1027]:   WARN: Process failed to start, likely because the binary could not be found. Command: QList("bluetoothctl", "show")
Oct 03 18:31:30 baseweed-admin systemd[863]: qdistro-polkit-agent.service: Scheduled restart job, restart counter is at 33.
Oct 03 18:31:30 baseweed-admin systemd[863]: Started qdistro polkit authentication agent (PAM / fprintd / broker).
Oct 03 18:31:30 baseweed-admin qdistro-polkit-agent[7044]: registration failed: org.freedesktop.PolicyKit1.Error.Failed: Cannot determine session the caller is in
Oct 03 18:31:30 baseweed-admin python3[7044]: qdistro-polkit-agent: registration failed: org.freedesktop.PolicyKit1.Error.Failed: Cannot determine session the caller is in
Oct 03 18:31:30 baseweed-admin systemd[863]: qdistro-polkit-agent.service: Main process exited, code=exited, status=1/FAILURE
Oct 03 18:31:30 baseweed-admin systemd[863]: qdistro-polkit-agent.service: Failed with result 'exit-code'.
Oct 03 18:31:31 baseweed-admin dbus-run-session[1027]:   WARN: Process failed to start, likely because the binary could not be found. Command: QList("bluetoothctl", "show")
Oct 03 18:31:33 baseweed-admin systemd[863]: Started podman-7105.scope.
Oct 03 18:31:33 baseweed-admin systemd[863]: Started podman-7115.scope.
Oct 03 18:31:33 baseweed-admin systemd[863]: qdistro-polkit-agent.service: Scheduled restart job, restart counter is at 34.
Oct 03 18:31:33 baseweed-admin systemd[863]: Started podman-7132.scope.
Oct 03 18:31:33 baseweed-admin systemd[863]: Started qdistro polkit authentication agent (PAM / fprintd / broker).
Oct 03 18:31:33 baseweed-admin dbus-run-session[1027]:   WARN: Process failed to start, likely because the binary could not be found. Command: QList("bluetoothctl", "show")
Oct 03 18:31:33 baseweed-admin systemd[863]: Started podman-7144.scope.
Oct 03 18:31:33 baseweed-admin qdistro-polkit-agent[7141]: registration failed: org.freedesktop.PolicyKit1.Error.Failed: Cannot determine session the caller is in
Oct 03 18:31:33 baseweed-admin python3[7141]: qdistro-polkit-agent: registration failed: org.freedesktop.PolicyKit1.Error.Failed: Cannot determine session the caller is in
Oct 03 18:31:33 baseweed-admin systemd[863]: qdistro-polkit-agent.service: Main process exited, code=exited, status=1/FAILURE
Oct 03 18:31:33 baseweed-admin systemd[863]: qdistro-polkit-agent.service: Failed with result 'exit-code'.
Oct 03 18:31:35 baseweed-admin dbus-run-session[1027]:   WARN: Process failed to start, likely because the binary could not be found. Command: QList("bluetoothctl", "show")
Oct 03 18:31:36 baseweed-admin dbus-run-session[1027]:   WARN qml: [20261003-183136]        Network Connectivity check error: Error: Not authorized to recheck connectivity.
Oct 03 18:31:36 baseweed-admin systemd[863]: qdistro-polkit-agent.service: Scheduled restart job, restart counter is at 35.
Oct 03 18:31:36 baseweed-admin systemd[863]: Started qdistro polkit authentication agent (PAM / fprintd / broker).
Oct 03 18:31:37 baseweed-admin qdistro-polkit-agent[7221]: registration failed: org.freedesktop.PolicyKit1.Error.Failed: Cannot determine session the caller is in
Oct 03 18:31:37 baseweed-admin python3[7221]: qdistro-polkit-agent: registration failed: org.freedesktop.PolicyKit1.Error.Failed: Cannot determine session the caller is in
Oct 03 18:31:37 baseweed-admin systemd[863]: qdistro-polkit-agent.service: Main process exited, code=exited, status=1/FAILURE
Oct 03 18:31:37 baseweed-admin systemd[863]: qdistro-polkit-agent.service: Failed with result 'exit-code'.
Oct 03 18:31:37 baseweed-admin dbus-run-session[1027]:   WARN: Process failed to start, likely because the binary could not be found. Command: QList("bluetoothctl", "show")
Oct 03 18:31:39 baseweed-admin dbus-run-session[1027]:   WARN: Process failed to start, likely because the binary could not be found. Command: QList("bluetoothctl", "show")
Oct 03 18:31:40 baseweed-admin systemd[863]: qdistro-polkit-agent.service: Scheduled restart job, restart counter is at 36.
Oct 03 18:31:40 baseweed-admin systemd[863]: Started qdistro polkit authentication agent (PAM / fprintd / broker).
Oct 03 18:31:40 baseweed-admin qdistro-polkit-agent[7288]: registration failed: org.freedesktop.PolicyKit1.Error.Failed: Cannot determine session the caller is in
Oct 03 18:31:40 baseweed-admin python3[7288]: qdistro-polkit-agent: registration failed: org.freedesktop.PolicyKit1.Error.Failed: Cannot determine session the caller is in
Oct 03 18:31:40 baseweed-admin systemd[863]: qdistro-polkit-agent.service: Main process exited, code=exited, status=1/FAILURE
Oct 03 18:31:40 baseweed-admin systemd[863]: qdistro-polkit-agent.service: Failed with result 'exit-code'.
Oct 03 18:31:41 baseweed-admin dbus-run-session[1027]:   WARN: Process failed to start, likely because the binary could not be found. Command: QList("bluetoothctl", "show")
Oct 03 18:31:43 baseweed-admin systemd[863]: qdistro-polkit-agent.service: Scheduled restart job, restart counter is at 37.
Oct 03 18:31:43 baseweed-admin systemd[863]: Started qdistro polkit authentication agent (PAM / fprintd / broker).
Oct 03 18:31:43 baseweed-admin qdistro-polkit-agent[7353]: registration failed: org.freedesktop.PolicyKit1.Error.Failed: Cannot determine session the caller is in
Oct 03 18:31:43 baseweed-admin python3[7353]: qdistro-polkit-agent: registration failed: org.freedesktop.PolicyKit1.Error.Failed: Cannot determine session the caller is in
Oct 03 18:31:43 baseweed-admin systemd[863]: qdistro-polkit-agent.service: Main process exited, code=exited, status=1/FAILURE
Oct 03 18:31:43 baseweed-admin systemd[863]: qdistro-polkit-agent.service: Failed with result 'exit-code'.
Oct 03 18:31:43 baseweed-admin dbus-run-session[1027]:   WARN: Process failed to start, likely because the binary could not be found. Command: QList("bluetoothctl", "show")
Oct 03 18:31:43 baseweed-admin systemd[863]: Started podman-7368.scope.
Oct 03 18:31:43 baseweed-admin systemd[863]: Started podman-7378.scope.
Oct 03 18:31:43 baseweed-admin systemd[863]: Started podman-7391.scope.
Oct 03 18:31:44 baseweed-admin systemd[863]: Started podman-7401.scope.
Oct 03 18:31:44 baseweed-admin dbus-run-session[1027]:   WARN qml: [20261003-183144]       Location Weather is still fetching
Oct 03 18:31:44 baseweed-admin dbus-run-session[1027]:  ERROR qml: [20261003-183144]       Location Geocoding error: 0
Oct 03 18:31:44 baseweed-admin dbus-run-session[1027]:   INFO qml: [20261003-183144]        PodApps cache refresh loaded 0 apps
Oct 03 18:31:45 baseweed-admin dbus-run-session[1027]:   WARN: Process failed to start, likely because the binary could not be found. Command: QList("bluetoothctl", "show")
Oct 03 18:31:46 baseweed-admin systemd[863]: qdistro-polkit-agent.service: Scheduled restart job, restart counter is at 38.
Oct 03 18:31:46 baseweed-admin systemd[863]: Started qdistro polkit authentication agent (PAM / fprintd / broker).
Oct 03 18:31:46 baseweed-admin qdistro-polkit-agent[7476]: registration failed: org.freedesktop.PolicyKit1.Error.Failed: Cannot determine session the caller is in
Oct 03 18:31:46 baseweed-admin python3[7476]: qdistro-polkit-agent: registration failed: org.freedesktop.PolicyKit1.Error.Failed: Cannot determine session the caller is in
Oct 03 18:31:46 baseweed-admin systemd[863]: qdistro-polkit-agent.service: Main process exited, code=exited, status=1/FAILURE
Oct 03 18:31:46 baseweed-admin systemd[863]: qdistro-polkit-agent.service: Failed with result 'exit-code'.
Oct 03 18:31:47 baseweed-admin dbus-run-session[1027]:   WARN: Process failed to start, likely because the binary could not be found. Command: QList("bluetoothctl", "show")
Oct 03 18:31:49 baseweed-admin dbus-run-session[1027]:   WARN: Process failed to start, likely because the binary could not be found. Command: QList("bluetoothctl", "show")
Oct 03 18:31:49 baseweed-admin systemd[863]: qdistro-polkit-agent.service: Scheduled restart job, restart counter is at 39.
Oct 03 18:31:49 baseweed-admin systemd[863]: Started qdistro polkit authentication agent (PAM / fprintd / broker).
Oct 03 18:31:50 baseweed-admin qdistro-polkit-agent[7539]: registration failed: org.freedesktop.PolicyKit1.Error.Failed: Cannot determine session the caller is in
Oct 03 18:31:50 baseweed-admin python3[7539]: qdistro-polkit-agent: registration failed: org.freedesktop.PolicyKit1.Error.Failed: Cannot determine session the caller is in
Oct 03 18:31:50 baseweed-admin systemd[863]: qdistro-polkit-agent.service: Main process exited, code=exited, status=1/FAILURE
Oct 03 18:31:50 baseweed-admin systemd[863]: qdistro-polkit-agent.service: Failed with result 'exit-code'.
Oct 03 18:31:51 baseweed-admin dbus-run-session[1027]:   WARN qml: [20261003-183151]        Network Connectivity check error: Error: Not authorized to recheck connectivity.
Oct 03 18:31:51 baseweed-admin dbus-run-session[1027]:   WARN: Process failed to start, likely because the binary could not be found. Command: QList("bluetoothctl", "show")
Oct 03 18:31:53 baseweed-admin systemd[863]: qdistro-polkit-agent.service: Scheduled restart job, restart counter is at 40.
Oct 03 18:31:53 baseweed-admin systemd[863]: Started qdistro polkit authentication agent (PAM / fprintd / broker).
Oct 03 18:31:53 baseweed-admin qdistro-polkit-agent[7630]: registration failed: org.freedesktop.PolicyKit1.Error.Failed: Cannot determine session the caller is in
Oct 03 18:31:53 baseweed-admin python3[7630]: qdistro-polkit-agent: registration failed: org.freedesktop.PolicyKit1.Error.Failed: Cannot determine session the caller is in
Oct 03 18:31:53 baseweed-admin systemd[863]: Started podman-7642.scope.
Oct 03 18:31:53 baseweed-admin systemd[863]: qdistro-polkit-agent.service: Main process exited, code=exited, status=1/FAILURE
Oct 03 18:31:53 baseweed-admin systemd[863]: qdistro-polkit-agent.service: Failed with result 'exit-code'.
Oct 03 18:31:53 baseweed-admin systemd[863]: Started podman-7668.scope.
Oct 03 18:31:53 baseweed-admin dbus-run-session[1027]:   WARN: Process failed to start, likely because the binary could not be found. Command: QList("bluetoothctl", "show")
Oct 03 18:31:54 baseweed-admin systemd[863]: Started podman-7699.scope.
Oct 03 18:31:54 baseweed-admin systemd[863]: Started podman-7713.scope.
Oct 03 18:31:54 baseweed-admin systemd[863]: Started podman-7725.scope.
Oct 03 18:31:54 baseweed-admin systemd[863]: Started podman-7736.scope.
Oct 03 18:31:55 baseweed-admin dbus-run-session[1027]:   WARN: Process failed to start, likely because the binary could not be found. Command: QList("bluetoothctl", "show")
Oct 03 18:31:56 baseweed-admin systemd[863]: qdistro-polkit-agent.service: Scheduled restart job, restart counter is at 41.
Oct 03 18:31:56 baseweed-admin systemd[863]: Started qdistro polkit authentication agent (PAM / fprintd / broker).
Oct 03 18:31:56 baseweed-admin qdistro-polkit-agent[7783]: registration failed: org.freedesktop.PolicyKit1.Error.Failed: Cannot determine session the caller is in
Oct 03 18:31:56 baseweed-admin python3[7783]: qdistro-polkit-agent: registration failed: org.freedesktop.PolicyKit1.Error.Failed: Cannot determine session the caller is in
Oct 03 18:31:56 baseweed-admin systemd[863]: qdistro-polkit-agent.service: Main process exited, code=exited, status=1/FAILURE
Oct 03 18:31:56 baseweed-admin systemd[863]: qdistro-polkit-agent.service: Failed with result 'exit-code'.
Oct 03 18:31:57 baseweed-admin dbus-run-session[1027]:   WARN: Process failed to start, likely because the binary could not be found. Command: QList("bluetoothctl", "show")
Oct 03 18:31:59 baseweed-admin systemd[863]: qdistro-polkit-agent.service: Scheduled restart job, restart counter is at 42.
Oct 03 18:31:59 baseweed-admin systemd[863]: Started qdistro polkit authentication agent (PAM / fprintd / broker).
Oct 03 18:31:59 baseweed-admin qdistro-polkit-agent[7845]: registration failed: org.freedesktop.PolicyKit1.Error.Failed: Cannot determine session the caller is in
Oct 03 18:31:59 baseweed-admin python3[7845]: qdistro-polkit-agent: registration failed: org.freedesktop.PolicyKit1.Error.Failed: Cannot determine session the caller is in
Oct 03 18:31:59 baseweed-admin systemd[863]: qdistro-polkit-agent.service: Main process exited, code=exited, status=1/FAILURE
Oct 03 18:31:59 baseweed-admin systemd[863]: qdistro-polkit-agent.service: Failed with result 'exit-code'.
Oct 03 18:31:59 baseweed-admin dbus-run-session[1027]:   WARN: Process failed to start, likely because the binary could not be found. Command: QList("bluetoothctl", "show")
Oct 03 18:32:00 baseweed-admin qs[7882]: Detected locale "C" with character encoding "ANSI_X3.4-1968", which is not UTF-8.
                                         Qt depends on a UTF-8 locale, and has switched to "C.UTF-8" instead.
                                         If this causes problems, reconfigure your locale. See the locale(1) manual
                                         for more information.
Oct 03 18:32:00 baseweed-admin dbus-run-session[1027]:   INFO qml: [20261003-183200]  Tier3FocusIPC injectFocus handle=2 seat=default
Oct 03 18:32:00 baseweed-admin dbus-run-session[1027]:   INFO qml: [20261003-183200]          Qdwin ipc injectFocus handle=2 seat=default
Oct 03 18:32:00 baseweed-admin weston[936]: [18:32:00.505] qdwin: selection_set seat=default handle=2 primary=0 mimes='text/plain'
Oct 03 18:32:00 baseweed-admin weston[936]: [18:32:00.505] qdwin: selection_set seat=default handle=2 primary=0 mimes='text/plain'
Oct 03 18:32:00 baseweed-admin weston[936]: [18:32:00.505] qdwin: set_keyboard_focus seat=default handle=2
Oct 03 18:32:00 baseweed-admin weston[936]: [18:32:00.505] qdwin: seat_focus_changed seat=default handle=2
Oct 03 18:32:00 baseweed-admin dbus-run-session[1027]:   INFO qml: [20261003-183200]  ClipboardGate CLIPBOARD_GATE seat=default src_silo=s127b dst_silo=s127b mime_types=text/plain verdict=deny reason=broker:deny
Oct 03 18:32:00 baseweed-admin weston[936]: [18:32:00.542] qdwin: selection_set seat=default handle=2 primary=0 mimes='text/plain'
Oct 03 18:32:00 baseweed-admin weston[936]: [18:32:00.543] qdwin: selection_set seat=default handle=2 primary=0 mimes='text/plain'
Oct 03 18:32:00 baseweed-admin weston[936]: [18:32:00.543] qdwin: clear_selection seat=default clipboard cleared
Oct 03 18:32:00 baseweed-admin dbus-run-session[1027]:   INFO qml: [20261003-183200]  ClipboardGate CLIPBOARD_GATE seat=default src_silo=s127b dst_silo=s127b mime_types=text/plain verdict=deny reason=broker:deny
Oct 03 18:32:00 baseweed-admin dbus-run-session[1027]:   INFO qml: [20261003-183200]  ClipboardGate CLIPBOARD_GATE seat=default src_silo=s127b dst_silo=s127b mime_types=text/plain verdict=deny reason=broker:deny
Oct 03 18:32:00 baseweed-admin dbus-run-session[1027]:   INFO qml: [20261003-183200]  ClipboardGate CLIPBOARD_GATE seat=default src_silo=s127b dst_silo=s127b mime_types=text/plain verdict=deny reason=broker:deny
Oct 03 18:32:01 baseweed-admin dbus-run-session[1027]:   WARN: Process failed to start, likely because the binary could not be found. Command: QList("bluetoothctl", "show")
Oct 03 18:32:02 baseweed-admin systemd[863]: qdistro-polkit-agent.service: Scheduled restart job, restart counter is at 43.
Oct 03 18:32:02 baseweed-admin systemd[863]: Started qdistro polkit authentication agent (PAM / fprintd / broker).
Oct 03 18:32:03 baseweed-admin qdistro-polkit-agent[7908]: registration failed: org.freedesktop.PolicyKit1.Error.Failed: Cannot determine session the caller is in
Oct 03 18:32:03 baseweed-admin python3[7908]: qdistro-polkit-agent: registration failed: org.freedesktop.PolicyKit1.Error.Failed: Cannot determine session the caller is in
Oct 03 18:32:03 baseweed-admin systemd[863]: qdistro-polkit-agent.service: Main process exited, code=exited, status=1/FAILURE
Oct 03 18:32:03 baseweed-admin systemd[863]: qdistro-polkit-agent.service: Failed with result 'exit-code'.
Oct 03 18:32:03 baseweed-admin qs[7915]: Detected locale "C" with character encoding "ANSI_X3.4-1968", which is not UTF-8.
                                         Qt depends on a UTF-8 locale, and has switched to "C.UTF-8" instead.
                                         If this causes problems, reconfigure your locale. See the locale(1) manual
                                         for more information.
Oct 03 18:32:03 baseweed-admin dbus-run-session[1027]:   INFO qml: [20261003-183203]  Tier3FocusIPC injectFocus handle=1 seat=default
Oct 03 18:32:03 baseweed-admin dbus-run-session[1027]:   INFO qml: [20261003-183203]          Qdwin ipc injectFocus handle=1 seat=default
Oct 03 18:32:03 baseweed-admin weston[936]: [18:32:03.583] qdwin: selection_set seat=default handle=2 primary=0 mimes='text/plain'
Oct 03 18:32:03 baseweed-admin weston[936]: [18:32:03.583] qdwin: selection_set seat=default handle=2 primary=0 mimes='text/plain'
Oct 03 18:32:03 baseweed-admin weston[936]: [18:32:03.583] qdwin: focus handle=1 (was 2) seat=default
Oct 03 18:32:03 baseweed-admin weston[936]: [18:32:03.583] qdwin: seat_focus_changed seat=default handle=1
Oct 03 18:32:03 baseweed-admin weston[936]: [18:32:03.583] qdwin: set_keyboard_focus seat=default handle=1
Oct 03 18:32:03 baseweed-admin weston[936]: [18:32:03.583] qdwin: seat_focus_changed seat=default handle=1
Oct 03 18:32:03 baseweed-admin dbus-run-session[1027]:   INFO qml: [20261003-183203]  ClipboardGate CLIPBOARD_GATE seat=default src_silo=s127b dst_silo=s127b mime_types=text/plain verdict=deny reason=broker:deny
Oct 03 18:32:03 baseweed-admin weston[936]: [18:32:03.622] qdwin: selection_set seat=default handle=1 primary=0 mimes='text/plain'
Oct 03 18:32:03 baseweed-admin weston[936]: [18:32:03.622] qdwin: selection_set seat=default handle=1 primary=0 mimes='text/plain'
Oct 03 18:32:03 baseweed-admin weston[936]: [18:32:03.622] qdwin: clear_selection seat=default clipboard cleared
Oct 03 18:32:03 baseweed-admin dbus-run-session[1027]:   INFO qml: [20261003-183203]  ClipboardGate CLIPBOARD_GATE seat=default src_silo=s127b dst_silo=s127b mime_types=text/plain verdict=deny reason=broker:deny
Oct 03 18:32:03 baseweed-admin dbus-run-session[1027]:   INFO qml: [20261003-183203]  ClipboardGate CLIPBOARD_FOCUS_GATE seat=default src_silo=s127b dst_silo=s127a is_primary=0 verdict=deny reason=focus-cross-silo
Oct 03 18:32:03 baseweed-admin weston[936]: [18:32:03.650] qdwin: selection_set seat=default handle=1 primary=0 mimes='text/plain'
Oct 03 18:32:03 baseweed-admin weston[936]: [18:32:03.650] qdwin: selection_set seat=default handle=1 primary=0 mimes='text/plain'
Oct 03 18:32:03 baseweed-admin weston[936]: [18:32:03.650] qdwin: clear_selection seat=default clipboard cleared
Oct 03 18:32:03 baseweed-admin dbus-run-session[1027]:   INFO qml: [20261003-183203]  ClipboardGate CLIPBOARD_GATE seat=default src_silo=s127a dst_silo=s127a mime_types=text/plain verdict=deny reason=broker:deny
Oct 03 18:32:03 baseweed-admin weston[936]: [18:32:03.690] qdwin: selection_set seat=default handle=1 primary=0 mimes='text/plain'
Oct 03 18:32:03 baseweed-admin weston[936]: [18:32:03.690] qdwin: selection_set seat=default handle=1 primary=0 mimes='text/plain'
Oct 03 18:32:03 baseweed-admin weston[936]: [18:32:03.690] qdwin: clear_selection seat=default clipboard cleared
Oct 03 18:32:03 baseweed-admin dbus-run-session[1027]:   INFO qml: [20261003-183203]  ClipboardGate CLIPBOARD_GATE seat=default src_silo=s127a dst_silo=s127a mime_types=text/plain verdict=deny reason=broker:deny
Oct 03 18:32:03 baseweed-admin dbus-run-session[1027]:   INFO qml: [20261003-183203]  ClipboardGate CLIPBOARD_GATE seat=default src_silo=s127a dst_silo=s127a mime_types=text/plain verdict=deny reason=broker:deny
Oct 03 18:32:03 baseweed-admin dbus-run-session[1027]:   INFO qml: [20261003-183203]  ClipboardGate CLIPBOARD_GATE seat=default src_silo=s127a dst_silo=s127a mime_types=text/plain verdict=deny reason=broker:deny
Oct 03 18:32:03 baseweed-admin dbus-run-session[1027]:   INFO qml: [20261003-183203]  ClipboardGate CLIPBOARD_GATE seat=default src_silo=s127a dst_silo=s127a mime_types=text/plain verdict=deny reason=broker:deny
Oct 03 18:32:03 baseweed-admin dbus-run-session[1027]:   INFO qml: [20261003-183203]  ClipboardGate CLIPBOARD_GATE seat=default src_silo=s127a dst_silo=s127a mime_types=text/plain verdict=deny reason=broker:deny
Oct 03 18:32:03 baseweed-admin dbus-run-session[1027]:   WARN: Process failed to start, likely because the binary could not be found. Command: QList("bluetoothctl", "show")
Oct 03 18:32:03 baseweed-admin qs[7943]: Detected locale "C" with character encoding "ANSI_X3.4-1968", which is not UTF-8.
                                         Qt depends on a UTF-8 locale, and has switched to "C.UTF-8" instead.
                                         If this causes problems, reconfigure your locale. See the locale(1) manual
                                         for more information.
Oct 03 18:32:03 baseweed-admin dbus-run-session[1027]:   INFO qml: [20261003-183203]  Tier3FocusIPC injectFocus handle=2 seat=default
Oct 03 18:32:03 baseweed-admin dbus-run-session[1027]:   INFO qml: [20261003-183203]          Qdwin ipc injectFocus handle=2 seat=default
Oct 03 18:32:03 baseweed-admin weston[936]: [18:32:03.897] qdwin: selection_set seat=default handle=1 primary=0 mimes='text/plain'
Oct 03 18:32:03 baseweed-admin weston[936]: [18:32:03.898] qdwin: selection_set seat=default handle=1 primary=0 mimes='text/plain'
Oct 03 18:32:03 baseweed-admin weston[936]: [18:32:03.898] qdwin: focus handle=2 (was 1) seat=default
Oct 03 18:32:03 baseweed-admin weston[936]: [18:32:03.898] qdwin: seat_focus_changed seat=default handle=2
Oct 03 18:32:03 baseweed-admin weston[936]: [18:32:03.898] qdwin: set_keyboard_focus seat=default handle=2
Oct 03 18:32:03 baseweed-admin weston[936]: [18:32:03.898] qdwin: seat_focus_changed seat=default handle=2
Oct 03 18:32:03 baseweed-admin dbus-run-session[1027]:   INFO qml: [20261003-183203]  ClipboardGate CLIPBOARD_GATE seat=default src_silo=s127a dst_silo=s127a mime_types=text/plain verdict=deny reason=broker:deny
Oct 03 18:32:03 baseweed-admin dbus-run-session[1027]:   INFO qml: [20261003-183203]  ClipboardGate CLIPBOARD_GATE seat=default src_silo=s127a dst_silo=s127a mime_types=text/plain verdict=deny reason=broker:deny
Oct 03 18:32:03 baseweed-admin dbus-run-session[1027]:   INFO qml: [20261003-183203]  ClipboardGate CLIPBOARD_FOCUS_GATE seat=default src_silo=s127a dst_silo=s127b is_primary=0 verdict=deny reason=focus-cross-silo
Oct 03 18:32:03 baseweed-admin weston[936]: [18:32:03.960] qdwin: selection_set seat=default handle=2 primary=0 mimes='text/plain'
Oct 03 18:32:03 baseweed-admin weston[936]: [18:32:03.960] qdwin: selection_set seat=default handle=2 primary=0 mimes='text/plain'
Oct 03 18:32:03 baseweed-admin weston[936]: [18:32:03.960] qdwin: clear_selection seat=default clipboard cleared
Oct 03 18:32:03 baseweed-admin dbus-run-session[1027]:   INFO qml: [20261003-183203]  ClipboardGate CLIPBOARD_GATE seat=default src_silo=s127b dst_silo=s127b mime_types=text/plain verdict=deny reason=broker:deny
Oct 03 18:32:04 baseweed-admin dbus-run-session[1027]:   INFO qml: [20261003-183204]  ClipboardGate CLIPBOARD_GATE seat=default src_silo=s127b dst_silo=s127b mime_types=text/plain verdict=deny reason=broker:deny
Oct 03 18:32:04 baseweed-admin systemd[863]: Started podman-7953.scope.
Oct 03 18:32:04 baseweed-admin systemd[863]: Started podman-7963.scope.
Oct 03 18:32:04 baseweed-admin systemd[863]: Started podman-7975.scope.
Oct 03 18:32:04 baseweed-admin systemd[863]: Started podman-7985.scope.
Oct 03 18:32:04 baseweed-admin dbus-run-session[1027]:   WARN qml: [20261003-183204]       Location Weather is still fetching
Oct 03 18:32:04 baseweed-admin dbus-run-session[1027]:  ERROR qml: [20261003-183204]       Location Geocoding error: 0
Oct 03 18:32:05 baseweed-admin dbus-run-session[1027]:   WARN: Process failed to start, likely because the binary could not be found. Command: QList("bluetoothctl", "show")
Oct 03 18:32:06 baseweed-admin systemd[863]: qdistro-polkit-agent.service: Scheduled restart job, restart counter is at 44.
Oct 03 18:32:06 baseweed-admin systemd[863]: Started qdistro polkit authentication agent (PAM / fprintd / broker).
Oct 03 18:32:06 baseweed-admin qdistro-polkit-agent[8048]: registration failed: org.freedesktop.PolicyKit1.Error.Failed: Cannot determine session the caller is in
Oct 03 18:32:06 baseweed-admin python3[8048]: qdistro-polkit-agent: registration failed: org.freedesktop.PolicyKit1.Error.Failed: Cannot determine session the caller is in
Oct 03 18:32:06 baseweed-admin dbus-run-session[1027]:   WARN qml: [20261003-183206]        Network Connectivity check error: Error: Not authorized to recheck connectivity.
Oct 03 18:32:06 baseweed-admin systemd[863]: qdistro-polkit-agent.service: Main process exited, code=exited, status=1/FAILURE
Oct 03 18:32:06 baseweed-admin systemd[863]: qdistro-polkit-agent.service: Failed with result 'exit-code'.
Oct 03 18:32:07 baseweed-admin weston[936]: [18:32:07.239] qdwin: toplevel_removed handle=1
Oct 03 18:32:07 baseweed-admin dbus-run-session[1027]:   WARN: Could not load icon "user-desktop?fallback=application-x-executable" at size QSize(19, 19) from request
Oct 03 18:32:07 baseweed-admin podman[5037]: 2026-10-03 18:32:07.279834823 +0000 UTC m=+84.501689853 container died 83839df22309498add7a6038ad1f05fc949523f5d44d3df4b59ed2dd23bd8d40 (image=localhost/qdistro/tier3s-weston-terminal:latest, name=qdistro-tier3s-s127a, org.opensuse.reference=registry.opensuse.org/opensuse/tumbleweed:20260930.37.208, org.openbuildservice.disturl=obs://build.opensuse.org/openSUSE:Factory/images/561f9d4c8e4e1a441f95ad4ec6b5a914-opensuse-tumbleweed-image:docker, org.opensuse.base.description=Image containing a minimal environment for containers based on openSUSE Tumbleweed., org.opencontainers.image.description=Image containing a minimal environment for containers based on openSUSE Tumbleweed., org.opencontainers.image.vendor=openSUSE Project, org.opencontainers.image.title=openSUSE Tumbleweed Base Container, org.opencontainers.image.url=https://www.opensuse.org, org.opensuse.lifecycle-url=https://en.opensuse.org/Lifetime, org.opencontainers.image.created=2026-09-30T20:05:54.126624488Z, org.opensuse.base.url=https://www.opensuse.org, org.opensuse.base.reference=registry.opensuse.org/opensuse/tumbleweed:20260930.37.208, org.opensuse.base.title=openSUSE Tumbleweed Base Container, org.opensuse.base.created=2026-09-30T20:05:54.126624488Z, org.qdistro.tier3s.workload=weston-terminal, qdistro_tier3s_token=9163669cb1477e61befed52ef9a0fc74, org.opensuse.base.version=20260930.37.208, org.opensuse.base.source=https://build.opensuse.org/package/show/openSUSE:Factory/opensuse-tumbleweed-image?rev=561f9d4c8e4e1a441f95ad4ec6b5a914, qdistro_tier3s_unit=qdistro-tier3s-silo@s127a.service, org.opensuse.base.disturl=obs://build.opensuse.org/openSUSE:Factory/images/561f9d4c8e4e1a441f95ad4ec6b5a914-opensuse-tumbleweed-image:docker, org.qdistro.snapshot=20260930, org.opensuse.base.vendor=openSUSE Project, io.buildah.version=1.44.1, org.opencontainers.image.source=https://build.opensuse.org/package/show/openSUSE:Factory/opensuse-tumbleweed-image?rev=561f9d4c8e4e1a441f95ad4ec6b5a914, org.opencontainers.image.version=20260930.37.208, org.opensuse.base.lifecycle-url=https://en.opensuse.org/Lifetime)
Oct 03 18:32:07 baseweed-admin podman[5037]: 2026-10-03 18:32:07.357024312 +0000 UTC m=+84.578879332 container remove 83839df22309498add7a6038ad1f05fc949523f5d44d3df4b59ed2dd23bd8d40 (image=localhost/qdistro/tier3s-weston-terminal:latest, name=qdistro-tier3s-s127a, org.opensuse.lifecycle-url=https://en.opensuse.org/Lifetime, org.opensuse.base.url=https://www.opensuse.org, org.opensuse.base.created=2026-09-30T20:05:54.126624488Z, org.qdistro.tier3s.workload=weston-terminal, qdistro_tier3s_unit=qdistro-tier3s-silo@s127a.service, org.qdistro.snapshot=20260930, org.opencontainers.image.description=Image containing a minimal environment for containers based on openSUSE Tumbleweed., org.opensuse.base.source=https://build.opensuse.org/package/show/openSUSE:Factory/opensuse-tumbleweed-image?rev=561f9d4c8e4e1a441f95ad4ec6b5a914, org.opensuse.base.disturl=obs://build.opensuse.org/openSUSE:Factory/images/561f9d4c8e4e1a441f95ad4ec6b5a914-opensuse-tumbleweed-image:docker, org.opensuse.base.vendor=openSUSE Project, io.buildah.version=1.44.1, org.opencontainers.image.url=https://www.opensuse.org, org.opensuse.base.version=20260930.37.208, org.opencontainers.image.title=openSUSE Tumbleweed Base Container, org.opencontainers.image.version=20260930.37.208, org.opensuse.reference=registry.opensuse.org/opensuse/tumbleweed:20260930.37.208, org.opensuse.base.lifecycle-url=https://en.opensuse.org/Lifetime, qdistro_tier3s_token=9163669cb1477e61befed52ef9a0fc74, org.opensuse.base.description=Image containing a minimal environment for containers based on openSUSE Tumbleweed., org.opencontainers.image.vendor=openSUSE Project, org.openbuildservice.disturl=obs://build.opensuse.org/openSUSE:Factory/images/561f9d4c8e4e1a441f95ad4ec6b5a914-opensuse-tumbleweed-image:docker, org.opencontainers.image.source=https://build.opensuse.org/package/show/openSUSE:Factory/opensuse-tumbleweed-image?rev=561f9d4c8e4e1a441f95ad4ec6b5a914, org.opencontainers.image.created=2026-09-30T20:05:54.126624488Z, org.opensuse.base.reference=registry.opensuse.org/opensuse/tumbleweed:20260930.37.208, org.opensuse.base.title=openSUSE Tumbleweed Base Container)
Oct 03 18:32:07 baseweed-admin dbus-run-session[1027]:   WARN: Process failed to start, likely because the binary could not be found. Command: QList("bluetoothctl", "show")
Oct 03 18:32:09 baseweed-admin systemd[863]: qdistro-polkit-agent.service: Scheduled restart job, restart counter is at 45.
Oct 03 18:32:09 baseweed-admin systemd[863]: Started podman-10103.scope.
Oct 03 18:32:09 baseweed-admin systemd[863]: Started qdistro polkit authentication agent (PAM / fprintd / broker).
Oct 03 18:32:09 baseweed-admin qdistro-polkit-agent[10111]: registration failed: org.freedesktop.PolicyKit1.Error.Failed: Cannot determine session the caller is in
Oct 03 18:32:09 baseweed-admin python3[10111]: qdistro-polkit-agent: registration failed: org.freedesktop.PolicyKit1.Error.Failed: Cannot determine session the caller is in
Oct 03 18:32:09 baseweed-admin systemd[863]: Started podman-10165.scope.
Oct 03 18:32:09 baseweed-admin systemd[863]: qdistro-polkit-agent.service: Main process exited, code=exited, status=1/FAILURE
Oct 03 18:32:09 baseweed-admin systemd[863]: qdistro-polkit-agent.service: Failed with result 'exit-code'.
Oct 03 18:32:09 baseweed-admin weston[936]: [18:32:09.597] qdwin: toplevel_removed handle=2
Oct 03 18:32:09 baseweed-admin weston[936]: [18:32:09.597] qdwin: focus handle=4294967295 (was 2) seat=default
Oct 03 18:32:09 baseweed-admin weston[936]: [18:32:09.597] qdwin: seat_focus_changed seat=default handle=4294967295
Oct 03 18:32:09 baseweed-admin dbus-run-session[1027]:   WARN: Could not load icon "user-desktop?fallback=application-x-executable" at size QSize(19, 19) from request
Oct 03 18:32:09 baseweed-admin dbus-run-session[1027]:   INFO qml: [20261003-183209]  ClipboardGate CLIPBOARD_FOCUS_GATE seat=default src_silo=s127b dst_silo=unknown is_primary=0 verdict=deny reason=focus-cross-silo
Oct 03 18:32:09 baseweed-admin weston[936]: [18:32:09.600] qdwin: selection_set seat=default handle=4294967295 primary=0 mimes='text/plain'
Oct 03 18:32:09 baseweed-admin weston[936]: [18:32:09.600] qdwin: selection_set seat=default handle=4294967295 primary=0 mimes='text/plain'
Oct 03 18:32:09 baseweed-admin weston[936]: [18:32:09.600] qdwin: clear_selection seat=default clipboard cleared
Oct 03 18:32:09 baseweed-admin dbus-run-session[1027]:   INFO qml: [20261003-183209]  ClipboardGate CLIPBOARD_GATE seat=default src_silo=unknown dst_silo=unknown mime_types=text/plain verdict=deny reason=unknown-identity
Oct 03 18:32:09 baseweed-admin dbus-run-session[1027]:   INFO qml: [20261003-183209]  ClipboardGate CLIPBOARD_GATE seat=default src_silo=unknown dst_silo=unknown mime_types=text/plain verdict=deny reason=unknown-identity
Oct 03 18:32:09 baseweed-admin weston[936]: [18:32:09.608] qdwin: selection_set seat=default handle=4294967295 primary=0 mimes='text/plain'
Oct 03 18:32:09 baseweed-admin weston[936]: [18:32:09.608] qdwin: selection_set seat=default handle=4294967295 primary=0 mimes='text/plain'
Oct 03 18:32:09 baseweed-admin weston[936]: [18:32:09.608] qdwin: clear_selection seat=default clipboard cleared
Oct 03 18:32:09 baseweed-admin dbus-run-session[1027]:   INFO qml: [20261003-183209]  ClipboardGate CLIPBOARD_GATE seat=default src_silo=unknown dst_silo=unknown mime_types=text/plain verdict=deny reason=unknown-identity
Oct 03 18:32:09 baseweed-admin dbus-run-session[1027]:   INFO qml: [20261003-183209]  ClipboardGate CLIPBOARD_GATE seat=default src_silo=unknown dst_silo=unknown mime_types=text/plain verdict=deny reason=unknown-identity
Oct 03 18:32:09 baseweed-admin podman[5823]: 2026-10-03 18:32:09.629686275 +0000 UTC m=+74.310814911 container died 98ed878128977014975351a582cfa6cbeeb1491ebc646d541fcb08fee9956358 (image=localhost/qdistro/tier3s-weston-terminal:latest, name=qdistro-tier3s-s127b, org.qdistro.snapshot=20260930, org.opencontainers.image.description=Image containing a minimal environment for containers based on openSUSE Tumbleweed., org.opensuse.base.description=Image containing a minimal environment for containers based on openSUSE Tumbleweed., org.qdistro.tier3s.workload=weston-terminal, org.opensuse.lifecycle-url=https://en.opensuse.org/Lifetime, org.openbuildservice.disturl=obs://build.opensuse.org/openSUSE:Factory/images/561f9d4c8e4e1a441f95ad4ec6b5a914-opensuse-tumbleweed-image:docker, org.opensuse.base.reference=registry.opensuse.org/opensuse/tumbleweed:20260930.37.208, org.opencontainers.image.created=2026-09-30T20:05:54.126624488Z, org.opensuse.base.vendor=openSUSE Project, org.opencontainers.image.title=openSUSE Tumbleweed Base Container, org.opencontainers.image.source=https://build.opensuse.org/package/show/openSUSE:Factory/opensuse-tumbleweed-image?rev=561f9d4c8e4e1a441f95ad4ec6b5a914, org.opencontainers.image.url=https://www.opensuse.org, org.opencontainers.image.version=20260930.37.208, org.opensuse.base.disturl=obs://build.opensuse.org/openSUSE:Factory/images/561f9d4c8e4e1a441f95ad4ec6b5a914-opensuse-tumbleweed-image:docker, org.opensuse.base.source=https://build.opensuse.org/package/show/openSUSE:Factory/opensuse-tumbleweed-image?rev=561f9d4c8e4e1a441f95ad4ec6b5a914, org.opensuse.base.version=20260930.37.208, org.opensuse.reference=registry.opensuse.org/opensuse/tumbleweed:20260930.37.208, org.opencontainers.image.vendor=openSUSE Project, org.opensuse.base.created=2026-09-30T20:05:54.126624488Z, org.opensuse.base.url=https://www.opensuse.org, qdistro_tier3s_token=0559f668cbfa80cba19cc1aea073ea77, io.buildah.version=1.44.1, org.opensuse.base.title=openSUSE Tumbleweed Base Container, org.opensuse.base.lifecycle-url=https://en.opensuse.org/Lifetime, qdistro_tier3s_unit=qdistro-tier3s-silo@s127b.service)
Oct 03 18:32:09 baseweed-admin podman[5823]: 2026-10-03 18:32:09.711305091 +0000 UTC m=+74.392433727 container remove 98ed878128977014975351a582cfa6cbeeb1491ebc646d541fcb08fee9956358 (image=localhost/qdistro/tier3s-weston-terminal:latest, name=qdistro-tier3s-s127b, org.opensuse.base.description=Image containing a minimal environment for containers based on openSUSE Tumbleweed., org.opencontainers.image.title=openSUSE Tumbleweed Base Container, org.opencontainers.image.version=20260930.37.208, org.opencontainers.image.created=2026-09-30T20:05:54.126624488Z, org.opensuse.base.title=openSUSE Tumbleweed Base Container, org.opencontainers.image.source=https://build.opensuse.org/package/show/openSUSE:Factory/opensuse-tumbleweed-image?rev=561f9d4c8e4e1a441f95ad4ec6b5a914, org.opensuse.base.disturl=obs://build.opensuse.org/openSUSE:Factory/images/561f9d4c8e4e1a441f95ad4ec6b5a914-opensuse-tumbleweed-image:docker, org.opensuse.base.version=20260930.37.208, org.opensuse.base.lifecycle-url=https://en.opensuse.org/Lifetime, io.buildah.version=1.44.1, org.opencontainers.image.url=https://www.opensuse.org, org.opencontainers.image.vendor=openSUSE Project, org.opensuse.base.created=2026-09-30T20:05:54.126624488Z, org.opensuse.base.vendor=openSUSE Project, org.opensuse.base.reference=registry.opensuse.org/opensuse/tumbleweed:20260930.37.208, org.openbuildservice.disturl=obs://build.opensuse.org/openSUSE:Factory/images/561f9d4c8e4e1a441f95ad4ec6b5a914-opensuse-tumbleweed-image:docker, org.opensuse.base.url=https://www.opensuse.org, org.opencontainers.image.description=Image containing a minimal environment for containers based on openSUSE Tumbleweed., org.opensuse.base.source=https://build.opensuse.org/package/show/openSUSE:Factory/opensuse-tumbleweed-image?rev=561f9d4c8e4e1a441f95ad4ec6b5a914, org.opensuse.reference=registry.opensuse.org/opensuse/tumbleweed:20260930.37.208, qdistro_tier3s_unit=qdistro-tier3s-silo@s127b.service, org.qdistro.tier3s.workload=weston-terminal, qdistro_tier3s_token=0559f668cbfa80cba19cc1aea073ea77, org.opensuse.lifecycle-url=https://en.opensuse.org/Lifetime, org.qdistro.snapshot=20260930)
Oct 03 18:32:09 baseweed-admin dbus-run-session[1027]:   WARN: Process failed to start, likely because the binary could not be found. Command: QList("bluetoothctl", "show")
Oct 03 18:32:11 baseweed-admin systemd[863]: Started podman-12079.scope.
Oct 03 18:32:11 baseweed-admin dbus-run-session[1027]:   WARN: Process failed to start, likely because the binary could not be found. Command: QList("bluetoothctl", "show")
Oct 03 18:32:11 baseweed-admin systemd[863]: Started podman-12138.scope.
Oct 03 18:32:11 baseweed-admin systemd[863]: Started podman-12205.scope.
Oct 03 18:32:11 baseweed-admin systemd[863]: Started podman-12215.scope.
Oct 03 18:32:12 baseweed-admin systemd[863]: Started podman-12288.scope.
Oct 03 18:32:12 baseweed-admin systemd[863]: Started podman-12298.scope.
Oct 03 18:32:12 baseweed-admin systemd[863]: Started podman-12344.scope.
Oct 03 18:32:12 baseweed-admin systemd[863]: qdistro-polkit-agent.service: Scheduled restart job, restart counter is at 46.
Oct 03 18:32:12 baseweed-admin systemd[863]: Started qdistro polkit authentication agent (PAM / fprintd / broker).
Oct 03 18:32:12 baseweed-admin qdistro-polkit-agent[12858]: registration failed: org.freedesktop.PolicyKit1.Error.Failed: Cannot determine session the caller is in
Oct 03 18:32:12 baseweed-admin python3[12858]: qdistro-polkit-agent: registration failed: org.freedesktop.PolicyKit1.Error.Failed: Cannot determine session the caller is in
Oct 03 18:32:12 baseweed-admin systemd[863]: qdistro-polkit-agent.service: Main process exited, code=exited, status=1/FAILURE
Oct 03 18:32:12 baseweed-admin systemd[863]: qdistro-polkit-agent.service: Failed with result 'exit-code'.
