Oct 03 16:42:32 baseweed-admin kernel: Linux version 7.2.8-1-default (geeko@buildhost) (gcc (SUSE Linux) 16.2.0, GNU ld (GNU Binutils; openSUSE Tumbleweed) 2.45.0.20251103-4) #1 SMP PREEMPT_DYNAMIC Sat Sep 26 07:00:58 UTC 2026 (9b36732)
Oct 03 16:42:32 baseweed-admin kernel: Command line: BOOT_IMAGE=/boot/vmlinuz-7.2.8-1-default root=UUID=1df5576d-c0e8-4d58-8321-036cc145665a rw quiet systemd.show_status=1 console=ttyS0,115200 console=tty0 security=selinux selinux=1
Oct 03 16:42:32 baseweed-admin kernel: [Firmware Bug]: TSC doesn't count with P0 frequency!
Oct 03 16:42:32 baseweed-admin kernel: BIOS-provided physical RAM map:
Oct 03 16:42:32 baseweed-admin kernel: BIOS-e820: [mem 0x0000000000000000-0x000000000009fbff]  System RAM
Oct 03 16:42:32 baseweed-admin kernel: BIOS-e820: [mem 0x000000000009fc00-0x000000000009ffff]  device reserved
Oct 03 16:42:32 baseweed-admin kernel: BIOS-e820: [gap 0x00000000000a0000-0x00000000000effff]
Oct 03 16:42:32 baseweed-admin kernel: BIOS-e820: [mem 0x00000000000f0000-0x00000000000fffff]  device reserved
Oct 03 16:42:32 baseweed-admin kernel: BIOS-e820: [mem 0x0000000000100000-0x00000000bffdbfff]  System RAM
Oct 03 16:42:32 baseweed-admin kernel: BIOS-e820: [mem 0x00000000bffdc000-0x00000000bfffffff]  device reserved
Oct 03 16:42:32 baseweed-admin kernel: BIOS-e820: [gap 0x00000000c0000000-0x00000000feffbfff]
Oct 03 16:42:32 baseweed-admin kernel: BIOS-e820: [mem 0x00000000feffc000-0x00000000feffffff]  device reserved
Oct 03 16:42:32 baseweed-admin kernel: BIOS-e820: [gap 0x00000000ff000000-0x00000000fffbffff]
Oct 03 16:42:32 baseweed-admin kernel: BIOS-e820: [mem 0x00000000fffc0000-0x00000000ffffffff]  device reserved
Oct 03 16:42:32 baseweed-admin kernel: BIOS-e820: [mem 0x0000000100000000-0x000000013fffffff]  System RAM
Oct 03 16:42:32 baseweed-admin kernel: BIOS-e820: [gap 0x0000000140000000-0x000000fcffffffff]
Oct 03 16:42:32 baseweed-admin kernel: BIOS-e820: [mem 0x000000fd00000000-0x000000ffffffffff]  device reserved
Oct 03 16:42:32 baseweed-admin kernel: NX (Execute Disable) protection: active
Oct 03 16:42:32 baseweed-admin kernel: APIC: Static calls initialized
Oct 03 16:42:32 baseweed-admin kernel: DMI: SMBIOS 2.8 present.
Oct 03 16:42:32 baseweed-admin kernel: DMI: QEMU Standard PC (i440FX + PIIX, 1996), BIOS rel-1.17.0-2-g4f253b9b-prebuilt.qemu.org 04/01/2014
Oct 03 16:42:32 baseweed-admin kernel: DMI: Memory slots populated: 1/1
Oct 03 16:42:32 baseweed-admin kernel: Hypervisor detected: KVM
Oct 03 16:42:32 baseweed-admin kernel: last_pfn = 0xbffdc max_arch_pfn = 0x400000000
Oct 03 16:42:32 baseweed-admin kernel: kvm-clock: Using msrs 4b564d01 and 4b564d00
Oct 03 16:42:32 baseweed-admin kernel: kvm-clock: using sched offset of 9496366811 cycles
Oct 03 16:42:32 baseweed-admin kernel: clocksource: kvm-clock: mask: 0xffffffffffffffff max_cycles: 0x1cd42e4dffb, max_idle_ns: 881590591483 ns
Oct 03 16:42:32 baseweed-admin kernel: tsc: Detected 2994.376 MHz processor
Oct 03 16:42:32 baseweed-admin kernel: e820: update [mem 0x00000000-0x00000fff] System RAM ==> device reserved
Oct 03 16:42:32 baseweed-admin kernel: e820: remove [mem 0x000a0000-0x000fffff] System RAM
Oct 03 16:42:32 baseweed-admin kernel: last_pfn = 0x140000 max_arch_pfn = 0x400000000
Oct 03 16:42:32 baseweed-admin kernel: MTRR map: 4 entries (3 fixed + 1 variable; max 19), built from 8 variable MTRRs
Oct 03 16:42:32 baseweed-admin kernel: x86/PAT: Configuration [0-7]: WB  WC  UC- UC  WB  WP  UC- WT  
Oct 03 16:42:32 baseweed-admin kernel: last_pfn = 0xbffdc max_arch_pfn = 0x400000000
Oct 03 16:42:32 baseweed-admin kernel: found SMP MP-table at [mem 0x000f5410-0x000f541f]
Oct 03 16:42:32 baseweed-admin kernel: Using GB pages for direct mapping
Oct 03 16:42:32 baseweed-admin kernel: RAMDISK: [mem 0x304ad000-0x3424dfff]
Oct 03 16:42:32 baseweed-admin kernel: ACPI: Early table checksum verification disabled
Oct 03 16:42:32 baseweed-admin kernel: ACPI: RSDP 0x00000000000F53D0 000014 (v00 BOCHS )
Oct 03 16:42:32 baseweed-admin kernel: ACPI: RSDT 0x00000000BFFE2119 000034 (v01 BOCHS  BXPC     00000001 BXPC 00000001)
Oct 03 16:42:32 baseweed-admin kernel: ACPI: FACP 0x00000000BFFE1FB5 000074 (v01 BOCHS  BXPC     00000001 BXPC 00000001)
Oct 03 16:42:32 baseweed-admin kernel: ACPI: DSDT 0x00000000BFFDFD80 002235 (v01 BOCHS  BXPC     00000001 BXPC 00000001)
Oct 03 16:42:32 baseweed-admin kernel: ACPI: FACS 0x00000000BFFDFD40 000040
Oct 03 16:42:32 baseweed-admin kernel: ACPI: APIC 0x00000000BFFE2029 000090 (v03 BOCHS  BXPC     00000001 BXPC 00000001)
Oct 03 16:42:32 baseweed-admin kernel: ACPI: HPET 0x00000000BFFE20B9 000038 (v01 BOCHS  BXPC     00000001 BXPC 00000001)
Oct 03 16:42:32 baseweed-admin kernel: ACPI: WAET 0x00000000BFFE20F1 000028 (v01 BOCHS  BXPC     00000001 BXPC 00000001)
Oct 03 16:42:32 baseweed-admin kernel: ACPI: Reserving FACP table memory at [mem 0xbffe1fb5-0xbffe2028]
Oct 03 16:42:32 baseweed-admin kernel: ACPI: Reserving DSDT table memory at [mem 0xbffdfd80-0xbffe1fb4]
Oct 03 16:42:32 baseweed-admin kernel: ACPI: Reserving FACS table memory at [mem 0xbffdfd40-0xbffdfd7f]
Oct 03 16:42:32 baseweed-admin kernel: ACPI: Reserving APIC table memory at [mem 0xbffe2029-0xbffe20b8]
Oct 03 16:42:32 baseweed-admin kernel: ACPI: Reserving HPET table memory at [mem 0xbffe20b9-0xbffe20f0]
Oct 03 16:42:32 baseweed-admin kernel: ACPI: Reserving WAET table memory at [mem 0xbffe20f1-0xbffe2118]
Oct 03 16:42:32 baseweed-admin kernel: No NUMA configuration found
Oct 03 16:42:32 baseweed-admin kernel: Faking a node at [mem 0x0000000000000000-0x000000013fffffff]
Oct 03 16:42:32 baseweed-admin kernel: NODE_DATA(0) allocated [mem 0x13ffd4f80-0x13fffffff]
Oct 03 16:42:32 baseweed-admin kernel: ACPI: PM-Timer IO Port: 0x608
Oct 03 16:42:32 baseweed-admin kernel: ACPI: LAPIC_NMI (acpi_id[0xff] dfl dfl lint[0x1])
Oct 03 16:42:32 baseweed-admin kernel: IOAPIC[0]: apic_id 0, version 17, address 0xfec00000, GSI 0-23
Oct 03 16:42:32 baseweed-admin kernel: ACPI: INT_SRC_OVR (bus 0 bus_irq 0 global_irq 2 dfl dfl)
Oct 03 16:42:32 baseweed-admin kernel: ACPI: INT_SRC_OVR (bus 0 bus_irq 5 global_irq 5 high level)
Oct 03 16:42:32 baseweed-admin kernel: ACPI: INT_SRC_OVR (bus 0 bus_irq 9 global_irq 9 high level)
Oct 03 16:42:32 baseweed-admin kernel: ACPI: INT_SRC_OVR (bus 0 bus_irq 10 global_irq 10 high level)
Oct 03 16:42:32 baseweed-admin kernel: ACPI: INT_SRC_OVR (bus 0 bus_irq 11 global_irq 11 high level)
Oct 03 16:42:32 baseweed-admin kernel: ACPI: Using ACPI (MADT) for SMP configuration information
Oct 03 16:42:32 baseweed-admin kernel: ACPI: HPET id: 0x8086a201 base: 0xfed00000
Oct 03 16:42:32 baseweed-admin kernel: TSC deadline timer available
Oct 03 16:42:32 baseweed-admin kernel: CPU topo: Max. logical packages:   4
Oct 03 16:42:32 baseweed-admin kernel: CPU topo: Max. logical nodes:      1
Oct 03 16:42:32 baseweed-admin kernel: CPU topo: Num. nodes per package:  1
Oct 03 16:42:32 baseweed-admin kernel: CPU topo: Max. logical dies:       4
Oct 03 16:42:32 baseweed-admin kernel: CPU topo: Max. dies per package:   1
Oct 03 16:42:32 baseweed-admin kernel: CPU topo: Max. threads per core:   1
Oct 03 16:42:32 baseweed-admin kernel: CPU topo: Num. cores per package:     1
Oct 03 16:42:32 baseweed-admin kernel: CPU topo: Num. threads per package:   1
Oct 03 16:42:32 baseweed-admin kernel: CPU topo: Allowing 4 present CPUs plus 0 hotplug CPUs
Oct 03 16:42:32 baseweed-admin kernel: kvm-guest: APIC: eoi() replaced with kvm_guest_apic_eoi_write()
Oct 03 16:42:32 baseweed-admin kernel: kvm-guest: KVM setup pv remote TLB flush
Oct 03 16:42:32 baseweed-admin kernel: kvm-guest: setup PV sched yield
Oct 03 16:42:32 baseweed-admin kernel: PM: hibernation: Registered nosave memory: [mem 0x00000000-0x00000fff]
Oct 03 16:42:32 baseweed-admin kernel: PM: hibernation: Registered nosave memory: [mem 0x0009f000-0x000fffff]
Oct 03 16:42:32 baseweed-admin kernel: PM: hibernation: Registered nosave memory: [mem 0xbffdc000-0xffffffff]
Oct 03 16:42:32 baseweed-admin kernel: [gap 0xc0000000-0xfeffbfff] available for PCI devices
Oct 03 16:42:32 baseweed-admin kernel: Booting paravirtualized kernel on KVM
Oct 03 16:42:32 baseweed-admin kernel: clocksource: refined-jiffies: mask: 0xffffffff max_cycles: 0xffffffff, max_idle_ns: 1910969940391419 ns
Oct 03 16:42:32 baseweed-admin kernel: Zone ranges:
Oct 03 16:42:32 baseweed-admin kernel:   DMA      [mem 0x0000000000001000-0x0000000000ffffff]
Oct 03 16:42:32 baseweed-admin kernel:   DMA32    [mem 0x0000000001000000-0x00000000ffffffff]
Oct 03 16:42:32 baseweed-admin kernel:   Normal   [mem 0x0000000100000000-0x000000013fffffff]
Oct 03 16:42:32 baseweed-admin kernel:   Device   empty
Oct 03 16:42:32 baseweed-admin kernel: Movable zone start for each node
Oct 03 16:42:32 baseweed-admin kernel: Early memory node ranges
Oct 03 16:42:32 baseweed-admin kernel:   node   0: [mem 0x0000000000001000-0x000000000009efff]
Oct 03 16:42:32 baseweed-admin kernel:   node   0: [mem 0x0000000000100000-0x00000000bffdbfff]
Oct 03 16:42:32 baseweed-admin kernel:   node   0: [mem 0x0000000100000000-0x000000013fffffff]
Oct 03 16:42:32 baseweed-admin kernel: Initmem setup node 0 [mem 0x0000000000001000-0x000000013fffffff]
Oct 03 16:42:32 baseweed-admin kernel: On node 0, zone DMA: 1 pages in unavailable ranges
Oct 03 16:42:32 baseweed-admin kernel: On node 0, zone DMA: 97 pages in unavailable ranges
Oct 03 16:42:32 baseweed-admin kernel: On node 0, zone Normal: 36 pages in unavailable ranges
Oct 03 16:42:32 baseweed-admin kernel: setup_percpu: NR_CPUS:8192 nr_cpumask_bits:4 nr_cpu_ids:4 nr_node_ids:1
Oct 03 16:42:32 baseweed-admin kernel: percpu: Embedded 88 pages/cpu s237568 r8192 d114688 u524288
Oct 03 16:42:32 baseweed-admin kernel: pcpu-alloc: s237568 r8192 d114688 u524288 alloc=1*2097152
Oct 03 16:42:32 baseweed-admin kernel: pcpu-alloc: [0] 0 1 2 3 
Oct 03 16:42:32 baseweed-admin kernel: kvm-guest: PV spinlocks enabled
Oct 03 16:42:32 baseweed-admin kernel: PV qspinlock hash table entries: 256 (order: 0, 4096 bytes, linear)
Oct 03 16:42:32 baseweed-admin kernel: Kernel command line: BOOT_IMAGE=/boot/vmlinuz-7.2.8-1-default root=UUID=1df5576d-c0e8-4d58-8321-036cc145665a rw quiet systemd.show_status=1 console=ttyS0,115200 console=tty0 security=selinux selinux=1
Oct 03 16:42:32 baseweed-admin kernel: random: crng init done
Oct 03 16:42:32 baseweed-admin kernel: printk: log buffer data + meta data: 262144 + 1114112 = 1376256 bytes
Oct 03 16:42:32 baseweed-admin kernel: Dentry cache hash table entries: 524288 (order: 10, 4194304 bytes, linear)
Oct 03 16:42:32 baseweed-admin kernel: Inode-cache hash table entries: 262144 (order: 9, 2097152 bytes, linear)
Oct 03 16:42:32 baseweed-admin kernel: software IO TLB: area num 4.
Oct 03 16:42:32 baseweed-admin kernel: Fallback order for Node 0: 0 
Oct 03 16:42:32 baseweed-admin kernel: Built 1 zonelists, mobility grouping on.  Total pages: 1048442
Oct 03 16:42:32 baseweed-admin kernel: Policy zone: Normal
Oct 03 16:42:32 baseweed-admin kernel: mem auto-init: stack:off, heap alloc:off, heap free:off
Oct 03 16:42:32 baseweed-admin kernel: SLUB: HWalign=64, Order=0-3, MinObjects=0, CPUs=4, Nodes=1
Oct 03 16:42:32 baseweed-admin kernel: ftrace: allocating 52368 entries in 208 pages
Oct 03 16:42:32 baseweed-admin kernel: ftrace: allocated 208 pages with 3 groups
Oct 03 16:42:32 baseweed-admin kernel: Dynamic Preempt: full
Oct 03 16:42:32 baseweed-admin kernel: rcu: Preemptible hierarchical RCU implementation.
Oct 03 16:42:32 baseweed-admin kernel: rcu:         RCU event tracing is enabled.
Oct 03 16:42:32 baseweed-admin kernel: rcu:         RCU restricting CPUs from NR_CPUS=8192 to nr_cpu_ids=4.
Oct 03 16:42:32 baseweed-admin kernel:         Trampoline variant of Tasks RCU enabled.
Oct 03 16:42:32 baseweed-admin kernel:         Rude variant of Tasks RCU enabled.
Oct 03 16:42:32 baseweed-admin kernel:         Tracing variant of Tasks RCU enabled.
Oct 03 16:42:32 baseweed-admin kernel: rcu: RCU calculated value of scheduler-enlistment delay is 100 jiffies.
Oct 03 16:42:32 baseweed-admin kernel: rcu: Adjusting geometry for rcu_fanout_leaf=16, nr_cpu_ids=4
Oct 03 16:42:32 baseweed-admin kernel: RCU Tasks: Setting shift to 2 and lim to 1 rcu_task_cb_adjust=1 rcu_task_cpu_ids=4.
Oct 03 16:42:32 baseweed-admin kernel: RCU Tasks Rude: Setting shift to 2 and lim to 1 rcu_task_cb_adjust=1 rcu_task_cpu_ids=4.
Oct 03 16:42:32 baseweed-admin kernel: NR_IRQS: 524544, nr_irqs: 456, preallocated irqs: 16
Oct 03 16:42:32 baseweed-admin kernel: rcu: srcu_init: Setting srcu_struct sizes based on contention.
Oct 03 16:42:32 baseweed-admin kernel: clocksource: jiffies: mask: 0xffffffff max_cycles: 0xffffffff, max_idle_ns: 1911260446275000 ns
Oct 03 16:42:32 baseweed-admin kernel: Console: colour VGA+ 80x25
Oct 03 16:42:32 baseweed-admin kernel: printk: legacy console [tty0] enabled
Oct 03 16:42:32 baseweed-admin kernel: printk: legacy console [ttyS0] enabled
Oct 03 16:42:32 baseweed-admin kernel: ACPI: Core revision 20260408
Oct 03 16:42:32 baseweed-admin kernel: clocksource: hpet: mask: 0xffffffff max_cycles: 0xffffffff, max_idle_ns: 19112604467 ns
Oct 03 16:42:32 baseweed-admin kernel: APIC: Switch to symmetric I/O mode setup
Oct 03 16:42:32 baseweed-admin kernel: x2apic enabled
Oct 03 16:42:32 baseweed-admin kernel: APIC: Switched APIC routing to: physical x2apic
Oct 03 16:42:32 baseweed-admin kernel: kvm-guest: APIC: send_IPI_mask() replaced with kvm_send_ipi_mask()
Oct 03 16:42:32 baseweed-admin kernel: kvm-guest: APIC: send_IPI_mask_allbutself() replaced with kvm_send_ipi_mask_allbutself()
Oct 03 16:42:32 baseweed-admin kernel: kvm-guest: setup PV IPIs
Oct 03 16:42:32 baseweed-admin kernel: ..TIMER: vector=0x30 apic1=0 pin1=2 apic2=-1 pin2=-1
Oct 03 16:42:32 baseweed-admin kernel: clocksource: tsc-early: mask: 0xffffffffffffffff max_cycles: 0x2b2984d0609, max_idle_ns: 440795359805 ns
Oct 03 16:42:32 baseweed-admin kernel: Calibrating delay loop (skipped) preset value.. 5988.75 BogoMIPS (lpj=2994376)
Oct 03 16:42:32 baseweed-admin kernel: RDSEED32 is broken. Disabling the corresponding CPUID bit.
Oct 03 16:42:32 baseweed-admin kernel: x86/cpu: User Mode Instruction Prevention (UMIP) activated
Oct 03 16:42:32 baseweed-admin kernel: Last level iTLB entries: 4KB 512, 2MB 255, 4MB 127
Oct 03 16:42:32 baseweed-admin kernel: Last level dTLB entries: 4KB 512, 2MB 255, 4MB 127, 1GB 0
Oct 03 16:42:32 baseweed-admin kernel: mitigations: Enabled attack vectors: user_kernel, user_user, guest_host, guest_guest, SMT mitigations: auto
Oct 03 16:42:32 baseweed-admin kernel: Speculative Store Bypass: Mitigation: Speculative Store Bypass disabled via prctl
Oct 03 16:42:32 baseweed-admin kernel: Spectre V2 : Mitigation: Enhanced / Automatic IBRS
Oct 03 16:42:32 baseweed-admin kernel: Speculative Return Stack Overflow: Mitigation: IBPB on VMEXIT only
Oct 03 16:42:32 baseweed-admin kernel: Spectre V1 : Mitigation: usercopy/swapgs barriers and __user pointer sanitization
Oct 03 16:42:32 baseweed-admin kernel: Spectre V2 : Enabling IBPB for BPF
Oct 03 16:42:32 baseweed-admin kernel: Spectre V2 : mitigation: Enabling conditional Indirect Branch Prediction Barrier
Oct 03 16:42:32 baseweed-admin kernel: x86/fpu: Supporting XSAVE feature 0x001: 'x87 floating point registers'
Oct 03 16:42:32 baseweed-admin kernel: x86/fpu: Supporting XSAVE feature 0x002: 'SSE registers'
Oct 03 16:42:32 baseweed-admin kernel: x86/fpu: Supporting XSAVE feature 0x004: 'AVX registers'
Oct 03 16:42:32 baseweed-admin kernel: x86/fpu: Supporting XSAVE feature 0x020: 'AVX-512 opmask'
Oct 03 16:42:32 baseweed-admin kernel: x86/fpu: Supporting XSAVE feature 0x040: 'AVX-512 Hi256'
Oct 03 16:42:32 baseweed-admin kernel: x86/fpu: Supporting XSAVE feature 0x080: 'AVX-512 ZMM_Hi256'
Oct 03 16:42:32 baseweed-admin kernel: x86/fpu: Supporting XSAVE feature 0x200: 'Protection Keys User registers'
Oct 03 16:42:32 baseweed-admin kernel: x86/fpu: Supporting XSAVE feature 0x800: 'Control-flow User registers'
Oct 03 16:42:32 baseweed-admin kernel: x86/fpu: Supporting XSAVE feature 0x1000: 'Control-flow Kernel registers (KVM only)'
Oct 03 16:42:32 baseweed-admin kernel: x86/fpu: xstate_offset[2]:  576, xstate_sizes[2]:  256
Oct 03 16:42:32 baseweed-admin kernel: x86/fpu: xstate_offset[5]:  832, xstate_sizes[5]:   64
Oct 03 16:42:32 baseweed-admin kernel: x86/fpu: xstate_offset[6]:  896, xstate_sizes[6]:  512
Oct 03 16:42:32 baseweed-admin kernel: x86/fpu: xstate_offset[7]: 1408, xstate_sizes[7]: 1024
Oct 03 16:42:32 baseweed-admin kernel: x86/fpu: xstate_offset[9]: 2432, xstate_sizes[9]:    8
Oct 03 16:42:32 baseweed-admin kernel: x86/fpu: xstate_offset[11]: 2440, xstate_sizes[11]:   16
Oct 03 16:42:32 baseweed-admin kernel: x86/fpu: xstate_offset[12]: 2456, xstate_sizes[12]:   24
Oct 03 16:42:32 baseweed-admin kernel: x86/fpu: Enabled xstate features 0x1ae7, context size is 2480 bytes, using 'compacted' format.
Oct 03 16:42:32 baseweed-admin kernel: pid_max: default: 32768 minimum: 301
Oct 03 16:42:32 baseweed-admin kernel: landlock: Up and running.
Oct 03 16:42:32 baseweed-admin kernel: Yama: becoming mindful.
Oct 03 16:42:32 baseweed-admin kernel: SELinux:  Initializing.
Oct 03 16:42:32 baseweed-admin kernel: LSM support for eBPF active
Oct 03 16:42:32 baseweed-admin kernel: Mount-cache hash table entries: 8192 (order: 4, 65536 bytes, linear)
Oct 03 16:42:32 baseweed-admin kernel: Mountpoint-cache hash table entries: 8192 (order: 4, 65536 bytes, linear)
Oct 03 16:42:32 baseweed-admin kernel: VFS: Finished mounting rootfs on nullfs
Oct 03 16:42:32 baseweed-admin kernel: smpboot: CPU0: AMD RYZEN AI MAX+ PRO 395 w/ Radeon 8060S (family: 0x1a, model: 0x70, stepping: 0x0)
Oct 03 16:42:32 baseweed-admin kernel: Performance Events: Fam17h+ core perfctr, AMD PMU driver.
Oct 03 16:42:32 baseweed-admin kernel: ... version:                   2
Oct 03 16:42:32 baseweed-admin kernel: ... bit width:                 48
Oct 03 16:42:32 baseweed-admin kernel: ... generic counters:          6
Oct 03 16:42:32 baseweed-admin kernel: ... generic bitmap:            000000000000003f
Oct 03 16:42:32 baseweed-admin kernel: ... fixed-purpose counters:    0
Oct 03 16:42:32 baseweed-admin kernel: ... fixed-purpose bitmap:      0000000000000000
Oct 03 16:42:32 baseweed-admin kernel: ... value mask:                0000ffffffffffff
Oct 03 16:42:32 baseweed-admin kernel: ... max period:                00007fffffffffff
Oct 03 16:42:32 baseweed-admin kernel: ... global_ctrl mask:          000000000000003f
Oct 03 16:42:32 baseweed-admin kernel: signal: max sigframe size: 3376
Oct 03 16:42:32 baseweed-admin kernel: rcu: Hierarchical SRCU implementation.
Oct 03 16:42:32 baseweed-admin kernel: rcu:         Max phase no-delay instances is 400.
Oct 03 16:42:32 baseweed-admin kernel: Timer migration: 1 hierarchy levels; 8 children per group; 1 crossnode level
Oct 03 16:42:32 baseweed-admin kernel: smp: Bringing up secondary CPUs ...
Oct 03 16:42:32 baseweed-admin kernel: smpboot: x86: Booting SMP configuration:
Oct 03 16:42:32 baseweed-admin kernel: .... node  #0, CPUs:      #1 #2 #3
Oct 03 16:42:32 baseweed-admin kernel: smp: Brought up 1 node, 4 CPUs
Oct 03 16:42:32 baseweed-admin kernel: smpboot: Total of 4 processors activated (23955.00 BogoMIPS)
Oct 03 16:42:32 baseweed-admin kernel: node 0 deferred pages initialised in 18ms
Oct 03 16:42:32 baseweed-admin kernel: Memory: 3928520K/4193768K available (18797K kernel code, 3308K rwdata, 15668K rodata, 4768K init, 5744K bss, 258772K reserved, 0K cma-reserved)
Oct 03 16:42:32 baseweed-admin kernel: devtmpfs: initialized
Oct 03 16:42:32 baseweed-admin kernel: x86/mm: Memory block size: 128MB
Oct 03 16:42:32 baseweed-admin kernel: posixtimers hash table entries: 2048 (order: 3, 32768 bytes, linear)
Oct 03 16:42:32 baseweed-admin kernel: futex hash table entries: 1024 (65536 bytes on 1 NUMA nodes, total 64 KiB, linear).
Oct 03 16:42:32 baseweed-admin kernel: PM: RTC time: 16:42:30, date: 2026-10-03
Oct 03 16:42:32 baseweed-admin kernel: NET: Registered PF_NETLINK/PF_ROUTE protocol family
Oct 03 16:42:32 baseweed-admin kernel: DMA: preallocated 512 KiB GFP_KERNEL pool for atomic allocations
Oct 03 16:42:32 baseweed-admin kernel: DMA: preallocated 512 KiB GFP_KERNEL|GFP_DMA pool for atomic allocations
Oct 03 16:42:32 baseweed-admin kernel: DMA: preallocated 512 KiB GFP_KERNEL|GFP_DMA32 pool for atomic allocations
Oct 03 16:42:32 baseweed-admin kernel: audit: initializing netlink subsys (disabled)
Oct 03 16:42:32 baseweed-admin kernel: audit: type=2000 audit(1791045751.065:1): state=initialized audit_enabled=0 res=1
Oct 03 16:42:32 baseweed-admin kernel: thermal_sys: Registered thermal governor 'fair_share'
Oct 03 16:42:32 baseweed-admin kernel: thermal_sys: Registered thermal governor 'bang_bang'
Oct 03 16:42:32 baseweed-admin kernel: thermal_sys: Registered thermal governor 'step_wise'
Oct 03 16:42:32 baseweed-admin kernel: thermal_sys: Registered thermal governor 'user_space'
Oct 03 16:42:32 baseweed-admin kernel: cpuidle: using governor ladder
Oct 03 16:42:32 baseweed-admin kernel: cpuidle: using governor menu
Oct 03 16:42:32 baseweed-admin kernel: Freeing SMP alternatives memory: 48K
Oct 03 16:42:32 baseweed-admin kernel: acpiphp: ACPI Hot Plug PCI Controller Driver version: 0.5
Oct 03 16:42:32 baseweed-admin kernel: PCI: Using configuration type 1 for base access
Oct 03 16:42:32 baseweed-admin kernel: PCI: Using configuration type 1 for extended access
Oct 03 16:42:32 baseweed-admin kernel: kprobes: kprobe jump-optimization is enabled. All kprobes are optimized if possible.
Oct 03 16:42:32 baseweed-admin kernel: HugeTLB: registered 1.00 GiB page size, pre-allocated 0 pages
Oct 03 16:42:32 baseweed-admin kernel: HugeTLB: 16380 KiB vmemmap can be freed for a 1.00 GiB page
Oct 03 16:42:32 baseweed-admin kernel: HugeTLB: registered 2.00 MiB page size, pre-allocated 0 pages
Oct 03 16:42:32 baseweed-admin kernel: HugeTLB: 28 KiB vmemmap can be freed for a 2.00 MiB page
Oct 03 16:42:32 baseweed-admin kernel: ACPI: Added _OSI(Module Device)
Oct 03 16:42:32 baseweed-admin kernel: ACPI: Added _OSI(Processor Device)
Oct 03 16:42:32 baseweed-admin kernel: ACPI: Added _OSI(Processor Aggregator Device)
Oct 03 16:42:32 baseweed-admin kernel: ACPI: 1 ACPI AML tables successfully acquired and loaded
Oct 03 16:42:32 baseweed-admin kernel: ACPI: \_SB_: platform _OSC: OS support mask [006e7eff]
Oct 03 16:42:32 baseweed-admin kernel: ACPI: Interpreter enabled
Oct 03 16:42:32 baseweed-admin kernel: ACPI: PM: (supports S0 S3 S4 S5)
Oct 03 16:42:32 baseweed-admin kernel: ACPI: Using IOAPIC for interrupt routing
Oct 03 16:42:32 baseweed-admin kernel: PCI: Using host bridge windows from ACPI; if necessary, use "pci=nocrs" and report a bug
Oct 03 16:42:32 baseweed-admin kernel: PCI: Using E820 reservations for host bridge windows
Oct 03 16:42:32 baseweed-admin kernel: ACPI: Enabled 2 GPEs in block 00 to 0F
Oct 03 16:42:32 baseweed-admin kernel: ACPI: PCI Root Bridge [PCI0] (domain 0000 [bus 00-ff])
Oct 03 16:42:32 baseweed-admin kernel: acpiphp: Slot [2] registered
Oct 03 16:42:32 baseweed-admin kernel: acpiphp: Slot [3] registered
Oct 03 16:42:32 baseweed-admin kernel: acpiphp: Slot [4] registered
Oct 03 16:42:32 baseweed-admin kernel: acpiphp: Slot [5] registered
Oct 03 16:42:32 baseweed-admin kernel: acpiphp: Slot [6] registered
Oct 03 16:42:32 baseweed-admin kernel: acpiphp: Slot [7] registered
Oct 03 16:42:32 baseweed-admin kernel: acpiphp: Slot [8] registered
Oct 03 16:42:32 baseweed-admin kernel: acpiphp: Slot [9] registered
Oct 03 16:42:32 baseweed-admin kernel: acpiphp: Slot [10] registered
Oct 03 16:42:32 baseweed-admin kernel: acpiphp: Slot [11] registered
Oct 03 16:42:32 baseweed-admin kernel: acpiphp: Slot [12] registered
Oct 03 16:42:32 baseweed-admin kernel: acpiphp: Slot [13] registered
Oct 03 16:42:32 baseweed-admin kernel: acpiphp: Slot [14] registered
Oct 03 16:42:32 baseweed-admin kernel: acpiphp: Slot [15] registered
Oct 03 16:42:32 baseweed-admin kernel: acpiphp: Slot [17] registered
Oct 03 16:42:32 baseweed-admin kernel: acpiphp: Slot [18] registered
Oct 03 16:42:32 baseweed-admin kernel: acpiphp: Slot [19] registered
Oct 03 16:42:32 baseweed-admin kernel: acpiphp: Slot [20] registered
Oct 03 16:42:32 baseweed-admin kernel: acpiphp: Slot [21] registered
Oct 03 16:42:32 baseweed-admin kernel: acpiphp: Slot [22] registered
Oct 03 16:42:32 baseweed-admin kernel: acpiphp: Slot [23] registered
Oct 03 16:42:32 baseweed-admin kernel: acpiphp: Slot [24] registered
Oct 03 16:42:32 baseweed-admin kernel: acpiphp: Slot [25] registered
Oct 03 16:42:32 baseweed-admin kernel: acpiphp: Slot [26] registered
Oct 03 16:42:32 baseweed-admin kernel: acpiphp: Slot [27] registered
Oct 03 16:42:32 baseweed-admin kernel: acpiphp: Slot [28] registered
Oct 03 16:42:32 baseweed-admin kernel: acpiphp: Slot [29] registered
Oct 03 16:42:32 baseweed-admin kernel: acpiphp: Slot [30] registered
Oct 03 16:42:32 baseweed-admin kernel: acpiphp: Slot [31] registered
Oct 03 16:42:32 baseweed-admin kernel: PCI host bridge to bus 0000:00
Oct 03 16:42:32 baseweed-admin kernel: pci_bus 0000:00: root bus resource [io  0x0000-0x0cf7 window]
Oct 03 16:42:32 baseweed-admin kernel: pci_bus 0000:00: root bus resource [io  0x0d00-0xffff window]
Oct 03 16:42:32 baseweed-admin kernel: pci_bus 0000:00: root bus resource [mem 0x000a0000-0x000bffff window]
Oct 03 16:42:32 baseweed-admin kernel: pci_bus 0000:00: root bus resource [mem 0xc0000000-0xfebfffff window]
Oct 03 16:42:32 baseweed-admin kernel: pci_bus 0000:00: root bus resource [mem 0xe0000000000-0xe007fffffff window]
Oct 03 16:42:32 baseweed-admin kernel: pci_bus 0000:00: root bus resource [bus 00-ff]
Oct 03 16:42:32 baseweed-admin kernel: pci 0000:00:00.0: [8086:1237] type 00 class 0x060000 conventional PCI endpoint
Oct 03 16:42:32 baseweed-admin kernel: pci 0000:00:01.0: [8086:7000] type 00 class 0x060100 conventional PCI endpoint
Oct 03 16:42:32 baseweed-admin kernel: pci 0000:00:01.1: [8086:7010] type 00 class 0x010180 conventional PCI endpoint
Oct 03 16:42:32 baseweed-admin kernel: pci 0000:00:01.1: BAR 4 [io  0xc120-0xc12f]
Oct 03 16:42:32 baseweed-admin kernel: pci 0000:00:01.1: BAR 0 [io  0x01f0-0x01f7]: legacy IDE quirk
Oct 03 16:42:32 baseweed-admin kernel: pci 0000:00:01.1: BAR 1 [io  0x03f6]: legacy IDE quirk
Oct 03 16:42:32 baseweed-admin kernel: pci 0000:00:01.1: BAR 2 [io  0x0170-0x0177]: legacy IDE quirk
Oct 03 16:42:32 baseweed-admin kernel: pci 0000:00:01.1: BAR 3 [io  0x0376]: legacy IDE quirk
Oct 03 16:42:32 baseweed-admin kernel: pci 0000:00:01.3: [8086:7113] type 00 class 0x068000 conventional PCI endpoint
Oct 03 16:42:32 baseweed-admin kernel: pci 0000:00:01.3: quirk: [io  0x0600-0x063f] claimed by PIIX4 ACPI
Oct 03 16:42:32 baseweed-admin kernel: pci 0000:00:01.3: quirk: [io  0x0700-0x070f] claimed by PIIX4 SMB
Oct 03 16:42:32 baseweed-admin kernel: pci 0000:00:02.0: [1af4:1000] type 00 class 0x020000 conventional PCI endpoint
Oct 03 16:42:32 baseweed-admin kernel: pci 0000:00:02.0: BAR 0 [io  0xc100-0xc11f]
Oct 03 16:42:32 baseweed-admin kernel: pci 0000:00:02.0: BAR 1 [mem 0xfebc8000-0xfebc8fff]
Oct 03 16:42:32 baseweed-admin kernel: pci 0000:00:02.0: BAR 4 [mem 0xe0008000000-0xe0008003fff 64bit pref]
Oct 03 16:42:32 baseweed-admin kernel: pci 0000:00:02.0: ROM [mem 0xfeb80000-0xfebbffff pref]
Oct 03 16:42:32 baseweed-admin kernel: pci 0000:00:03.0: [8086:293e] type 00 class 0x040300 conventional PCI endpoint
Oct 03 16:42:32 baseweed-admin kernel: pci 0000:00:03.0: BAR 0 [mem 0xfebc0000-0xfebc3fff]
Oct 03 16:42:32 baseweed-admin kernel: pci 0000:00:04.0: [1b36:000d] type 00 class 0x0c0330 conventional PCI endpoint
Oct 03 16:42:32 baseweed-admin kernel: pci 0000:00:04.0: BAR 0 [mem 0xfebc4000-0xfebc7fff 64bit]
Oct 03 16:42:32 baseweed-admin kernel: pci 0000:00:05.0: [1af4:1003] type 00 class 0x078000 conventional PCI endpoint
Oct 03 16:42:32 baseweed-admin kernel: pci 0000:00:05.0: BAR 0 [io  0xc080-0xc0bf]
Oct 03 16:42:32 baseweed-admin kernel: pci 0000:00:05.0: BAR 1 [mem 0xfebc9000-0xfebc9fff]
Oct 03 16:42:32 baseweed-admin kernel: pci 0000:00:05.0: BAR 4 [mem 0xe0008004000-0xe0008007fff 64bit pref]
Oct 03 16:42:32 baseweed-admin kernel: pci 0000:00:06.0: [1af4:1001] type 00 class 0x010000 conventional PCI endpoint
Oct 03 16:42:32 baseweed-admin kernel: pci 0000:00:06.0: BAR 0 [io  0xc000-0xc07f]
Oct 03 16:42:32 baseweed-admin kernel: pci 0000:00:06.0: BAR 1 [mem 0xfebca000-0xfebcafff]
Oct 03 16:42:32 baseweed-admin kernel: pci 0000:00:06.0: BAR 4 [mem 0xe0008008000-0xe000800bfff 64bit pref]
Oct 03 16:42:32 baseweed-admin kernel: pci 0000:00:07.0: [1af4:1002] type 00 class 0x00ff00 conventional PCI endpoint
Oct 03 16:42:32 baseweed-admin kernel: pci 0000:00:07.0: BAR 0 [io  0xc0c0-0xc0ff]
Oct 03 16:42:32 baseweed-admin kernel: pci 0000:00:07.0: BAR 1 [mem 0xfebcb000-0xfebcbfff]
Oct 03 16:42:32 baseweed-admin kernel: pci 0000:00:07.0: BAR 4 [mem 0xe000800c000-0xe000800ffff 64bit pref]
Oct 03 16:42:32 baseweed-admin kernel: pci 0000:00:10.0: [1af4:1050] type 00 class 0x038000 conventional PCI endpoint
Oct 03 16:42:32 baseweed-admin kernel: pci 0000:00:10.0: BAR 1 [mem 0xfebcc000-0xfebccfff]
Oct 03 16:42:32 baseweed-admin kernel: pci 0000:00:10.0: BAR 2 [mem 0xe0008010000-0xe0008013fff 64bit pref]
Oct 03 16:42:32 baseweed-admin kernel: pci 0000:00:10.0: BAR 4 [mem 0xe0000000000-0xe0007ffffff 64bit pref]
Oct 03 16:42:32 baseweed-admin kernel: ACPI: PCI: Interrupt link LNKA configured for IRQ 10
Oct 03 16:42:32 baseweed-admin kernel: ACPI: PCI: Interrupt link LNKB configured for IRQ 10
Oct 03 16:42:32 baseweed-admin kernel: ACPI: PCI: Interrupt link LNKC configured for IRQ 11
Oct 03 16:42:32 baseweed-admin kernel: ACPI: PCI: Interrupt link LNKD configured for IRQ 11
Oct 03 16:42:32 baseweed-admin kernel: ACPI: PCI: Interrupt link LNKS configured for IRQ 9
Oct 03 16:42:32 baseweed-admin kernel: iommu: Default domain type: Passthrough
Oct 03 16:42:32 baseweed-admin kernel: pps_core: LinuxPPS API ver. 1 registered
Oct 03 16:42:32 baseweed-admin kernel: pps_core: Software ver. 5.3.6 - Copyright 2005-2007 Rodolfo Giometti <giometti@linux.it>
Oct 03 16:42:32 baseweed-admin kernel: PTP clock support registered
Oct 03 16:42:32 baseweed-admin kernel: EDAC MC: Ver: 3.0.0
Oct 03 16:42:32 baseweed-admin kernel: NetLabel: Initializing
Oct 03 16:42:32 baseweed-admin kernel: NetLabel:  domain hash size = 128
Oct 03 16:42:32 baseweed-admin kernel: NetLabel:  protocols = UNLABELED CIPSOv4 CALIPSO
Oct 03 16:42:32 baseweed-admin kernel: NetLabel:  unlabeled traffic allowed by default
Oct 03 16:42:32 baseweed-admin kernel: mctp: management component transport protocol core
Oct 03 16:42:32 baseweed-admin kernel: NET: Registered PF_MCTP protocol family
Oct 03 16:42:32 baseweed-admin kernel: PCI: Using ACPI for IRQ routing
Oct 03 16:42:32 baseweed-admin kernel: PCI: pci_cache_line_size set to 64 bytes
Oct 03 16:42:32 baseweed-admin kernel: e820: register RAM buffer resource [mem 0x0009fc00-0x0009ffff]
Oct 03 16:42:32 baseweed-admin kernel: e820: register RAM buffer resource [mem 0xbffdc000-0xbfffffff]
Oct 03 16:42:32 baseweed-admin kernel: vgaarb: loaded
Oct 03 16:42:32 baseweed-admin kernel: hpet0: at MMIO 0xfed00000, IRQs 2, 8, 0
Oct 03 16:42:32 baseweed-admin kernel: hpet0: 3 comparators, 64-bit 100.000000 MHz counter
Oct 03 16:42:32 baseweed-admin kernel: clocksource: Switched to clocksource kvm-clock
Oct 03 16:42:32 baseweed-admin kernel: VFS: Disk quotas dquot_6.6.0
Oct 03 16:42:32 baseweed-admin kernel: VFS: Dquot-cache hash table entries: 512 (4096 bytes)
Oct 03 16:42:32 baseweed-admin kernel: pnp: PnP ACPI init
Oct 03 16:42:32 baseweed-admin kernel: ACPI: IRQ 4 override to edge(!), high(!)
Oct 03 16:42:32 baseweed-admin kernel: pnp 00:03: [dma 2]
Oct 03 16:42:32 baseweed-admin kernel: pnp: PnP ACPI: found 4 devices
Oct 03 16:42:32 baseweed-admin kernel: clocksource: acpi_pm: mask: 0xffffff max_cycles: 0xffffff, max_idle_ns: 2085701024 ns
Oct 03 16:42:32 baseweed-admin kernel: NET: Registered PF_INET protocol family
Oct 03 16:42:32 baseweed-admin kernel: IP idents hash table entries: 65536 (order: 7, 524288 bytes, linear)
Oct 03 16:42:32 baseweed-admin kernel: tcp_listen_portaddr_hash hash table entries: 2048 (order: 3, 32768 bytes, linear)
Oct 03 16:42:32 baseweed-admin kernel: Table-perturb hash table entries: 65536 (order: 6, 262144 bytes, linear)
Oct 03 16:42:32 baseweed-admin kernel: TCP established hash table entries: 32768 (order: 6, 262144 bytes, linear)
Oct 03 16:42:32 baseweed-admin kernel: TCP bind hash table entries: 32768 (order: 8, 1048576 bytes, linear)
Oct 03 16:42:32 baseweed-admin kernel: TCP: Hash tables configured (established 32768 bind 32768)
Oct 03 16:42:32 baseweed-admin kernel: MPTCP token hash table entries: 4096 (order: 5, 98304 bytes, linear)
Oct 03 16:42:32 baseweed-admin kernel: UDP hash table entries: 2048 (order: 5, 131072 bytes, linear)
Oct 03 16:42:32 baseweed-admin kernel: NET: Registered PF_UNIX/PF_LOCAL protocol family
Oct 03 16:42:32 baseweed-admin kernel: NET: Registered PF_XDP protocol family
Oct 03 16:42:32 baseweed-admin kernel: pci_bus 0000:00: resource 4 [io  0x0000-0x0cf7 window]
Oct 03 16:42:32 baseweed-admin kernel: pci_bus 0000:00: resource 5 [io  0x0d00-0xffff window]
Oct 03 16:42:32 baseweed-admin kernel: pci_bus 0000:00: resource 6 [mem 0x000a0000-0x000bffff window]
Oct 03 16:42:32 baseweed-admin kernel: pci_bus 0000:00: resource 7 [mem 0xc0000000-0xfebfffff window]
Oct 03 16:42:32 baseweed-admin kernel: pci_bus 0000:00: resource 8 [mem 0xe0000000000-0xe007fffffff window]
Oct 03 16:42:32 baseweed-admin kernel: pci 0000:00:01.0: PIIX3: Enabling Passive Release
Oct 03 16:42:32 baseweed-admin kernel: pci 0000:00:00.0: Limiting direct PCI/PCI transfers
Oct 03 16:42:32 baseweed-admin kernel: ACPI: \_SB_.LNKD: Enabled at IRQ 11
Oct 03 16:42:32 baseweed-admin kernel: PCI: CLS 0 bytes, default 64
Oct 03 16:42:32 baseweed-admin kernel: PCI-DMA: Using software bounce buffering for IO (SWIOTLB)
Oct 03 16:42:32 baseweed-admin kernel: software IO TLB: mapped [mem 0x00000000bbfdc000-0x00000000bffdc000] (64MB)
Oct 03 16:42:32 baseweed-admin kernel: clocksource: tsc: mask: 0xffffffffffffffff max_cycles: 0x2b2984d0609, max_idle_ns: 440795359805 ns
Oct 03 16:42:32 baseweed-admin kernel: Trying to unpack rootfs image as initramfs...
Oct 03 16:42:32 baseweed-admin kernel: clocksource: Switched to clocksource tsc
Oct 03 16:42:32 baseweed-admin kernel: Initialise system trusted keyrings
Oct 03 16:42:32 baseweed-admin kernel: Key type blacklist registered
Oct 03 16:42:32 baseweed-admin kernel: workingset: timestamp_bits=36 (anon: 31) max_order=20 bucket_order=0 (anon: 0)
Oct 03 16:42:32 baseweed-admin kernel: integrity: Platform Keyring initialized
Oct 03 16:42:32 baseweed-admin kernel: integrity: Machine keyring initialized
Oct 03 16:42:32 baseweed-admin kernel: Allocating IMA blacklist keyring.
Oct 03 16:42:32 baseweed-admin kernel: Key type asymmetric registered
Oct 03 16:42:32 baseweed-admin kernel: Asymmetric key parser 'x509' registered
Oct 03 16:42:32 baseweed-admin kernel: Block layer SCSI generic (bsg) driver version 0.4 loaded (major 245)
Oct 03 16:42:32 baseweed-admin kernel: io scheduler mq-deadline registered
Oct 03 16:42:32 baseweed-admin kernel: io scheduler kyber registered
Oct 03 16:42:32 baseweed-admin kernel: io scheduler bfq registered
Oct 03 16:42:32 baseweed-admin kernel: ledtrig-cpu: registered to indicate activity on CPUs
Oct 03 16:42:32 baseweed-admin kernel: ACPI: \_SB_.LNKB: Enabled at IRQ 10
Oct 03 16:42:32 baseweed-admin kernel: ACPI: \_SB_.LNKA: Enabled at IRQ 10
Oct 03 16:42:32 baseweed-admin kernel: ACPI: \_SB_.LNKC: Enabled at IRQ 11
Oct 03 16:42:32 baseweed-admin kernel: Serial: 8250/16550 driver, 32 ports, IRQ sharing enabled
Oct 03 16:42:32 baseweed-admin kernel: 00:00: ttyS0 at I/O 0x3f8 (irq = 4, base_baud = 115200) is a 16550A
Oct 03 16:42:32 baseweed-admin kernel: Non-volatile memory driver v1.3
Oct 03 16:42:32 baseweed-admin kernel: ACPI: bus type drm_connector registered
Oct 03 16:42:32 baseweed-admin kernel: i8042: PNP: PS/2 Controller [PNP0303:KBD,PNP0f13:MOU] at 0x60,0x64 irq 1,12
Oct 03 16:42:32 baseweed-admin kernel: serio: i8042 KBD port at 0x60,0x64 irq 1
Oct 03 16:42:32 baseweed-admin kernel: serio: i8042 AUX port at 0x60,0x64 irq 12
Oct 03 16:42:32 baseweed-admin kernel: mousedev: PS/2 mouse device common for all mice
Oct 03 16:42:32 baseweed-admin kernel: rtc_cmos PNP0B00:00: RTC can wake from S4
Oct 03 16:42:32 baseweed-admin kernel: input: AT Translated Set 2 keyboard as /devices/platform/i8042/serio0/input/input0
Oct 03 16:42:32 baseweed-admin kernel: rtc_cmos PNP0B00:00: registered as rtc0
Oct 03 16:42:32 baseweed-admin kernel: rtc_cmos PNP0B00:00: setting system clock to 2026-10-03T16:42:30 UTC (1791045750)
Oct 03 16:42:32 baseweed-admin kernel: input: VirtualPS/2 VMware VMMouse as /devices/platform/i8042/serio1/input/input3
Oct 03 16:42:32 baseweed-admin kernel: rtc_cmos PNP0B00:00: alarms up to one day, y3k, 242 bytes nvram, hpet irqs
Oct 03 16:42:32 baseweed-admin kernel: hid: raw HID events driver (C) Jiri Kosina
Oct 03 16:42:32 baseweed-admin kernel: drop_monitor: Initializing network drop monitor service
Oct 03 16:42:32 baseweed-admin kernel: NET: Registered PF_INET6 protocol family
Oct 03 16:42:32 baseweed-admin kernel: input: VirtualPS/2 VMware VMMouse as /devices/platform/i8042/serio1/input/input2
Oct 03 16:42:32 baseweed-admin kernel: Segment Routing with IPv6
Oct 03 16:42:32 baseweed-admin kernel: RPL Segment Routing with IPv6
Oct 03 16:42:32 baseweed-admin kernel: In-situ OAM (IOAM) with IPv6
Oct 03 16:42:32 baseweed-admin kernel: IPI shorthand broadcast: enabled
Oct 03 16:42:32 baseweed-admin kernel: sched_clock: Marking stable (1097003565, 4057782)->(1339945170, -238883823)
Oct 03 16:42:32 baseweed-admin kernel: registered taskstats version 1
Oct 03 16:42:32 baseweed-admin kernel: Loading compiled-in X.509 certificates
Oct 03 16:42:32 baseweed-admin kernel: Loaded X.509 cert 'openSUSE Secure Boot Signkey: da89dc82efa50f451409029d285397e520ec4a61'
Oct 03 16:42:32 baseweed-admin kernel: Demotion targets for Node 0: null
Oct 03 16:42:32 baseweed-admin kernel: page_owner is disabled
Oct 03 16:42:32 baseweed-admin kernel: Key type .fscrypt registered
Oct 03 16:42:32 baseweed-admin kernel: Key type fscrypt-provisioning registered
Oct 03 16:42:32 baseweed-admin kernel: Key type big_key registered
Oct 03 16:42:32 baseweed-admin kernel: Freeing initrd memory: 63108K
Oct 03 16:42:32 baseweed-admin kernel: Key type encrypted registered
Oct 03 16:42:32 baseweed-admin kernel: ima: No TPM chip found, activating TPM-bypass!
Oct 03 16:42:32 baseweed-admin kernel: Loading compiled-in module X.509 certificates
Oct 03 16:42:32 baseweed-admin kernel: Loaded X.509 cert 'openSUSE Secure Boot Signkey: da89dc82efa50f451409029d285397e520ec4a61'
Oct 03 16:42:32 baseweed-admin kernel: ima: Allocated hash algorithm: sha256
Oct 03 16:42:32 baseweed-admin kernel: ima: No architecture policies found
Oct 03 16:42:32 baseweed-admin kernel: evm: Initialising EVM extended attributes:
Oct 03 16:42:32 baseweed-admin kernel: evm: security.selinux
Oct 03 16:42:32 baseweed-admin kernel: evm: security.SMACK64 (disabled)
Oct 03 16:42:32 baseweed-admin kernel: evm: security.SMACK64EXEC (disabled)
Oct 03 16:42:32 baseweed-admin kernel: evm: security.SMACK64TRANSMUTE (disabled)
Oct 03 16:42:32 baseweed-admin kernel: evm: security.SMACK64MMAP (disabled)
Oct 03 16:42:32 baseweed-admin kernel: evm: security.apparmor
Oct 03 16:42:32 baseweed-admin kernel: evm: security.ima
Oct 03 16:42:32 baseweed-admin kernel: evm: security.capability
Oct 03 16:42:32 baseweed-admin kernel: evm: HMAC attrs: 0x1
Oct 03 16:42:32 baseweed-admin kernel: PM:   Magic number: 14:630:741
Oct 03 16:42:32 baseweed-admin kernel: workqueue writeback: hash matches
Oct 03 16:42:32 baseweed-admin kernel: RAS: Correctable Errors collector initialized.
Oct 03 16:42:32 baseweed-admin kernel: clk: Disabling unused clocks
Oct 03 16:42:32 baseweed-admin kernel: PM: genpd: Disabling unused power domains
Oct 03 16:42:32 baseweed-admin kernel: Freeing unused decrypted memory: 2028K
Oct 03 16:42:32 baseweed-admin kernel: Freeing unused kernel image (initmem) memory: 4768K
Oct 03 16:42:32 baseweed-admin kernel: Write protecting the kernel read-only data: 36864k
Oct 03 16:42:32 baseweed-admin kernel: Freeing unused kernel image (text/rodata gap) memory: 1680K
Oct 03 16:42:32 baseweed-admin kernel: Freeing unused kernel image (rodata/data gap) memory: 716K
Oct 03 16:42:32 baseweed-admin kernel: x86/mm: Checked W+X mappings: passed, no W+X pages found.
Oct 03 16:42:32 baseweed-admin kernel: Run /init as init process
Oct 03 16:42:32 baseweed-admin kernel:   with arguments:
Oct 03 16:42:32 baseweed-admin kernel:     /init
Oct 03 16:42:32 baseweed-admin kernel:   with environment:
Oct 03 16:42:32 baseweed-admin kernel:     HOME=/
Oct 03 16:42:32 baseweed-admin kernel:     TERM=linux
Oct 03 16:42:32 baseweed-admin kernel: fuse: init (API version 7.45)
Oct 03 16:42:32 baseweed-admin systemd[1]: Successfully made /usr/ read-only.
Oct 03 16:42:32 baseweed-admin systemd[1]: systemd 261.2 running in system mode (+PAM +AUDIT +SELINUX +APPARMOR +IMA +IPE -SMACK +SECCOMP +GCRYPT +GNUTLS +OPENSSL +ACL +BLKID +CURL +ELFUTILS +FIDO2 +IDN2 +KMOD +LIBCRYPTSETUP +LIBCRYPTSETUP_PLUGINS +LIBFDISK +PCRE2 +PWQUALITY +P11KIT +QRENCODE +TPM2 +BZIP2 +LZ4 +XZ +ZLIB +ZSTD +BPF_FRAMEWORK +BTF -XKBCOMMON -UTMP +LIBARCHIVE)
Oct 03 16:42:32 baseweed-admin systemd[1]: Detected virtualization kvm.
Oct 03 16:42:32 baseweed-admin systemd[1]: Detected architecture x86-64.
Oct 03 16:42:32 baseweed-admin systemd[1]: Running in initrd.
Oct 03 16:42:32 baseweed-admin systemd[1]: Initializing machine ID from SMBIOS/DMI UUID.
Oct 03 16:42:32 baseweed-admin systemd[1]: Hostname set to <baseweed-admin>.
Oct 03 16:42:32 baseweed-admin systemd[1]: bpf-restrict-fs: LSM BPF program attached
Oct 03 16:42:32 baseweed-admin systemd[1]: Queued start job for default target Initrd Default Target.
Oct 03 16:42:32 baseweed-admin systemd[1]: Started Dispatch Password Requests to Console Directory Watch.
Oct 03 16:42:32 baseweed-admin systemd[1]: Expecting device /dev/disk/by-uuid/1df5576d-c0e8-4d58-8321-036cc145665a...
Oct 03 16:42:32 baseweed-admin systemd[1]: Expecting device /dev/disk/by-uuid/851C-222C...
Oct 03 16:42:32 baseweed-admin systemd[1]: Reached target Initrd /usr File System.
Oct 03 16:42:32 baseweed-admin systemd[1]: Reached target Path Units.
Oct 03 16:42:32 baseweed-admin systemd[1]: Reached target Slice Units.
Oct 03 16:42:32 baseweed-admin systemd[1]: Reached target Swaps.
Oct 03 16:42:32 baseweed-admin systemd[1]: Reached target Timer Units.
Oct 03 16:42:32 baseweed-admin systemd[1]: Listening on D-Bus System Message Bus Socket.
Oct 03 16:42:32 baseweed-admin systemd[1]: Listening on Journal Socket (/dev/log).
Oct 03 16:42:32 baseweed-admin systemd[1]: Listening on Journal Sockets.
Oct 03 16:42:32 baseweed-admin systemd[1]: Listening on udev Control Socket.
Oct 03 16:42:32 baseweed-admin systemd[1]: Listening on udev Kernel Socket.
Oct 03 16:42:32 baseweed-admin systemd[1]: Listening on udev Varlink Socket.
Oct 03 16:42:32 baseweed-admin systemd[1]: Reached target Socket Units.
Oct 03 16:42:32 baseweed-admin systemd[1]: Starting Create List of Static Device Nodes...
Oct 03 16:42:32 baseweed-admin systemd[1]: Early Battery Level Check skipped, unmet condition check ConditionDirectoryNotEmpty=/sys/class/power_supply
Oct 03 16:42:32 baseweed-admin systemd[1]: Starting Journal Service...
Oct 03 16:42:32 baseweed-admin systemd[1]: Starting Load Kernel Modules...
Oct 03 16:42:32 baseweed-admin systemd[1]: Starting Virtual Console Setup...
Oct 03 16:42:32 baseweed-admin systemd[1]: Finished Create List of Static Device Nodes.
Oct 03 16:42:32 baseweed-admin systemd[1]: Starting Create Static Device Nodes in /dev gracefully...
Oct 03 16:42:32 baseweed-admin systemd-journald[180]: Collecting audit messages is disabled.
Oct 03 16:42:32 baseweed-admin systemd[1]: Finished Virtual Console Setup.
Oct 03 16:42:32 baseweed-admin kernel: bridge: filtering via arp/ip/ip6tables is no longer available by default. Update your scripts to load br_netfilter if you need this.
Oct 03 16:42:32 baseweed-admin systemd[1]: Starting dracut ask for additional cmdline parameters...
Oct 03 16:42:32 baseweed-admin systemd-journald[180]: Journal started
Oct 03 16:42:32 baseweed-admin systemd-journald[180]: Runtime Journal (/run/log/journal/2220ebf04900446db409b539dfa4e49c) is 8M, max 78.2M, 70.2M free.
Oct 03 16:42:32 baseweed-admin systemd-modules-load[181]: Using 2 probe threads
Oct 03 16:42:32 baseweed-admin systemd[1]: Started Journal Service.
Oct 03 16:42:32 baseweed-admin systemd-modules-load[181]: Inserted module 'nf_tables'
Oct 03 16:42:32 baseweed-admin kernel: Bridge firewalling registered
Oct 03 16:42:32 baseweed-admin systemd-modules-load[181]: Inserted module 'br_netfilter'
Oct 03 16:42:32 baseweed-admin systemd[1]: Finished Load Kernel Modules.
Oct 03 16:42:32 baseweed-admin systemd[1]: Finished Create Static Device Nodes in /dev gracefully.
Oct 03 16:42:32 baseweed-admin systemd[1]: Starting Apply Kernel Variables...
Oct 03 16:42:32 baseweed-admin systemd[1]: Starting Create System Users...
Oct 03 16:42:32 baseweed-admin systemd-sysusers[196]: Creating group 'systemd-journal' with GID 499.
Oct 03 16:42:32 baseweed-admin systemd-sysusers[196]: Creating group 'messagebus' with GID 498.
Oct 03 16:42:32 baseweed-admin systemd-sysusers[196]: Creating user 'messagebus' (User for D-Bus) with UID 498 and GID 498.
Oct 03 16:42:32 baseweed-admin systemd[1]: Finished Create System Users.
Oct 03 16:42:32 baseweed-admin systemd[1]: Starting Create Static Device Nodes in /dev...
Oct 03 16:42:32 baseweed-admin systemd[1]: Starting Create System Files and Directories...
Oct 03 16:42:32 baseweed-admin systemd[1]: Finished Apply Kernel Variables.
Oct 03 16:42:32 baseweed-admin systemd[1]: Finished dracut ask for additional cmdline parameters.
Oct 03 16:42:32 baseweed-admin systemd[1]: Starting dracut cmdline hook...
Oct 03 16:42:32 baseweed-admin systemd-tmpfiles[199]: /usr/lib/tmpfiles.d/systemd.conf:29: Duplicate line for path "/var/lib/systemd", ignoring.
Oct 03 16:42:32 baseweed-admin systemd[1]: Finished Create Static Device Nodes in /dev.
Oct 03 16:42:32 baseweed-admin systemd[1]: Finished Create System Files and Directories.
Oct 03 16:42:32 baseweed-admin systemd[1]: Reached target Preparation for Local File Systems.
Oct 03 16:42:32 baseweed-admin systemd[1]: Reached target Local File Systems.
Oct 03 16:42:32 baseweed-admin dracut-cmdline[212]: dracut-112+suse.53.g97cbf62-1
Oct 03 16:42:32 baseweed-admin dracut-cmdline[212]: Using kernel command line parameters:  root=UUID=1df5576d-c0e8-4d58-8321-036cc145665a rootfstype=xfs rootflags=rw,relatime,inode64,logbufs=8,logbsize=32k,noquota   BOOT_IMAGE=/boot/vmlinuz-7.2.8-1-default root=UUID=1df5576d-c0e8-4d58-8321-036cc145665a rw quiet systemd.show_status=1 console=ttyS0,115200 console=tty0 security=selinux selinux=1
Oct 03 16:42:32 baseweed-admin systemd[1]: Finished dracut cmdline hook.
Oct 03 16:42:32 baseweed-admin systemd[1]: Starting dracut pre-udev hook...
Oct 03 16:42:32 baseweed-admin systemd[1]: Finished dracut pre-udev hook.
Oct 03 16:42:32 baseweed-admin systemd[1]: Starting Rule-based Manager for Device Events and Files...
Oct 03 16:42:32 baseweed-admin systemd-udevd[317]: Using default interface naming scheme 'v261'.
Oct 03 16:42:32 baseweed-admin systemd[1]: Started Rule-based Manager for Device Events and Files.
Oct 03 16:42:32 baseweed-admin systemd[1]: dracut pre-trigger hook skipped, no trigger condition checks were met.
Oct 03 16:42:32 baseweed-admin systemd[1]: Starting Coldplug All udev Devices...
Oct 03 16:42:32 baseweed-admin systemd[1]: Finished Coldplug All udev Devices.
Oct 03 16:42:32 baseweed-admin systemd[1]: Reached target System Initialization.
Oct 03 16:42:32 baseweed-admin systemd[1]: Reached target Basic System.
Oct 03 16:42:32 baseweed-admin systemd[1]: Created slice Slice /system/modprobe.
Oct 03 16:42:32 baseweed-admin systemd[1]: Load Kernel Module configfs skipped, unmet condition check ConditionKernelModuleLoaded=!configfs
Oct 03 16:42:32 baseweed-admin kernel: ACPI: bus type USB registered
Oct 03 16:42:32 baseweed-admin kernel: virtio_blk virtio2: 4/0/0 default/read/poll queues
Oct 03 16:42:33 baseweed-admin kernel: usbcore: registered new interface driver usbfs
Oct 03 16:42:33 baseweed-admin kernel: usbcore: registered new interface driver hub
Oct 03 16:42:33 baseweed-admin kernel: usbcore: registered new device driver usb
Oct 03 16:42:33 baseweed-admin kernel: virtio_blk virtio2: [vda] 52428800 512-byte logical blocks (26.8 GB/25.0 GiB)
Oct 03 16:42:33 baseweed-admin kernel:  vda: vda1 vda2 vda3
Oct 03 16:42:33 baseweed-admin kernel: SCSI subsystem initialized
Oct 03 16:42:33 baseweed-admin kernel: xhci_hcd 0000:00:04.0: xHCI Host Controller
Oct 03 16:42:33 baseweed-admin kernel: xhci_hcd 0000:00:04.0: new USB bus registered, assigned bus number 1
Oct 03 16:42:33 baseweed-admin kernel: xhci_hcd 0000:00:04.0: hcc params 0x00087001 hci version 0x100 quirks 0x0000000000000010
Oct 03 16:42:33 baseweed-admin systemd[1]: systemd-vconsole-setup.service: Deactivated successfully.
Oct 03 16:42:33 baseweed-admin systemd[1]: Stopped Virtual Console Setup.
Oct 03 16:42:33 baseweed-admin kernel: xhci_hcd 0000:00:04.0: xHCI Host Controller
Oct 03 16:42:33 baseweed-admin kernel: xhci_hcd 0000:00:04.0: new USB bus registered, assigned bus number 2
Oct 03 16:42:33 baseweed-admin kernel: xhci_hcd 0000:00:04.0: Host supports USB 3.0 SuperSpeed
Oct 03 16:42:33 baseweed-admin systemd[1]: Stopping Virtual Console Setup...
Oct 03 16:42:33 baseweed-admin kernel: usb usb1: New USB device found, idVendor=1d6b, idProduct=0002, bcdDevice= 7.02
Oct 03 16:42:33 baseweed-admin kernel: usb usb1: New USB device strings: Mfr=3, Product=2, SerialNumber=1
Oct 03 16:42:33 baseweed-admin kernel: usb usb1: Product: xHCI Host Controller
Oct 03 16:42:33 baseweed-admin kernel: usb usb1: Manufacturer: Linux 7.2.8-1-default xhci-hcd
Oct 03 16:42:33 baseweed-admin kernel: usb usb1: SerialNumber: 0000:00:04.0
Oct 03 16:42:33 baseweed-admin kernel: virtio_net virtio0 ens2: renamed from eth0
Oct 03 16:42:33 baseweed-admin kernel: hub 1-0:1.0: USB hub found
Oct 03 16:42:33 baseweed-admin kernel: hub 1-0:1.0: 15 ports detected
Oct 03 16:42:33 baseweed-admin systemd[1]: Starting Virtual Console Setup...
Oct 03 16:42:33 baseweed-admin kernel: usb usb2: We don't know the algorithms for LPM for this host, disabling LPM.
Oct 03 16:42:33 baseweed-admin kernel: usb usb2: New USB device found, idVendor=1d6b, idProduct=0003, bcdDevice= 7.02
Oct 03 16:42:33 baseweed-admin kernel: usb usb2: New USB device strings: Mfr=3, Product=2, SerialNumber=1
Oct 03 16:42:33 baseweed-admin kernel: usb usb2: Product: xHCI Host Controller
Oct 03 16:42:33 baseweed-admin kernel: usb usb2: Manufacturer: Linux 7.2.8-1-default xhci-hcd
Oct 03 16:42:33 baseweed-admin kernel: usb usb2: SerialNumber: 0000:00:04.0
Oct 03 16:42:33 baseweed-admin kernel: hub 2-0:1.0: USB hub found
Oct 03 16:42:33 baseweed-admin kernel: hub 2-0:1.0: 15 ports detected
Oct 03 16:42:33 baseweed-admin kernel: libata version 3.00 loaded.
Oct 03 16:42:33 baseweed-admin kernel: scsi host0: ata_piix
Oct 03 16:42:33 baseweed-admin kernel: scsi host1: ata_piix
Oct 03 16:42:33 baseweed-admin kernel: ata1: PATA max MWDMA2 cmd 0x1f0 ctl 0x3f6 bmdma 0xc120 irq 14 lpm-pol 0
Oct 03 16:42:33 baseweed-admin kernel: ata2: PATA max MWDMA2 cmd 0x170 ctl 0x376 bmdma 0xc128 irq 15 lpm-pol 0
Oct 03 16:42:33 baseweed-admin systemd[1]: Found device /dev/disk/by-uuid/1df5576d-c0e8-4d58-8321-036cc145665a.
Oct 03 16:42:33 baseweed-admin systemd[1]: Found device /dev/disk/by-uuid/851C-222C.
Oct 03 16:42:33 baseweed-admin systemd[1]: Reached target Initrd Root Device.
Oct 03 16:42:33 baseweed-admin systemd[1]: Starting Detect Firstboot...
Oct 03 16:42:33 baseweed-admin systemd[1]: Finished Virtual Console Setup.
Oct 03 16:42:33 baseweed-admin kernel: usb 1-1: new high-speed USB device number 2 using xhci_hcd
Oct 03 16:42:33 baseweed-admin systemd[1]: Mounting Kernel Configuration File System...
Oct 03 16:42:33 baseweed-admin kernel: usb 1-1: New USB device found, idVendor=0627, idProduct=0001, bcdDevice= 0.00
Oct 03 16:42:33 baseweed-admin kernel: usb 1-1: New USB device strings: Mfr=1, Product=3, SerialNumber=10
Oct 03 16:42:33 baseweed-admin kernel: usb 1-1: Product: QEMU USB Tablet
Oct 03 16:42:33 baseweed-admin kernel: usb 1-1: Manufacturer: QEMU
Oct 03 16:42:33 baseweed-admin kernel: usb 1-1: SerialNumber: 28754-0000:00:04.0-1
Oct 03 16:42:33 baseweed-admin systemd[1]: Mounted Kernel Configuration File System.
Oct 03 16:42:33 baseweed-admin kernel: usbcore: registered new interface driver usbhid
Oct 03 16:42:33 baseweed-admin kernel: usbhid: USB HID core driver
Oct 03 16:42:33 baseweed-admin kernel: input: QEMU QEMU USB Tablet as /devices/pci0000:00/0000:00:04.0/usb1/1-1/1-1:1.0/0003:0627:0001.0001/input/input4
Oct 03 16:42:33 baseweed-admin kernel: SGI XFS with ACLs, security attributes, realtime, quota, no debug enabled
Oct 03 16:42:33 baseweed-admin kernel: hid-generic 0003:0627:0001.0001: input,hidraw0: USB HID v0.01 Mouse [QEMU QEMU USB Tablet] on usb-0000:00:04.0-1/input0
Oct 03 16:42:33 baseweed-admin kernel: XFS (vda3): Mounting V5 Filesystem 1df5576d-c0e8-4d58-8321-036cc145665a
Oct 03 16:42:33 baseweed-admin kernel: XFS (vda3): Ending clean mount
Oct 03 16:42:33 baseweed-admin kernel: XFS (vda3): Unmounting Filesystem 1df5576d-c0e8-4d58-8321-036cc145665a
Oct 03 16:42:33 baseweed-admin systemd[1]: firstboot-detect.service: Deactivated successfully.
Oct 03 16:42:33 baseweed-admin systemd[1]: Finished Detect Firstboot.
Oct 03 16:42:33 baseweed-admin systemd[1]: nm-initrd.service skipped, unmet condition check ConditionPathExists=/run/NetworkManager/initrd/neednet
Oct 03 16:42:33 baseweed-admin systemd[1]: Reached target Network.
Oct 03 16:42:33 baseweed-admin systemd[1]: nm-wait-online-initrd.service skipped, unmet condition check ConditionPathExists=/run/NetworkManager/initrd/neednet
Oct 03 16:42:33 baseweed-admin systemd[1]: Starting dracut initqueue hook...
Oct 03 16:42:33 baseweed-admin systemd[1]: Finished dracut initqueue hook.
Oct 03 16:42:33 baseweed-admin systemd[1]: Reached target Preparation for Remote File Systems.
Oct 03 16:42:33 baseweed-admin systemd[1]: Reached target Remote File Systems.
Oct 03 16:42:33 baseweed-admin systemd[1]: Starting dracut pre-mount hook...
Oct 03 16:42:33 baseweed-admin systemd[1]: Finished dracut pre-mount hook.
Oct 03 16:42:33 baseweed-admin systemd[1]: Starting File System Check on /dev/disk/by-uuid/1df5576d-c0e8-4d58-8321-036cc145665a...
Oct 03 16:42:33 baseweed-admin systemd-fsck[429]: /usr/sbin/fsck.xfs: XFS file system.
Oct 03 16:42:33 baseweed-admin systemd[1]: Finished File System Check on /dev/disk/by-uuid/1df5576d-c0e8-4d58-8321-036cc145665a.
Oct 03 16:42:33 baseweed-admin systemd[1]: Mounting /sysroot...
Oct 03 16:42:33 baseweed-admin kernel: XFS (vda3): Mounting V5 Filesystem 1df5576d-c0e8-4d58-8321-036cc145665a
Oct 03 16:42:33 baseweed-admin kernel: XFS (vda3): Ending clean mount
Oct 03 16:42:33 baseweed-admin systemd[1]: Mounted /sysroot.
Oct 03 16:42:33 baseweed-admin systemd[1]: Reached target Initrd Root File System.
Oct 03 16:42:33 baseweed-admin systemd[1]: Starting Mountpoints Configured in the Real Root...
Oct 03 16:42:33 baseweed-admin systemd[1]: initrd-parse-etc.service: Deactivated successfully.
Oct 03 16:42:33 baseweed-admin systemd[1]: Finished Mountpoints Configured in the Real Root.
Oct 03 16:42:33 baseweed-admin systemd[1]: initrd-parse-etc.service: Triggering OnSuccess= dependencies.
Oct 03 16:42:33 baseweed-admin systemd[1]: Reached target Initrd File Systems.
Oct 03 16:42:33 baseweed-admin systemd[1]: Reached target Initrd Default Target.
Oct 03 16:42:33 baseweed-admin systemd[1]: dracut mount hook skipped, no trigger condition checks were met.
Oct 03 16:42:33 baseweed-admin systemd[1]: Starting dracut pre-pivot and cleanup hook...
Oct 03 16:42:33 baseweed-admin systemd[1]: Finished dracut pre-pivot and cleanup hook.
Oct 03 16:42:33 baseweed-admin systemd[1]: Starting Cleaning Up and Shutting Down Daemons...
Oct 03 16:42:33 baseweed-admin systemd[1]: Stopped target Network.
Oct 03 16:42:33 baseweed-admin systemd[1]: Stopped target Timer Units.
Oct 03 16:42:33 baseweed-admin systemd[1]: dracut-pre-pivot.service: Deactivated successfully.
Oct 03 16:42:33 baseweed-admin systemd[1]: Stopped dracut pre-pivot and cleanup hook.
Oct 03 16:42:33 baseweed-admin systemd[1]: Stopped target Initrd Default Target.
Oct 03 16:42:33 baseweed-admin systemd[1]: Stopped target Initrd Root Device.
Oct 03 16:42:33 baseweed-admin systemd[1]: Stopped target Initrd /usr File System.
Oct 03 16:42:33 baseweed-admin systemd[1]: Stopped target Remote File Systems.
Oct 03 16:42:33 baseweed-admin systemd[1]: Stopped target Preparation for Remote File Systems.
Oct 03 16:42:33 baseweed-admin systemd[1]: dracut-pre-mount.service: Deactivated successfully.
Oct 03 16:42:33 baseweed-admin systemd[1]: Stopped dracut pre-mount hook.
Oct 03 16:42:33 baseweed-admin systemd[1]: Stopped target Basic System.
Oct 03 16:42:33 baseweed-admin systemd[1]: Stopped target Path Units.
Oct 03 16:42:33 baseweed-admin systemd[1]: systemd-ask-password-console.path: Deactivated successfully.
Oct 03 16:42:33 baseweed-admin systemd[1]: Stopped Dispatch Password Requests to Console Directory Watch.
Oct 03 16:42:33 baseweed-admin systemd[1]: Stopped target Slice Units.
Oct 03 16:42:33 baseweed-admin systemd[1]: Stopped target Socket Units.
Oct 03 16:42:33 baseweed-admin systemd[1]: Stopped target System Initialization.
Oct 03 16:42:33 baseweed-admin systemd[1]: Stopped target Local File Systems.
Oct 03 16:42:33 baseweed-admin systemd[1]: Stopped target Preparation for Local File Systems.
Oct 03 16:42:33 baseweed-admin systemd[1]: Stopped target Swaps.
Oct 03 16:42:33 baseweed-admin systemd[1]: dbus.socket: Deactivated successfully.
Oct 03 16:42:33 baseweed-admin systemd[1]: Closed D-Bus System Message Bus Socket.
Oct 03 16:42:33 baseweed-admin systemd[1]: dracut-initqueue.service: Deactivated successfully.
Oct 03 16:42:33 baseweed-admin systemd[1]: Stopped dracut initqueue hook.
Oct 03 16:42:33 baseweed-admin systemd[1]: systemd-sysctl.service: Deactivated successfully.
Oct 03 16:42:33 baseweed-admin systemd[1]: Stopped Apply Kernel Variables.
Oct 03 16:42:33 baseweed-admin systemd[1]: systemd-modules-load.service: Deactivated successfully.
Oct 03 16:42:33 baseweed-admin systemd[1]: Stopped Load Kernel Modules.
Oct 03 16:42:33 baseweed-admin systemd[1]: systemd-tmpfiles-setup.service: Deactivated successfully.
Oct 03 16:42:33 baseweed-admin systemd[1]: Stopped Create System Files and Directories.
Oct 03 16:42:33 baseweed-admin systemd[1]: systemd-udev-trigger.service: Deactivated successfully.
Oct 03 16:42:33 baseweed-admin systemd[1]: Stopped Coldplug All udev Devices.
Oct 03 16:42:33 baseweed-admin systemd[1]: Stopping Rule-based Manager for Device Events and Files...
Oct 03 16:42:33 baseweed-admin systemd[1]: initrd-cleanup.service: Deactivated successfully.
Oct 03 16:42:33 baseweed-admin systemd[1]: Finished Cleaning Up and Shutting Down Daemons.
Oct 03 16:42:33 baseweed-admin systemd[1]: systemd-udevd.service: Deactivated successfully.
Oct 03 16:42:33 baseweed-admin systemd[1]: Stopped Rule-based Manager for Device Events and Files.
Oct 03 16:42:33 baseweed-admin systemd[1]: systemd-udevd.service: Consumed 1.000s CPU time over 1.249s wall clock time.
Oct 03 16:42:33 baseweed-admin systemd[1]: systemd-udevd-control.socket: Deactivated successfully.
Oct 03 16:42:33 baseweed-admin systemd[1]: Closed udev Control Socket.
Oct 03 16:42:33 baseweed-admin systemd[1]: systemd-udevd-varlink.socket: Deactivated successfully.
Oct 03 16:42:33 baseweed-admin systemd[1]: Closed udev Varlink Socket.
Oct 03 16:42:33 baseweed-admin systemd[1]: dracut-pre-udev.service: Deactivated successfully.
Oct 03 16:42:33 baseweed-admin systemd[1]: Stopped dracut pre-udev hook.
Oct 03 16:42:33 baseweed-admin systemd[1]: dracut-cmdline.service: Deactivated successfully.
Oct 03 16:42:33 baseweed-admin systemd[1]: Stopped dracut cmdline hook.
Oct 03 16:42:33 baseweed-admin systemd[1]: dracut-cmdline-ask.service: Deactivated successfully.
Oct 03 16:42:33 baseweed-admin systemd[1]: Stopped dracut ask for additional cmdline parameters.
Oct 03 16:42:33 baseweed-admin systemd[1]: Starting Cleanup udev Database...
Oct 03 16:42:33 baseweed-admin systemd[1]: systemd-tmpfiles-setup-dev.service: Deactivated successfully.
Oct 03 16:42:33 baseweed-admin systemd[1]: Stopped Create Static Device Nodes in /dev.
Oct 03 16:42:33 baseweed-admin systemd[1]: systemd-sysusers.service: Deactivated successfully.
Oct 03 16:42:33 baseweed-admin systemd[1]: Stopped Create System Users.
Oct 03 16:42:33 baseweed-admin systemd[1]: systemd-tmpfiles-setup-dev-early.service: Deactivated successfully.
Oct 03 16:42:33 baseweed-admin systemd[1]: Stopped Create Static Device Nodes in /dev gracefully.
Oct 03 16:42:33 baseweed-admin systemd[1]: kmod-static-nodes.service: Deactivated successfully.
Oct 03 16:42:33 baseweed-admin systemd[1]: Stopped Create List of Static Device Nodes.
Oct 03 16:42:33 baseweed-admin systemd[1]: systemd-vconsole-setup.service: Deactivated successfully.
Oct 03 16:42:33 baseweed-admin systemd[1]: Stopped Virtual Console Setup.
Oct 03 16:42:33 baseweed-admin systemd[1]: initrd-udevadm-cleanup-db.service: Deactivated successfully.
Oct 03 16:42:33 baseweed-admin systemd[1]: Finished Cleanup udev Database.
Oct 03 16:42:33 baseweed-admin systemd[1]: Reached target Switch Root.
Oct 03 16:42:33 baseweed-admin systemd[1]: Starting Switch Root...
Oct 03 16:42:34 baseweed-admin systemd[1]: Switching root.
Oct 03 16:42:34 baseweed-admin systemd-journald[180]: Journal stopped
Oct 03 16:42:35 baseweed-admin systemd-journald[180]: Received SIGTERM from PID 1 (systemd).
Oct 03 16:42:35 baseweed-admin kernel: SELinux:  Permission firmware_load in class system not defined in policy.
Oct 03 16:42:35 baseweed-admin kernel: SELinux:  Permission kexec_image_load in class system not defined in policy.
Oct 03 16:42:35 baseweed-admin kernel: SELinux:  Permission kexec_initramfs_load in class system not defined in policy.
Oct 03 16:42:35 baseweed-admin kernel: SELinux:  Permission policy_load in class system not defined in policy.
Oct 03 16:42:35 baseweed-admin kernel: SELinux:  Permission x509_certificate_load in class system not defined in policy.
Oct 03 16:42:35 baseweed-admin kernel: SELinux:  Permission map_create_as in class bpf not defined in policy.
Oct 03 16:42:35 baseweed-admin kernel: SELinux:  Permission prog_load_as in class bpf not defined in policy.
Oct 03 16:42:35 baseweed-admin kernel: SELinux:  Permission allowed in class io_uring not defined in policy.
Oct 03 16:42:35 baseweed-admin kernel: SELinux:  Class memfd_file not defined in policy.
Oct 03 16:42:35 baseweed-admin kernel: SELinux: the above unknown classes and permissions will be allowed
Oct 03 16:42:35 baseweed-admin kernel: SELinux:  policy capability network_peer_controls=1
Oct 03 16:42:35 baseweed-admin kernel: SELinux:  policy capability open_perms=1
Oct 03 16:42:35 baseweed-admin kernel: SELinux:  policy capability extended_socket_class=1
Oct 03 16:42:35 baseweed-admin kernel: SELinux:  policy capability always_check_network=0
Oct 03 16:42:35 baseweed-admin kernel: SELinux:  policy capability cgroup_seclabel=1
Oct 03 16:42:35 baseweed-admin kernel: SELinux:  policy capability nnp_nosuid_transition=1
Oct 03 16:42:35 baseweed-admin kernel: SELinux:  policy capability genfs_seclabel_symlinks=1
Oct 03 16:42:35 baseweed-admin kernel: SELinux:  policy capability ioctl_skip_cloexec=0
Oct 03 16:42:35 baseweed-admin kernel: SELinux:  policy capability userspace_initial_context=0
Oct 03 16:42:35 baseweed-admin kernel: SELinux:  policy capability netlink_xperm=0
Oct 03 16:42:35 baseweed-admin kernel: SELinux:  policy capability netif_wildcard=0
Oct 03 16:42:35 baseweed-admin kernel: SELinux:  policy capability genfs_seclabel_wildcard=0
Oct 03 16:42:35 baseweed-admin kernel: SELinux:  policy capability functionfs_seclabel=0
Oct 03 16:42:35 baseweed-admin kernel: SELinux:  policy capability memfd_class=0
Oct 03 16:42:35 baseweed-admin kernel: SELinux:  policy capability bpf_token_perms=0
Oct 03 16:42:35 baseweed-admin kernel: audit: type=1403 audit(1791045754.215:2): auid=4294967295 ses=4294967295 lsm=selinux res=1
Oct 03 16:42:35 baseweed-admin systemd[1]: Successfully loaded SELinux policy in 144.466ms.
Oct 03 16:42:35 baseweed-admin kernel: NET: Registered PF_VSOCK protocol family
Oct 03 16:42:35 baseweed-admin systemd[1]: Relabeled /dev/, /dev/shm/, /run/ in 19.001ms.
Oct 03 16:42:35 baseweed-admin systemd[1]: systemd 261.2 running in system mode (+PAM +AUDIT +SELINUX +APPARMOR +IMA +IPE -SMACK +SECCOMP +GCRYPT +GNUTLS +OPENSSL +ACL +BLKID +CURL +ELFUTILS +FIDO2 +IDN2 +KMOD +LIBCRYPTSETUP +LIBCRYPTSETUP_PLUGINS +LIBFDISK +PCRE2 +PWQUALITY +P11KIT +QRENCODE +TPM2 +BZIP2 +LZ4 +XZ +ZLIB +ZSTD +BPF_FRAMEWORK +BTF -XKBCOMMON -UTMP +LIBARCHIVE)
Oct 03 16:42:35 baseweed-admin systemd[1]: Detected virtualization kvm.
Oct 03 16:42:35 baseweed-admin systemd[1]: Detected architecture x86-64.
Oct 03 16:42:35 baseweed-admin systemd[1]: bpf-restrict-fs: LSM BPF program attached
Oct 03 16:42:35 baseweed-admin systemd[1]: initrd-switch-root.service: Deactivated successfully.
Oct 03 16:42:35 baseweed-admin systemd[1]: Stopped Switch Root.
Oct 03 16:42:35 baseweed-admin systemd[1]: systemd-journald.service: Scheduled restart job, restart counter is at 1.
Oct 03 16:42:35 baseweed-admin systemd[1]: Created slice Virtual Machine and Container Slice.
Oct 03 16:42:35 baseweed-admin systemd[1]: Created slice Slice /system/getty.
Oct 03 16:42:35 baseweed-admin systemd[1]: Created slice Slice /system/serial-getty.
Oct 03 16:42:35 baseweed-admin systemd[1]: Created slice User and Session Slice.
Oct 03 16:42:35 baseweed-admin systemd[1]: Started Dispatch Password Requests to Console Directory Watch.
Oct 03 16:42:35 baseweed-admin systemd[1]: Set up automount Arbitrary Executable File Formats File System Automount Point.
Oct 03 16:42:35 baseweed-admin systemd[1]: Expecting device /dev/disk/by-uuid/851C-222C...
Oct 03 16:42:35 baseweed-admin systemd[1]: Expecting device /dev/ttyS0...
Oct 03 16:42:35 baseweed-admin systemd[1]: Reached target Local Encrypted Volumes.
Oct 03 16:42:35 baseweed-admin systemd[1]: Reached target Image Downloads.
Oct 03 16:42:35 baseweed-admin systemd[1]: Stopped target Switch Root.
Oct 03 16:42:35 baseweed-admin systemd[1]: Stopped target Initrd File Systems.
Oct 03 16:42:35 baseweed-admin systemd[1]: Stopped target Initrd Root File System.
Oct 03 16:42:35 baseweed-admin systemd[1]: Reached target Local Integrity Protected Volumes.
Oct 03 16:42:35 baseweed-admin systemd[1]: Reached target Slice Units.
Oct 03 16:42:35 baseweed-admin systemd[1]: Reached target Swaps.
Oct 03 16:42:35 baseweed-admin systemd[1]: Reached target System Time Set.
Oct 03 16:42:35 baseweed-admin systemd[1]: Reached target Local Verity Protected Volumes.
Oct 03 16:42:35 baseweed-admin systemd[1]: Listening on Device-mapper event daemon FIFOs.
Oct 03 16:42:35 baseweed-admin systemd[1]: Listening on LVM2 poll daemon socket.
Oct 03 16:42:35 baseweed-admin systemd[1]: Listening on Query the User Interactively for a Password.
Oct 03 16:42:35 baseweed-admin systemd[1]: Listening on Process Core Dump Socket.
Oct 03 16:42:35 baseweed-admin systemd[1]: Listening on Credential Encryption/Decryption.
Oct 03 16:42:35 baseweed-admin systemd[1]: Listening on Hostname Service Socket.
Oct 03 16:42:35 baseweed-admin systemd[1]: Make TPM PCR Policy skipped, unmet condition check ConditionSecurity=measured-uki
Oct 03 16:42:35 baseweed-admin systemd[1]: Listening on Disk Repartitioning Service Socket.
Oct 03 16:42:35 baseweed-admin systemd[1]: Listening on udev Control Socket.
Oct 03 16:42:35 baseweed-admin systemd[1]: Listening on udev Varlink Socket.
Oct 03 16:42:35 baseweed-admin systemd[1]: Mounting Huge Pages File System...
Oct 03 16:42:35 baseweed-admin systemd[1]: Mounting POSIX Message Queue File System...
Oct 03 16:42:35 baseweed-admin systemd[1]: Mounting Kernel Debug File System...
Oct 03 16:42:35 baseweed-admin systemd[1]: Mounting Kernel Trace File System...
Oct 03 16:42:35 baseweed-admin systemd[1]: tmp.mount: Directory /tmp to mount over is not empty, mounting anyway.
Oct 03 16:42:35 baseweed-admin systemd[1]: Mounting Temporary Directory /tmp...
Oct 03 16:42:35 baseweed-admin systemd[1]: Starting Create List of Static Device Nodes...
Oct 03 16:42:35 baseweed-admin systemd[1]: Load Kernel Module configfs skipped, unmet condition check ConditionKernelModuleLoaded=!configfs
Oct 03 16:42:35 baseweed-admin systemd[1]: Load Kernel Module drm skipped, unmet condition check ConditionKernelModuleLoaded=!drm
Oct 03 16:42:35 baseweed-admin systemd[1]: Starting Load Kernel Module efi_pstore...
Oct 03 16:42:35 baseweed-admin systemd[1]: Load Kernel Module fuse skipped, unmet condition check ConditionKernelModuleLoaded=!fuse
Oct 03 16:42:35 baseweed-admin systemd[1]: Mounting FUSE Control File System...
Oct 03 16:42:35 baseweed-admin systemd[1]: Clear Stale Hibernate Storage Info skipped, unmet condition check ConditionPathExists=/sys/firmware/efi/efivars/HibernateLocation-8cf2644b-4b0b-428f-9387-6d876050dc67
Oct 03 16:42:35 baseweed-admin systemd[1]: Starting Journal Service...
Oct 03 16:42:35 baseweed-admin systemd[1]: Starting Load Kernel Modules...
Oct 03 16:42:35 baseweed-admin systemd[1]: Starting Remount Root and Kernel File Systems...
Oct 03 16:42:35 baseweed-admin systemd[1]: Starting Load udev Rules from Credentials...
Oct 03 16:42:35 baseweed-admin systemd[1]: Starting Coldplug All udev Devices...
Oct 03 16:42:35 baseweed-admin systemd[1]: Mounted Huge Pages File System.
Oct 03 16:42:35 baseweed-admin systemd[1]: Mounted POSIX Message Queue File System.
Oct 03 16:42:35 baseweed-admin systemd[1]: Mounted Kernel Debug File System.
Oct 03 16:42:35 baseweed-admin systemd[1]: Mounted Kernel Trace File System.
Oct 03 16:42:35 baseweed-admin systemd[1]: Mounted Temporary Directory /tmp.
Oct 03 16:42:35 baseweed-admin systemd[1]: Finished Create List of Static Device Nodes.
Oct 03 16:42:35 baseweed-admin systemd[1]: modprobe@efi_pstore.service: Deactivated successfully.
Oct 03 16:42:35 baseweed-admin systemd[1]: Finished Load Kernel Module efi_pstore.
Oct 03 16:42:35 baseweed-admin systemd[1]: Mounted FUSE Control File System.
Oct 03 16:42:35 baseweed-admin systemd[1]: Starting Create Static Device Nodes in /dev gracefully...
Oct 03 16:42:35 baseweed-admin systemd[1]: Finished Remount Root and Kernel File Systems.
Oct 03 16:42:35 baseweed-admin systemd[1]: One time configuration for iscsi.service skipped, unmet condition check ConditionPathExists=!/etc/iscsi/initiatorname.iscsi
Oct 03 16:42:35 baseweed-admin systemd[1]: Rebuild Hardware Database skipped, unmet condition check ConditionNeedsUpdate=/etc
Oct 03 16:42:35 baseweed-admin systemd[1]: Platform Persistent Storage Archival skipped, unmet condition check ConditionDirectoryNotEmpty=/sys/fs/pstore
Oct 03 16:42:35 baseweed-admin systemd[1]: Starting Load/Save OS Random Seed...
Oct 03 16:42:35 baseweed-admin systemd[1]: Finished Load Kernel Modules.
Oct 03 16:42:35 baseweed-admin systemd[1]: Apply Kernel Variables for 7.2.8-1-default from /boot skipped, unmet condition check ConditionPathExists=!/usr/lib/modules/7.2.8-1-default/sysctl.conf
Oct 03 16:42:35 baseweed-admin systemd[1]: Starting Apply Kernel Variables for 7.2.8-1-default...
Oct 03 16:42:35 baseweed-admin systemd[1]: Finished Load/Save OS Random Seed.
Oct 03 16:42:35 baseweed-admin systemd[1]: First Boot Complete skipped, unmet condition check ConditionFirstBoot=yes
Oct 03 16:42:35 baseweed-admin systemd-journald[525]: Collecting audit messages is disabled.
Oct 03 16:42:35 baseweed-admin systemd-journald[525]: Journal started
Oct 03 16:42:35 baseweed-admin systemd-journald[525]: Runtime Journal (/run/log/journal/d2037ee89a1343ec91c002548ec46c32) is 8M, max 78.2M, 70.2M free.
Oct 03 16:42:35 baseweed-admin systemd[1]: Queued start job for default target Multi-User System.
Oct 03 16:42:35 baseweed-admin systemd[1]: systemd-journald.service: Deactivated successfully.
Oct 03 16:42:35 baseweed-admin systemd-modules-load[526]: Using 3 probe threads
Oct 03 16:42:35 baseweed-admin systemd-modules-load[526]: Inserted module 'uinput'
Oct 03 16:42:35 baseweed-admin systemd[1]: Started Journal Service.
Oct 03 16:42:35 baseweed-admin systemd[1]: Finished Apply Kernel Variables for 7.2.8-1-default.
Oct 03 16:42:35 baseweed-admin systemd[1]: Starting Flush Journal to Persistent Storage...
Oct 03 16:42:35 baseweed-admin systemd[1]: Starting Apply Kernel Variables...
Oct 03 16:42:35 baseweed-admin systemd-journald[525]: Time spent on flushing to /var/log/journal/d2037ee89a1343ec91c002548ec46c32 is 16.787ms for 795 entries.
Oct 03 16:42:35 baseweed-admin systemd-journald[525]: System Journal (/var/log/journal/d2037ee89a1343ec91c002548ec46c32) is 16M, max 2.4G, 2.4G free.
Oct 03 16:42:35 baseweed-admin systemd[1]: Finished Apply Kernel Variables.
Oct 03 16:42:35 baseweed-admin systemd-journald[525]: Received client request to flush runtime journal.
Oct 03 16:42:35 baseweed-admin systemd[1]: Finished Load udev Rules from Credentials.
Oct 03 16:42:35 baseweed-admin systemd[1]: Finished Coldplug All udev Devices.
Oct 03 16:42:35 baseweed-admin systemd[1]: Finished Create Static Device Nodes in /dev gracefully.
Oct 03 16:42:35 baseweed-admin systemd[1]: Create System Users skipped, no trigger condition checks were met.
Oct 03 16:42:35 baseweed-admin systemd[1]: Starting Create Static Device Nodes in /dev...
Oct 03 16:42:35 baseweed-admin systemd[1]: Finished Flush Journal to Persistent Storage.
Oct 03 16:42:35 baseweed-admin systemd[1]: Finished Create Static Device Nodes in /dev.
Oct 03 16:42:35 baseweed-admin systemd[1]: Reached target Preparation for Local File Systems.
Oct 03 16:42:35 baseweed-admin systemd[1]: Repartition Root Disk skipped, no trigger condition checks were met.
Oct 03 16:42:35 baseweed-admin systemd[1]: Starting Rule-based Manager for Device Events and Files...
Oct 03 16:42:35 baseweed-admin systemd-udevd[559]: Using default interface naming scheme 'v261'.
Oct 03 16:42:35 baseweed-admin systemd[1]: Started Rule-based Manager for Device Events and Files.
Oct 03 16:42:35 baseweed-admin systemd[1]: Load Kernel Module configfs skipped, unmet condition check ConditionKernelModuleLoaded=!configfs
Oct 03 16:42:35 baseweed-admin systemd[1]: Load Kernel Module fuse skipped, unmet condition check ConditionKernelModuleLoaded=!fuse
Oct 03 16:42:35 baseweed-admin systemd[1]: Found device /dev/disk/by-uuid/851C-222C.
Oct 03 16:42:35 baseweed-admin systemd[1]: Condition check resulted in /dev/ttyS0 being skipped.
Oct 03 16:42:35 baseweed-admin kernel: piix4_smbus 0000:00:01.3: SMBus Host Controller at 0x700, revision 0
Oct 03 16:42:35 baseweed-admin kernel: i2c i2c-0: Memory type 0x07 not supported yet, not instantiating SPD
Oct 03 16:42:35 baseweed-admin kernel: input: Power Button as /devices/platform/LNXPWRBN:00/input/input5
Oct 03 16:42:35 baseweed-admin kernel: ACPI: button: Power Button [PWRF]
Oct 03 16:42:35 baseweed-admin systemd[1]: Condition check resulted in /dev/virtio-ports/org.qemu.guest_agent.0 being skipped.
Oct 03 16:42:36 baseweed-admin kernel: [drm] pci: virtio-gpu-pci detected at 0000:00:10.0
Oct 03 16:42:36 baseweed-admin kernel: [drm] Host memory window: 0xe0000000000 +0x8000000
Oct 03 16:42:36 baseweed-admin kernel: [drm] features: -virgl +edid -resource_blob +host_visible
Oct 03 16:42:36 baseweed-admin kernel: [drm] features: -context_init -blob_alignment
Oct 03 16:42:36 baseweed-admin systemd[1]: Load Kernel Module efi_pstore skipped, unmet condition check ConditionKernelModuleLoaded=!efi_pstore
Oct 03 16:42:36 baseweed-admin systemd[1]: Clear Stale Hibernate Storage Info skipped, unmet condition check ConditionPathExists=/sys/firmware/efi/efivars/HibernateLocation-8cf2644b-4b0b-428f-9387-6d876050dc67
Oct 03 16:42:36 baseweed-admin systemd[1]: Rebuild Hardware Database skipped, unmet condition check ConditionNeedsUpdate=/etc
Oct 03 16:42:36 baseweed-admin systemd[1]: Platform Persistent Storage Archival skipped, unmet condition check ConditionDirectoryNotEmpty=/sys/fs/pstore
Oct 03 16:42:36 baseweed-admin systemd[1]: Repartition Root Disk skipped, no trigger condition checks were met.
Oct 03 16:42:36 baseweed-admin systemd[1]: Create System Users skipped, no trigger condition checks were met.
Oct 03 16:42:36 baseweed-admin kernel: [drm] number of scanouts: 1
Oct 03 16:42:36 baseweed-admin kernel: [drm] number of cap sets: 0
Oct 03 16:42:36 baseweed-admin kernel: input: PC Speaker as /devices/platform/pcspkr/input/input6
Oct 03 16:42:36 baseweed-admin kernel: virtio-pci 0000:00:10.0: [drm] Registered 1 planes with drm panic
Oct 03 16:42:36 baseweed-admin kernel: FDC 0 is a S82078B
Oct 03 16:42:36 baseweed-admin kernel: [drm] Initialized virtio_gpu 0.1.0 for 0000:00:10.0 on minor 0
Oct 03 16:42:36 baseweed-admin systemd[1]: Started Entropy Daemon based on the HAVEGE algorithm.
Oct 03 16:42:36 baseweed-admin kernel: Console: switching to colour frame buffer device 160x50
Oct 03 16:42:36 baseweed-admin kernel: virtio-pci 0000:00:10.0: [drm] fb0: virtio_gpudrmfb frame buffer device
Oct 03 16:42:36 baseweed-admin systemd[1]: Starting Virtual Console Setup...
Oct 03 16:42:36 baseweed-admin systemd[1]: systemd-vconsole-setup.service: Deactivated successfully.
Oct 03 16:42:36 baseweed-admin systemd[1]: Stopped Virtual Console Setup.
Oct 03 16:42:36 baseweed-admin systemd[1]: Starting Virtual Console Setup...
Oct 03 16:42:36 baseweed-admin systemd[1]: Mounting /boot/efi...
Oct 03 16:42:36 baseweed-admin systemd[1]: Virtual Machine and Container Storage (Compatibility) skipped, unmet condition check ConditionPathExists=/var/lib/machines.raw
Oct 03 16:42:36 baseweed-admin systemd[1]: Listening on Disk Image Download Service Socket.
Oct 03 16:42:36 baseweed-admin systemd[1]: proc-sys-fs-binfmt_misc.automount: Got automount request for /proc/sys/fs/binfmt_misc, triggered by 593 ((haveged))
Oct 03 16:42:36 baseweed-admin systemd[1]: Mounting Arbitrary Executable File Formats File System...
Oct 03 16:42:36 baseweed-admin kernel: kvm_amd: TSC scaling supported
Oct 03 16:42:36 baseweed-admin kernel: kvm_amd: Nested Virtualization enabled
Oct 03 16:42:36 baseweed-admin kernel: kvm_amd: Nested Paging enabled
Oct 03 16:42:36 baseweed-admin kernel: kvm_amd: LBR virtualization supported
Oct 03 16:42:36 baseweed-admin kernel: kvm_amd: Virtual VMLOAD VMSAVE supported
Oct 03 16:42:36 baseweed-admin kernel: kvm_amd: Virtual GIF supported
Oct 03 16:42:36 baseweed-admin kernel: kvm_amd: Virtual NMI enabled
Oct 03 16:42:36 baseweed-admin kernel: snd_hda_codec_generic hdaudioC0D0: autoconfig for Generic: line_outs=1 (0x3/0x0/0x0/0x0/0x0) type:line
Oct 03 16:42:36 baseweed-admin kernel: snd_hda_codec_generic hdaudioC0D0:    speaker_outs=0 (0x0/0x0/0x0/0x0/0x0)
Oct 03 16:42:36 baseweed-admin kernel: snd_hda_codec_generic hdaudioC0D0:    hp_outs=0 (0x0/0x0/0x0/0x0/0x0)
Oct 03 16:42:36 baseweed-admin kernel: snd_hda_codec_generic hdaudioC0D0:    mono: mono_out=0x0
Oct 03 16:42:36 baseweed-admin kernel: snd_hda_codec_generic hdaudioC0D0:    inputs:
Oct 03 16:42:36 baseweed-admin kernel: snd_hda_codec_generic hdaudioC0D0:      Line=0x5
Oct 03 16:42:36 baseweed-admin systemd[1]: Mounted Arbitrary Executable File Formats File System.
Oct 03 16:42:36 baseweed-admin systemd[1]: Reached target Sound Card.
Oct 03 16:42:36 baseweed-admin haveged[593]: haveged: command socket is listening at fd 3
Oct 03 16:42:36 baseweed-admin systemd[1]: Mounted /boot/efi.
Oct 03 16:42:36 baseweed-admin systemd[1]: Reached target Local File Systems.
Oct 03 16:42:36 baseweed-admin systemd[1]: Listening on Boot Loader Control Service Socket.
Oct 03 16:42:36 baseweed-admin systemd[1]: Listening on System Extension Image Management.
Oct 03 16:42:36 baseweed-admin systemd[1]: Set Up Additional Binary Formats skipped, no trigger condition checks were met.
Oct 03 16:42:36 baseweed-admin systemd[1]: Save Transient machine-id to Disk skipped, unmet condition check ConditionPathIsMountPoint=/etc/machine-id
Oct 03 16:42:36 baseweed-admin systemd[1]: Starting Create System Files and Directories...
Oct 03 16:42:36 baseweed-admin systemd[1]: Finished Virtual Console Setup.
Oct 03 16:42:36 baseweed-admin systemd-tmpfiles[611]: /usr/lib/tmpfiles.d/qdistro-templates.conf:8: Duplicate line for path "/run/qdistro", ignoring.
Oct 03 16:42:36 baseweed-admin systemd[1]: Finished Create System Files and Directories.
Oct 03 16:42:36 baseweed-admin systemd[1]: Starting Load Audit Rules...
Oct 03 16:42:36 baseweed-admin systemd[1]: Rebuild Journal Catalog skipped, unmet condition check ConditionNeedsUpdate=/var
Oct 03 16:42:36 baseweed-admin systemd[1]: Update is Completed skipped, no trigger condition checks were met.
Oct 03 16:42:36 baseweed-admin augenrules[615]: /usr/sbin/augenrules: No change
Oct 03 16:42:36 baseweed-admin augenrules[630]: No rules
Oct 03 16:42:36 baseweed-admin systemd[1]: audit-rules.service: Deactivated successfully.
Oct 03 16:42:36 baseweed-admin systemd[1]: Finished Load Audit Rules.
Oct 03 16:42:36 baseweed-admin systemd[1]: Starting Security Audit Logging Service...
Oct 03 16:42:36 baseweed-admin auditd[636]: No plugins found, not dispatching events
Oct 03 16:42:36 baseweed-admin auditd[636]: Init complete, auditd 4.0.2 listening for events (startup state enable)
Oct 03 16:42:36 baseweed-admin augenrules[640]: /usr/sbin/augenrules: No change
Oct 03 16:42:36 baseweed-admin augenrules[655]: No rules
Oct 03 16:42:36 baseweed-admin systemd[1]: Started Security Audit Logging Service.
Oct 03 16:42:36 baseweed-admin systemd[1]: Reached target System Initialization.
Oct 03 16:42:36 baseweed-admin systemd[1]: Started Watch for changes in CA certificates.
Oct 03 16:42:36 baseweed-admin systemd[1]: Started Daily Cleanup of Temporary Directories.
Oct 03 16:42:36 baseweed-admin systemd[1]: Reached target Path Units.
Oct 03 16:42:36 baseweed-admin systemd[1]: Listening on D-Bus System Message Bus Socket.
Oct 03 16:42:36 baseweed-admin systemd[1]: Listening on Open-iSCSI iscsid Socket.
Oct 03 16:42:36 baseweed-admin systemd[1]: Listening on Authorization Manager Agent Helper.
Oct 03 16:42:36 baseweed-admin systemd[1]: Listening on qdistro removable-media brokered mount/unmount listen socket.
Oct 03 16:42:36 baseweed-admin systemd[1]: Listening on qdistro privileged-exec listen socket.
Oct 03 16:42:36 baseweed-admin systemd[1]: Listening on User Login Management Varlink Socket.
Oct 03 16:42:36 baseweed-admin systemd[1]: Listening on Virtual Machine and Container Registration Service Socket.
Oct 03 16:42:36 baseweed-admin systemd[1]: Listening on libvirt locking daemon socket.
Oct 03 16:42:36 baseweed-admin systemd[1]: Listening on libvirt locking daemon admin socket.
Oct 03 16:42:36 baseweed-admin systemd[1]: Listening on libvirt logging daemon socket.
Oct 03 16:42:36 baseweed-admin systemd[1]: Listening on libvirt logging daemon admin socket.
Oct 03 16:42:36 baseweed-admin systemd[1]: Listening on libvirt network daemon socket.
Oct 03 16:42:36 baseweed-admin systemd[1]: Listening on libvirt network daemon admin socket.
Oct 03 16:42:36 baseweed-admin systemd[1]: Listening on libvirt network daemon read-only socket.
Oct 03 16:42:36 baseweed-admin systemd[1]: Listening on libvirt nodedev daemon socket.
Oct 03 16:42:36 baseweed-admin systemd[1]: Listening on libvirt nodedev daemon admin socket.
Oct 03 16:42:36 baseweed-admin systemd[1]: Listening on libvirt nodedev daemon read-only socket.
Oct 03 16:42:36 baseweed-admin systemd[1]: Listening on libvirt QEMU daemon socket.
Oct 03 16:42:36 baseweed-admin systemd[1]: Listening on libvirt QEMU daemon admin socket.
Oct 03 16:42:36 baseweed-admin systemd[1]: Listening on libvirt QEMU daemon read-only socket.
Oct 03 16:42:36 baseweed-admin systemd[1]: Listening on libvirt secret daemon socket.
Oct 03 16:42:36 baseweed-admin systemd[1]: Listening on libvirt secret daemon admin socket.
Oct 03 16:42:36 baseweed-admin systemd[1]: Listening on libvirt secret daemon read-only socket.
Oct 03 16:42:36 baseweed-admin systemd[1]: Listening on libvirt storage daemon socket.
Oct 03 16:42:36 baseweed-admin systemd[1]: Listening on libvirt storage daemon admin socket.
Oct 03 16:42:36 baseweed-admin systemd[1]: Listening on libvirt storage daemon read-only socket.
Oct 03 16:42:36 baseweed-admin systemd[1]: libvirt Xen daemon socket skipped, unmet condition check ConditionPathExists=/proc/xen/capabilities
Oct 03 16:42:36 baseweed-admin systemd[1]: libvirt Xen daemon admin socket skipped, unmet condition check ConditionPathExists=/proc/xen/capabilities
Oct 03 16:42:36 baseweed-admin systemd[1]: libvirt Xen daemon read-only socket skipped, unmet condition check ConditionPathExists=/proc/xen/capabilities
Oct 03 16:42:36 baseweed-admin systemd[1]: Listening on wtmpdb daemon socket.
Oct 03 16:42:36 baseweed-admin systemd[1]: Reached target Socket Units.
Oct 03 16:42:36 baseweed-admin systemd[1]: Starting D-Bus System Message Bus...
Oct 03 16:42:36 baseweed-admin systemd[1]: Starting Write boot and shutdown times into wtmpdb...
Oct 03 16:42:36 baseweed-admin systemd[1]: Started D-Bus System Message Bus.
Oct 03 16:42:36 baseweed-admin systemd[1]: Reached target Basic System.
Oct 03 16:42:36 baseweed-admin systemd[1]: Starting Run SELinux Script on boot to check if it is safe to delete /var/lib/selinux after migration to /etc...
Oct 03 16:42:36 baseweed-admin systemd[1]: Finished Restore /run/initramfs on shutdown.
Oct 03 16:42:36 baseweed-admin systemd[1]: Starting Apply settings from /etc/sysconfig/keyboard...
Oct 03 16:42:36 baseweed-admin systemd[1]: Starting Monitoring of LVM2 mirrors, snapshots etc. using dmeventd or progress polling...
Oct 03 16:42:36 baseweed-admin systemd[1]: Starting Refresh dbus-broker policy with qdistro additions...
Oct 03 16:42:36 baseweed-admin systemd[1]: Started QEMU Guest Agent.
Oct 03 16:42:36 baseweed-admin dbus-broker-launch[660]: Ready
Oct 03 16:42:36 baseweed-admin systemd[1]: Starting Cleanup system data after soft-reboot...
Oct 03 16:42:36 baseweed-admin systemd[1]: Starting User Login Management...
Oct 03 16:42:36 baseweed-admin systemd[1]: Starting Virtual Machine and Container Registration Service...
Oct 03 16:42:36 baseweed-admin systemd[1]: Purge old kernels skipped, unmet condition check ConditionPathExists=/boot/do_purge_kernels
Oct 03 16:42:36 baseweed-admin cleanoldsepoldir.sh[663]: INFO: snapper not found and root is not Btrfs (xfs). Checking marker file age...
Oct 03 16:42:36 baseweed-admin cleanoldsepoldir.sh[663]: INFO: Migration markers are only 2 days old. Waiting for 30 days.
Oct 03 16:42:36 baseweed-admin cleanoldsepoldir.sh[663]: ---
Oct 03 16:42:36 baseweed-admin cleanoldsepoldir.sh[663]: WARNING: Cannot delete /var/lib/selinux. One or more checks failed:
Oct 03 16:42:36 baseweed-admin cleanoldsepoldir.sh[663]:  - Migration markers are only 2 days old. Waiting for 30 days (root is xfs).
Oct 03 16:42:36 baseweed-admin systemd[1]: cleanoldsepoldir.service: Deactivated successfully.
Oct 03 16:42:36 baseweed-admin systemd[1]: Finished Run SELinux Script on boot to check if it is safe to delete /var/lib/selinux after migration to /etc.
Oct 03 16:42:36 baseweed-admin systemd[1]: Finished Refresh dbus-broker policy with qdistro additions.
Oct 03 16:42:36 baseweed-admin systemd[1]: Starting qdistro admin broker (Phase 1 prototype)...
Oct 03 16:42:36 baseweed-admin systemd[1]: Starting qdistro password-manager daemon (spec/13 Phase-8 MVP)...
Oct 03 16:42:36 baseweed-admin systemd[1]: Starting qdistro session manager (user-silo lifecycle)...
Oct 03 16:42:36 baseweed-admin systemd[1]: Starting wtmpdb daemon...
Oct 03 16:42:36 baseweed-admin systemd[1]: Started Virtual Machine and Container Registration Service.
Oct 03 16:42:36 baseweed-admin kernel: device-mapper: uevent: version 1.0.3
Oct 03 16:42:36 baseweed-admin kernel: device-mapper: ioctl: 4.50.0-ioctl (2025-04-28) initialised: dm-devel@lists.linux.dev
Oct 03 16:42:36 baseweed-admin systemd[1]: Finished Monitoring of LVM2 mirrors, snapshots etc. using dmeventd or progress polling.
Oct 03 16:42:36 baseweed-admin systemd[1]: Finished Cleanup system data after soft-reboot.
Oct 03 16:42:36 baseweed-admin systemd[1]: Finished Apply settings from /etc/sysconfig/keyboard.
Oct 03 16:42:36 baseweed-admin systemd[1]: Reached target Preparation for Network.
Oct 03 16:42:36 baseweed-admin systemd[1]: Starting Network Manager...
Oct 03 16:42:36 baseweed-admin systemd-logind[675]: New seat seat0.
Oct 03 16:42:36 baseweed-admin systemd-logind[675]: Watching system buttons on /dev/input/event4 (Power Button)
Oct 03 16:42:36 baseweed-admin systemd-logind[675]: Watching system buttons on /dev/input/event0 (AT Translated Set 2 keyboard)
Oct 03 16:42:36 baseweed-admin systemd[1]: Created slice User Slice of UID 1000.
Oct 03 16:42:36 baseweed-admin systemd[1]: Started User Login Management.
Oct 03 16:42:36 baseweed-admin systemd[1]: Starting User Runtime Directory /run/user/1000...
Oct 03 16:42:37 baseweed-admin systemd[1]: Started wtmpdb daemon.
Oct 03 16:42:37 baseweed-admin systemd-user-runtime-dir[737]: Successfully configured disk quota for UID 1000 on /tmp to 1.5G
Oct 03 16:42:37 baseweed-admin systemd-user-runtime-dir[737]: Successfully configured disk quota for UID 1000 on /dev/shm to 1.5G
Oct 03 16:42:37 baseweed-admin systemd[1]: Finished User Runtime Directory /run/user/1000.
Oct 03 16:42:37 baseweed-admin systemd[1]: Finished Write boot and shutdown times into wtmpdb.
Oct 03 16:42:37 baseweed-admin NetworkManager[736]: <info>  [1791045757.1122] NetworkManager (version 1.56.1) is starting... (boot:cc224acf-68be-4933-abf4-52762f87f55b)
Oct 03 16:42:37 baseweed-admin NetworkManager[736]: <info>  [1791045757.1126] Read config: /etc/NetworkManager/NetworkManager.conf, /usr/lib/NetworkManager/conf.d/conncheck-openSUSE.conf, /run/NetworkManager/conf.d/15-carrier-timeout.conf
Oct 03 16:42:37 baseweed-admin NetworkManager[736]: <info>  [1791045757.1220] manager[0x55d4c6e77940]: monitoring kernel firmware directory '/usr/lib/firmware'.
Oct 03 16:42:37 baseweed-admin systemd[1]: Starting Hostname Service...
Oct 03 16:42:37 baseweed-admin systemd[1]: Started Hostname Service.
Oct 03 16:42:37 baseweed-admin NetworkManager[736]: <info>  [1791045757.2146] hostname: hostname: using hostnamed
Oct 03 16:42:37 baseweed-admin NetworkManager[736]: <info>  [1791045757.2148] hostname: static hostname changed from (none) to "baseweed-admin"
Oct 03 16:42:37 baseweed-admin NetworkManager[736]: <info>  [1791045757.2154] dns-mgr: init: dns=default,systemd-resolved rc-manager=symlink (auto)
Oct 03 16:42:37 baseweed-admin NetworkManager[736]: <info>  [1791045757.2243] manager[0x55d4c6e77940]: rfkill: Wi-Fi hardware radio set enabled
Oct 03 16:42:37 baseweed-admin NetworkManager[736]: <info>  [1791045757.2244] manager[0x55d4c6e77940]: rfkill: WWAN hardware radio set enabled
Oct 03 16:42:37 baseweed-admin NetworkManager[736]: <info>  [1791045757.2327] Loaded device plugin: NMWifiFactory (/usr/lib64/NetworkManager/1.56.1/libnm-device-plugin-wifi.so)
Oct 03 16:42:37 baseweed-admin NetworkManager[736]: <info>  [1791045757.2331] manager: rfkill: Wi-Fi enabled by radio killswitch; enabled by state file
Oct 03 16:42:37 baseweed-admin NetworkManager[736]: <info>  [1791045757.2334] manager: rfkill: WWAN enabled by radio killswitch; enabled by state file
Oct 03 16:42:37 baseweed-admin NetworkManager[736]: <info>  [1791045757.2337] manager: Networking is enabled by state file
Oct 03 16:42:37 baseweed-admin NetworkManager[736]: <info>  [1791045757.2345] settings: Loaded settings plugin: keyfile (internal)
Oct 03 16:42:37 baseweed-admin NetworkManager[736]: <info>  [1791045757.2369] dhcp: init: Using DHCP client 'internal'
Oct 03 16:42:37 baseweed-admin NetworkManager[736]: <info>  [1791045757.2371] manager: (lo): new Loopback device (/org/freedesktop/NetworkManager/Devices/1)
Oct 03 16:42:37 baseweed-admin NetworkManager[736]: <info>  [1791045757.2406] device (lo): state change: unmanaged -> unavailable (reason 'connection-assumed', managed-type: 'external')
Oct 03 16:42:37 baseweed-admin NetworkManager[736]: <info>  [1791045757.2412] device (lo): state change: unavailable -> disconnected (reason 'connection-assumed', managed-type: 'external')
Oct 03 16:42:37 baseweed-admin NetworkManager[736]: <info>  [1791045757.2417] device (lo): Activation: starting connection 'lo' (a49ccf01-99c2-4aee-8c53-0b3bd64f48e4)
Oct 03 16:42:37 baseweed-admin NetworkManager[736]: <info>  [1791045757.2428] manager: (ens2): new Ethernet device (/org/freedesktop/NetworkManager/Devices/2)
Oct 03 16:42:37 baseweed-admin systemd[1]: Listening on Load/Save RF Kill Switch Status /dev/rfkill Watch.
Oct 03 16:42:37 baseweed-admin NetworkManager[736]: <info>  [1791045757.2455] settings: (ens2): created default wired connection 'Wired connection 1'
Oct 03 16:42:37 baseweed-admin NetworkManager[736]: <info>  [1791045757.2455] device (ens2): state change: unmanaged -> unavailable (reason 'managed', managed-type: 'external')
Oct 03 16:42:37 baseweed-admin NetworkManager[736]: <info>  [1791045757.2505] bus-manager: acquired D-Bus service "org.freedesktop.NetworkManager"
Oct 03 16:42:37 baseweed-admin NetworkManager[736]: <info>  [1791045757.2509] device (lo): state change: disconnected -> prepare (reason 'none', managed-type: 'external')
Oct 03 16:42:37 baseweed-admin NetworkManager[736]: <info>  [1791045757.2510] device (lo): state change: prepare -> config (reason 'none', managed-type: 'external')
Oct 03 16:42:37 baseweed-admin NetworkManager[736]: <info>  [1791045757.2512] device (lo): state change: config -> ip-config (reason 'none', managed-type: 'external')
Oct 03 16:42:37 baseweed-admin NetworkManager[736]: <info>  [1791045757.2513] device (ens2): carrier: link connected
Oct 03 16:42:37 baseweed-admin NetworkManager[736]: <info>  [1791045757.2515] device (lo): state change: ip-config -> ip-check (reason 'none', managed-type: 'external')
Oct 03 16:42:37 baseweed-admin NetworkManager[736]: <info>  [1791045757.2519] device (ens2): state change: unavailable -> disconnected (reason 'carrier-changed', managed-type: 'full')
Oct 03 16:42:37 baseweed-admin systemd[1]: Starting Network Manager Script Dispatcher Service...
Oct 03 16:42:37 baseweed-admin NetworkManager[736]: <info>  [1791045757.2523] policy: auto-activating connection 'Wired connection 1' (c4d7d1ab-ffe5-3d27-a31e-0be6b53d09b8)
Oct 03 16:42:37 baseweed-admin systemd[1]: Started Network Manager.
Oct 03 16:42:37 baseweed-admin systemd[1]: Reached target Network.
Oct 03 16:42:37 baseweed-admin NetworkManager[736]: <info>  [1791045757.2526] device (ens2): Activation: starting connection 'Wired connection 1' (c4d7d1ab-ffe5-3d27-a31e-0be6b53d09b8)
Oct 03 16:42:37 baseweed-admin NetworkManager[736]: <info>  [1791045757.2546] device (ens2): state change: disconnected -> prepare (reason 'none', managed-type: 'full')
Oct 03 16:42:37 baseweed-admin NetworkManager[736]: <info>  [1791045757.2549] manager: NetworkManager state is now CONNECTING
Oct 03 16:42:37 baseweed-admin NetworkManager[736]: <info>  [1791045757.2549] device (ens2): state change: prepare -> config (reason 'none', managed-type: 'full')
Oct 03 16:42:37 baseweed-admin NetworkManager[736]: <info>  [1791045757.2560] device (ens2): state change: config -> ip-config (reason 'none', managed-type: 'full')
Oct 03 16:42:37 baseweed-admin systemd[1]: Starting Network Manager Wait Online...
Oct 03 16:42:37 baseweed-admin NetworkManager[736]: <info>  [1791045757.2568] dhcp4 (ens2): activation: beginning transaction (timeout in 45 seconds)
Oct 03 16:42:37 baseweed-admin kernel: NET: Registered PF_PACKET protocol family
Oct 03 16:42:37 baseweed-admin NetworkManager[736]: <info>  [1791045757.2657] dhcp4 (ens2): state changed new lease, address=10.0.2.15, acd pending
Oct 03 16:42:37 baseweed-admin systemd[1]: Starting NTP client/server...
Oct 03 16:42:37 baseweed-admin systemd[1]: Started qdistro IPP proxy → CUPS-in-VM (spec/20 Phase-9 skeleton).
Oct 03 16:42:37 baseweed-admin systemd[1]: Starting OpenSSH Daemon...
Oct 03 16:42:37 baseweed-admin systemd[1]: Started Network Manager Script Dispatcher Service.
Oct 03 16:42:37 baseweed-admin NetworkManager[736]: <info>  [1791045757.3045] device (lo): state change: ip-check -> secondaries (reason 'none', managed-type: 'external')
Oct 03 16:42:37 baseweed-admin NetworkManager[736]: <info>  [1791045757.3047] device (lo): state change: secondaries -> activated (reason 'none', managed-type: 'external')
Oct 03 16:42:37 baseweed-admin NetworkManager[736]: <info>  [1791045757.3050] device (lo): Activation: successful, device activated.
Oct 03 16:42:37 baseweed-admin sshd-gen-keys-start[752]: Checking for missing server keys in /etc/ssh
Oct 03 16:42:37 baseweed-admin systemd[1]: Started qdistro session manager (user-silo lifecycle).
Oct 03 16:42:37 baseweed-admin qdistro-print-proxy[751]: [qdistro-print-proxy] listening on /run/qdistro-print/ipp.sock → backend=vsock
Oct 03 16:42:37 baseweed-admin chronyd[749]: chronyd version 4.9 starting (+CMDMON +REFCLOCK +RTC +PRIVDROP +SCFILTER +SIGND +NTS +SECHASH +IPV6 -DEBUG)
Oct 03 16:42:37 baseweed-admin chronyd[749]: Frequency -83.231 +/- 535.590 ppm read from /var/lib/chrony/drift
Oct 03 16:42:37 baseweed-admin qdistro_admin_broker.py[701]: [broker] hooks: enabled, executor socket at /run/qdistro/hook-executor.sock
Oct 03 16:42:37 baseweed-admin qdistro_admin_broker.py[701]: [broker] secctx_launcher_gated=True
Oct 03 16:42:37 baseweed-admin qdistro_admin_broker.py[701]: [broker] require_silo_active=True (fail-closed)
Oct 03 16:42:37 baseweed-admin qdistro_admin_broker.py[701]: [broker] lineage_enforce=False (False=shadow/audit-only)
Oct 03 16:42:37 baseweed-admin runuser[783]: pam_unix(runuser:session): session opened for user admin(uid=1000) by (uid=0)
Oct 03 16:42:37 baseweed-admin qdistro_admin_broker.py[701]: /usr/libexec/qdistro/qdistro_admin_broker.py:1124: PyGIDeprecationWarning: GLib.unix_signal_add is deprecated; use GLibUnix.signal_add instead
Oct 03 16:42:37 baseweed-admin qdistro_admin_broker.py[701]:   GLib.unix_signal_add(
Oct 03 16:42:37 baseweed-admin systemd[1]: Started qdistro password-manager daemon (spec/13 Phase-8 MVP).
Oct 03 16:42:37 baseweed-admin qdistro_admin_broker.py[701]: [broker] inotify watching /etc/qdistro/rules.d for hot reload
Oct 03 16:42:37 baseweed-admin qdistro_pwd_daemon.py[703]: logind lifecycle hooks unavailable
Oct 03 16:42:37 baseweed-admin qdistro_pwd_daemon.py[703]: Traceback (most recent call last):
Oct 03 16:42:37 baseweed-admin qdistro_pwd_daemon.py[703]:   File "/usr/libexec/qdistro/qdistro_pwd_daemon.py", line 661, in _install_lifecycle_hooks
Oct 03 16:42:37 baseweed-admin qdistro_pwd_daemon.py[703]:     session_path = str(mgr.GetSessionByPID(os.getpid()))
Oct 03 16:42:37 baseweed-admin qdistro_pwd_daemon.py[703]:                        ~~~~~~~~~~~~~~~~~~~^^^^^^^^^^^^^
Oct 03 16:42:37 baseweed-admin qdistro_pwd_daemon.py[703]:   File "/usr/lib/python3.13/site-packages/dbus/proxies.py", line 72, in __call__
Oct 03 16:42:37 baseweed-admin qdistro_pwd_daemon.py[703]:     return self._proxy_method(*args, **keywords)
Oct 03 16:42:37 baseweed-admin qdistro_pwd_daemon.py[703]:            ~~~~~~~~~~~~~~~~~~^^^^^^^^^^^^^^^^^^^
Oct 03 16:42:37 baseweed-admin qdistro_pwd_daemon.py[703]:   File "/usr/lib/python3.13/site-packages/dbus/proxies.py", line 141, in __call__
Oct 03 16:42:37 baseweed-admin qdistro_pwd_daemon.py[703]:     return self._connection.call_blocking(self._named_service,
Oct 03 16:42:37 baseweed-admin qdistro_pwd_daemon.py[703]:            ~~~~~~~~~~~~~~~~~~~~~~~~~~~~~~^^^^^^^^^^^^^^^^^^^^^
Oct 03 16:42:37 baseweed-admin qdistro_pwd_daemon.py[703]:                                           self._object_path,
Oct 03 16:42:37 baseweed-admin qdistro_pwd_daemon.py[703]:                                           ^^^^^^^^^^^^^^^^^^
Oct 03 16:42:37 baseweed-admin qdistro_pwd_daemon.py[703]:     ...<3 lines>...
Oct 03 16:42:37 baseweed-admin qdistro_pwd_daemon.py[703]:                                           args,
Oct 03 16:42:37 baseweed-admin qdistro_pwd_daemon.py[703]:                                           ^^^^^
Oct 03 16:42:37 baseweed-admin qdistro_pwd_daemon.py[703]:                                           **keywords)
Oct 03 16:42:37 baseweed-admin qdistro_pwd_daemon.py[703]:                                           ^^^^^^^^^^^
Oct 03 16:42:37 baseweed-admin qdistro_pwd_daemon.py[703]:   File "/usr/lib/python3.13/site-packages/dbus/connection.py", line 696, in call_blocking
Oct 03 16:42:37 baseweed-admin qdistro_pwd_daemon.py[703]:     reply_message = self.send_message_with_reply_and_block(
Oct 03 16:42:37 baseweed-admin qdistro_pwd_daemon.py[703]:         message, timeout)
Oct 03 16:42:37 baseweed-admin qdistro_pwd_daemon.py[703]: dbus.exceptions.DBusException: org.freedesktop.login1.NoSessionForPID: PID 703 does not belong to any known session
Oct 03 16:42:37 baseweed-admin qdistro_pwd_daemon.py[703]: [qdistro-pwd] listening on org.qdistro.Pwd1 /org/qdistro/Pwd1
Oct 03 16:42:37 baseweed-admin qdistro_pwd_daemon.py[703]: /usr/libexec/qdistro/qdistro_pwd_daemon.py:2030: PyGIDeprecationWarning: GLib.unix_signal_add is deprecated; use GLibUnix.signal_add instead
Oct 03 16:42:37 baseweed-admin qdistro_pwd_daemon.py[703]:   GLib.unix_signal_add(GLib.PRIORITY_HIGH, signal.SIGTERM, _on_term, None)
Oct 03 16:42:37 baseweed-admin qdistro_pwd_daemon.py[703]: /usr/libexec/qdistro/qdistro_pwd_daemon.py:2031: PyGIDeprecationWarning: GLib.unix_signal_add is deprecated; use GLibUnix.signal_add instead
Oct 03 16:42:37 baseweed-admin qdistro_pwd_daemon.py[703]:   GLib.unix_signal_add(GLib.PRIORITY_HIGH, signal.SIGINT, _on_term, None)
Oct 03 16:42:37 baseweed-admin qdistro_admin_broker.py[701]: [broker] workflow engine: 0 workflow(s) loaded
Oct 03 16:42:37 baseweed-admin qdistro_admin_broker.py[701]: [qdistro-admin-broker] listening on org.qdistro.AdminBroker1 /org/qdistro/AdminBroker1
Oct 03 16:42:37 baseweed-admin systemd[1]: Started qdistro admin broker (Phase 1 prototype).
Oct 03 16:42:37 baseweed-admin systemd[1]: Started NTP client/server.
Oct 03 16:42:37 baseweed-admin systemd[1]: Reached target System Time Synchronized.
Oct 03 16:42:37 baseweed-admin systemd[1]: Started Backup of RPM database.
Oct 03 16:42:37 baseweed-admin systemd[1]: Started Backup of /etc/sysconfig.
Oct 03 16:42:37 baseweed-admin systemd[1]: Started Check if mainboard battery is Ok.
Oct 03 16:42:37 baseweed-admin systemd[1]: Started Discard unused filesystem blocks once a week.
Oct 03 16:42:37 baseweed-admin systemd[1]: Started Daily rotation of log files.
Oct 03 16:42:37 baseweed-admin systemd[1]: Started daily update of the root trust anchor for DNSSEC.
Oct 03 16:42:37 baseweed-admin systemd[1]: Started Monthly rotation of wtmpdb.
Oct 03 16:42:37 baseweed-admin systemd[1]: Reached target Timer Units.
Oct 03 16:42:37 baseweed-admin NetworkManager[736]: <info>  [1791045757.4615] dhcp4 (ens2): state changed new lease, address=10.0.2.15
Oct 03 16:42:37 baseweed-admin NetworkManager[736]: <info>  [1791045757.4636] policy: set 'Wired connection 1' (ens2) as default for IPv4 routing and DNS
Oct 03 16:42:37 baseweed-admin NetworkManager[736]: <info>  [1791045757.4730] device (ens2): state change: ip-config -> ip-check (reason 'none', managed-type: 'full')
Oct 03 16:42:37 baseweed-admin NetworkManager[736]: <info>  [1791045757.4761] device (ens2): state change: ip-check -> secondaries (reason 'none', managed-type: 'full')
Oct 03 16:42:37 baseweed-admin NetworkManager[736]: <info>  [1791045757.4764] device (ens2): state change: secondaries -> activated (reason 'none', managed-type: 'full')
Oct 03 16:42:37 baseweed-admin NetworkManager[736]: <info>  [1791045757.4765] manager: NetworkManager state is now CONNECTED_SITE
Oct 03 16:42:37 baseweed-admin NetworkManager[736]: <info>  [1791045757.4767] device (ens2): Activation: successful, device activated.
Oct 03 16:42:37 baseweed-admin NetworkManager[736]: <info>  [1791045757.4782] manager: startup complete
Oct 03 16:42:37 baseweed-admin systemd[1]: Finished Network Manager Wait Online.
Oct 03 16:42:37 baseweed-admin systemd[1]: Reached target Network is Online.
Oct 03 16:42:37 baseweed-admin systemd[1]: Starting Login and scanning of iSCSI devices...
Oct 03 16:42:37 baseweed-admin iscsiadm[819]: iscsiadm: No records found
Oct 03 16:42:37 baseweed-admin sshd[815]: Server listening on 0.0.0.0 port 22.
Oct 03 16:42:37 baseweed-admin systemd[1]: Started OpenSSH Daemon.
Oct 03 16:42:37 baseweed-admin sshd[815]: Server listening on :: port 22.
Oct 03 16:42:37 baseweed-admin NetworkManager[736]: <info>  [1791045757.5861] manager: NetworkManager state is now CONNECTED_GLOBAL
Oct 03 16:42:37 baseweed-admin iscsiadm[832]: iscsiadm: No records found
Oct 03 16:42:37 baseweed-admin iscsiadm[852]: iscsiadm: Could not get list of targets from firmware. (err 21)
Oct 03 16:42:37 baseweed-admin systemd[1]: Finished Login and scanning of iSCSI devices.
Oct 03 16:42:37 baseweed-admin systemd[1]: Reached target Remote File Systems.
Oct 03 16:42:37 baseweed-admin systemd[1]: Starting Availability of block devices...
Oct 03 16:42:37 baseweed-admin systemd[1]: Starting Permit User Sessions...
Oct 03 16:42:37 baseweed-admin systemd[1]: Starting libvirt QEMU daemon...
Oct 03 16:42:37 baseweed-admin systemd[1]: libvirt Xen daemon skipped, unmet condition check ConditionPathExists=/proc/xen/capabilities
Oct 03 16:42:37 baseweed-admin systemd[1]: Finished Availability of block devices.
Oct 03 16:42:37 baseweed-admin systemd[1]: Finished Permit User Sessions.
Oct 03 16:42:37 baseweed-admin systemd[1]: Started Getty on tty1.
Oct 03 16:42:37 baseweed-admin systemd[1]: Started Seat management daemon.
Oct 03 16:42:37 baseweed-admin systemd[1]: Started Serial Getty on ttyS0.
Oct 03 16:42:37 baseweed-admin systemd[1]: Reached target Login Prompts.
Oct 03 16:42:37 baseweed-admin systemd[1]: Starting User Manager for UID 1000...
Oct 03 16:42:37 baseweed-admin kernel: evm: overlay not supported
Oct 03 16:42:37 baseweed-admin seatd[881]: 00:00:00.000 [INFO] [seatd/seat.c:48] Created VT-bound seat seat0
Oct 03 16:42:37 baseweed-admin seatd[881]: 00:00:00.000 [INFO] [seatd/seatd.c:194] seatd started
Oct 03 16:42:37 baseweed-admin systemd-logind[675]: New session '1' of user 'admin' with class 'manager' and type 'unspecified'.
Oct 03 16:42:37 baseweed-admin (systemd)[883]: pam_unix(systemd-user:session): session opened for user admin(uid=1000) by admin(uid=0)
Oct 03 16:42:37 baseweed-admin podman[827]: 2026-10-03 16:42:37.830574203 +0000 UTC m=+0.235333832 system refresh
Oct 03 16:42:37 baseweed-admin systemd[1]: Started libvirt QEMU daemon.
Oct 03 16:42:37 baseweed-admin systemd[1]: Reached target Multi-User System.
Oct 03 16:42:37 baseweed-admin runuser[783]: pam_unix(runuser:session): session closed for user admin
Oct 03 16:42:37 baseweed-admin runuser[904]: pam_unix(runuser:session): session opened for user admin(uid=1000) by (uid=0)
Oct 03 16:42:38 baseweed-admin systemd[883]: Queued start job for default target Main User Target.
Oct 03 16:42:38 baseweed-admin systemd[883]: Created slice User Application Slice.
Oct 03 16:42:38 baseweed-admin systemd[883]: Created slice User Core Session Slice.
Oct 03 16:42:38 baseweed-admin systemd[883]: Started Daily Cleanup of User's Temporary Directories.
Oct 03 16:42:38 baseweed-admin systemd[883]: Reached target Paths.
Oct 03 16:42:38 baseweed-admin systemd[883]: Reached target Timers.
Oct 03 16:42:38 baseweed-admin systemd[883]: Starting D-Bus User Message Bus Socket...
Oct 03 16:42:38 baseweed-admin systemd[883]: Listening on PipeWire Multimedia System Sockets.
Oct 03 16:42:38 baseweed-admin systemd[883]: Listening on Query the User Interactively for a Password.
Oct 03 16:42:38 baseweed-admin systemd[883]: Listening on Disk Image Download Service Socket.
Oct 03 16:42:38 baseweed-admin systemd[883]: Listening on Virtual Machine and Container Registration Service Socket.
Oct 03 16:42:38 baseweed-admin systemd[883]: Starting Create User Files and Directories...
Oct 03 16:42:38 baseweed-admin systemd[883]: Listening on D-Bus User Message Bus Socket.
Oct 03 16:42:38 baseweed-admin systemd[883]: Reached target Sockets.
Oct 03 16:42:38 baseweed-admin systemd[883]: Starting D-Bus User Message Bus...
Oct 03 16:42:38 baseweed-admin systemd[883]: Finished Create User Files and Directories.
Oct 03 16:42:38 baseweed-admin dbus-broker-launch[938]: Policy to allow eavesdropping in /usr/share/dbus-1/session.conf +31: Eavesdropping is deprecated and ignored
Oct 03 16:42:38 baseweed-admin systemd[883]: Started D-Bus User Message Bus.
Oct 03 16:42:38 baseweed-admin systemd[883]: Reached target Basic System.
Oct 03 16:42:38 baseweed-admin systemd[883]: Reached target Current graphical user session.
Oct 03 16:42:38 baseweed-admin systemd[1]: Started User Manager for UID 1000.
Oct 03 16:42:38 baseweed-admin systemd[883]: Started PipeWire Multimedia Service.
Oct 03 16:42:38 baseweed-admin dbus-broker-launch[938]: Ready
Oct 03 16:42:38 baseweed-admin systemd[883]: Starting qdistro browser screen-lock inhibit daemon (Bridge Phase-9e)...
Oct 03 16:42:38 baseweed-admin systemd[1]: Startup finished in 2.389s (kernel) + 2.271s (initrd) + 4.785s (userspace) = 9.446s.
Oct 03 16:42:38 baseweed-admin systemd[883]: Starting qdistro browser download-notification daemon (Bridge Phase-9e)...
Oct 03 16:42:38 baseweed-admin systemd[883]: Starting qdistro browser MPRIS republisher (Bridge Phase-9e)...
Oct 03 16:42:38 baseweed-admin systemd[883]: Starting qdistro browser web-notification relay (Bridge Phase-9e)...
Oct 03 16:42:38 baseweed-admin systemd[883]: qdistro-polkit-agent.service: unit configures an IP firewall, but not running as root.
Oct 03 16:42:38 baseweed-admin systemd[883]: qdistro-polkit-agent.service: (This warning is only shown for the first unit using IP firewalling.)
Oct 03 16:42:38 baseweed-admin systemd[883]: Started qdistro polkit authentication agent (PAM / fprintd / broker).
Oct 03 16:42:39 baseweed-admin systemd[883]: Starting qdistro pwd XDG portal Secret backend (spec/13 Phase-8.3)...
Oct 03 16:42:39 baseweed-admin systemd[883]: Started qdwin compositor (libweston + qdwin-shell.so).
Oct 03 16:42:39 baseweed-admin systemd[883]: Starting qdistro screen locker (qdlocker)...
Oct 03 16:42:39 baseweed-admin systemd[883]: Starting qdshell desktop (Quickshell QML on top of qdwin)...
Oct 03 16:42:39 baseweed-admin systemd[883]: Started Multimedia Service Session Manager.
Oct 03 16:42:39 baseweed-admin systemd[883]: Starting ydotool synthetic input daemon for qdistro VM tests...
Oct 03 16:42:39 baseweed-admin systemd[1]: Starting RealtimeKit Scheduling Policy Service...
Oct 03 16:42:39 baseweed-admin systemd[883]: Started ydotool synthetic input daemon for qdistro VM tests.
Oct 03 16:42:39 baseweed-admin systemd[883]: selinux: avc:  denied  { start } for auid=n/a uid=1000 gid=1000 cmdline="podman ps -a --filter label=qdistro_disposable=1 --format json" function="method_start_transient_unit" scontext=system_u:system_r:qdistro_sessmgr_t:s0 tcontext=unconfined_u:unconfined_r:unconfined_t:s0-s0:c0.c1023 tclass=system permissive=1
Oct 03 16:42:39 baseweed-admin systemd[883]: Created slice Slice /user.
Oct 03 16:42:39 baseweed-admin kernel: input: ydotoold virtual device as /devices/virtual/input/input7
Oct 03 16:42:39 baseweed-admin weston[953]: Date: 2026-10-03 UTC
Oct 03 16:42:39 baseweed-admin weston[953]: [16:42:39.223] weston 16.0.0
Oct 03 16:42:39 baseweed-admin weston[953]:                https://wayland.freedesktop.org
Oct 03 16:42:39 baseweed-admin weston[953]:                Bug reports to: https://gitlab.freedesktop.org/wayland/weston/issues/
Oct 03 16:42:39 baseweed-admin weston[953]:                Build: 16.0.0
Oct 03 16:42:39 baseweed-admin weston[953]: [16:42:39.223] Command line: /usr/bin/weston --config=/home/admin/weston.ini --socket=wayland-1
Oct 03 16:42:39 baseweed-admin weston[953]: [16:42:39.223] OS: Linux, 7.2.8-1-default, #1 SMP PREEMPT_DYNAMIC Sat Sep 26 07:00:58 UTC 2026 (9b36732), x86_64
Oct 03 16:42:39 baseweed-admin weston[953]: [16:42:39.223] Flight recorder: enabled, scopes subscribed: log
Oct 03 16:42:39 baseweed-admin weston[953]: [16:42:39.224] Using config file '/home/admin/weston.ini'
Oct 03 16:42:39 baseweed-admin weston[953]: [16:42:39.225] Output repaint window is 7 ms maximum.
Oct 03 16:42:39 baseweed-admin systemd[883]: Started podman-924.scope.
Oct 03 16:42:39 baseweed-admin weston[953]: [16:42:39.232] Loading module '/usr/libexec/qdistro/qdwin-libweston/lib64/libweston-16/drm-backend.so'
Oct 03 16:42:39 baseweed-admin weston[953]: [16:42:39.236] initializing drm backend
Oct 03 16:42:39 baseweed-admin weston[953]: [16:42:39.236] Trying libseat launcher...
Oct 03 16:42:39 baseweed-admin seatd[881]: 00:00:01.449 [INFO] [seatd/server.c:145] New client connected (pid: 953, uid: 1000, gid: 1000)
Oct 03 16:42:39 baseweed-admin seatd[881]: 00:00:01.451 [INFO] [seatd/seat.c:248] Added client 1 to seat0
Oct 03 16:42:39 baseweed-admin seatd[881]: 00:00:01.453 [INFO] [seatd/seat.c:584] Opened client 1 on seat0
Oct 03 16:42:39 baseweed-admin weston[953]: [16:42:39.265] [libseat/libseat.c:73] Seat opened with backend 'seatd'
Oct 03 16:42:39 baseweed-admin weston[953]: [16:42:39.265] [libseat/backend/seatd.c:218] Enabling seat
Oct 03 16:42:39 baseweed-admin weston[953]: [16:42:39.265] libseat: session control granted
Oct 03 16:42:39 baseweed-admin weston[953]: [16:42:39.284] using /dev/dri/card0
Oct 03 16:42:39 baseweed-admin weston[953]: [16:42:39.284] DRM: supports atomic modesetting
Oct 03 16:42:39 baseweed-admin weston[953]: [16:42:39.284] DRM: supports cursor-plane hotspot (virtualized cursor)
Oct 03 16:42:39 baseweed-admin weston[953]: [16:42:39.284] DRM: does not support GBM modifiers
Oct 03 16:42:39 baseweed-admin weston[953]: [16:42:39.284] DRM: does not support Atomic async page flip
Oct 03 16:42:39 baseweed-admin weston[953]: [16:42:39.284] DRM: supports picture aspect ratio
Oct 03 16:42:39 baseweed-admin weston[953]: [16:42:39.285] DRM: EDID for the following head fails conformity:
Oct 03 16:42:39 baseweed-admin weston[953]: Block 1, CTA-861 Extension Block:
Oct 03 16:42:39 baseweed-admin weston[953]:   Padding: Contains non-zero bytes.
Oct 03 16:42:39 baseweed-admin weston[953]: [16:42:39.285] DRM: head 'Virtual-1' found, connector 40 is connected, EDID make 'Red Hat, Inc.', model 'QEMU Monitor', serial ''
Oct 03 16:42:39 baseweed-admin weston[953]:                Supported EOTF modes: SDR
Oct 03 16:42:39 baseweed-admin weston[953]:                Supported colorimetry modes: default
Oct 03 16:42:39 baseweed-admin weston[953]:                Supported VRR modes: (none),
Oct 03 16:42:39 baseweed-admin weston[953]:                Supported color formats: AUTO
Oct 03 16:42:39 baseweed-admin systemd-logind[675]: Watching system buttons on /dev/input/event6 (ydotoold virtual device)
Oct 03 16:42:39 baseweed-admin runuser[904]: pam_unix(runuser:session): session closed for user admin
Oct 03 16:42:39 baseweed-admin qdistro_session_manager.py[704]: 2026-10-03 16:42:39,344 INFO qdistro_session_manager: disposable lease sweeps (TTL + proctree-empty) every 60s
Oct 03 16:42:39 baseweed-admin systemd[1]: Started RealtimeKit Scheduling Policy Service.
Oct 03 16:42:39 baseweed-admin rtkit-daemon[962]: Handling system-suspend using logind.
Oct 03 16:42:39 baseweed-admin systemd[1]: Starting Authorization Manager...
Oct 03 16:42:39 baseweed-admin NetworkManager[736]: <info>  [1791045759.4900] policy: set 'Wired connection 1' (ens2) as default for IPv6 routing and DNS
Oct 03 16:42:39 baseweed-admin systemd[883]: Started qdistro browser web-notification relay (Bridge Phase-9e).
Oct 03 16:42:39 baseweed-admin polkitd[977]: Started polkitd version 127
Oct 03 16:42:39 baseweed-admin systemd[883]: Started qdistro browser screen-lock inhibit daemon (Bridge Phase-9e).
Oct 03 16:42:39 baseweed-admin systemd[1]: Started Authorization Manager.
Oct 03 16:42:39 baseweed-admin systemd[883]: Started qdistro browser download-notification daemon (Bridge Phase-9e).
Oct 03 16:42:39 baseweed-admin systemd[883]: Started qdistro browser MPRIS republisher (Bridge Phase-9e).
Oct 03 16:42:39 baseweed-admin qdistro-polkit-agent[949]: registration failed: org.freedesktop.PolicyKit1.Error.Failed: Cannot determine session the caller is in
Oct 03 16:42:39 baseweed-admin python3[949]: qdistro-polkit-agent: registration failed: org.freedesktop.PolicyKit1.Error.Failed: Cannot determine session the caller is in
Oct 03 16:42:39 baseweed-admin systemd[883]: qdistro-polkit-agent.service: Main process exited, code=exited, status=1/FAILURE
Oct 03 16:42:39 baseweed-admin systemd[883]: qdistro-polkit-agent.service: Failed with result 'exit-code'.
Oct 03 16:42:39 baseweed-admin weston[953]: [16:42:39.914] Loading module '/usr/libexec/qdistro/qdwin-libweston/lib64/libweston-16/gl-renderer.so'
Oct 03 16:42:39 baseweed-admin weston[953]: [16:42:39.918] warning: failed to query rendering device from EGL
Oct 03 16:42:39 baseweed-admin weston[953]: [16:42:39.918] EGL version: 1.5
Oct 03 16:42:39 baseweed-admin weston[953]: [16:42:39.918] EGL vendor: Mesa Project
Oct 03 16:42:39 baseweed-admin weston[953]: [16:42:39.918] EGL client APIs: OpenGL OpenGL_ES
Oct 03 16:42:39 baseweed-admin weston[953]: [16:42:39.918] EGL features:
Oct 03 16:42:39 baseweed-admin weston[953]:                EGL Wayland extension: no
Oct 03 16:42:39 baseweed-admin weston[953]:                context priority: no
Oct 03 16:42:39 baseweed-admin weston[953]:                buffer age: yes
Oct 03 16:42:39 baseweed-admin weston[953]:                partial update: no
Oct 03 16:42:39 baseweed-admin weston[953]:                swap buffers with damage: no
Oct 03 16:42:39 baseweed-admin weston[953]:                configless context: yes
Oct 03 16:42:39 baseweed-admin weston[953]:                surfaceless context: yes
Oct 03 16:42:39 baseweed-admin weston[953]:                dmabuf support: modifiers
Oct 03 16:42:39 baseweed-admin weston[953]:                fence sync: yes (wait)
Oct 03 16:42:39 baseweed-admin systemd[883]: Started qdistro pwd XDG portal Secret backend (spec/13 Phase-8.3).
Oct 03 16:42:39 baseweed-admin qdistro_pwd_portal.py[952]: [qdistro-pwd-portal] listening on org.qdistro.PortalSecret /org/freedesktop/portal/desktop
Oct 03 16:42:39 baseweed-admin qdistro_pwd_portal.py[952]: /usr/libexec/qdistro/qdistro_pwd_portal.py:201: PyGIDeprecationWarning: GLib.unix_signal_add is deprecated; use GLibUnix.signal_add instead
Oct 03 16:42:39 baseweed-admin qdistro_pwd_portal.py[952]:   GLib.unix_signal_add(GLib.PRIORITY_HIGH, signal.SIGTERM, _on_term, None)
Oct 03 16:42:39 baseweed-admin systemd[883]: Auto-unlock the qdistro portal-keys vault at login skipped, unmet condition check ConditionPathExists=/var/lib/qdistro/vaults/portal-keys-pin.tpm
Oct 03 16:42:39 baseweed-admin qdistro_pwd_portal.py[952]: /usr/libexec/qdistro/qdistro_pwd_portal.py:202: PyGIDeprecationWarning: GLib.unix_signal_add is deprecated; use GLibUnix.signal_add instead
Oct 03 16:42:39 baseweed-admin qdistro_pwd_portal.py[952]:   GLib.unix_signal_add(GLib.PRIORITY_HIGH, signal.SIGINT,  _on_term, None)
Oct 03 16:42:39 baseweed-admin wireplumber[959]: [0:00:10.544776736] [959]  INFO Camera camera_manager.cpp:340 libcamera v0.7.2
Oct 03 16:42:39 baseweed-admin wireplumber[959]: [0:00:10.544965907] [1016]  WARN IPAManager ipa_manager.cpp:159 No IPA found in '/usr/lib64/libcamera/ipa'
Oct 03 16:42:39 baseweed-admin wireplumber[959]: [0:00:10.545208131] [1016] ERROR DmaBufAllocator dma_buf_allocator.cpp:119 Could not open any dma-buf provider
Oct 03 16:42:39 baseweed-admin weston[953]: [16:42:39.959] GL version: OpenGL ES 3.2 Mesa 26.2.3
Oct 03 16:42:39 baseweed-admin weston[953]: [16:42:39.960] GLSL version: OpenGL ES GLSL ES 3.20
Oct 03 16:42:39 baseweed-admin weston[953]: [16:42:39.960] GL vendor: Mesa
Oct 03 16:42:39 baseweed-admin weston[953]: [16:42:39.960] GL renderer: llvmpipe (LLVM 23.1.1, 256 bits)
Oct 03 16:42:39 baseweed-admin weston[953]: [16:42:39.964] GL ES 3.2 - renderer features:
Oct 03 16:42:39 baseweed-admin weston[953]:                read-back format: ARGB8888
Oct 03 16:42:39 baseweed-admin weston[953]:                glReadPixels supports y-flip: yes
Oct 03 16:42:39 baseweed-admin weston[953]:                glReadPixels supports PBO: yes
Oct 03 16:42:39 baseweed-admin weston[953]:                wl_shm 10 bpc formats: yes
Oct 03 16:42:39 baseweed-admin weston[953]:                wl_shm 16 bpc formats: yes
Oct 03 16:42:39 baseweed-admin weston[953]:                wl_shm half-float formats: yes
Oct 03 16:42:39 baseweed-admin weston[953]:                internal R and RG formats: yes
Oct 03 16:42:39 baseweed-admin weston[953]:                OES_EGL_image_external: yes
Oct 03 16:42:39 baseweed-admin weston[953]:                GPU timeline: no
Oct 03 16:42:39 baseweed-admin weston[953]:                Texture immutability: yes
Oct 03 16:42:39 baseweed-admin weston[953]:                Required precision: yes
Oct 03 16:42:39 baseweed-admin weston[953]:                In-shader blending: yes
Oct 03 16:42:39 baseweed-admin weston[953]: [16:42:39.965] Using GL renderer
Oct 03 16:42:40 baseweed-admin weston[953]: [16:42:40.123] event3  - QEMU QEMU USB Tablet: is tagged by udev as: Mouse
Oct 03 16:42:40 baseweed-admin weston[953]: [16:42:40.123] event3  - QEMU QEMU USB Tablet: device is a pointer
Oct 03 16:42:40 baseweed-admin weston[953]: [16:42:40.124] event4  - Power Button: is tagged by udev as: Keyboard
Oct 03 16:42:40 baseweed-admin weston[953]: [16:42:40.124] event4  - Power Button: device is a keyboard
Oct 03 16:42:40 baseweed-admin weston[953]: [16:42:40.125] event0  - AT Translated Set 2 keyboard: is tagged by udev as: Keyboard
Oct 03 16:42:40 baseweed-admin weston[953]: [16:42:40.125] event0  - AT Translated Set 2 keyboard: device is a keyboard
Oct 03 16:42:40 baseweed-admin weston[953]: [16:42:40.126] event2  - VirtualPS/2 VMware VMMouse: is tagged by udev as: Mouse
Oct 03 16:42:40 baseweed-admin weston[953]: [16:42:40.126] event2  - VirtualPS/2 VMware VMMouse: emulating high-resolution scroll wheel events.
Oct 03 16:42:40 baseweed-admin weston[953]: [16:42:40.126] event2  - VirtualPS/2 VMware VMMouse: device is a pointer
Oct 03 16:42:40 baseweed-admin weston[953]: [16:42:40.127] event1  - VirtualPS/2 VMware VMMouse: is tagged by udev as: Mouse
Oct 03 16:42:40 baseweed-admin weston[953]: [16:42:40.127] event1  - VirtualPS/2 VMware VMMouse: device is a pointer
Oct 03 16:42:40 baseweed-admin weston[953]: [16:42:40.128] event5  - PC Speaker: not tagged as supported input device
Oct 03 16:42:40 baseweed-admin weston[953]: [16:42:40.138] event5  - not using input device '/dev/input/event5'
Oct 03 16:42:40 baseweed-admin weston[953]: [16:42:40.139] event6  - ydotoold virtual device: is tagged by udev as: Keyboard
Oct 03 16:42:40 baseweed-admin weston[953]: [16:42:40.139] event6  - ydotoold virtual device: emulating high-resolution scroll wheel events.
Oct 03 16:42:40 baseweed-admin weston[953]: [16:42:40.139] event6  - ydotoold virtual device: device is a keyboard
Oct 03 16:42:40 baseweed-admin weston[953]: [16:42:40.139] libinput: configuring device "QEMU QEMU USB Tablet".
Oct 03 16:42:40 baseweed-admin weston[953]: [16:42:40.139] input device event3 has no enabled output associated (none named), skipping calibration for now.
Oct 03 16:42:40 baseweed-admin weston[953]: [16:42:40.150] libinput: configuring device "Power Button".
Oct 03 16:42:40 baseweed-admin weston[953]: [16:42:40.150] libinput: configuring device "AT Translated Set 2 keyboard".
Oct 03 16:42:40 baseweed-admin weston[953]: [16:42:40.150] libinput: configuring device "VirtualPS/2 VMware VMMouse".
Oct 03 16:42:40 baseweed-admin weston[953]: [16:42:40.150] libinput: configuring device "VirtualPS/2 VMware VMMouse".
Oct 03 16:42:40 baseweed-admin weston[953]: [16:42:40.150] input device event1 has no enabled output associated (none named), skipping calibration for now.
Oct 03 16:42:40 baseweed-admin weston[953]: [16:42:40.150] libinput: configuring device "ydotoold virtual device".
Oct 03 16:42:40 baseweed-admin weston[953]: [16:42:40.150] Registered plugin API 'weston_drm_output_api_v1' of size 40
Oct 03 16:42:40 baseweed-admin weston[953]: [16:42:40.150] Loading module '/usr/libexec/qdistro/qdwin-libweston/lib64/libweston-16/pipewire-backend.so'
Oct 03 16:42:40 baseweed-admin weston[953]: [16:42:40.152] Initializing PipeWire backend
Oct 03 16:42:40 baseweed-admin weston[953]: [16:42:40.156] Registered plugin API 'weston_pipewire_output_api_v2' of size 24
Oct 03 16:42:40 baseweed-admin weston[953]: [16:42:40.156] Color manager: no-op
Oct 03 16:42:40 baseweed-admin weston[953]:                  protocol support: no
Oct 03 16:42:40 baseweed-admin weston[953]: [16:42:40.156] Setting output 'Virtual-1' to color AUTO format
Oct 03 16:42:40 baseweed-admin weston[953]: [16:42:40.156] Output 'Virtual-1' attempts EOTF mode SDR and colorimetry mode default.
Oct 03 16:42:40 baseweed-admin weston[953]: [16:42:40.156] Output 'Virtual-1' using color profile: stock sRGB color profile
Oct 03 16:42:40 baseweed-admin weston[953]: [16:42:40.156] Chosen EGL config details: id:  46 rgba: 8 8 8 0 buf: 24 dep:  0 stcl: 0 int: 1-1 type: win val: fix vis_id: XRGB8888 (0x34325258)
Oct 03 16:42:40 baseweed-admin weston[953]: [16:42:40.156] Output Virtual-1 (crtc 39) video modes:
Oct 03 16:42:40 baseweed-admin weston[953]:                1280x800@75.0, preferred, 107.3 MHz
Oct 03 16:42:40 baseweed-admin weston[953]:                5120x2160@50.0 64:27, 742.5 MHz
Oct 03 16:42:40 baseweed-admin weston[953]:                4096x2160@50.0 256:135, 594.0 MHz
Oct 03 16:42:40 baseweed-admin weston[953]:                3840x2160@60.0 16:9, 594.0 MHz
Oct 03 16:42:40 baseweed-admin weston[953]:                3840x2160@59.9 16:9, 593.4 MHz
Oct 03 16:42:40 baseweed-admin weston[953]:                3840x2160@50.0 16:9, 594.0 MHz
Oct 03 16:42:40 baseweed-admin weston[953]:                1920x1440@60.0, 234.0 MHz
Oct 03 16:42:40 baseweed-admin weston[953]:                2560x1080@50.0 64:27, 185.6 MHz
Oct 03 16:42:40 baseweed-admin weston[953]:                1856x1392@60.0, 218.2 MHz
Oct 03 16:42:40 baseweed-admin weston[953]:                1792x1344@60.0, 204.8 MHz
Oct 03 16:42:40 baseweed-admin weston[953]:                2048x1152@60.0, 162.0 MHz
Oct 03 16:42:40 baseweed-admin weston[953]:                1920x1200@59.9, 193.2 MHz
Oct 03 16:42:40 baseweed-admin weston[953]:                1920x1080@60.0, current, 148.5 MHz
Oct 03 16:42:40 baseweed-admin weston[953]:                1920x1080@50.0 16:9, 148.5 MHz
Oct 03 16:42:40 baseweed-admin weston[953]:                1600x1200@60.0, 162.0 MHz
Oct 03 16:42:40 baseweed-admin weston[953]:                1680x1050@60.0, 146.2 MHz
Oct 03 16:42:40 baseweed-admin weston[953]:                1400x1050@60.0, 121.8 MHz
Oct 03 16:42:40 baseweed-admin weston[953]:                1280x1024@60.0, 108.0 MHz
Oct 03 16:42:40 baseweed-admin weston[953]:                1440x900@59.9, 106.5 MHz
Oct 03 16:42:40 baseweed-admin weston[953]:                1280x960@60.0, 108.0 MHz
Oct 03 16:42:40 baseweed-admin weston[953]:                1360x768@60.0, 85.5 MHz
Oct 03 16:42:40 baseweed-admin weston[953]:                1280x768@59.9, 79.5 MHz
Oct 03 16:42:40 baseweed-admin weston[953]:                1024x768@60.0, 65.0 MHz
Oct 03 16:42:40 baseweed-admin weston[953]:                800x600@60.3, 40.0 MHz
Oct 03 16:42:40 baseweed-admin weston[953]:                640x480@60.0 4:3, 25.2 MHz
Oct 03 16:42:40 baseweed-admin weston[953]:                640x480@59.9, 25.2 MHz
Oct 03 16:42:40 baseweed-admin weston[953]: [16:42:40.157] associating input device event3 with output Virtual-1 (none by udev)
Oct 03 16:42:40 baseweed-admin weston[953]: [16:42:40.157] associating input device event4 with output Virtual-1 (none by udev)
Oct 03 16:42:40 baseweed-admin weston[953]: [16:42:40.157] associating input device event0 with output Virtual-1 (none by udev)
Oct 03 16:42:40 baseweed-admin weston[953]: [16:42:40.157] associating input device event2 with output Virtual-1 (none by udev)
Oct 03 16:42:40 baseweed-admin weston[953]: [16:42:40.157] associating input device event1 with output Virtual-1 (none by udev)
Oct 03 16:42:40 baseweed-admin weston[953]: [16:42:40.157] associating input device event6 with output Virtual-1 (none by udev)
Oct 03 16:42:40 baseweed-admin weston[953]: [16:42:40.157] Output 'Virtual-1' enabled with head(s) Virtual-1
Oct 03 16:42:40 baseweed-admin weston[953]: [16:42:40.157] pipewire_backend_output_configure.. Done
Oct 03 16:42:40 baseweed-admin weston[953]: [16:42:40.157] Output 'pipewire-0' attempts EOTF mode SDR and colorimetry mode default.
Oct 03 16:42:40 baseweed-admin weston[953]: [16:42:40.157] Output 'pipewire-0' using color profile: stock sRGB color profile
Oct 03 16:42:40 baseweed-admin weston[953]: [16:42:40.200] Output 'pipewire-0' enabled with head(s) pipewire-0
Oct 03 16:42:40 baseweed-admin weston[953]: [16:42:40.201] pipewire_backend_output_configure.. Done
Oct 03 16:42:40 baseweed-admin weston[953]: [16:42:40.201] Output 'pipewire-1' attempts EOTF mode SDR and colorimetry mode default.
Oct 03 16:42:40 baseweed-admin weston[953]: [16:42:40.201] Output 'pipewire-1' using color profile: stock sRGB color profile
Oct 03 16:42:40 baseweed-admin weston[953]: [16:42:40.201] Output 'pipewire-1' enabled with head(s) pipewire-1
Oct 03 16:42:40 baseweed-admin weston[953]: [16:42:40.201] Compositor capabilities:
Oct 03 16:42:40 baseweed-admin weston[953]:                arbitrary surface rotation: yes
Oct 03 16:42:40 baseweed-admin weston[953]:                screen capture uses y-flip: yes
Oct 03 16:42:40 baseweed-admin weston[953]:                cursor planes: yes
Oct 03 16:42:40 baseweed-admin weston[953]:                arbitrary resolutions: yes
Oct 03 16:42:40 baseweed-admin weston[953]:                view mask clipping: yes
Oct 03 16:42:40 baseweed-admin weston[953]:                explicit sync: no
Oct 03 16:42:40 baseweed-admin weston[953]:                color operations: yes
Oct 03 16:42:40 baseweed-admin weston[953]:                color representation: yes
Oct 03 16:42:40 baseweed-admin weston[953]:                in-shader blending: yes
Oct 03 16:42:40 baseweed-admin weston[953]:                presentation clock: CLOCK_MONOTONIC, id 1
Oct 03 16:42:40 baseweed-admin weston[953]:                presentation clock resolution: 0.000000001 s
Oct 03 16:42:40 baseweed-admin weston[953]: [16:42:40.201] Loading module '/usr/lib64/weston/qdwin-shell.so'
Oct 03 16:42:40 baseweed-admin weston[953]: [16:42:40.203] qdwin: locker bind policy defaulting to entrypoint=/usr/local/bin/qdlocker:/usr/bin/qdlocker (system interpreter + root-owned entrypoint; no explicit policy configured); set --qdwin-allowed-locker-any to override to uid-only
Oct 03 16:42:40 baseweed-admin weston[953]: [16:42:40.203] qdwin: locker bind policy uid=1000 entrypoint=/usr/local/bin/qdlocker:/usr/bin/qdlocker exe=(any) label=(any)
Oct 03 16:42:40 baseweed-admin weston[953]: [16:42:40.203] qdwin: ext-idle-notify idle_time=0 internal_mode=1
Oct 03 16:42:40 baseweed-admin weston[953]: [16:42:40.203] qdwin: cursor-shape theme=(default) size=24 loaded=0/36
Oct 03 16:42:40 baseweed-admin weston[953]: [16:42:40.203] qdwin: layer-popup grab handler registered
Oct 03 16:42:40 baseweed-admin weston[953]: [16:42:40.203] qdwin/nested-proxy: default keyboard grab installed on seat 'default'
Oct 03 16:42:40 baseweed-admin weston[953]: [16:42:40.203] qdwin: background curtain 3200x1080 installed
Oct 03 16:42:40 baseweed-admin weston[953]: [16:42:40.203] qdwin: WARNING shell-authorized output capture enabled via QDWIN_ENABLE_SHELL_CAPTURE — dev/test only, do not use in production
Oct 03 16:42:40 baseweed-admin weston[953]: [16:42:40.203] qdwin: retained-frame capture armed on output=Virtual-1
Oct 03 16:42:40 baseweed-admin weston[953]: [16:42:40.203] qdwin: shell loaded (allowed_uid=1000); desktop + qdwin_shell_v1 ready
Oct 03 16:42:40 baseweed-admin weston[953]: [16:42:40.204] Loading module '/usr/lib64/libweston-16/xwayland.so'
Oct 03 16:42:40 baseweed-admin weston[953]: [16:42:40.205] Registered plugin API 'weston_xwayland_v3' of size 32
Oct 03 16:42:40 baseweed-admin weston[953]: [16:42:40.206] Registered plugin API 'weston_xwayland_surface_v2' of size 24
Oct 03 16:42:40 baseweed-admin weston[953]: [16:42:40.206] xserver listening on display :0
Oct 03 16:42:40 baseweed-admin systemd[883]: Started qdistro screen locker (qdlocker).
Oct 03 16:42:40 baseweed-admin systemd[883]: Started qdshell desktop (Quickshell QML on top of qdwin).
Oct 03 16:42:40 baseweed-admin systemd[883]: Reached target qdistro desktop session (qdwin compositor + qdshell).
Oct 03 16:42:40 baseweed-admin systemd[883]: Reached target Main User Target.
Oct 03 16:42:40 baseweed-admin systemd[883]: Started qdistro cursor sprite supplier for qdwin.
Oct 03 16:42:40 baseweed-admin systemd[883]: Startup finished in 2.619s.
Oct 03 16:42:40 baseweed-admin weston[953]: [16:42:40.458] qdwin: bind attempt pid=1024 uid=1000 (allowed_uid=1000)
Oct 03 16:42:40 baseweed-admin weston[953]: [16:42:40.459] qdwin: bind accepted for uid=1000, hello sent
Oct 03 16:42:40 baseweed-admin weston[953]: [16:42:40.459] qdwin: cursor-sprite registered shape=default hotspot=3,1
Oct 03 16:42:40 baseweed-admin weston[953]: [16:42:40.459] qdwin: cursor_retry_install: scheduling first retry in 1000ms
Oct 03 16:42:40 baseweed-admin qdistro-cursor-sprites[1024]: [cursor-sprites 1024] registered shape=1 via=xcursor
Oct 03 16:42:40 baseweed-admin weston[953]: [16:42:40.460] qdwin: cursor-sprite registered shape=context-menu hotspot=3,1
Oct 03 16:42:40 baseweed-admin qdistro-cursor-sprites[1024]: [cursor-sprites 1024] registered shape=2 via=xcursor
Oct 03 16:42:40 baseweed-admin weston[953]: [16:42:40.461] qdwin: cursor-sprite registered shape=help hotspot=12,21
Oct 03 16:42:40 baseweed-admin qdistro-cursor-sprites[1024]: [cursor-sprites 1024] registered shape=3 via=xcursor
Oct 03 16:42:40 baseweed-admin weston[953]: [16:42:40.461] qdwin: cursor-sprite registered shape=pointer hotspot=7,5
Oct 03 16:42:40 baseweed-admin qdistro-cursor-sprites[1024]: [cursor-sprites 1024] registered shape=4 via=xcursor
Oct 03 16:42:40 baseweed-admin weston[953]: [16:42:40.469] qdwin: cursor-sprite registered shape=progress hotspot=3,1
Oct 03 16:42:40 baseweed-admin qdistro-cursor-sprites[1024]: [cursor-sprites 1024] registered shape=5 via=xcursor
Oct 03 16:42:40 baseweed-admin qdistro-cursor-sprites[1024]: [cursor-sprites 1024] registered shape=6 via=xcursor
Oct 03 16:42:40 baseweed-admin weston[953]: [16:42:40.475] qdwin: cursor-sprite registered shape=wait hotspot=11,11
Oct 03 16:42:40 baseweed-admin weston[953]: [16:42:40.475] qdwin: cursor-sprite registered shape=cell hotspot=11,11
Oct 03 16:42:40 baseweed-admin qdistro-cursor-sprites[1024]: [cursor-sprites 1024] registered shape=7 via=xcursor
Oct 03 16:42:40 baseweed-admin qdistro-cursor-sprites[1024]: [cursor-sprites 1024] registered shape=8 via=xcursor
Oct 03 16:42:40 baseweed-admin weston[953]: [16:42:40.476] qdwin: cursor-sprite registered shape=crosshair hotspot=11,11
Oct 03 16:42:40 baseweed-admin qdistro-cursor-sprites[1024]: [cursor-sprites 1024] registered shape=9 via=xcursor
Oct 03 16:42:40 baseweed-admin weston[953]: [16:42:40.476] qdwin: cursor-sprite registered shape=text hotspot=11,12
Oct 03 16:42:40 baseweed-admin qdistro-cursor-sprites[1024]: [cursor-sprites 1024] registered shape=10 via=xcursor
Oct 03 16:42:40 baseweed-admin weston[953]: [16:42:40.476] qdwin: cursor-sprite registered shape=vertical-text hotspot=12,11
Oct 03 16:42:40 baseweed-admin qdistro-cursor-sprites[1024]: [cursor-sprites 1024] registered shape=11 via=xcursor
Oct 03 16:42:40 baseweed-admin qdistro-cursor-sprites[1024]: [cursor-sprites 1024] registered shape=12 via=xcursor
Oct 03 16:42:40 baseweed-admin qdistro-cursor-sprites[1024]: [cursor-sprites 1024] registered shape=13 via=xcursor
Oct 03 16:42:40 baseweed-admin weston[953]: [16:42:40.476] qdwin: cursor-sprite registered shape=alias hotspot=18,5
Oct 03 16:42:40 baseweed-admin weston[953]: [16:42:40.477] qdwin: cursor-sprite registered shape=copy hotspot=3,1
Oct 03 16:42:40 baseweed-admin weston[953]: [16:42:40.477] qdwin: cursor-sprite registered shape=move hotspot=3,1
Oct 03 16:42:40 baseweed-admin weston[953]: [16:42:40.477] qdwin: cursor-sprite registered shape=no-drop hotspot=3,1
Oct 03 16:42:40 baseweed-admin qdistro-cursor-sprites[1024]: [cursor-sprites 1024] registered shape=14 via=xcursor
Oct 03 16:42:40 baseweed-admin weston[953]: [16:42:40.477] qdwin: cursor-sprite registered shape=not-allowed hotspot=12,12
Oct 03 16:42:40 baseweed-admin weston[953]: [16:42:40.477] qdwin: cursor-sprite registered shape=grab hotspot=11,2
Oct 03 16:42:40 baseweed-admin weston[953]: [16:42:40.478] qdwin: cursor-sprite registered shape=grabbing hotspot=9,5
Oct 03 16:42:40 baseweed-admin qdistro-cursor-sprites[1024]: [cursor-sprites 1024] registered shape=15 via=xcursor
Oct 03 16:42:40 baseweed-admin qdistro-cursor-sprites[1024]: [cursor-sprites 1024] registered shape=16 via=xcursor
Oct 03 16:42:40 baseweed-admin qdistro-cursor-sprites[1024]: [cursor-sprites 1024] registered shape=17 via=xcursor
Oct 03 16:42:40 baseweed-admin qdistro-cursor-sprites[1024]: [cursor-sprites 1024] registered shape=18 via=xcursor
Oct 03 16:42:40 baseweed-admin weston[953]: [16:42:40.478] qdwin: cursor-sprite registered shape=e-resize hotspot=19,13
Oct 03 16:42:40 baseweed-admin qdistro-cursor-sprites[1024]: [cursor-sprites 1024] registered shape=19 via=xcursor
Oct 03 16:42:40 baseweed-admin weston[953]: [16:42:40.478] qdwin: cursor-sprite registered shape=n-resize hotspot=13,6
Oct 03 16:42:40 baseweed-admin qdistro-cursor-sprites[1024]: [cursor-sprites 1024] registered shape=20 via=xcursor
Oct 03 16:42:40 baseweed-admin weston[953]: [16:42:40.478] qdwin: cursor-sprite registered shape=ne-resize hotspot=15,10
Oct 03 16:42:40 baseweed-admin weston[953]: [16:42:40.479] qdwin: cursor-sprite registered shape=nw-resize hotspot=10,10
Oct 03 16:42:40 baseweed-admin qdistro-cursor-sprites[1024]: [cursor-sprites 1024] registered shape=21 via=xcursor
Oct 03 16:42:40 baseweed-admin weston[953]: [16:42:40.479] qdwin: cursor-sprite registered shape=s-resize hotspot=13,18
Oct 03 16:42:40 baseweed-admin qdistro-cursor-sprites[1024]: [cursor-sprites 1024] registered shape=22 via=xcursor
Oct 03 16:42:40 baseweed-admin qdistro-cursor-sprites[1024]: [cursor-sprites 1024] registered shape=23 via=xcursor
Oct 03 16:42:40 baseweed-admin weston[953]: [16:42:40.479] qdwin: cursor-sprite registered shape=se-resize hotspot=15,15
Oct 03 16:42:40 baseweed-admin qdistro-cursor-sprites[1024]: [cursor-sprites 1024] registered shape=24 via=xcursor
Oct 03 16:42:40 baseweed-admin weston[953]: [16:42:40.480] qdwin: cursor-sprite registered shape=sw-resize hotspot=10,15
Oct 03 16:42:40 baseweed-admin qdistro-cursor-sprites[1024]: [cursor-sprites 1024] registered shape=25 via=xcursor
Oct 03 16:42:40 baseweed-admin weston[953]: [16:42:40.480] qdwin: cursor-sprite registered shape=w-resize hotspot=6,13
Oct 03 16:42:40 baseweed-admin qdistro-cursor-sprites[1024]: [cursor-sprites 1024] registered shape=26 via=xcursor
Oct 03 16:42:40 baseweed-admin weston[953]: [16:42:40.481] qdwin: cursor-sprite registered shape=ew-resize hotspot=12,12
Oct 03 16:42:40 baseweed-admin weston[953]: [16:42:40.481] qdwin: cursor-sprite registered shape=ns-resize hotspot=12,13
Oct 03 16:42:40 baseweed-admin qdistro-cursor-sprites[1024]: [cursor-sprites 1024] registered shape=27 via=xcursor
Oct 03 16:42:40 baseweed-admin qdistro-cursor-sprites[1024]: [cursor-sprites 1024] registered shape=28 via=xcursor
Oct 03 16:42:40 baseweed-admin weston[953]: [16:42:40.481] qdwin: cursor-sprite registered shape=nesw-resize hotspot=11,11
Oct 03 16:42:40 baseweed-admin qdistro-cursor-sprites[1024]: [cursor-sprites 1024] registered shape=29 via=xcursor
Oct 03 16:42:40 baseweed-admin weston[953]: [16:42:40.481] qdwin: cursor-sprite registered shape=nwse-resize hotspot=11,11
Oct 03 16:42:40 baseweed-admin qdistro-cursor-sprites[1024]: [cursor-sprites 1024] registered shape=30 via=xcursor
Oct 03 16:42:40 baseweed-admin weston[953]: [16:42:40.482] qdwin: cursor-sprite registered shape=col-resize hotspot=12,12
Oct 03 16:42:40 baseweed-admin qdistro-cursor-sprites[1024]: [cursor-sprites 1024] registered shape=31 via=xcursor
Oct 03 16:42:40 baseweed-admin weston[953]: [16:42:40.482] qdwin: cursor-sprite registered shape=row-resize hotspot=12,13
Oct 03 16:42:40 baseweed-admin qdistro-cursor-sprites[1024]: [cursor-sprites 1024] registered shape=32 via=xcursor
Oct 03 16:42:40 baseweed-admin weston[953]: [16:42:40.482] qdwin: cursor-sprite registered shape=all-scroll hotspot=11,11
Oct 03 16:42:40 baseweed-admin weston[953]: [16:42:40.482] qdwin: cursor-sprite registered shape=zoom-in hotspot=11,10
Oct 03 16:42:40 baseweed-admin qdistro-cursor-sprites[1024]: [cursor-sprites 1024] registered shape=33 via=xcursor
Oct 03 16:42:40 baseweed-admin weston[953]: [16:42:40.482] qdwin: cursor-sprite registered shape=zoom-out hotspot=11,10
Oct 03 16:42:40 baseweed-admin qdistro-cursor-sprites[1024]: [cursor-sprites 1024] registered shape=34 via=xcursor
Oct 03 16:42:40 baseweed-admin qdistro-cursor-sprites[1024]: [cursor-sprites 1024] registered shape=35 via=xcursor
Oct 03 16:42:40 baseweed-admin weston[953]: [16:42:40.483] qdwin: cursor-sprite registered shape=dnd-ask hotspot=3,1
Oct 03 16:42:40 baseweed-admin qdistro-cursor-sprites[1024]: [cursor-sprites 1024] registered shape=36 via=xcursor
Oct 03 16:42:40 baseweed-admin qdistro-cursor-sprites[1024]: [cursor-sprites 1024] theme summary: xcursor=36 synthetic=0
Oct 03 16:42:40 baseweed-admin weston[953]: [16:42:40.483] qdwin: cursor-sprite registered shape=all-resize hotspot=12,11
Oct 03 16:42:40 baseweed-admin qdistro-cursor-sprites[1024]: [cursor-sprites 1024] registration complete; pausing on signalfd (SIGTERM exits cleanly)
Oct 03 16:42:40 baseweed-admin dbus-run-session[1026]: No running instances for "/usr/share/quickshell/qdshell/shell.qml"
Oct 03 16:42:40 baseweed-admin dbus-run-session[1026]:   INFO: Launching config: "/usr/share/quickshell/qdshell/shell.qml"
Oct 03 16:42:40 baseweed-admin dbus-run-session[1026]:   INFO: Shell ID: "0d0d1ceeb7f0392fec595c8531945b05" Path ID "0d0d1ceeb7f0392fec595c8531945b05"
Oct 03 16:42:40 baseweed-admin dbus-run-session[1026]:   INFO: Saving logs to "/run/user/1000/quickshell/by-id/is4rbcmt/log.qslog"
Oct 03 16:42:40 baseweed-admin qemu-ga[667]: info: guest-exec called: "/bin/sh -c [ -S /run/user/1000/wayland-1 ] && echo yes || echo no"
Oct 03 16:42:40 baseweed-admin qemu-ga[667]: info: guest-exec called: "/bin/sh -c qd_startof() {
                                               awk 'match($0,/\)[^)]*$/){s=substr($0,RSTART+2);split(s,f," ");print f[20]}' "/proc/$1/stat" 2>/dev/null
                                             }
                                             qd_ident_s=$(qd_startof 1030)
                                             # The guest's boot id rides along: a (pid, start time) pair is unique only
                                             # WITHIN one boot, and the orphan registry must never match it against a later
                                             # incarnation of the same VM name. "boot=" with nothing after it means the id
                                             # was unreadable; the host then does not register the command.
                                             qd_ident_b=$(cat /proc/sys/kernel/random/boot_id 2>/dev/null)
                                             if [ -n "$qd_ident_s" ]; then printf 'start=%s boot=%s\n' "$qd_ident_s" "$qd_ident_b"; else printf 'gone\n'; fi"
Oct 03 16:42:40 baseweed-admin qdlocker[1020]: 2026-10-03 16:42:40,780 qdlocker.app INFO using built-in defaults (no trusted config file found)
Oct 03 16:42:40 baseweed-admin qemu-ga[667]: info: guest-exec-status called, pid: 1034
Oct 03 16:42:40 baseweed-admin qdlocker[1020]: 2026-10-03 16:42:40,822 qdlocker.auth INFO PAM service from env: qdlocker
Oct 03 16:42:40 baseweed-admin qemu-ga[667]: info: guest-exec-status called, pid: 1030
Oct 03 16:42:40 baseweed-admin qemu-ga[667]: info: guest-exec called: "/bin/sh -c echo list | socat - UNIX-CONNECT:/run/user/1000/qdshell.sock 2>&1 | head -1"
Oct 03 16:42:41 baseweed-admin qemu-ga[667]: info: guest-exec called: "/bin/sh -c qd_startof() {
                                               awk 'match($0,/\)[^)]*$/){s=substr($0,RSTART+2);split(s,f," ");print f[20]}' "/proc/$1/stat" 2>/dev/null
                                             }
                                             qd_ident_s=$(qd_startof 1042)
                                             # The guest's boot id rides along: a (pid, start time) pair is unique only
                                             # WITHIN one boot, and the orphan registry must never match it against a later
                                             # incarnation of the same VM name. "boot=" with nothing after it means the id
                                             # was unreadable; the host then does not register the command.
                                             qd_ident_b=$(cat /proc/sys/kernel/random/boot_id 2>/dev/null)
                                             if [ -n "$qd_ident_s" ]; then printf 'start=%s boot=%s\n' "$qd_ident_s" "$qd_ident_b"; else printf 'gone\n'; fi"
Oct 03 16:42:41 baseweed-admin qemu-ga[667]: info: guest-exec-status called, pid: 1047
Oct 03 16:42:41 baseweed-admin weston[953]: [16:42:41.089] qdwin: locker bind attempt pid=1020 uid=1000 (allowed_locker_uid=1000)
Oct 03 16:42:41 baseweed-admin weston[953]: [16:42:41.090] qdwin: locker bound pid=1020 uid=1000 (initially_locked=0)
Oct 03 16:42:41 baseweed-admin qdlocker[1020]: 2026-10-03 16:42:41,090 qdlocker.wayland INFO locker connected
Oct 03 16:42:41 baseweed-admin qdlocker[1020]: 2026-10-03 16:42:41,094 qdlocker.idle INFO idle watcher started; timeout=300000ms
Oct 03 16:42:41 baseweed-admin qdlocker[1020]: 2026-10-03 16:42:41,098 qdlocker.ctrl INFO ctrl socket at /run/user/1000/qdlocker.sock
Oct 03 16:42:41 baseweed-admin qdlocker[1020]: 2026-10-03 16:42:41,104 qdlocker.app INFO locker bound; initially_locked=False
Oct 03 16:42:41 baseweed-admin qemu-ga[667]: info: guest-exec-status called, pid: 1042
Oct 03 16:42:41 baseweed-admin dbus-run-session[1026]: MESA-EGL: warning: failed to get driver name for fd -1
Oct 03 16:42:41 baseweed-admin dbus-run-session[1026]: MESA-EGL: warning: MESA-LOADER: failed to retrieve device information
Oct 03 16:42:41 baseweed-admin dbus-run-session[1026]: MESA-EGL: warning: failed to get driver name for fd -1
Oct 03 16:42:41 baseweed-admin qemu-ga[667]: info: guest-exec called: "/bin/sh -c [ -S /run/user/1000/qdlocker.sock ] && echo yes || echo no"
Oct 03 16:42:41 baseweed-admin dbus-run-session[1026]: MESA: error: ZINK: failed to choose pdev
Oct 03 16:42:41 baseweed-admin dbus-run-session[1026]: MESA-EGL: warning: egl: failed to create dri2 screen
Oct 03 16:42:41 baseweed-admin qdlocker[1020]: 2026-10-03 16:42:41,253 qdlocker.logind INFO logind sleep delay-inhibitor acquired (fd=19)
Oct 03 16:42:41 baseweed-admin qdlocker[1020]: 2026-10-03 16:42:41,255 qdlocker.logind WARNING cannot identify one owned active Wayland session (0 candidates); session lock unavailable
Oct 03 16:42:41 baseweed-admin qdlocker[1020]: 2026-10-03 16:42:41,256 qdlocker.logind INFO logind automatic sleep locking ready; session=None
Oct 03 16:42:41 baseweed-admin qemu-ga[667]: info: guest-exec called: "/bin/sh -c qd_startof() {
                                               awk 'match($0,/\)[^)]*$/){s=substr($0,RSTART+2);split(s,f," ");print f[20]}' "/proc/$1/stat" 2>/dev/null
                                             }
                                             qd_ident_s=$(qd_startof 1056)
                                             # The guest's boot id rides along: a (pid, start time) pair is unique only
                                             # WITHIN one boot, and the orphan registry must never match it against a later
                                             # incarnation of the same VM name. "boot=" with nothing after it means the id
                                             # was unreadable; the host then does not register the command.
                                             qd_ident_b=$(cat /proc/sys/kernel/random/boot_id 2>/dev/null)
                                             if [ -n "$qd_ident_s" ]; then printf 'start=%s boot=%s\n' "$qd_ident_s" "$qd_ident_b"; else printf 'gone\n'; fi"
Oct 03 16:42:41 baseweed-admin qemu-ga[667]: info: guest-exec-status called, pid: 1060
Oct 03 16:42:41 baseweed-admin qemu-ga[667]: info: guest-exec-status called, pid: 1056
Oct 03 16:42:42 baseweed-admin chronyd[749]: Selected source 176.118.170.235 (2.opensuse.pool.ntp.org)
Oct 03 16:42:42 baseweed-admin chronyd[749]: System clock wrong by 15.951395 seconds
Oct 03 16:42:58 baseweed-admin chronyd[749]: System clock was stepped by 15.951395 seconds
Oct 03 16:42:58 baseweed-admin dbus-run-session[1026]:   INFO qml: [20261003-164258]           I18n Service started
Oct 03 16:42:58 baseweed-admin dbus-run-session[1026]:   INFO qml: [20261003-164258]           I18n Loading "en" (locale: "en-Latn-US")
Oct 03 16:42:58 baseweed-admin dbus-run-session[1026]:   INFO qml: [20261003-164258]          Shell ---------------------------
Oct 03 16:42:58 baseweed-admin dbus-run-session[1026]:   INFO qml: [20261003-164258]          Shell Qdshell Hello!
Oct 03 16:42:58 baseweed-admin dbus-run-session[1026]:   WARN scene: @Commons/I18n.qml[104:5]: Unable to assign QJSValue to QObject*
Oct 03 16:42:58 baseweed-admin dbus-run-session[1026]:   INFO: Configuration Loaded
Oct 03 16:42:58 baseweed-admin dbus-run-session[1026]:   WARN scene: @Commons/I18n.qml[104:5]: Unable to assign QJSValue to QObject*
Oct 03 16:42:58 baseweed-admin dbus-run-session[1026]:   INFO qml: [20261003-164258]       Settings Settings loaded
Oct 03 16:42:58 baseweed-admin systemd[883]: qdistro-polkit-agent.service: Scheduled restart job, restart counter is at 1.
Oct 03 16:42:58 baseweed-admin systemd[883]: Started qdistro polkit authentication agent (PAM / fprintd / broker).
Oct 03 16:42:58 baseweed-admin dbus-run-session[1026]:   INFO qml: [20261003-164258]           I18n Loaded translations for "en"
Oct 03 16:42:58 baseweed-admin dbus-run-session[1026]:   INFO qml: [20261003-164258] PluginRegistry Loaded plugin states from: /home/admin/.config/qdshell/plugins.json
Oct 03 16:42:58 baseweed-admin dbus-run-session[1026]:   INFO qml: [20261003-164258] PluginRegistry Scanning plugin folder: /home/admin/.config/qdshell/plugins
Oct 03 16:42:59 baseweed-admin dbus-run-session[1026]:   INFO qml: [20261003-164259]          Icons Service started
Oct 03 16:42:59 baseweed-admin dbus-run-session[1026]:   INFO: ctrl-server: listening on /run/user/1000/qdshell.sock
Oct 03 16:42:59 baseweed-admin dbus-run-session[1026]:   WARN scene: QML Connections at @Services/Hardware/BrightnessService.qml[66:3]: Detected function "onEnableDdcSupportChanged" in Connections element. This is probably intended to be a signal handler but no signal of the target matches the name.
Oct 03 16:42:59 baseweed-admin dbus-run-session[1026]:   INFO qml: [20261003-164259]     Brightness Service started
Oct 03 16:42:59 baseweed-admin qdistro-polkit-agent[1077]: registration failed: org.freedesktop.PolicyKit1.Error.Failed: Cannot determine session the caller is in
Oct 03 16:42:59 baseweed-admin python3[1077]: qdistro-polkit-agent: registration failed: org.freedesktop.PolicyKit1.Error.Failed: Cannot determine session the caller is in
Oct 03 16:42:59 baseweed-admin systemd[883]: qdistro-polkit-agent.service: Main process exited, code=exited, status=1/FAILURE
Oct 03 16:42:59 baseweed-admin systemd[883]: qdistro-polkit-agent.service: Failed with result 'exit-code'.
Oct 03 16:42:59 baseweed-admin qemu-ga[667]: info: guest-exec called: "/bin/sh -c loginctl enable-linger admin >/dev/null 2>&1 || true"
Oct 03 16:42:59 baseweed-admin dbus-run-session[1026]:   INFO qml: [20261003-164259] DesktopWidgetR Service started
Oct 03 16:42:59 baseweed-admin qemu-ga[667]: info: guest-exec called: "/bin/sh -c qd_startof() {
                                               awk 'match($0,/\)[^)]*$/){s=substr($0,RSTART+2);split(s,f," ");print f[20]}' "/proc/$1/stat" 2>/dev/null
                                             }
                                             qd_ident_s=$(qd_startof 1087)
                                             # The guest's boot id rides along: a (pid, start time) pair is unique only
                                             # WITHIN one boot, and the orphan registry must never match it against a later
                                             # incarnation of the same VM name. "boot=" with nothing after it means the id
                                             # was unreadable; the host then does not register the command.
                                             qd_ident_b=$(cat /proc/sys/kernel/random/boot_id 2>/dev/null)
                                             if [ -n "$qd_ident_s" ]; then printf 'start=%s boot=%s\n' "$qd_ident_s" "$qd_ident_b"; else printf 'gone\n'; fi"
Oct 03 16:42:59 baseweed-admin dbus-run-session[1026]:   WARN scene: QML Connections at @Services/UI/BarService.qml[147:3]: Detected function "onDisplayModeChanged" in Connections element. This is probably intended to be a signal handler but no signal of the target matches the name.
Oct 03 16:42:59 baseweed-admin dbus-run-session[1026]:   WARN scene: QML Connections at @Services/UI/BarService.qml[147:3]: Detected function "onScreenOverridesChanged" in Connections element. This is probably intended to be a signal handler but no signal of the target matches the name.
Oct 03 16:42:59 baseweed-admin dbus-run-session[1026]:   INFO qml: [20261003-164259]     BarService Service started
Oct 03 16:42:59 baseweed-admin dbus-run-session[1026]:   WARN scene: QML Connections at @Services/Networking/NetworkService.qml[73:3]: Detected function "onWifiEnabledChanged" in Connections element. This is probably intended to be a signal handler but no signal of the target matches the name.
Oct 03 16:42:59 baseweed-admin dbus-run-session[1026]:   INFO qml: [20261003-164259]        Network Service started
Oct 03 16:42:59 baseweed-admin qemu-ga[667]: info: guest-exec-status called, pid: 1090
Oct 03 16:42:59 baseweed-admin dbus-run-session[1026]:   WARN scene: QML Connections at @Modules/Panels/Dock/StaticDockPanel.qml[350:3]: Detected function "onPinnedAppsChanged" in Connections element. This is probably intended to be a signal handler but no signal of the target matches the name.
Oct 03 16:42:59 baseweed-admin dbus-run-session[1026]:   WARN scene: QML Connections at @Modules/Panels/Dock/StaticDockPanel.qml[350:3]: Detected function "onOnlySameOutputChanged" in Connections element. This is probably intended to be a signal handler but no signal of the target matches the name.
Oct 03 16:42:59 baseweed-admin dbus-run-session[1026]:   WARN scene: QML Connections at @Services/System/SystemStatService.qml[320:3]: Detected function "onEnableDgpuMonitoringChanged" in Connections element. This is probably intended to be a signal handler but no signal of the target matches the name.
Oct 03 16:42:59 baseweed-admin dbus-run-session[1026]:   INFO qml: [20261003-164259]     SystemStat Service started (polling deferred until a consumer registers).
Oct 03 16:42:59 baseweed-admin qemu-ga[667]: info: guest-exec-status called, pid: 1087
Oct 03 16:42:59 baseweed-admin dbus-run-session[1026]:   WARN scene: QML Connections at @Modules/Panels/Dock/StaticDockPanel.qml[350:3]: Detected function "onPinnedAppsChanged" in Connections element. This is probably intended to be a signal handler but no signal of the target matches the name.
Oct 03 16:42:59 baseweed-admin dbus-run-session[1026]:   WARN scene: QML Connections at @Modules/Panels/Dock/StaticDockPanel.qml[350:3]: Detected function "onOnlySameOutputChanged" in Connections element. This is probably intended to be a signal handler but no signal of the target matches the name.
Oct 03 16:42:59 baseweed-admin dbus-run-session[1026]:   WARN scene: QML Connections at @Modules/Panels/Dock/StaticDockPanel.qml[350:3]: Detected function "onPinnedAppsChanged" in Connections element. This is probably intended to be a signal handler but no signal of the target matches the name.
Oct 03 16:42:59 baseweed-admin dbus-run-session[1026]:   WARN scene: QML Connections at @Modules/Panels/Dock/StaticDockPanel.qml[350:3]: Detected function "onOnlySameOutputChanged" in Connections element. This is probably intended to be a signal handler but no signal of the target matches the name.
Oct 03 16:42:59 baseweed-admin dbus-run-session[1026]:   WARN scene: QML Connections at @Services/UI/WallpaperService.qml[140:3]: Detected function "onWallpaperDownloaded" in Connections element. This is probably intended to be a signal handler but no signal of the target matches the name.
Oct 03 16:42:59 baseweed-admin dbus-run-session[1026]:   WARN scene: QML Connections at @Services/UI/WallpaperService.qml[61:3]: Detected function "onDirectoryChanged" in Connections element. This is probably intended to be a signal handler but no signal of the target matches the name.
Oct 03 16:42:59 baseweed-admin dbus-run-session[1026]:   WARN scene: QML Connections at @Services/UI/WallpaperService.qml[61:3]: Detected function "onEnableMultiMonitorDirectoriesChanged" in Connections element. This is probably intended to be a signal handler but no signal of the target matches the name.
Oct 03 16:42:59 baseweed-admin dbus-run-session[1026]:   WARN scene: QML Connections at @Services/UI/WallpaperService.qml[61:3]: Detected function "onAutomationEnabledChanged" in Connections element. This is probably intended to be a signal handler but no signal of the target matches the name.
Oct 03 16:42:59 baseweed-admin dbus-run-session[1026]:   WARN scene: QML Connections at @Services/UI/WallpaperService.qml[61:3]: Detected function "onRandomIntervalSecChanged" in Connections element. This is probably intended to be a signal handler but no signal of the target matches the name.
Oct 03 16:42:59 baseweed-admin dbus-run-session[1026]:   WARN scene: QML Connections at @Services/UI/WallpaperService.qml[61:3]: Detected function "onWallpaperChangeModeChanged" in Connections element. This is probably intended to be a signal handler but no signal of the target matches the name.
Oct 03 16:42:59 baseweed-admin dbus-run-session[1026]:   WARN scene: QML Connections at @Services/UI/WallpaperService.qml[61:3]: Detected function "onViewModeChanged" in Connections element. This is probably intended to be a signal handler but no signal of the target matches the name.
Oct 03 16:42:59 baseweed-admin dbus-run-session[1026]:   WARN scene: QML Connections at @Services/UI/WallpaperService.qml[61:3]: Detected function "onShowHiddenFilesChanged" in Connections element. This is probably intended to be a signal handler but no signal of the target matches the name.
Oct 03 16:42:59 baseweed-admin dbus-run-session[1026]:   WARN scene: QML Connections at @Services/UI/WallpaperService.qml[61:3]: Detected function "onUseSolidColorChanged" in Connections element. This is probably intended to be a signal handler but no signal of the target matches the name.
Oct 03 16:42:59 baseweed-admin dbus-run-session[1026]:   WARN scene: QML Connections at @Services/UI/WallpaperService.qml[61:3]: Detected function "onSolidColorChanged" in Connections element. This is probably intended to be a signal handler but no signal of the target matches the name.
Oct 03 16:42:59 baseweed-admin dbus-run-session[1026]:   WARN scene: QML Connections at @Services/UI/WallpaperService.qml[61:3]: Detected function "onSortOrderChanged" in Connections element. This is probably intended to be a signal handler but no signal of the target matches the name.
Oct 03 16:42:59 baseweed-admin dbus-run-session[1026]:   WARN scene: QML Connections at @Modules/Background/Background.qml[80:7]: Detected function "onFillModeChanged" in Connections element. This is probably intended to be a signal handler but no signal of the target matches the name.
Oct 03 16:42:59 baseweed-admin dbus-run-session[1026]:   WARN scene: QML Connections at @Modules/Background/Background.qml[80:7]: Detected function "onFillModeChanged" in Connections element. This is probably intended to be a signal handler but no signal of the target matches the name.
Oct 03 16:42:59 baseweed-admin dbus-run-session[1026]:   WARN scene: QML Connections at @Modules/Background/Background.qml[80:7]: Detected function "onFillModeChanged" in Connections element. This is probably intended to be a signal handler but no signal of the target matches the name.
Oct 03 16:42:59 baseweed-admin dbus-run-session[1026]:   WARN scene: QML Connections at @Modules/Dock/Dock.qml[45:7]: Detected function "onPinnedAppsChanged" in Connections element. This is probably intended to be a signal handler but no signal of the target matches the name.
Oct 03 16:42:59 baseweed-admin dbus-run-session[1026]:   WARN scene: QML Connections at @Modules/Dock/Dock.qml[45:7]: Detected function "onOnlySameOutputChanged" in Connections element. This is probably intended to be a signal handler but no signal of the target matches the name.
Oct 03 16:42:59 baseweed-admin dbus-run-session[1026]:   WARN scene: QML Connections at @Modules/Dock/Dock.qml[45:7]: Detected function "onPinnedAppsChanged" in Connections element. This is probably intended to be a signal handler but no signal of the target matches the name.
Oct 03 16:42:59 baseweed-admin dbus-run-session[1026]:   WARN scene: QML Connections at @Modules/Dock/Dock.qml[45:7]: Detected function "onOnlySameOutputChanged" in Connections element. This is probably intended to be a signal handler but no signal of the target matches the name.
Oct 03 16:42:59 baseweed-admin dbus-run-session[1026]:   WARN scene: QML Connections at @Modules/Dock/Dock.qml[45:7]: Detected function "onPinnedAppsChanged" in Connections element. This is probably intended to be a signal handler but no signal of the target matches the name.
Oct 03 16:42:59 baseweed-admin dbus-run-session[1026]:   WARN scene: QML Connections at @Modules/Dock/Dock.qml[45:7]: Detected function "onOnlySameOutputChanged" in Connections element. This is probably intended to be a signal handler but no signal of the target matches the name.
Oct 03 16:42:59 baseweed-admin dbus-run-session[1026]:   INFO qml: [20261003-164259]          Shell ---------------------------
Oct 03 16:42:59 baseweed-admin dbus-run-session[1026]:   INFO qml: [20261003-164259]      Wallpaper Service started
Oct 03 16:42:59 baseweed-admin dbus-run-session[1026]:   INFO qml: [20261003-164259]     ImageCache Service started
Oct 03 16:42:59 baseweed-admin qemu-ga[667]: info: guest-exec called: "/bin/sh -c runuser -l admin -c 'systemctl --user start qdwin-session.target'"
Oct 03 16:42:59 baseweed-admin qdlocker[1020]: 2026-10-03 16:42:59,820 qdlocker.logind INFO logind session rebound in place; session=None
Oct 03 16:42:59 baseweed-admin systemd[1]: Started Session c1 of User admin.
Oct 03 16:42:59 baseweed-admin runuser[1110]: pam_unix(runuser-l:session): session opened for user admin(uid=1000) by (uid=0)
Oct 03 16:42:59 baseweed-admin dbus-run-session[1026]:   WARN scene: QML Connections at @Services/Theming/AppThemeService.qml[30:3]: Detected function "onDarkModeChanged" in Connections element. This is probably intended to be a signal handler but no signal of the target matches the name.
Oct 03 16:42:59 baseweed-admin dbus-run-session[1026]:   WARN scene: QML Connections at @Services/Theming/AppThemeService.qml[30:3]: Detected function "onMonitorForColorsChanged" in Connections element. This is probably intended to be a signal handler but no signal of the target matches the name.
Oct 03 16:42:59 baseweed-admin dbus-run-session[1026]:   WARN scene: QML Connections at @Services/Theming/AppThemeService.qml[30:3]: Detected function "onGenerationMethodChanged" in Connections element. This is probably intended to be a signal handler but no signal of the target matches the name.
Oct 03 16:42:59 baseweed-admin dbus-run-session[1026]:   INFO qml: [20261003-164259] AppThemeServic Service started
Oct 03 16:42:59 baseweed-admin dbus-run-session[1026]:   WARN scene: QML Connections at @Services/Theming/ColorSchemeService.qml[20:3]: Detected function "onDarkModeChanged" in Connections element. This is probably intended to be a signal handler but no signal of the target matches the name.
Oct 03 16:42:59 baseweed-admin dbus-run-session[1026]:   INFO qml: [20261003-164259]    ColorScheme Service started
Oct 03 16:42:59 baseweed-admin qemu-ga[667]: info: guest-exec called: "/bin/sh -c qd_startof() {
                                               awk 'match($0,/\)[^)]*$/){s=substr($0,RSTART+2);split(s,f," ");print f[20]}' "/proc/$1/stat" 2>/dev/null
                                             }
                                             qd_ident_s=$(qd_startof 1110)
                                             # The guest's boot id rides along: a (pid, start time) pair is unique only
                                             # WITHIN one boot, and the orphan registry must never match it against a later
                                             # incarnation of the same VM name. "boot=" with nothing after it means the id
                                             # was unreadable; the host then does not register the command.
                                             qd_ident_b=$(cat /proc/sys/kernel/random/boot_id 2>/dev/null)
                                             if [ -n "$qd_ident_s" ]; then printf 'start=%s boot=%s\n' "$qd_ident_s" "$qd_ident_b"; else printf 'gone\n'; fi"
Oct 03 16:42:59 baseweed-admin dbus-run-session[1026]:   INFO qml: [20261003-164259] AppPresentatio Service started
Oct 03 16:42:59 baseweed-admin systemd[883]: qdistro-polkit-agent.service: Scheduled restart job immediately on client request, restart counter is at 2.
Oct 03 16:42:59 baseweed-admin dbus-run-session[1026]:   WARN scene: QML Connections at @Services/Location/DarkModeService.qml[43:3]: Detected function "onSchedulingModeChanged" in Connections element. This is probably intended to be a signal handler but no signal of the target matches the name.
Oct 03 16:42:59 baseweed-admin dbus-run-session[1026]:   WARN scene: QML Connections at @Services/Location/DarkModeService.qml[28:3]: Detected function "onManualSunriseChanged" in Connections element. This is probably intended to be a signal handler but no signal of the target matches the name.
Oct 03 16:42:59 baseweed-admin dbus-run-session[1026]:   WARN scene: QML Connections at @Services/Location/DarkModeService.qml[28:3]: Detected function "onManualSunsetChanged" in Connections element. This is probably intended to be a signal handler but no signal of the target matches the name.
Oct 03 16:42:59 baseweed-admin dbus-run-session[1026]:   INFO qml: [20261003-164259] DarkModeServic Service started
Oct 03 16:42:59 baseweed-admin systemd[883]: Started qdistro polkit authentication agent (PAM / fprintd / broker).
Oct 03 16:42:59 baseweed-admin systemd[883]: Auto-unlock the qdistro portal-keys vault at login skipped, unmet condition check ConditionPathExists=/var/lib/qdistro/vaults/portal-keys-pin.tpm
Oct 03 16:42:59 baseweed-admin runuser[1110]: pam_unix(runuser-l:session): session closed for user admin
Oct 03 16:42:59 baseweed-admin dbus-run-session[1026]:   WARN scene: @Services/Location/DarkModeService.qml[29:5]: Unable to assign QJSValue to QObject*
Oct 03 16:42:59 baseweed-admin dbus-run-session[1026]:   WARN scene: @Services/Location/DarkModeService.qml[44:5]: Unable to assign QJSValue to QObject*
Oct 03 16:42:59 baseweed-admin dbus-run-session[1026]:   WARN scene: @Services/Theming/ColorSchemeService.qml[21:5]: Unable to assign QJSValue to QObject*
Oct 03 16:42:59 baseweed-admin dbus-run-session[1026]:   WARN scene: @Services/Theming/AppThemeService.qml[31:5]: Unable to assign QJSValue to QObject*
Oct 03 16:42:59 baseweed-admin dbus-run-session[1026]:   WARN scene: @Modules/Dock/Dock.qml[46:9]: Unable to assign QJSValue to QObject*
Oct 03 16:42:59 baseweed-admin dbus-run-session[1026]:   WARN scene: @Modules/Dock/Dock.qml[46:9]: Unable to assign QJSValue to QObject*
Oct 03 16:42:59 baseweed-admin dbus-run-session[1026]:   WARN scene: @Modules/Dock/Dock.qml[46:9]: Unable to assign QJSValue to QObject*
Oct 03 16:42:59 baseweed-admin dbus-run-session[1026]:   WARN scene: @Modules/Background/Background.qml[81:9]: Unable to assign QJSValue to QObject*
Oct 03 16:42:59 baseweed-admin dbus-run-session[1026]:   WARN scene: @Modules/Background/Background.qml[81:9]: Unable to assign QJSValue to QObject*
Oct 03 16:42:59 baseweed-admin dbus-run-session[1026]:   WARN scene: @Modules/Background/Background.qml[81:9]: Unable to assign QJSValue to QObject*
Oct 03 16:42:59 baseweed-admin dbus-run-session[1026]:   WARN scene: @Services/UI/WallpaperService.qml[62:5]: Unable to assign QJSValue to QObject*
Oct 03 16:42:59 baseweed-admin dbus-run-session[1026]:   WARN scene: @Modules/Panels/SessionMenu/SessionMenu.qml[152:5]: Unable to assign QJSValue to QObject*
Oct 03 16:42:59 baseweed-admin dbus-run-session[1026]:   WARN scene: @Modules/Panels/Dock/StaticDockPanel.qml[351:5]: Unable to assign QJSValue to QObject*
Oct 03 16:42:59 baseweed-admin dbus-run-session[1026]:   WARN scene: @Modules/Panels/SessionMenu/SessionMenu.qml[152:5]: Unable to assign QJSValue to QObject*
Oct 03 16:42:59 baseweed-admin dbus-run-session[1026]:   WARN scene: @Modules/Panels/Dock/StaticDockPanel.qml[351:5]: Unable to assign QJSValue to QObject*
Oct 03 16:42:59 baseweed-admin dbus-run-session[1026]:   WARN scene: @Services/System/SystemStatService.qml[321:5]: Unable to assign QJSValue to QObject*
Oct 03 16:42:59 baseweed-admin dbus-run-session[1026]:   WARN scene: @Modules/Panels/SessionMenu/SessionMenu.qml[152:5]: Unable to assign QJSValue to QObject*
Oct 03 16:42:59 baseweed-admin dbus-run-session[1026]:   WARN scene: @Services/Networking/NetworkService.qml[74:5]: Unable to assign QJSValue to QObject*
Oct 03 16:42:59 baseweed-admin dbus-run-session[1026]:   WARN scene: @Modules/Panels/Dock/StaticDockPanel.qml[351:5]: Unable to assign QJSValue to QObject*
Oct 03 16:42:59 baseweed-admin dbus-run-session[1026]:   WARN scene: @Services/UI/BarService.qml[148:5]: Unable to assign QJSValue to QObject*
Oct 03 16:42:59 baseweed-admin dbus-run-session[1026]:   WARN scene: @Services/Hardware/BrightnessService.qml[67:5]: Unable to assign QJSValue to QObject*
Oct 03 16:42:59 baseweed-admin systemd[1]: session-c1.scope: Deactivated successfully.
Oct 03 16:42:59 baseweed-admin dbus-run-session[1026]:   INFO qml: [20261003-164259]      Wallpaper Starting scan for Virtual-1 in /home/admin/Pictures/Wallpapers recursive: false
Oct 03 16:42:59 baseweed-admin qemu-ga[667]: info: guest-exec-status called, pid: 1137
Oct 03 16:42:59 baseweed-admin dbus-run-session[1026]:   INFO qml: [20261003-164259]      Wallpaper Starting scan for pipewire-0 in /home/admin/Pictures/Wallpapers recursive: false
Oct 03 16:42:59 baseweed-admin dbus-run-session[1026]:   INFO qml: [20261003-164259]      Wallpaper Starting scan for pipewire-1 in /home/admin/Pictures/Wallpapers recursive: false
Oct 03 16:42:59 baseweed-admin dbus-run-session[1026]:   INFO qml: [20261003-164300]       Location Service started
Oct 03 16:43:00 baseweed-admin dbus-run-session[1026]:   WARN scene: QML Connections at @Services/Location/NightLightService.qml[96:3]: Detected function "onEnabledChanged" in Connections element. This is probably intended to be a signal handler but no signal of the target matches the name.
Oct 03 16:43:00 baseweed-admin dbus-run-session[1026]:   WARN scene: QML Connections at @Services/Location/NightLightService.qml[96:3]: Detected function "onForcedChanged" in Connections element. This is probably intended to be a signal handler but no signal of the target matches the name.
Oct 03 16:43:00 baseweed-admin dbus-run-session[1026]:   WARN scene: QML Connections at @Services/Location/NightLightService.qml[96:3]: Detected function "onNightTempChanged" in Connections element. This is probably intended to be a signal handler but no signal of the target matches the name.
Oct 03 16:43:00 baseweed-admin dbus-run-session[1026]:   WARN scene: QML Connections at @Services/Location/NightLightService.qml[96:3]: Detected function "onDayTempChanged" in Connections element. This is probably intended to be a signal handler but no signal of the target matches the name.
Oct 03 16:43:00 baseweed-admin dbus-run-session[1026]:   WARN scene: QML Connections at @Services/Control/HooksService.qml[16:3]: Detected function "onDarkModeChanged" in Connections element. This is probably intended to be a signal handler but no signal of the target matches the name.
Oct 03 16:43:00 baseweed-admin dbus-run-session[1026]:   INFO qml: [20261003-164300]   HooksService Service started
Oct 03 16:43:00 baseweed-admin dbus-run-session[1026]:   WARN quickshell.dbus.objectmanager: Failed to create DBusObjectManagerInterface for "org.bluez" "/" : QDBusError("org.freedesktop.DBus.Error.ServiceUnknown", "The name is not activatable")
Oct 03 16:43:00 baseweed-admin dbus-run-session[1026]:   INFO qml: [20261003-164300]      Bluetooth Service started
Oct 03 16:43:00 baseweed-admin dbus-run-session[1026]:   INFO qml: [20261003-164300]  IdleInhibitor Service started
Oct 03 16:43:00 baseweed-admin dbus-run-session[1026]:   INFO qml: [20261003-164300] CapabilityServ qdwin live-apply capabilities: pointer=false xkb=false wm=false output=false workspace=false idleDpms=false keybind=false
Oct 03 16:43:00 baseweed-admin qemu-ga[667]: info: guest-exec-status called, pid: 1110
Oct 03 16:43:00 baseweed-admin dbus-run-session[1026]:   INFO qml: [20261003-164300]   PowerService Service started
Oct 03 16:43:00 baseweed-admin qdistro-polkit-agent[1144]: registration failed: org.freedesktop.PolicyKit1.Error.Failed: Cannot determine session the caller is in
Oct 03 16:43:00 baseweed-admin python3[1144]: qdistro-polkit-agent: registration failed: org.freedesktop.PolicyKit1.Error.Failed: Cannot determine session the caller is in
Oct 03 16:43:00 baseweed-admin systemd[883]: qdistro-polkit-agent.service: Main process exited, code=exited, status=1/FAILURE
Oct 03 16:43:00 baseweed-admin systemd[883]: qdistro-polkit-agent.service: Failed with result 'exit-code'.
Oct 03 16:43:00 baseweed-admin dbus-run-session[1026]:   INFO qml: [20261003-164300] AccessibilityS Service started
Oct 03 16:43:00 baseweed-admin dbus-run-session[1026]:   INFO qml: [20261003-164300]  KeyboardInput Service started
Oct 03 16:43:00 baseweed-admin dbus-run-session[1026]:   INFO qml: [20261003-164300] PointerInputSe Service started (qdwin live-apply: persist-only until shell binds >= v28)
Oct 03 16:43:00 baseweed-admin dbus-run-session[1026]:   INFO qml: [20261003-164300] WindowManagerS Service started (qdwin v25 live-apply: false, shortcuts: false)
Oct 03 16:43:00 baseweed-admin dbus-run-session[1026]:   INFO qml: [20261003-164300] SessionService started; saved=0 canApplyPlacement=false
Oct 03 16:43:00 baseweed-admin dbus-run-session[1026]:   INFO qml: [20261003-164300]    HostService Service started
Oct 03 16:43:00 baseweed-admin dbus-run-session[1026]:   INFO qml: [20261003-164300] CustomButtonIP Service started
Oct 03 16:43:00 baseweed-admin dbus-run-session[1026]:   INFO qml: [20261003-164300]     IPCService Service started
Oct 03 16:43:00 baseweed-admin dbus-run-session[1026]:   INFO qml: [20261003-164300]        PodApps service started
Oct 03 16:43:00 baseweed-admin dbus-run-session[1026]:   INFO qml: [20261003-164300]         VMApps service started
Oct 03 16:43:00 baseweed-admin dbus-run-session[1026]:   INFO qml: [20261003-164300]      Tier3Apps service started
Oct 03 16:43:00 baseweed-admin dbus-run-session[1026]:   INFO qml: [20261003-164300]     Tier3sApps service started
Oct 03 16:43:00 baseweed-admin dbus-run-session[1026]:   INFO qml: [20261003-164300]      Tier4Apps service started
Oct 03 16:43:00 baseweed-admin dbus-run-session[1026]:   INFO qml: [20261003-164300] RemoteMachineW service started
Oct 03 16:43:00 baseweed-admin dbus-run-session[1026]:   INFO qml: [20261003-164300]  Tier3FocusIPC service started
Oct 03 16:43:00 baseweed-admin dbus-run-session[1026]:   WARN quickshell.dbus: Could not launch service org.freedesktop.UPower.PowerProfiles: QDBusError(org.freedesktop.DBus.Error.ServiceUnknown, The name is not activatable)
Oct 03 16:43:00 baseweed-admin dbus-run-session[1026]:   WARN quickshell.service.powerprofiles: Could not start PowerProfilesDaemon. The PowerProfiles service will not work.
Oct 03 16:43:00 baseweed-admin weston[953]: [16:43:00.105] qdwin: bind attempt pid=1026 uid=1000 (allowed_uid=1000)
Oct 03 16:43:00 baseweed-admin weston[953]: [16:43:00.105] qdwin: bind accepted for uid=1000, hello sent
Oct 03 16:43:00 baseweed-admin weston[953]: [16:43:00.105] qdwin: ext_workspace_manager bound (count=4 active=0)
Oct 03 16:43:00 baseweed-admin weston[953]: [16:43:00.106] qdwin: zwlr_output_manager bound (serial=1)
Oct 03 16:43:00 baseweed-admin weston[953]: [16:43:00.106] qdwin: shell bound (uid=1000 pid=1026); replaying 0 toplevels
Oct 03 16:43:00 baseweed-admin weston[953]: [16:43:00.106] qdwin: seat_focus_changed seat=default handle=4294967295
Oct 03 16:43:00 baseweed-admin dbus-run-session[1026]:   INFO qml: [20261003-164300]          Qdwin qdwin_shell_v1 bound v34
Oct 03 16:43:00 baseweed-admin dbus-run-session[1026]:   INFO qml: [20261003-164300]  ClipboardGate wired to qdwin_shell_v1; broker default=deny
Oct 03 16:43:00 baseweed-admin weston[953]: [16:43:00.107] qdwin: workspace 0 name="1"
Oct 03 16:43:00 baseweed-admin weston[953]: [16:43:00.107] qdwin: workspace 1 name="2"
Oct 03 16:43:00 baseweed-admin weston[953]: [16:43:00.107] qdwin: workspace 2 name="3"
Oct 03 16:43:00 baseweed-admin weston[953]: [16:43:00.107] qdwin: workspace 3 name="4"
Oct 03 16:43:00 baseweed-admin qemu-ga[667]: info: guest-exec called: "/bin/sh -c test -S '/run/user/1000/wayland-1'"
Oct 03 16:43:00 baseweed-admin weston[953]: [16:43:00.108] qdwin: set_wm_policy focus=0 ffm_delay=0 raise_click=1 raise_hover=0 placement=2 snap=1 dist=16
Oct 03 16:43:00 baseweed-admin dbus-run-session[1026]:   INFO qml: [20261003-164300] WindowManagerS applied WM policy focus=click placement=smart snap=true/16
Oct 03 16:43:00 baseweed-admin dbus-run-session[1026]:   INFO qml: [20261003-164300] CapabilityServ wmPolicy -> true
Oct 03 16:43:00 baseweed-admin weston[953]: [16:43:00.108] qdwin: register_hotkey id=7101 mods=0x2 key=62
Oct 03 16:43:00 baseweed-admin weston[953]: [16:43:00.108] qdwin: register_hotkey id=7102 mods=0x4 key=103
Oct 03 16:43:00 baseweed-admin weston[953]: [16:43:00.108] qdwin: register_hotkey id=7103 mods=0x4 key=33
Oct 03 16:43:00 baseweed-admin weston[953]: [16:43:00.109] qdwin: register_hotkey id=7104 mods=0x4 key=105
Oct 03 16:43:00 baseweed-admin weston[953]: [16:43:00.109] qdwin: register_hotkey id=7105 mods=0x4 key=106
Oct 03 16:43:00 baseweed-admin dbus-run-session[1026]:   INFO qml: [20261003-164300] WindowManagerS registered WM shortcuts (5 active)
Oct 03 16:43:00 baseweed-admin dbus-run-session[1026]:   INFO qml: [20261003-164300] CapabilityServ keybindRegistration -> true
Oct 03 16:43:00 baseweed-admin weston[953]: [16:43:00.109] qdwin: set_pointer_config accel=0 profile=0 natural=0 tap=1 left=0 middle=0 dwt=1 scroll=1 (6 devices)
Oct 03 16:43:00 baseweed-admin dbus-run-session[1026]:   INFO qml: [20261003-164300] PointerInputSe applied pointer config accelSpeed=0 profile=0 natural=0 tap=1 scroll=1
Oct 03 16:43:00 baseweed-admin dbus-run-session[1026]:   INFO qml: [20261003-164300] CapabilityServ pointerConfig -> true
Oct 03 16:43:00 baseweed-admin weston[953]: [16:43:00.109] qdwin: set_key_repeat rate=25 delay=500
Oct 03 16:43:00 baseweed-admin dbus-run-session[1026]:   INFO qml: [20261003-164300]  KeyboardInput applied qdwin key-repeat rate=25 delay=500
Oct 03 16:43:00 baseweed-admin dbus-run-session[1026]:   INFO qml: [20261003-164300] CapabilityServ xkbRepeat -> true
Oct 03 16:43:00 baseweed-admin dbus-run-session[1026]:   INFO qml: [20261003-164300]   PowerService idle policy armed: inactivity=0ms (nothing), displayOff=0ms, presentation=false
Oct 03 16:43:00 baseweed-admin dbus-run-session[1026]:   INFO qml: [20261003-164300] CapabilityServ idleDpms -> true
Oct 03 16:43:00 baseweed-admin dbus-run-session[1026]:   INFO qml: [20261003-164300] CapabilityServ outputManagement -> true
Oct 03 16:43:00 baseweed-admin qemu-ga[667]: info: guest-exec called: "/bin/sh -c qd_startof() {
                                               awk 'match($0,/\)[^)]*$/){s=substr($0,RSTART+2);split(s,f," ");print f[20]}' "/proc/$1/stat" 2>/dev/null
                                             }
                                             qd_ident_s=$(qd_startof 1188)
                                             # The guest's boot id rides along: a (pid, start time) pair is unique only
                                             # WITHIN one boot, and the orphan registry must never match it against a later
                                             # incarnation of the same VM name. "boot=" with nothing after it means the id
                                             # was unreadable; the host then does not register the command.
                                             qd_ident_b=$(cat /proc/sys/kernel/random/boot_id 2>/dev/null)
                                             if [ -n "$qd_ident_s" ]; then printf 'start=%s boot=%s\n' "$qd_ident_s" "$qd_ident_b"; else printf 'gone\n'; fi"
Oct 03 16:43:00 baseweed-admin qemu-ga[667]: info: guest-exec-status called, pid: 1204
Oct 03 16:43:00 baseweed-admin dbus-run-session[1026]:   WARN qml: [20261003-164300]       Location Weather is still fetching
Oct 03 16:43:00 baseweed-admin dbus-run-session[1026]:   WARN quickshell.dbus: Could not launch service org.freedesktop.UPower: QDBusError(org.freedesktop.DBus.Error.ServiceUnknown, The name is not activatable)
Oct 03 16:43:00 baseweed-admin dbus-run-session[1026]:   WARN quickshell.service.upower: Could not start UPower. The UPower service will not work.
Oct 03 16:43:00 baseweed-admin dbus-run-session[1026]:   INFO qml: [20261003-164300]    HostService Detected openSUSE Tumbleweed
Oct 03 16:43:00 baseweed-admin dbus-run-session[1026]:   INFO qml: [20261003-164300]    HostService Looking for logo icon: distributor-logo-Tumbleweed
Oct 03 16:43:00 baseweed-admin dbus-run-session[1026]:   INFO qml: [20261003-164300]    HostService resolved hostname baseweed-admin
Oct 03 16:43:00 baseweed-admin dbus-run-session[1026]:   WARN: Process failed to start, likely because the binary could not be found. Command: QList("bluetoothctl", "show")
Oct 03 16:43:00 baseweed-admin dbus-run-session[1026]:   WARN: Process failed to start, likely because the binary could not be found. Command: QList("udisksctl", "monitor")
Oct 03 16:43:00 baseweed-admin dbus-run-session[1026]:   INFO qml: [20261003-164300] PluginRegistry All plugin manifests loaded. Total plugins: 0
Oct 03 16:43:00 baseweed-admin dbus-run-session[1026]:   INFO qml: [20261003-164300]  PluginService Initializing plugin system
Oct 03 16:43:00 baseweed-admin dbus-run-session[1026]:   INFO qml: [20261003-164300]  PluginService Found 0 enabled plugins: []
Oct 03 16:43:00 baseweed-admin dbus-run-session[1026]:   INFO qml: [20261003-164300]  PluginService No plugins to load
Oct 03 16:43:00 baseweed-admin qemu-ga[667]: info: guest-exec-status called, pid: 1188
Oct 03 16:43:00 baseweed-admin dbus-run-session[1026]:   INFO qml: [20261003-164300]  PluginService Refreshing available plugins
Oct 03 16:43:00 baseweed-admin dbus-run-session[1026]:  ERROR qml: [20261003-164300]       Location Geocoding error: 0
Oct 03 16:43:00 baseweed-admin weston[953]: [16:43:00.277] qdwin: layer-shell get_layer_surface ns=qdshell-background-Virtual-1 layer=2 output=0x556a0526e5a0
Oct 03 16:43:00 baseweed-admin weston[953]: [16:43:00.277] qdwin: layer-shell configure ns=qdshell-background-Virtual-1 layer=2 box=0,0 1920x1080 serial=1
Oct 03 16:43:00 baseweed-admin weston[953]: [16:43:00.277] qdwin: layer-shell get_layer_surface ns=qdshell-bar-content-Virtual-1 layer=2 output=0x556a0526e5a0
Oct 03 16:43:00 baseweed-admin weston[953]: [16:43:00.277] qdwin: layer-shell configure ns=qdshell-bar-content-Virtual-1 layer=2 box=0,0 1920x31 serial=2
Oct 03 16:43:00 baseweed-admin weston[953]: [16:43:00.277] qdwin: layer-shell get_layer_surface ns=qdshell-bar-exclusion-top-Virtual-1 layer=2 output=0x556a0526e5a0
Oct 03 16:43:00 baseweed-admin weston[953]: [16:43:00.277] qdwin: layer-shell configure ns=qdshell-bar-exclusion-top-Virtual-1 layer=2 box=0,0 1920x31 serial=3
Oct 03 16:43:00 baseweed-admin weston[953]: [16:43:00.277] qdwin: layer-shell get_layer_surface ns=qdshell-background-pipewire-0 layer=2 output=0x556a0526fb00
Oct 03 16:43:00 baseweed-admin weston[953]: [16:43:00.277] qdwin: layer-shell configure ns=qdshell-background-pipewire-0 layer=2 box=1920,0 640x480 serial=4
Oct 03 16:43:00 baseweed-admin weston[953]: [16:43:00.277] qdwin: layer-shell get_layer_surface ns=qdshell-bar-content-pipewire-0 layer=2 output=0x556a0526fb00
Oct 03 16:43:00 baseweed-admin weston[953]: [16:43:00.277] qdwin: layer-shell configure ns=qdshell-bar-content-pipewire-0 layer=2 box=1920,0 640x31 serial=5
Oct 03 16:43:00 baseweed-admin weston[953]: [16:43:00.277] qdwin: layer-shell get_layer_surface ns=qdshell-bar-exclusion-top-pipewire-0 layer=2 output=0x556a0526fb00
Oct 03 16:43:00 baseweed-admin weston[953]: [16:43:00.277] qdwin: layer-shell configure ns=qdshell-bar-exclusion-top-pipewire-0 layer=2 box=1920,0 640x31 serial=6
Oct 03 16:43:00 baseweed-admin weston[953]: [16:43:00.277] qdwin: layer-shell get_layer_surface ns=qdshell-background-pipewire-1 layer=2 output=0x556a052951f0
Oct 03 16:43:00 baseweed-admin weston[953]: [16:43:00.277] qdwin: layer-shell configure ns=qdshell-background-pipewire-1 layer=2 box=2560,0 640x480 serial=7
Oct 03 16:43:00 baseweed-admin weston[953]: [16:43:00.277] qdwin: layer-shell get_layer_surface ns=qdshell-bar-content-pipewire-1 layer=2 output=0x556a052951f0
Oct 03 16:43:00 baseweed-admin weston[953]: [16:43:00.277] qdwin: layer-shell configure ns=qdshell-bar-content-pipewire-1 layer=2 box=2560,0 640x31 serial=8
Oct 03 16:43:00 baseweed-admin weston[953]: [16:43:00.277] qdwin: layer-shell get_layer_surface ns=qdshell-bar-exclusion-top-pipewire-1 layer=2 output=0x556a052951f0
Oct 03 16:43:00 baseweed-admin weston[953]: [16:43:00.277] qdwin: layer-shell configure ns=qdshell-bar-exclusion-top-pipewire-1 layer=2 box=2560,0 640x31 serial=9
Oct 03 16:43:00 baseweed-admin weston[953]: [16:43:00.277] qdwin: layer-shell get_layer_surface ns=qdshell-dock-peek-Virtual-1 layer=2 output=0x556a0526e5a0
Oct 03 16:43:00 baseweed-admin weston[953]: [16:43:00.277] qdwin: layer-shell configure ns=qdshell-dock-peek-Virtual-1 layer=2 box=0,1079 1920x1 serial=10
Oct 03 16:43:00 baseweed-admin weston[953]: [16:43:00.277] qdwin: layer-shell get_layer_surface ns=qdshell-dock-peek-pipewire-0 layer=2 output=0x556a0526fb00
Oct 03 16:43:00 baseweed-admin weston[953]: [16:43:00.277] qdwin: layer-shell configure ns=qdshell-dock-peek-pipewire-0 layer=2 box=1920,479 640x1 serial=11
Oct 03 16:43:00 baseweed-admin weston[953]: [16:43:00.277] qdwin: layer-shell get_layer_surface ns=qdshell-dock-peek-pipewire-1 layer=2 output=0x556a052951f0
Oct 03 16:43:00 baseweed-admin weston[953]: [16:43:00.277] qdwin: layer-shell configure ns=qdshell-dock-peek-pipewire-1 layer=2 box=2560,479 640x1 serial=12
Oct 03 16:43:00 baseweed-admin weston[953]: [16:43:00.277] qdwin: layer-shell get_layer_surface ns=qdshell-image-cache-renderer layer=2 output=(nil)
Oct 03 16:43:00 baseweed-admin weston[953]: [16:43:00.277] qdwin: layer-shell configure ns=qdshell-image-cache-renderer layer=2 box=960,540 1x1 serial=13
Oct 03 16:43:00 baseweed-admin dbus-run-session[1026]:   WARN scene: QML Connections at qs:/usr/share/quickshell/qdshell/Modules/Bar/Widgets/Taskbar.qml[981:3]: Detected function "onPinnedAppsChanged" in Connections element. This is probably intended to be a signal handler but no signal of the target matches the name.
Oct 03 16:43:00 baseweed-admin dbus-run-session[1026]:   WARN scene: QML Connections at qs:/usr/share/quickshell/qdshell/Modules/Bar/Widgets/Taskbar.qml[981:3]: Detected function "onPinnedAppsChanged" in Connections element. This is probably intended to be a signal handler but no signal of the target matches the name.
Oct 03 16:43:00 baseweed-admin dbus-run-session[1026]:   WARN scene: QML Connections at qs:/usr/share/quickshell/qdshell/Modules/Bar/Widgets/Taskbar.qml[981:3]: Detected function "onPinnedAppsChanged" in Connections element. This is probably intended to be a signal handler but no signal of the target matches the name.
Oct 03 16:43:00 baseweed-admin qemu-ga[667]: info: guest-exec called: "/bin/sh -c mkdir -p /var/tmp/t3s-dl && cd /var/tmp/t3s-dl && for f in tier3s-guest-lib.sh tier3s-guest-setup.sh; do curl -fsS -o $f http://10.0.2.2:40355/$f || exit 97; done && bash tier3s-guest-setup.sh http://10.0.2.2:40355 --expect-fresh --gui weston-terminal"
Oct 03 16:43:00 baseweed-admin qemu-ga[667]: info: guest-exec called: "/bin/sh -c qd_startof() {
                                               awk 'match($0,/\)[^)]*$/){s=substr($0,RSTART+2);split(s,f," ");print f[20]}' "/proc/$1/stat" 2>/dev/null
                                             }
                                             qd_ident_s=$(qd_startof 1228)
                                             # The guest's boot id rides along: a (pid, start time) pair is unique only
                                             # WITHIN one boot, and the orphan registry must never match it against a later
                                             # incarnation of the same VM name. "boot=" with nothing after it means the id
                                             # was unreadable; the host then does not register the command.
                                             qd_ident_b=$(cat /proc/sys/kernel/random/boot_id 2>/dev/null)
                                             if [ -n "$qd_ident_s" ]; then printf 'start=%s boot=%s\n' "$qd_ident_s" "$qd_ident_b"; else printf 'gone\n'; fi"
Oct 03 16:43:00 baseweed-admin qemu-ga[667]: info: guest-exec-status called, pid: 1242
Oct 03 16:43:00 baseweed-admin dbus-run-session[1026]:   WARN: Could not load icon "user-desktop?fallback=application-x-executable" at size QSize(19, 19) from request
Oct 03 16:43:00 baseweed-admin dbus-run-session[1026]:   WARN: Could not load icon "user-desktop?fallback=application-x-executable" at size QSize(2, 2) from request
Oct 03 16:43:00 baseweed-admin qemu-ga[667]: info: guest-exec-status called, pid: 1228
Oct 03 16:43:00 baseweed-admin dbus-run-session[1026]:   WARN scene: qs:/usr/share/quickshell/qdshell/Modules/Bar/Widgets/Taskbar.qml[982:5]: Unable to assign QJSValue to QObject*
Oct 03 16:43:00 baseweed-admin dbus-run-session[1026]:   WARN scene: qs:/usr/share/quickshell/qdshell/Modules/Bar/Widgets/Taskbar.qml[982:5]: Unable to assign QJSValue to QObject*
Oct 03 16:43:00 baseweed-admin dbus-run-session[1026]:   WARN scene: qs:/usr/share/quickshell/qdshell/Modules/Bar/Widgets/Taskbar.qml[982:5]: Unable to assign QJSValue to QObject*
Oct 03 16:43:00 baseweed-admin dbus-run-session[1026]:   WARN scene: @Services/Control/HooksService.qml[17:5]: Unable to assign QJSValue to QObject*
Oct 03 16:43:00 baseweed-admin dbus-run-session[1026]:   WARN scene: @Services/Location/NightLightService.qml[97:5]: Unable to assign QJSValue to QObject*
Oct 03 16:43:00 baseweed-admin dbus-run-session[1026]:   WARN qml: [20261003-164300]     ImageCache ImageMagick not found, using Qt fallback
Oct 03 16:43:00 baseweed-admin dbus-run-session[1026]:   WARN qml: [20261003-164300]      Wallpaper Scan failed for Virtual-1 exit code: 1 (directory might not exist)
Oct 03 16:43:00 baseweed-admin dbus-run-session[1026]:   WARN qml: [20261003-164300]      Wallpaper Scan failed for pipewire-0 exit code: 1 (directory might not exist)
Oct 03 16:43:00 baseweed-admin dbus-run-session[1026]:   WARN qml: [20261003-164300]      Wallpaper Scan failed for pipewire-1 exit code: 1 (directory might not exist)
Oct 03 16:43:00 baseweed-admin dbus-run-session[1026]:   WARN qml: [20261003-164300]   PowerService Button monitor unavailable (exit 1); releasing key inhibitors, logind will handle power/sleep keys
Oct 03 16:43:00 baseweed-admin weston[953]: [16:43:00.611] qdwin: set_key_repeat rate=25 delay=500
Oct 03 16:43:00 baseweed-admin dbus-run-session[1026]:   INFO qml: [20261003-164300]  KeyboardInput applied qdwin key-repeat rate=25 delay=500
Oct 03 16:43:00 baseweed-admin dbus-run-session[1026]:   INFO qml: [20261003-164300] PointerInputSe enumerated 3 pointer device(s) via proc
Oct 03 16:43:00 baseweed-admin dbus-run-session[1026]:   INFO qml: [20261003-164300]        PodApps cache refresh loaded 0 apps
Oct 03 16:43:01 baseweed-admin weston[953]: [16:43:01.480] qdwin: layer-shell mapped ns=qdshell-background-Virtual-1 layer=2 at 0,0 1920x1080
Oct 03 16:43:01 baseweed-admin qemu-ga[667]: info: guest-exec-status called, pid: 1228
Oct 03 16:43:02 baseweed-admin dbus-broker-launch[660]: Noticed file-system modification, trigger reload.
Oct 03 16:43:02 baseweed-admin weston[953]: [16:43:02.334] qdwin: layer-shell mapped ns=qdshell-bar-content-Virtual-1 layer=2 at 0,0 1920x31
Oct 03 16:43:02 baseweed-admin systemd[1]: Reloading D-Bus System Message Bus...
Oct 03 16:43:02 baseweed-admin dbus-broker-launch[660]: Caught SIGHUP, trigger reload.
Oct 03 16:43:02 baseweed-admin systemd[1]: Reloaded D-Bus System Message Bus.
Oct 03 16:43:02 baseweed-admin systemd[1]: Reload requested from client PID 1358 ('systemctl') (unit qemu-guest-agent.service)...
Oct 03 16:43:02 baseweed-admin systemd[1]: Reloading...
Oct 03 16:43:02 baseweed-admin qemu-ga[667]: info: guest-exec-status called, pid: 1228
Oct 03 16:43:02 baseweed-admin weston[953]: [16:43:02.661] qdwin: layer-shell mapped ns=qdshell-bar-exclusion-top-Virtual-1 layer=2 at 0,0 1920x31
Oct 03 16:43:02 baseweed-admin systemd[1]: Reloading finished in 367 ms.
Oct 03 16:43:02 baseweed-admin systemd[1]: Reload requested from client PID 1430 ('systemctl') (unit qemu-guest-agent.service)...
Oct 03 16:43:02 baseweed-admin systemd[1]: Reloading...
Oct 03 16:43:03 baseweed-admin weston[953]: [16:43:03.091] qdwin: layer-shell mapped ns=qdshell-background-pipewire-0 layer=2 at 1920,0 640x480
Oct 03 16:43:03 baseweed-admin systemd[1]: Reloading finished in 379 ms.
Oct 03 16:43:03 baseweed-admin systemd[883]: qdistro-polkit-agent.service: Scheduled restart job, restart counter is at 3.
Oct 03 16:43:03 baseweed-admin systemd[883]: Started qdistro polkit authentication agent (PAM / fprintd / broker).
Oct 03 16:43:03 baseweed-admin systemd[1]: Stopping qdistro session manager (user-silo lifecycle)...
Oct 03 16:43:03 baseweed-admin systemd[1]: qdistro-session-manager.service: Deactivated successfully.
Oct 03 16:43:03 baseweed-admin systemd[1]: Stopped qdistro session manager (user-silo lifecycle).
Oct 03 16:43:03 baseweed-admin systemd[1]: qdistro-session-manager.service: Consumed 1.366s CPU time over 10.724s wall clock time.
Oct 03 16:43:03 baseweed-admin systemd[1]: Starting qdistro session manager (user-silo lifecycle)...
Oct 03 16:43:03 baseweed-admin qdistro-polkit-agent[1501]: registration failed: org.freedesktop.PolicyKit1.Error.Failed: Cannot determine session the caller is in
Oct 03 16:43:03 baseweed-admin python3[1501]: qdistro-polkit-agent: registration failed: org.freedesktop.PolicyKit1.Error.Failed: Cannot determine session the caller is in
Oct 03 16:43:03 baseweed-admin systemd[883]: qdistro-polkit-agent.service: Main process exited, code=exited, status=1/FAILURE
Oct 03 16:43:03 baseweed-admin systemd[883]: qdistro-polkit-agent.service: Failed with result 'exit-code'.
Oct 03 16:43:03 baseweed-admin weston[953]: [16:43:03.642] qdwin: layer-shell mapped ns=qdshell-bar-content-pipewire-0 layer=2 at 1920,0 640x31
Oct 03 16:43:03 baseweed-admin systemd[1]: NetworkManager-dispatcher.service: Deactivated successfully.
Oct 03 16:43:03 baseweed-admin qemu-ga[667]: info: guest-exec-status called, pid: 1228
Oct 03 16:43:03 baseweed-admin systemd[1]: Started qdistro session manager (user-silo lifecycle).
Oct 03 16:43:03 baseweed-admin runuser[1513]: pam_unix(runuser:session): session opened for user admin(uid=1000) by (uid=0)
Oct 03 16:43:03 baseweed-admin weston[953]: [16:43:03.941] qdwin: layer-shell mapped ns=qdshell-bar-exclusion-top-pipewire-0 layer=2 at 1920,0 640x31
Oct 03 16:43:03 baseweed-admin systemd[883]: Started podman-1549.scope.
Oct 03 16:43:03 baseweed-admin systemd[883]: Started podman-pause-525b933f.scope.
Oct 03 16:43:03 baseweed-admin runuser[1513]: pam_unix(runuser:session): session closed for user admin
Oct 03 16:43:03 baseweed-admin runuser[1571]: pam_unix(runuser:session): session opened for user admin(uid=1000) by (uid=0)
Oct 03 16:43:03 baseweed-admin dbus-broker-launch[660]: Noticed file-system modification, trigger reload.
Oct 03 16:43:04 baseweed-admin systemd[883]: Started podman-1587.scope.
Oct 03 16:43:04 baseweed-admin runuser[1571]: pam_unix(runuser:session): session closed for user admin
Oct 03 16:43:04 baseweed-admin weston[953]: [16:43:04.231] qdwin: layer-shell mapped ns=qdshell-background-pipewire-1 layer=2 at 2560,0 640x480
Oct 03 16:43:04 baseweed-admin weston[953]: [16:43:04.627] qdwin: layer-shell mapped ns=qdshell-bar-content-pipewire-1 layer=2 at 2560,0 640x31
Oct 03 16:43:04 baseweed-admin qemu-ga[667]: info: guest-exec-status called, pid: 1228
Oct 03 16:43:04 baseweed-admin systemd[1]: Reloading D-Bus System Message Bus...
Oct 03 16:43:04 baseweed-admin dbus-broker-launch[660]: Caught SIGHUP, trigger reload.
Oct 03 16:43:04 baseweed-admin systemd[1]: Reloaded D-Bus System Message Bus.
Oct 03 16:43:04 baseweed-admin weston[953]: [16:43:04.924] qdwin: layer-shell mapped ns=qdshell-bar-exclusion-top-pipewire-1 layer=2 at 2560,0 640x31
Oct 03 16:43:04 baseweed-admin systemd[1]: Reload requested from client PID 1651 ('systemctl') (unit qemu-guest-agent.service)...
Oct 03 16:43:04 baseweed-admin systemd[1]: Reloading...
Oct 03 16:43:05 baseweed-admin weston[953]: [16:43:05.231] qdwin: layer-shell mapped ns=qdshell-dock-peek-Virtual-1 layer=2 at 0,1079 1920x1
Oct 03 16:43:05 baseweed-admin weston[953]: [16:43:05.467] qdwin: layer-shell mapped ns=qdshell-dock-peek-pipewire-0 layer=2 at 1920,479 640x1
Oct 03 16:43:05 baseweed-admin weston[953]: [16:43:05.625] qdwin: layer-shell mapped ns=qdshell-dock-peek-pipewire-1 layer=2 at 2560,479 640x1
Oct 03 16:43:05 baseweed-admin systemd[1]: Reloading finished in 857 ms.
Oct 03 16:43:05 baseweed-admin qemu-ga[667]: info: guest-exec-status called, pid: 1228
Oct 03 16:43:05 baseweed-admin weston[953]: [16:43:05.877] qdwin: layer-shell mapped ns=qdshell-image-cache-renderer layer=2 at 960,540 1x1
Oct 03 16:43:05 baseweed-admin dbus-run-session[1026]:   INFO qml: [20261003-164305]           Time Time jump detected (7s) - likely system resume
Oct 03 16:43:05 baseweed-admin dbus-run-session[1026]:   INFO qml: [20261003-164305]        Network System resumed - forcing state poll
Oct 03 16:43:05 baseweed-admin dbus-run-session[1026]:   INFO qml: [20261003-164305]     SystemStat System resumed - resetting differential state
Oct 03 16:43:05 baseweed-admin systemd[1]: Reload requested from client PID 1723 ('systemctl') (unit qemu-guest-agent.service)...
Oct 03 16:43:05 baseweed-admin systemd[1]: Reloading...
Oct 03 16:43:05 baseweed-admin dbus-run-session[1026]:   INFO qml: [20261003-164305] DarkModeServic System resumed - re-evaluating dark mode
Oct 03 16:43:05 baseweed-admin dbus-run-session[1026]:   INFO qml: [20261003-164305]     NightLight System resumed - re-applying night light
Oct 03 16:43:05 baseweed-admin dbus-run-session[1026]:   INFO qml: [20261003-164305]      Bluetooth System resumed - forcing state poll
Oct 03 16:43:05 baseweed-admin dbus-run-session[1026]:   INFO qml: [20261003-164305]    ColorScheme Applying color scheme: Qdshell (default)
Oct 03 16:43:05 baseweed-admin dbus-run-session[1026]:   INFO qml: [20261003-164305]           Font Service started
Oct 03 16:43:05 baseweed-admin qdistro_session_manager.py[1507]: 2026-10-03 16:43:05,918 INFO qdistro_session_manager: disposable lease sweeps (TTL + proctree-empty) every 60s
Oct 03 16:43:05 baseweed-admin dbus-run-session[1026]:  ERROR qml: [20261003-164305]  PluginService Empty response from Qdshell Plugins
Oct 03 16:43:05 baseweed-admin dbus-run-session[1026]:  ERROR qml: [20261003-164305]  PluginService Failed to fetch registry from Qdshell Plugins - exit code: 1
Oct 03 16:43:05 baseweed-admin weston[953]: [16:43:05.976] qdwin: layer-shell get_layer_surface ns=qdshell-osd-Virtual-1 layer=3 output=0x556a0526e5a0
Oct 03 16:43:05 baseweed-admin weston[953]: [16:43:05.976] qdwin: layer-shell configure ns=qdshell-osd-Virtual-1 layer=3 box=1591,40 320x72 serial=14
Oct 03 16:43:05 baseweed-admin weston[953]: [16:43:05.976] qdwin: layer-shell get_layer_surface ns=qdshell-osd-pipewire-0 layer=3 output=0x556a0526fb00
Oct 03 16:43:05 baseweed-admin weston[953]: [16:43:05.976] qdwin: layer-shell configure ns=qdshell-osd-pipewire-0 layer=3 box=2231,40 320x72 serial=15
Oct 03 16:43:05 baseweed-admin weston[953]: [16:43:05.976] qdwin: layer-shell get_layer_surface ns=qdshell-osd-pipewire-1 layer=3 output=0x556a052951f0
Oct 03 16:43:05 baseweed-admin weston[953]: [16:43:05.976] qdwin: layer-shell configure ns=qdshell-osd-pipewire-1 layer=3 box=2871,40 320x72 serial=16
Oct 03 16:43:06 baseweed-admin dbus-run-session[1026]:   INFO qml: [20261003-164306]        PodApps cache refresh loaded 0 apps
Oct 03 16:43:06 baseweed-admin systemd[1]: Reloading finished in 453 ms.
Oct 03 16:43:06 baseweed-admin systemd[1]: Stopping qdistro session manager (user-silo lifecycle)...
Oct 03 16:43:06 baseweed-admin systemd[1]: qdistro-session-manager.service: Deactivated successfully.
Oct 03 16:43:06 baseweed-admin systemd[1]: Stopped qdistro session manager (user-silo lifecycle).
Oct 03 16:43:06 baseweed-admin weston[953]: [16:43:06.442] qdwin: layer-shell mapped ns=qdshell-osd-Virtual-1 layer=3 at 1591,40 320x72
Oct 03 16:43:06 baseweed-admin systemd[1]: Starting qdistro session manager (user-silo lifecycle)...
Oct 03 16:43:06 baseweed-admin systemd[1]: Started qdistro session manager (user-silo lifecycle).
Oct 03 16:43:06 baseweed-admin runuser[1833]: pam_unix(runuser:session): session opened for user admin(uid=1000) by (uid=0)
Oct 03 16:43:06 baseweed-admin weston[953]: [16:43:06.784] qdwin: layer-shell mapped ns=qdshell-osd-pipewire-0 layer=3 at 2231,40 320x72
Oct 03 16:43:06 baseweed-admin systemd[883]: qdistro-polkit-agent.service: Scheduled restart job, restart counter is at 4.
Oct 03 16:43:06 baseweed-admin systemd[1]: Reload requested from client PID 1977 ('systemctl') (unit qemu-guest-agent.service)...
Oct 03 16:43:06 baseweed-admin systemd[1]: Reloading...
Oct 03 16:43:06 baseweed-admin qemu-ga[667]: info: guest-exec-status called, pid: 1228
Oct 03 16:43:07 baseweed-admin weston[953]: [16:43:07.053] qdwin: layer-shell mapped ns=qdshell-osd-pipewire-1 layer=3 at 2871,40 320x72
Oct 03 16:43:07 baseweed-admin dbus-run-session[1026]:   WARN qml: [20261003-164307]        Network Connectivity check error: Error: Not authorized to recheck connectivity.
Oct 03 16:43:07 baseweed-admin dbus-run-session[1026]:   INFO qml: [20261003-164307]           Font Loaded 11 fonts, 3 monospace
Oct 03 16:43:07 baseweed-admin weston[953]: [16:43:07.194] qdwin: layer-shell get_layer_surface ns=qdshell-wallpaper-Virtual-1 layer=0 output=0x556a0526e5a0
Oct 03 16:43:07 baseweed-admin weston[953]: [16:43:07.194] qdwin: layer-shell configure ns=qdshell-wallpaper-Virtual-1 layer=0 box=0,0 1920x1080 serial=17
Oct 03 16:43:07 baseweed-admin weston[953]: [16:43:07.194] qdwin: layer-shell get_layer_surface ns=qdshell-wallpaper-pipewire-0 layer=0 output=0x556a0526fb00
Oct 03 16:43:07 baseweed-admin weston[953]: [16:43:07.194] qdwin: layer-shell configure ns=qdshell-wallpaper-pipewire-0 layer=0 box=1920,0 640x480 serial=18
Oct 03 16:43:07 baseweed-admin weston[953]: [16:43:07.194] qdwin: layer-shell get_layer_surface ns=qdshell-wallpaper-pipewire-1 layer=0 output=0x556a052951f0
Oct 03 16:43:07 baseweed-admin weston[953]: [16:43:07.194] qdwin: layer-shell configure ns=qdshell-wallpaper-pipewire-1 layer=0 box=2560,0 640x480 serial=19
Oct 03 16:43:07 baseweed-admin systemd[1]: Reloading finished in 432 ms.
Oct 03 16:43:07 baseweed-admin systemd[883]: Started podman-1902.scope.
Oct 03 16:43:07 baseweed-admin systemd[883]: Started qdistro polkit authentication agent (PAM / fprintd / broker).
Oct 03 16:43:07 baseweed-admin runuser[1833]: pam_unix(runuser:session): session closed for user admin
Oct 03 16:43:07 baseweed-admin systemd[1]: Stopping qdistro session manager (user-silo lifecycle)...
Oct 03 16:43:07 baseweed-admin systemd[1]: qdistro-session-manager.service: Deactivated successfully.
Oct 03 16:43:07 baseweed-admin systemd[1]: Stopped qdistro session manager (user-silo lifecycle).
Oct 03 16:43:07 baseweed-admin systemd[1]: Starting qdistro session manager (user-silo lifecycle)...
Oct 03 16:43:07 baseweed-admin qdistro-polkit-agent[2069]: registration failed: org.freedesktop.PolicyKit1.Error.Failed: Cannot determine session the caller is in
Oct 03 16:43:07 baseweed-admin python3[2069]: qdistro-polkit-agent: registration failed: org.freedesktop.PolicyKit1.Error.Failed: Cannot determine session the caller is in
Oct 03 16:43:07 baseweed-admin systemd[883]: qdistro-polkit-agent.service: Main process exited, code=exited, status=1/FAILURE
Oct 03 16:43:07 baseweed-admin systemd[883]: qdistro-polkit-agent.service: Failed with result 'exit-code'.
Oct 03 16:43:07 baseweed-admin systemd[1]: Started qdistro session manager (user-silo lifecycle).
Oct 03 16:43:07 baseweed-admin runuser[2078]: pam_unix(runuser:session): session opened for user admin(uid=1000) by (uid=0)
Oct 03 16:43:07 baseweed-admin weston[953]: [16:43:07.593] qdwin: layer-shell mapped ns=qdshell-wallpaper-Virtual-1 layer=0 at 0,0 1920x1080
Oct 03 16:43:07 baseweed-admin systemd[883]: Started podman-2094.scope.
Oct 03 16:43:07 baseweed-admin runuser[2078]: pam_unix(runuser:session): session closed for user admin
Oct 03 16:43:07 baseweed-admin runuser[2105]: pam_unix(runuser:session): session opened for user admin(uid=1000) by (uid=0)
Oct 03 16:43:07 baseweed-admin systemd[883]: Started podman-2116.scope.
Oct 03 16:43:07 baseweed-admin runuser[2105]: pam_unix(runuser:session): session closed for user admin
Oct 03 16:43:07 baseweed-admin systemd[1]: Started [systemd-run] /usr/sbin/runuser -u admin -- env -i PATH=/usr/bin:/bin HOME=/home/admin USER=admin LOGNAME=admin XDG_RUNTIME_DIR=/run/user/1000 podman ps -a --filter label=qdistro_tier3s_token --format json.
Oct 03 16:43:07 baseweed-admin qemu-ga[667]: info: guest-exec-status called, pid: 1228
Oct 03 16:43:07 baseweed-admin runuser[2142]: pam_unix(runuser:session): session opened for user admin(uid=1000) by (uid=0)
Oct 03 16:43:07 baseweed-admin weston[953]: [16:43:07.982] qdwin: layer-shell mapped ns=qdshell-wallpaper-pipewire-0 layer=0 at 1920,0 640x480
Oct 03 16:43:08 baseweed-admin systemd[883]: Started podman-2143.scope.
Oct 03 16:43:08 baseweed-admin runuser[2142]: pam_unix(runuser:session): session closed for user admin
Oct 03 16:43:08 baseweed-admin systemd[1]: qdistro-t3s-call-2127-1-801793060.scope: Deactivated successfully.
Oct 03 16:43:08 baseweed-admin qdistro_session_manager.py[2075]: 2026-10-03 16:43:08,115 INFO qdistro_session_manager: disposable lease sweeps (TTL + proctree-empty) every 60s
Oct 03 16:43:08 baseweed-admin weston[953]: [16:43:08.311] qdwin: layer-shell mapped ns=qdshell-wallpaper-pipewire-1 layer=0 at 2560,0 640x480
Oct 03 16:43:08 baseweed-admin dbus-run-session[1026]:   WARN: Process failed to start, likely because the binary could not be found. Command: QList("bluetoothctl", "show")
Oct 03 16:43:08 baseweed-admin dbus-run-session[1026]:   WARN qml: [20261003-164308]     SystemStat No supported temperature sensor found
Oct 03 16:43:09 baseweed-admin qemu-ga[667]: info: guest-exec-status called, pid: 1228
Oct 03 16:43:09 baseweed-admin dbus-run-session[1026]:   INFO qml: [20261003-164309] DarkModeServic Resume retry - re-evaluating dark mode again
Oct 03 16:43:09 baseweed-admin dbus-run-session[1026]:   INFO qml: [20261003-164309]     NightLight Resume retry - re-applying night light again
Oct 03 16:43:10 baseweed-admin qemu-ga[667]: info: guest-exec-status called, pid: 1228
Oct 03 16:43:10 baseweed-admin dbus-run-session[1026]:   WARN: Process failed to start, likely because the binary could not be found. Command: QList("bluetoothctl", "show")
Oct 03 16:43:10 baseweed-admin systemd[883]: qdistro-polkit-agent.service: Scheduled restart job, restart counter is at 5.
Oct 03 16:43:10 baseweed-admin systemd[883]: Started qdistro polkit authentication agent (PAM / fprintd / broker).
Oct 03 16:43:10 baseweed-admin qdistro-polkit-agent[2270]: registration failed: org.freedesktop.PolicyKit1.Error.Failed: Cannot determine session the caller is in
Oct 03 16:43:10 baseweed-admin python3[2270]: qdistro-polkit-agent: registration failed: org.freedesktop.PolicyKit1.Error.Failed: Cannot determine session the caller is in
Oct 03 16:43:10 baseweed-admin systemd[883]: qdistro-polkit-agent.service: Main process exited, code=exited, status=1/FAILURE
Oct 03 16:43:10 baseweed-admin systemd[883]: qdistro-polkit-agent.service: Failed with result 'exit-code'.
Oct 03 16:43:11 baseweed-admin qemu-ga[667]: info: guest-exec-status called, pid: 1228
Oct 03 16:43:11 baseweed-admin dbus-run-session[1026]:   WARN: Process failed to start, likely because the binary could not be found. Command: QList("bluetoothctl", "show")
Oct 03 16:43:12 baseweed-admin qemu-ga[667]: info: guest-exec-status called, pid: 1228
Oct 03 16:43:13 baseweed-admin qemu-ga[667]: info: guest-exec-status called, pid: 1228
Oct 03 16:43:13 baseweed-admin dbus-run-session[1026]:   WARN: Process failed to start, likely because the binary could not be found. Command: QList("bluetoothctl", "show")
Oct 03 16:43:14 baseweed-admin systemd[883]: qdistro-polkit-agent.service: Scheduled restart job, restart counter is at 6.
Oct 03 16:43:14 baseweed-admin systemd[883]: Started qdistro polkit authentication agent (PAM / fprintd / broker).
Oct 03 16:43:14 baseweed-admin qdistro-polkit-agent[2332]: registration failed: org.freedesktop.PolicyKit1.Error.Failed: Cannot determine session the caller is in
Oct 03 16:43:14 baseweed-admin python3[2332]: qdistro-polkit-agent: registration failed: org.freedesktop.PolicyKit1.Error.Failed: Cannot determine session the caller is in
Oct 03 16:43:14 baseweed-admin systemd[883]: qdistro-polkit-agent.service: Main process exited, code=exited, status=1/FAILURE
Oct 03 16:43:14 baseweed-admin systemd[883]: qdistro-polkit-agent.service: Failed with result 'exit-code'.
Oct 03 16:43:14 baseweed-admin qemu-ga[667]: info: guest-exec-status called, pid: 1228
Oct 03 16:43:15 baseweed-admin qemu-ga[667]: info: guest-exec-status called, pid: 1228
Oct 03 16:43:15 baseweed-admin dbus-run-session[1026]:   WARN: Process failed to start, likely because the binary could not be found. Command: QList("bluetoothctl", "show")
Oct 03 16:43:16 baseweed-admin qemu-ga[667]: info: guest-exec-status called, pid: 1228
Oct 03 16:43:17 baseweed-admin dbus-run-session[1026]:   WARN: Process failed to start, likely because the binary could not be found. Command: QList("bluetoothctl", "show")
Oct 03 16:43:17 baseweed-admin qemu-ga[667]: info: guest-exec-status called, pid: 1228
Oct 03 16:43:17 baseweed-admin systemd[883]: qdistro-polkit-agent.service: Scheduled restart job, restart counter is at 7.
Oct 03 16:43:17 baseweed-admin systemd[883]: Started qdistro polkit authentication agent (PAM / fprintd / broker).
Oct 03 16:43:17 baseweed-admin qdistro-polkit-agent[2346]: registration failed: org.freedesktop.PolicyKit1.Error.Failed: Cannot determine session the caller is in
Oct 03 16:43:17 baseweed-admin python3[2346]: qdistro-polkit-agent: registration failed: org.freedesktop.PolicyKit1.Error.Failed: Cannot determine session the caller is in
Oct 03 16:43:17 baseweed-admin systemd[883]: qdistro-polkit-agent.service: Main process exited, code=exited, status=1/FAILURE
Oct 03 16:43:17 baseweed-admin systemd[883]: qdistro-polkit-agent.service: Failed with result 'exit-code'.
Oct 03 16:43:18 baseweed-admin qemu-ga[667]: info: guest-exec-status called, pid: 1228
Oct 03 16:43:19 baseweed-admin dbus-run-session[1026]:   WARN: Process failed to start, likely because the binary could not be found. Command: QList("bluetoothctl", "show")
Oct 03 16:43:19 baseweed-admin qemu-ga[667]: info: guest-exec-status called, pid: 1228
Oct 03 16:43:20 baseweed-admin dbus-run-session[1026]:   WARN qml: [20261003-164320]       Location Weather is still fetching
Oct 03 16:43:20 baseweed-admin dbus-run-session[1026]:  ERROR qml: [20261003-164320]       Location Geocoding error: 0
Oct 03 16:43:20 baseweed-admin qemu-ga[667]: info: guest-exec-status called, pid: 1228
Oct 03 16:43:20 baseweed-admin systemd[883]: qdistro-polkit-agent.service: Scheduled restart job, restart counter is at 8.
Oct 03 16:43:20 baseweed-admin systemd[883]: Started qdistro polkit authentication agent (PAM / fprintd / broker).
Oct 03 16:43:20 baseweed-admin dbus-run-session[1026]:   WARN qml: [20261003-164320]        Network Connectivity check error: Error: Not authorized to recheck connectivity.
Oct 03 16:43:20 baseweed-admin qdistro-polkit-agent[2365]: registration failed: org.freedesktop.PolicyKit1.Error.Failed: Cannot determine session the caller is in
Oct 03 16:43:20 baseweed-admin python3[2365]: qdistro-polkit-agent: registration failed: org.freedesktop.PolicyKit1.Error.Failed: Cannot determine session the caller is in
Oct 03 16:43:20 baseweed-admin systemd[883]: qdistro-polkit-agent.service: Main process exited, code=exited, status=1/FAILURE
Oct 03 16:43:20 baseweed-admin systemd[883]: qdistro-polkit-agent.service: Failed with result 'exit-code'.
Oct 03 16:43:21 baseweed-admin dbus-run-session[1026]:   WARN: Process failed to start, likely because the binary could not be found. Command: QList("bluetoothctl", "show")
Oct 03 16:43:21 baseweed-admin qemu-ga[667]: info: guest-exec-status called, pid: 1228
Oct 03 16:43:22 baseweed-admin qemu-ga[667]: info: guest-exec-status called, pid: 1228
Oct 03 16:43:23 baseweed-admin systemd[1]: wtmpdbd.service: Deactivated successfully.
Oct 03 16:43:23 baseweed-admin systemd[1]: systemd-hostnamed.service: Deactivated successfully.
Oct 03 16:43:23 baseweed-admin dbus-run-session[1026]:   WARN: Process failed to start, likely because the binary could not be found. Command: QList("bluetoothctl", "show")
Oct 03 16:43:23 baseweed-admin qemu-ga[667]: info: guest-exec-status called, pid: 1228
Oct 03 16:43:24 baseweed-admin systemd[883]: qdistro-polkit-agent.service: Scheduled restart job, restart counter is at 9.
Oct 03 16:43:24 baseweed-admin systemd[883]: Started qdistro polkit authentication agent (PAM / fprintd / broker).
Oct 03 16:43:24 baseweed-admin qdistro-polkit-agent[2397]: registration failed: org.freedesktop.PolicyKit1.Error.Failed: Cannot determine session the caller is in
Oct 03 16:43:24 baseweed-admin python3[2397]: qdistro-polkit-agent: registration failed: org.freedesktop.PolicyKit1.Error.Failed: Cannot determine session the caller is in
Oct 03 16:43:24 baseweed-admin systemd[883]: qdistro-polkit-agent.service: Main process exited, code=exited, status=1/FAILURE
Oct 03 16:43:24 baseweed-admin systemd[883]: qdistro-polkit-agent.service: Failed with result 'exit-code'.
Oct 03 16:43:24 baseweed-admin qemu-ga[667]: info: guest-exec-status called, pid: 1228
Oct 03 16:43:25 baseweed-admin dbus-run-session[1026]:   WARN: Process failed to start, likely because the binary could not be found. Command: QList("bluetoothctl", "show")
Oct 03 16:43:25 baseweed-admin qemu-ga[667]: info: guest-exec-status called, pid: 1228
Oct 03 16:43:26 baseweed-admin qemu-ga[667]: info: guest-exec-status called, pid: 1228
Oct 03 16:43:27 baseweed-admin dbus-run-session[1026]:   WARN: Process failed to start, likely because the binary could not be found. Command: QList("bluetoothctl", "show")
Oct 03 16:43:27 baseweed-admin systemd[883]: qdistro-polkit-agent.service: Scheduled restart job, restart counter is at 10.
Oct 03 16:43:27 baseweed-admin systemd[883]: Started qdistro polkit authentication agent (PAM / fprintd / broker).
Oct 03 16:43:27 baseweed-admin qdistro-polkit-agent[2412]: registration failed: org.freedesktop.PolicyKit1.Error.Failed: Cannot determine session the caller is in
Oct 03 16:43:27 baseweed-admin python3[2412]: qdistro-polkit-agent: registration failed: org.freedesktop.PolicyKit1.Error.Failed: Cannot determine session the caller is in
Oct 03 16:43:27 baseweed-admin systemd[883]: qdistro-polkit-agent.service: Main process exited, code=exited, status=1/FAILURE
Oct 03 16:43:27 baseweed-admin systemd[883]: qdistro-polkit-agent.service: Failed with result 'exit-code'.
Oct 03 16:43:27 baseweed-admin qemu-ga[667]: info: guest-exec-status called, pid: 1228
Oct 03 16:43:29 baseweed-admin qemu-ga[667]: info: guest-exec-status called, pid: 1228
Oct 03 16:43:29 baseweed-admin dbus-run-session[1026]:   WARN: Process failed to start, likely because the binary could not be found. Command: QList("bluetoothctl", "show")
Oct 03 16:43:30 baseweed-admin qemu-ga[667]: info: guest-exec-status called, pid: 1228
Oct 03 16:43:30 baseweed-admin dbus-run-session[1026]:   INFO qml: [20261003-164330]        PodApps cache refresh loaded 0 apps
Oct 03 16:43:30 baseweed-admin systemd[883]: qdistro-polkit-agent.service: Scheduled restart job, restart counter is at 11.
Oct 03 16:43:30 baseweed-admin systemd[883]: Started qdistro polkit authentication agent (PAM / fprintd / broker).
Oct 03 16:43:31 baseweed-admin qdistro-polkit-agent[2431]: registration failed: org.freedesktop.PolicyKit1.Error.Failed: Cannot determine session the caller is in
Oct 03 16:43:31 baseweed-admin python3[2431]: qdistro-polkit-agent: registration failed: org.freedesktop.PolicyKit1.Error.Failed: Cannot determine session the caller is in
Oct 03 16:43:31 baseweed-admin systemd[883]: qdistro-polkit-agent.service: Main process exited, code=exited, status=1/FAILURE
Oct 03 16:43:31 baseweed-admin systemd[883]: qdistro-polkit-agent.service: Failed with result 'exit-code'.
Oct 03 16:43:31 baseweed-admin qemu-ga[667]: info: guest-exec-status called, pid: 1228
Oct 03 16:43:31 baseweed-admin dbus-run-session[1026]:   WARN: Process failed to start, likely because the binary could not be found. Command: QList("bluetoothctl", "show")
Oct 03 16:43:32 baseweed-admin qemu-ga[667]: info: guest-exec-status called, pid: 1228
Oct 03 16:43:33 baseweed-admin qemu-ga[667]: info: guest-exec-status called, pid: 1228
Oct 03 16:43:33 baseweed-admin dbus-run-session[1026]:   WARN: Process failed to start, likely because the binary could not be found. Command: QList("bluetoothctl", "show")
Oct 03 16:43:34 baseweed-admin systemd[883]: qdistro-polkit-agent.service: Scheduled restart job, restart counter is at 12.
Oct 03 16:43:34 baseweed-admin systemd[883]: Started qdistro polkit authentication agent (PAM / fprintd / broker).
Oct 03 16:43:34 baseweed-admin qemu-ga[667]: info: guest-exec-status called, pid: 1228
Oct 03 16:43:34 baseweed-admin qdistro-polkit-agent[2446]: registration failed: org.freedesktop.PolicyKit1.Error.Failed: Cannot determine session the caller is in
Oct 03 16:43:34 baseweed-admin python3[2446]: qdistro-polkit-agent: registration failed: org.freedesktop.PolicyKit1.Error.Failed: Cannot determine session the caller is in
Oct 03 16:43:34 baseweed-admin systemd[883]: qdistro-polkit-agent.service: Main process exited, code=exited, status=1/FAILURE
Oct 03 16:43:34 baseweed-admin systemd[883]: qdistro-polkit-agent.service: Failed with result 'exit-code'.
Oct 03 16:43:35 baseweed-admin qemu-ga[667]: info: guest-exec-status called, pid: 1228
Oct 03 16:43:35 baseweed-admin dbus-run-session[1026]:   WARN: Process failed to start, likely because the binary could not be found. Command: QList("bluetoothctl", "show")
Oct 03 16:43:35 baseweed-admin dbus-run-session[1026]:   WARN qml: [20261003-164335]        Network Connectivity check error: Error: Not authorized to recheck connectivity.
Oct 03 16:43:36 baseweed-admin qemu-ga[667]: info: guest-exec-status called, pid: 1228
Oct 03 16:43:37 baseweed-admin dbus-run-session[1026]:   WARN: Process failed to start, likely because the binary could not be found. Command: QList("bluetoothctl", "show")
Oct 03 16:43:37 baseweed-admin qemu-ga[667]: info: guest-exec-status called, pid: 1228
Oct 03 16:43:37 baseweed-admin systemd[883]: qdistro-polkit-agent.service: Scheduled restart job, restart counter is at 13.
Oct 03 16:43:37 baseweed-admin systemd[883]: Started qdistro polkit authentication agent (PAM / fprintd / broker).
Oct 03 16:43:37 baseweed-admin qdistro-polkit-agent[2486]: registration failed: org.freedesktop.PolicyKit1.Error.Failed: Cannot determine session the caller is in
Oct 03 16:43:37 baseweed-admin python3[2486]: qdistro-polkit-agent: registration failed: org.freedesktop.PolicyKit1.Error.Failed: Cannot determine session the caller is in
Oct 03 16:43:37 baseweed-admin systemd[883]: qdistro-polkit-agent.service: Main process exited, code=exited, status=1/FAILURE
Oct 03 16:43:37 baseweed-admin systemd[883]: qdistro-polkit-agent.service: Failed with result 'exit-code'.
Oct 03 16:43:38 baseweed-admin qemu-ga[667]: info: guest-exec-status called, pid: 1228
Oct 03 16:43:39 baseweed-admin dbus-run-session[1026]:   WARN: Process failed to start, likely because the binary could not be found. Command: QList("bluetoothctl", "show")
Oct 03 16:43:39 baseweed-admin qemu-ga[667]: info: guest-exec-status called, pid: 1228
Oct 03 16:43:40 baseweed-admin dbus-run-session[1026]:   WARN qml: [20261003-164340]       Location Weather is still fetching
Oct 03 16:43:40 baseweed-admin dbus-run-session[1026]:  ERROR qml: [20261003-164340]       Location Geocoding error: 0
Oct 03 16:43:40 baseweed-admin qemu-ga[667]: info: guest-exec-status called, pid: 1228
Oct 03 16:43:41 baseweed-admin systemd[883]: qdistro-polkit-agent.service: Scheduled restart job, restart counter is at 14.
Oct 03 16:43:41 baseweed-admin systemd[883]: Started qdistro polkit authentication agent (PAM / fprintd / broker).
Oct 03 16:43:41 baseweed-admin runuser[2706]: pam_unix(runuser:session): session opened for user admin(uid=1000) by (uid=0)
Oct 03 16:43:41 baseweed-admin runuser[2706]: pam_unix(runuser:session): session closed for user admin
Oct 03 16:43:41 baseweed-admin runuser[2715]: pam_unix(runuser:session): session opened for user admin(uid=1000) by (uid=0)
Oct 03 16:43:41 baseweed-admin systemd[883]: selinux: avc:  denied  { start } for auid=n/a uid=1000 gid=1000 cmdline="podman image exists localhost/tier3s-probe:empty" function="method_start_transient_unit" scontext=system_u:system_r:virt_qemu_ga_t:s0 tcontext=unconfined_u:unconfined_r:unconfined_t:s0-s0:c0.c1023 tclass=system permissive=1
Oct 03 16:43:41 baseweed-admin systemd[883]: Started podman-2716.scope.
Oct 03 16:43:41 baseweed-admin runuser[2715]: pam_unix(runuser:session): session closed for user admin
Oct 03 16:43:41 baseweed-admin qdistro-polkit-agent[2666]: registration failed: org.freedesktop.PolicyKit1.Error.Failed: Cannot determine session the caller is in
Oct 03 16:43:41 baseweed-admin python3[2666]: qdistro-polkit-agent: registration failed: org.freedesktop.PolicyKit1.Error.Failed: Cannot determine session the caller is in
Oct 03 16:43:41 baseweed-admin runuser[2728]: pam_unix(runuser:session): session opened for user admin(uid=1000) by (uid=0)
Oct 03 16:43:41 baseweed-admin systemd[883]: qdistro-polkit-agent.service: Main process exited, code=exited, status=1/FAILURE
Oct 03 16:43:41 baseweed-admin systemd[883]: qdistro-polkit-agent.service: Failed with result 'exit-code'.
Oct 03 16:43:41 baseweed-admin systemd[883]: Started podman-2729.scope.
Oct 03 16:43:41 baseweed-admin dbus-run-session[1026]:   WARN: Process failed to start, likely because the binary could not be found. Command: QList("bluetoothctl", "show")
Oct 03 16:43:41 baseweed-admin qemu-ga[667]: info: guest-exec-status called, pid: 1228
Oct 03 16:43:41 baseweed-admin podman[2729]: 2026-10-03 16:43:41.847365338 +0000 UTC m=+0.668022051 image tag dde1fe445e015d13c30998e5738d1d2a2882f73f0d060ab061c6d5af79ca838f localhost/tier3s-probe:empty
Oct 03 16:43:41 baseweed-admin runuser[2728]: pam_unix(runuser:session): session closed for user admin
Oct 03 16:43:41 baseweed-admin runuser[2752]: pam_unix(runuser:session): session opened for user admin(uid=1000) by (uid=0)
Oct 03 16:43:41 baseweed-admin systemd[883]: Started podman-2753.scope.
Oct 03 16:43:41 baseweed-admin podman[2753]: 2026-10-03 16:43:41.906252825 +0000 UTC m=+0.030142913 image pull dde1fe445e015d13c30998e5738d1d2a2882f73f0d060ab061c6d5af79ca838f localhost/tier3s-probe:empty
Oct 03 16:43:42 baseweed-admin qemu-ga[667]: info: guest-exec-status called, pid: 1228
Oct 03 16:43:42 baseweed-admin podman[2753]: 2026-10-03 16:43:42.973655732 +0000 UTC m=+1.097545790 container create 9b2fd838670dfc458ccc88076b7ab0ce97c7aaf2f6568267c83c6341976c181b (image=localhost/tier3s-probe:empty, name=tier3s-probe-2578)
Oct 03 16:43:42 baseweed-admin runuser[2752]: pam_unix(runuser:session): session closed for user admin
Oct 03 16:43:42 baseweed-admin runuser[2773]: pam_unix(runuser:session): session opened for user admin(uid=1000) by (uid=0)
Oct 03 16:43:43 baseweed-admin systemd[883]: Started podman-2774.scope.
Oct 03 16:43:43 baseweed-admin runuser[2773]: pam_unix(runuser:session): session closed for user admin
Oct 03 16:43:43 baseweed-admin runuser[2784]: pam_unix(runuser:session): session opened for user admin(uid=1000) by (uid=0)
Oct 03 16:43:43 baseweed-admin systemd[883]: Started podman-2785.scope.
Oct 03 16:43:43 baseweed-admin runuser[2784]: pam_unix(runuser:session): session closed for user admin
Oct 03 16:43:43 baseweed-admin runuser[2794]: pam_unix(runuser:session): session opened for user admin(uid=1000) by (uid=0)
Oct 03 16:43:43 baseweed-admin systemd[883]: Started podman-2795.scope.
Oct 03 16:43:43 baseweed-admin dbus-run-session[1026]:   WARN: Process failed to start, likely because the binary could not be found. Command: QList("bluetoothctl", "show")
Oct 03 16:43:43 baseweed-admin qemu-ga[667]: info: guest-exec-status called, pid: 1228
Oct 03 16:43:44 baseweed-admin podman[2795]: 2026-10-03 16:43:44.051643653 +0000 UTC m=+0.963447670 container remove 9b2fd838670dfc458ccc88076b7ab0ce97c7aaf2f6568267c83c6341976c181b (image=localhost/tier3s-probe:empty, name=tier3s-probe-2578)
Oct 03 16:43:44 baseweed-admin runuser[2794]: pam_unix(runuser:session): session closed for user admin
Oct 03 16:43:44 baseweed-admin systemd[883]: qdistro-polkit-agent.service: Scheduled restart job, restart counter is at 15.
Oct 03 16:43:44 baseweed-admin systemd[883]: Started qdistro polkit authentication agent (PAM / fprintd / broker).
Oct 03 16:43:44 baseweed-admin qdistro-polkit-agent[2825]: registration failed: org.freedesktop.PolicyKit1.Error.Failed: Cannot determine session the caller is in
Oct 03 16:43:44 baseweed-admin python3[2825]: qdistro-polkit-agent: registration failed: org.freedesktop.PolicyKit1.Error.Failed: Cannot determine session the caller is in
Oct 03 16:43:44 baseweed-admin systemd[883]: qdistro-polkit-agent.service: Main process exited, code=exited, status=1/FAILURE
Oct 03 16:43:44 baseweed-admin systemd[883]: qdistro-polkit-agent.service: Failed with result 'exit-code'.
Oct 03 16:43:44 baseweed-admin runuser[2865]: pam_unix(runuser:session): session opened for user admin(uid=1000) by (uid=0)
Oct 03 16:43:44 baseweed-admin systemd[883]: Started podman-2866.scope.
Oct 03 16:43:44 baseweed-admin runuser[2865]: pam_unix(runuser:session): session closed for user admin
Oct 03 16:43:44 baseweed-admin runuser[2876]: pam_unix(runuser:session): session opened for user admin(uid=1000) by (uid=0)
Oct 03 16:43:44 baseweed-admin systemd[883]: Started podman-2877.scope.
Oct 03 16:43:44 baseweed-admin qemu-ga[667]: info: guest-exec-status called, pid: 1228
Oct 03 16:43:45 baseweed-admin dbus-run-session[1026]:   WARN: Process failed to start, likely because the binary could not be found. Command: QList("bluetoothctl", "show")
Oct 03 16:43:45 baseweed-admin qemu-ga[667]: info: guest-exec-status called, pid: 1228
Oct 03 16:43:46 baseweed-admin qemu-ga[667]: info: guest-exec-status called, pid: 1228
Oct 03 16:43:47 baseweed-admin dbus-run-session[1026]:   WARN: Process failed to start, likely because the binary could not be found. Command: QList("bluetoothctl", "show")
Oct 03 16:43:47 baseweed-admin systemd[883]: qdistro-polkit-agent.service: Scheduled restart job, restart counter is at 16.
Oct 03 16:43:47 baseweed-admin systemd[883]: Started qdistro polkit authentication agent (PAM / fprintd / broker).
Oct 03 16:43:47 baseweed-admin qdistro-polkit-agent[2921]: registration failed: org.freedesktop.PolicyKit1.Error.Failed: Cannot determine session the caller is in
Oct 03 16:43:47 baseweed-admin python3[2921]: qdistro-polkit-agent: registration failed: org.freedesktop.PolicyKit1.Error.Failed: Cannot determine session the caller is in
Oct 03 16:43:47 baseweed-admin systemd[883]: qdistro-polkit-agent.service: Main process exited, code=exited, status=1/FAILURE
Oct 03 16:43:47 baseweed-admin systemd[883]: qdistro-polkit-agent.service: Failed with result 'exit-code'.
Oct 03 16:43:48 baseweed-admin qemu-ga[667]: info: guest-exec-status called, pid: 1228
Oct 03 16:43:49 baseweed-admin qemu-ga[667]: info: guest-exec-status called, pid: 1228
Oct 03 16:43:49 baseweed-admin dbus-run-session[1026]:   WARN: Process failed to start, likely because the binary could not be found. Command: QList("bluetoothctl", "show")
Oct 03 16:43:50 baseweed-admin qemu-ga[667]: info: guest-exec-status called, pid: 1228
Oct 03 16:43:50 baseweed-admin systemd[883]: qdistro-polkit-agent.service: Scheduled restart job, restart counter is at 17.
Oct 03 16:43:50 baseweed-admin systemd[883]: Started qdistro polkit authentication agent (PAM / fprintd / broker).
Oct 03 16:43:50 baseweed-admin dbus-run-session[1026]:   WARN qml: [20261003-164350]        Network Connectivity check error: Error: Not authorized to recheck connectivity.
Oct 03 16:43:50 baseweed-admin qdistro-polkit-agent[3017]: registration failed: org.freedesktop.PolicyKit1.Error.Failed: Cannot determine session the caller is in
Oct 03 16:43:50 baseweed-admin python3[3017]: qdistro-polkit-agent: registration failed: org.freedesktop.PolicyKit1.Error.Failed: Cannot determine session the caller is in
Oct 03 16:43:51 baseweed-admin systemd[883]: qdistro-polkit-agent.service: Main process exited, code=exited, status=1/FAILURE
Oct 03 16:43:51 baseweed-admin systemd[883]: qdistro-polkit-agent.service: Failed with result 'exit-code'.
Oct 03 16:43:51 baseweed-admin qemu-ga[667]: info: guest-exec-status called, pid: 1228
Oct 03 16:43:51 baseweed-admin podman[2877]: 2026-10-03 16:43:51.395389478 +0000 UTC m=+6.767193973 image loadfromarchive 1eee52a21ad86f065d227988b4ff8e279fe838e4ed84ee77f2aed0d372deae92 /var/tmp/t3s-img/image.oci.tar
Oct 03 16:43:51 baseweed-admin runuser[2876]: pam_unix(runuser:session): session closed for user admin
Oct 03 16:43:51 baseweed-admin systemd[883]: podman-2877.scope: Consumed 3.310s CPU time over 6.741s wall clock time.
Oct 03 16:43:51 baseweed-admin dbus-run-session[1026]:   WARN: Process failed to start, likely because the binary could not be found. Command: QList("bluetoothctl", "show")
Oct 03 16:43:51 baseweed-admin runuser[3057]: pam_unix(runuser:session): session opened for user admin(uid=1000) by (uid=0)
Oct 03 16:43:51 baseweed-admin systemd[883]: Started podman-3058.scope.
Oct 03 16:43:51 baseweed-admin runuser[3057]: pam_unix(runuser:session): session closed for user admin
Oct 03 16:43:51 baseweed-admin runuser[3069]: pam_unix(runuser:session): session opened for user admin(uid=1000) by (uid=0)
Oct 03 16:43:51 baseweed-admin systemd[883]: Started podman-3070.scope.
Oct 03 16:43:51 baseweed-admin runuser[3069]: pam_unix(runuser:session): session closed for user admin
Oct 03 16:43:51 baseweed-admin runuser[3080]: pam_unix(runuser:session): session opened for user admin(uid=1000) by (uid=0)
Oct 03 16:43:51 baseweed-admin systemd[883]: Started podman-3081.scope.
Oct 03 16:43:51 baseweed-admin runuser[3080]: pam_unix(runuser:session): session closed for user admin
Oct 03 16:43:52 baseweed-admin qemu-ga[667]: info: guest-exec-status called, pid: 1228
Oct 03 16:43:52 baseweed-admin runuser[3100]: pam_unix(runuser:session): session opened for user admin(uid=1000) by (uid=0)
Oct 03 16:43:52 baseweed-admin systemd[883]: Started podman-3101.scope.
Oct 03 16:43:52 baseweed-admin runuser[3100]: pam_unix(runuser:session): session closed for user admin
Oct 03 16:43:52 baseweed-admin runuser[3111]: pam_unix(runuser:session): session opened for user admin(uid=1000) by (uid=0)
Oct 03 16:43:52 baseweed-admin systemd[883]: Started podman-3112.scope.
Oct 03 16:43:53 baseweed-admin qemu-ga[667]: info: guest-exec-status called, pid: 1228
Oct 03 16:43:53 baseweed-admin dbus-run-session[1026]:   WARN: Process failed to start, likely because the binary could not be found. Command: QList("bluetoothctl", "show")
Oct 03 16:43:54 baseweed-admin systemd[883]: qdistro-polkit-agent.service: Scheduled restart job, restart counter is at 18.
Oct 03 16:43:54 baseweed-admin systemd[883]: Started qdistro polkit authentication agent (PAM / fprintd / broker).
Oct 03 16:43:54 baseweed-admin qdistro-polkit-agent[3166]: registration failed: org.freedesktop.PolicyKit1.Error.Failed: Cannot determine session the caller is in
Oct 03 16:43:54 baseweed-admin qemu-ga[667]: info: guest-exec-status called, pid: 1228
Oct 03 16:43:54 baseweed-admin systemd[883]: qdistro-polkit-agent.service: Main process exited, code=exited, status=1/FAILURE
Oct 03 16:43:54 baseweed-admin python3[3166]: qdistro-polkit-agent: registration failed: org.freedesktop.PolicyKit1.Error.Failed: Cannot determine session the caller is in
Oct 03 16:43:54 baseweed-admin systemd[883]: qdistro-polkit-agent.service: Failed with result 'exit-code'.
Oct 03 16:43:55 baseweed-admin dbus-run-session[1026]:   WARN: Process failed to start, likely because the binary could not be found. Command: QList("bluetoothctl", "show")
Oct 03 16:43:55 baseweed-admin qemu-ga[667]: info: guest-exec-status called, pid: 1228
Oct 03 16:43:56 baseweed-admin qemu-ga[667]: info: guest-exec-status called, pid: 1228
Oct 03 16:43:57 baseweed-admin dbus-run-session[1026]:   WARN: Process failed to start, likely because the binary could not be found. Command: QList("bluetoothctl", "show")
Oct 03 16:43:57 baseweed-admin qemu-ga[667]: info: guest-exec-status called, pid: 1228
Oct 03 16:43:57 baseweed-admin systemd[883]: qdistro-polkit-agent.service: Scheduled restart job, restart counter is at 19.
Oct 03 16:43:57 baseweed-admin systemd[883]: Started qdistro polkit authentication agent (PAM / fprintd / broker).
Oct 03 16:43:57 baseweed-admin qdistro-polkit-agent[3204]: registration failed: org.freedesktop.PolicyKit1.Error.Failed: Cannot determine session the caller is in
Oct 03 16:43:57 baseweed-admin python3[3204]: qdistro-polkit-agent: registration failed: org.freedesktop.PolicyKit1.Error.Failed: Cannot determine session the caller is in
Oct 03 16:43:57 baseweed-admin systemd[883]: qdistro-polkit-agent.service: Main process exited, code=exited, status=1/FAILURE
Oct 03 16:43:57 baseweed-admin systemd[883]: qdistro-polkit-agent.service: Failed with result 'exit-code'.
Oct 03 16:43:58 baseweed-admin qemu-ga[667]: info: guest-exec-status called, pid: 1228
Oct 03 16:43:59 baseweed-admin dbus-run-session[1026]:   WARN: Process failed to start, likely because the binary could not be found. Command: QList("bluetoothctl", "show")
Oct 03 16:43:59 baseweed-admin qemu-ga[667]: info: guest-exec-status called, pid: 1228
Oct 03 16:44:00 baseweed-admin dbus-run-session[1026]:   WARN qml: [20261003-164400]       Location Weather is still fetching
Oct 03 16:44:00 baseweed-admin dbus-run-session[1026]:  ERROR qml: [20261003-164400]       Location Geocoding error: 0
Oct 03 16:44:00 baseweed-admin dbus-run-session[1026]:   INFO qml: [20261003-164400]        PodApps cache refresh loaded 0 apps
Oct 03 16:44:00 baseweed-admin qemu-ga[667]: info: guest-exec-status called, pid: 1228
Oct 03 16:44:00 baseweed-admin systemd[883]: qdistro-polkit-agent.service: Scheduled restart job, restart counter is at 20.
Oct 03 16:44:03 baseweed-admin dbus-run-session[1026]:   WARN: Process failed to start, likely because the binary could not be found. Command: QList("bluetoothctl", "show")
Oct 03 16:44:03 baseweed-admin dbus-run-session[1026]:   WARN: Process failed to start, likely because the binary could not be found. Command: QList("bluetoothctl", "show")
Oct 03 16:44:00 baseweed-admin systemd[883]: Started qdistro polkit authentication agent (PAM / fprintd / broker).
Oct 03 16:44:00 baseweed-admin qdistro-polkit-agent[3255]: registration failed: org.freedesktop.PolicyKit1.Error.Failed: Cannot determine session the caller is in
Oct 03 16:44:03 baseweed-admin python3[3255]: qdistro-polkit-agent: registration failed: org.freedesktop.PolicyKit1.Error.Failed: Cannot determine session the caller is in
Oct 03 16:44:00 baseweed-admin systemd[883]: qdistro-polkit-agent.service: Main process exited, code=exited, status=1/FAILURE
Oct 03 16:44:01 baseweed-admin qemu-ga[667]: info: guest-exec-status called, pid: 1228
Oct 03 16:44:00 baseweed-admin systemd[883]: qdistro-polkit-agent.service: Failed with result 'exit-code'.
Oct 03 16:44:02 baseweed-admin qemu-ga[667]: info: guest-exec-status called, pid: 1228
Oct 03 16:44:03 baseweed-admin qemu-ga[667]: info: guest-exec-status called, pid: 1228
Oct 03 16:44:04 baseweed-admin systemd[883]: qdistro-polkit-agent.service: Scheduled restart job, restart counter is at 21.
Oct 03 16:44:04 baseweed-admin systemd[883]: Started qdistro polkit authentication agent (PAM / fprintd / broker).
Oct 03 16:44:04 baseweed-admin qdistro-polkit-agent[3270]: registration failed: org.freedesktop.PolicyKit1.Error.Failed: Cannot determine session the caller is in
Oct 03 16:44:04 baseweed-admin python3[3270]: qdistro-polkit-agent: registration failed: org.freedesktop.PolicyKit1.Error.Failed: Cannot determine session the caller is in
Oct 03 16:44:04 baseweed-admin systemd[883]: qdistro-polkit-agent.service: Main process exited, code=exited, status=1/FAILURE
Oct 03 16:44:04 baseweed-admin systemd[883]: qdistro-polkit-agent.service: Failed with result 'exit-code'.
Oct 03 16:44:04 baseweed-admin chronyd[749]: Selected source 92.62.231.58 (2.opensuse.pool.ntp.org)
Oct 03 16:44:04 baseweed-admin qemu-ga[667]: info: guest-exec-status called, pid: 1228
Oct 03 16:44:05 baseweed-admin dbus-run-session[1026]:   WARN: Process failed to start, likely because the binary could not be found. Command: QList("bluetoothctl", "show")
Oct 03 16:44:05 baseweed-admin podman[3112]: 2026-10-03 16:44:05.456802748 +0000 UTC m=+12.791928567 image loadfromarchive c1cfa112ea7171ba1c62d14d9adda09e40b530bd9f5b3e76cfaf4e29ff0b345e /var/tmp/t3s-img/tier3s-weston-terminal.oci.tar
Oct 03 16:44:05 baseweed-admin runuser[3111]: pam_unix(runuser:session): session closed for user admin
Oct 03 16:44:05 baseweed-admin runuser[3326]: pam_unix(runuser:session): session opened for user admin(uid=1000) by (uid=0)
Oct 03 16:44:05 baseweed-admin systemd[883]: podman-3112.scope: Consumed 11.124s CPU time over 12.771s wall clock time.
Oct 03 16:44:05 baseweed-admin systemd[883]: Started podman-3327.scope.
Oct 03 16:44:05 baseweed-admin runuser[3326]: pam_unix(runuser:session): session closed for user admin
Oct 03 16:44:05 baseweed-admin runuser[3338]: pam_unix(runuser:session): session opened for user admin(uid=1000) by (uid=0)
Oct 03 16:44:05 baseweed-admin systemd[883]: Started podman-3339.scope.
Oct 03 16:44:05 baseweed-admin runuser[3338]: pam_unix(runuser:session): session closed for user admin
Oct 03 16:44:05 baseweed-admin runuser[3349]: pam_unix(runuser:session): session opened for user admin(uid=1000) by (uid=0)
Oct 03 16:44:05 baseweed-admin systemd[883]: Started podman-3350.scope.
Oct 03 16:44:05 baseweed-admin runuser[3349]: pam_unix(runuser:session): session closed for user admin
Oct 03 16:44:05 baseweed-admin runuser[3363]: pam_unix(runuser:session): session opened for user admin(uid=1000) by (uid=0)
Oct 03 16:44:05 baseweed-admin systemd[883]: selinux: avc:  denied  { status } for auid=n/a uid=1000 gid=1000 path="/home/admin/.config/systemd/user/qdshell.service" cmdline="" function="mac_selinux_filter" scontext=system_u:system_r:virt_qemu_ga_t:s0 tcontext=system_u:object_r:config_home_t:s0 tclass=service permissive=1
Oct 03 16:44:05 baseweed-admin runuser[3363]: pam_unix(runuser:session): session closed for user admin
Oct 03 16:44:05 baseweed-admin runuser[3372]: pam_unix(runuser:session): session opened for user admin(uid=1000) by (uid=0)
Oct 03 16:44:05 baseweed-admin runuser[3372]: pam_unix(runuser:session): session closed for user admin
Oct 03 16:44:05 baseweed-admin runuser[3375]: pam_unix(runuser:session): session opened for user admin(uid=1000) by (uid=0)
Oct 03 16:44:05 baseweed-admin runuser[3375]: pam_unix(runuser:session): session closed for user admin
Oct 03 16:44:05 baseweed-admin runuser[3379]: pam_unix(runuser:session): session opened for user admin(uid=1000) by (uid=0)
Oct 03 16:44:05 baseweed-admin runuser[3379]: pam_unix(runuser:session): session closed for user admin
Oct 03 16:44:05 baseweed-admin runuser[3386]: pam_unix(runuser:session): session opened for user admin(uid=1000) by (uid=0)
Oct 03 16:44:05 baseweed-admin runuser[3386]: pam_unix(runuser:session): session closed for user admin
Oct 03 16:44:05 baseweed-admin runuser[3389]: pam_unix(runuser:session): session opened for user admin(uid=1000) by (uid=0)
Oct 03 16:44:05 baseweed-admin runuser[3389]: pam_unix(runuser:session): session closed for user admin
Oct 03 16:44:05 baseweed-admin runuser[3396]: pam_unix(runuser:session): session opened for user admin(uid=1000) by (uid=0)
Oct 03 16:44:05 baseweed-admin runuser[3396]: pam_unix(runuser:session): session closed for user admin
Oct 03 16:44:05 baseweed-admin dbus-run-session[1026]:   WARN qml: [20261003-164405]        Network Connectivity check error: Error: Not authorized to recheck connectivity.
Oct 03 16:44:05 baseweed-admin qemu-ga[667]: info: guest-exec-status called, pid: 1228
Oct 03 16:44:05 baseweed-admin qdistro_admin_broker.py[701]: [broker] rules reloaded (inotify): 1 rule(s), 0 error(s)
Oct 03 16:44:06 baseweed-admin runuser[3426]: pam_unix(runuser:session): session opened for user admin(uid=1000) by (uid=0)
Oct 03 16:44:06 baseweed-admin runuser[3426]: pam_unix(runuser:session): session closed for user admin
Oct 03 16:44:06 baseweed-admin runuser[3430]: pam_unix(runuser:session): session opened for user admin(uid=1000) by (uid=0)
Oct 03 16:44:06 baseweed-admin runuser[3430]: pam_unix(runuser:session): session closed for user admin
Oct 03 16:44:06 baseweed-admin runuser[3457]: pam_unix(runuser:session): session opened for user admin(uid=1000) by (uid=0)
Oct 03 16:44:06 baseweed-admin systemd[883]: Started podman-3458.scope.
Oct 03 16:44:06 baseweed-admin runuser[3457]: pam_unix(runuser:session): session closed for user admin
Oct 03 16:44:06 baseweed-admin qemu-ga[667]: info: guest-exec-status called, pid: 1228
Oct 03 16:44:07 baseweed-admin qemu-ga[667]: info: guest-exec called: "/bin/sh -c cd /var/tmp/t3s-dl && for f in tier3s-guest-lib.sh s123-tier3s-waypipe.sh; do curl -fsS -o $f http://10.0.2.2:40355/$f || exit 97; done && bash s123-tier3s-waypipe.sh"
Oct 03 16:44:07 baseweed-admin qemu-ga[667]: info: guest-exec called: "/bin/sh -c qd_startof() {
                                               awk 'match($0,/\)[^)]*$/){s=substr($0,RSTART+2);split(s,f," ");print f[20]}' "/proc/$1/stat" 2>/dev/null
                                             }
                                             qd_ident_s=$(qd_startof 3867)
                                             # The guest's boot id rides along: a (pid, start time) pair is unique only
                                             # WITHIN one boot, and the orphan registry must never match it against a later
                                             # incarnation of the same VM name. "boot=" with nothing after it means the id
                                             # was unreadable; the host then does not register the command.
                                             qd_ident_b=$(cat /proc/sys/kernel/random/boot_id 2>/dev/null)
                                             if [ -n "$qd_ident_s" ]; then printf 'start=%s boot=%s\n' "$qd_ident_s" "$qd_ident_b"; else printf 'gone\n'; fi"
Oct 03 16:44:07 baseweed-admin qemu-ga[667]: info: guest-exec-status called, pid: 3891
Oct 03 16:44:07 baseweed-admin qemu-ga[667]: info: guest-exec-status called, pid: 3867
Oct 03 16:44:07 baseweed-admin systemd[883]: qdistro-polkit-agent.service: Scheduled restart job, restart counter is at 22.
Oct 03 16:44:07 baseweed-admin systemd[883]: Started qdistro polkit authentication agent (PAM / fprintd / broker).
Oct 03 16:44:07 baseweed-admin dbus-run-session[1026]:   WARN: Process failed to start, likely because the binary could not be found. Command: QList("bluetoothctl", "show")
Oct 03 16:44:07 baseweed-admin qdistro-polkit-agent[3954]: registration failed: org.freedesktop.PolicyKit1.Error.Failed: Cannot determine session the caller is in
Oct 03 16:44:07 baseweed-admin python3[3954]: qdistro-polkit-agent: registration failed: org.freedesktop.PolicyKit1.Error.Failed: Cannot determine session the caller is in
Oct 03 16:44:07 baseweed-admin systemd[883]: qdistro-polkit-agent.service: Main process exited, code=exited, status=1/FAILURE
Oct 03 16:44:07 baseweed-admin systemd[883]: qdistro-polkit-agent.service: Failed with result 'exit-code'.
Oct 03 16:44:07 baseweed-admin runuser[4010]: pam_unix(runuser:session): session opened for user admin(uid=1000) by (uid=0)
Oct 03 16:44:07 baseweed-admin runuser[4010]: pam_unix(runuser:session): session closed for user admin
Oct 03 16:44:07 baseweed-admin runuser[4019]: pam_unix(runuser:session): session opened for user admin(uid=1000) by (uid=0)
Oct 03 16:44:07 baseweed-admin systemd[883]: Started podman-4020.scope.
Oct 03 16:44:07 baseweed-admin runuser[4019]: pam_unix(runuser:session): session closed for user admin
Oct 03 16:44:07 baseweed-admin runuser[4030]: pam_unix(runuser:session): session opened for user admin(uid=1000) by (uid=0)
Oct 03 16:44:07 baseweed-admin systemd[883]: Started podman-4031.scope.
Oct 03 16:44:08 baseweed-admin podman[4031]: 2026-10-03 16:44:08.017158226 +0000 UTC m=+0.073644952 container create aae9d5f874870da9ddd641266598f1358153b1270548e9fae27f93115ae2f6f4 (image=localhost/tier3s-probe:empty, name=tier3s-probe-3874)
Oct 03 16:44:08 baseweed-admin podman[4031]: 2026-10-03 16:44:07.972191141 +0000 UTC m=+0.028677876 image pull dde1fe445e015d13c30998e5738d1d2a2882f73f0d060ab061c6d5af79ca838f localhost/tier3s-probe:empty
Oct 03 16:44:08 baseweed-admin runuser[4030]: pam_unix(runuser:session): session closed for user admin
Oct 03 16:44:08 baseweed-admin runuser[4041]: pam_unix(runuser:session): session opened for user admin(uid=1000) by (uid=0)
Oct 03 16:44:08 baseweed-admin systemd[883]: Started podman-4042.scope.
Oct 03 16:44:08 baseweed-admin runuser[4041]: pam_unix(runuser:session): session closed for user admin
Oct 03 16:44:08 baseweed-admin runuser[4054]: pam_unix(runuser:session): session opened for user admin(uid=1000) by (uid=0)
Oct 03 16:44:08 baseweed-admin systemd[883]: Started podman-4055.scope.
Oct 03 16:44:08 baseweed-admin runuser[4054]: pam_unix(runuser:session): session closed for user admin
Oct 03 16:44:08 baseweed-admin runuser[4065]: pam_unix(runuser:session): session opened for user admin(uid=1000) by (uid=0)
Oct 03 16:44:08 baseweed-admin systemd[883]: Started podman-4066.scope.
Oct 03 16:44:08 baseweed-admin podman[4066]: 2026-10-03 16:44:08.206187994 +0000 UTC m=+0.076507445 container remove aae9d5f874870da9ddd641266598f1358153b1270548e9fae27f93115ae2f6f4 (image=localhost/tier3s-probe:empty, name=tier3s-probe-3874)
Oct 03 16:44:08 baseweed-admin runuser[4065]: pam_unix(runuser:session): session closed for user admin
Oct 03 16:44:08 baseweed-admin runuser[4079]: pam_unix(runuser:session): session opened for user admin(uid=1000) by (uid=0)
Oct 03 16:44:08 baseweed-admin systemd[883]: Started podman-4080.scope.
Oct 03 16:44:08 baseweed-admin runuser[4079]: pam_unix(runuser:session): session closed for user admin
Oct 03 16:44:08 baseweed-admin runuser[4091]: pam_unix(runuser:session): session opened for user admin(uid=1000) by (uid=0)
Oct 03 16:44:08 baseweed-admin runuser[4091]: pam_unix(runuser:session): session closed for user admin
Oct 03 16:44:08 baseweed-admin runuser[4110]: pam_unix(runuser:session): session opened for user admin(uid=1000) by (uid=0)
Oct 03 16:44:08 baseweed-admin systemd[883]: Started podman-4111.scope.
Oct 03 16:44:08 baseweed-admin runuser[4110]: pam_unix(runuser:session): session closed for user admin
Oct 03 16:44:08 baseweed-admin qemu-ga[667]: info: guest-exec-status called, pid: 3867
Oct 03 16:44:08 baseweed-admin runuser[4272]: pam_unix(runuser:session): session opened for user admin(uid=1000) by (uid=0)
Oct 03 16:44:08 baseweed-admin systemd[883]: Started podman-4315.scope.
Oct 03 16:44:08 baseweed-admin runuser[4272]: pam_unix(runuser:session): session closed for user admin
Oct 03 16:44:08 baseweed-admin runuser[4391]: pam_unix(runuser:session): session opened for user admin(uid=1000) by (uid=0)
Oct 03 16:44:08 baseweed-admin systemd[883]: Started podman-4438.scope.
Oct 03 16:44:08 baseweed-admin runuser[4391]: pam_unix(runuser:session): session closed for user admin
Oct 03 16:44:08 baseweed-admin runuser[4562]: pam_unix(runuser:session): session opened for user admin(uid=1000) by (uid=0)
Oct 03 16:44:08 baseweed-admin qdistro_session_manager.py[2075]: 2026-10-03 16:44:08,636 INFO qdistro_session_manager: CreateTier3sSilo name=s123a workload=weston-terminal binding=s123a
Oct 03 16:44:08 baseweed-admin runuser[4562]: pam_unix(runuser:session): session closed for user admin
Oct 03 16:44:08 baseweed-admin runuser[4567]: pam_unix(runuser:session): session opened for user admin(uid=1000) by (uid=0)
Oct 03 16:44:08 baseweed-admin runuser[4567]: pam_unix(runuser:session): session closed for user admin
Oct 03 16:44:08 baseweed-admin runuser[4573]: pam_unix(runuser:session): session opened for user admin(uid=1000) by (uid=0)
Oct 03 16:44:08 baseweed-admin runuser[4573]: pam_unix(runuser:session): session closed for user admin
Oct 03 16:44:08 baseweed-admin qdistro_admin_broker.py[701]: [broker] rules reloaded (inotify): 1 rule(s), 0 error(s)
Oct 03 16:44:08 baseweed-admin runuser[4578]: pam_unix(runuser:session): session opened for user admin(uid=1000) by (uid=0)
Oct 03 16:44:08 baseweed-admin runuser[4578]: pam_unix(runuser:session): session closed for user admin
Oct 03 16:44:08 baseweed-admin runuser[4582]: pam_unix(runuser:session): session opened for user admin(uid=1000) by (uid=0)
Oct 03 16:44:08 baseweed-admin runuser[4582]: pam_unix(runuser:session): session closed for user admin
Oct 03 16:44:08 baseweed-admin runuser[4594]: pam_unix(runuser:session): session opened for user admin(uid=1000) by (uid=0)
Oct 03 16:44:09 baseweed-admin systemd[1]: Created slice Slice /system/qdistro-tier3s-silo.
Oct 03 16:44:09 baseweed-admin systemd[1]: Starting qdistro tier-3s (gVisor) silo s123a (Experimental, dev profile only)...
Oct 03 16:44:09 baseweed-admin qemu-ga[667]: info: guest-exec-status called, pid: 3867
Oct 03 16:44:09 baseweed-admin dbus-run-session[1026]:   WARN: Process failed to start, likely because the binary could not be found. Command: QList("bluetoothctl", "show")
Oct 03 16:44:09 baseweed-admin runuser[4763]: pam_unix(runuser:session): session opened for user admin(uid=1000) by (uid=0)
Oct 03 16:44:09 baseweed-admin runuser[4763]: pam_unix(runuser:session): session closed for user admin
Oct 03 16:44:09 baseweed-admin runuser[4772]: pam_unix(runuser:session): session opened for user admin(uid=1000) by (uid=0)
Oct 03 16:44:09 baseweed-admin systemd[883]: Started podman-4773.scope.
Oct 03 16:44:09 baseweed-admin runuser[4772]: pam_unix(runuser:session): session closed for user admin
Oct 03 16:44:09 baseweed-admin runuser[4783]: pam_unix(runuser:session): session opened for user admin(uid=1000) by (uid=0)
Oct 03 16:44:09 baseweed-admin systemd[883]: Started podman-4784.scope.
Oct 03 16:44:10 baseweed-admin podman[4784]: 2026-10-03 16:44:09.917201052 +0000 UTC m=+0.028813000 image pull dde1fe445e015d13c30998e5738d1d2a2882f73f0d060ab061c6d5af79ca838f localhost/tier3s-probe:empty
Oct 03 16:44:10 baseweed-admin podman[4784]: 2026-10-03 16:44:10.051134433 +0000 UTC m=+0.162746381 container create 7b8913a83ee0c56aa628da0431c4dfccd262fd3089c874032b9364f1ab8c6618 (image=localhost/tier3s-probe:empty, name=tier3s-probe-4626)
Oct 03 16:44:10 baseweed-admin runuser[4783]: pam_unix(runuser:session): session closed for user admin
Oct 03 16:44:10 baseweed-admin runuser[4794]: pam_unix(runuser:session): session opened for user admin(uid=1000) by (uid=0)
Oct 03 16:44:10 baseweed-admin systemd[883]: Started podman-4795.scope.
Oct 03 16:44:10 baseweed-admin runuser[4794]: pam_unix(runuser:session): session closed for user admin
Oct 03 16:44:10 baseweed-admin runuser[4805]: pam_unix(runuser:session): session opened for user admin(uid=1000) by (uid=0)
Oct 03 16:44:10 baseweed-admin systemd[883]: Started podman-4806.scope.
Oct 03 16:44:10 baseweed-admin runuser[4805]: pam_unix(runuser:session): session closed for user admin
Oct 03 16:44:10 baseweed-admin runuser[4815]: pam_unix(runuser:session): session opened for user admin(uid=1000) by (uid=0)
Oct 03 16:44:10 baseweed-admin systemd[883]: Started podman-4816.scope.
Oct 03 16:44:10 baseweed-admin podman[4816]: 2026-10-03 16:44:10.314571594 +0000 UTC m=+0.136204409 container remove 7b8913a83ee0c56aa628da0431c4dfccd262fd3089c874032b9364f1ab8c6618 (image=localhost/tier3s-probe:empty, name=tier3s-probe-4626)
Oct 03 16:44:10 baseweed-admin runuser[4815]: pam_unix(runuser:session): session closed for user admin
Oct 03 16:44:10 baseweed-admin runuser[4827]: pam_unix(runuser:session): session opened for user admin(uid=1000) by (uid=0)
Oct 03 16:44:10 baseweed-admin qdistro-tier3s-silo-launch[4828]: [resolve-binding] silo 's123a' is untemplated (no binding)
Oct 03 16:44:10 baseweed-admin runuser[4827]: pam_unix(runuser:session): session closed for user admin
Oct 03 16:44:10 baseweed-admin qdistro-tier3s-silo-launch[4597]: spawn-tier3s: silo s123a runs UNTEMPLATED (no binding); image localhost/qdistro/tier3s-weston-terminal:latest
Oct 03 16:44:10 baseweed-admin runuser[4836]: pam_unix(runuser:session): session opened for user admin(uid=1000) by (uid=0)
Oct 03 16:44:10 baseweed-admin runuser[4836]: pam_unix(runuser:session): session closed for user admin
Oct 03 16:44:10 baseweed-admin qemu-ga[667]: info: guest-exec-status called, pid: 3867
Oct 03 16:44:10 baseweed-admin systemd[1]: Started [systemd-run] /usr/sbin/runuser -u admin -- env -i PATH=/usr/bin:/bin HOME=/home/admin USER=admin LOGNAME=admin XDG_RUNTIME_DIR=/run/user/1000 podman ps -a --filter label=qdistro_tier3s_token --format json.
Oct 03 16:44:10 baseweed-admin runuser[4858]: pam_unix(runuser:session): session opened for user admin(uid=1000) by (uid=0)
Oct 03 16:44:10 baseweed-admin systemd[883]: Started podman-4859.scope.
Oct 03 16:44:10 baseweed-admin runuser[4858]: pam_unix(runuser:session): session closed for user admin
Oct 03 16:44:10 baseweed-admin systemd[1]: qdistro-t3s-call-4843-1-2364909851.scope: Deactivated successfully.
Oct 03 16:44:10 baseweed-admin runuser[4890]: pam_unix(runuser:session): session opened for user admin(uid=1000) by (uid=0)
Oct 03 16:44:10 baseweed-admin systemd[883]: qdistro-polkit-agent.service: Scheduled restart job, restart counter is at 23.
Oct 03 16:44:10 baseweed-admin systemd[883]: Started podman-4891.scope.
Oct 03 16:44:10 baseweed-admin systemd[883]: Started qdistro polkit authentication agent (PAM / fprintd / broker).
Oct 03 16:44:10 baseweed-admin runuser[4890]: pam_unix(runuser:session): session closed for user admin
Oct 03 16:44:10 baseweed-admin runuser[4902]: pam_unix(runuser:session): session opened for user admin(uid=1000) by (uid=0)
Oct 03 16:44:10 baseweed-admin weston[953]: [16:44:10.588] qdwin/secctx: helper pid=4911 launcher parent pid=4902 exe unreadable; falling back to verified root-parent + stable-starttime attestation
Oct 03 16:44:10 baseweed-admin weston[953]: [16:44:10.588] qdwin/secctx: helper pid=4911 launcher parent pid=4902 exe unreadable; falling back to verified root-parent + stable-starttime attestation
Oct 03 16:44:10 baseweed-admin weston[953]: [16:44:10.589] qdwin/secctx: helper pid=4911 launcher parent pid=4902 exe unreadable; falling back to verified root-parent + stable-starttime attestation
Oct 03 16:44:10 baseweed-admin weston[953]: [16:44:10.589] qdwin/secctx: helper pid=4911 launcher parent pid=4902 exe unreadable; falling back to verified root-parent + stable-starttime attestation
Oct 03 16:44:10 baseweed-admin weston[953]: [16:44:10.589] qdwin/secctx: manager bound by uid=1000 pid=4911 (helper)
Oct 03 16:44:10 baseweed-admin weston[953]: [16:44:10.589] qdwin/secctx: committed engine=qdistro.tier3s app_id=qdistro.tier3s.s123a instance_id=b5d46928dd00f8c2d4c0fb79695d779d listen_fd=72 close_fd=73
Oct 03 16:44:10 baseweed-admin weston[953]: [16:44:10.591] qdwin/secctx: client accepted engine=qdistro.tier3s app_id=qdistro.tier3s.s123a instance_id=b5d46928dd00f8c2d4c0fb79695d779d (total tagged: 1)
Oct 03 16:44:10 baseweed-admin qdistro-tier3s-silo-launch[4597]: LAUNCH_TOKEN=b5d46928dd00f8c2d4c0fb79695d779d
Oct 03 16:44:10 baseweed-admin qdistro-tier3s-silo-launch[4597]: CONTAINER=qdistro-tier3s-s123a
Oct 03 16:44:10 baseweed-admin qdistro-tier3s-silo-launch[4597]: IMAGE=localhost/qdistro/tier3s-weston-terminal:latest
Oct 03 16:44:10 baseweed-admin qdistro-tier3s-silo-launch[4597]: SCOPE_UNIT=qdistro-tier3s-b5d46928dd00f8c2d4c0fb79695d779d.scope
Oct 03 16:44:10 baseweed-admin qdistro-polkit-agent[4900]: registration failed: org.freedesktop.PolicyKit1.Error.Failed: Cannot determine session the caller is in
Oct 03 16:44:10 baseweed-admin python3[4900]: qdistro-polkit-agent: registration failed: org.freedesktop.PolicyKit1.Error.Failed: Cannot determine session the caller is in
Oct 03 16:44:10 baseweed-admin systemd[883]: qdistro-polkit-agent.service: Main process exited, code=exited, status=1/FAILURE
Oct 03 16:44:10 baseweed-admin systemd[883]: qdistro-polkit-agent.service: Failed with result 'exit-code'.
Oct 03 16:44:10 baseweed-admin systemd[1]: Started [systemd-run] /usr/libexec/qdistro/qdistro-tier3s-scope enter b5d46928dd00f8c2d4c0fb79695d779d 1000 -- podman --runtime /usr/libexec/qdistro/tier3s-runsc --runtime-flag=network=none --runtime-flag=host-uds=open --cgroup-manager=cgroupfs run --rm --name qdistro-tier3s-s123a --label qdistro_tier3s_token=b5d46928dd00f8c2d4c0fb79695d779d --label qdistro_tier3s_unit=qdistro-tier3s-silo@s123a.service --security-opt label=disable --security-opt no-new-privileges --cap-drop=ALL --security-opt seccomp=/usr/lib/qdistro/tier3s/seccomp/weston-terminal.json --userns=keep-id --user 1000:1000 --read-only --tmpfs /tmp:rw,size=64m,mode=1777 --tmpfs /run/user/1000:rw,U,mode=0700 --tmpfs /home/admin/.cache:rw,U,mode=0700 -v /run/qdistro-tier3s/b5d46928dd00f8c2d4c0fb79695d779d:/run/qdistro/link:rw --pids-limit=512 --network=none --env HOME=/home/admin --env XDG_RUNTIME_DIR=/run/user/1000 --env LANG=C.UTF-8 localhost/qdistro/tier3s-weston-terminal:latest weston-terminal.
Oct 03 16:44:10 baseweed-admin qdistro-tier3s-silo-launch[4926]: Running as unit: qdistro-tier3s-b5d46928dd00f8c2d4c0fb79695d779d.scope; invocation ID: 0604e237af2a48f9b38e431756653953
Oct 03 16:44:10 baseweed-admin runuser[4928]: pam_unix(runuser:session): session opened for user admin(uid=1000) by (uid=0)
Oct 03 16:44:10 baseweed-admin qdistro-tier3s-silo-launch[4926]: qdistro-tier3s-scope: /system.slice/qdistro-tier3s-b5d46928dd00f8c2d4c0fb79695d779d.scope delegated to uid 1000 (dir, cgroup.procs, cgroup.subtree_control, cgroup.threads)
Oct 03 16:44:10 baseweed-admin runuser[4926]: pam_unix(runuser:session): session opened for user admin(uid=1000) by (uid=0)
Oct 03 16:44:10 baseweed-admin systemd[883]: Started podman-4933.scope.
Oct 03 16:44:10 baseweed-admin podman[4952]: 2026-10-03 16:44:10.757513234 +0000 UTC m=+0.018412028 image pull c1cfa112ea7171ba1c62d14d9adda09e40b530bd9f5b3e76cfaf4e29ff0b345e localhost/qdistro/tier3s-weston-terminal:latest
Oct 03 16:44:11 baseweed-admin dbus-run-session[1026]:   WARN: Process failed to start, likely because the binary could not be found. Command: QList("bluetoothctl", "show")
Oct 03 16:44:11 baseweed-admin qemu-ga[667]: info: guest-exec-status called, pid: 3867
Oct 03 16:44:12 baseweed-admin qemu-ga[667]: info: guest-exec-status called, pid: 3867
Oct 03 16:44:13 baseweed-admin dbus-run-session[1026]:   WARN: Process failed to start, likely because the binary could not be found. Command: QList("bluetoothctl", "show")
Oct 03 16:44:13 baseweed-admin qemu-ga[667]: info: guest-exec-status called, pid: 3867
Oct 03 16:44:13 baseweed-admin runuser[4928]: pam_unix(runuser:session): session closed for user admin
Oct 03 16:44:13 baseweed-admin podman[4952]: 2026-10-03 16:44:13.693423955 +0000 UTC m=+2.954322749 container create ff6c03f7eb1372a17a1d0c937b99e0dc95a0c1d7fe7164a274c1859f23eeadaa (image=localhost/qdistro/tier3s-weston-terminal:latest, name=qdistro-tier3s-s123a, org.opensuse.base.lifecycle-url=https://en.opensuse.org/Lifetime, org.qdistro.snapshot=20260930, io.buildah.version=1.44.1, org.opencontainers.image.title=openSUSE Tumbleweed Base Container, qdistro_tier3s_unit=qdistro-tier3s-silo@s123a.service, org.opensuse.base.title=openSUSE Tumbleweed Base Container, org.opensuse.base.created=2026-09-30T20:05:54.126624488Z, qdistro_tier3s_token=b5d46928dd00f8c2d4c0fb79695d779d, org.opensuse.base.version=20260930.37.208, org.opensuse.base.url=https://www.opensuse.org, org.opensuse.base.reference=registry.opensuse.org/opensuse/tumbleweed:20260930.37.208, org.opencontainers.image.created=2026-09-30T20:05:54.126624488Z, org.opencontainers.image.url=https://www.opensuse.org, org.qdistro.tier3s.workload=weston-terminal, org.opencontainers.image.vendor=openSUSE Project, org.opensuse.base.disturl=obs://build.opensuse.org/openSUSE:Factory/images/561f9d4c8e4e1a441f95ad4ec6b5a914-opensuse-tumbleweed-image:docker, org.opensuse.reference=registry.opensuse.org/opensuse/tumbleweed:20260930.37.208, org.openbuildservice.disturl=obs://build.opensuse.org/openSUSE:Factory/images/561f9d4c8e4e1a441f95ad4ec6b5a914-opensuse-tumbleweed-image:docker, org.opencontainers.image.description=Image containing a minimal environment for containers based on openSUSE Tumbleweed., org.opencontainers.image.source=https://build.opensuse.org/package/show/openSUSE:Factory/opensuse-tumbleweed-image?rev=561f9d4c8e4e1a441f95ad4ec6b5a914, org.opensuse.base.description=Image containing a minimal environment for containers based on openSUSE Tumbleweed., org.opensuse.base.vendor=openSUSE Project, org.opensuse.lifecycle-url=https://en.opensuse.org/Lifetime, org.opensuse.base.source=https://build.opensuse.org/package/show/openSUSE:Factory/opensuse-tumbleweed-image?rev=561f9d4c8e4e1a441f95ad4ec6b5a914, org.opencontainers.image.version=20260930.37.208)
Oct 03 16:44:13 baseweed-admin systemd[883]: qdistro-polkit-agent.service: Scheduled restart job, restart counter is at 24.
Oct 03 16:44:13 baseweed-admin systemd[883]: Started qdistro polkit authentication agent (PAM / fprintd / broker).
Oct 03 16:44:13 baseweed-admin podman[4952]: 2026-10-03 16:44:13.856853593 +0000 UTC m=+3.117752388 container init ff6c03f7eb1372a17a1d0c937b99e0dc95a0c1d7fe7164a274c1859f23eeadaa (image=localhost/qdistro/tier3s-weston-terminal:latest, name=qdistro-tier3s-s123a, org.qdistro.snapshot=20260930, org.opensuse.reference=registry.opensuse.org/opensuse/tumbleweed:20260930.37.208, org.opencontainers.image.title=openSUSE Tumbleweed Base Container, org.opensuse.base.vendor=openSUSE Project, org.opensuse.base.lifecycle-url=https://en.opensuse.org/Lifetime, org.opensuse.base.disturl=obs://build.opensuse.org/openSUSE:Factory/images/561f9d4c8e4e1a441f95ad4ec6b5a914-opensuse-tumbleweed-image:docker, org.opensuse.lifecycle-url=https://en.opensuse.org/Lifetime, io.buildah.version=1.44.1, qdistro_tier3s_unit=qdistro-tier3s-silo@s123a.service, org.opencontainers.image.created=2026-09-30T20:05:54.126624488Z, org.opensuse.base.title=openSUSE Tumbleweed Base Container, org.qdistro.tier3s.workload=weston-terminal, org.opencontainers.image.vendor=openSUSE Project, org.opensuse.base.url=https://www.opensuse.org, org.opensuse.base.source=https://build.opensuse.org/package/show/openSUSE:Factory/opensuse-tumbleweed-image?rev=561f9d4c8e4e1a441f95ad4ec6b5a914, org.opensuse.base.reference=registry.opensuse.org/opensuse/tumbleweed:20260930.37.208, org.opencontainers.image.version=20260930.37.208, org.opencontainers.image.description=Image containing a minimal environment for containers based on openSUSE Tumbleweed., org.opencontainers.image.url=https://www.opensuse.org, qdistro_tier3s_token=b5d46928dd00f8c2d4c0fb79695d779d, org.opensuse.base.version=20260930.37.208, org.openbuildservice.disturl=obs://build.opensuse.org/openSUSE:Factory/images/561f9d4c8e4e1a441f95ad4ec6b5a914-opensuse-tumbleweed-image:docker, org.opencontainers.image.source=https://build.opensuse.org/package/show/openSUSE:Factory/opensuse-tumbleweed-image?rev=561f9d4c8e4e1a441f95ad4ec6b5a914, org.opensuse.base.description=Image containing a minimal environment for containers based on openSUSE Tumbleweed., org.opensuse.base.created=2026-09-30T20:05:54.126624488Z)
Oct 03 16:44:13 baseweed-admin runuser[5075]: pam_unix(runuser:session): session opened for user admin(uid=1000) by (uid=0)
Oct 03 16:44:13 baseweed-admin podman[4952]: 2026-10-03 16:44:13.9139012 +0000 UTC m=+3.174799984 container start ff6c03f7eb1372a17a1d0c937b99e0dc95a0c1d7fe7164a274c1859f23eeadaa (image=localhost/qdistro/tier3s-weston-terminal:latest, name=qdistro-tier3s-s123a, org.opensuse.base.title=openSUSE Tumbleweed Base Container, org.opensuse.base.lifecycle-url=https://en.opensuse.org/Lifetime, org.qdistro.tier3s.workload=weston-terminal, org.opencontainers.image.title=openSUSE Tumbleweed Base Container, io.buildah.version=1.44.1, org.opensuse.reference=registry.opensuse.org/opensuse/tumbleweed:20260930.37.208, org.opensuse.base.vendor=openSUSE Project, org.opencontainers.image.url=https://www.opensuse.org, org.opencontainers.image.vendor=openSUSE Project, org.qdistro.snapshot=20260930, org.opensuse.lifecycle-url=https://en.opensuse.org/Lifetime, org.opensuse.base.source=https://build.opensuse.org/package/show/openSUSE:Factory/opensuse-tumbleweed-image?rev=561f9d4c8e4e1a441f95ad4ec6b5a914, org.opensuse.base.description=Image containing a minimal environment for containers based on openSUSE Tumbleweed., org.opensuse.base.version=20260930.37.208, org.opensuse.base.url=https://www.opensuse.org, org.opensuse.base.reference=registry.opensuse.org/opensuse/tumbleweed:20260930.37.208, org.opencontainers.image.version=20260930.37.208, org.opensuse.base.created=2026-09-30T20:05:54.126624488Z, qdistro_tier3s_token=b5d46928dd00f8c2d4c0fb79695d779d, org.opensuse.base.disturl=obs://build.opensuse.org/openSUSE:Factory/images/561f9d4c8e4e1a441f95ad4ec6b5a914-opensuse-tumbleweed-image:docker, qdistro_tier3s_unit=qdistro-tier3s-silo@s123a.service, org.opencontainers.image.created=2026-09-30T20:05:54.126624488Z, org.openbuildservice.disturl=obs://build.opensuse.org/openSUSE:Factory/images/561f9d4c8e4e1a441f95ad4ec6b5a914-opensuse-tumbleweed-image:docker, org.opencontainers.image.description=Image containing a minimal environment for containers based on openSUSE Tumbleweed., org.opencontainers.image.source=https://build.opensuse.org/package/show/openSUSE:Factory/opensuse-tumbleweed-image?rev=561f9d4c8e4e1a441f95ad4ec6b5a914)
Oct 03 16:44:13 baseweed-admin podman[4952]: 2026-10-03 16:44:13.972886159 +0000 UTC m=+3.233784963 container attach ff6c03f7eb1372a17a1d0c937b99e0dc95a0c1d7fe7164a274c1859f23eeadaa (image=localhost/qdistro/tier3s-weston-terminal:latest, name=qdistro-tier3s-s123a, org.opensuse.reference=registry.opensuse.org/opensuse/tumbleweed:20260930.37.208, org.opencontainers.image.title=openSUSE Tumbleweed Base Container, org.opencontainers.image.description=Image containing a minimal environment for containers based on openSUSE Tumbleweed., org.opensuse.base.lifecycle-url=https://en.opensuse.org/Lifetime, org.qdistro.snapshot=20260930, org.opensuse.base.version=20260930.37.208, org.opensuse.base.url=https://www.opensuse.org, org.opensuse.base.reference=registry.opensuse.org/opensuse/tumbleweed:20260930.37.208, org.opencontainers.image.created=2026-09-30T20:05:54.126624488Z, org.opencontainers.image.url=https://www.opensuse.org, org.opencontainers.image.version=20260930.37.208, org.opensuse.base.description=Image containing a minimal environment for containers based on openSUSE Tumbleweed., org.opensuse.base.title=openSUSE Tumbleweed Base Container, org.opensuse.base.vendor=openSUSE Project, org.opensuse.base.created=2026-09-30T20:05:54.126624488Z, org.opencontainers.image.vendor=openSUSE Project, qdistro_tier3s_token=b5d46928dd00f8c2d4c0fb79695d779d, org.openbuildservice.disturl=obs://build.opensuse.org/openSUSE:Factory/images/561f9d4c8e4e1a441f95ad4ec6b5a914-opensuse-tumbleweed-image:docker, org.opensuse.lifecycle-url=https://en.opensuse.org/Lifetime, io.buildah.version=1.44.1, org.opensuse.base.source=https://build.opensuse.org/package/show/openSUSE:Factory/opensuse-tumbleweed-image?rev=561f9d4c8e4e1a441f95ad4ec6b5a914, qdistro_tier3s_unit=qdistro-tier3s-silo@s123a.service, org.opencontainers.image.source=https://build.opensuse.org/package/show/openSUSE:Factory/opensuse-tumbleweed-image?rev=561f9d4c8e4e1a441f95ad4ec6b5a914, org.qdistro.tier3s.workload=weston-terminal, org.opensuse.base.disturl=obs://build.opensuse.org/openSUSE:Factory/images/561f9d4c8e4e1a441f95ad4ec6b5a914-opensuse-tumbleweed-image:docker)
Oct 03 16:44:13 baseweed-admin qdistro-polkit-agent[5054]: registration failed: org.freedesktop.PolicyKit1.Error.Failed: Cannot determine session the caller is in
Oct 03 16:44:13 baseweed-admin python3[5054]: qdistro-polkit-agent: registration failed: org.freedesktop.PolicyKit1.Error.Failed: Cannot determine session the caller is in
Oct 03 16:44:13 baseweed-admin systemd[883]: Started podman-5076.scope.
Oct 03 16:44:14 baseweed-admin systemd[883]: qdistro-polkit-agent.service: Main process exited, code=exited, status=1/FAILURE
Oct 03 16:44:14 baseweed-admin systemd[883]: qdistro-polkit-agent.service: Failed with result 'exit-code'.
Oct 03 16:44:14 baseweed-admin runuser[5075]: pam_unix(runuser:session): session closed for user admin
Oct 03 16:44:14 baseweed-admin qdistro-tier3s-silo-launch[4597]: spawn-tier3s: running: qdistro-tier3s-s123a sentry=5035 conmon=5020 in /system.slice/qdistro-tier3s-b5d46928dd00f8c2d4c0fb79695d779d.scope
Oct 03 16:44:14 baseweed-admin systemd[1]: Started qdistro tier-3s (gVisor) silo s123a (Experimental, dev profile only).
Oct 03 16:44:14 baseweed-admin qdistro_session_manager.py[2075]: 2026-10-03 16:44:14,051 INFO qdistro_session_manager: StartSilo name=s123a
Oct 03 16:44:14 baseweed-admin runuser[4594]: pam_unix(runuser:session): session closed for user admin
Oct 03 16:44:14 baseweed-admin qdistro-tier3s-s123a[5020]: could not load cursor 'dnd-move'
Oct 03 16:44:14 baseweed-admin qdistro-tier3s-s123a[5020]: could not load cursor 'dnd-copy'
Oct 03 16:44:14 baseweed-admin qdistro-tier3s-silo-launch[4952]: could not load cursor 'dnd-move'
Oct 03 16:44:14 baseweed-admin qdistro-tier3s-silo-launch[4952]: could not load cursor 'dnd-copy'
Oct 03 16:44:14 baseweed-admin qdistro-tier3s-silo-launch[4952]: could not load cursor 'dnd-none'
Oct 03 16:44:14 baseweed-admin qdistro-tier3s-s123a[5020]: could not load cursor 'dnd-none'
Oct 03 16:44:14 baseweed-admin runuser[5142]: pam_unix(runuser:session): session opened for user admin(uid=1000) by (uid=0)
Oct 03 16:44:14 baseweed-admin systemd[883]: Started podman-5143.scope.
Oct 03 16:44:14 baseweed-admin runuser[5142]: pam_unix(runuser:session): session closed for user admin
Oct 03 16:44:14 baseweed-admin weston[953]: [16:44:14.150] qdwin: toplevel_added handle=1 uid=1000 pid=4914 app_id=(null) title=""
Oct 03 16:44:14 baseweed-admin weston[953]: [16:44:14.150] qdwin: toplevel_security_context handle=1 engine=qdistro.tier3s app_id=qdistro.tier3s.s123a instance=b5d46928dd00f8c2d4c0fb79695d779d
Oct 03 16:44:14 baseweed-admin weston[953]: [16:44:14.150] qdwin: toplevel_peer_identity handle=1 pid=4914 starttime=8522 uid=1000 exe=/usr/bin/waypipe label=system_u:system_r:unconfined_service_t:s0
Oct 03 16:44:14 baseweed-admin weston[953]: [16:44:14.150] qdwin: holding_released handle=1 via default_toplevel_policy (held → normal)
Oct 03 16:44:14 baseweed-admin dbus-run-session[1026]:   INFO qml: [20261003-164414]          Qdwin toplevel_security_context handle=1 engine=qdistro.tier3s app_id=qdistro.tier3s.s123a instance=b5d46928dd00f8c2d4c0fb79695d779d
Oct 03 16:44:14 baseweed-admin dbus-run-session[1026]:   INFO qml: [20261003-164414]     Tier3sApps [tier3s] toplevel observed silo=s123a secctx=qdistro.tier3s.s123a color=#2196f3 handle=1
Oct 03 16:44:14 baseweed-admin dbus-run-session[1026]:   INFO qml: [20261003-164414]     Tier3sApps [tier3s] silo=s123a color=#2196f3
Oct 03 16:44:14 baseweed-admin weston[953]: [16:44:14.163] Detected an unmapped surface or view in the layer list, which should not occur.
Oct 03 16:44:14 baseweed-admin weston[953]:                Warning: the above message will not be printed again.
Oct 03 16:44:14 baseweed-admin weston[953]: [16:44:14.184] qdwin: toplevel_title handle=1 title="[3s:s123a] Wayland Terminal"
Oct 03 16:44:14 baseweed-admin weston[953]: [16:44:14.184] qdwin: toplevel_app_id handle=1 app_id="org.freedesktop.weston.wayland-terminal"
Oct 03 16:44:14 baseweed-admin weston[953]: [16:44:14.184] qdwin: mapped handle=1 size=806x491 pos=557,310 (normal)
Oct 03 16:44:14 baseweed-admin weston[953]: [16:44:14.184] qdwin: focus handle=1 (was 4294967295) seat=default
Oct 03 16:44:14 baseweed-admin weston[953]: [16:44:14.184] qdwin: seat_focus_changed seat=default handle=1
Oct 03 16:44:14 baseweed-admin dbus-run-session[1026]:   WARN: Could not load icon "org.freedesktop.weston.wayland-terminal?fallback=application-x-executable" at size QSize(19, 19) from request
Oct 03 16:44:14 baseweed-admin runuser[5219]: pam_unix(runuser:session): session opened for user admin(uid=1000) by (uid=0)
Oct 03 16:44:14 baseweed-admin systemd[883]: Started podman-5220.scope.
Oct 03 16:44:14 baseweed-admin podman[5220]: 2026-10-03 16:44:14.566038357 +0000 UTC m=+0.298496479 container exec ff6c03f7eb1372a17a1d0c937b99e0dc95a0c1d7fe7164a274c1859f23eeadaa (image=localhost/qdistro/tier3s-weston-terminal:latest, name=qdistro-tier3s-s123a, org.opensuse.base.disturl=obs://build.opensuse.org/openSUSE:Factory/images/561f9d4c8e4e1a441f95ad4ec6b5a914-opensuse-tumbleweed-image:docker, org.opensuse.base.reference=registry.opensuse.org/opensuse/tumbleweed:20260930.37.208, org.opensuse.base.vendor=openSUSE Project, org.opencontainers.image.created=2026-09-30T20:05:54.126624488Z, org.opensuse.base.title=openSUSE Tumbleweed Base Container, org.opensuse.base.url=https://www.opensuse.org, qdistro_tier3s_unit=qdistro-tier3s-silo@s123a.service, org.opensuse.base.description=Image containing a minimal environment for containers based on openSUSE Tumbleweed., org.qdistro.snapshot=20260930, org.opencontainers.image.title=openSUSE Tumbleweed Base Container, org.opencontainers.image.version=20260930.37.208, org.opensuse.reference=registry.opensuse.org/opensuse/tumbleweed:20260930.37.208, org.openbuildservice.disturl=obs://build.opensuse.org/openSUSE:Factory/images/561f9d4c8e4e1a441f95ad4ec6b5a914-opensuse-tumbleweed-image:docker, org.opencontainers.image.url=https://www.opensuse.org, io.buildah.version=1.44.1, org.opencontainers.image.description=Image containing a minimal environment for containers based on openSUSE Tumbleweed., org.opencontainers.image.source=https://build.opensuse.org/package/show/openSUSE:Factory/opensuse-tumbleweed-image?rev=561f9d4c8e4e1a441f95ad4ec6b5a914, org.opensuse.base.created=2026-09-30T20:05:54.126624488Z, org.qdistro.tier3s.workload=weston-terminal, org.opensuse.base.lifecycle-url=https://en.opensuse.org/Lifetime, org.opensuse.base.source=https://build.opensuse.org/package/show/openSUSE:Factory/opensuse-tumbleweed-image?rev=561f9d4c8e4e1a441f95ad4ec6b5a914, org.opensuse.base.version=20260930.37.208, org.opensuse.lifecycle-url=https://en.opensuse.org/Lifetime, qdistro_tier3s_token=b5d46928dd00f8c2d4c0fb79695d779d, org.opencontainers.image.vendor=openSUSE Project)
Oct 03 16:44:14 baseweed-admin qemu-ga[667]: info: guest-exec-status called, pid: 3867
Oct 03 16:44:14 baseweed-admin conmon[5232]: conmon ff6c03f7eb1372a17a1d <nwarn>: Failed to open cgroups file: /sys/fs/cgroup/user.slice/user-1000.slice/user@1000.service/user.slice/podman-5220.scope/memory.events
Oct 03 16:44:14 baseweed-admin podman[5220]: 2026-10-03 16:44:14.773166407 +0000 UTC m=+0.505624529 container exec_died ff6c03f7eb1372a17a1d0c937b99e0dc95a0c1d7fe7164a274c1859f23eeadaa (image=localhost/qdistro/tier3s-weston-terminal:latest, name=qdistro-tier3s-s123a, org.opencontainers.image.vendor=openSUSE Project, org.opensuse.reference=registry.opensuse.org/opensuse/tumbleweed:20260930.37.208, org.openbuildservice.disturl=obs://build.opensuse.org/openSUSE:Factory/images/561f9d4c8e4e1a441f95ad4ec6b5a914-opensuse-tumbleweed-image:docker, org.opensuse.base.description=Image containing a minimal environment for containers based on openSUSE Tumbleweed., org.opensuse.base.title=openSUSE Tumbleweed Base Container, org.opensuse.base.url=https://www.opensuse.org, org.qdistro.snapshot=20260930, org.qdistro.tier3s.workload=weston-terminal, org.opencontainers.image.title=openSUSE Tumbleweed Base Container, org.opencontainers.image.created=2026-09-30T20:05:54.126624488Z, org.opencontainers.image.source=https://build.opensuse.org/package/show/openSUSE:Factory/opensuse-tumbleweed-image?rev=561f9d4c8e4e1a441f95ad4ec6b5a914, org.opencontainers.image.url=https://www.opensuse.org, org.opensuse.base.version=20260930.37.208, org.opensuse.lifecycle-url=https://en.opensuse.org/Lifetime, qdistro_tier3s_unit=qdistro-tier3s-silo@s123a.service, io.buildah.version=1.44.1, org.opensuse.base.disturl=obs://build.opensuse.org/openSUSE:Factory/images/561f9d4c8e4e1a441f95ad4ec6b5a914-opensuse-tumbleweed-image:docker, org.opencontainers.image.description=Image containing a minimal environment for containers based on openSUSE Tumbleweed., org.opensuse.base.lifecycle-url=https://en.opensuse.org/Lifetime, org.opensuse.base.created=2026-09-30T20:05:54.126624488Z, org.opensuse.base.source=https://build.opensuse.org/package/show/openSUSE:Factory/opensuse-tumbleweed-image?rev=561f9d4c8e4e1a441f95ad4ec6b5a914, qdistro_tier3s_token=b5d46928dd00f8c2d4c0fb79695d779d, org.opensuse.base.reference=registry.opensuse.org/opensuse/tumbleweed:20260930.37.208, org.opensuse.base.vendor=openSUSE Project, execID=a761872dcaff228181ab577967af93160aa582c13ad281544b8aa7e86b508787, org.opencontainers.image.version=20260930.37.208)
Oct 03 16:44:14 baseweed-admin runuser[5219]: pam_unix(runuser:session): session closed for user admin
Oct 03 16:44:14 baseweed-admin runuser[5272]: pam_unix(runuser:session): session opened for user admin(uid=1000) by (uid=0)
Oct 03 16:44:14 baseweed-admin systemd[883]: Started podman-5273.scope.
Oct 03 16:44:14 baseweed-admin runuser[5272]: pam_unix(runuser:session): session closed for user admin
Oct 03 16:44:14 baseweed-admin runuser[5285]: pam_unix(runuser:session): session opened for user admin(uid=1000) by (uid=0)
Oct 03 16:44:15 baseweed-admin systemd[883]: Started podman-5286.scope.
Oct 03 16:44:15 baseweed-admin runuser[5285]: pam_unix(runuser:session): session closed for user admin
Oct 03 16:44:15 baseweed-admin runuser[5296]: pam_unix(runuser:session): session opened for user admin(uid=1000) by (uid=0)
Oct 03 16:44:15 baseweed-admin systemd[883]: Started podman-5297.scope.
Oct 03 16:44:15 baseweed-admin runuser[5296]: pam_unix(runuser:session): session closed for user admin
Oct 03 16:44:15 baseweed-admin runuser[5316]: pam_unix(runuser:session): session opened for user admin(uid=1000) by (uid=0)
Oct 03 16:44:15 baseweed-admin dbus-run-session[1026]:   INFO qml: [20261003-164415]        PodApps auto-scan: qdistro-tier3s-s123a transitioned to running
Oct 03 16:44:15 baseweed-admin systemd[883]: Started podman-5318.scope.
Oct 03 16:44:15 baseweed-admin runuser[5316]: pam_unix(runuser:session): session closed for user admin
Oct 03 16:44:15 baseweed-admin dbus-run-session[1026]:   WARN: Process failed to start, likely because the binary could not be found. Command: QList("bluetoothctl", "show")
Oct 03 16:44:15 baseweed-admin runuser[5390]: pam_unix(runuser:session): session opened for user admin(uid=1000) by (uid=0)
Oct 03 16:44:15 baseweed-admin systemd[1]: Stopping qdistro tier-3s (gVisor) silo s123a (Experimental, dev profile only)...
Oct 03 16:44:15 baseweed-admin qemu-ga[667]: info: guest-exec-status called, pid: 3867
Oct 03 16:44:15 baseweed-admin runuser[4902]: pam_unix(runuser:session): session closed for user admin
Oct 03 16:44:15 baseweed-admin weston[953]: [16:44:15.910] qdwin: toplevel_removed handle=1
Oct 03 16:44:15 baseweed-admin weston[953]: [16:44:15.911] qdwin: focus handle=4294967295 (was 1) seat=default
Oct 03 16:44:15 baseweed-admin weston[953]: [16:44:15.911] qdwin: seat_focus_changed seat=default handle=4294967295
Oct 03 16:44:16 baseweed-admin podman[4952]: 2026-10-03 16:44:16.007374118 +0000 UTC m=+5.268272922 container died ff6c03f7eb1372a17a1d0c937b99e0dc95a0c1d7fe7164a274c1859f23eeadaa (image=localhost/qdistro/tier3s-weston-terminal:latest, name=qdistro-tier3s-s123a, org.opensuse.base.reference=registry.opensuse.org/opensuse/tumbleweed:20260930.37.208, org.opencontainers.image.version=20260930.37.208, qdistro_tier3s_unit=qdistro-tier3s-silo@s123a.service, org.openbuildservice.disturl=obs://build.opensuse.org/openSUSE:Factory/images/561f9d4c8e4e1a441f95ad4ec6b5a914-opensuse-tumbleweed-image:docker, org.opencontainers.image.description=Image containing a minimal environment for containers based on openSUSE Tumbleweed., org.opensuse.base.title=openSUSE Tumbleweed Base Container, org.opensuse.base.vendor=openSUSE Project, org.qdistro.tier3s.workload=weston-terminal, qdistro_tier3s_token=b5d46928dd00f8c2d4c0fb79695d779d, org.opensuse.base.disturl=obs://build.opensuse.org/openSUSE:Factory/images/561f9d4c8e4e1a441f95ad4ec6b5a914-opensuse-tumbleweed-image:docker, io.buildah.version=1.44.1, org.opensuse.base.version=20260930.37.208, org.opensuse.base.url=https://www.opensuse.org, org.opensuse.base.lifecycle-url=https://en.opensuse.org/Lifetime, org.opensuse.base.source=https://build.opensuse.org/package/show/openSUSE:Factory/opensuse-tumbleweed-image?rev=561f9d4c8e4e1a441f95ad4ec6b5a914, org.opencontainers.image.created=2026-09-30T20:05:54.126624488Z, org.opensuse.base.description=Image containing a minimal environment for containers based on openSUSE Tumbleweed., org.qdistro.snapshot=20260930, org.opensuse.lifecycle-url=https://en.opensuse.org/Lifetime, org.opencontainers.image.source=https://build.opensuse.org/package/show/openSUSE:Factory/opensuse-tumbleweed-image?rev=561f9d4c8e4e1a441f95ad4ec6b5a914, org.opensuse.base.created=2026-09-30T20:05:54.126624488Z, org.opencontainers.image.vendor=openSUSE Project, org.opensuse.reference=registry.opensuse.org/opensuse/tumbleweed:20260930.37.208, org.opencontainers.image.title=openSUSE Tumbleweed Base Container, org.opencontainers.image.url=https://www.opensuse.org)
Oct 03 16:44:16 baseweed-admin podman[4952]: 2026-10-03 16:44:16.316640101 +0000 UTC m=+5.577538965 container remove ff6c03f7eb1372a17a1d0c937b99e0dc95a0c1d7fe7164a274c1859f23eeadaa (image=localhost/qdistro/tier3s-weston-terminal:latest, name=qdistro-tier3s-s123a, org.opencontainers.image.source=https://build.opensuse.org/package/show/openSUSE:Factory/opensuse-tumbleweed-image?rev=561f9d4c8e4e1a441f95ad4ec6b5a914, org.qdistro.tier3s.workload=weston-terminal, org.opencontainers.image.version=20260930.37.208, org.opensuse.base.disturl=obs://build.opensuse.org/openSUSE:Factory/images/561f9d4c8e4e1a441f95ad4ec6b5a914-opensuse-tumbleweed-image:docker, org.opensuse.base.source=https://build.opensuse.org/package/show/openSUSE:Factory/opensuse-tumbleweed-image?rev=561f9d4c8e4e1a441f95ad4ec6b5a914, org.opensuse.base.title=openSUSE Tumbleweed Base Container, org.opencontainers.image.vendor=openSUSE Project, org.opensuse.base.description=Image containing a minimal environment for containers based on openSUSE Tumbleweed., org.opencontainers.image.title=openSUSE Tumbleweed Base Container, qdistro_tier3s_token=b5d46928dd00f8c2d4c0fb79695d779d, org.opensuse.base.reference=registry.opensuse.org/opensuse/tumbleweed:20260930.37.208, io.buildah.version=1.44.1, org.opensuse.base.lifecycle-url=https://en.opensuse.org/Lifetime, org.opensuse.base.vendor=openSUSE Project, org.opensuse.lifecycle-url=https://en.opensuse.org/Lifetime, org.openbuildservice.disturl=obs://build.opensuse.org/openSUSE:Factory/images/561f9d4c8e4e1a441f95ad4ec6b5a914-opensuse-tumbleweed-image:docker, org.opencontainers.image.created=2026-09-30T20:05:54.126624488Z, org.opensuse.base.url=https://www.opensuse.org, org.opensuse.reference=registry.opensuse.org/opensuse/tumbleweed:20260930.37.208, org.opencontainers.image.url=https://www.opensuse.org, org.opensuse.base.created=2026-09-30T20:05:54.126624488Z, qdistro_tier3s_unit=qdistro-tier3s-silo@s123a.service, org.qdistro.snapshot=20260930, org.opencontainers.image.description=Image containing a minimal environment for containers based on openSUSE Tumbleweed., org.opensuse.base.version=20260930.37.208)
Oct 03 16:44:16 baseweed-admin runuser[4926]: pam_unix(runuser:session): session closed for user admin
Oct 03 16:44:16 baseweed-admin systemd[1]: qdistro-tier3s-b5d46928dd00f8c2d4c0fb79695d779d.scope: Deactivated successfully.
Oct 03 16:44:16 baseweed-admin systemd[1]: Stopped [systemd-run] /usr/libexec/qdistro/qdistro-tier3s-scope enter b5d46928dd00f8c2d4c0fb79695d779d 1000 -- podman --runtime /usr/libexec/qdistro/tier3s-runsc --runtime-flag=network=none --runtime-flag=host-uds=open --cgroup-manager=cgroupfs run --rm --name qdistro-tier3s-s123a --label qdistro_tier3s_token=b5d46928dd00f8c2d4c0fb79695d779d --label qdistro_tier3s_unit=qdistro-tier3s-silo@s123a.service --security-opt label=disable --security-opt no-new-privileges --cap-drop=ALL --security-opt seccomp=/usr/lib/qdistro/tier3s/seccomp/weston-terminal.json --userns=keep-id --user 1000:1000 --read-only --tmpfs /tmp:rw,size=64m,mode=1777 --tmpfs /run/user/1000:rw,U,mode=0700 --tmpfs /home/admin/.cache:rw,U,mode=0700 -v /run/qdistro-tier3s/b5d46928dd00f8c2d4c0fb79695d779d:/run/qdistro/link:rw --pids-limit=512 --network=none --env HOME=/home/admin --env XDG_RUNTIME_DIR=/run/user/1000 --env LANG=C.UTF-8 localhost/qdistro/tier3s-weston-terminal:latest weston-terminal.
Oct 03 16:44:16 baseweed-admin systemd[1]: qdistro-tier3s-b5d46928dd00f8c2d4c0fb79695d779d.scope: Consumed 5.813s CPU time over 5.647s wall clock time.
Oct 03 16:44:16 baseweed-admin qemu-ga[667]: info: guest-exec-status called, pid: 3867
Oct 03 16:44:17 baseweed-admin systemd[883]: qdistro-polkit-agent.service: Scheduled restart job, restart counter is at 25.
Oct 03 16:44:17 baseweed-admin systemd[883]: Started qdistro polkit authentication agent (PAM / fprintd / broker).
Oct 03 16:44:17 baseweed-admin qdistro-polkit-agent[6300]: registration failed: org.freedesktop.PolicyKit1.Error.Failed: Cannot determine session the caller is in
Oct 03 16:44:17 baseweed-admin python3[6300]: qdistro-polkit-agent: registration failed: org.freedesktop.PolicyKit1.Error.Failed: Cannot determine session the caller is in
Oct 03 16:44:17 baseweed-admin systemd[883]: qdistro-polkit-agent.service: Main process exited, code=exited, status=1/FAILURE
Oct 03 16:44:17 baseweed-admin systemd[883]: qdistro-polkit-agent.service: Failed with result 'exit-code'.
Oct 03 16:44:17 baseweed-admin dbus-run-session[1026]:   WARN qml: [20261003-164417]        PodApps scan failed for qdistro-tier3s-s123a (exit 2)
Oct 03 16:44:17 baseweed-admin dbus-run-session[1026]:   WARN: Process failed to start, likely because the binary could not be found. Command: QList("bluetoothctl", "show")
Oct 03 16:44:17 baseweed-admin qemu-ga[667]: info: guest-exec-status called, pid: 3867
Oct 03 16:44:18 baseweed-admin systemd[1]: Started [systemd-run] /usr/sbin/runuser -u admin -- env -i PATH=/usr/bin:/bin HOME=/home/admin USER=admin LOGNAME=admin XDG_RUNTIME_DIR=/run/user/1000 sh -c "podman container exists \"\$1\"; printf \"PMRC=%d\\n\" \"\$?\"" sh qdistro-tier3s-s123a.
Oct 03 16:44:18 baseweed-admin runuser[6888]: pam_unix(runuser:session): session opened for user admin(uid=1000) by (uid=0)
Oct 03 16:44:18 baseweed-admin systemd[883]: Started podman-6890.scope.
Oct 03 16:44:18 baseweed-admin runuser[6888]: pam_unix(runuser:session): session closed for user admin
Oct 03 16:44:18 baseweed-admin systemd[1]: qdistro-t3s-call-5394-1-2337581808.scope: Deactivated successfully.
Oct 03 16:44:18 baseweed-admin qdistro-tier3s-cleanup[5394]: qdistro-tier3s-cleanup: b5d46928dd00f8c2d4c0fb79695d779d: torn down (qdistro-tier3s-s123a)
Oct 03 16:44:18 baseweed-admin systemd[1]: Failed to start new connection bus: Connection reset by peer
Oct 03 16:44:18 baseweed-admin qdistro-tier3s-silo-launch[4597]: spawn-tier3s: signal: tearing down b5d46928dd00f8c2d4c0fb79695d779d
Oct 03 16:44:18 baseweed-admin systemd[1]: qdistro-tier3s-silo@s123a.service: Deactivated successfully.
Oct 03 16:44:18 baseweed-admin systemd[1]: Stopped qdistro tier-3s (gVisor) silo s123a (Experimental, dev profile only).
Oct 03 16:44:18 baseweed-admin systemd[1]: qdistro-tier3s-silo@s123a.service: Consumed 2.735s CPU time over 9.182s wall clock time.
Oct 03 16:44:18 baseweed-admin runuser[6958]: pam_unix(runuser:session): session opened for user admin(uid=1000) by (uid=0)
Oct 03 16:44:18 baseweed-admin systemd[883]: Started podman-6960.scope.
Oct 03 16:44:18 baseweed-admin runuser[6958]: pam_unix(runuser:session): session closed for user admin
Oct 03 16:44:18 baseweed-admin qdistro_session_manager.py[2075]: 2026-10-03 16:44:18,296 INFO qdistro_session_manager: StopSilo name=s123a grace_s=10
Oct 03 16:44:18 baseweed-admin runuser[5390]: pam_unix(runuser:session): session closed for user admin
Oct 03 16:44:18 baseweed-admin runuser[6972]: pam_unix(runuser:session): session opened for user admin(uid=1000) by (uid=0)
Oct 03 16:44:18 baseweed-admin runuser[6972]: pam_unix(runuser:session): session closed for user admin
Oct 03 16:44:18 baseweed-admin runuser[7015]: pam_unix(runuser:session): session opened for user admin(uid=1000) by (uid=0)
Oct 03 16:44:18 baseweed-admin systemd[883]: Started podman-7016.scope.
Oct 03 16:44:18 baseweed-admin runuser[7015]: pam_unix(runuser:session): session closed for user admin
Oct 03 16:44:18 baseweed-admin runuser[7025]: pam_unix(runuser:session): session opened for user admin(uid=1000) by (uid=0)
Oct 03 16:44:18 baseweed-admin systemd[883]: Started podman-7026.scope.
Oct 03 16:44:18 baseweed-admin runuser[7025]: pam_unix(runuser:session): session closed for user admin
Oct 03 16:44:18 baseweed-admin runuser[7049]: pam_unix(runuser:session): session opened for user admin(uid=1000) by (uid=0)
Oct 03 16:44:18 baseweed-admin qdistro_session_manager.py[2075]: 2026-10-03 16:44:18,514 INFO qdistro_session_manager: userdel 's123a': already absent (rc=6) — treating as done
Oct 03 16:44:18 baseweed-admin qdistro_session_manager.py[2075]: 2026-10-03 16:44:18,547 INFO qdistro_session_manager: DeleteSilo name=s123a
Oct 03 16:44:18 baseweed-admin runuser[7049]: pam_unix(runuser:session): session closed for user admin
Oct 03 16:44:18 baseweed-admin runuser[7055]: pam_unix(runuser:session): session opened for user admin(uid=1000) by (uid=0)
Oct 03 16:44:18 baseweed-admin runuser[7055]: pam_unix(runuser:session): session closed for user admin
Oct 03 16:44:18 baseweed-admin runuser[7072]: pam_unix(runuser:session): session opened for user admin(uid=1000) by (uid=0)
Oct 03 16:44:18 baseweed-admin systemd[883]: Started podman-7073.scope.
Oct 03 16:44:18 baseweed-admin runuser[7072]: pam_unix(runuser:session): session closed for user admin
Oct 03 16:44:18 baseweed-admin qdistro_admin_broker.py[701]: [broker] rules reloaded (inotify): 0 rule(s), 0 error(s)
Oct 03 16:44:18 baseweed-admin qemu-ga[667]: info: guest-exec-status called, pid: 3867
Oct 03 16:44:19 baseweed-admin dbus-run-session[1026]:   WARN: Process failed to start, likely because the binary could not be found. Command: QList("bluetoothctl", "show")
Oct 03 16:44:19 baseweed-admin qemu-ga[667]: info: guest-exec-status called, pid: 3867
Oct 03 16:44:20 baseweed-admin qemu-ga[667]: info: guest-exec called: "/bin/sh -c rm -f /etc/qdistro/rules.d/50-tier3s-qci.yaml"
Oct 03 16:44:20 baseweed-admin dbus-run-session[1026]:   WARN qml: [20261003-164420]       Location Weather is still fetching
Oct 03 16:44:20 baseweed-admin dbus-run-session[1026]:  ERROR qml: [20261003-164420]       Location Geocoding error: 0
Oct 03 16:44:20 baseweed-admin qemu-ga[667]: info: guest-exec called: "/bin/sh -c qd_startof() {
                                               awk 'match($0,/\)[^)]*$/){s=substr($0,RSTART+2);split(s,f," ");print f[20]}' "/proc/$1/stat" 2>/dev/null
                                             }
                                             qd_ident_s=$(qd_startof 7535)
                                             # The guest's boot id rides along: a (pid, start time) pair is unique only
                                             # WITHIN one boot, and the orphan registry must never match it against a later
                                             # incarnation of the same VM name. "boot=" with nothing after it means the id
                                             # was unreadable; the host then does not register the command.
                                             qd_ident_b=$(cat /proc/sys/kernel/random/boot_id 2>/dev/null)
                                             if [ -n "$qd_ident_s" ]; then printf 'start=%s boot=%s\n' "$qd_ident_s" "$qd_ident_b"; else printf 'gone\n'; fi"
Oct 03 16:44:20 baseweed-admin qemu-ga[667]: info: guest-exec-status called, pid: 7537
Oct 03 16:44:20 baseweed-admin qemu-ga[667]: info: guest-exec-status called, pid: 7535
Oct 03 16:44:20 baseweed-admin systemd[883]: qdistro-polkit-agent.service: Scheduled restart job, restart counter is at 26.
Oct 03 16:44:20 baseweed-admin systemd[883]: Started qdistro polkit authentication agent (PAM / fprintd / broker).
Oct 03 16:44:20 baseweed-admin qemu-ga[667]: info: guest-exec called: "/bin/sh -c journalctl -b --no-pager 2>/dev/null | tail -8000"
