Oct 03 16:42:15 baseweed-admin kernel: Linux version 7.2.8-1-default (geeko@buildhost) (gcc (SUSE Linux) 16.2.0, GNU ld (GNU Binutils; openSUSE Tumbleweed) 2.45.0.20251103-4) #1 SMP PREEMPT_DYNAMIC Sat Sep 26 07:00:58 UTC 2026 (9b36732)
Oct 03 16:42:15 baseweed-admin kernel: Command line: BOOT_IMAGE=/boot/vmlinuz-7.2.8-1-default root=UUID=1df5576d-c0e8-4d58-8321-036cc145665a rw quiet systemd.show_status=1 console=ttyS0,115200 console=tty0 security=selinux selinux=1
Oct 03 16:42:15 baseweed-admin kernel: [Firmware Bug]: TSC doesn't count with P0 frequency!
Oct 03 16:42:15 baseweed-admin kernel: BIOS-provided physical RAM map:
Oct 03 16:42:15 baseweed-admin kernel: BIOS-e820: [mem 0x0000000000000000-0x000000000009fbff]  System RAM
Oct 03 16:42:15 baseweed-admin kernel: BIOS-e820: [mem 0x000000000009fc00-0x000000000009ffff]  device reserved
Oct 03 16:42:15 baseweed-admin kernel: BIOS-e820: [gap 0x00000000000a0000-0x00000000000effff]
Oct 03 16:42:15 baseweed-admin kernel: BIOS-e820: [mem 0x00000000000f0000-0x00000000000fffff]  device reserved
Oct 03 16:42:15 baseweed-admin kernel: BIOS-e820: [mem 0x0000000000100000-0x00000000bffdbfff]  System RAM
Oct 03 16:42:15 baseweed-admin kernel: BIOS-e820: [mem 0x00000000bffdc000-0x00000000bfffffff]  device reserved
Oct 03 16:42:15 baseweed-admin kernel: BIOS-e820: [gap 0x00000000c0000000-0x00000000feffbfff]
Oct 03 16:42:15 baseweed-admin kernel: BIOS-e820: [mem 0x00000000feffc000-0x00000000feffffff]  device reserved
Oct 03 16:42:15 baseweed-admin kernel: BIOS-e820: [gap 0x00000000ff000000-0x00000000fffbffff]
Oct 03 16:42:15 baseweed-admin kernel: BIOS-e820: [mem 0x00000000fffc0000-0x00000000ffffffff]  device reserved
Oct 03 16:42:15 baseweed-admin kernel: BIOS-e820: [mem 0x0000000100000000-0x000000013fffffff]  System RAM
Oct 03 16:42:15 baseweed-admin kernel: BIOS-e820: [gap 0x0000000140000000-0x000000fcffffffff]
Oct 03 16:42:15 baseweed-admin kernel: BIOS-e820: [mem 0x000000fd00000000-0x000000ffffffffff]  device reserved
Oct 03 16:42:15 baseweed-admin kernel: NX (Execute Disable) protection: active
Oct 03 16:42:15 baseweed-admin kernel: APIC: Static calls initialized
Oct 03 16:42:15 baseweed-admin kernel: DMI: SMBIOS 2.8 present.
Oct 03 16:42:15 baseweed-admin kernel: DMI: QEMU Standard PC (i440FX + PIIX, 1996), BIOS rel-1.17.0-2-g4f253b9b-prebuilt.qemu.org 04/01/2014
Oct 03 16:42:15 baseweed-admin kernel: DMI: Memory slots populated: 1/1
Oct 03 16:42:15 baseweed-admin kernel: Hypervisor detected: KVM
Oct 03 16:42:15 baseweed-admin kernel: last_pfn = 0xbffdc max_arch_pfn = 0x400000000
Oct 03 16:42:15 baseweed-admin kernel: kvm-clock: Using msrs 4b564d01 and 4b564d00
Oct 03 16:42:15 baseweed-admin kernel: kvm-clock: using sched offset of 8924508378 cycles
Oct 03 16:42:15 baseweed-admin kernel: clocksource: kvm-clock: mask: 0xffffffffffffffff max_cycles: 0x1cd42e4dffb, max_idle_ns: 881590591483 ns
Oct 03 16:42:15 baseweed-admin kernel: tsc: Detected 2994.376 MHz processor
Oct 03 16:42:15 baseweed-admin kernel: e820: update [mem 0x00000000-0x00000fff] System RAM ==> device reserved
Oct 03 16:42:15 baseweed-admin kernel: e820: remove [mem 0x000a0000-0x000fffff] System RAM
Oct 03 16:42:15 baseweed-admin kernel: last_pfn = 0x140000 max_arch_pfn = 0x400000000
Oct 03 16:42:15 baseweed-admin kernel: MTRR map: 4 entries (3 fixed + 1 variable; max 19), built from 8 variable MTRRs
Oct 03 16:42:15 baseweed-admin kernel: x86/PAT: Configuration [0-7]: WB  WC  UC- UC  WB  WP  UC- WT  
Oct 03 16:42:15 baseweed-admin kernel: last_pfn = 0xbffdc max_arch_pfn = 0x400000000
Oct 03 16:42:15 baseweed-admin kernel: found SMP MP-table at [mem 0x000f5410-0x000f541f]
Oct 03 16:42:15 baseweed-admin kernel: Using GB pages for direct mapping
Oct 03 16:42:15 baseweed-admin kernel: RAMDISK: [mem 0x304ad000-0x3424dfff]
Oct 03 16:42:15 baseweed-admin kernel: ACPI: Early table checksum verification disabled
Oct 03 16:42:15 baseweed-admin kernel: ACPI: RSDP 0x00000000000F53D0 000014 (v00 BOCHS )
Oct 03 16:42:15 baseweed-admin kernel: ACPI: RSDT 0x00000000BFFE2119 000034 (v01 BOCHS  BXPC     00000001 BXPC 00000001)
Oct 03 16:42:15 baseweed-admin kernel: ACPI: FACP 0x00000000BFFE1FB5 000074 (v01 BOCHS  BXPC     00000001 BXPC 00000001)
Oct 03 16:42:15 baseweed-admin kernel: ACPI: DSDT 0x00000000BFFDFD80 002235 (v01 BOCHS  BXPC     00000001 BXPC 00000001)
Oct 03 16:42:15 baseweed-admin kernel: ACPI: FACS 0x00000000BFFDFD40 000040
Oct 03 16:42:15 baseweed-admin kernel: ACPI: APIC 0x00000000BFFE2029 000090 (v03 BOCHS  BXPC     00000001 BXPC 00000001)
Oct 03 16:42:15 baseweed-admin kernel: ACPI: HPET 0x00000000BFFE20B9 000038 (v01 BOCHS  BXPC     00000001 BXPC 00000001)
Oct 03 16:42:15 baseweed-admin kernel: ACPI: WAET 0x00000000BFFE20F1 000028 (v01 BOCHS  BXPC     00000001 BXPC 00000001)
Oct 03 16:42:15 baseweed-admin kernel: ACPI: Reserving FACP table memory at [mem 0xbffe1fb5-0xbffe2028]
Oct 03 16:42:15 baseweed-admin kernel: ACPI: Reserving DSDT table memory at [mem 0xbffdfd80-0xbffe1fb4]
Oct 03 16:42:15 baseweed-admin kernel: ACPI: Reserving FACS table memory at [mem 0xbffdfd40-0xbffdfd7f]
Oct 03 16:42:15 baseweed-admin kernel: ACPI: Reserving APIC table memory at [mem 0xbffe2029-0xbffe20b8]
Oct 03 16:42:15 baseweed-admin kernel: ACPI: Reserving HPET table memory at [mem 0xbffe20b9-0xbffe20f0]
Oct 03 16:42:15 baseweed-admin kernel: ACPI: Reserving WAET table memory at [mem 0xbffe20f1-0xbffe2118]
Oct 03 16:42:15 baseweed-admin kernel: No NUMA configuration found
Oct 03 16:42:15 baseweed-admin kernel: Faking a node at [mem 0x0000000000000000-0x000000013fffffff]
Oct 03 16:42:15 baseweed-admin kernel: NODE_DATA(0) allocated [mem 0x13ffd2f80-0x13fffdfff]
Oct 03 16:42:15 baseweed-admin kernel: ACPI: PM-Timer IO Port: 0x608
Oct 03 16:42:15 baseweed-admin kernel: ACPI: LAPIC_NMI (acpi_id[0xff] dfl dfl lint[0x1])
Oct 03 16:42:15 baseweed-admin kernel: IOAPIC[0]: apic_id 0, version 17, address 0xfec00000, GSI 0-23
Oct 03 16:42:15 baseweed-admin kernel: ACPI: INT_SRC_OVR (bus 0 bus_irq 0 global_irq 2 dfl dfl)
Oct 03 16:42:15 baseweed-admin kernel: ACPI: INT_SRC_OVR (bus 0 bus_irq 5 global_irq 5 high level)
Oct 03 16:42:15 baseweed-admin kernel: ACPI: INT_SRC_OVR (bus 0 bus_irq 9 global_irq 9 high level)
Oct 03 16:42:15 baseweed-admin kernel: ACPI: INT_SRC_OVR (bus 0 bus_irq 10 global_irq 10 high level)
Oct 03 16:42:15 baseweed-admin kernel: ACPI: INT_SRC_OVR (bus 0 bus_irq 11 global_irq 11 high level)
Oct 03 16:42:15 baseweed-admin kernel: ACPI: Using ACPI (MADT) for SMP configuration information
Oct 03 16:42:15 baseweed-admin kernel: ACPI: HPET id: 0x8086a201 base: 0xfed00000
Oct 03 16:42:15 baseweed-admin kernel: TSC deadline timer available
Oct 03 16:42:15 baseweed-admin kernel: CPU topo: Max. logical packages:   4
Oct 03 16:42:15 baseweed-admin kernel: CPU topo: Max. logical nodes:      1
Oct 03 16:42:15 baseweed-admin kernel: CPU topo: Num. nodes per package:  1
Oct 03 16:42:15 baseweed-admin kernel: CPU topo: Max. logical dies:       4
Oct 03 16:42:15 baseweed-admin kernel: CPU topo: Max. dies per package:   1
Oct 03 16:42:15 baseweed-admin kernel: CPU topo: Max. threads per core:   1
Oct 03 16:42:15 baseweed-admin kernel: CPU topo: Num. cores per package:     1
Oct 03 16:42:15 baseweed-admin kernel: CPU topo: Num. threads per package:   1
Oct 03 16:42:15 baseweed-admin kernel: CPU topo: Allowing 4 present CPUs plus 0 hotplug CPUs
Oct 03 16:42:15 baseweed-admin kernel: kvm-guest: APIC: eoi() replaced with kvm_guest_apic_eoi_write()
Oct 03 16:42:15 baseweed-admin kernel: kvm-guest: KVM setup pv remote TLB flush
Oct 03 16:42:15 baseweed-admin kernel: kvm-guest: setup PV sched yield
Oct 03 16:42:15 baseweed-admin kernel: PM: hibernation: Registered nosave memory: [mem 0x00000000-0x00000fff]
Oct 03 16:42:15 baseweed-admin kernel: PM: hibernation: Registered nosave memory: [mem 0x0009f000-0x000fffff]
Oct 03 16:42:15 baseweed-admin kernel: PM: hibernation: Registered nosave memory: [mem 0xbffdc000-0xffffffff]
Oct 03 16:42:15 baseweed-admin kernel: [gap 0xc0000000-0xfeffbfff] available for PCI devices
Oct 03 16:42:15 baseweed-admin kernel: Booting paravirtualized kernel on KVM
Oct 03 16:42:15 baseweed-admin kernel: clocksource: refined-jiffies: mask: 0xffffffff max_cycles: 0xffffffff, max_idle_ns: 1910969940391419 ns
Oct 03 16:42:15 baseweed-admin kernel: Zone ranges:
Oct 03 16:42:15 baseweed-admin kernel:   DMA      [mem 0x0000000000001000-0x0000000000ffffff]
Oct 03 16:42:15 baseweed-admin kernel:   DMA32    [mem 0x0000000001000000-0x00000000ffffffff]
Oct 03 16:42:15 baseweed-admin kernel:   Normal   [mem 0x0000000100000000-0x000000013fffffff]
Oct 03 16:42:15 baseweed-admin kernel:   Device   empty
Oct 03 16:42:15 baseweed-admin kernel: Movable zone start for each node
Oct 03 16:42:15 baseweed-admin kernel: Early memory node ranges
Oct 03 16:42:15 baseweed-admin kernel:   node   0: [mem 0x0000000000001000-0x000000000009efff]
Oct 03 16:42:15 baseweed-admin kernel:   node   0: [mem 0x0000000000100000-0x00000000bffdbfff]
Oct 03 16:42:15 baseweed-admin kernel:   node   0: [mem 0x0000000100000000-0x000000013fffffff]
Oct 03 16:42:15 baseweed-admin kernel: Initmem setup node 0 [mem 0x0000000000001000-0x000000013fffffff]
Oct 03 16:42:15 baseweed-admin kernel: On node 0, zone DMA: 1 pages in unavailable ranges
Oct 03 16:42:15 baseweed-admin kernel: On node 0, zone DMA: 97 pages in unavailable ranges
Oct 03 16:42:15 baseweed-admin kernel: On node 0, zone Normal: 36 pages in unavailable ranges
Oct 03 16:42:15 baseweed-admin kernel: setup_percpu: NR_CPUS:8192 nr_cpumask_bits:4 nr_cpu_ids:4 nr_node_ids:1
Oct 03 16:42:15 baseweed-admin kernel: percpu: Embedded 88 pages/cpu s237568 r8192 d114688 u524288
Oct 03 16:42:15 baseweed-admin kernel: pcpu-alloc: s237568 r8192 d114688 u524288 alloc=1*2097152
Oct 03 16:42:15 baseweed-admin kernel: pcpu-alloc: [0] 0 1 2 3 
Oct 03 16:42:15 baseweed-admin kernel: kvm-guest: PV spinlocks enabled
Oct 03 16:42:15 baseweed-admin kernel: PV qspinlock hash table entries: 256 (order: 0, 4096 bytes, linear)
Oct 03 16:42:15 baseweed-admin kernel: Kernel command line: BOOT_IMAGE=/boot/vmlinuz-7.2.8-1-default root=UUID=1df5576d-c0e8-4d58-8321-036cc145665a rw quiet systemd.show_status=1 console=ttyS0,115200 console=tty0 security=selinux selinux=1
Oct 03 16:42:15 baseweed-admin kernel: random: crng init done
Oct 03 16:42:15 baseweed-admin kernel: printk: log buffer data + meta data: 262144 + 1114112 = 1376256 bytes
Oct 03 16:42:15 baseweed-admin kernel: Dentry cache hash table entries: 524288 (order: 10, 4194304 bytes, linear)
Oct 03 16:42:15 baseweed-admin kernel: Inode-cache hash table entries: 262144 (order: 9, 2097152 bytes, linear)
Oct 03 16:42:15 baseweed-admin kernel: software IO TLB: area num 4.
Oct 03 16:42:15 baseweed-admin kernel: Fallback order for Node 0: 0 
Oct 03 16:42:15 baseweed-admin kernel: Built 1 zonelists, mobility grouping on.  Total pages: 1048442
Oct 03 16:42:15 baseweed-admin kernel: Policy zone: Normal
Oct 03 16:42:15 baseweed-admin kernel: mem auto-init: stack:off, heap alloc:off, heap free:off
Oct 03 16:42:15 baseweed-admin kernel: SLUB: HWalign=64, Order=0-3, MinObjects=0, CPUs=4, Nodes=1
Oct 03 16:42:15 baseweed-admin kernel: ftrace: allocating 52368 entries in 208 pages
Oct 03 16:42:15 baseweed-admin kernel: ftrace: allocated 208 pages with 3 groups
Oct 03 16:42:15 baseweed-admin kernel: Dynamic Preempt: full
Oct 03 16:42:15 baseweed-admin kernel: rcu: Preemptible hierarchical RCU implementation.
Oct 03 16:42:15 baseweed-admin kernel: rcu:         RCU event tracing is enabled.
Oct 03 16:42:15 baseweed-admin kernel: rcu:         RCU restricting CPUs from NR_CPUS=8192 to nr_cpu_ids=4.
Oct 03 16:42:15 baseweed-admin kernel:         Trampoline variant of Tasks RCU enabled.
Oct 03 16:42:15 baseweed-admin kernel:         Rude variant of Tasks RCU enabled.
Oct 03 16:42:15 baseweed-admin kernel:         Tracing variant of Tasks RCU enabled.
Oct 03 16:42:15 baseweed-admin kernel: rcu: RCU calculated value of scheduler-enlistment delay is 100 jiffies.
Oct 03 16:42:15 baseweed-admin kernel: rcu: Adjusting geometry for rcu_fanout_leaf=16, nr_cpu_ids=4
Oct 03 16:42:15 baseweed-admin kernel: RCU Tasks: Setting shift to 2 and lim to 1 rcu_task_cb_adjust=1 rcu_task_cpu_ids=4.
Oct 03 16:42:15 baseweed-admin kernel: RCU Tasks Rude: Setting shift to 2 and lim to 1 rcu_task_cb_adjust=1 rcu_task_cpu_ids=4.
Oct 03 16:42:15 baseweed-admin kernel: NR_IRQS: 524544, nr_irqs: 456, preallocated irqs: 16
Oct 03 16:42:15 baseweed-admin kernel: rcu: srcu_init: Setting srcu_struct sizes based on contention.
Oct 03 16:42:15 baseweed-admin kernel: clocksource: jiffies: mask: 0xffffffff max_cycles: 0xffffffff, max_idle_ns: 1911260446275000 ns
Oct 03 16:42:15 baseweed-admin kernel: Console: colour VGA+ 80x25
Oct 03 16:42:15 baseweed-admin kernel: printk: legacy console [tty0] enabled
Oct 03 16:42:15 baseweed-admin kernel: printk: legacy console [ttyS0] enabled
Oct 03 16:42:15 baseweed-admin kernel: ACPI: Core revision 20260408
Oct 03 16:42:15 baseweed-admin kernel: clocksource: hpet: mask: 0xffffffff max_cycles: 0xffffffff, max_idle_ns: 19112604467 ns
Oct 03 16:42:15 baseweed-admin kernel: APIC: Switch to symmetric I/O mode setup
Oct 03 16:42:15 baseweed-admin kernel: x2apic enabled
Oct 03 16:42:15 baseweed-admin kernel: APIC: Switched APIC routing to: physical x2apic
Oct 03 16:42:15 baseweed-admin kernel: kvm-guest: APIC: send_IPI_mask() replaced with kvm_send_ipi_mask()
Oct 03 16:42:15 baseweed-admin kernel: kvm-guest: APIC: send_IPI_mask_allbutself() replaced with kvm_send_ipi_mask_allbutself()
Oct 03 16:42:15 baseweed-admin kernel: kvm-guest: setup PV IPIs
Oct 03 16:42:15 baseweed-admin kernel: ..TIMER: vector=0x30 apic1=0 pin1=2 apic2=-1 pin2=-1
Oct 03 16:42:15 baseweed-admin kernel: clocksource: tsc-early: mask: 0xffffffffffffffff max_cycles: 0x2b2984d0609, max_idle_ns: 440795359805 ns
Oct 03 16:42:15 baseweed-admin kernel: Calibrating delay loop (skipped) preset value.. 5988.75 BogoMIPS (lpj=2994376)
Oct 03 16:42:15 baseweed-admin kernel: RDSEED32 is broken. Disabling the corresponding CPUID bit.
Oct 03 16:42:15 baseweed-admin kernel: x86/cpu: User Mode Instruction Prevention (UMIP) activated
Oct 03 16:42:15 baseweed-admin kernel: Last level iTLB entries: 4KB 512, 2MB 255, 4MB 127
Oct 03 16:42:15 baseweed-admin kernel: Last level dTLB entries: 4KB 512, 2MB 255, 4MB 127, 1GB 0
Oct 03 16:42:15 baseweed-admin kernel: mitigations: Enabled attack vectors: user_kernel, user_user, guest_host, guest_guest, SMT mitigations: auto
Oct 03 16:42:15 baseweed-admin kernel: Speculative Store Bypass: Mitigation: Speculative Store Bypass disabled via prctl
Oct 03 16:42:15 baseweed-admin kernel: Spectre V2 : Mitigation: Enhanced / Automatic IBRS
Oct 03 16:42:15 baseweed-admin kernel: Speculative Return Stack Overflow: Mitigation: IBPB on VMEXIT only
Oct 03 16:42:15 baseweed-admin kernel: Spectre V1 : Mitigation: usercopy/swapgs barriers and __user pointer sanitization
Oct 03 16:42:15 baseweed-admin kernel: Spectre V2 : Enabling IBPB for BPF
Oct 03 16:42:15 baseweed-admin kernel: Spectre V2 : mitigation: Enabling conditional Indirect Branch Prediction Barrier
Oct 03 16:42:15 baseweed-admin kernel: x86/fpu: Supporting XSAVE feature 0x001: 'x87 floating point registers'
Oct 03 16:42:15 baseweed-admin kernel: x86/fpu: Supporting XSAVE feature 0x002: 'SSE registers'
Oct 03 16:42:15 baseweed-admin kernel: x86/fpu: Supporting XSAVE feature 0x004: 'AVX registers'
Oct 03 16:42:15 baseweed-admin kernel: x86/fpu: Supporting XSAVE feature 0x020: 'AVX-512 opmask'
Oct 03 16:42:15 baseweed-admin kernel: x86/fpu: Supporting XSAVE feature 0x040: 'AVX-512 Hi256'
Oct 03 16:42:15 baseweed-admin kernel: x86/fpu: Supporting XSAVE feature 0x080: 'AVX-512 ZMM_Hi256'
Oct 03 16:42:15 baseweed-admin kernel: x86/fpu: Supporting XSAVE feature 0x200: 'Protection Keys User registers'
Oct 03 16:42:15 baseweed-admin kernel: x86/fpu: Supporting XSAVE feature 0x800: 'Control-flow User registers'
Oct 03 16:42:15 baseweed-admin kernel: x86/fpu: Supporting XSAVE feature 0x1000: 'Control-flow Kernel registers (KVM only)'
Oct 03 16:42:15 baseweed-admin kernel: x86/fpu: xstate_offset[2]:  576, xstate_sizes[2]:  256
Oct 03 16:42:15 baseweed-admin kernel: x86/fpu: xstate_offset[5]:  832, xstate_sizes[5]:   64
Oct 03 16:42:15 baseweed-admin kernel: x86/fpu: xstate_offset[6]:  896, xstate_sizes[6]:  512
Oct 03 16:42:15 baseweed-admin kernel: x86/fpu: xstate_offset[7]: 1408, xstate_sizes[7]: 1024
Oct 03 16:42:15 baseweed-admin kernel: x86/fpu: xstate_offset[9]: 2432, xstate_sizes[9]:    8
Oct 03 16:42:15 baseweed-admin kernel: x86/fpu: xstate_offset[11]: 2440, xstate_sizes[11]:   16
Oct 03 16:42:15 baseweed-admin kernel: x86/fpu: xstate_offset[12]: 2456, xstate_sizes[12]:   24
Oct 03 16:42:15 baseweed-admin kernel: x86/fpu: Enabled xstate features 0x1ae7, context size is 2480 bytes, using 'compacted' format.
Oct 03 16:42:15 baseweed-admin kernel: pid_max: default: 32768 minimum: 301
Oct 03 16:42:15 baseweed-admin kernel: landlock: Up and running.
Oct 03 16:42:15 baseweed-admin kernel: Yama: becoming mindful.
Oct 03 16:42:15 baseweed-admin kernel: SELinux:  Initializing.
Oct 03 16:42:15 baseweed-admin kernel: LSM support for eBPF active
Oct 03 16:42:15 baseweed-admin kernel: Mount-cache hash table entries: 8192 (order: 4, 65536 bytes, linear)
Oct 03 16:42:15 baseweed-admin kernel: Mountpoint-cache hash table entries: 8192 (order: 4, 65536 bytes, linear)
Oct 03 16:42:15 baseweed-admin kernel: VFS: Finished mounting rootfs on nullfs
Oct 03 16:42:15 baseweed-admin kernel: smpboot: CPU0: AMD RYZEN AI MAX+ PRO 395 w/ Radeon 8060S (family: 0x1a, model: 0x70, stepping: 0x0)
Oct 03 16:42:15 baseweed-admin kernel: Performance Events: Fam17h+ core perfctr, AMD PMU driver.
Oct 03 16:42:15 baseweed-admin kernel: ... version:                   2
Oct 03 16:42:15 baseweed-admin kernel: ... bit width:                 48
Oct 03 16:42:15 baseweed-admin kernel: ... generic counters:          6
Oct 03 16:42:15 baseweed-admin kernel: ... generic bitmap:            000000000000003f
Oct 03 16:42:15 baseweed-admin kernel: ... fixed-purpose counters:    0
Oct 03 16:42:15 baseweed-admin kernel: ... fixed-purpose bitmap:      0000000000000000
Oct 03 16:42:15 baseweed-admin kernel: ... value mask:                0000ffffffffffff
Oct 03 16:42:15 baseweed-admin kernel: ... max period:                00007fffffffffff
Oct 03 16:42:15 baseweed-admin kernel: ... global_ctrl mask:          000000000000003f
Oct 03 16:42:15 baseweed-admin kernel: signal: max sigframe size: 3376
Oct 03 16:42:15 baseweed-admin kernel: rcu: Hierarchical SRCU implementation.
Oct 03 16:42:15 baseweed-admin kernel: rcu:         Max phase no-delay instances is 400.
Oct 03 16:42:15 baseweed-admin kernel: Timer migration: 1 hierarchy levels; 8 children per group; 1 crossnode level
Oct 03 16:42:15 baseweed-admin kernel: smp: Bringing up secondary CPUs ...
Oct 03 16:42:15 baseweed-admin kernel: smpboot: x86: Booting SMP configuration:
Oct 03 16:42:15 baseweed-admin kernel: .... node  #0, CPUs:      #1 #2 #3
Oct 03 16:42:15 baseweed-admin kernel: smp: Brought up 1 node, 4 CPUs
Oct 03 16:42:15 baseweed-admin kernel: smpboot: Total of 4 processors activated (23955.00 BogoMIPS)
Oct 03 16:42:15 baseweed-admin kernel: node 0 deferred pages initialised in 16ms
Oct 03 16:42:15 baseweed-admin kernel: Memory: 3928564K/4193768K available (18797K kernel code, 3308K rwdata, 15668K rodata, 4768K init, 5744K bss, 258780K reserved, 0K cma-reserved)
Oct 03 16:42:15 baseweed-admin kernel: devtmpfs: initialized
Oct 03 16:42:15 baseweed-admin kernel: x86/mm: Memory block size: 128MB
Oct 03 16:42:15 baseweed-admin kernel: posixtimers hash table entries: 2048 (order: 3, 32768 bytes, linear)
Oct 03 16:42:15 baseweed-admin kernel: futex hash table entries: 1024 (65536 bytes on 1 NUMA nodes, total 64 KiB, linear).
Oct 03 16:42:15 baseweed-admin kernel: PM: RTC time: 16:42:13, date: 2026-10-03
Oct 03 16:42:15 baseweed-admin kernel: NET: Registered PF_NETLINK/PF_ROUTE protocol family
Oct 03 16:42:15 baseweed-admin kernel: DMA: preallocated 512 KiB GFP_KERNEL pool for atomic allocations
Oct 03 16:42:15 baseweed-admin kernel: DMA: preallocated 512 KiB GFP_KERNEL|GFP_DMA pool for atomic allocations
Oct 03 16:42:15 baseweed-admin kernel: DMA: preallocated 512 KiB GFP_KERNEL|GFP_DMA32 pool for atomic allocations
Oct 03 16:42:15 baseweed-admin kernel: audit: initializing netlink subsys (disabled)
Oct 03 16:42:15 baseweed-admin kernel: audit: type=2000 audit(1791045734.063:1): state=initialized audit_enabled=0 res=1
Oct 03 16:42:15 baseweed-admin kernel: thermal_sys: Registered thermal governor 'fair_share'
Oct 03 16:42:15 baseweed-admin kernel: thermal_sys: Registered thermal governor 'bang_bang'
Oct 03 16:42:15 baseweed-admin kernel: thermal_sys: Registered thermal governor 'step_wise'
Oct 03 16:42:15 baseweed-admin kernel: thermal_sys: Registered thermal governor 'user_space'
Oct 03 16:42:15 baseweed-admin kernel: cpuidle: using governor ladder
Oct 03 16:42:15 baseweed-admin kernel: cpuidle: using governor menu
Oct 03 16:42:15 baseweed-admin kernel: Freeing SMP alternatives memory: 48K
Oct 03 16:42:15 baseweed-admin kernel: acpiphp: ACPI Hot Plug PCI Controller Driver version: 0.5
Oct 03 16:42:15 baseweed-admin kernel: PCI: Using configuration type 1 for base access
Oct 03 16:42:15 baseweed-admin kernel: PCI: Using configuration type 1 for extended access
Oct 03 16:42:15 baseweed-admin kernel: kprobes: kprobe jump-optimization is enabled. All kprobes are optimized if possible.
Oct 03 16:42:15 baseweed-admin kernel: HugeTLB: registered 1.00 GiB page size, pre-allocated 0 pages
Oct 03 16:42:15 baseweed-admin kernel: HugeTLB: 16380 KiB vmemmap can be freed for a 1.00 GiB page
Oct 03 16:42:15 baseweed-admin kernel: HugeTLB: registered 2.00 MiB page size, pre-allocated 0 pages
Oct 03 16:42:15 baseweed-admin kernel: HugeTLB: 28 KiB vmemmap can be freed for a 2.00 MiB page
Oct 03 16:42:15 baseweed-admin kernel: ACPI: Added _OSI(Module Device)
Oct 03 16:42:15 baseweed-admin kernel: ACPI: Added _OSI(Processor Device)
Oct 03 16:42:15 baseweed-admin kernel: ACPI: Added _OSI(Processor Aggregator Device)
Oct 03 16:42:15 baseweed-admin kernel: ACPI: 1 ACPI AML tables successfully acquired and loaded
Oct 03 16:42:15 baseweed-admin kernel: ACPI: \_SB_: platform _OSC: OS support mask [006e7eff]
Oct 03 16:42:15 baseweed-admin kernel: ACPI: Interpreter enabled
Oct 03 16:42:15 baseweed-admin kernel: ACPI: PM: (supports S0 S3 S4 S5)
Oct 03 16:42:15 baseweed-admin kernel: ACPI: Using IOAPIC for interrupt routing
Oct 03 16:42:15 baseweed-admin kernel: PCI: Using host bridge windows from ACPI; if necessary, use "pci=nocrs" and report a bug
Oct 03 16:42:15 baseweed-admin kernel: PCI: Using E820 reservations for host bridge windows
Oct 03 16:42:15 baseweed-admin kernel: ACPI: Enabled 2 GPEs in block 00 to 0F
Oct 03 16:42:15 baseweed-admin kernel: ACPI: PCI Root Bridge [PCI0] (domain 0000 [bus 00-ff])
Oct 03 16:42:15 baseweed-admin kernel: acpiphp: Slot [2] registered
Oct 03 16:42:15 baseweed-admin kernel: acpiphp: Slot [3] registered
Oct 03 16:42:15 baseweed-admin kernel: acpiphp: Slot [4] registered
Oct 03 16:42:15 baseweed-admin kernel: acpiphp: Slot [5] registered
Oct 03 16:42:15 baseweed-admin kernel: acpiphp: Slot [6] registered
Oct 03 16:42:15 baseweed-admin kernel: acpiphp: Slot [7] registered
Oct 03 16:42:15 baseweed-admin kernel: acpiphp: Slot [8] registered
Oct 03 16:42:15 baseweed-admin kernel: acpiphp: Slot [9] registered
Oct 03 16:42:15 baseweed-admin kernel: acpiphp: Slot [10] registered
Oct 03 16:42:15 baseweed-admin kernel: acpiphp: Slot [11] registered
Oct 03 16:42:15 baseweed-admin kernel: acpiphp: Slot [12] registered
Oct 03 16:42:15 baseweed-admin kernel: acpiphp: Slot [13] registered
Oct 03 16:42:15 baseweed-admin kernel: acpiphp: Slot [14] registered
Oct 03 16:42:15 baseweed-admin kernel: acpiphp: Slot [15] registered
Oct 03 16:42:15 baseweed-admin kernel: acpiphp: Slot [17] registered
Oct 03 16:42:15 baseweed-admin kernel: acpiphp: Slot [18] registered
Oct 03 16:42:15 baseweed-admin kernel: acpiphp: Slot [19] registered
Oct 03 16:42:15 baseweed-admin kernel: acpiphp: Slot [20] registered
Oct 03 16:42:15 baseweed-admin kernel: acpiphp: Slot [21] registered
Oct 03 16:42:15 baseweed-admin kernel: acpiphp: Slot [22] registered
Oct 03 16:42:15 baseweed-admin kernel: acpiphp: Slot [23] registered
Oct 03 16:42:15 baseweed-admin kernel: acpiphp: Slot [24] registered
Oct 03 16:42:15 baseweed-admin kernel: acpiphp: Slot [25] registered
Oct 03 16:42:15 baseweed-admin kernel: acpiphp: Slot [26] registered
Oct 03 16:42:15 baseweed-admin kernel: acpiphp: Slot [27] registered
Oct 03 16:42:15 baseweed-admin kernel: acpiphp: Slot [28] registered
Oct 03 16:42:15 baseweed-admin kernel: acpiphp: Slot [29] registered
Oct 03 16:42:15 baseweed-admin kernel: acpiphp: Slot [30] registered
Oct 03 16:42:15 baseweed-admin kernel: acpiphp: Slot [31] registered
Oct 03 16:42:15 baseweed-admin kernel: PCI host bridge to bus 0000:00
Oct 03 16:42:15 baseweed-admin kernel: pci_bus 0000:00: root bus resource [io  0x0000-0x0cf7 window]
Oct 03 16:42:15 baseweed-admin kernel: pci_bus 0000:00: root bus resource [io  0x0d00-0xffff window]
Oct 03 16:42:15 baseweed-admin kernel: pci_bus 0000:00: root bus resource [mem 0x000a0000-0x000bffff window]
Oct 03 16:42:15 baseweed-admin kernel: pci_bus 0000:00: root bus resource [mem 0xc0000000-0xfebfffff window]
Oct 03 16:42:15 baseweed-admin kernel: pci_bus 0000:00: root bus resource [mem 0xe0000000000-0xe007fffffff window]
Oct 03 16:42:15 baseweed-admin kernel: pci_bus 0000:00: root bus resource [bus 00-ff]
Oct 03 16:42:15 baseweed-admin kernel: pci 0000:00:00.0: [8086:1237] type 00 class 0x060000 conventional PCI endpoint
Oct 03 16:42:15 baseweed-admin kernel: pci 0000:00:01.0: [8086:7000] type 00 class 0x060100 conventional PCI endpoint
Oct 03 16:42:15 baseweed-admin kernel: pci 0000:00:01.1: [8086:7010] type 00 class 0x010180 conventional PCI endpoint
Oct 03 16:42:15 baseweed-admin kernel: pci 0000:00:01.1: BAR 4 [io  0xc120-0xc12f]
Oct 03 16:42:15 baseweed-admin kernel: pci 0000:00:01.1: BAR 0 [io  0x01f0-0x01f7]: legacy IDE quirk
Oct 03 16:42:15 baseweed-admin kernel: pci 0000:00:01.1: BAR 1 [io  0x03f6]: legacy IDE quirk
Oct 03 16:42:15 baseweed-admin kernel: pci 0000:00:01.1: BAR 2 [io  0x0170-0x0177]: legacy IDE quirk
Oct 03 16:42:15 baseweed-admin kernel: pci 0000:00:01.1: BAR 3 [io  0x0376]: legacy IDE quirk
Oct 03 16:42:15 baseweed-admin kernel: pci 0000:00:01.3: [8086:7113] type 00 class 0x068000 conventional PCI endpoint
Oct 03 16:42:15 baseweed-admin kernel: pci 0000:00:01.3: quirk: [io  0x0600-0x063f] claimed by PIIX4 ACPI
Oct 03 16:42:15 baseweed-admin kernel: pci 0000:00:01.3: quirk: [io  0x0700-0x070f] claimed by PIIX4 SMB
Oct 03 16:42:15 baseweed-admin kernel: pci 0000:00:02.0: [1af4:1000] type 00 class 0x020000 conventional PCI endpoint
Oct 03 16:42:15 baseweed-admin kernel: pci 0000:00:02.0: BAR 0 [io  0xc100-0xc11f]
Oct 03 16:42:15 baseweed-admin kernel: pci 0000:00:02.0: BAR 1 [mem 0xfebc8000-0xfebc8fff]
Oct 03 16:42:15 baseweed-admin kernel: pci 0000:00:02.0: BAR 4 [mem 0xe0008000000-0xe0008003fff 64bit pref]
Oct 03 16:42:15 baseweed-admin kernel: pci 0000:00:02.0: ROM [mem 0xfeb80000-0xfebbffff pref]
Oct 03 16:42:15 baseweed-admin kernel: pci 0000:00:03.0: [8086:293e] type 00 class 0x040300 conventional PCI endpoint
Oct 03 16:42:15 baseweed-admin kernel: pci 0000:00:03.0: BAR 0 [mem 0xfebc0000-0xfebc3fff]
Oct 03 16:42:15 baseweed-admin kernel: pci 0000:00:04.0: [1b36:000d] type 00 class 0x0c0330 conventional PCI endpoint
Oct 03 16:42:15 baseweed-admin kernel: pci 0000:00:04.0: BAR 0 [mem 0xfebc4000-0xfebc7fff 64bit]
Oct 03 16:42:15 baseweed-admin kernel: pci 0000:00:05.0: [1af4:1003] type 00 class 0x078000 conventional PCI endpoint
Oct 03 16:42:15 baseweed-admin kernel: pci 0000:00:05.0: BAR 0 [io  0xc080-0xc0bf]
Oct 03 16:42:15 baseweed-admin kernel: pci 0000:00:05.0: BAR 1 [mem 0xfebc9000-0xfebc9fff]
Oct 03 16:42:15 baseweed-admin kernel: pci 0000:00:05.0: BAR 4 [mem 0xe0008004000-0xe0008007fff 64bit pref]
Oct 03 16:42:15 baseweed-admin kernel: pci 0000:00:06.0: [1af4:1001] type 00 class 0x010000 conventional PCI endpoint
Oct 03 16:42:15 baseweed-admin kernel: pci 0000:00:06.0: BAR 0 [io  0xc000-0xc07f]
Oct 03 16:42:15 baseweed-admin kernel: pci 0000:00:06.0: BAR 1 [mem 0xfebca000-0xfebcafff]
Oct 03 16:42:15 baseweed-admin kernel: pci 0000:00:06.0: BAR 4 [mem 0xe0008008000-0xe000800bfff 64bit pref]
Oct 03 16:42:15 baseweed-admin kernel: pci 0000:00:07.0: [1af4:1002] type 00 class 0x00ff00 conventional PCI endpoint
Oct 03 16:42:15 baseweed-admin kernel: pci 0000:00:07.0: BAR 0 [io  0xc0c0-0xc0ff]
Oct 03 16:42:15 baseweed-admin kernel: pci 0000:00:07.0: BAR 1 [mem 0xfebcb000-0xfebcbfff]
Oct 03 16:42:15 baseweed-admin kernel: pci 0000:00:07.0: BAR 4 [mem 0xe000800c000-0xe000800ffff 64bit pref]
Oct 03 16:42:15 baseweed-admin kernel: pci 0000:00:10.0: [1af4:1050] type 00 class 0x038000 conventional PCI endpoint
Oct 03 16:42:15 baseweed-admin kernel: pci 0000:00:10.0: BAR 1 [mem 0xfebcc000-0xfebccfff]
Oct 03 16:42:15 baseweed-admin kernel: pci 0000:00:10.0: BAR 2 [mem 0xe0008010000-0xe0008013fff 64bit pref]
Oct 03 16:42:15 baseweed-admin kernel: pci 0000:00:10.0: BAR 4 [mem 0xe0000000000-0xe0007ffffff 64bit pref]
Oct 03 16:42:15 baseweed-admin kernel: ACPI: PCI: Interrupt link LNKA configured for IRQ 10
Oct 03 16:42:15 baseweed-admin kernel: ACPI: PCI: Interrupt link LNKB configured for IRQ 10
Oct 03 16:42:15 baseweed-admin kernel: ACPI: PCI: Interrupt link LNKC configured for IRQ 11
Oct 03 16:42:15 baseweed-admin kernel: ACPI: PCI: Interrupt link LNKD configured for IRQ 11
Oct 03 16:42:15 baseweed-admin kernel: ACPI: PCI: Interrupt link LNKS configured for IRQ 9
Oct 03 16:42:15 baseweed-admin kernel: iommu: Default domain type: Passthrough
Oct 03 16:42:15 baseweed-admin kernel: pps_core: LinuxPPS API ver. 1 registered
Oct 03 16:42:15 baseweed-admin kernel: pps_core: Software ver. 5.3.6 - Copyright 2005-2007 Rodolfo Giometti <giometti@linux.it>
Oct 03 16:42:15 baseweed-admin kernel: PTP clock support registered
Oct 03 16:42:15 baseweed-admin kernel: EDAC MC: Ver: 3.0.0
Oct 03 16:42:15 baseweed-admin kernel: NetLabel: Initializing
Oct 03 16:42:15 baseweed-admin kernel: NetLabel:  domain hash size = 128
Oct 03 16:42:15 baseweed-admin kernel: NetLabel:  protocols = UNLABELED CIPSOv4 CALIPSO
Oct 03 16:42:15 baseweed-admin kernel: NetLabel:  unlabeled traffic allowed by default
Oct 03 16:42:15 baseweed-admin kernel: mctp: management component transport protocol core
Oct 03 16:42:15 baseweed-admin kernel: NET: Registered PF_MCTP protocol family
Oct 03 16:42:15 baseweed-admin kernel: PCI: Using ACPI for IRQ routing
Oct 03 16:42:15 baseweed-admin kernel: PCI: pci_cache_line_size set to 64 bytes
Oct 03 16:42:15 baseweed-admin kernel: e820: register RAM buffer resource [mem 0x0009fc00-0x0009ffff]
Oct 03 16:42:15 baseweed-admin kernel: e820: register RAM buffer resource [mem 0xbffdc000-0xbfffffff]
Oct 03 16:42:15 baseweed-admin kernel: vgaarb: loaded
Oct 03 16:42:15 baseweed-admin kernel: hpet0: at MMIO 0xfed00000, IRQs 2, 8, 0
Oct 03 16:42:15 baseweed-admin kernel: hpet0: 3 comparators, 64-bit 100.000000 MHz counter
Oct 03 16:42:15 baseweed-admin kernel: clocksource: Switched to clocksource kvm-clock
Oct 03 16:42:15 baseweed-admin kernel: VFS: Disk quotas dquot_6.6.0
Oct 03 16:42:15 baseweed-admin kernel: VFS: Dquot-cache hash table entries: 512 (4096 bytes)
Oct 03 16:42:15 baseweed-admin kernel: pnp: PnP ACPI init
Oct 03 16:42:15 baseweed-admin kernel: ACPI: IRQ 4 override to edge(!), high(!)
Oct 03 16:42:15 baseweed-admin kernel: pnp 00:03: [dma 2]
Oct 03 16:42:15 baseweed-admin kernel: pnp: PnP ACPI: found 4 devices
Oct 03 16:42:15 baseweed-admin kernel: clocksource: acpi_pm: mask: 0xffffff max_cycles: 0xffffff, max_idle_ns: 2085701024 ns
Oct 03 16:42:15 baseweed-admin kernel: NET: Registered PF_INET protocol family
Oct 03 16:42:15 baseweed-admin kernel: IP idents hash table entries: 65536 (order: 7, 524288 bytes, linear)
Oct 03 16:42:15 baseweed-admin kernel: tcp_listen_portaddr_hash hash table entries: 2048 (order: 3, 32768 bytes, linear)
Oct 03 16:42:15 baseweed-admin kernel: Table-perturb hash table entries: 65536 (order: 6, 262144 bytes, linear)
Oct 03 16:42:15 baseweed-admin kernel: TCP established hash table entries: 32768 (order: 6, 262144 bytes, linear)
Oct 03 16:42:15 baseweed-admin kernel: TCP bind hash table entries: 32768 (order: 8, 1048576 bytes, linear)
Oct 03 16:42:15 baseweed-admin kernel: TCP: Hash tables configured (established 32768 bind 32768)
Oct 03 16:42:15 baseweed-admin kernel: MPTCP token hash table entries: 4096 (order: 5, 98304 bytes, linear)
Oct 03 16:42:15 baseweed-admin kernel: UDP hash table entries: 2048 (order: 5, 131072 bytes, linear)
Oct 03 16:42:15 baseweed-admin kernel: NET: Registered PF_UNIX/PF_LOCAL protocol family
Oct 03 16:42:15 baseweed-admin kernel: NET: Registered PF_XDP protocol family
Oct 03 16:42:15 baseweed-admin kernel: pci_bus 0000:00: resource 4 [io  0x0000-0x0cf7 window]
Oct 03 16:42:15 baseweed-admin kernel: pci_bus 0000:00: resource 5 [io  0x0d00-0xffff window]
Oct 03 16:42:15 baseweed-admin kernel: pci_bus 0000:00: resource 6 [mem 0x000a0000-0x000bffff window]
Oct 03 16:42:15 baseweed-admin kernel: pci_bus 0000:00: resource 7 [mem 0xc0000000-0xfebfffff window]
Oct 03 16:42:15 baseweed-admin kernel: pci_bus 0000:00: resource 8 [mem 0xe0000000000-0xe007fffffff window]
Oct 03 16:42:15 baseweed-admin kernel: pci 0000:00:01.0: PIIX3: Enabling Passive Release
Oct 03 16:42:15 baseweed-admin kernel: pci 0000:00:00.0: Limiting direct PCI/PCI transfers
Oct 03 16:42:15 baseweed-admin kernel: ACPI: \_SB_.LNKD: Enabled at IRQ 11
Oct 03 16:42:15 baseweed-admin kernel: PCI: CLS 0 bytes, default 64
Oct 03 16:42:15 baseweed-admin kernel: PCI-DMA: Using software bounce buffering for IO (SWIOTLB)
Oct 03 16:42:15 baseweed-admin kernel: software IO TLB: mapped [mem 0x00000000bbfdc000-0x00000000bffdc000] (64MB)
Oct 03 16:42:15 baseweed-admin kernel: clocksource: tsc: mask: 0xffffffffffffffff max_cycles: 0x2b2984d0609, max_idle_ns: 440795359805 ns
Oct 03 16:42:15 baseweed-admin kernel: Trying to unpack rootfs image as initramfs...
Oct 03 16:42:15 baseweed-admin kernel: clocksource: Switched to clocksource tsc
Oct 03 16:42:15 baseweed-admin kernel: Initialise system trusted keyrings
Oct 03 16:42:15 baseweed-admin kernel: Key type blacklist registered
Oct 03 16:42:15 baseweed-admin kernel: workingset: timestamp_bits=36 (anon: 31) max_order=20 bucket_order=0 (anon: 0)
Oct 03 16:42:15 baseweed-admin kernel: integrity: Platform Keyring initialized
Oct 03 16:42:15 baseweed-admin kernel: integrity: Machine keyring initialized
Oct 03 16:42:15 baseweed-admin kernel: Allocating IMA blacklist keyring.
Oct 03 16:42:15 baseweed-admin kernel: Key type asymmetric registered
Oct 03 16:42:15 baseweed-admin kernel: Asymmetric key parser 'x509' registered
Oct 03 16:42:15 baseweed-admin kernel: Block layer SCSI generic (bsg) driver version 0.4 loaded (major 245)
Oct 03 16:42:15 baseweed-admin kernel: io scheduler mq-deadline registered
Oct 03 16:42:15 baseweed-admin kernel: io scheduler kyber registered
Oct 03 16:42:15 baseweed-admin kernel: io scheduler bfq registered
Oct 03 16:42:15 baseweed-admin kernel: ledtrig-cpu: registered to indicate activity on CPUs
Oct 03 16:42:15 baseweed-admin kernel: ACPI: \_SB_.LNKB: Enabled at IRQ 10
Oct 03 16:42:15 baseweed-admin kernel: ACPI: \_SB_.LNKA: Enabled at IRQ 10
Oct 03 16:42:15 baseweed-admin kernel: ACPI: \_SB_.LNKC: Enabled at IRQ 11
Oct 03 16:42:15 baseweed-admin kernel: Serial: 8250/16550 driver, 32 ports, IRQ sharing enabled
Oct 03 16:42:15 baseweed-admin kernel: 00:00: ttyS0 at I/O 0x3f8 (irq = 4, base_baud = 115200) is a 16550A
Oct 03 16:42:15 baseweed-admin kernel: Non-volatile memory driver v1.3
Oct 03 16:42:15 baseweed-admin kernel: ACPI: bus type drm_connector registered
Oct 03 16:42:15 baseweed-admin kernel: i8042: PNP: PS/2 Controller [PNP0303:KBD,PNP0f13:MOU] at 0x60,0x64 irq 1,12
Oct 03 16:42:15 baseweed-admin kernel: serio: i8042 KBD port at 0x60,0x64 irq 1
Oct 03 16:42:15 baseweed-admin kernel: serio: i8042 AUX port at 0x60,0x64 irq 12
Oct 03 16:42:15 baseweed-admin kernel: mousedev: PS/2 mouse device common for all mice
Oct 03 16:42:15 baseweed-admin kernel: rtc_cmos PNP0B00:00: RTC can wake from S4
Oct 03 16:42:15 baseweed-admin kernel: rtc_cmos PNP0B00:00: registered as rtc0
Oct 03 16:42:15 baseweed-admin kernel: rtc_cmos PNP0B00:00: setting system clock to 2026-10-03T16:42:13 UTC (1791045733)
Oct 03 16:42:15 baseweed-admin kernel: rtc_cmos PNP0B00:00: alarms up to one day, y3k, 242 bytes nvram, hpet irqs
Oct 03 16:42:15 baseweed-admin kernel: hid: raw HID events driver (C) Jiri Kosina
Oct 03 16:42:15 baseweed-admin kernel: drop_monitor: Initializing network drop monitor service
Oct 03 16:42:15 baseweed-admin kernel: NET: Registered PF_INET6 protocol family
Oct 03 16:42:15 baseweed-admin kernel: input: AT Translated Set 2 keyboard as /devices/platform/i8042/serio0/input/input0
Oct 03 16:42:15 baseweed-admin kernel: Segment Routing with IPv6
Oct 03 16:42:15 baseweed-admin kernel: RPL Segment Routing with IPv6
Oct 03 16:42:15 baseweed-admin kernel: In-situ OAM (IOAM) with IPv6
Oct 03 16:42:15 baseweed-admin kernel: input: VirtualPS/2 VMware VMMouse as /devices/platform/i8042/serio1/input/input3
Oct 03 16:42:15 baseweed-admin kernel: IPI shorthand broadcast: enabled
Oct 03 16:42:15 baseweed-admin kernel: input: VirtualPS/2 VMware VMMouse as /devices/platform/i8042/serio1/input/input2
Oct 03 16:42:15 baseweed-admin kernel: sched_clock: Marking stable (911004292, 4097336)->(985458657, -70357029)
Oct 03 16:42:15 baseweed-admin kernel: registered taskstats version 1
Oct 03 16:42:15 baseweed-admin kernel: Loading compiled-in X.509 certificates
Oct 03 16:42:15 baseweed-admin kernel: Loaded X.509 cert 'openSUSE Secure Boot Signkey: da89dc82efa50f451409029d285397e520ec4a61'
Oct 03 16:42:15 baseweed-admin kernel: Demotion targets for Node 0: null
Oct 03 16:42:15 baseweed-admin kernel: page_owner is disabled
Oct 03 16:42:15 baseweed-admin kernel: Key type .fscrypt registered
Oct 03 16:42:15 baseweed-admin kernel: Key type fscrypt-provisioning registered
Oct 03 16:42:15 baseweed-admin kernel: Key type big_key registered
Oct 03 16:42:15 baseweed-admin kernel: Freeing initrd memory: 63108K
Oct 03 16:42:15 baseweed-admin kernel: Key type encrypted registered
Oct 03 16:42:15 baseweed-admin kernel: ima: No TPM chip found, activating TPM-bypass!
Oct 03 16:42:15 baseweed-admin kernel: Loading compiled-in module X.509 certificates
Oct 03 16:42:15 baseweed-admin kernel: Loaded X.509 cert 'openSUSE Secure Boot Signkey: da89dc82efa50f451409029d285397e520ec4a61'
Oct 03 16:42:15 baseweed-admin kernel: ima: Allocated hash algorithm: sha256
Oct 03 16:42:15 baseweed-admin kernel: ima: No architecture policies found
Oct 03 16:42:15 baseweed-admin kernel: evm: Initialising EVM extended attributes:
Oct 03 16:42:15 baseweed-admin kernel: evm: security.selinux
Oct 03 16:42:15 baseweed-admin kernel: evm: security.SMACK64 (disabled)
Oct 03 16:42:15 baseweed-admin kernel: evm: security.SMACK64EXEC (disabled)
Oct 03 16:42:15 baseweed-admin kernel: evm: security.SMACK64TRANSMUTE (disabled)
Oct 03 16:42:15 baseweed-admin kernel: evm: security.SMACK64MMAP (disabled)
Oct 03 16:42:15 baseweed-admin kernel: evm: security.apparmor
Oct 03 16:42:15 baseweed-admin kernel: evm: security.ima
Oct 03 16:42:15 baseweed-admin kernel: evm: security.capability
Oct 03 16:42:15 baseweed-admin kernel: evm: HMAC attrs: 0x1
Oct 03 16:42:15 baseweed-admin kernel: PM:   Magic number: 14:630:741
Oct 03 16:42:15 baseweed-admin kernel: workqueue writeback: hash matches
Oct 03 16:42:15 baseweed-admin kernel: RAS: Correctable Errors collector initialized.
Oct 03 16:42:15 baseweed-admin kernel: clk: Disabling unused clocks
Oct 03 16:42:15 baseweed-admin kernel: PM: genpd: Disabling unused power domains
Oct 03 16:42:15 baseweed-admin kernel: Freeing unused decrypted memory: 2028K
Oct 03 16:42:15 baseweed-admin kernel: Freeing unused kernel image (initmem) memory: 4768K
Oct 03 16:42:15 baseweed-admin kernel: Write protecting the kernel read-only data: 36864k
Oct 03 16:42:15 baseweed-admin kernel: Freeing unused kernel image (text/rodata gap) memory: 1680K
Oct 03 16:42:15 baseweed-admin kernel: Freeing unused kernel image (rodata/data gap) memory: 716K
Oct 03 16:42:15 baseweed-admin kernel: x86/mm: Checked W+X mappings: passed, no W+X pages found.
Oct 03 16:42:15 baseweed-admin kernel: Run /init as init process
Oct 03 16:42:15 baseweed-admin kernel:   with arguments:
Oct 03 16:42:15 baseweed-admin kernel:     /init
Oct 03 16:42:15 baseweed-admin kernel:   with environment:
Oct 03 16:42:15 baseweed-admin kernel:     HOME=/
Oct 03 16:42:15 baseweed-admin kernel:     TERM=linux
Oct 03 16:42:15 baseweed-admin kernel: fuse: init (API version 7.45)
Oct 03 16:42:15 baseweed-admin systemd[1]: Successfully made /usr/ read-only.
Oct 03 16:42:15 baseweed-admin systemd[1]: systemd 261.2 running in system mode (+PAM +AUDIT +SELINUX +APPARMOR +IMA +IPE -SMACK +SECCOMP +GCRYPT +GNUTLS +OPENSSL +ACL +BLKID +CURL +ELFUTILS +FIDO2 +IDN2 +KMOD +LIBCRYPTSETUP +LIBCRYPTSETUP_PLUGINS +LIBFDISK +PCRE2 +PWQUALITY +P11KIT +QRENCODE +TPM2 +BZIP2 +LZ4 +XZ +ZLIB +ZSTD +BPF_FRAMEWORK +BTF -XKBCOMMON -UTMP +LIBARCHIVE)
Oct 03 16:42:15 baseweed-admin systemd[1]: Detected virtualization kvm.
Oct 03 16:42:15 baseweed-admin systemd[1]: Detected architecture x86-64.
Oct 03 16:42:15 baseweed-admin systemd[1]: Running in initrd.
Oct 03 16:42:15 baseweed-admin systemd[1]: Initializing machine ID from SMBIOS/DMI UUID.
Oct 03 16:42:15 baseweed-admin systemd[1]: Hostname set to <baseweed-admin>.
Oct 03 16:42:15 baseweed-admin systemd[1]: bpf-restrict-fs: LSM BPF program attached
Oct 03 16:42:15 baseweed-admin systemd[1]: Queued start job for default target Initrd Default Target.
Oct 03 16:42:15 baseweed-admin systemd[1]: Started Dispatch Password Requests to Console Directory Watch.
Oct 03 16:42:15 baseweed-admin systemd[1]: Expecting device /dev/disk/by-uuid/1df5576d-c0e8-4d58-8321-036cc145665a...
Oct 03 16:42:15 baseweed-admin systemd[1]: Expecting device /dev/disk/by-uuid/851C-222C...
Oct 03 16:42:15 baseweed-admin systemd[1]: Reached target Initrd /usr File System.
Oct 03 16:42:15 baseweed-admin systemd[1]: Reached target Path Units.
Oct 03 16:42:15 baseweed-admin systemd[1]: Reached target Slice Units.
Oct 03 16:42:15 baseweed-admin systemd[1]: Reached target Swaps.
Oct 03 16:42:15 baseweed-admin systemd[1]: Reached target Timer Units.
Oct 03 16:42:15 baseweed-admin systemd[1]: Listening on D-Bus System Message Bus Socket.
Oct 03 16:42:15 baseweed-admin systemd[1]: Listening on Journal Socket (/dev/log).
Oct 03 16:42:15 baseweed-admin systemd[1]: Listening on Journal Sockets.
Oct 03 16:42:15 baseweed-admin systemd[1]: Listening on udev Control Socket.
Oct 03 16:42:15 baseweed-admin systemd[1]: Listening on udev Kernel Socket.
Oct 03 16:42:15 baseweed-admin systemd[1]: Listening on udev Varlink Socket.
Oct 03 16:42:15 baseweed-admin systemd[1]: Reached target Socket Units.
Oct 03 16:42:15 baseweed-admin systemd[1]: Starting Create List of Static Device Nodes...
Oct 03 16:42:15 baseweed-admin systemd[1]: Early Battery Level Check skipped, unmet condition check ConditionDirectoryNotEmpty=/sys/class/power_supply
Oct 03 16:42:15 baseweed-admin systemd[1]: Starting Journal Service...
Oct 03 16:42:15 baseweed-admin systemd[1]: Starting Load Kernel Modules...
Oct 03 16:42:15 baseweed-admin systemd[1]: Starting Virtual Console Setup...
Oct 03 16:42:15 baseweed-admin systemd[1]: Finished Create List of Static Device Nodes.
Oct 03 16:42:15 baseweed-admin systemd[1]: Starting Create Static Device Nodes in /dev gracefully...
Oct 03 16:42:15 baseweed-admin systemd-journald[179]: Collecting audit messages is disabled.
Oct 03 16:42:15 baseweed-admin systemd-journald[179]: Journal started
Oct 03 16:42:15 baseweed-admin systemd-journald[179]: Runtime Journal (/run/log/journal/b663f4f7d6d3408492ff7eaa47f8ea38) is 8M, max 78.2M, 70.2M free.
Oct 03 16:42:15 baseweed-admin systemd-modules-load[180]: Using 2 probe threads
Oct 03 16:42:15 baseweed-admin systemd[1]: Started Journal Service.
Oct 03 16:42:15 baseweed-admin systemd-modules-load[180]: Inserted module 'nf_tables'
Oct 03 16:42:15 baseweed-admin kernel: bridge: filtering via arp/ip/ip6tables is no longer available by default. Update your scripts to load br_netfilter if you need this.
Oct 03 16:42:15 baseweed-admin kernel: Bridge firewalling registered
Oct 03 16:42:15 baseweed-admin systemd-modules-load[180]: Inserted module 'br_netfilter'
Oct 03 16:42:15 baseweed-admin systemd[1]: Finished Load Kernel Modules.
Oct 03 16:42:15 baseweed-admin systemd[1]: Starting Apply Kernel Variables...
Oct 03 16:42:15 baseweed-admin systemd[1]: Finished Virtual Console Setup.
Oct 03 16:42:15 baseweed-admin systemd[1]: Finished Create Static Device Nodes in /dev gracefully.
Oct 03 16:42:15 baseweed-admin systemd[1]: Starting dracut ask for additional cmdline parameters...
Oct 03 16:42:15 baseweed-admin systemd[1]: Starting Create System Users...
Oct 03 16:42:15 baseweed-admin systemd[1]: Finished Apply Kernel Variables.
Oct 03 16:42:15 baseweed-admin systemd-sysusers[197]: Creating group 'systemd-journal' with GID 499.
Oct 03 16:42:15 baseweed-admin systemd-sysusers[197]: Creating group 'messagebus' with GID 498.
Oct 03 16:42:15 baseweed-admin systemd-sysusers[197]: Creating user 'messagebus' (User for D-Bus) with UID 498 and GID 498.
Oct 03 16:42:15 baseweed-admin systemd[1]: Finished Create System Users.
Oct 03 16:42:15 baseweed-admin systemd[1]: Starting Create Static Device Nodes in /dev...
Oct 03 16:42:15 baseweed-admin systemd[1]: Starting Create System Files and Directories...
Oct 03 16:42:15 baseweed-admin systemd[1]: Finished dracut ask for additional cmdline parameters.
Oct 03 16:42:15 baseweed-admin systemd[1]: Starting dracut cmdline hook...
Oct 03 16:42:15 baseweed-admin systemd-tmpfiles[203]: /usr/lib/tmpfiles.d/systemd.conf:29: Duplicate line for path "/var/lib/systemd", ignoring.
Oct 03 16:42:15 baseweed-admin systemd[1]: Finished Create Static Device Nodes in /dev.
Oct 03 16:42:15 baseweed-admin systemd[1]: Finished Create System Files and Directories.
Oct 03 16:42:15 baseweed-admin systemd[1]: Reached target Preparation for Local File Systems.
Oct 03 16:42:15 baseweed-admin systemd[1]: Reached target Local File Systems.
Oct 03 16:42:15 baseweed-admin dracut-cmdline[211]: dracut-112+suse.53.g97cbf62-1
Oct 03 16:42:15 baseweed-admin dracut-cmdline[211]: Using kernel command line parameters:  root=UUID=1df5576d-c0e8-4d58-8321-036cc145665a rootfstype=xfs rootflags=rw,relatime,inode64,logbufs=8,logbsize=32k,noquota   BOOT_IMAGE=/boot/vmlinuz-7.2.8-1-default root=UUID=1df5576d-c0e8-4d58-8321-036cc145665a rw quiet systemd.show_status=1 console=ttyS0,115200 console=tty0 security=selinux selinux=1
Oct 03 16:42:15 baseweed-admin systemd[1]: Finished dracut cmdline hook.
Oct 03 16:42:15 baseweed-admin systemd[1]: Starting dracut pre-udev hook...
Oct 03 16:42:15 baseweed-admin systemd[1]: Finished dracut pre-udev hook.
Oct 03 16:42:15 baseweed-admin systemd[1]: Starting Rule-based Manager for Device Events and Files...
Oct 03 16:42:15 baseweed-admin systemd-udevd[317]: Using default interface naming scheme 'v261'.
Oct 03 16:42:15 baseweed-admin systemd[1]: Started Rule-based Manager for Device Events and Files.
Oct 03 16:42:15 baseweed-admin systemd[1]: dracut pre-trigger hook skipped, no trigger condition checks were met.
Oct 03 16:42:15 baseweed-admin systemd[1]: Starting Coldplug All udev Devices...
Oct 03 16:42:15 baseweed-admin systemd[1]: Finished Coldplug All udev Devices.
Oct 03 16:42:15 baseweed-admin systemd[1]: Reached target System Initialization.
Oct 03 16:42:15 baseweed-admin systemd[1]: Reached target Basic System.
Oct 03 16:42:15 baseweed-admin systemd[1]: Created slice Slice /system/modprobe.
Oct 03 16:42:15 baseweed-admin systemd[1]: Load Kernel Module configfs skipped, unmet condition check ConditionKernelModuleLoaded=!configfs
Oct 03 16:42:15 baseweed-admin kernel: ACPI: bus type USB registered
Oct 03 16:42:15 baseweed-admin kernel: usbcore: registered new interface driver usbfs
Oct 03 16:42:15 baseweed-admin kernel: usbcore: registered new interface driver hub
Oct 03 16:42:15 baseweed-admin kernel: usbcore: registered new device driver usb
Oct 03 16:42:15 baseweed-admin kernel: SCSI subsystem initialized
Oct 03 16:42:15 baseweed-admin kernel: virtio_blk virtio2: 4/0/0 default/read/poll queues
Oct 03 16:42:15 baseweed-admin kernel: xhci_hcd 0000:00:04.0: xHCI Host Controller
Oct 03 16:42:15 baseweed-admin kernel: xhci_hcd 0000:00:04.0: new USB bus registered, assigned bus number 1
Oct 03 16:42:15 baseweed-admin kernel: xhci_hcd 0000:00:04.0: hcc params 0x00087001 hci version 0x100 quirks 0x0000000000000010
Oct 03 16:42:15 baseweed-admin kernel: xhci_hcd 0000:00:04.0: xHCI Host Controller
Oct 03 16:42:15 baseweed-admin kernel: xhci_hcd 0000:00:04.0: new USB bus registered, assigned bus number 2
Oct 03 16:42:15 baseweed-admin kernel: xhci_hcd 0000:00:04.0: Host supports USB 3.0 SuperSpeed
Oct 03 16:42:15 baseweed-admin kernel: usb usb1: New USB device found, idVendor=1d6b, idProduct=0002, bcdDevice= 7.02
Oct 03 16:42:15 baseweed-admin kernel: usb usb1: New USB device strings: Mfr=3, Product=2, SerialNumber=1
Oct 03 16:42:15 baseweed-admin kernel: usb usb1: Product: xHCI Host Controller
Oct 03 16:42:15 baseweed-admin kernel: usb usb1: Manufacturer: Linux 7.2.8-1-default xhci-hcd
Oct 03 16:42:15 baseweed-admin kernel: usb usb1: SerialNumber: 0000:00:04.0
Oct 03 16:42:15 baseweed-admin kernel: virtio_net virtio0 ens2: renamed from eth0
Oct 03 16:42:15 baseweed-admin kernel: hub 1-0:1.0: USB hub found
Oct 03 16:42:15 baseweed-admin kernel: hub 1-0:1.0: 15 ports detected
Oct 03 16:42:15 baseweed-admin kernel: usb usb2: We don't know the algorithms for LPM for this host, disabling LPM.
Oct 03 16:42:15 baseweed-admin kernel: usb usb2: New USB device found, idVendor=1d6b, idProduct=0003, bcdDevice= 7.02
Oct 03 16:42:15 baseweed-admin kernel: usb usb2: New USB device strings: Mfr=3, Product=2, SerialNumber=1
Oct 03 16:42:15 baseweed-admin kernel: usb usb2: Product: xHCI Host Controller
Oct 03 16:42:15 baseweed-admin kernel: usb usb2: Manufacturer: Linux 7.2.8-1-default xhci-hcd
Oct 03 16:42:15 baseweed-admin kernel: usb usb2: SerialNumber: 0000:00:04.0
Oct 03 16:42:15 baseweed-admin kernel: hub 2-0:1.0: USB hub found
Oct 03 16:42:15 baseweed-admin kernel: hub 2-0:1.0: 15 ports detected
Oct 03 16:42:15 baseweed-admin kernel: virtio_blk virtio2: [vda] 52428800 512-byte logical blocks (26.8 GB/25.0 GiB)
Oct 03 16:42:15 baseweed-admin systemd[1]: systemd-vconsole-setup.service: Deactivated successfully.
Oct 03 16:42:15 baseweed-admin systemd[1]: Stopped Virtual Console Setup.
Oct 03 16:42:15 baseweed-admin systemd[1]: Stopping Virtual Console Setup...
Oct 03 16:42:15 baseweed-admin systemd[1]: Starting Virtual Console Setup...
Oct 03 16:42:15 baseweed-admin kernel:  vda: vda1 vda2 vda3
Oct 03 16:42:15 baseweed-admin kernel: libata version 3.00 loaded.
Oct 03 16:42:15 baseweed-admin kernel: scsi host0: ata_piix
Oct 03 16:42:15 baseweed-admin kernel: scsi host1: ata_piix
Oct 03 16:42:15 baseweed-admin kernel: ata1: PATA max MWDMA2 cmd 0x1f0 ctl 0x3f6 bmdma 0xc120 irq 14 lpm-pol 0
Oct 03 16:42:15 baseweed-admin kernel: ata2: PATA max MWDMA2 cmd 0x170 ctl 0x376 bmdma 0xc128 irq 15 lpm-pol 0
Oct 03 16:42:15 baseweed-admin systemd[1]: Found device /dev/disk/by-uuid/1df5576d-c0e8-4d58-8321-036cc145665a.
Oct 03 16:42:15 baseweed-admin systemd[1]: Finished Virtual Console Setup.
Oct 03 16:42:15 baseweed-admin systemd[1]: Found device /dev/disk/by-uuid/851C-222C.
Oct 03 16:42:15 baseweed-admin systemd[1]: Reached target Initrd Root Device.
Oct 03 16:42:15 baseweed-admin systemd[1]: Starting Detect Firstboot...
Oct 03 16:42:16 baseweed-admin kernel: usb 1-1: new high-speed USB device number 2 using xhci_hcd
Oct 03 16:42:16 baseweed-admin kernel: usb 1-1: New USB device found, idVendor=0627, idProduct=0001, bcdDevice= 0.00
Oct 03 16:42:16 baseweed-admin kernel: usb 1-1: New USB device strings: Mfr=1, Product=3, SerialNumber=10
Oct 03 16:42:16 baseweed-admin kernel: usb 1-1: Product: QEMU USB Tablet
Oct 03 16:42:16 baseweed-admin kernel: usb 1-1: Manufacturer: QEMU
Oct 03 16:42:16 baseweed-admin kernel: usb 1-1: SerialNumber: 28754-0000:00:04.0-1
Oct 03 16:42:16 baseweed-admin kernel: usbcore: registered new interface driver usbhid
Oct 03 16:42:16 baseweed-admin kernel: usbhid: USB HID core driver
Oct 03 16:42:16 baseweed-admin systemd[1]: Mounting Kernel Configuration File System...
Oct 03 16:42:16 baseweed-admin kernel: SGI XFS with ACLs, security attributes, realtime, quota, no debug enabled
Oct 03 16:42:16 baseweed-admin kernel: input: QEMU QEMU USB Tablet as /devices/pci0000:00/0000:00:04.0/usb1/1-1/1-1:1.0/0003:0627:0001.0001/input/input4
Oct 03 16:42:16 baseweed-admin kernel: hid-generic 0003:0627:0001.0001: input,hidraw0: USB HID v0.01 Mouse [QEMU QEMU USB Tablet] on usb-0000:00:04.0-1/input0
Oct 03 16:42:16 baseweed-admin kernel: XFS (vda3): Mounting V5 Filesystem 1df5576d-c0e8-4d58-8321-036cc145665a
Oct 03 16:42:16 baseweed-admin systemd[1]: Mounted Kernel Configuration File System.
Oct 03 16:42:16 baseweed-admin kernel: XFS (vda3): Ending clean mount
Oct 03 16:42:16 baseweed-admin kernel: XFS (vda3): Unmounting Filesystem 1df5576d-c0e8-4d58-8321-036cc145665a
Oct 03 16:42:17 baseweed-admin systemd[1]: firstboot-detect.service: Deactivated successfully.
Oct 03 16:42:17 baseweed-admin systemd[1]: Finished Detect Firstboot.
Oct 03 16:42:17 baseweed-admin systemd[1]: nm-initrd.service skipped, unmet condition check ConditionPathExists=/run/NetworkManager/initrd/neednet
Oct 03 16:42:17 baseweed-admin systemd[1]: Reached target Network.
Oct 03 16:42:17 baseweed-admin systemd[1]: nm-wait-online-initrd.service skipped, unmet condition check ConditionPathExists=/run/NetworkManager/initrd/neednet
Oct 03 16:42:17 baseweed-admin systemd[1]: Starting dracut initqueue hook...
Oct 03 16:42:17 baseweed-admin systemd[1]: Finished dracut initqueue hook.
Oct 03 16:42:17 baseweed-admin systemd[1]: Reached target Preparation for Remote File Systems.
Oct 03 16:42:17 baseweed-admin systemd[1]: Reached target Remote File Systems.
Oct 03 16:42:17 baseweed-admin systemd[1]: Starting dracut pre-mount hook...
Oct 03 16:42:17 baseweed-admin systemd[1]: Finished dracut pre-mount hook.
Oct 03 16:42:17 baseweed-admin systemd[1]: Starting File System Check on /dev/disk/by-uuid/1df5576d-c0e8-4d58-8321-036cc145665a...
Oct 03 16:42:17 baseweed-admin systemd-fsck[430]: /usr/sbin/fsck.xfs: XFS file system.
Oct 03 16:42:17 baseweed-admin systemd[1]: Finished File System Check on /dev/disk/by-uuid/1df5576d-c0e8-4d58-8321-036cc145665a.
Oct 03 16:42:17 baseweed-admin systemd[1]: Mounting /sysroot...
Oct 03 16:42:17 baseweed-admin kernel: XFS (vda3): Mounting V5 Filesystem 1df5576d-c0e8-4d58-8321-036cc145665a
Oct 03 16:42:17 baseweed-admin kernel: XFS (vda3): Ending clean mount
Oct 03 16:42:17 baseweed-admin systemd[1]: Mounted /sysroot.
Oct 03 16:42:17 baseweed-admin systemd[1]: Reached target Initrd Root File System.
Oct 03 16:42:17 baseweed-admin systemd[1]: Starting Mountpoints Configured in the Real Root...
Oct 03 16:42:17 baseweed-admin systemd[1]: initrd-parse-etc.service: Deactivated successfully.
Oct 03 16:42:17 baseweed-admin systemd[1]: Finished Mountpoints Configured in the Real Root.
Oct 03 16:42:17 baseweed-admin systemd[1]: initrd-parse-etc.service: Triggering OnSuccess= dependencies.
Oct 03 16:42:17 baseweed-admin systemd[1]: Reached target Initrd File Systems.
Oct 03 16:42:17 baseweed-admin systemd[1]: Reached target Initrd Default Target.
Oct 03 16:42:17 baseweed-admin systemd[1]: dracut mount hook skipped, no trigger condition checks were met.
Oct 03 16:42:17 baseweed-admin systemd[1]: Starting dracut pre-pivot and cleanup hook...
Oct 03 16:42:17 baseweed-admin systemd[1]: Finished dracut pre-pivot and cleanup hook.
Oct 03 16:42:17 baseweed-admin systemd[1]: Starting Cleaning Up and Shutting Down Daemons...
Oct 03 16:42:17 baseweed-admin systemd[1]: Stopped target Network.
Oct 03 16:42:17 baseweed-admin systemd[1]: Stopped target Timer Units.
Oct 03 16:42:17 baseweed-admin systemd[1]: dracut-pre-pivot.service: Deactivated successfully.
Oct 03 16:42:17 baseweed-admin systemd[1]: Stopped dracut pre-pivot and cleanup hook.
Oct 03 16:42:17 baseweed-admin systemd[1]: Stopped target Initrd Default Target.
Oct 03 16:42:17 baseweed-admin systemd[1]: Stopped target Initrd Root Device.
Oct 03 16:42:17 baseweed-admin systemd[1]: Stopped target Initrd /usr File System.
Oct 03 16:42:17 baseweed-admin systemd[1]: Stopped target Remote File Systems.
Oct 03 16:42:17 baseweed-admin systemd[1]: Stopped target Preparation for Remote File Systems.
Oct 03 16:42:17 baseweed-admin systemd[1]: dracut-pre-mount.service: Deactivated successfully.
Oct 03 16:42:17 baseweed-admin systemd[1]: Stopped dracut pre-mount hook.
Oct 03 16:42:17 baseweed-admin systemd[1]: Stopped target Basic System.
Oct 03 16:42:17 baseweed-admin systemd[1]: Stopped target Path Units.
Oct 03 16:42:17 baseweed-admin systemd[1]: systemd-ask-password-console.path: Deactivated successfully.
Oct 03 16:42:17 baseweed-admin systemd[1]: Stopped Dispatch Password Requests to Console Directory Watch.
Oct 03 16:42:17 baseweed-admin systemd[1]: Stopped target Slice Units.
Oct 03 16:42:17 baseweed-admin systemd[1]: Stopped target Socket Units.
Oct 03 16:42:17 baseweed-admin systemd[1]: Stopped target System Initialization.
Oct 03 16:42:17 baseweed-admin systemd[1]: Stopped target Local File Systems.
Oct 03 16:42:17 baseweed-admin systemd[1]: Stopped target Preparation for Local File Systems.
Oct 03 16:42:17 baseweed-admin systemd[1]: Stopped target Swaps.
Oct 03 16:42:17 baseweed-admin systemd[1]: dbus.socket: Deactivated successfully.
Oct 03 16:42:17 baseweed-admin systemd[1]: Closed D-Bus System Message Bus Socket.
Oct 03 16:42:17 baseweed-admin systemd[1]: dracut-initqueue.service: Deactivated successfully.
Oct 03 16:42:17 baseweed-admin systemd[1]: Stopped dracut initqueue hook.
Oct 03 16:42:17 baseweed-admin systemd[1]: systemd-sysctl.service: Deactivated successfully.
Oct 03 16:42:17 baseweed-admin systemd[1]: Stopped Apply Kernel Variables.
Oct 03 16:42:17 baseweed-admin systemd[1]: systemd-modules-load.service: Deactivated successfully.
Oct 03 16:42:17 baseweed-admin systemd[1]: Stopped Load Kernel Modules.
Oct 03 16:42:17 baseweed-admin systemd[1]: systemd-tmpfiles-setup.service: Deactivated successfully.
Oct 03 16:42:17 baseweed-admin systemd[1]: Stopped Create System Files and Directories.
Oct 03 16:42:17 baseweed-admin systemd[1]: systemd-udev-trigger.service: Deactivated successfully.
Oct 03 16:42:17 baseweed-admin systemd[1]: Stopped Coldplug All udev Devices.
Oct 03 16:42:17 baseweed-admin systemd[1]: Stopping Rule-based Manager for Device Events and Files...
Oct 03 16:42:17 baseweed-admin systemd[1]: initrd-cleanup.service: Deactivated successfully.
Oct 03 16:42:17 baseweed-admin systemd[1]: Finished Cleaning Up and Shutting Down Daemons.
Oct 03 16:42:17 baseweed-admin systemd[1]: systemd-udevd.service: Deactivated successfully.
Oct 03 16:42:17 baseweed-admin systemd[1]: Stopped Rule-based Manager for Device Events and Files.
Oct 03 16:42:17 baseweed-admin systemd[1]: systemd-udevd-control.socket: Deactivated successfully.
Oct 03 16:42:17 baseweed-admin systemd[1]: Closed udev Control Socket.
Oct 03 16:42:17 baseweed-admin systemd[1]: systemd-udevd-varlink.socket: Deactivated successfully.
Oct 03 16:42:17 baseweed-admin systemd[1]: Closed udev Varlink Socket.
Oct 03 16:42:17 baseweed-admin systemd[1]: dracut-pre-udev.service: Deactivated successfully.
Oct 03 16:42:17 baseweed-admin systemd[1]: Stopped dracut pre-udev hook.
Oct 03 16:42:17 baseweed-admin systemd[1]: dracut-cmdline.service: Deactivated successfully.
Oct 03 16:42:17 baseweed-admin systemd[1]: Stopped dracut cmdline hook.
Oct 03 16:42:17 baseweed-admin systemd[1]: dracut-cmdline-ask.service: Deactivated successfully.
Oct 03 16:42:17 baseweed-admin systemd[1]: Stopped dracut ask for additional cmdline parameters.
Oct 03 16:42:17 baseweed-admin systemd[1]: Starting Cleanup udev Database...
Oct 03 16:42:17 baseweed-admin systemd[1]: systemd-tmpfiles-setup-dev.service: Deactivated successfully.
Oct 03 16:42:17 baseweed-admin systemd[1]: Stopped Create Static Device Nodes in /dev.
Oct 03 16:42:17 baseweed-admin systemd[1]: systemd-sysusers.service: Deactivated successfully.
Oct 03 16:42:17 baseweed-admin systemd[1]: Stopped Create System Users.
Oct 03 16:42:17 baseweed-admin systemd[1]: systemd-tmpfiles-setup-dev-early.service: Deactivated successfully.
Oct 03 16:42:17 baseweed-admin systemd[1]: Stopped Create Static Device Nodes in /dev gracefully.
Oct 03 16:42:17 baseweed-admin systemd[1]: kmod-static-nodes.service: Deactivated successfully.
Oct 03 16:42:17 baseweed-admin systemd[1]: Stopped Create List of Static Device Nodes.
Oct 03 16:42:17 baseweed-admin systemd[1]: systemd-vconsole-setup.service: Deactivated successfully.
Oct 03 16:42:17 baseweed-admin systemd[1]: Stopped Virtual Console Setup.
Oct 03 16:42:17 baseweed-admin systemd[1]: initrd-udevadm-cleanup-db.service: Deactivated successfully.
Oct 03 16:42:17 baseweed-admin systemd[1]: Finished Cleanup udev Database.
Oct 03 16:42:17 baseweed-admin systemd[1]: Reached target Switch Root.
Oct 03 16:42:17 baseweed-admin systemd[1]: Starting Switch Root...
Oct 03 16:42:17 baseweed-admin systemd[1]: Switching root.
Oct 03 16:42:17 baseweed-admin systemd-journald[179]: Journal stopped
Oct 03 16:42:18 baseweed-admin systemd-journald[179]: Received SIGTERM from PID 1 (systemd).
Oct 03 16:42:18 baseweed-admin kernel: SELinux:  Permission firmware_load in class system not defined in policy.
Oct 03 16:42:18 baseweed-admin kernel: SELinux:  Permission kexec_image_load in class system not defined in policy.
Oct 03 16:42:18 baseweed-admin kernel: SELinux:  Permission kexec_initramfs_load in class system not defined in policy.
Oct 03 16:42:18 baseweed-admin kernel: SELinux:  Permission policy_load in class system not defined in policy.
Oct 03 16:42:18 baseweed-admin kernel: SELinux:  Permission x509_certificate_load in class system not defined in policy.
Oct 03 16:42:18 baseweed-admin kernel: SELinux:  Permission map_create_as in class bpf not defined in policy.
Oct 03 16:42:18 baseweed-admin kernel: SELinux:  Permission prog_load_as in class bpf not defined in policy.
Oct 03 16:42:18 baseweed-admin kernel: SELinux:  Permission allowed in class io_uring not defined in policy.
Oct 03 16:42:18 baseweed-admin kernel: SELinux:  Class memfd_file not defined in policy.
Oct 03 16:42:18 baseweed-admin kernel: SELinux: the above unknown classes and permissions will be allowed
Oct 03 16:42:18 baseweed-admin kernel: SELinux:  policy capability network_peer_controls=1
Oct 03 16:42:18 baseweed-admin kernel: SELinux:  policy capability open_perms=1
Oct 03 16:42:18 baseweed-admin kernel: SELinux:  policy capability extended_socket_class=1
Oct 03 16:42:18 baseweed-admin kernel: SELinux:  policy capability always_check_network=0
Oct 03 16:42:18 baseweed-admin kernel: SELinux:  policy capability cgroup_seclabel=1
Oct 03 16:42:18 baseweed-admin kernel: SELinux:  policy capability nnp_nosuid_transition=1
Oct 03 16:42:18 baseweed-admin kernel: SELinux:  policy capability genfs_seclabel_symlinks=1
Oct 03 16:42:18 baseweed-admin kernel: SELinux:  policy capability ioctl_skip_cloexec=0
Oct 03 16:42:18 baseweed-admin kernel: SELinux:  policy capability userspace_initial_context=0
Oct 03 16:42:18 baseweed-admin kernel: SELinux:  policy capability netlink_xperm=0
Oct 03 16:42:18 baseweed-admin kernel: SELinux:  policy capability netif_wildcard=0
Oct 03 16:42:18 baseweed-admin kernel: SELinux:  policy capability genfs_seclabel_wildcard=0
Oct 03 16:42:18 baseweed-admin kernel: SELinux:  policy capability functionfs_seclabel=0
Oct 03 16:42:18 baseweed-admin kernel: SELinux:  policy capability memfd_class=0
Oct 03 16:42:18 baseweed-admin kernel: SELinux:  policy capability bpf_token_perms=0
Oct 03 16:42:18 baseweed-admin kernel: audit: type=1403 audit(1791045737.631:2): auid=4294967295 ses=4294967295 lsm=selinux res=1
Oct 03 16:42:18 baseweed-admin systemd[1]: Successfully loaded SELinux policy in 222.576ms.
Oct 03 16:42:18 baseweed-admin kernel: NET: Registered PF_VSOCK protocol family
Oct 03 16:42:18 baseweed-admin systemd[1]: Relabeled /dev/, /dev/shm/, /run/ in 26.224ms.
Oct 03 16:42:18 baseweed-admin systemd[1]: systemd 261.2 running in system mode (+PAM +AUDIT +SELINUX +APPARMOR +IMA +IPE -SMACK +SECCOMP +GCRYPT +GNUTLS +OPENSSL +ACL +BLKID +CURL +ELFUTILS +FIDO2 +IDN2 +KMOD +LIBCRYPTSETUP +LIBCRYPTSETUP_PLUGINS +LIBFDISK +PCRE2 +PWQUALITY +P11KIT +QRENCODE +TPM2 +BZIP2 +LZ4 +XZ +ZLIB +ZSTD +BPF_FRAMEWORK +BTF -XKBCOMMON -UTMP +LIBARCHIVE)
Oct 03 16:42:18 baseweed-admin systemd[1]: Detected virtualization kvm.
Oct 03 16:42:18 baseweed-admin systemd[1]: Detected architecture x86-64.
Oct 03 16:42:18 baseweed-admin systemd[1]: bpf-restrict-fs: LSM BPF program attached
Oct 03 16:42:18 baseweed-admin systemd[1]: initrd-switch-root.service: Deactivated successfully.
Oct 03 16:42:18 baseweed-admin systemd[1]: Stopped Switch Root.
Oct 03 16:42:18 baseweed-admin systemd[1]: systemd-journald.service: Scheduled restart job, restart counter is at 1.
Oct 03 16:42:18 baseweed-admin systemd[1]: Created slice Virtual Machine and Container Slice.
Oct 03 16:42:18 baseweed-admin systemd[1]: Created slice Slice /system/getty.
Oct 03 16:42:18 baseweed-admin systemd[1]: Created slice Slice /system/serial-getty.
Oct 03 16:42:18 baseweed-admin systemd[1]: Created slice User and Session Slice.
Oct 03 16:42:18 baseweed-admin systemd[1]: Started Dispatch Password Requests to Console Directory Watch.
Oct 03 16:42:18 baseweed-admin systemd[1]: Set up automount Arbitrary Executable File Formats File System Automount Point.
Oct 03 16:42:18 baseweed-admin systemd[1]: Expecting device /dev/disk/by-uuid/851C-222C...
Oct 03 16:42:18 baseweed-admin systemd[1]: Expecting device /dev/ttyS0...
Oct 03 16:42:18 baseweed-admin systemd[1]: Reached target Local Encrypted Volumes.
Oct 03 16:42:18 baseweed-admin systemd[1]: Reached target Image Downloads.
Oct 03 16:42:18 baseweed-admin systemd[1]: Stopped target Switch Root.
Oct 03 16:42:18 baseweed-admin systemd[1]: Stopped target Initrd File Systems.
Oct 03 16:42:18 baseweed-admin systemd[1]: Stopped target Initrd Root File System.
Oct 03 16:42:18 baseweed-admin systemd[1]: Reached target Local Integrity Protected Volumes.
Oct 03 16:42:18 baseweed-admin systemd[1]: Reached target Slice Units.
Oct 03 16:42:18 baseweed-admin systemd[1]: Reached target Swaps.
Oct 03 16:42:18 baseweed-admin systemd[1]: Reached target System Time Set.
Oct 03 16:42:18 baseweed-admin systemd[1]: Reached target Local Verity Protected Volumes.
Oct 03 16:42:18 baseweed-admin systemd[1]: Listening on Device-mapper event daemon FIFOs.
Oct 03 16:42:18 baseweed-admin systemd[1]: Listening on LVM2 poll daemon socket.
Oct 03 16:42:18 baseweed-admin systemd[1]: Listening on Query the User Interactively for a Password.
Oct 03 16:42:18 baseweed-admin systemd[1]: Listening on Process Core Dump Socket.
Oct 03 16:42:18 baseweed-admin systemd[1]: Listening on Credential Encryption/Decryption.
Oct 03 16:42:18 baseweed-admin systemd[1]: Listening on Hostname Service Socket.
Oct 03 16:42:18 baseweed-admin systemd[1]: Make TPM PCR Policy skipped, unmet condition check ConditionSecurity=measured-uki
Oct 03 16:42:18 baseweed-admin systemd[1]: Listening on Disk Repartitioning Service Socket.
Oct 03 16:42:18 baseweed-admin systemd[1]: Listening on udev Control Socket.
Oct 03 16:42:18 baseweed-admin systemd[1]: Listening on udev Varlink Socket.
Oct 03 16:42:18 baseweed-admin systemd[1]: Mounting Huge Pages File System...
Oct 03 16:42:18 baseweed-admin systemd[1]: Mounting POSIX Message Queue File System...
Oct 03 16:42:18 baseweed-admin systemd[1]: Mounting Kernel Debug File System...
Oct 03 16:42:18 baseweed-admin systemd[1]: Mounting Kernel Trace File System...
Oct 03 16:42:18 baseweed-admin systemd[1]: tmp.mount: Directory /tmp to mount over is not empty, mounting anyway.
Oct 03 16:42:18 baseweed-admin systemd[1]: Mounting Temporary Directory /tmp...
Oct 03 16:42:18 baseweed-admin systemd[1]: Starting Create List of Static Device Nodes...
Oct 03 16:42:18 baseweed-admin systemd[1]: Load Kernel Module configfs skipped, unmet condition check ConditionKernelModuleLoaded=!configfs
Oct 03 16:42:18 baseweed-admin systemd[1]: Load Kernel Module drm skipped, unmet condition check ConditionKernelModuleLoaded=!drm
Oct 03 16:42:18 baseweed-admin systemd[1]: Starting Load Kernel Module efi_pstore...
Oct 03 16:42:18 baseweed-admin systemd[1]: Load Kernel Module fuse skipped, unmet condition check ConditionKernelModuleLoaded=!fuse
Oct 03 16:42:18 baseweed-admin systemd[1]: Mounting FUSE Control File System...
Oct 03 16:42:18 baseweed-admin systemd[1]: Clear Stale Hibernate Storage Info skipped, unmet condition check ConditionPathExists=/sys/firmware/efi/efivars/HibernateLocation-8cf2644b-4b0b-428f-9387-6d876050dc67
Oct 03 16:42:18 baseweed-admin systemd[1]: Starting Journal Service...
Oct 03 16:42:18 baseweed-admin systemd[1]: Starting Load Kernel Modules...
Oct 03 16:42:18 baseweed-admin systemd[1]: Starting Remount Root and Kernel File Systems...
Oct 03 16:42:18 baseweed-admin systemd[1]: Starting Load udev Rules from Credentials...
Oct 03 16:42:18 baseweed-admin systemd[1]: Starting Coldplug All udev Devices...
Oct 03 16:42:18 baseweed-admin systemd[1]: Mounted Huge Pages File System.
Oct 03 16:42:18 baseweed-admin systemd[1]: Mounted POSIX Message Queue File System.
Oct 03 16:42:18 baseweed-admin systemd[1]: Mounted Kernel Debug File System.
Oct 03 16:42:18 baseweed-admin systemd[1]: Mounted Kernel Trace File System.
Oct 03 16:42:18 baseweed-admin systemd[1]: Mounted Temporary Directory /tmp.
Oct 03 16:42:18 baseweed-admin systemd[1]: Finished Create List of Static Device Nodes.
Oct 03 16:42:18 baseweed-admin systemd[1]: modprobe@efi_pstore.service: Deactivated successfully.
Oct 03 16:42:18 baseweed-admin systemd[1]: Finished Load Kernel Module efi_pstore.
Oct 03 16:42:18 baseweed-admin systemd[1]: Mounted FUSE Control File System.
Oct 03 16:42:18 baseweed-admin systemd[1]: Finished Remount Root and Kernel File Systems.
Oct 03 16:42:18 baseweed-admin systemd[1]: One time configuration for iscsi.service skipped, unmet condition check ConditionPathExists=!/etc/iscsi/initiatorname.iscsi
Oct 03 16:42:18 baseweed-admin systemd[1]: Rebuild Hardware Database skipped, unmet condition check ConditionNeedsUpdate=/etc
Oct 03 16:42:18 baseweed-admin systemd[1]: Platform Persistent Storage Archival skipped, unmet condition check ConditionDirectoryNotEmpty=/sys/fs/pstore
Oct 03 16:42:18 baseweed-admin systemd[1]: Starting Load/Save OS Random Seed...
Oct 03 16:42:18 baseweed-admin systemd[1]: Starting Create Static Device Nodes in /dev gracefully...
Oct 03 16:42:18 baseweed-admin systemd[1]: Finished Load Kernel Modules.
Oct 03 16:42:18 baseweed-admin systemd[1]: Apply Kernel Variables for 7.2.8-1-default from /boot skipped, unmet condition check ConditionPathExists=!/usr/lib/modules/7.2.8-1-default/sysctl.conf
Oct 03 16:42:18 baseweed-admin systemd[1]: Starting Apply Kernel Variables for 7.2.8-1-default...
Oct 03 16:42:18 baseweed-admin systemd-journald[525]: Collecting audit messages is disabled.
Oct 03 16:42:18 baseweed-admin systemd[1]: Finished Load udev Rules from Credentials.
Oct 03 16:42:18 baseweed-admin systemd-journald[525]: Journal started
Oct 03 16:42:18 baseweed-admin systemd-journald[525]: Runtime Journal (/run/log/journal/d2037ee89a1343ec91c002548ec46c32) is 8M, max 78.2M, 70.2M free.
Oct 03 16:42:18 baseweed-admin systemd[1]: Queued start job for default target Multi-User System.
Oct 03 16:42:18 baseweed-admin systemd[1]: systemd-journald.service: Deactivated successfully.
Oct 03 16:42:18 baseweed-admin systemd-modules-load[526]: Using 3 probe threads
Oct 03 16:42:18 baseweed-admin systemd-modules-load[526]: Inserted module 'uinput'
Oct 03 16:42:18 baseweed-admin systemd[1]: Started Journal Service.
Oct 03 16:42:18 baseweed-admin systemd[1]: Finished Apply Kernel Variables for 7.2.8-1-default.
Oct 03 16:42:18 baseweed-admin systemd[1]: Starting Flush Journal to Persistent Storage...
Oct 03 16:42:18 baseweed-admin systemd[1]: Starting Apply Kernel Variables...
Oct 03 16:42:18 baseweed-admin systemd-journald[525]: Time spent on flushing to /var/log/journal/d2037ee89a1343ec91c002548ec46c32 is 9.286ms for 793 entries.
Oct 03 16:42:18 baseweed-admin systemd-journald[525]: System Journal (/var/log/journal/d2037ee89a1343ec91c002548ec46c32) is 16M, max 2.4G, 2.4G free.
Oct 03 16:42:18 baseweed-admin systemd[1]: Finished Load/Save OS Random Seed.
Oct 03 16:42:18 baseweed-admin systemd-journald[525]: Received client request to flush runtime journal.
Oct 03 16:42:18 baseweed-admin systemd[1]: First Boot Complete skipped, unmet condition check ConditionFirstBoot=yes
Oct 03 16:42:18 baseweed-admin systemd[1]: Finished Apply Kernel Variables.
Oct 03 16:42:18 baseweed-admin systemd[1]: Finished Create Static Device Nodes in /dev gracefully.
Oct 03 16:42:18 baseweed-admin systemd[1]: Create System Users skipped, no trigger condition checks were met.
Oct 03 16:42:18 baseweed-admin systemd[1]: Starting Create Static Device Nodes in /dev...
Oct 03 16:42:18 baseweed-admin systemd[1]: Finished Coldplug All udev Devices.
Oct 03 16:42:18 baseweed-admin systemd[1]: Finished Create Static Device Nodes in /dev.
Oct 03 16:42:18 baseweed-admin systemd[1]: Reached target Preparation for Local File Systems.
Oct 03 16:42:18 baseweed-admin systemd[1]: Repartition Root Disk skipped, no trigger condition checks were met.
Oct 03 16:42:18 baseweed-admin systemd[1]: Starting Rule-based Manager for Device Events and Files...
Oct 03 16:42:18 baseweed-admin systemd[1]: Finished Flush Journal to Persistent Storage.
Oct 03 16:42:18 baseweed-admin systemd-udevd[559]: Using default interface naming scheme 'v261'.
Oct 03 16:42:18 baseweed-admin systemd[1]: Started Rule-based Manager for Device Events and Files.
Oct 03 16:42:18 baseweed-admin systemd[1]: Load Kernel Module configfs skipped, unmet condition check ConditionKernelModuleLoaded=!configfs
Oct 03 16:42:18 baseweed-admin systemd[1]: Load Kernel Module fuse skipped, unmet condition check ConditionKernelModuleLoaded=!fuse
Oct 03 16:42:18 baseweed-admin systemd[1]: Condition check resulted in /dev/ttyS0 being skipped.
Oct 03 16:42:18 baseweed-admin systemd[1]: Found device /dev/disk/by-uuid/851C-222C.
Oct 03 16:42:18 baseweed-admin kernel: input: Power Button as /devices/platform/LNXPWRBN:00/input/input5
Oct 03 16:42:18 baseweed-admin kernel: piix4_smbus 0000:00:01.3: SMBus Host Controller at 0x700, revision 0
Oct 03 16:42:18 baseweed-admin kernel: i2c i2c-0: Memory type 0x07 not supported yet, not instantiating SPD
Oct 03 16:42:18 baseweed-admin kernel: ACPI: button: Power Button [PWRF]
Oct 03 16:42:18 baseweed-admin systemd[1]: Condition check resulted in /dev/virtio-ports/org.qemu.guest_agent.0 being skipped.
Oct 03 16:42:18 baseweed-admin systemd[1]: Load Kernel Module efi_pstore skipped, unmet condition check ConditionKernelModuleLoaded=!efi_pstore
Oct 03 16:42:18 baseweed-admin systemd[1]: Clear Stale Hibernate Storage Info skipped, unmet condition check ConditionPathExists=/sys/firmware/efi/efivars/HibernateLocation-8cf2644b-4b0b-428f-9387-6d876050dc67
Oct 03 16:42:18 baseweed-admin systemd[1]: Rebuild Hardware Database skipped, unmet condition check ConditionNeedsUpdate=/etc
Oct 03 16:42:18 baseweed-admin systemd[1]: Platform Persistent Storage Archival skipped, unmet condition check ConditionDirectoryNotEmpty=/sys/fs/pstore
Oct 03 16:42:18 baseweed-admin systemd[1]: Repartition Root Disk skipped, no trigger condition checks were met.
Oct 03 16:42:18 baseweed-admin systemd[1]: Create System Users skipped, no trigger condition checks were met.
Oct 03 16:42:18 baseweed-admin kernel: FDC 0 is a S82078B
Oct 03 16:42:18 baseweed-admin kernel: [drm] pci: virtio-gpu-pci detected at 0000:00:10.0
Oct 03 16:42:18 baseweed-admin kernel: [drm] Host memory window: 0xe0000000000 +0x8000000
Oct 03 16:42:18 baseweed-admin kernel: [drm] features: -virgl +edid -resource_blob +host_visible
Oct 03 16:42:18 baseweed-admin kernel: [drm] features: -context_init -blob_alignment
Oct 03 16:42:18 baseweed-admin kernel: [drm] number of scanouts: 1
Oct 03 16:42:18 baseweed-admin kernel: [drm] number of cap sets: 0
Oct 03 16:42:18 baseweed-admin kernel: input: PC Speaker as /devices/platform/pcspkr/input/input6
Oct 03 16:42:18 baseweed-admin kernel: virtio-pci 0000:00:10.0: [drm] Registered 1 planes with drm panic
Oct 03 16:42:18 baseweed-admin kernel: [drm] Initialized virtio_gpu 0.1.0 for 0000:00:10.0 on minor 0
Oct 03 16:42:18 baseweed-admin systemd[1]: Started Entropy Daemon based on the HAVEGE algorithm.
Oct 03 16:42:18 baseweed-admin systemd[1]: Starting Virtual Console Setup...
Oct 03 16:42:18 baseweed-admin kernel: Console: switching to colour frame buffer device 160x50
Oct 03 16:42:18 baseweed-admin kernel: kvm_amd: TSC scaling supported
Oct 03 16:42:18 baseweed-admin kernel: kvm_amd: Nested Virtualization enabled
Oct 03 16:42:18 baseweed-admin kernel: kvm_amd: Nested Paging enabled
Oct 03 16:42:18 baseweed-admin kernel: kvm_amd: LBR virtualization supported
Oct 03 16:42:18 baseweed-admin kernel: kvm_amd: Virtual VMLOAD VMSAVE supported
Oct 03 16:42:18 baseweed-admin kernel: kvm_amd: Virtual GIF supported
Oct 03 16:42:18 baseweed-admin kernel: kvm_amd: Virtual NMI enabled
Oct 03 16:42:19 baseweed-admin kernel: virtio-pci 0000:00:10.0: [drm] fb0: virtio_gpudrmfb frame buffer device
Oct 03 16:42:19 baseweed-admin systemd[1]: proc-sys-fs-binfmt_misc.automount: Got automount request for /proc/sys/fs/binfmt_misc, triggered by 595 ((haveged))
Oct 03 16:42:19 baseweed-admin kernel: snd_hda_codec_generic hdaudioC0D0: autoconfig for Generic: line_outs=1 (0x3/0x0/0x0/0x0/0x0) type:line
Oct 03 16:42:19 baseweed-admin kernel: snd_hda_codec_generic hdaudioC0D0:    speaker_outs=0 (0x0/0x0/0x0/0x0/0x0)
Oct 03 16:42:19 baseweed-admin kernel: snd_hda_codec_generic hdaudioC0D0:    hp_outs=0 (0x0/0x0/0x0/0x0/0x0)
Oct 03 16:42:19 baseweed-admin kernel: snd_hda_codec_generic hdaudioC0D0:    mono: mono_out=0x0
Oct 03 16:42:19 baseweed-admin kernel: snd_hda_codec_generic hdaudioC0D0:    inputs:
Oct 03 16:42:19 baseweed-admin kernel: snd_hda_codec_generic hdaudioC0D0:      Line=0x5
Oct 03 16:42:19 baseweed-admin systemd[1]: systemd-vconsole-setup.service: Deactivated successfully.
Oct 03 16:42:19 baseweed-admin systemd[1]: Stopped Virtual Console Setup.
Oct 03 16:42:19 baseweed-admin systemd[1]: Starting Virtual Console Setup...
Oct 03 16:42:19 baseweed-admin systemd[1]: Reached target Sound Card.
Oct 03 16:42:19 baseweed-admin systemd[1]: Finished Virtual Console Setup.
Oct 03 16:42:19 baseweed-admin systemd[1]: Mounting /boot/efi...
Oct 03 16:42:19 baseweed-admin systemd[1]: Mounting Arbitrary Executable File Formats File System...
Oct 03 16:42:19 baseweed-admin systemd[1]: Virtual Machine and Container Storage (Compatibility) skipped, unmet condition check ConditionPathExists=/var/lib/machines.raw
Oct 03 16:42:19 baseweed-admin systemd[1]: Listening on Disk Image Download Service Socket.
Oct 03 16:42:19 baseweed-admin systemd[1]: Mounted Arbitrary Executable File Formats File System.
Oct 03 16:42:19 baseweed-admin systemd[1]: Mounted /boot/efi.
Oct 03 16:42:19 baseweed-admin systemd[1]: Reached target Local File Systems.
Oct 03 16:42:19 baseweed-admin haveged[595]: haveged: command socket is listening at fd 3
Oct 03 16:42:19 baseweed-admin systemd[1]: Listening on Boot Loader Control Service Socket.
Oct 03 16:42:19 baseweed-admin systemd[1]: Listening on System Extension Image Management.
Oct 03 16:42:19 baseweed-admin systemd[1]: Set Up Additional Binary Formats skipped, no trigger condition checks were met.
Oct 03 16:42:19 baseweed-admin systemd[1]: Save Transient machine-id to Disk skipped, unmet condition check ConditionPathIsMountPoint=/etc/machine-id
Oct 03 16:42:19 baseweed-admin systemd[1]: Starting Create System Files and Directories...
Oct 03 16:42:19 baseweed-admin systemd-tmpfiles[617]: /usr/lib/tmpfiles.d/qdistro-templates.conf:8: Duplicate line for path "/run/qdistro", ignoring.
Oct 03 16:42:20 baseweed-admin systemd[1]: Finished Create System Files and Directories.
Oct 03 16:42:20 baseweed-admin systemd[1]: Starting Load Audit Rules...
Oct 03 16:42:20 baseweed-admin systemd[1]: Rebuild Journal Catalog skipped, unmet condition check ConditionNeedsUpdate=/var
Oct 03 16:42:20 baseweed-admin systemd[1]: Update is Completed skipped, no trigger condition checks were met.
Oct 03 16:42:20 baseweed-admin augenrules[619]: /usr/sbin/augenrules: No change
Oct 03 16:42:20 baseweed-admin augenrules[634]: No rules
Oct 03 16:42:20 baseweed-admin systemd[1]: audit-rules.service: Deactivated successfully.
Oct 03 16:42:20 baseweed-admin systemd[1]: Finished Load Audit Rules.
Oct 03 16:42:20 baseweed-admin systemd[1]: Starting Security Audit Logging Service...
Oct 03 16:42:20 baseweed-admin auditd[640]: No plugins found, not dispatching events
Oct 03 16:42:20 baseweed-admin auditd[640]: Init complete, auditd 4.0.2 listening for events (startup state enable)
Oct 03 16:42:20 baseweed-admin augenrules[644]: /usr/sbin/augenrules: No change
Oct 03 16:42:20 baseweed-admin augenrules[659]: No rules
Oct 03 16:42:20 baseweed-admin systemd[1]: Started Security Audit Logging Service.
Oct 03 16:42:20 baseweed-admin systemd[1]: Reached target System Initialization.
Oct 03 16:42:20 baseweed-admin systemd[1]: Started Watch for changes in CA certificates.
Oct 03 16:42:20 baseweed-admin systemd[1]: Started Daily Cleanup of Temporary Directories.
Oct 03 16:42:20 baseweed-admin systemd[1]: Reached target Path Units.
Oct 03 16:42:20 baseweed-admin systemd[1]: Listening on D-Bus System Message Bus Socket.
Oct 03 16:42:20 baseweed-admin systemd[1]: Listening on Open-iSCSI iscsid Socket.
Oct 03 16:42:20 baseweed-admin systemd[1]: Listening on Authorization Manager Agent Helper.
Oct 03 16:42:20 baseweed-admin systemd[1]: Listening on qdistro removable-media brokered mount/unmount listen socket.
Oct 03 16:42:20 baseweed-admin systemd[1]: Listening on qdistro privileged-exec listen socket.
Oct 03 16:42:20 baseweed-admin systemd[1]: Listening on User Login Management Varlink Socket.
Oct 03 16:42:20 baseweed-admin systemd[1]: Listening on Virtual Machine and Container Registration Service Socket.
Oct 03 16:42:20 baseweed-admin systemd[1]: Listening on libvirt locking daemon socket.
Oct 03 16:42:20 baseweed-admin systemd[1]: Listening on libvirt locking daemon admin socket.
Oct 03 16:42:20 baseweed-admin systemd[1]: Listening on libvirt logging daemon socket.
Oct 03 16:42:20 baseweed-admin systemd[1]: Listening on libvirt logging daemon admin socket.
Oct 03 16:42:20 baseweed-admin systemd[1]: Listening on libvirt network daemon socket.
Oct 03 16:42:20 baseweed-admin systemd[1]: Listening on libvirt network daemon admin socket.
Oct 03 16:42:20 baseweed-admin systemd[1]: Listening on libvirt network daemon read-only socket.
Oct 03 16:42:20 baseweed-admin systemd[1]: Listening on libvirt nodedev daemon socket.
Oct 03 16:42:20 baseweed-admin systemd[1]: Listening on libvirt nodedev daemon admin socket.
Oct 03 16:42:20 baseweed-admin systemd[1]: Listening on libvirt nodedev daemon read-only socket.
Oct 03 16:42:20 baseweed-admin systemd[1]: Listening on libvirt QEMU daemon socket.
Oct 03 16:42:20 baseweed-admin systemd[1]: Listening on libvirt QEMU daemon admin socket.
Oct 03 16:42:20 baseweed-admin systemd[1]: Listening on libvirt QEMU daemon read-only socket.
Oct 03 16:42:20 baseweed-admin systemd[1]: Listening on libvirt secret daemon socket.
Oct 03 16:42:20 baseweed-admin systemd[1]: Listening on libvirt secret daemon admin socket.
Oct 03 16:42:20 baseweed-admin systemd[1]: Listening on libvirt secret daemon read-only socket.
Oct 03 16:42:20 baseweed-admin systemd[1]: Listening on libvirt storage daemon socket.
Oct 03 16:42:20 baseweed-admin systemd[1]: Listening on libvirt storage daemon admin socket.
Oct 03 16:42:20 baseweed-admin systemd[1]: Listening on libvirt storage daemon read-only socket.
Oct 03 16:42:20 baseweed-admin systemd[1]: libvirt Xen daemon socket skipped, unmet condition check ConditionPathExists=/proc/xen/capabilities
Oct 03 16:42:20 baseweed-admin systemd[1]: libvirt Xen daemon admin socket skipped, unmet condition check ConditionPathExists=/proc/xen/capabilities
Oct 03 16:42:20 baseweed-admin systemd[1]: libvirt Xen daemon read-only socket skipped, unmet condition check ConditionPathExists=/proc/xen/capabilities
Oct 03 16:42:20 baseweed-admin systemd[1]: Listening on wtmpdb daemon socket.
Oct 03 16:42:20 baseweed-admin systemd[1]: Reached target Socket Units.
Oct 03 16:42:20 baseweed-admin systemd[1]: Starting D-Bus System Message Bus...
Oct 03 16:42:20 baseweed-admin systemd[1]: Starting Write boot and shutdown times into wtmpdb...
Oct 03 16:42:20 baseweed-admin systemd[1]: Started D-Bus System Message Bus.
Oct 03 16:42:20 baseweed-admin systemd[1]: Reached target Basic System.
Oct 03 16:42:20 baseweed-admin systemd[1]: Starting Run SELinux Script on boot to check if it is safe to delete /var/lib/selinux after migration to /etc...
Oct 03 16:42:20 baseweed-admin systemd[1]: Finished Restore /run/initramfs on shutdown.
Oct 03 16:42:20 baseweed-admin systemd[1]: Starting Apply settings from /etc/sysconfig/keyboard...
Oct 03 16:42:20 baseweed-admin systemd[1]: Starting Monitoring of LVM2 mirrors, snapshots etc. using dmeventd or progress polling...
Oct 03 16:42:20 baseweed-admin dbus-broker-launch[664]: Ready
Oct 03 16:42:20 baseweed-admin systemd[1]: Starting Refresh dbus-broker policy with qdistro additions...
Oct 03 16:42:20 baseweed-admin systemd[1]: Started QEMU Guest Agent.
Oct 03 16:42:20 baseweed-admin systemd[1]: Starting Cleanup system data after soft-reboot...
Oct 03 16:42:20 baseweed-admin cleanoldsepoldir.sh[667]: INFO: snapper not found and root is not Btrfs (xfs). Checking marker file age...
Oct 03 16:42:20 baseweed-admin systemd[1]: Starting User Login Management...
Oct 03 16:42:20 baseweed-admin systemd[1]: Starting Virtual Machine and Container Registration Service...
Oct 03 16:42:20 baseweed-admin systemd[1]: Purge old kernels skipped, unmet condition check ConditionPathExists=/boot/do_purge_kernels
Oct 03 16:42:20 baseweed-admin cleanoldsepoldir.sh[667]: INFO: Migration markers are only 2 days old. Waiting for 30 days.
Oct 03 16:42:20 baseweed-admin cleanoldsepoldir.sh[667]: ---
Oct 03 16:42:20 baseweed-admin cleanoldsepoldir.sh[667]: WARNING: Cannot delete /var/lib/selinux. One or more checks failed:
Oct 03 16:42:20 baseweed-admin cleanoldsepoldir.sh[667]:  - Migration markers are only 2 days old. Waiting for 30 days (root is xfs).
Oct 03 16:42:20 baseweed-admin systemd[1]: cleanoldsepoldir.service: Deactivated successfully.
Oct 03 16:42:20 baseweed-admin systemd[1]: Finished Run SELinux Script on boot to check if it is safe to delete /var/lib/selinux after migration to /etc.
Oct 03 16:42:20 baseweed-admin systemd[1]: Starting wtmpdb daemon...
Oct 03 16:42:20 baseweed-admin systemd[1]: Started Virtual Machine and Container Registration Service.
Oct 03 16:42:20 baseweed-admin kernel: device-mapper: uevent: version 1.0.3
Oct 03 16:42:20 baseweed-admin kernel: device-mapper: ioctl: 4.50.0-ioctl (2025-04-28) initialised: dm-devel@lists.linux.dev
Oct 03 16:42:20 baseweed-admin systemd[1]: Finished Refresh dbus-broker policy with qdistro additions.
Oct 03 16:42:20 baseweed-admin systemd[1]: Starting qdistro admin broker (Phase 1 prototype)...
Oct 03 16:42:20 baseweed-admin systemd[1]: Starting qdistro password-manager daemon (spec/13 Phase-8 MVP)...
Oct 03 16:42:20 baseweed-admin systemd[1]: Starting qdistro session manager (user-silo lifecycle)...
Oct 03 16:42:20 baseweed-admin systemd[1]: Finished Cleanup system data after soft-reboot.
Oct 03 16:42:20 baseweed-admin systemd[1]: Finished Monitoring of LVM2 mirrors, snapshots etc. using dmeventd or progress polling.
Oct 03 16:42:20 baseweed-admin systemd[1]: Reached target Preparation for Network.
Oct 03 16:42:20 baseweed-admin systemd[1]: Starting Network Manager...
Oct 03 16:42:20 baseweed-admin systemd-logind[686]: New seat seat0.
Oct 03 16:42:20 baseweed-admin systemd-logind[686]: Watching system buttons on /dev/input/event4 (Power Button)
Oct 03 16:42:20 baseweed-admin systemd-logind[686]: Watching system buttons on /dev/input/event0 (AT Translated Set 2 keyboard)
Oct 03 16:42:20 baseweed-admin systemd[1]: Finished Apply settings from /etc/sysconfig/keyboard.
Oct 03 16:42:20 baseweed-admin systemd[1]: Created slice User Slice of UID 1000.
Oct 03 16:42:20 baseweed-admin systemd[1]: Started User Login Management.
Oct 03 16:42:20 baseweed-admin systemd[1]: Starting User Runtime Directory /run/user/1000...
Oct 03 16:42:20 baseweed-admin systemd[1]: Started wtmpdb daemon.
Oct 03 16:42:21 baseweed-admin systemd[1]: Finished Write boot and shutdown times into wtmpdb.
Oct 03 16:42:21 baseweed-admin systemd-user-runtime-dir[742]: Successfully configured disk quota for UID 1000 on /tmp to 1.5G
Oct 03 16:42:21 baseweed-admin systemd-user-runtime-dir[742]: Successfully configured disk quota for UID 1000 on /dev/shm to 1.5G
Oct 03 16:42:21 baseweed-admin systemd[1]: Finished User Runtime Directory /run/user/1000.
Oct 03 16:42:21 baseweed-admin NetworkManager[733]: <info>  [1791045741.2846] NetworkManager (version 1.56.1) is starting... (boot:92bc802b-c7a5-4ca7-93b1-eb542f88e709)
Oct 03 16:42:21 baseweed-admin NetworkManager[733]: <info>  [1791045741.2849] Read config: /etc/NetworkManager/NetworkManager.conf, /usr/lib/NetworkManager/conf.d/conncheck-openSUSE.conf, /run/NetworkManager/conf.d/15-carrier-timeout.conf
Oct 03 16:42:21 baseweed-admin NetworkManager[733]: <info>  [1791045741.2920] manager[0x55b72be44220]: monitoring kernel firmware directory '/usr/lib/firmware'.
Oct 03 16:42:21 baseweed-admin systemd[1]: Starting Hostname Service...
Oct 03 16:42:21 baseweed-admin systemd[1]: Started Hostname Service.
Oct 03 16:42:21 baseweed-admin NetworkManager[733]: <info>  [1791045741.4526] hostname: hostname: using hostnamed
Oct 03 16:42:21 baseweed-admin NetworkManager[733]: <info>  [1791045741.4527] hostname: static hostname changed from (none) to "baseweed-admin"
Oct 03 16:42:21 baseweed-admin NetworkManager[733]: <info>  [1791045741.4535] dns-mgr: init: dns=default,systemd-resolved rc-manager=symlink (auto)
Oct 03 16:42:21 baseweed-admin NetworkManager[733]: <info>  [1791045741.4671] manager[0x55b72be44220]: rfkill: Wi-Fi hardware radio set enabled
Oct 03 16:42:21 baseweed-admin NetworkManager[733]: <info>  [1791045741.4674] manager[0x55b72be44220]: rfkill: WWAN hardware radio set enabled
Oct 03 16:42:21 baseweed-admin NetworkManager[733]: <info>  [1791045741.4804] Loaded device plugin: NMWifiFactory (/usr/lib64/NetworkManager/1.56.1/libnm-device-plugin-wifi.so)
Oct 03 16:42:21 baseweed-admin NetworkManager[733]: <info>  [1791045741.4804] manager: rfkill: Wi-Fi enabled by radio killswitch; enabled by state file
Oct 03 16:42:21 baseweed-admin NetworkManager[733]: <info>  [1791045741.4811] manager: rfkill: WWAN enabled by radio killswitch; enabled by state file
Oct 03 16:42:21 baseweed-admin NetworkManager[733]: <info>  [1791045741.4812] manager: Networking is enabled by state file
Oct 03 16:42:21 baseweed-admin NetworkManager[733]: <info>  [1791045741.4817] settings: Loaded settings plugin: keyfile (internal)
Oct 03 16:42:21 baseweed-admin NetworkManager[733]: <info>  [1791045741.4833] dhcp: init: Using DHCP client 'internal'
Oct 03 16:42:21 baseweed-admin NetworkManager[733]: <info>  [1791045741.4844] manager: (lo): new Loopback device (/org/freedesktop/NetworkManager/Devices/1)
Oct 03 16:42:21 baseweed-admin NetworkManager[733]: <info>  [1791045741.4868] device (lo): state change: unmanaged -> unavailable (reason 'connection-assumed', managed-type: 'external')
Oct 03 16:42:21 baseweed-admin NetworkManager[733]: <info>  [1791045741.4874] device (lo): state change: unavailable -> disconnected (reason 'connection-assumed', managed-type: 'external')
Oct 03 16:42:21 baseweed-admin NetworkManager[733]: <info>  [1791045741.4882] device (lo): Activation: starting connection 'lo' (abf6a437-7148-4eba-9a4d-3c45507aa6a9)
Oct 03 16:42:21 baseweed-admin systemd[1]: Listening on Load/Save RF Kill Switch Status /dev/rfkill Watch.
Oct 03 16:42:21 baseweed-admin NetworkManager[733]: <info>  [1791045741.4897] manager: (ens2): new Ethernet device (/org/freedesktop/NetworkManager/Devices/2)
Oct 03 16:42:21 baseweed-admin NetworkManager[733]: <info>  [1791045741.4909] settings: (ens2): created default wired connection 'Wired connection 1'
Oct 03 16:42:21 baseweed-admin NetworkManager[733]: <info>  [1791045741.4910] device (ens2): state change: unmanaged -> unavailable (reason 'managed', managed-type: 'external')
Oct 03 16:42:21 baseweed-admin NetworkManager[733]: <info>  [1791045741.4930] bus-manager: acquired D-Bus service "org.freedesktop.NetworkManager"
Oct 03 16:42:21 baseweed-admin NetworkManager[733]: <info>  [1791045741.4933] device (lo): state change: disconnected -> prepare (reason 'none', managed-type: 'external')
Oct 03 16:42:21 baseweed-admin NetworkManager[733]: <info>  [1791045741.4935] device (lo): state change: prepare -> config (reason 'none', managed-type: 'external')
Oct 03 16:42:21 baseweed-admin NetworkManager[733]: <info>  [1791045741.4936] device (lo): state change: config -> ip-config (reason 'none', managed-type: 'external')
Oct 03 16:42:21 baseweed-admin NetworkManager[733]: <info>  [1791045741.4938] device (ens2): carrier: link connected
Oct 03 16:42:21 baseweed-admin NetworkManager[733]: <info>  [1791045741.4941] device (lo): state change: ip-config -> ip-check (reason 'none', managed-type: 'external')
Oct 03 16:42:21 baseweed-admin NetworkManager[733]: <info>  [1791045741.4948] device (ens2): state change: unavailable -> disconnected (reason 'carrier-changed', managed-type: 'full')
Oct 03 16:42:21 baseweed-admin NetworkManager[733]: <info>  [1791045741.4955] policy: auto-activating connection 'Wired connection 1' (67970e30-2c6e-3815-ae78-9045a74b9d7a)
Oct 03 16:42:21 baseweed-admin NetworkManager[733]: <info>  [1791045741.4957] device (ens2): Activation: starting connection 'Wired connection 1' (67970e30-2c6e-3815-ae78-9045a74b9d7a)
Oct 03 16:42:21 baseweed-admin NetworkManager[733]: <info>  [1791045741.4958] device (ens2): state change: disconnected -> prepare (reason 'none', managed-type: 'full')
Oct 03 16:42:21 baseweed-admin NetworkManager[733]: <info>  [1791045741.4959] manager: NetworkManager state is now CONNECTING
Oct 03 16:42:21 baseweed-admin NetworkManager[733]: <info>  [1791045741.4960] device (ens2): state change: prepare -> config (reason 'none', managed-type: 'full')
Oct 03 16:42:21 baseweed-admin NetworkManager[733]: <info>  [1791045741.4964] device (ens2): state change: config -> ip-config (reason 'none', managed-type: 'full')
Oct 03 16:42:21 baseweed-admin NetworkManager[733]: <info>  [1791045741.4970] dhcp4 (ens2): activation: beginning transaction (timeout in 45 seconds)
Oct 03 16:42:21 baseweed-admin kernel: NET: Registered PF_PACKET protocol family
Oct 03 16:42:21 baseweed-admin systemd[1]: Starting Network Manager Script Dispatcher Service...
Oct 03 16:42:21 baseweed-admin systemd[1]: Started Network Manager.
Oct 03 16:42:21 baseweed-admin systemd[1]: Reached target Network.
Oct 03 16:42:21 baseweed-admin NetworkManager[733]: <info>  [1791045741.5598] dhcp4 (ens2): state changed new lease, address=10.0.2.15, acd pending
Oct 03 16:42:21 baseweed-admin systemd[1]: Starting Network Manager Wait Online...
Oct 03 16:42:21 baseweed-admin systemd[1]: Starting NTP client/server...
Oct 03 16:42:21 baseweed-admin systemd[1]: Started qdistro IPP proxy → CUPS-in-VM (spec/20 Phase-9 skeleton).
Oct 03 16:42:21 baseweed-admin systemd[1]: Starting OpenSSH Daemon...
Oct 03 16:42:21 baseweed-admin systemd[1]: Started qdistro session manager (user-silo lifecycle).
Oct 03 16:42:21 baseweed-admin systemd[1]: Started Network Manager Script Dispatcher Service.
Oct 03 16:42:21 baseweed-admin NetworkManager[733]: <info>  [1791045741.7672] dhcp4 (ens2): state changed new lease, address=10.0.2.15
Oct 03 16:42:21 baseweed-admin NetworkManager[733]: <info>  [1791045741.7696] policy: set 'Wired connection 1' (ens2) as default for IPv4 routing and DNS
Oct 03 16:42:21 baseweed-admin sshd-gen-keys-start[757]: Checking for missing server keys in /etc/ssh
Oct 03 16:42:21 baseweed-admin qdistro-print-proxy[755]: [qdistro-print-proxy] listening on /run/qdistro-print/ipp.sock → backend=vsock
Oct 03 16:42:21 baseweed-admin chronyd[754]: chronyd version 4.9 starting (+CMDMON +REFCLOCK +RTC +PRIVDROP +SCFILTER +SIGND +NTS +SECHASH +IPV6 -DEBUG)
Oct 03 16:42:21 baseweed-admin chronyd[754]: Frequency -83.231 +/- 535.590 ppm read from /var/lib/chrony/drift
Oct 03 16:42:22 baseweed-admin systemd[1]: Started NTP client/server.
Oct 03 16:42:22 baseweed-admin systemd[1]: Reached target System Time Synchronized.
Oct 03 16:42:22 baseweed-admin systemd[1]: Started Backup of RPM database.
Oct 03 16:42:22 baseweed-admin systemd[1]: Started Backup of /etc/sysconfig.
Oct 03 16:42:22 baseweed-admin systemd[1]: Started Check if mainboard battery is Ok.
Oct 03 16:42:22 baseweed-admin systemd[1]: Started Discard unused filesystem blocks once a week.
Oct 03 16:42:22 baseweed-admin systemd[1]: Started Daily rotation of log files.
Oct 03 16:42:22 baseweed-admin systemd[1]: Started daily update of the root trust anchor for DNSSEC.
Oct 03 16:42:22 baseweed-admin systemd[1]: Started Monthly rotation of wtmpdb.
Oct 03 16:42:22 baseweed-admin systemd[1]: Reached target Timer Units.
Oct 03 16:42:22 baseweed-admin qdistro_admin_broker.py[720]: [broker] hooks: enabled, executor socket at /run/qdistro/hook-executor.sock
Oct 03 16:42:22 baseweed-admin qdistro_admin_broker.py[720]: [broker] secctx_launcher_gated=True
Oct 03 16:42:22 baseweed-admin qdistro_admin_broker.py[720]: [broker] require_silo_active=True (fail-closed)
Oct 03 16:42:22 baseweed-admin qdistro_admin_broker.py[720]: [broker] lineage_enforce=False (False=shadow/audit-only)
Oct 03 16:42:22 baseweed-admin runuser[787]: pam_unix(runuser:session): session opened for user admin(uid=1000) by (uid=0)
Oct 03 16:42:22 baseweed-admin qdistro_admin_broker.py[720]: /usr/libexec/qdistro/qdistro_admin_broker.py:1124: PyGIDeprecationWarning: GLib.unix_signal_add is deprecated; use GLibUnix.signal_add instead
Oct 03 16:42:22 baseweed-admin qdistro_admin_broker.py[720]:   GLib.unix_signal_add(
Oct 03 16:42:22 baseweed-admin qdistro_admin_broker.py[720]: [broker] inotify watching /etc/qdistro/rules.d for hot reload
Oct 03 16:42:22 baseweed-admin systemd[1]: Started qdistro password-manager daemon (spec/13 Phase-8 MVP).
Oct 03 16:42:22 baseweed-admin qdistro_admin_broker.py[720]: [broker] workflow engine: 0 workflow(s) loaded
Oct 03 16:42:22 baseweed-admin qdistro_admin_broker.py[720]: [qdistro-admin-broker] listening on org.qdistro.AdminBroker1 /org/qdistro/AdminBroker1
Oct 03 16:42:22 baseweed-admin systemd[1]: Started qdistro admin broker (Phase 1 prototype).
Oct 03 16:42:22 baseweed-admin qdistro_pwd_daemon.py[721]: logind lifecycle hooks unavailable
Oct 03 16:42:22 baseweed-admin qdistro_pwd_daemon.py[721]: Traceback (most recent call last):
Oct 03 16:42:22 baseweed-admin qdistro_pwd_daemon.py[721]:   File "/usr/libexec/qdistro/qdistro_pwd_daemon.py", line 661, in _install_lifecycle_hooks
Oct 03 16:42:22 baseweed-admin qdistro_pwd_daemon.py[721]:     session_path = str(mgr.GetSessionByPID(os.getpid()))
Oct 03 16:42:22 baseweed-admin qdistro_pwd_daemon.py[721]:                        ~~~~~~~~~~~~~~~~~~~^^^^^^^^^^^^^
Oct 03 16:42:22 baseweed-admin qdistro_pwd_daemon.py[721]:   File "/usr/lib/python3.13/site-packages/dbus/proxies.py", line 72, in __call__
Oct 03 16:42:22 baseweed-admin qdistro_pwd_daemon.py[721]:     return self._proxy_method(*args, **keywords)
Oct 03 16:42:22 baseweed-admin qdistro_pwd_daemon.py[721]:            ~~~~~~~~~~~~~~~~~~^^^^^^^^^^^^^^^^^^^
Oct 03 16:42:22 baseweed-admin qdistro_pwd_daemon.py[721]:   File "/usr/lib/python3.13/site-packages/dbus/proxies.py", line 141, in __call__
Oct 03 16:42:22 baseweed-admin qdistro_pwd_daemon.py[721]:     return self._connection.call_blocking(self._named_service,
Oct 03 16:42:22 baseweed-admin qdistro_pwd_daemon.py[721]:            ~~~~~~~~~~~~~~~~~~~~~~~~~~~~~~^^^^^^^^^^^^^^^^^^^^^
Oct 03 16:42:22 baseweed-admin qdistro_pwd_daemon.py[721]:                                           self._object_path,
Oct 03 16:42:22 baseweed-admin qdistro_pwd_daemon.py[721]:                                           ^^^^^^^^^^^^^^^^^^
Oct 03 16:42:22 baseweed-admin qdistro_pwd_daemon.py[721]:     ...<3 lines>...
Oct 03 16:42:22 baseweed-admin qdistro_pwd_daemon.py[721]:                                           args,
Oct 03 16:42:22 baseweed-admin qdistro_pwd_daemon.py[721]:                                           ^^^^^
Oct 03 16:42:22 baseweed-admin qdistro_pwd_daemon.py[721]:                                           **keywords)
Oct 03 16:42:22 baseweed-admin qdistro_pwd_daemon.py[721]:                                           ^^^^^^^^^^^
Oct 03 16:42:22 baseweed-admin qdistro_pwd_daemon.py[721]:   File "/usr/lib/python3.13/site-packages/dbus/connection.py", line 696, in call_blocking
Oct 03 16:42:22 baseweed-admin qdistro_pwd_daemon.py[721]:     reply_message = self.send_message_with_reply_and_block(
Oct 03 16:42:22 baseweed-admin qdistro_pwd_daemon.py[721]:         message, timeout)
Oct 03 16:42:22 baseweed-admin qdistro_pwd_daemon.py[721]: dbus.exceptions.DBusException: org.freedesktop.login1.NoSessionForPID: PID 721 does not belong to any known session
Oct 03 16:42:22 baseweed-admin qdistro_pwd_daemon.py[721]: [qdistro-pwd] listening on org.qdistro.Pwd1 /org/qdistro/Pwd1
Oct 03 16:42:22 baseweed-admin qdistro_pwd_daemon.py[721]: /usr/libexec/qdistro/qdistro_pwd_daemon.py:2030: PyGIDeprecationWarning: GLib.unix_signal_add is deprecated; use GLibUnix.signal_add instead
Oct 03 16:42:22 baseweed-admin qdistro_pwd_daemon.py[721]:   GLib.unix_signal_add(GLib.PRIORITY_HIGH, signal.SIGTERM, _on_term, None)
Oct 03 16:42:22 baseweed-admin qdistro_pwd_daemon.py[721]: /usr/libexec/qdistro/qdistro_pwd_daemon.py:2031: PyGIDeprecationWarning: GLib.unix_signal_add is deprecated; use GLibUnix.signal_add instead
Oct 03 16:42:22 baseweed-admin qdistro_pwd_daemon.py[721]:   GLib.unix_signal_add(GLib.PRIORITY_HIGH, signal.SIGINT, _on_term, None)
Oct 03 16:42:22 baseweed-admin sshd[791]: Server listening on 0.0.0.0 port 22.
Oct 03 16:42:22 baseweed-admin sshd[791]: Server listening on :: port 22.
Oct 03 16:42:22 baseweed-admin systemd[1]: Started OpenSSH Daemon.
Oct 03 16:42:22 baseweed-admin NetworkManager[733]: <info>  [1791045742.3137] device (ens2): state change: ip-config -> ip-check (reason 'none', managed-type: 'full')
Oct 03 16:42:22 baseweed-admin NetworkManager[733]: <info>  [1791045742.3157] device (lo): state change: ip-check -> secondaries (reason 'none', managed-type: 'external')
Oct 03 16:42:22 baseweed-admin NetworkManager[733]: <info>  [1791045742.3161] device (lo): state change: secondaries -> activated (reason 'none', managed-type: 'external')
Oct 03 16:42:22 baseweed-admin NetworkManager[733]: <info>  [1791045742.3172] device (lo): Activation: successful, device activated.
Oct 03 16:42:22 baseweed-admin NetworkManager[733]: <info>  [1791045742.3180] device (ens2): state change: ip-check -> secondaries (reason 'none', managed-type: 'full')
Oct 03 16:42:22 baseweed-admin NetworkManager[733]: <info>  [1791045742.3184] device (ens2): state change: secondaries -> activated (reason 'none', managed-type: 'full')
Oct 03 16:42:22 baseweed-admin NetworkManager[733]: <info>  [1791045742.3191] manager: NetworkManager state is now CONNECTED_SITE
Oct 03 16:42:22 baseweed-admin NetworkManager[733]: <info>  [1791045742.3192] device (ens2): Activation: successful, device activated.
Oct 03 16:42:22 baseweed-admin NetworkManager[733]: <info>  [1791045742.3204] manager: startup complete
Oct 03 16:42:22 baseweed-admin systemd[1]: Finished Network Manager Wait Online.
Oct 03 16:42:22 baseweed-admin systemd[1]: Reached target Network is Online.
Oct 03 16:42:22 baseweed-admin systemd[1]: Starting Login and scanning of iSCSI devices...
Oct 03 16:42:22 baseweed-admin iscsiadm[807]: iscsiadm: No records found
Oct 03 16:42:22 baseweed-admin iscsiadm[816]: iscsiadm: No records found
Oct 03 16:42:22 baseweed-admin iscsiadm[828]: iscsiadm: Could not get list of targets from firmware. (err 21)
Oct 03 16:42:22 baseweed-admin systemd[1]: Finished Login and scanning of iSCSI devices.
Oct 03 16:42:22 baseweed-admin systemd[1]: Reached target Remote File Systems.
Oct 03 16:42:22 baseweed-admin systemd[1]: Starting Availability of block devices...
Oct 03 16:42:22 baseweed-admin systemd[1]: Starting Permit User Sessions...
Oct 03 16:42:22 baseweed-admin systemd[1]: Starting libvirt QEMU daemon...
Oct 03 16:42:22 baseweed-admin systemd[1]: libvirt Xen daemon skipped, unmet condition check ConditionPathExists=/proc/xen/capabilities
Oct 03 16:42:22 baseweed-admin systemd[1]: Finished Availability of block devices.
Oct 03 16:42:22 baseweed-admin systemd[1]: Finished Permit User Sessions.
Oct 03 16:42:22 baseweed-admin systemd[1]: Started Getty on tty1.
Oct 03 16:42:22 baseweed-admin systemd[1]: Started Seat management daemon.
Oct 03 16:42:22 baseweed-admin systemd[1]: Started Serial Getty on ttyS0.
Oct 03 16:42:22 baseweed-admin systemd[1]: Reached target Login Prompts.
Oct 03 16:42:22 baseweed-admin systemd[1]: Starting User Manager for UID 1000...
Oct 03 16:42:22 baseweed-admin seatd[855]: 00:00:00.000 [INFO] [seatd/seat.c:48] Created VT-bound seat seat0
Oct 03 16:42:22 baseweed-admin seatd[855]: 00:00:00.000 [INFO] [seatd/seatd.c:194] seatd started
Oct 03 16:42:22 baseweed-admin systemd[1]: Started libvirt QEMU daemon.
Oct 03 16:42:22 baseweed-admin systemd[1]: Reached target Multi-User System.
Oct 03 16:42:22 baseweed-admin systemd-logind[686]: New session '1' of user 'admin' with class 'manager' and type 'unspecified'.
Oct 03 16:42:22 baseweed-admin (systemd)[857]: pam_unix(systemd-user:session): session opened for user admin(uid=1000) by admin(uid=0)
Oct 03 16:42:23 baseweed-admin systemd[857]: Queued start job for default target Main User Target.
Oct 03 16:42:24 baseweed-admin kernel: input: ydotoold virtual device as /devices/virtual/input/input7
Oct 03 16:42:24 baseweed-admin rtkit-daemon[927]: Handling system-suspend using logind.
Oct 03 16:42:24 baseweed-admin seatd[855]: 00:00:01.158 [INFO] [seatd/server.c:145] New client connected (pid: 916, uid: 1000, gid: 1000)
Oct 03 16:42:24 baseweed-admin seatd[855]: 00:00:01.158 [INFO] [seatd/seat.c:248] Added client 1 to seat0
Oct 03 16:42:24 baseweed-admin seatd[855]: 00:00:01.158 [INFO] [seatd/seat.c:584] Opened client 1 on seat0
Oct 03 16:42:23 baseweed-admin systemd[857]: Created slice User Application Slice.
Oct 03 16:42:24 baseweed-admin kernel: evm: overlay not supported
Oct 03 16:42:23 baseweed-admin systemd[857]: Created slice User Core Session Slice.
Oct 03 16:42:23 baseweed-admin systemd[857]: Started Daily Cleanup of User's Temporary Directories.
Oct 03 16:42:23 baseweed-admin systemd[857]: Reached target Paths.
Oct 03 16:42:24 baseweed-admin dbus-broker-launch[903]: Policy to allow eavesdropping in /usr/share/dbus-1/session.conf +31: Eavesdropping is deprecated and ignored
Oct 03 16:42:23 baseweed-admin systemd[857]: Reached target Timers.
Oct 03 16:42:23 baseweed-admin systemd[857]: Starting D-Bus User Message Bus Socket...
Oct 03 16:42:23 baseweed-admin systemd[857]: Listening on PipeWire Multimedia System Sockets.
Oct 03 16:42:23 baseweed-admin systemd[857]: Listening on Query the User Interactively for a Password.
Oct 03 16:42:23 baseweed-admin systemd[857]: Listening on Disk Image Download Service Socket.
Oct 03 16:42:23 baseweed-admin systemd[857]: Listening on Virtual Machine and Container Registration Service Socket.
Oct 03 16:42:23 baseweed-admin systemd[857]: Starting Create User Files and Directories...
Oct 03 16:42:24 baseweed-admin qdistro_pwd_portal.py[915]: [qdistro-pwd-portal] listening on org.qdistro.PortalSecret /org/freedesktop/portal/desktop
Oct 03 16:42:24 baseweed-admin qdistro_pwd_portal.py[915]: /usr/libexec/qdistro/qdistro_pwd_portal.py:201: PyGIDeprecationWarning: GLib.unix_signal_add is deprecated; use GLibUnix.signal_add instead
Oct 03 16:42:24 baseweed-admin qdistro_pwd_portal.py[915]:   GLib.unix_signal_add(GLib.PRIORITY_HIGH, signal.SIGTERM, _on_term, None)
Oct 03 16:42:24 baseweed-admin qdistro_pwd_portal.py[915]: /usr/libexec/qdistro/qdistro_pwd_portal.py:202: PyGIDeprecationWarning: GLib.unix_signal_add is deprecated; use GLibUnix.signal_add instead
Oct 03 16:42:24 baseweed-admin qdistro_pwd_portal.py[915]:   GLib.unix_signal_add(GLib.PRIORITY_HIGH, signal.SIGINT,  _on_term, None)
Oct 03 16:42:23 baseweed-admin systemd[857]: Listening on D-Bus User Message Bus Socket.
Oct 03 16:42:24 baseweed-admin weston[916]: Date: 2026-10-03 UTC
Oct 03 16:42:24 baseweed-admin weston[916]: [16:42:23.711] weston 16.0.0
Oct 03 16:42:24 baseweed-admin weston[916]:                https://wayland.freedesktop.org
Oct 03 16:42:24 baseweed-admin weston[916]:                Bug reports to: https://gitlab.freedesktop.org/wayland/weston/issues/
Oct 03 16:42:24 baseweed-admin weston[916]:                Build: 16.0.0
Oct 03 16:42:24 baseweed-admin weston[916]: [16:42:23.711] Command line: /usr/bin/weston --config=/home/admin/weston.ini --socket=wayland-1
Oct 03 16:42:24 baseweed-admin weston[916]: [16:42:23.711] OS: Linux, 7.2.8-1-default, #1 SMP PREEMPT_DYNAMIC Sat Sep 26 07:00:58 UTC 2026 (9b36732), x86_64
Oct 03 16:42:24 baseweed-admin weston[916]: [16:42:23.711] Flight recorder: enabled, scopes subscribed: log
Oct 03 16:42:24 baseweed-admin weston[916]: [16:42:23.713] Using config file '/home/admin/weston.ini'
Oct 03 16:42:24 baseweed-admin weston[916]: [16:42:23.714] Output repaint window is 7 ms maximum.
Oct 03 16:42:24 baseweed-admin weston[916]: [16:42:23.714] Loading module '/usr/libexec/qdistro/qdwin-libweston/lib64/libweston-16/drm-backend.so'
Oct 03 16:42:24 baseweed-admin weston[916]: [16:42:23.717] initializing drm backend
Oct 03 16:42:24 baseweed-admin weston[916]: [16:42:23.717] Trying libseat launcher...
Oct 03 16:42:24 baseweed-admin weston[916]: [16:42:23.721] [libseat/libseat.c:73] Seat opened with backend 'seatd'
Oct 03 16:42:24 baseweed-admin weston[916]: [16:42:23.721] [libseat/backend/seatd.c:218] Enabling seat
Oct 03 16:42:24 baseweed-admin weston[916]: [16:42:23.721] libseat: session control granted
Oct 03 16:42:24 baseweed-admin weston[916]: [16:42:23.726] using /dev/dri/card0
Oct 03 16:42:24 baseweed-admin weston[916]: [16:42:23.726] DRM: supports atomic modesetting
Oct 03 16:42:24 baseweed-admin weston[916]: [16:42:23.726] DRM: supports cursor-plane hotspot (virtualized cursor)
Oct 03 16:42:24 baseweed-admin weston[916]: [16:42:23.726] DRM: does not support GBM modifiers
Oct 03 16:42:24 baseweed-admin weston[916]: [16:42:23.726] DRM: does not support Atomic async page flip
Oct 03 16:42:24 baseweed-admin weston[916]: [16:42:23.726] DRM: supports picture aspect ratio
Oct 03 16:42:24 baseweed-admin weston[916]: [16:42:23.726] DRM: EDID for the following head fails conformity:
Oct 03 16:42:24 baseweed-admin weston[916]: Block 1, CTA-861 Extension Block:
Oct 03 16:42:24 baseweed-admin weston[916]:   Padding: Contains non-zero bytes.
Oct 03 16:42:24 baseweed-admin weston[916]: [16:42:23.726] DRM: head 'Virtual-1' found, connector 40 is connected, EDID make 'Red Hat, Inc.', model 'QEMU Monitor', serial ''
Oct 03 16:42:24 baseweed-admin weston[916]:                Supported EOTF modes: SDR
Oct 03 16:42:24 baseweed-admin weston[916]:                Supported colorimetry modes: default
Oct 03 16:42:24 baseweed-admin weston[916]:                Supported VRR modes: (none),
Oct 03 16:42:24 baseweed-admin weston[916]:                Supported color formats: AUTO
Oct 03 16:42:23 baseweed-admin systemd[857]: Reached target Sockets.
Oct 03 16:42:23 baseweed-admin systemd[857]: Starting D-Bus User Message Bus...
Oct 03 16:42:23 baseweed-admin systemd[857]: Started D-Bus User Message Bus.
Oct 03 16:42:23 baseweed-admin systemd[857]: Finished Create User Files and Directories.
Oct 03 16:42:23 baseweed-admin systemd[857]: Reached target Basic System.
Oct 03 16:42:23 baseweed-admin systemd[857]: Reached target Current graphical user session.
Oct 03 16:42:23 baseweed-admin systemd[1]: Started User Manager for UID 1000.
Oct 03 16:42:23 baseweed-admin dbus-broker-launch[903]: Ready
Oct 03 16:42:24 baseweed-admin polkitd[958]: Started polkitd version 127
Oct 03 16:42:23 baseweed-admin systemd[857]: Started PipeWire Multimedia Service.
Oct 03 16:42:23 baseweed-admin systemd[1]: Startup finished in 1.934s (kernel) + 2.877s (initrd) + 6.073s (userspace) = 10.885s.
Oct 03 16:42:23 baseweed-admin systemd[857]: Starting qdistro browser screen-lock inhibit daemon (Bridge Phase-9e)...
Oct 03 16:42:23 baseweed-admin systemd[857]: Starting qdistro browser download-notification daemon (Bridge Phase-9e)...
Oct 03 16:42:23 baseweed-admin systemd[857]: Starting qdistro browser MPRIS republisher (Bridge Phase-9e)...
Oct 03 16:42:23 baseweed-admin systemd[857]: Starting qdistro browser web-notification relay (Bridge Phase-9e)...
Oct 03 16:42:23 baseweed-admin systemd[857]: qdistro-polkit-agent.service: unit configures an IP firewall, but not running as root.
Oct 03 16:42:23 baseweed-admin systemd[857]: qdistro-polkit-agent.service: (This warning is only shown for the first unit using IP firewalling.)
Oct 03 16:42:23 baseweed-admin systemd[857]: Started qdistro polkit authentication agent (PAM / fprintd / broker).
Oct 03 16:42:23 baseweed-admin systemd[857]: Starting qdistro pwd XDG portal Secret backend (spec/13 Phase-8.3)...
Oct 03 16:42:23 baseweed-admin systemd[857]: Started qdwin compositor (libweston + qdwin-shell.so).
Oct 03 16:42:23 baseweed-admin systemd[857]: Starting qdistro screen locker (qdlocker)...
Oct 03 16:42:23 baseweed-admin systemd[857]: Starting qdshell desktop (Quickshell QML on top of qdwin)...
Oct 03 16:42:23 baseweed-admin systemd[857]: Started Multimedia Service Session Manager.
Oct 03 16:42:23 baseweed-admin systemd[857]: Starting ydotool synthetic input daemon for qdistro VM tests...
Oct 03 16:42:23 baseweed-admin systemd[857]: Started ydotool synthetic input daemon for qdistro VM tests.
Oct 03 16:42:23 baseweed-admin systemd[1]: Starting RealtimeKit Scheduling Policy Service...
Oct 03 16:42:23 baseweed-admin systemd-logind[686]: Watching system buttons on /dev/input/event6 (ydotoold virtual device)
Oct 03 16:42:23 baseweed-admin NetworkManager[733]: <info>  [1791045743.8348] manager: NetworkManager state is now CONNECTED_GLOBAL
Oct 03 16:42:23 baseweed-admin NetworkManager[733]: <info>  [1791045743.9224] policy: set 'Wired connection 1' (ens2) as default for IPv6 routing and DNS
Oct 03 16:42:23 baseweed-admin systemd[857]: Started qdistro browser web-notification relay (Bridge Phase-9e).
Oct 03 16:42:23 baseweed-admin systemd[857]: Started qdistro browser MPRIS republisher (Bridge Phase-9e).
Oct 03 16:42:24 baseweed-admin systemd[857]: Started qdistro browser screen-lock inhibit daemon (Bridge Phase-9e).
Oct 03 16:42:24 baseweed-admin systemd[857]: Started qdistro pwd XDG portal Secret backend (spec/13 Phase-8.3).
Oct 03 16:42:24 baseweed-admin systemd[857]: Auto-unlock the qdistro portal-keys vault at login skipped, unmet condition check ConditionPathExists=/var/lib/qdistro/vaults/portal-keys-pin.tpm
Oct 03 16:42:24 baseweed-admin systemd[857]: Started qdistro browser download-notification daemon (Bridge Phase-9e).
Oct 03 16:42:24 baseweed-admin systemd[1]: Started RealtimeKit Scheduling Policy Service.
Oct 03 16:42:24 baseweed-admin systemd[1]: Starting Authorization Manager...
Oct 03 16:42:24 baseweed-admin systemd[1]: Started Authorization Manager.
Oct 03 16:42:24 baseweed-admin qemu-ga[680]: info: guest-exec called: "/bin/sh -c [ -S /run/user/1000/wayland-1 ] && echo yes || echo no"
Oct 03 16:42:24 baseweed-admin qemu-ga[680]: info: guest-exec called: "/bin/sh -c qd_startof() {
                                               awk 'match($0,/\)[^)]*$/){s=substr($0,RSTART+2);split(s,f," ");print f[20]}' "/proc/$1/stat" 2>/dev/null
                                             }
                                             qd_ident_s=$(qd_startof 980)
                                             # The guest's boot id rides along: a (pid, start time) pair is unique only
                                             # WITHIN one boot, and the orphan registry must never match it against a later
                                             # incarnation of the same VM name. "boot=" with nothing after it means the id
                                             # was unreadable; the host then does not register the command.
                                             qd_ident_b=$(cat /proc/sys/kernel/random/boot_id 2>/dev/null)
                                             if [ -n "$qd_ident_s" ]; then printf 'start=%s boot=%s\n' "$qd_ident_s" "$qd_ident_b"; else printf 'gone\n'; fi"
Oct 03 16:42:24 baseweed-admin qemu-ga[680]: info: guest-exec-status called, pid: 982
Oct 03 16:42:24 baseweed-admin qdistro-polkit-agent[913]: registration failed: org.freedesktop.PolicyKit1.Error.Failed: Cannot determine session the caller is in
Oct 03 16:42:24 baseweed-admin python3[913]: qdistro-polkit-agent: registration failed: org.freedesktop.PolicyKit1.Error.Failed: Cannot determine session the caller is in
Oct 03 16:42:24 baseweed-admin weston[916]: [16:42:24.611] Loading module '/usr/libexec/qdistro/qdwin-libweston/lib64/libweston-16/gl-renderer.so'
Oct 03 16:42:24 baseweed-admin qemu-ga[680]: info: guest-exec-status called, pid: 980
Oct 03 16:42:24 baseweed-admin weston[916]: [16:42:24.617] warning: failed to query rendering device from EGL
Oct 03 16:42:24 baseweed-admin weston[916]: [16:42:24.617] EGL version: 1.5
Oct 03 16:42:24 baseweed-admin weston[916]: [16:42:24.617] EGL vendor: Mesa Project
Oct 03 16:42:24 baseweed-admin weston[916]: [16:42:24.617] EGL client APIs: OpenGL OpenGL_ES
Oct 03 16:42:24 baseweed-admin weston[916]: [16:42:24.617] EGL features:
Oct 03 16:42:24 baseweed-admin weston[916]:                EGL Wayland extension: no
Oct 03 16:42:24 baseweed-admin weston[916]:                context priority: no
Oct 03 16:42:24 baseweed-admin weston[916]:                buffer age: yes
Oct 03 16:42:24 baseweed-admin weston[916]:                partial update: no
Oct 03 16:42:24 baseweed-admin weston[916]:                swap buffers with damage: no
Oct 03 16:42:24 baseweed-admin weston[916]:                configless context: yes
Oct 03 16:42:24 baseweed-admin weston[916]:                surfaceless context: yes
Oct 03 16:42:24 baseweed-admin weston[916]:                dmabuf support: modifiers
Oct 03 16:42:24 baseweed-admin weston[916]:                fence sync: yes (wait)
Oct 03 16:42:24 baseweed-admin wireplumber[919]: [0:00:12.026936460] [919]  INFO Camera camera_manager.cpp:340 libcamera v0.7.2
Oct 03 16:42:24 baseweed-admin wireplumber[919]: [0:00:12.028148062] [999]  WARN IPAManager ipa_manager.cpp:159 No IPA found in '/usr/lib64/libcamera/ipa'
Oct 03 16:42:24 baseweed-admin wireplumber[919]: [0:00:12.028538226] [999] ERROR DmaBufAllocator dma_buf_allocator.cpp:119 Could not open any dma-buf provider
Oct 03 16:42:24 baseweed-admin systemd[857]: qdistro-polkit-agent.service: Main process exited, code=exited, status=1/FAILURE
Oct 03 16:42:24 baseweed-admin systemd[857]: qdistro-polkit-agent.service: Failed with result 'exit-code'.
Oct 03 16:42:24 baseweed-admin weston[916]: [16:42:24.803] GL version: OpenGL ES 3.2 Mesa 26.2.3
Oct 03 16:42:24 baseweed-admin weston[916]: [16:42:24.803] GLSL version: OpenGL ES GLSL ES 3.20
Oct 03 16:42:24 baseweed-admin weston[916]: [16:42:24.803] GL vendor: Mesa
Oct 03 16:42:24 baseweed-admin weston[916]: [16:42:24.803] GL renderer: llvmpipe (LLVM 23.1.1, 256 bits)
Oct 03 16:42:24 baseweed-admin weston[916]: [16:42:24.819] GL ES 3.2 - renderer features:
Oct 03 16:42:24 baseweed-admin weston[916]:                read-back format: ARGB8888
Oct 03 16:42:24 baseweed-admin weston[916]:                glReadPixels supports y-flip: yes
Oct 03 16:42:24 baseweed-admin weston[916]:                glReadPixels supports PBO: yes
Oct 03 16:42:24 baseweed-admin weston[916]:                wl_shm 10 bpc formats: yes
Oct 03 16:42:24 baseweed-admin weston[916]:                wl_shm 16 bpc formats: yes
Oct 03 16:42:24 baseweed-admin weston[916]:                wl_shm half-float formats: yes
Oct 03 16:42:24 baseweed-admin weston[916]:                internal R and RG formats: yes
Oct 03 16:42:24 baseweed-admin weston[916]:                OES_EGL_image_external: yes
Oct 03 16:42:24 baseweed-admin weston[916]:                GPU timeline: no
Oct 03 16:42:24 baseweed-admin weston[916]:                Texture immutability: yes
Oct 03 16:42:24 baseweed-admin weston[916]:                Required precision: yes
Oct 03 16:42:24 baseweed-admin weston[916]:                In-shader blending: yes
Oct 03 16:42:24 baseweed-admin weston[916]: [16:42:24.820] Using GL renderer
Oct 03 16:42:24 baseweed-admin weston[916]: [16:42:24.977] event3  - QEMU QEMU USB Tablet: is tagged by udev as: Mouse
Oct 03 16:42:24 baseweed-admin weston[916]: [16:42:24.977] event3  - QEMU QEMU USB Tablet: device is a pointer
Oct 03 16:42:24 baseweed-admin weston[916]: [16:42:24.978] event4  - Power Button: is tagged by udev as: Keyboard
Oct 03 16:42:24 baseweed-admin weston[916]: [16:42:24.978] event4  - Power Button: device is a keyboard
Oct 03 16:42:24 baseweed-admin weston[916]: [16:42:24.979] event0  - AT Translated Set 2 keyboard: is tagged by udev as: Keyboard
Oct 03 16:42:24 baseweed-admin weston[916]: [16:42:24.979] event0  - AT Translated Set 2 keyboard: device is a keyboard
Oct 03 16:42:24 baseweed-admin weston[916]: [16:42:24.980] event2  - VirtualPS/2 VMware VMMouse: is tagged by udev as: Mouse
Oct 03 16:42:24 baseweed-admin weston[916]: [16:42:24.980] event2  - VirtualPS/2 VMware VMMouse: emulating high-resolution scroll wheel events.
Oct 03 16:42:24 baseweed-admin weston[916]: [16:42:24.980] event2  - VirtualPS/2 VMware VMMouse: device is a pointer
Oct 03 16:42:24 baseweed-admin weston[916]: [16:42:24.981] event1  - VirtualPS/2 VMware VMMouse: is tagged by udev as: Mouse
Oct 03 16:42:24 baseweed-admin weston[916]: [16:42:24.981] event1  - VirtualPS/2 VMware VMMouse: device is a pointer
Oct 03 16:42:24 baseweed-admin weston[916]: [16:42:24.982] event5  - PC Speaker: not tagged as supported input device
Oct 03 16:42:24 baseweed-admin weston[916]: [16:42:24.993] event5  - not using input device '/dev/input/event5'
Oct 03 16:42:24 baseweed-admin weston[916]: [16:42:24.994] event6  - ydotoold virtual device: is tagged by udev as: Keyboard
Oct 03 16:42:24 baseweed-admin weston[916]: [16:42:24.994] event6  - ydotoold virtual device: emulating high-resolution scroll wheel events.
Oct 03 16:42:24 baseweed-admin weston[916]: [16:42:24.994] event6  - ydotoold virtual device: device is a keyboard
Oct 03 16:42:24 baseweed-admin weston[916]: [16:42:24.994] libinput: configuring device "QEMU QEMU USB Tablet".
Oct 03 16:42:24 baseweed-admin weston[916]: [16:42:24.995] input device event3 has no enabled output associated (none named), skipping calibration for now.
Oct 03 16:42:25 baseweed-admin weston[916]: [16:42:25.243] libinput: configuring device "Power Button".
Oct 03 16:42:25 baseweed-admin weston[916]: [16:42:25.243] libinput: configuring device "AT Translated Set 2 keyboard".
Oct 03 16:42:25 baseweed-admin weston[916]: [16:42:25.243] libinput: configuring device "VirtualPS/2 VMware VMMouse".
Oct 03 16:42:25 baseweed-admin weston[916]: [16:42:25.243] libinput: configuring device "VirtualPS/2 VMware VMMouse".
Oct 03 16:42:25 baseweed-admin weston[916]: [16:42:25.243] input device event1 has no enabled output associated (none named), skipping calibration for now.
Oct 03 16:42:25 baseweed-admin weston[916]: [16:42:25.243] libinput: configuring device "ydotoold virtual device".
Oct 03 16:42:25 baseweed-admin weston[916]: [16:42:25.243] Registered plugin API 'weston_drm_output_api_v1' of size 40
Oct 03 16:42:25 baseweed-admin weston[916]: [16:42:25.243] Loading module '/usr/libexec/qdistro/qdwin-libweston/lib64/libweston-16/pipewire-backend.so'
Oct 03 16:42:25 baseweed-admin weston[916]: [16:42:25.246] Initializing PipeWire backend
Oct 03 16:42:25 baseweed-admin weston[916]: [16:42:25.252] Registered plugin API 'weston_pipewire_output_api_v2' of size 24
Oct 03 16:42:25 baseweed-admin weston[916]: [16:42:25.252] Color manager: no-op
Oct 03 16:42:25 baseweed-admin weston[916]:                  protocol support: no
Oct 03 16:42:25 baseweed-admin weston[916]: [16:42:25.252] Setting output 'Virtual-1' to color AUTO format
Oct 03 16:42:25 baseweed-admin weston[916]: [16:42:25.252] Output 'Virtual-1' attempts EOTF mode SDR and colorimetry mode default.
Oct 03 16:42:25 baseweed-admin weston[916]: [16:42:25.252] Output 'Virtual-1' using color profile: stock sRGB color profile
Oct 03 16:42:25 baseweed-admin weston[916]: [16:42:25.252] Chosen EGL config details: id:  46 rgba: 8 8 8 0 buf: 24 dep:  0 stcl: 0 int: 1-1 type: win val: fix vis_id: XRGB8888 (0x34325258)
Oct 03 16:42:25 baseweed-admin weston[916]: [16:42:25.252] Output Virtual-1 (crtc 39) video modes:
Oct 03 16:42:25 baseweed-admin weston[916]:                1280x800@75.0, preferred, 107.3 MHz
Oct 03 16:42:25 baseweed-admin weston[916]:                5120x2160@50.0 64:27, 742.5 MHz
Oct 03 16:42:25 baseweed-admin weston[916]:                4096x2160@50.0 256:135, 594.0 MHz
Oct 03 16:42:25 baseweed-admin weston[916]:                3840x2160@60.0 16:9, 594.0 MHz
Oct 03 16:42:25 baseweed-admin weston[916]:                3840x2160@59.9 16:9, 593.4 MHz
Oct 03 16:42:25 baseweed-admin weston[916]:                3840x2160@50.0 16:9, 594.0 MHz
Oct 03 16:42:25 baseweed-admin weston[916]:                1920x1440@60.0, 234.0 MHz
Oct 03 16:42:25 baseweed-admin weston[916]:                2560x1080@50.0 64:27, 185.6 MHz
Oct 03 16:42:25 baseweed-admin weston[916]:                1856x1392@60.0, 218.2 MHz
Oct 03 16:42:25 baseweed-admin weston[916]:                1792x1344@60.0, 204.8 MHz
Oct 03 16:42:25 baseweed-admin weston[916]:                2048x1152@60.0, 162.0 MHz
Oct 03 16:42:25 baseweed-admin weston[916]:                1920x1200@59.9, 193.2 MHz
Oct 03 16:42:25 baseweed-admin weston[916]:                1920x1080@60.0, current, 148.5 MHz
Oct 03 16:42:25 baseweed-admin weston[916]:                1920x1080@50.0 16:9, 148.5 MHz
Oct 03 16:42:25 baseweed-admin weston[916]:                1600x1200@60.0, 162.0 MHz
Oct 03 16:42:25 baseweed-admin weston[916]:                1680x1050@60.0, 146.2 MHz
Oct 03 16:42:25 baseweed-admin weston[916]:                1400x1050@60.0, 121.8 MHz
Oct 03 16:42:25 baseweed-admin weston[916]:                1280x1024@60.0, 108.0 MHz
Oct 03 16:42:25 baseweed-admin weston[916]:                1440x900@59.9, 106.5 MHz
Oct 03 16:42:25 baseweed-admin weston[916]:                1280x960@60.0, 108.0 MHz
Oct 03 16:42:25 baseweed-admin weston[916]:                1360x768@60.0, 85.5 MHz
Oct 03 16:42:25 baseweed-admin weston[916]:                1280x768@59.9, 79.5 MHz
Oct 03 16:42:25 baseweed-admin weston[916]:                1024x768@60.0, 65.0 MHz
Oct 03 16:42:25 baseweed-admin weston[916]:                800x600@60.3, 40.0 MHz
Oct 03 16:42:25 baseweed-admin weston[916]:                640x480@60.0 4:3, 25.2 MHz
Oct 03 16:42:25 baseweed-admin weston[916]:                640x480@59.9, 25.2 MHz
Oct 03 16:42:25 baseweed-admin weston[916]: [16:42:25.253] associating input device event3 with output Virtual-1 (none by udev)
Oct 03 16:42:25 baseweed-admin weston[916]: [16:42:25.253] associating input device event4 with output Virtual-1 (none by udev)
Oct 03 16:42:25 baseweed-admin weston[916]: [16:42:25.253] associating input device event0 with output Virtual-1 (none by udev)
Oct 03 16:42:25 baseweed-admin weston[916]: [16:42:25.253] associating input device event2 with output Virtual-1 (none by udev)
Oct 03 16:42:25 baseweed-admin weston[916]: [16:42:25.253] associating input device event1 with output Virtual-1 (none by udev)
Oct 03 16:42:25 baseweed-admin weston[916]: [16:42:25.253] associating input device event6 with output Virtual-1 (none by udev)
Oct 03 16:42:25 baseweed-admin weston[916]: [16:42:25.253] Output 'Virtual-1' enabled with head(s) Virtual-1
Oct 03 16:42:25 baseweed-admin weston[916]: [16:42:25.253] pipewire_backend_output_configure.. Done
Oct 03 16:42:25 baseweed-admin weston[916]: [16:42:25.253] Output 'pipewire-0' attempts EOTF mode SDR and colorimetry mode default.
Oct 03 16:42:25 baseweed-admin weston[916]: [16:42:25.253] Output 'pipewire-0' using color profile: stock sRGB color profile
Oct 03 16:42:25 baseweed-admin weston[916]: [16:42:25.379] Output 'pipewire-0' enabled with head(s) pipewire-0
Oct 03 16:42:25 baseweed-admin weston[916]: [16:42:25.379] pipewire_backend_output_configure.. Done
Oct 03 16:42:25 baseweed-admin weston[916]: [16:42:25.379] Output 'pipewire-1' attempts EOTF mode SDR and colorimetry mode default.
Oct 03 16:42:25 baseweed-admin weston[916]: [16:42:25.379] Output 'pipewire-1' using color profile: stock sRGB color profile
Oct 03 16:42:25 baseweed-admin weston[916]: [16:42:25.379] Output 'pipewire-1' enabled with head(s) pipewire-1
Oct 03 16:42:25 baseweed-admin weston[916]: [16:42:25.379] Compositor capabilities:
Oct 03 16:42:25 baseweed-admin weston[916]:                arbitrary surface rotation: yes
Oct 03 16:42:25 baseweed-admin weston[916]:                screen capture uses y-flip: yes
Oct 03 16:42:25 baseweed-admin weston[916]:                cursor planes: yes
Oct 03 16:42:25 baseweed-admin weston[916]:                arbitrary resolutions: yes
Oct 03 16:42:25 baseweed-admin weston[916]:                view mask clipping: yes
Oct 03 16:42:25 baseweed-admin weston[916]:                explicit sync: no
Oct 03 16:42:25 baseweed-admin weston[916]:                color operations: yes
Oct 03 16:42:25 baseweed-admin weston[916]:                color representation: yes
Oct 03 16:42:25 baseweed-admin weston[916]:                in-shader blending: yes
Oct 03 16:42:25 baseweed-admin weston[916]:                presentation clock: CLOCK_MONOTONIC, id 1
Oct 03 16:42:25 baseweed-admin weston[916]:                presentation clock resolution: 0.000000001 s
Oct 03 16:42:25 baseweed-admin weston[916]: [16:42:25.379] Loading module '/usr/lib64/weston/qdwin-shell.so'
Oct 03 16:42:25 baseweed-admin weston[916]: [16:42:25.380] qdwin: locker bind policy defaulting to entrypoint=/usr/local/bin/qdlocker:/usr/bin/qdlocker (system interpreter + root-owned entrypoint; no explicit policy configured); set --qdwin-allowed-locker-any to override to uid-only
Oct 03 16:42:25 baseweed-admin weston[916]: [16:42:25.380] qdwin: locker bind policy uid=1000 entrypoint=/usr/local/bin/qdlocker:/usr/bin/qdlocker exe=(any) label=(any)
Oct 03 16:42:25 baseweed-admin weston[916]: [16:42:25.380] qdwin: ext-idle-notify idle_time=0 internal_mode=1
Oct 03 16:42:25 baseweed-admin weston[916]: [16:42:25.381] qdwin: cursor-shape theme=(default) size=24 loaded=0/36
Oct 03 16:42:25 baseweed-admin weston[916]: [16:42:25.381] qdwin: layer-popup grab handler registered
Oct 03 16:42:25 baseweed-admin weston[916]: [16:42:25.381] qdwin/nested-proxy: default keyboard grab installed on seat 'default'
Oct 03 16:42:25 baseweed-admin weston[916]: [16:42:25.381] qdwin: background curtain 3200x1080 installed
Oct 03 16:42:25 baseweed-admin weston[916]: [16:42:25.381] qdwin: WARNING shell-authorized output capture enabled via QDWIN_ENABLE_SHELL_CAPTURE — dev/test only, do not use in production
Oct 03 16:42:25 baseweed-admin weston[916]: [16:42:25.381] qdwin: retained-frame capture armed on output=Virtual-1
Oct 03 16:42:25 baseweed-admin weston[916]: [16:42:25.381] qdwin: shell loaded (allowed_uid=1000); desktop + qdwin_shell_v1 ready
Oct 03 16:42:25 baseweed-admin weston[916]: [16:42:25.381] Loading module '/usr/lib64/libweston-16/xwayland.so'
Oct 03 16:42:25 baseweed-admin weston[916]: [16:42:25.383] Registered plugin API 'weston_xwayland_v3' of size 32
Oct 03 16:42:25 baseweed-admin weston[916]: [16:42:25.383] Registered plugin API 'weston_xwayland_surface_v2' of size 24
Oct 03 16:42:25 baseweed-admin weston[916]: [16:42:25.383] xserver listening on display :0
Oct 03 16:42:25 baseweed-admin podman[849]: 2026-10-03 16:42:25.396896979 +0000 UTC m=+2.768520581 system refresh
Oct 03 16:42:25 baseweed-admin systemd[857]: selinux: avc:  denied  { start } for auid=n/a uid=1000 gid=1000 cmdline="podman ps -a --filter label=qdistro_disposable=1 --format {{.Names}}" function="method_start_transient_unit" scontext=system_u:system_r:qdistro_sessmgr_t:s0 tcontext=unconfined_u:unconfined_r:unconfined_t:s0-s0:c0.c1023 tclass=system permissive=1
Oct 03 16:42:25 baseweed-admin systemd[857]: Created slice Slice /user.
Oct 03 16:42:25 baseweed-admin systemd[857]: Started podman-849.scope.
Oct 03 16:42:25 baseweed-admin systemd[857]: Started podman-pause-c35208f7.scope.
Oct 03 16:42:25 baseweed-admin systemd[857]: Started qdistro screen locker (qdlocker).
Oct 03 16:42:25 baseweed-admin runuser[787]: pam_unix(runuser:session): session closed for user admin
Oct 03 16:42:25 baseweed-admin runuser[1019]: pam_unix(runuser:session): session opened for user admin(uid=1000) by (uid=0)
Oct 03 16:42:25 baseweed-admin systemd[857]: Started qdshell desktop (Quickshell QML on top of qdwin).
Oct 03 16:42:25 baseweed-admin systemd[857]: Reached target qdistro desktop session (qdwin compositor + qdshell).
Oct 03 16:42:25 baseweed-admin systemd[857]: Reached target Main User Target.
Oct 03 16:42:25 baseweed-admin systemd[857]: Started qdistro cursor sprite supplier for qdwin.
Oct 03 16:42:25 baseweed-admin systemd[857]: Startup finished in 2.829s.
Oct 03 16:42:25 baseweed-admin weston[916]: [16:42:25.481] qdwin: bind attempt pid=1023 uid=1000 (allowed_uid=1000)
Oct 03 16:42:25 baseweed-admin weston[916]: [16:42:25.481] qdwin: bind accepted for uid=1000, hello sent
Oct 03 16:42:25 baseweed-admin qdistro-cursor-sprites[1023]: [cursor-sprites 1023] registered shape=1 via=xcursor
Oct 03 16:42:25 baseweed-admin weston[916]: [16:42:25.483] qdwin: cursor-sprite registered shape=default hotspot=3,1
Oct 03 16:42:25 baseweed-admin weston[916]: [16:42:25.483] qdwin: cursor_retry_install: scheduling first retry in 1000ms
Oct 03 16:42:25 baseweed-admin qdistro-cursor-sprites[1023]: [cursor-sprites 1023] registered shape=2 via=xcursor
Oct 03 16:42:25 baseweed-admin qdistro-cursor-sprites[1023]: [cursor-sprites 1023] registered shape=3 via=xcursor
Oct 03 16:42:25 baseweed-admin weston[916]: [16:42:25.484] qdwin: cursor-sprite registered shape=context-menu hotspot=3,1
Oct 03 16:42:25 baseweed-admin weston[916]: [16:42:25.484] qdwin: cursor-sprite registered shape=help hotspot=12,21
Oct 03 16:42:25 baseweed-admin qdistro-cursor-sprites[1023]: [cursor-sprites 1023] registered shape=4 via=xcursor
Oct 03 16:42:25 baseweed-admin weston[916]: [16:42:25.484] qdwin: cursor-sprite registered shape=pointer hotspot=7,5
Oct 03 16:42:25 baseweed-admin qdistro-cursor-sprites[1023]: [cursor-sprites 1023] registered shape=5 via=xcursor
Oct 03 16:42:25 baseweed-admin weston[916]: [16:42:25.495] qdwin: cursor-sprite registered shape=progress hotspot=3,1
Oct 03 16:42:25 baseweed-admin qdistro-cursor-sprites[1023]: [cursor-sprites 1023] registered shape=6 via=xcursor
Oct 03 16:42:25 baseweed-admin weston[916]: [16:42:25.506] qdwin: cursor-sprite registered shape=wait hotspot=11,11
Oct 03 16:42:25 baseweed-admin qdistro-cursor-sprites[1023]: [cursor-sprites 1023] registered shape=7 via=xcursor
Oct 03 16:42:25 baseweed-admin weston[916]: [16:42:25.506] qdwin: cursor-sprite registered shape=cell hotspot=11,11
Oct 03 16:42:25 baseweed-admin qdistro-cursor-sprites[1023]: [cursor-sprites 1023] registered shape=8 via=xcursor
Oct 03 16:42:25 baseweed-admin weston[916]: [16:42:25.507] qdwin: cursor-sprite registered shape=crosshair hotspot=11,11
Oct 03 16:42:25 baseweed-admin qdistro-cursor-sprites[1023]: [cursor-sprites 1023] registered shape=9 via=xcursor
Oct 03 16:42:25 baseweed-admin weston[916]: [16:42:25.507] qdwin: cursor-sprite registered shape=text hotspot=11,12
Oct 03 16:42:25 baseweed-admin qdistro-cursor-sprites[1023]: [cursor-sprites 1023] registered shape=10 via=xcursor
Oct 03 16:42:25 baseweed-admin weston[916]: [16:42:25.507] qdwin: cursor-sprite registered shape=vertical-text hotspot=12,11
Oct 03 16:42:25 baseweed-admin qdistro-cursor-sprites[1023]: [cursor-sprites 1023] registered shape=11 via=xcursor
Oct 03 16:42:25 baseweed-admin weston[916]: [16:42:25.508] qdwin: cursor-sprite registered shape=alias hotspot=18,5
Oct 03 16:42:25 baseweed-admin qdistro-cursor-sprites[1023]: [cursor-sprites 1023] registered shape=12 via=xcursor
Oct 03 16:42:25 baseweed-admin weston[916]: [16:42:25.508] qdwin: cursor-sprite registered shape=copy hotspot=3,1
Oct 03 16:42:25 baseweed-admin qdistro-cursor-sprites[1023]: [cursor-sprites 1023] registered shape=13 via=xcursor
Oct 03 16:42:25 baseweed-admin weston[916]: [16:42:25.508] qdwin: cursor-sprite registered shape=move hotspot=3,1
Oct 03 16:42:25 baseweed-admin qdistro-cursor-sprites[1023]: [cursor-sprites 1023] registered shape=14 via=xcursor
Oct 03 16:42:25 baseweed-admin weston[916]: [16:42:25.509] qdwin: cursor-sprite registered shape=no-drop hotspot=3,1
Oct 03 16:42:25 baseweed-admin qdistro-cursor-sprites[1023]: [cursor-sprites 1023] registered shape=15 via=xcursor
Oct 03 16:42:25 baseweed-admin weston[916]: [16:42:25.509] qdwin: cursor-sprite registered shape=not-allowed hotspot=12,12
Oct 03 16:42:25 baseweed-admin qdistro-cursor-sprites[1023]: [cursor-sprites 1023] registered shape=16 via=xcursor
Oct 03 16:42:25 baseweed-admin weston[916]: [16:42:25.510] qdwin: cursor-sprite registered shape=grab hotspot=11,2
Oct 03 16:42:25 baseweed-admin qdistro-cursor-sprites[1023]: [cursor-sprites 1023] registered shape=17 via=xcursor
Oct 03 16:42:25 baseweed-admin weston[916]: [16:42:25.510] qdwin: cursor-sprite registered shape=grabbing hotspot=9,5
Oct 03 16:42:25 baseweed-admin qdistro-cursor-sprites[1023]: [cursor-sprites 1023] registered shape=18 via=xcursor
Oct 03 16:42:25 baseweed-admin weston[916]: [16:42:25.510] qdwin: cursor-sprite registered shape=e-resize hotspot=19,13
Oct 03 16:42:25 baseweed-admin qdistro-cursor-sprites[1023]: [cursor-sprites 1023] registered shape=19 via=xcursor
Oct 03 16:42:25 baseweed-admin weston[916]: [16:42:25.510] qdwin: cursor-sprite registered shape=n-resize hotspot=13,6
Oct 03 16:42:25 baseweed-admin qdistro-cursor-sprites[1023]: [cursor-sprites 1023] registered shape=20 via=xcursor
Oct 03 16:42:25 baseweed-admin weston[916]: [16:42:25.511] qdwin: cursor-sprite registered shape=ne-resize hotspot=15,10
Oct 03 16:42:25 baseweed-admin qdistro-cursor-sprites[1023]: [cursor-sprites 1023] registered shape=21 via=xcursor
Oct 03 16:42:25 baseweed-admin weston[916]: [16:42:25.511] qdwin: cursor-sprite registered shape=nw-resize hotspot=10,10
Oct 03 16:42:25 baseweed-admin qdistro-cursor-sprites[1023]: [cursor-sprites 1023] registered shape=22 via=xcursor
Oct 03 16:42:25 baseweed-admin weston[916]: [16:42:25.511] qdwin: cursor-sprite registered shape=s-resize hotspot=13,18
Oct 03 16:42:25 baseweed-admin qdistro-cursor-sprites[1023]: [cursor-sprites 1023] registered shape=23 via=xcursor
Oct 03 16:42:25 baseweed-admin weston[916]: [16:42:25.512] qdwin: cursor-sprite registered shape=se-resize hotspot=15,15
Oct 03 16:42:25 baseweed-admin qdistro-cursor-sprites[1023]: [cursor-sprites 1023] registered shape=24 via=xcursor
Oct 03 16:42:25 baseweed-admin weston[916]: [16:42:25.512] qdwin: cursor-sprite registered shape=sw-resize hotspot=10,15
Oct 03 16:42:25 baseweed-admin qdistro-cursor-sprites[1023]: [cursor-sprites 1023] registered shape=25 via=xcursor
Oct 03 16:42:25 baseweed-admin weston[916]: [16:42:25.512] qdwin: cursor-sprite registered shape=w-resize hotspot=6,13
Oct 03 16:42:25 baseweed-admin qdistro-cursor-sprites[1023]: [cursor-sprites 1023] registered shape=26 via=xcursor
Oct 03 16:42:25 baseweed-admin weston[916]: [16:42:25.512] qdwin: cursor-sprite registered shape=ew-resize hotspot=12,12
Oct 03 16:42:25 baseweed-admin qdistro-cursor-sprites[1023]: [cursor-sprites 1023] registered shape=27 via=xcursor
Oct 03 16:42:25 baseweed-admin qdistro-cursor-sprites[1023]: [cursor-sprites 1023] registered shape=28 via=xcursor
Oct 03 16:42:25 baseweed-admin qdistro-cursor-sprites[1023]: [cursor-sprites 1023] registered shape=29 via=xcursor
Oct 03 16:42:25 baseweed-admin qdistro-cursor-sprites[1023]: [cursor-sprites 1023] registered shape=30 via=xcursor
Oct 03 16:42:25 baseweed-admin weston[916]: [16:42:25.513] qdwin: cursor-sprite registered shape=ns-resize hotspot=12,13
Oct 03 16:42:25 baseweed-admin weston[916]: [16:42:25.513] qdwin: cursor-sprite registered shape=nesw-resize hotspot=11,11
Oct 03 16:42:25 baseweed-admin weston[916]: [16:42:25.513] qdwin: cursor-sprite registered shape=nwse-resize hotspot=11,11
Oct 03 16:42:25 baseweed-admin weston[916]: [16:42:25.513] qdwin: cursor-sprite registered shape=col-resize hotspot=12,12
Oct 03 16:42:25 baseweed-admin qdistro-cursor-sprites[1023]: [cursor-sprites 1023] registered shape=31 via=xcursor
Oct 03 16:42:25 baseweed-admin qdistro-cursor-sprites[1023]: [cursor-sprites 1023] registered shape=32 via=xcursor
Oct 03 16:42:25 baseweed-admin weston[916]: [16:42:25.513] qdwin: cursor-sprite registered shape=row-resize hotspot=12,13
Oct 03 16:42:25 baseweed-admin weston[916]: [16:42:25.513] qdwin: cursor-sprite registered shape=all-scroll hotspot=11,11
Oct 03 16:42:25 baseweed-admin qdistro-cursor-sprites[1023]: [cursor-sprites 1023] registered shape=33 via=xcursor
Oct 03 16:42:25 baseweed-admin qdistro-cursor-sprites[1023]: [cursor-sprites 1023] registered shape=34 via=xcursor
Oct 03 16:42:25 baseweed-admin qdistro-cursor-sprites[1023]: [cursor-sprites 1023] registered shape=35 via=xcursor
Oct 03 16:42:25 baseweed-admin weston[916]: [16:42:25.514] qdwin: cursor-sprite registered shape=zoom-in hotspot=11,10
Oct 03 16:42:25 baseweed-admin weston[916]: [16:42:25.514] qdwin: cursor-sprite registered shape=zoom-out hotspot=11,10
Oct 03 16:42:25 baseweed-admin weston[916]: [16:42:25.514] qdwin: cursor-sprite registered shape=dnd-ask hotspot=3,1
Oct 03 16:42:25 baseweed-admin qdistro-cursor-sprites[1023]: [cursor-sprites 1023] registered shape=36 via=xcursor
Oct 03 16:42:25 baseweed-admin qdistro-cursor-sprites[1023]: [cursor-sprites 1023] theme summary: xcursor=36 synthetic=0
Oct 03 16:42:25 baseweed-admin weston[916]: [16:42:25.514] qdwin: cursor-sprite registered shape=all-resize hotspot=12,11
Oct 03 16:42:25 baseweed-admin qdistro-cursor-sprites[1023]: [cursor-sprites 1023] registration complete; pausing on signalfd (SIGTERM exits cleanly)
Oct 03 16:42:25 baseweed-admin systemd[857]: Started podman-1033.scope.
Oct 03 16:42:25 baseweed-admin runuser[1019]: pam_unix(runuser:session): session closed for user admin
Oct 03 16:42:25 baseweed-admin qdistro_session_manager.py[724]: 2026-10-03 16:42:25,615 INFO qdistro_session_manager: disposable lease sweeps (TTL + proctree-empty) every 60s
Oct 03 16:42:25 baseweed-admin dbus-run-session[1032]: No running instances for "/usr/share/quickshell/qdshell/shell.qml"
Oct 03 16:42:25 baseweed-admin dbus-run-session[1032]:   INFO: Launching config: "/usr/share/quickshell/qdshell/shell.qml"
Oct 03 16:42:25 baseweed-admin dbus-run-session[1032]:   INFO: Shell ID: "0d0d1ceeb7f0392fec595c8531945b05" Path ID "0d0d1ceeb7f0392fec595c8531945b05"
Oct 03 16:42:25 baseweed-admin dbus-run-session[1032]:   INFO: Saving logs to "/run/user/1000/quickshell/by-id/ospqbcmt/log.qslog"
Oct 03 16:42:25 baseweed-admin qdlocker[1018]: 2026-10-03 16:42:25,725 qdlocker.app INFO using built-in defaults (no trusted config file found)
Oct 03 16:42:25 baseweed-admin qdlocker[1018]: 2026-10-03 16:42:25,750 qdlocker.auth INFO PAM service from env: qdlocker
Oct 03 16:42:26 baseweed-admin dbus-run-session[1032]: MESA-EGL: warning: failed to get driver name for fd -1
Oct 03 16:42:26 baseweed-admin dbus-run-session[1032]: MESA-EGL: warning: MESA-LOADER: failed to retrieve device information
Oct 03 16:42:26 baseweed-admin dbus-run-session[1032]: MESA-EGL: warning: failed to get driver name for fd -1
Oct 03 16:42:26 baseweed-admin dbus-run-session[1032]: MESA: error: ZINK: failed to choose pdev
Oct 03 16:42:26 baseweed-admin dbus-run-session[1032]: MESA-EGL: warning: egl: failed to create dri2 screen
Oct 03 16:42:26 baseweed-admin weston[916]: [16:42:26.129] qdwin: locker bind attempt pid=1018 uid=1000 (allowed_locker_uid=1000)
Oct 03 16:42:26 baseweed-admin weston[916]: [16:42:26.129] qdwin: locker bound pid=1018 uid=1000 (initially_locked=0)
Oct 03 16:42:26 baseweed-admin qdlocker[1018]: 2026-10-03 16:42:26,130 qdlocker.wayland INFO locker connected
Oct 03 16:42:26 baseweed-admin qdlocker[1018]: 2026-10-03 16:42:26,135 qdlocker.idle INFO idle watcher started; timeout=300000ms
Oct 03 16:42:26 baseweed-admin qdlocker[1018]: 2026-10-03 16:42:26,139 qdlocker.ctrl INFO ctrl socket at /run/user/1000/qdlocker.sock
Oct 03 16:42:26 baseweed-admin qdlocker[1018]: 2026-10-03 16:42:26,144 qdlocker.app INFO locker bound; initially_locked=False
Oct 03 16:42:26 baseweed-admin qdlocker[1018]: 2026-10-03 16:42:26,272 qdlocker.logind INFO logind sleep delay-inhibitor acquired (fd=20)
Oct 03 16:42:26 baseweed-admin qdlocker[1018]: 2026-10-03 16:42:26,275 qdlocker.logind WARNING cannot identify one owned active Wayland session (0 candidates); session lock unavailable
Oct 03 16:42:26 baseweed-admin qdlocker[1018]: 2026-10-03 16:42:26,276 qdlocker.logind INFO logind automatic sleep locking ready; session=None
Oct 03 16:42:26 baseweed-admin chronyd[754]: Selected source 80.79.25.111 (2.opensuse.pool.ntp.org)
Oct 03 16:42:26 baseweed-admin chronyd[754]: System clock wrong by 15.862021 seconds
Oct 03 16:42:42 baseweed-admin chronyd[754]: System clock was stepped by 15.862021 seconds
Oct 03 16:42:43 baseweed-admin dbus-run-session[1032]:   INFO qml: [20261003-164243]           I18n Service started
Oct 03 16:42:43 baseweed-admin dbus-run-session[1032]:   INFO qml: [20261003-164243]           I18n Loading "en" (locale: "en-Latn-US")
Oct 03 16:42:43 baseweed-admin dbus-run-session[1032]:   INFO qml: [20261003-164243]          Shell ---------------------------
Oct 03 16:42:43 baseweed-admin dbus-run-session[1032]:   INFO qml: [20261003-164243]          Shell Qdshell Hello!
Oct 03 16:42:43 baseweed-admin dbus-run-session[1032]:   WARN scene: @Commons/I18n.qml[104:5]: Unable to assign QJSValue to QObject*
Oct 03 16:42:43 baseweed-admin dbus-run-session[1032]:   INFO: Configuration Loaded
Oct 03 16:42:43 baseweed-admin dbus-run-session[1032]:   WARN scene: @Commons/I18n.qml[104:5]: Unable to assign QJSValue to QObject*
Oct 03 16:42:43 baseweed-admin dbus-run-session[1032]:   INFO qml: [20261003-164243]       Settings Settings loaded
Oct 03 16:42:43 baseweed-admin dbus-run-session[1032]:   INFO qml: [20261003-164243]           I18n Loaded translations for "en"
Oct 03 16:42:43 baseweed-admin dbus-run-session[1032]:   INFO qml: [20261003-164243] PluginRegistry Loaded plugin states from: /home/admin/.config/qdshell/plugins.json
Oct 03 16:42:43 baseweed-admin dbus-run-session[1032]:   INFO qml: [20261003-164243] PluginRegistry Scanning plugin folder: /home/admin/.config/qdshell/plugins
Oct 03 16:42:43 baseweed-admin dbus-run-session[1032]:   INFO qml: [20261003-164243]          Icons Service started
Oct 03 16:42:43 baseweed-admin dbus-run-session[1032]:   INFO: ctrl-server: listening on /run/user/1000/qdshell.sock
Oct 03 16:42:43 baseweed-admin dbus-run-session[1032]:   WARN scene: QML Connections at @Services/Hardware/BrightnessService.qml[66:3]: Detected function "onEnableDdcSupportChanged" in Connections element. This is probably intended to be a signal handler but no signal of the target matches the name.
Oct 03 16:42:43 baseweed-admin dbus-run-session[1032]:   INFO qml: [20261003-164243]     Brightness Service started
Oct 03 16:42:43 baseweed-admin qemu-ga[680]: info: guest-exec called: "/bin/sh -c [ -S /run/user/1000/wayland-1 ] && echo yes || echo no"
Oct 03 16:42:43 baseweed-admin systemd[857]: qdistro-polkit-agent.service: Scheduled restart job, restart counter is at 1.
Oct 03 16:42:43 baseweed-admin systemd[857]: Started qdistro polkit authentication agent (PAM / fprintd / broker).
Oct 03 16:42:43 baseweed-admin qemu-ga[680]: info: guest-exec called: "/bin/sh -c qd_startof() {
                                               awk 'match($0,/\)[^)]*$/){s=substr($0,RSTART+2);split(s,f," ");print f[20]}' "/proc/$1/stat" 2>/dev/null
                                             }
                                             qd_ident_s=$(qd_startof 1075)
                                             # The guest's boot id rides along: a (pid, start time) pair is unique only
                                             # WITHIN one boot, and the orphan registry must never match it against a later
                                             # incarnation of the same VM name. "boot=" with nothing after it means the id
                                             # was unreadable; the host then does not register the command.
                                             qd_ident_b=$(cat /proc/sys/kernel/random/boot_id 2>/dev/null)
                                             if [ -n "$qd_ident_s" ]; then printf 'start=%s boot=%s\n' "$qd_ident_s" "$qd_ident_b"; else printf 'gone\n'; fi"
Oct 03 16:42:43 baseweed-admin qemu-ga[680]: info: guest-exec-status called, pid: 1078
Oct 03 16:42:43 baseweed-admin dbus-run-session[1032]:   INFO qml: [20261003-164243] DesktopWidgetR Service started
Oct 03 16:42:43 baseweed-admin dbus-run-session[1032]:   WARN scene: QML Connections at @Services/UI/BarService.qml[147:3]: Detected function "onDisplayModeChanged" in Connections element. This is probably intended to be a signal handler but no signal of the target matches the name.
Oct 03 16:42:43 baseweed-admin dbus-run-session[1032]:   WARN scene: QML Connections at @Services/UI/BarService.qml[147:3]: Detected function "onScreenOverridesChanged" in Connections element. This is probably intended to be a signal handler but no signal of the target matches the name.
Oct 03 16:42:43 baseweed-admin dbus-run-session[1032]:   INFO qml: [20261003-164243]     BarService Service started
Oct 03 16:42:43 baseweed-admin dbus-run-session[1032]:   WARN scene: QML Connections at @Services/Networking/NetworkService.qml[73:3]: Detected function "onWifiEnabledChanged" in Connections element. This is probably intended to be a signal handler but no signal of the target matches the name.
Oct 03 16:42:43 baseweed-admin dbus-run-session[1032]:   INFO qml: [20261003-164243]        Network Service started
Oct 03 16:42:43 baseweed-admin qemu-ga[680]: info: guest-exec-status called, pid: 1075
Oct 03 16:42:43 baseweed-admin dbus-run-session[1032]:   WARN scene: QML Connections at @Modules/Panels/Dock/StaticDockPanel.qml[350:3]: Detected function "onPinnedAppsChanged" in Connections element. This is probably intended to be a signal handler but no signal of the target matches the name.
Oct 03 16:42:43 baseweed-admin dbus-run-session[1032]:   WARN scene: QML Connections at @Modules/Panels/Dock/StaticDockPanel.qml[350:3]: Detected function "onOnlySameOutputChanged" in Connections element. This is probably intended to be a signal handler but no signal of the target matches the name.
Oct 03 16:42:43 baseweed-admin dbus-run-session[1032]:   WARN scene: QML Connections at @Services/System/SystemStatService.qml[320:3]: Detected function "onEnableDgpuMonitoringChanged" in Connections element. This is probably intended to be a signal handler but no signal of the target matches the name.
Oct 03 16:42:43 baseweed-admin dbus-run-session[1032]:   INFO qml: [20261003-164243]     SystemStat Service started (polling deferred until a consumer registers).
Oct 03 16:42:43 baseweed-admin qemu-ga[680]: info: guest-exec called: "/bin/sh -c echo list | socat - UNIX-CONNECT:/run/user/1000/qdshell.sock 2>&1 | head -1"
Oct 03 16:42:43 baseweed-admin dbus-run-session[1032]:   WARN scene: QML Connections at @Modules/Panels/Dock/StaticDockPanel.qml[350:3]: Detected function "onPinnedAppsChanged" in Connections element. This is probably intended to be a signal handler but no signal of the target matches the name.
Oct 03 16:42:43 baseweed-admin dbus-run-session[1032]:   WARN scene: QML Connections at @Modules/Panels/Dock/StaticDockPanel.qml[350:3]: Detected function "onOnlySameOutputChanged" in Connections element. This is probably intended to be a signal handler but no signal of the target matches the name.
Oct 03 16:42:43 baseweed-admin qdistro-polkit-agent[1077]: registration failed: org.freedesktop.PolicyKit1.Error.Failed: Cannot determine session the caller is in
Oct 03 16:42:43 baseweed-admin python3[1077]: qdistro-polkit-agent: registration failed: org.freedesktop.PolicyKit1.Error.Failed: Cannot determine session the caller is in
Oct 03 16:42:43 baseweed-admin systemd[857]: qdistro-polkit-agent.service: Main process exited, code=exited, status=1/FAILURE
Oct 03 16:42:43 baseweed-admin systemd[857]: qdistro-polkit-agent.service: Failed with result 'exit-code'.
Oct 03 16:42:43 baseweed-admin dbus-run-session[1032]:   WARN scene: QML Connections at @Modules/Panels/Dock/StaticDockPanel.qml[350:3]: Detected function "onPinnedAppsChanged" in Connections element. This is probably intended to be a signal handler but no signal of the target matches the name.
Oct 03 16:42:43 baseweed-admin dbus-run-session[1032]:   WARN scene: QML Connections at @Modules/Panels/Dock/StaticDockPanel.qml[350:3]: Detected function "onOnlySameOutputChanged" in Connections element. This is probably intended to be a signal handler but no signal of the target matches the name.
Oct 03 16:42:43 baseweed-admin dbus-run-session[1032]:   WARN scene: QML Connections at @Services/UI/WallpaperService.qml[140:3]: Detected function "onWallpaperDownloaded" in Connections element. This is probably intended to be a signal handler but no signal of the target matches the name.
Oct 03 16:42:43 baseweed-admin dbus-run-session[1032]:   WARN scene: QML Connections at @Services/UI/WallpaperService.qml[61:3]: Detected function "onDirectoryChanged" in Connections element. This is probably intended to be a signal handler but no signal of the target matches the name.
Oct 03 16:42:43 baseweed-admin dbus-run-session[1032]:   WARN scene: QML Connections at @Services/UI/WallpaperService.qml[61:3]: Detected function "onEnableMultiMonitorDirectoriesChanged" in Connections element. This is probably intended to be a signal handler but no signal of the target matches the name.
Oct 03 16:42:43 baseweed-admin dbus-run-session[1032]:   WARN scene: QML Connections at @Services/UI/WallpaperService.qml[61:3]: Detected function "onAutomationEnabledChanged" in Connections element. This is probably intended to be a signal handler but no signal of the target matches the name.
Oct 03 16:42:43 baseweed-admin dbus-run-session[1032]:   WARN scene: QML Connections at @Services/UI/WallpaperService.qml[61:3]: Detected function "onRandomIntervalSecChanged" in Connections element. This is probably intended to be a signal handler but no signal of the target matches the name.
Oct 03 16:42:43 baseweed-admin dbus-run-session[1032]:   WARN scene: QML Connections at @Services/UI/WallpaperService.qml[61:3]: Detected function "onWallpaperChangeModeChanged" in Connections element. This is probably intended to be a signal handler but no signal of the target matches the name.
Oct 03 16:42:43 baseweed-admin dbus-run-session[1032]:   WARN scene: QML Connections at @Services/UI/WallpaperService.qml[61:3]: Detected function "onViewModeChanged" in Connections element. This is probably intended to be a signal handler but no signal of the target matches the name.
Oct 03 16:42:43 baseweed-admin dbus-run-session[1032]:   WARN scene: QML Connections at @Services/UI/WallpaperService.qml[61:3]: Detected function "onShowHiddenFilesChanged" in Connections element. This is probably intended to be a signal handler but no signal of the target matches the name.
Oct 03 16:42:43 baseweed-admin dbus-run-session[1032]:   WARN scene: QML Connections at @Services/UI/WallpaperService.qml[61:3]: Detected function "onUseSolidColorChanged" in Connections element. This is probably intended to be a signal handler but no signal of the target matches the name.
Oct 03 16:42:43 baseweed-admin dbus-run-session[1032]:   WARN scene: QML Connections at @Services/UI/WallpaperService.qml[61:3]: Detected function "onSolidColorChanged" in Connections element. This is probably intended to be a signal handler but no signal of the target matches the name.
Oct 03 16:42:43 baseweed-admin dbus-run-session[1032]:   WARN scene: QML Connections at @Services/UI/WallpaperService.qml[61:3]: Detected function "onSortOrderChanged" in Connections element. This is probably intended to be a signal handler but no signal of the target matches the name.
Oct 03 16:42:43 baseweed-admin dbus-run-session[1032]:   WARN scene: QML Connections at @Modules/Background/Background.qml[80:7]: Detected function "onFillModeChanged" in Connections element. This is probably intended to be a signal handler but no signal of the target matches the name.
Oct 03 16:42:43 baseweed-admin dbus-run-session[1032]:   WARN scene: QML Connections at @Modules/Background/Background.qml[80:7]: Detected function "onFillModeChanged" in Connections element. This is probably intended to be a signal handler but no signal of the target matches the name.
Oct 03 16:42:43 baseweed-admin dbus-run-session[1032]:   WARN scene: QML Connections at @Modules/Background/Background.qml[80:7]: Detected function "onFillModeChanged" in Connections element. This is probably intended to be a signal handler but no signal of the target matches the name.
Oct 03 16:42:43 baseweed-admin dbus-run-session[1032]:   WARN scene: QML Connections at @Modules/Dock/Dock.qml[45:7]: Detected function "onPinnedAppsChanged" in Connections element. This is probably intended to be a signal handler but no signal of the target matches the name.
Oct 03 16:42:43 baseweed-admin dbus-run-session[1032]:   WARN scene: QML Connections at @Modules/Dock/Dock.qml[45:7]: Detected function "onOnlySameOutputChanged" in Connections element. This is probably intended to be a signal handler but no signal of the target matches the name.
Oct 03 16:42:43 baseweed-admin dbus-run-session[1032]:   WARN scene: QML Connections at @Modules/Dock/Dock.qml[45:7]: Detected function "onPinnedAppsChanged" in Connections element. This is probably intended to be a signal handler but no signal of the target matches the name.
Oct 03 16:42:43 baseweed-admin dbus-run-session[1032]:   WARN scene: QML Connections at @Modules/Dock/Dock.qml[45:7]: Detected function "onOnlySameOutputChanged" in Connections element. This is probably intended to be a signal handler but no signal of the target matches the name.
Oct 03 16:42:43 baseweed-admin dbus-run-session[1032]:   WARN scene: QML Connections at @Modules/Dock/Dock.qml[45:7]: Detected function "onPinnedAppsChanged" in Connections element. This is probably intended to be a signal handler but no signal of the target matches the name.
Oct 03 16:42:43 baseweed-admin dbus-run-session[1032]:   WARN scene: QML Connections at @Modules/Dock/Dock.qml[45:7]: Detected function "onOnlySameOutputChanged" in Connections element. This is probably intended to be a signal handler but no signal of the target matches the name.
Oct 03 16:42:43 baseweed-admin dbus-run-session[1032]:   INFO qml: [20261003-164243]          Shell ---------------------------
Oct 03 16:42:43 baseweed-admin dbus-run-session[1032]:   INFO qml: [20261003-164243]      Wallpaper Service started
Oct 03 16:42:43 baseweed-admin dbus-run-session[1032]:   INFO qml: [20261003-164243]     ImageCache Service started
Oct 03 16:42:43 baseweed-admin qemu-ga[680]: info: guest-exec called: "/bin/sh -c qd_startof() {
                                               awk 'match($0,/\)[^)]*$/){s=substr($0,RSTART+2);split(s,f," ");print f[20]}' "/proc/$1/stat" 2>/dev/null
                                             }
                                             qd_ident_s=$(qd_startof 1091)
                                             # The guest's boot id rides along: a (pid, start time) pair is unique only
                                             # WITHIN one boot, and the orphan registry must never match it against a later
                                             # incarnation of the same VM name. "boot=" with nothing after it means the id
                                             # was unreadable; the host then does not register the command.
                                             qd_ident_b=$(cat /proc/sys/kernel/random/boot_id 2>/dev/null)
                                             if [ -n "$qd_ident_s" ]; then printf 'start=%s boot=%s\n' "$qd_ident_s" "$qd_ident_b"; else printf 'gone\n'; fi"
Oct 03 16:42:44 baseweed-admin dbus-run-session[1032]:   WARN scene: QML Connections at @Services/Theming/AppThemeService.qml[30:3]: Detected function "onDarkModeChanged" in Connections element. This is probably intended to be a signal handler but no signal of the target matches the name.
Oct 03 16:42:44 baseweed-admin dbus-run-session[1032]:   WARN scene: QML Connections at @Services/Theming/AppThemeService.qml[30:3]: Detected function "onMonitorForColorsChanged" in Connections element. This is probably intended to be a signal handler but no signal of the target matches the name.
Oct 03 16:42:44 baseweed-admin dbus-run-session[1032]:   WARN scene: QML Connections at @Services/Theming/AppThemeService.qml[30:3]: Detected function "onGenerationMethodChanged" in Connections element. This is probably intended to be a signal handler but no signal of the target matches the name.
Oct 03 16:42:44 baseweed-admin dbus-run-session[1032]:   INFO qml: [20261003-164244] AppThemeServic Service started
Oct 03 16:42:44 baseweed-admin dbus-run-session[1032]:   WARN scene: QML Connections at @Services/Theming/ColorSchemeService.qml[20:3]: Detected function "onDarkModeChanged" in Connections element. This is probably intended to be a signal handler but no signal of the target matches the name.
Oct 03 16:42:44 baseweed-admin dbus-run-session[1032]:   INFO qml: [20261003-164244]    ColorScheme Service started
Oct 03 16:42:44 baseweed-admin dbus-run-session[1032]:   INFO qml: [20261003-164244] AppPresentatio Service started
Oct 03 16:42:44 baseweed-admin dbus-run-session[1032]:   WARN scene: QML Connections at @Services/Location/DarkModeService.qml[43:3]: Detected function "onSchedulingModeChanged" in Connections element. This is probably intended to be a signal handler but no signal of the target matches the name.
Oct 03 16:42:44 baseweed-admin dbus-run-session[1032]:   WARN scene: QML Connections at @Services/Location/DarkModeService.qml[28:3]: Detected function "onManualSunriseChanged" in Connections element. This is probably intended to be a signal handler but no signal of the target matches the name.
Oct 03 16:42:44 baseweed-admin dbus-run-session[1032]:   WARN scene: QML Connections at @Services/Location/DarkModeService.qml[28:3]: Detected function "onManualSunsetChanged" in Connections element. This is probably intended to be a signal handler but no signal of the target matches the name.
Oct 03 16:42:44 baseweed-admin dbus-run-session[1032]:   INFO qml: [20261003-164244] DarkModeServic Service started
Oct 03 16:42:44 baseweed-admin qemu-ga[680]: info: guest-exec-status called, pid: 1098
Oct 03 16:42:44 baseweed-admin dbus-run-session[1032]:   WARN scene: @Services/Location/DarkModeService.qml[29:5]: Unable to assign QJSValue to QObject*
Oct 03 16:42:44 baseweed-admin dbus-run-session[1032]:   WARN scene: @Services/Location/DarkModeService.qml[44:5]: Unable to assign QJSValue to QObject*
Oct 03 16:42:44 baseweed-admin dbus-run-session[1032]:   WARN scene: @Services/Theming/ColorSchemeService.qml[21:5]: Unable to assign QJSValue to QObject*
Oct 03 16:42:44 baseweed-admin dbus-run-session[1032]:   WARN scene: @Services/Theming/AppThemeService.qml[31:5]: Unable to assign QJSValue to QObject*
Oct 03 16:42:44 baseweed-admin dbus-run-session[1032]:   WARN scene: @Modules/Dock/Dock.qml[46:9]: Unable to assign QJSValue to QObject*
Oct 03 16:42:44 baseweed-admin dbus-run-session[1032]:   WARN scene: @Modules/Dock/Dock.qml[46:9]: Unable to assign QJSValue to QObject*
Oct 03 16:42:44 baseweed-admin dbus-run-session[1032]:   WARN scene: @Modules/Dock/Dock.qml[46:9]: Unable to assign QJSValue to QObject*
Oct 03 16:42:44 baseweed-admin dbus-run-session[1032]:   WARN scene: @Modules/Background/Background.qml[81:9]: Unable to assign QJSValue to QObject*
Oct 03 16:42:44 baseweed-admin dbus-run-session[1032]:   WARN scene: @Modules/Background/Background.qml[81:9]: Unable to assign QJSValue to QObject*
Oct 03 16:42:44 baseweed-admin dbus-run-session[1032]:   WARN scene: @Modules/Background/Background.qml[81:9]: Unable to assign QJSValue to QObject*
Oct 03 16:42:44 baseweed-admin dbus-run-session[1032]:   WARN scene: @Services/UI/WallpaperService.qml[62:5]: Unable to assign QJSValue to QObject*
Oct 03 16:42:44 baseweed-admin dbus-run-session[1032]:   WARN scene: @Modules/Panels/SessionMenu/SessionMenu.qml[152:5]: Unable to assign QJSValue to QObject*
Oct 03 16:42:44 baseweed-admin dbus-run-session[1032]:   WARN scene: @Modules/Panels/Dock/StaticDockPanel.qml[351:5]: Unable to assign QJSValue to QObject*
Oct 03 16:42:44 baseweed-admin dbus-run-session[1032]:   WARN scene: @Modules/Panels/SessionMenu/SessionMenu.qml[152:5]: Unable to assign QJSValue to QObject*
Oct 03 16:42:44 baseweed-admin dbus-run-session[1032]:   WARN scene: @Modules/Panels/Dock/StaticDockPanel.qml[351:5]: Unable to assign QJSValue to QObject*
Oct 03 16:42:44 baseweed-admin dbus-run-session[1032]:   WARN scene: @Services/System/SystemStatService.qml[321:5]: Unable to assign QJSValue to QObject*
Oct 03 16:42:44 baseweed-admin dbus-run-session[1032]:   WARN scene: @Modules/Panels/SessionMenu/SessionMenu.qml[152:5]: Unable to assign QJSValue to QObject*
Oct 03 16:42:44 baseweed-admin dbus-run-session[1032]:   WARN scene: @Services/Networking/NetworkService.qml[74:5]: Unable to assign QJSValue to QObject*
Oct 03 16:42:44 baseweed-admin dbus-run-session[1032]:   WARN scene: @Modules/Panels/Dock/StaticDockPanel.qml[351:5]: Unable to assign QJSValue to QObject*
Oct 03 16:42:44 baseweed-admin dbus-run-session[1032]:   WARN scene: @Services/UI/BarService.qml[148:5]: Unable to assign QJSValue to QObject*
Oct 03 16:42:44 baseweed-admin dbus-run-session[1032]:   WARN scene: @Services/Hardware/BrightnessService.qml[67:5]: Unable to assign QJSValue to QObject*
Oct 03 16:42:44 baseweed-admin dbus-run-session[1032]:   INFO qml: [20261003-164244]      Wallpaper Starting scan for Virtual-1 in /home/admin/Pictures/Wallpapers recursive: false
Oct 03 16:42:44 baseweed-admin dbus-run-session[1032]:   INFO qml: [20261003-164244]      Wallpaper Starting scan for pipewire-0 in /home/admin/Pictures/Wallpapers recursive: false
Oct 03 16:42:44 baseweed-admin dbus-run-session[1032]:   INFO qml: [20261003-164244]      Wallpaper Starting scan for pipewire-1 in /home/admin/Pictures/Wallpapers recursive: false
Oct 03 16:42:44 baseweed-admin dbus-run-session[1032]:   INFO qml: [20261003-164244]       Location Service started
Oct 03 16:42:44 baseweed-admin dbus-run-session[1032]:   WARN scene: QML Connections at @Services/Location/NightLightService.qml[96:3]: Detected function "onEnabledChanged" in Connections element. This is probably intended to be a signal handler but no signal of the target matches the name.
Oct 03 16:42:44 baseweed-admin dbus-run-session[1032]:   WARN scene: QML Connections at @Services/Location/NightLightService.qml[96:3]: Detected function "onForcedChanged" in Connections element. This is probably intended to be a signal handler but no signal of the target matches the name.
Oct 03 16:42:44 baseweed-admin dbus-run-session[1032]:   WARN scene: QML Connections at @Services/Location/NightLightService.qml[96:3]: Detected function "onNightTempChanged" in Connections element. This is probably intended to be a signal handler but no signal of the target matches the name.
Oct 03 16:42:44 baseweed-admin dbus-run-session[1032]:   WARN scene: QML Connections at @Services/Location/NightLightService.qml[96:3]: Detected function "onDayTempChanged" in Connections element. This is probably intended to be a signal handler but no signal of the target matches the name.
Oct 03 16:42:44 baseweed-admin qemu-ga[680]: info: guest-exec-status called, pid: 1091
Oct 03 16:42:44 baseweed-admin dbus-run-session[1032]:   WARN scene: QML Connections at @Services/Control/HooksService.qml[16:3]: Detected function "onDarkModeChanged" in Connections element. This is probably intended to be a signal handler but no signal of the target matches the name.
Oct 03 16:42:44 baseweed-admin dbus-run-session[1032]:   INFO qml: [20261003-164244]   HooksService Service started
Oct 03 16:42:44 baseweed-admin dbus-run-session[1032]:   WARN quickshell.dbus.objectmanager: Failed to create DBusObjectManagerInterface for "org.bluez" "/" : QDBusError("org.freedesktop.DBus.Error.ServiceUnknown", "The name is not activatable")
Oct 03 16:42:44 baseweed-admin dbus-run-session[1032]:   INFO qml: [20261003-164244]      Bluetooth Service started
Oct 03 16:42:44 baseweed-admin dbus-run-session[1032]:   INFO qml: [20261003-164244]  IdleInhibitor Service started
Oct 03 16:42:44 baseweed-admin dbus-run-session[1032]:   INFO qml: [20261003-164244] CapabilityServ qdwin live-apply capabilities: pointer=false xkb=false wm=false output=false workspace=false idleDpms=false keybind=false
Oct 03 16:42:44 baseweed-admin chronyd[754]: Selected source 5.45.97.204 (2.opensuse.pool.ntp.org)
Oct 03 16:42:44 baseweed-admin dbus-run-session[1032]:   INFO qml: [20261003-164244]   PowerService Service started
Oct 03 16:42:44 baseweed-admin dbus-run-session[1032]:   INFO qml: [20261003-164244] AccessibilityS Service started
Oct 03 16:42:44 baseweed-admin dbus-run-session[1032]:   INFO qml: [20261003-164244]  KeyboardInput Service started
Oct 03 16:42:44 baseweed-admin dbus-run-session[1032]:   INFO qml: [20261003-164244] PointerInputSe Service started (qdwin live-apply: persist-only until shell binds >= v28)
Oct 03 16:42:44 baseweed-admin dbus-run-session[1032]:   INFO qml: [20261003-164244] WindowManagerS Service started (qdwin v25 live-apply: false, shortcuts: false)
Oct 03 16:42:44 baseweed-admin dbus-run-session[1032]:   INFO qml: [20261003-164244] SessionService started; saved=0 canApplyPlacement=false
Oct 03 16:42:44 baseweed-admin dbus-run-session[1032]:   INFO qml: [20261003-164244]    HostService Service started
Oct 03 16:42:44 baseweed-admin dbus-run-session[1032]:   INFO qml: [20261003-164244] CustomButtonIP Service started
Oct 03 16:42:44 baseweed-admin dbus-run-session[1032]:   INFO qml: [20261003-164244]     IPCService Service started
Oct 03 16:42:44 baseweed-admin dbus-run-session[1032]:   INFO qml: [20261003-164244]        PodApps service started
Oct 03 16:42:44 baseweed-admin dbus-run-session[1032]:   INFO qml: [20261003-164244]         VMApps service started
Oct 03 16:42:44 baseweed-admin dbus-run-session[1032]:   INFO qml: [20261003-164244]      Tier3Apps service started
Oct 03 16:42:44 baseweed-admin dbus-run-session[1032]:   INFO qml: [20261003-164244]     Tier3sApps service started
Oct 03 16:42:44 baseweed-admin dbus-run-session[1032]:   INFO qml: [20261003-164244]      Tier4Apps service started
Oct 03 16:42:44 baseweed-admin dbus-run-session[1032]:   INFO qml: [20261003-164244] RemoteMachineW service started
Oct 03 16:42:44 baseweed-admin dbus-run-session[1032]:   INFO qml: [20261003-164244]  Tier3FocusIPC service started
Oct 03 16:42:44 baseweed-admin dbus-run-session[1032]:   WARN quickshell.dbus: Could not launch service org.freedesktop.UPower.PowerProfiles: QDBusError(org.freedesktop.DBus.Error.ServiceUnknown, The name is not activatable)
Oct 03 16:42:44 baseweed-admin dbus-run-session[1032]:   WARN quickshell.service.powerprofiles: Could not start PowerProfilesDaemon. The PowerProfiles service will not work.
Oct 03 16:42:44 baseweed-admin weston[916]: [16:42:44.493] qdwin: bind attempt pid=1032 uid=1000 (allowed_uid=1000)
Oct 03 16:42:44 baseweed-admin weston[916]: [16:42:44.493] qdwin: bind accepted for uid=1000, hello sent
Oct 03 16:42:44 baseweed-admin weston[916]: [16:42:44.493] qdwin: ext_workspace_manager bound (count=4 active=0)
Oct 03 16:42:44 baseweed-admin weston[916]: [16:42:44.493] qdwin: zwlr_output_manager bound (serial=1)
Oct 03 16:42:44 baseweed-admin weston[916]: [16:42:44.493] qdwin: shell bound (uid=1000 pid=1032); replaying 0 toplevels
Oct 03 16:42:44 baseweed-admin weston[916]: [16:42:44.493] qdwin: seat_focus_changed seat=default handle=4294967295
Oct 03 16:42:44 baseweed-admin dbus-run-session[1032]:   INFO qml: [20261003-164244]          Qdwin qdwin_shell_v1 bound v34
Oct 03 16:42:44 baseweed-admin dbus-run-session[1032]:   INFO qml: [20261003-164244]  ClipboardGate wired to qdwin_shell_v1; broker default=deny
Oct 03 16:42:44 baseweed-admin weston[916]: [16:42:44.495] qdwin: workspace 0 name="1"
Oct 03 16:42:44 baseweed-admin weston[916]: [16:42:44.495] qdwin: workspace 1 name="2"
Oct 03 16:42:44 baseweed-admin weston[916]: [16:42:44.495] qdwin: workspace 2 name="3"
Oct 03 16:42:44 baseweed-admin weston[916]: [16:42:44.495] qdwin: workspace 3 name="4"
Oct 03 16:42:44 baseweed-admin weston[916]: [16:42:44.496] qdwin: set_wm_policy focus=0 ffm_delay=0 raise_click=1 raise_hover=0 placement=2 snap=1 dist=16
Oct 03 16:42:44 baseweed-admin dbus-run-session[1032]:   INFO qml: [20261003-164244] WindowManagerS applied WM policy focus=click placement=smart snap=true/16
Oct 03 16:42:44 baseweed-admin dbus-run-session[1032]:   INFO qml: [20261003-164244] CapabilityServ wmPolicy -> true
Oct 03 16:42:44 baseweed-admin weston[916]: [16:42:44.497] qdwin: register_hotkey id=7101 mods=0x2 key=62
Oct 03 16:42:44 baseweed-admin weston[916]: [16:42:44.497] qdwin: register_hotkey id=7102 mods=0x4 key=103
Oct 03 16:42:44 baseweed-admin weston[916]: [16:42:44.497] qdwin: register_hotkey id=7103 mods=0x4 key=33
Oct 03 16:42:44 baseweed-admin weston[916]: [16:42:44.497] qdwin: register_hotkey id=7104 mods=0x4 key=105
Oct 03 16:42:44 baseweed-admin weston[916]: [16:42:44.497] qdwin: register_hotkey id=7105 mods=0x4 key=106
Oct 03 16:42:44 baseweed-admin dbus-run-session[1032]:   INFO qml: [20261003-164244] WindowManagerS registered WM shortcuts (5 active)
Oct 03 16:42:44 baseweed-admin dbus-run-session[1032]:   INFO qml: [20261003-164244] CapabilityServ keybindRegistration -> true
Oct 03 16:42:44 baseweed-admin dbus-run-session[1032]:   INFO qml: [20261003-164244] PointerInputSe applied pointer config accelSpeed=0 profile=0 natural=0 tap=1 scroll=1
Oct 03 16:42:44 baseweed-admin dbus-run-session[1032]:   INFO qml: [20261003-164244] CapabilityServ pointerConfig -> true
Oct 03 16:42:44 baseweed-admin weston[916]: [16:42:44.497] qdwin: set_pointer_config accel=0 profile=0 natural=0 tap=1 left=0 middle=0 dwt=1 scroll=1 (6 devices)
Oct 03 16:42:44 baseweed-admin dbus-run-session[1032]:   INFO qml: [20261003-164244]  KeyboardInput applied qdwin key-repeat rate=25 delay=500
Oct 03 16:42:44 baseweed-admin dbus-run-session[1032]:   INFO qml: [20261003-164244] CapabilityServ xkbRepeat -> true
Oct 03 16:42:44 baseweed-admin dbus-run-session[1032]:   INFO qml: [20261003-164244]   PowerService idle policy armed: inactivity=0ms (nothing), displayOff=0ms, presentation=false
Oct 03 16:42:44 baseweed-admin weston[916]: [16:42:44.497] qdwin: set_key_repeat rate=25 delay=500
Oct 03 16:42:44 baseweed-admin dbus-run-session[1032]:   INFO qml: [20261003-164244] CapabilityServ idleDpms -> true
Oct 03 16:42:44 baseweed-admin dbus-run-session[1032]:   INFO qml: [20261003-164244] CapabilityServ outputManagement -> true
Oct 03 16:42:44 baseweed-admin dbus-run-session[1032]:   WARN qml: [20261003-164244]       Location Weather is still fetching
Oct 03 16:42:44 baseweed-admin dbus-run-session[1032]:   WARN quickshell.dbus: Could not launch service org.freedesktop.UPower: QDBusError(org.freedesktop.DBus.Error.ServiceUnknown, The name is not activatable)
Oct 03 16:42:44 baseweed-admin dbus-run-session[1032]:   WARN quickshell.service.upower: Could not start UPower. The UPower service will not work.
Oct 03 16:42:44 baseweed-admin dbus-run-session[1032]:   INFO qml: [20261003-164244]    HostService resolved hostname baseweed-admin
Oct 03 16:42:44 baseweed-admin dbus-run-session[1032]:   INFO qml: [20261003-164244]    HostService Detected openSUSE Tumbleweed
Oct 03 16:42:44 baseweed-admin dbus-run-session[1032]:   INFO qml: [20261003-164244]    HostService Looking for logo icon: distributor-logo-Tumbleweed
Oct 03 16:42:44 baseweed-admin dbus-run-session[1032]:   WARN: Process failed to start, likely because the binary could not be found. Command: QList("bluetoothctl", "show")
Oct 03 16:42:44 baseweed-admin dbus-run-session[1032]:   WARN: Process failed to start, likely because the binary could not be found. Command: QList("udisksctl", "monitor")
Oct 03 16:42:44 baseweed-admin weston[916]: [16:42:44.751] qdwin: layer-shell get_layer_surface ns=qdshell-background-Virtual-1 layer=2 output=0x55868a3ea450
Oct 03 16:42:44 baseweed-admin weston[916]: [16:42:44.752] qdwin: layer-shell configure ns=qdshell-background-Virtual-1 layer=2 box=0,0 1920x1080 serial=1
Oct 03 16:42:44 baseweed-admin weston[916]: [16:42:44.752] qdwin: layer-shell get_layer_surface ns=qdshell-bar-content-Virtual-1 layer=2 output=0x55868a3ea450
Oct 03 16:42:44 baseweed-admin weston[916]: [16:42:44.752] qdwin: layer-shell configure ns=qdshell-bar-content-Virtual-1 layer=2 box=0,0 1920x31 serial=2
Oct 03 16:42:44 baseweed-admin weston[916]: [16:42:44.752] qdwin: layer-shell get_layer_surface ns=qdshell-bar-exclusion-top-Virtual-1 layer=2 output=0x55868a3ea450
Oct 03 16:42:44 baseweed-admin weston[916]: [16:42:44.752] qdwin: layer-shell configure ns=qdshell-bar-exclusion-top-Virtual-1 layer=2 box=0,0 1920x31 serial=3
Oct 03 16:42:44 baseweed-admin weston[916]: [16:42:44.752] qdwin: layer-shell get_layer_surface ns=qdshell-background-pipewire-0 layer=2 output=0x55868a3eb930
Oct 03 16:42:44 baseweed-admin weston[916]: [16:42:44.752] qdwin: layer-shell configure ns=qdshell-background-pipewire-0 layer=2 box=1920,0 640x480 serial=4
Oct 03 16:42:44 baseweed-admin weston[916]: [16:42:44.752] qdwin: layer-shell get_layer_surface ns=qdshell-bar-content-pipewire-0 layer=2 output=0x55868a3eb930
Oct 03 16:42:44 baseweed-admin weston[916]: [16:42:44.752] qdwin: layer-shell configure ns=qdshell-bar-content-pipewire-0 layer=2 box=1920,0 640x31 serial=5
Oct 03 16:42:44 baseweed-admin weston[916]: [16:42:44.752] qdwin: layer-shell get_layer_surface ns=qdshell-bar-exclusion-top-pipewire-0 layer=2 output=0x55868a3eb930
Oct 03 16:42:44 baseweed-admin weston[916]: [16:42:44.752] qdwin: layer-shell configure ns=qdshell-bar-exclusion-top-pipewire-0 layer=2 box=1920,0 640x31 serial=6
Oct 03 16:42:44 baseweed-admin weston[916]: [16:42:44.752] qdwin: layer-shell get_layer_surface ns=qdshell-background-pipewire-1 layer=2 output=0x55868a411200
Oct 03 16:42:44 baseweed-admin weston[916]: [16:42:44.752] qdwin: layer-shell configure ns=qdshell-background-pipewire-1 layer=2 box=2560,0 640x480 serial=7
Oct 03 16:42:44 baseweed-admin weston[916]: [16:42:44.752] qdwin: layer-shell get_layer_surface ns=qdshell-bar-content-pipewire-1 layer=2 output=0x55868a411200
Oct 03 16:42:44 baseweed-admin weston[916]: [16:42:44.752] qdwin: layer-shell configure ns=qdshell-bar-content-pipewire-1 layer=2 box=2560,0 640x31 serial=8
Oct 03 16:42:44 baseweed-admin weston[916]: [16:42:44.752] qdwin: layer-shell get_layer_surface ns=qdshell-bar-exclusion-top-pipewire-1 layer=2 output=0x55868a411200
Oct 03 16:42:44 baseweed-admin weston[916]: [16:42:44.752] qdwin: layer-shell configure ns=qdshell-bar-exclusion-top-pipewire-1 layer=2 box=2560,0 640x31 serial=9
Oct 03 16:42:44 baseweed-admin weston[916]: [16:42:44.752] qdwin: layer-shell get_layer_surface ns=qdshell-dock-peek-Virtual-1 layer=2 output=0x55868a3ea450
Oct 03 16:42:44 baseweed-admin weston[916]: [16:42:44.752] qdwin: layer-shell configure ns=qdshell-dock-peek-Virtual-1 layer=2 box=0,1079 1920x1 serial=10
Oct 03 16:42:44 baseweed-admin weston[916]: [16:42:44.752] qdwin: layer-shell get_layer_surface ns=qdshell-dock-peek-pipewire-0 layer=2 output=0x55868a3eb930
Oct 03 16:42:44 baseweed-admin weston[916]: [16:42:44.752] qdwin: layer-shell configure ns=qdshell-dock-peek-pipewire-0 layer=2 box=1920,479 640x1 serial=11
Oct 03 16:42:44 baseweed-admin weston[916]: [16:42:44.752] qdwin: layer-shell get_layer_surface ns=qdshell-dock-peek-pipewire-1 layer=2 output=0x55868a411200
Oct 03 16:42:44 baseweed-admin weston[916]: [16:42:44.752] qdwin: layer-shell configure ns=qdshell-dock-peek-pipewire-1 layer=2 box=2560,479 640x1 serial=12
Oct 03 16:42:44 baseweed-admin weston[916]: [16:42:44.752] qdwin: layer-shell get_layer_surface ns=qdshell-image-cache-renderer layer=2 output=(nil)
Oct 03 16:42:44 baseweed-admin weston[916]: [16:42:44.752] qdwin: layer-shell configure ns=qdshell-image-cache-renderer layer=2 box=960,540 1x1 serial=13
Oct 03 16:42:44 baseweed-admin dbus-run-session[1032]:  ERROR qml: [20261003-164244]       Location Geocoding error: 0
Oct 03 16:42:45 baseweed-admin dbus-run-session[1032]:   WARN scene: QML Connections at qs:/usr/share/quickshell/qdshell/Modules/Bar/Widgets/Taskbar.qml[981:3]: Detected function "onPinnedAppsChanged" in Connections element. This is probably intended to be a signal handler but no signal of the target matches the name.
Oct 03 16:42:45 baseweed-admin dbus-run-session[1032]:   WARN scene: QML Connections at qs:/usr/share/quickshell/qdshell/Modules/Bar/Widgets/Taskbar.qml[981:3]: Detected function "onPinnedAppsChanged" in Connections element. This is probably intended to be a signal handler but no signal of the target matches the name.
Oct 03 16:42:45 baseweed-admin dbus-run-session[1032]:   WARN scene: QML Connections at qs:/usr/share/quickshell/qdshell/Modules/Bar/Widgets/Taskbar.qml[981:3]: Detected function "onPinnedAppsChanged" in Connections element. This is probably intended to be a signal handler but no signal of the target matches the name.
Oct 03 16:42:45 baseweed-admin dbus-run-session[1032]:   INFO qml: [20261003-164245] PluginRegistry All plugin manifests loaded. Total plugins: 0
Oct 03 16:42:45 baseweed-admin dbus-run-session[1032]:   INFO qml: [20261003-164245]  PluginService Initializing plugin system
Oct 03 16:42:45 baseweed-admin dbus-run-session[1032]:   INFO qml: [20261003-164245]  PluginService Found 0 enabled plugins: []
Oct 03 16:42:45 baseweed-admin dbus-run-session[1032]:   INFO qml: [20261003-164245]  PluginService No plugins to load
Oct 03 16:42:45 baseweed-admin dbus-run-session[1032]:   INFO qml: [20261003-164245]  PluginService Refreshing available plugins
Oct 03 16:42:45 baseweed-admin qemu-ga[680]: info: guest-exec-status called, pid: 1091
Oct 03 16:42:45 baseweed-admin dbus-run-session[1032]:   WARN qml: [20261003-164245]     ImageCache ImageMagick not found, using Qt fallback
Oct 03 16:42:45 baseweed-admin dbus-run-session[1032]:   WARN qml: [20261003-164245]      Wallpaper Scan failed for Virtual-1 exit code: 1 (directory might not exist)
Oct 03 16:42:45 baseweed-admin dbus-run-session[1032]:   WARN qml: [20261003-164245]      Wallpaper Scan failed for pipewire-0 exit code: 1 (directory might not exist)
Oct 03 16:42:45 baseweed-admin dbus-run-session[1032]:   WARN qml: [20261003-164245]      Wallpaper Scan failed for pipewire-1 exit code: 1 (directory might not exist)
Oct 03 16:42:45 baseweed-admin dbus-run-session[1032]:   WARN qml: [20261003-164245]   PowerService Button monitor unavailable (exit 1); releasing key inhibitors, logind will handle power/sleep keys
Oct 03 16:42:45 baseweed-admin dbus-run-session[1032]:   INFO qml: [20261003-164245]  KeyboardInput applied qdwin key-repeat rate=25 delay=500
Oct 03 16:42:45 baseweed-admin weston[916]: [16:42:45.226] qdwin: set_key_repeat rate=25 delay=500
Oct 03 16:42:45 baseweed-admin dbus-run-session[1032]:   INFO qml: [20261003-164245] PointerInputSe enumerated 3 pointer device(s) via proc
Oct 03 16:42:45 baseweed-admin dbus-run-session[1032]:   INFO qml: [20261003-164245]        PodApps cache refresh loaded 0 apps
Oct 03 16:42:45 baseweed-admin qemu-ga[680]: info: guest-exec called: "/bin/sh -c [ -S /run/user/1000/qdlocker.sock ] && echo yes || echo no"
Oct 03 16:42:45 baseweed-admin qemu-ga[680]: info: guest-exec called: "/bin/sh -c qd_startof() {
                                               awk 'match($0,/\)[^)]*$/){s=substr($0,RSTART+2);split(s,f," ");print f[20]}' "/proc/$1/stat" 2>/dev/null
                                             }
                                             qd_ident_s=$(qd_startof 1240)
                                             # The guest's boot id rides along: a (pid, start time) pair is unique only
                                             # WITHIN one boot, and the orphan registry must never match it against a later
                                             # incarnation of the same VM name. "boot=" with nothing after it means the id
                                             # was unreadable; the host then does not register the command.
                                             qd_ident_b=$(cat /proc/sys/kernel/random/boot_id 2>/dev/null)
                                             if [ -n "$qd_ident_s" ]; then printf 'start=%s boot=%s\n' "$qd_ident_s" "$qd_ident_b"; else printf 'gone\n'; fi"
Oct 03 16:42:45 baseweed-admin qemu-ga[680]: info: guest-exec-status called, pid: 1242
Oct 03 16:42:45 baseweed-admin qemu-ga[680]: info: guest-exec-status called, pid: 1240
Oct 03 16:42:46 baseweed-admin weston[916]: [16:42:46.760] qdwin: layer-shell mapped ns=qdshell-background-Virtual-1 layer=2 at 0,0 1920x1080
Oct 03 16:42:46 baseweed-admin qemu-ga[680]: info: guest-exec called: "/bin/sh -c mkdir -p /var/tmp/t3s-dl && cd /var/tmp/t3s-dl && for f in tier3s-guest-lib.sh tier3s-guest-setup.sh; do curl -fsS -o $f http://10.0.2.2:52073/$f || exit 97; done && bash tier3s-guest-setup.sh http://10.0.2.2:52073 --expect-fresh"
Oct 03 16:42:46 baseweed-admin qemu-ga[680]: info: guest-exec called: "/bin/sh -c qd_startof() {
                                               awk 'match($0,/\)[^)]*$/){s=substr($0,RSTART+2);split(s,f," ");print f[20]}' "/proc/$1/stat" 2>/dev/null
                                             }
                                             qd_ident_s=$(qd_startof 1249)
                                             # The guest's boot id rides along: a (pid, start time) pair is unique only
                                             # WITHIN one boot, and the orphan registry must never match it against a later
                                             # incarnation of the same VM name. "boot=" with nothing after it means the id
                                             # was unreadable; the host then does not register the command.
                                             qd_ident_b=$(cat /proc/sys/kernel/random/boot_id 2>/dev/null)
                                             if [ -n "$qd_ident_s" ]; then printf 'start=%s boot=%s\n' "$qd_ident_s" "$qd_ident_b"; else printf 'gone\n'; fi"
Oct 03 16:42:46 baseweed-admin qemu-ga[680]: info: guest-exec-status called, pid: 1253
Oct 03 16:42:47 baseweed-admin weston[916]: [16:42:47.018] qdwin: layer-shell mapped ns=qdshell-bar-content-Virtual-1 layer=2 at 0,0 1920x31
Oct 03 16:42:47 baseweed-admin systemd[857]: qdistro-polkit-agent.service: Scheduled restart job, restart counter is at 2.
Oct 03 16:42:47 baseweed-admin systemd[857]: Started qdistro polkit authentication agent (PAM / fprintd / broker).
Oct 03 16:42:47 baseweed-admin qemu-ga[680]: info: guest-exec-status called, pid: 1249
Oct 03 16:42:47 baseweed-admin qdistro-polkit-agent[1287]: registration failed: org.freedesktop.PolicyKit1.Error.Failed: Cannot determine session the caller is in
Oct 03 16:42:47 baseweed-admin python3[1287]: qdistro-polkit-agent: registration failed: org.freedesktop.PolicyKit1.Error.Failed: Cannot determine session the caller is in
Oct 03 16:42:47 baseweed-admin systemd[857]: qdistro-polkit-agent.service: Main process exited, code=exited, status=1/FAILURE
Oct 03 16:42:47 baseweed-admin systemd[857]: qdistro-polkit-agent.service: Failed with result 'exit-code'.
Oct 03 16:42:48 baseweed-admin weston[916]: [16:42:48.041] qdwin: layer-shell mapped ns=qdshell-bar-exclusion-top-Virtual-1 layer=2 at 0,0 1920x31
Oct 03 16:42:48 baseweed-admin qemu-ga[680]: info: guest-exec-status called, pid: 1249
Oct 03 16:42:48 baseweed-admin weston[916]: [16:42:48.676] qdwin: layer-shell mapped ns=qdshell-background-pipewire-0 layer=2 at 1920,0 640x480
Oct 03 16:42:49 baseweed-admin dbus-broker-launch[664]: Noticed file-system modification, trigger reload.
Oct 03 16:42:49 baseweed-admin dbus-broker-launch[664]: Noticed file-system modification, trigger reload.
Oct 03 16:42:49 baseweed-admin qemu-ga[680]: info: guest-exec-status called, pid: 1249
Oct 03 16:42:49 baseweed-admin weston[916]: [16:42:49.342] qdwin: layer-shell mapped ns=qdshell-bar-content-pipewire-0 layer=2 at 1920,0 640x31
Oct 03 16:42:49 baseweed-admin dbus-broker-launch[664]: Caught SIGHUP, trigger reload.
Oct 03 16:42:49 baseweed-admin systemd[1]: Reloading D-Bus System Message Bus...
Oct 03 16:42:49 baseweed-admin systemd[1]: Reloaded D-Bus System Message Bus.
Oct 03 16:42:49 baseweed-admin systemd[1]: Reload requested from client PID 1340 ('systemctl') (unit qemu-guest-agent.service)...
Oct 03 16:42:49 baseweed-admin systemd[1]: Reloading...
Oct 03 16:42:49 baseweed-admin systemd[1]: Reloading finished in 238 ms.
Oct 03 16:42:49 baseweed-admin systemd[1]: Reload requested from client PID 1412 ('systemctl') (unit qemu-guest-agent.service)...
Oct 03 16:42:49 baseweed-admin systemd[1]: Reloading...
Oct 03 16:42:49 baseweed-admin weston[916]: [16:42:49.792] qdwin: layer-shell mapped ns=qdshell-bar-exclusion-top-pipewire-0 layer=2 at 1920,0 640x31
Oct 03 16:42:49 baseweed-admin systemd[1]: Reloading finished in 258 ms.
Oct 03 16:42:50 baseweed-admin systemd[1]: NetworkManager-dispatcher.service: Deactivated successfully.
Oct 03 16:42:50 baseweed-admin systemd[1]: Started qdistro session manager (user-silo lifecycle).
Oct 03 16:42:50 baseweed-admin systemd[1]: Stopping qdistro session manager (user-silo lifecycle)...
Oct 03 16:42:50 baseweed-admin systemd[1]: qdistro-session-manager.service: Deactivated successfully.
Oct 03 16:42:50 baseweed-admin systemd[1]: Stopped qdistro session manager (user-silo lifecycle).
Oct 03 16:42:50 baseweed-admin systemd[1]: qdistro-session-manager.service: Consumed 1.366s CPU time over 13.380s wall clock time.
Oct 03 16:42:50 baseweed-admin systemd[1]: Starting qdistro session manager (user-silo lifecycle)...
Oct 03 16:42:50 baseweed-admin qemu-ga[680]: info: guest-exec-status called, pid: 1249
Oct 03 16:42:50 baseweed-admin systemd[1]: Started qdistro session manager (user-silo lifecycle).
Oct 03 16:42:50 baseweed-admin weston[916]: [16:42:50.459] qdwin: layer-shell mapped ns=qdshell-background-pipewire-1 layer=2 at 2560,0 640x480
Oct 03 16:42:50 baseweed-admin runuser[1493]: pam_unix(runuser:session): session opened for user admin(uid=1000) by (uid=0)
Oct 03 16:42:50 baseweed-admin systemd[857]: qdistro-polkit-agent.service: Scheduled restart job, restart counter is at 3.
Oct 03 16:42:50 baseweed-admin systemd[857]: Started qdistro polkit authentication agent (PAM / fprintd / broker).
Oct 03 16:42:50 baseweed-admin systemd[857]: Started podman-1526.scope.
Oct 03 16:42:50 baseweed-admin runuser[1493]: pam_unix(runuser:session): session closed for user admin
Oct 03 16:42:50 baseweed-admin dbus-broker-launch[664]: Noticed file-system modification, trigger reload.
Oct 03 16:42:50 baseweed-admin dbus-broker-launch[664]: Noticed file-system modification, trigger reload.
Oct 03 16:42:50 baseweed-admin runuser[1550]: pam_unix(runuser:session): session opened for user admin(uid=1000) by (uid=0)
Oct 03 16:42:51 baseweed-admin qdistro-polkit-agent[1520]: registration failed: org.freedesktop.PolicyKit1.Error.Failed: Cannot determine session the caller is in
Oct 03 16:42:51 baseweed-admin python3[1520]: qdistro-polkit-agent: registration failed: org.freedesktop.PolicyKit1.Error.Failed: Cannot determine session the caller is in
Oct 03 16:42:51 baseweed-admin weston[916]: [16:42:51.052] qdwin: layer-shell mapped ns=qdshell-bar-content-pipewire-1 layer=2 at 2560,0 640x31
Oct 03 16:42:51 baseweed-admin systemd[857]: qdistro-polkit-agent.service: Main process exited, code=exited, status=1/FAILURE
Oct 03 16:42:51 baseweed-admin systemd[857]: qdistro-polkit-agent.service: Failed with result 'exit-code'.
Oct 03 16:42:51 baseweed-admin systemd[857]: Started podman-1570.scope.
Oct 03 16:42:51 baseweed-admin runuser[1550]: pam_unix(runuser:session): session closed for user admin
Oct 03 16:42:51 baseweed-admin qdistro_session_manager.py[1488]: 2026-10-03 16:42:51,225 INFO qdistro_session_manager: disposable lease sweeps (TTL + proctree-empty) every 60s
Oct 03 16:42:51 baseweed-admin qemu-ga[680]: info: guest-exec-status called, pid: 1249
Oct 03 16:42:51 baseweed-admin dbus-broker-launch[664]: Caught SIGHUP, trigger reload.
Oct 03 16:42:51 baseweed-admin systemd[1]: Reloading D-Bus System Message Bus...
Oct 03 16:42:51 baseweed-admin systemd[1]: Reloaded D-Bus System Message Bus.
Oct 03 16:42:51 baseweed-admin systemd[1]: Reload requested from client PID 1624 ('systemctl') (unit qemu-guest-agent.service)...
Oct 03 16:42:51 baseweed-admin systemd[1]: Reloading...
Oct 03 16:42:51 baseweed-admin weston[916]: [16:42:51.617] qdwin: layer-shell mapped ns=qdshell-bar-exclusion-top-pipewire-1 layer=2 at 2560,0 640x31
Oct 03 16:42:51 baseweed-admin systemd[1]: Reloading finished in 286 ms.
Oct 03 16:42:51 baseweed-admin systemd[1]: Reload requested from client PID 1695 ('systemctl') (unit qemu-guest-agent.service)...
Oct 03 16:42:51 baseweed-admin systemd[1]: Reloading...
Oct 03 16:42:52 baseweed-admin weston[916]: [16:42:52.041] qdwin: layer-shell mapped ns=qdshell-dock-peek-Virtual-1 layer=2 at 0,1079 1920x1
Oct 03 16:42:52 baseweed-admin systemd[1]: Reloading finished in 270 ms.
Oct 03 16:42:52 baseweed-admin systemd[1]: Stopping qdistro session manager (user-silo lifecycle)...
Oct 03 16:42:52 baseweed-admin systemd[1]: qdistro-session-manager.service: Deactivated successfully.
Oct 03 16:42:52 baseweed-admin systemd[1]: Stopped qdistro session manager (user-silo lifecycle).
Oct 03 16:42:52 baseweed-admin systemd[1]: Starting qdistro session manager (user-silo lifecycle)...
Oct 03 16:42:52 baseweed-admin qemu-ga[680]: info: guest-exec-status called, pid: 1249
Oct 03 16:42:52 baseweed-admin weston[916]: [16:42:52.537] qdwin: layer-shell mapped ns=qdshell-dock-peek-pipewire-0 layer=2 at 1920,479 640x1
Oct 03 16:42:52 baseweed-admin systemd[1]: Started qdistro session manager (user-silo lifecycle).
Oct 03 16:42:52 baseweed-admin runuser[1776]: pam_unix(runuser:session): session opened for user admin(uid=1000) by (uid=0)
Oct 03 16:42:52 baseweed-admin systemd[1]: Reload requested from client PID 1915 ('systemctl') (unit qemu-guest-agent.service)...
Oct 03 16:42:52 baseweed-admin systemd[1]: Reloading...
Oct 03 16:42:52 baseweed-admin weston[916]: [16:42:52.863] qdwin: layer-shell mapped ns=qdshell-dock-peek-pipewire-1 layer=2 at 2560,479 640x1
Oct 03 16:42:52 baseweed-admin weston[916]: [16:42:52.919] qdwin: layer-shell mapped ns=qdshell-image-cache-renderer layer=2 at 960,540 1x1
Oct 03 16:42:52 baseweed-admin dbus-run-session[1032]:   WARN: Could not load icon "user-desktop?fallback=application-x-executable" at size QSize(19, 19) from request
Oct 03 16:42:52 baseweed-admin dbus-run-session[1032]:   WARN: Could not load icon "user-desktop?fallback=application-x-executable" at size QSize(2, 2) from request
Oct 03 16:42:52 baseweed-admin systemd[1]: Reloading finished in 217 ms.
Oct 03 16:42:52 baseweed-admin dbus-run-session[1032]:   WARN scene: qs:/usr/share/quickshell/qdshell/Modules/Bar/Widgets/Taskbar.qml[982:5]: Unable to assign QJSValue to QObject*
Oct 03 16:42:52 baseweed-admin dbus-run-session[1032]:   WARN scene: qs:/usr/share/quickshell/qdshell/Modules/Bar/Widgets/Taskbar.qml[982:5]: Unable to assign QJSValue to QObject*
Oct 03 16:42:52 baseweed-admin dbus-run-session[1032]:   WARN scene: qs:/usr/share/quickshell/qdshell/Modules/Bar/Widgets/Taskbar.qml[982:5]: Unable to assign QJSValue to QObject*
Oct 03 16:42:52 baseweed-admin dbus-run-session[1032]:   WARN scene: @Services/Control/HooksService.qml[17:5]: Unable to assign QJSValue to QObject*
Oct 03 16:42:52 baseweed-admin dbus-run-session[1032]:   WARN scene: @Services/Location/NightLightService.qml[97:5]: Unable to assign QJSValue to QObject*
Oct 03 16:42:52 baseweed-admin dbus-run-session[1032]:   INFO qml: [20261003-164252]    ColorScheme Applying color scheme: Qdshell (default)
Oct 03 16:42:52 baseweed-admin dbus-run-session[1032]:   INFO qml: [20261003-164253]           Time Time jump detected (10s) - likely system resume
Oct 03 16:42:53 baseweed-admin dbus-run-session[1032]:   INFO qml: [20261003-164253]        Network System resumed - forcing state poll
Oct 03 16:42:53 baseweed-admin dbus-run-session[1032]:   INFO qml: [20261003-164253]     SystemStat System resumed - resetting differential state
Oct 03 16:42:53 baseweed-admin dbus-run-session[1032]:   INFO qml: [20261003-164253] DarkModeServic System resumed - re-evaluating dark mode
Oct 03 16:42:53 baseweed-admin dbus-run-session[1032]:   INFO qml: [20261003-164253]     NightLight System resumed - re-applying night light
Oct 03 16:42:53 baseweed-admin dbus-run-session[1032]:   INFO qml: [20261003-164253]      Bluetooth System resumed - forcing state poll
Oct 03 16:42:53 baseweed-admin systemd[857]: Started podman-1850.scope.
Oct 03 16:42:53 baseweed-admin dbus-run-session[1032]:   INFO qml: [20261003-164253]           Font Service started
Oct 03 16:42:53 baseweed-admin runuser[1776]: pam_unix(runuser:session): session closed for user admin
Oct 03 16:42:53 baseweed-admin runuser[1993]: pam_unix(runuser:session): session opened for user admin(uid=1000) by (uid=0)
Oct 03 16:42:53 baseweed-admin systemd[1]: Stopping qdistro session manager (user-silo lifecycle)...
Oct 03 16:42:53 baseweed-admin runuser[1993]: pam_unix(runuser:session): session closed for user admin
Oct 03 16:42:53 baseweed-admin systemd[1]: qdistro-session-manager.service: Deactivated successfully.
Oct 03 16:42:53 baseweed-admin systemd[1]: Stopped qdistro session manager (user-silo lifecycle).
Oct 03 16:42:53 baseweed-admin systemd[1]: Starting qdistro session manager (user-silo lifecycle)...
Oct 03 16:42:53 baseweed-admin dbus-run-session[1032]:  ERROR qml: [20261003-164253]  PluginService Empty response from Qdshell Plugins
Oct 03 16:42:53 baseweed-admin dbus-run-session[1032]:  ERROR qml: [20261003-164253]  PluginService Failed to fetch registry from Qdshell Plugins - exit code: 1
Oct 03 16:42:53 baseweed-admin weston[916]: [16:42:53.173] qdwin: layer-shell get_layer_surface ns=qdshell-osd-Virtual-1 layer=3 output=0x55868a3ea450
Oct 03 16:42:53 baseweed-admin weston[916]: [16:42:53.173] qdwin: layer-shell configure ns=qdshell-osd-Virtual-1 layer=3 box=1591,40 320x72 serial=14
Oct 03 16:42:53 baseweed-admin weston[916]: [16:42:53.173] qdwin: layer-shell get_layer_surface ns=qdshell-osd-pipewire-0 layer=3 output=0x55868a3eb930
Oct 03 16:42:53 baseweed-admin weston[916]: [16:42:53.173] qdwin: layer-shell configure ns=qdshell-osd-pipewire-0 layer=3 box=2231,40 320x72 serial=15
Oct 03 16:42:53 baseweed-admin weston[916]: [16:42:53.173] qdwin: layer-shell get_layer_surface ns=qdshell-osd-pipewire-1 layer=3 output=0x55868a411200
Oct 03 16:42:53 baseweed-admin weston[916]: [16:42:53.173] qdwin: layer-shell configure ns=qdshell-osd-pipewire-1 layer=3 box=2871,40 320x72 serial=16
Oct 03 16:42:53 baseweed-admin systemd[1]: Started qdistro session manager (user-silo lifecycle).
Oct 03 16:42:53 baseweed-admin runuser[2031]: pam_unix(runuser:session): session opened for user admin(uid=1000) by (uid=0)
Oct 03 16:42:53 baseweed-admin systemd[857]: Started podman-2045.scope.
Oct 03 16:42:53 baseweed-admin runuser[2031]: pam_unix(runuser:session): session closed for user admin
Oct 03 16:42:53 baseweed-admin runuser[2054]: pam_unix(runuser:session): session opened for user admin(uid=1000) by (uid=0)
Oct 03 16:42:53 baseweed-admin qemu-ga[680]: info: guest-exec-status called, pid: 1249
Oct 03 16:42:53 baseweed-admin dbus-run-session[1032]:   INFO qml: [20261003-164253]        PodApps cache refresh loaded 0 apps
Oct 03 16:42:53 baseweed-admin systemd[857]: Started podman-2063.scope.
Oct 03 16:42:53 baseweed-admin runuser[2054]: pam_unix(runuser:session): session closed for user admin
Oct 03 16:42:53 baseweed-admin systemd[1]: Started [systemd-run] /usr/sbin/runuser -u admin -- env -i PATH=/usr/bin:/bin HOME=/home/admin USER=admin LOGNAME=admin XDG_RUNTIME_DIR=/run/user/1000 podman ps -a --filter label=qdistro_tier3s_token --format json.
Oct 03 16:42:53 baseweed-admin runuser[2090]: pam_unix(runuser:session): session opened for user admin(uid=1000) by (uid=0)
Oct 03 16:42:53 baseweed-admin weston[916]: [16:42:53.778] qdwin: layer-shell mapped ns=qdshell-osd-Virtual-1 layer=3 at 1591,40 320x72
Oct 03 16:42:53 baseweed-admin systemd[857]: Started podman-2091.scope.
Oct 03 16:42:53 baseweed-admin runuser[2090]: pam_unix(runuser:session): session closed for user admin
Oct 03 16:42:53 baseweed-admin systemd[1]: qdistro-t3s-call-2075-1-2880979579.scope: Deactivated successfully.
Oct 03 16:42:53 baseweed-admin weston[916]: [16:42:53.873] qdwin: layer-shell mapped ns=qdshell-osd-pipewire-0 layer=3 at 2231,40 320x72
Oct 03 16:42:54 baseweed-admin qdistro_session_manager.py[2001]: 2026-10-03 16:42:54,095 INFO qdistro_session_manager: disposable lease sweeps (TTL + proctree-empty) every 60s
Oct 03 16:42:54 baseweed-admin qemu-ga[680]: info: guest-exec-status called, pid: 1249
Oct 03 16:42:54 baseweed-admin systemd[857]: qdistro-polkit-agent.service: Scheduled restart job, restart counter is at 4.
Oct 03 16:42:54 baseweed-admin systemd[857]: Started qdistro polkit authentication agent (PAM / fprintd / broker).
Oct 03 16:42:55 baseweed-admin qdistro-polkit-agent[2117]: registration failed: org.freedesktop.PolicyKit1.Error.Failed: Cannot determine session the caller is in
Oct 03 16:42:55 baseweed-admin python3[2117]: qdistro-polkit-agent: registration failed: org.freedesktop.PolicyKit1.Error.Failed: Cannot determine session the caller is in
Oct 03 16:42:55 baseweed-admin systemd[857]: qdistro-polkit-agent.service: Main process exited, code=exited, status=1/FAILURE
Oct 03 16:42:55 baseweed-admin systemd[857]: qdistro-polkit-agent.service: Failed with result 'exit-code'.
Oct 03 16:42:55 baseweed-admin weston[916]: [16:42:55.549] qdwin: layer-shell mapped ns=qdshell-osd-pipewire-1 layer=3 at 2871,40 320x72
Oct 03 16:42:55 baseweed-admin dbus-run-session[1032]:   WARN qml: [20261003-164255]        Network Connectivity check error: Error: Not authorized to recheck connectivity.
Oct 03 16:42:55 baseweed-admin dbus-run-session[1032]:   INFO qml: [20261003-164255]           Font Loaded 11 fonts, 3 monospace
Oct 03 16:42:55 baseweed-admin qemu-ga[680]: info: guest-exec-status called, pid: 1249
Oct 03 16:42:55 baseweed-admin weston[916]: [16:42:55.911] qdwin: layer-shell get_layer_surface ns=qdshell-wallpaper-Virtual-1 layer=0 output=0x55868a3ea450
Oct 03 16:42:55 baseweed-admin weston[916]: [16:42:55.911] qdwin: layer-shell configure ns=qdshell-wallpaper-Virtual-1 layer=0 box=0,0 1920x1080 serial=17
Oct 03 16:42:55 baseweed-admin weston[916]: [16:42:55.911] qdwin: layer-shell get_layer_surface ns=qdshell-wallpaper-pipewire-0 layer=0 output=0x55868a3eb930
Oct 03 16:42:55 baseweed-admin weston[916]: [16:42:55.911] qdwin: layer-shell configure ns=qdshell-wallpaper-pipewire-0 layer=0 box=1920,0 640x480 serial=18
Oct 03 16:42:55 baseweed-admin weston[916]: [16:42:55.911] qdwin: layer-shell get_layer_surface ns=qdshell-wallpaper-pipewire-1 layer=0 output=0x55868a411200
Oct 03 16:42:55 baseweed-admin weston[916]: [16:42:55.911] qdwin: layer-shell configure ns=qdshell-wallpaper-pipewire-1 layer=0 box=2560,0 640x480 serial=19
Oct 03 16:42:56 baseweed-admin weston[916]: [16:42:56.436] qdwin: layer-shell mapped ns=qdshell-wallpaper-Virtual-1 layer=0 at 0,0 1920x1080
Oct 03 16:42:56 baseweed-admin qemu-ga[680]: info: guest-exec-status called, pid: 1249
Oct 03 16:42:57 baseweed-admin weston[916]: [16:42:57.238] qdwin: layer-shell mapped ns=qdshell-wallpaper-pipewire-0 layer=0 at 1920,0 640x480
Oct 03 16:42:57 baseweed-admin weston[916]: [16:42:57.720] qdwin: layer-shell mapped ns=qdshell-wallpaper-pipewire-1 layer=0 at 2560,0 640x480
Oct 03 16:42:57 baseweed-admin dbus-run-session[1032]:   INFO qml: [20261003-164257] DarkModeServic Resume retry - re-evaluating dark mode again
Oct 03 16:42:57 baseweed-admin dbus-run-session[1032]:   INFO qml: [20261003-164257]     NightLight Resume retry - re-applying night light again
Oct 03 16:42:57 baseweed-admin qemu-ga[680]: info: guest-exec-status called, pid: 1249
Oct 03 16:42:57 baseweed-admin dbus-run-session[1032]:   WARN: Process failed to start, likely because the binary could not be found. Command: QList("bluetoothctl", "show")
Oct 03 16:42:58 baseweed-admin systemd[857]: qdistro-polkit-agent.service: Scheduled restart job, restart counter is at 5.
Oct 03 16:42:58 baseweed-admin systemd[857]: Started qdistro polkit authentication agent (PAM / fprintd / broker).
Oct 03 16:42:58 baseweed-admin dbus-run-session[1032]:   WARN qml: [20261003-164258]     SystemStat No supported temperature sensor found
Oct 03 16:42:58 baseweed-admin qdistro-polkit-agent[2226]: registration failed: org.freedesktop.PolicyKit1.Error.Failed: Cannot determine session the caller is in
Oct 03 16:42:58 baseweed-admin python3[2226]: qdistro-polkit-agent: registration failed: org.freedesktop.PolicyKit1.Error.Failed: Cannot determine session the caller is in
Oct 03 16:42:58 baseweed-admin systemd[857]: qdistro-polkit-agent.service: Main process exited, code=exited, status=1/FAILURE
Oct 03 16:42:58 baseweed-admin systemd[857]: qdistro-polkit-agent.service: Failed with result 'exit-code'.
Oct 03 16:42:58 baseweed-admin qemu-ga[680]: info: guest-exec-status called, pid: 1249
Oct 03 16:42:59 baseweed-admin dbus-run-session[1032]:   WARN: Process failed to start, likely because the binary could not be found. Command: QList("bluetoothctl", "show")
Oct 03 16:43:00 baseweed-admin qemu-ga[680]: info: guest-exec-status called, pid: 1249
Oct 03 16:43:01 baseweed-admin qemu-ga[680]: info: guest-exec-status called, pid: 1249
Oct 03 16:43:01 baseweed-admin dbus-run-session[1032]:   WARN: Process failed to start, likely because the binary could not be found. Command: QList("bluetoothctl", "show")
Oct 03 16:43:01 baseweed-admin systemd[857]: qdistro-polkit-agent.service: Scheduled restart job, restart counter is at 6.
Oct 03 16:43:01 baseweed-admin systemd[857]: Started qdistro polkit authentication agent (PAM / fprintd / broker).
Oct 03 16:43:01 baseweed-admin qdistro-polkit-agent[2371]: registration failed: org.freedesktop.PolicyKit1.Error.Failed: Cannot determine session the caller is in
Oct 03 16:43:01 baseweed-admin python3[2371]: qdistro-polkit-agent: registration failed: org.freedesktop.PolicyKit1.Error.Failed: Cannot determine session the caller is in
Oct 03 16:43:01 baseweed-admin systemd[857]: qdistro-polkit-agent.service: Main process exited, code=exited, status=1/FAILURE
Oct 03 16:43:01 baseweed-admin systemd[857]: qdistro-polkit-agent.service: Failed with result 'exit-code'.
Oct 03 16:43:02 baseweed-admin qemu-ga[680]: info: guest-exec-status called, pid: 1249
Oct 03 16:43:02 baseweed-admin runuser[2525]: pam_unix(runuser:session): session opened for user admin(uid=1000) by (uid=0)
Oct 03 16:43:02 baseweed-admin runuser[2525]: pam_unix(runuser:session): session closed for user admin
Oct 03 16:43:02 baseweed-admin runuser[2534]: pam_unix(runuser:session): session opened for user admin(uid=1000) by (uid=0)
Oct 03 16:43:02 baseweed-admin systemd[857]: selinux: avc:  denied  { start } for auid=n/a uid=1000 gid=1000 cmdline="podman image exists localhost/tier3s-probe:empty" function="method_start_transient_unit" scontext=system_u:system_r:virt_qemu_ga_t:s0 tcontext=unconfined_u:unconfined_r:unconfined_t:s0-s0:c0.c1023 tclass=system permissive=1
Oct 03 16:43:02 baseweed-admin systemd[857]: Started podman-2535.scope.
Oct 03 16:43:02 baseweed-admin runuser[2534]: pam_unix(runuser:session): session closed for user admin
Oct 03 16:43:02 baseweed-admin runuser[2547]: pam_unix(runuser:session): session opened for user admin(uid=1000) by (uid=0)
Oct 03 16:43:02 baseweed-admin systemd[857]: Started podman-2548.scope.
Oct 03 16:43:03 baseweed-admin qemu-ga[680]: info: guest-exec-status called, pid: 1249
Oct 03 16:43:03 baseweed-admin dbus-run-session[1032]:   WARN: Process failed to start, likely because the binary could not be found. Command: QList("bluetoothctl", "show")
Oct 03 16:43:04 baseweed-admin qemu-ga[680]: info: guest-exec-status called, pid: 1249
Oct 03 16:43:04 baseweed-admin dbus-run-session[1032]:   WARN qml: [20261003-164304]       Location Weather is still fetching
Oct 03 16:43:04 baseweed-admin dbus-run-session[1032]:  ERROR qml: [20261003-164304]       Location Geocoding error: 0
Oct 03 16:43:05 baseweed-admin systemd[857]: qdistro-polkit-agent.service: Scheduled restart job, restart counter is at 7.
Oct 03 16:43:05 baseweed-admin systemd[857]: Started qdistro polkit authentication agent (PAM / fprintd / broker).
Oct 03 16:43:05 baseweed-admin qdistro-polkit-agent[2558]: registration failed: org.freedesktop.PolicyKit1.Error.Failed: Cannot determine session the caller is in
Oct 03 16:43:05 baseweed-admin python3[2558]: qdistro-polkit-agent: registration failed: org.freedesktop.PolicyKit1.Error.Failed: Cannot determine session the caller is in
Oct 03 16:43:05 baseweed-admin systemd[857]: qdistro-polkit-agent.service: Main process exited, code=exited, status=1/FAILURE
Oct 03 16:43:05 baseweed-admin systemd[857]: qdistro-polkit-agent.service: Failed with result 'exit-code'.
Oct 03 16:43:05 baseweed-admin qemu-ga[680]: info: guest-exec-status called, pid: 1249
Oct 03 16:43:05 baseweed-admin dbus-run-session[1032]:   WARN: Process failed to start, likely because the binary could not be found. Command: QList("bluetoothctl", "show")
Oct 03 16:43:06 baseweed-admin qemu-ga[680]: info: guest-exec-status called, pid: 1249
Oct 03 16:43:07 baseweed-admin systemd[1]: wtmpdbd.service: Deactivated successfully.
Oct 03 16:43:07 baseweed-admin systemd[1]: systemd-hostnamed.service: Deactivated successfully.
Oct 03 16:43:07 baseweed-admin dbus-run-session[1032]:   WARN: Process failed to start, likely because the binary could not be found. Command: QList("bluetoothctl", "show")
Oct 03 16:43:07 baseweed-admin qemu-ga[680]: info: guest-exec-status called, pid: 1249
Oct 03 16:43:08 baseweed-admin dbus-run-session[1032]:   WARN qml: [20261003-164308]        Network Connectivity check error: Error: Not authorized to recheck connectivity.
Oct 03 16:43:08 baseweed-admin podman[2548]: 2026-10-03 16:43:08.169429279 +0000 UTC m=+5.436665440 image tag 59aaf4e6b9ae5a43b860306a452f30a0cca587014149d418f4f0a32c881c6994 localhost/tier3s-probe:empty
Oct 03 16:43:08 baseweed-admin runuser[2547]: pam_unix(runuser:session): session closed for user admin
Oct 03 16:43:08 baseweed-admin runuser[2596]: pam_unix(runuser:session): session opened for user admin(uid=1000) by (uid=0)
Oct 03 16:43:08 baseweed-admin systemd[857]: Started podman-2597.scope.
Oct 03 16:43:08 baseweed-admin podman[2597]: 2026-10-03 16:43:08.239733006 +0000 UTC m=+0.031542393 image pull 59aaf4e6b9ae5a43b860306a452f30a0cca587014149d418f4f0a32c881c6994 localhost/tier3s-probe:empty
Oct 03 16:43:08 baseweed-admin systemd[857]: qdistro-polkit-agent.service: Scheduled restart job, restart counter is at 8.
Oct 03 16:43:08 baseweed-admin systemd[857]: Started qdistro polkit authentication agent (PAM / fprintd / broker).
Oct 03 16:43:08 baseweed-admin podman[2597]: 2026-10-03 16:43:08.350780309 +0000 UTC m=+0.142589666 container create 9d1dd982e7a94e3b14042e51f352caf219c54cba038e368290ac027499d21cf5 (image=localhost/tier3s-probe:empty, name=tier3s-probe-2389)
Oct 03 16:43:08 baseweed-admin runuser[2596]: pam_unix(runuser:session): session closed for user admin
Oct 03 16:43:08 baseweed-admin runuser[2609]: pam_unix(runuser:session): session opened for user admin(uid=1000) by (uid=0)
Oct 03 16:43:08 baseweed-admin systemd[857]: Started podman-2610.scope.
Oct 03 16:43:08 baseweed-admin runuser[2609]: pam_unix(runuser:session): session closed for user admin
Oct 03 16:43:08 baseweed-admin runuser[2620]: pam_unix(runuser:session): session opened for user admin(uid=1000) by (uid=0)
Oct 03 16:43:08 baseweed-admin systemd[857]: Started podman-2621.scope.
Oct 03 16:43:08 baseweed-admin qdistro-polkit-agent[2606]: registration failed: org.freedesktop.PolicyKit1.Error.Failed: Cannot determine session the caller is in
Oct 03 16:43:08 baseweed-admin python3[2606]: qdistro-polkit-agent: registration failed: org.freedesktop.PolicyKit1.Error.Failed: Cannot determine session the caller is in
Oct 03 16:43:08 baseweed-admin runuser[2620]: pam_unix(runuser:session): session closed for user admin
Oct 03 16:43:08 baseweed-admin runuser[2630]: pam_unix(runuser:session): session opened for user admin(uid=1000) by (uid=0)
Oct 03 16:43:08 baseweed-admin qemu-ga[680]: info: guest-exec-status called, pid: 1249
Oct 03 16:43:08 baseweed-admin systemd[857]: qdistro-polkit-agent.service: Main process exited, code=exited, status=1/FAILURE
Oct 03 16:43:08 baseweed-admin systemd[857]: qdistro-polkit-agent.service: Failed with result 'exit-code'.
Oct 03 16:43:08 baseweed-admin systemd[857]: Started podman-2631.scope.
Oct 03 16:43:08 baseweed-admin podman[2631]: 2026-10-03 16:43:08.657742905 +0000 UTC m=+0.185497599 container remove 9d1dd982e7a94e3b14042e51f352caf219c54cba038e368290ac027499d21cf5 (image=localhost/tier3s-probe:empty, name=tier3s-probe-2389)
Oct 03 16:43:08 baseweed-admin runuser[2630]: pam_unix(runuser:session): session closed for user admin
Oct 03 16:43:09 baseweed-admin runuser[2707]: pam_unix(runuser:session): session opened for user admin(uid=1000) by (uid=0)
Oct 03 16:43:09 baseweed-admin systemd[857]: Started podman-2708.scope.
Oct 03 16:43:09 baseweed-admin runuser[2707]: pam_unix(runuser:session): session closed for user admin
Oct 03 16:43:09 baseweed-admin runuser[2718]: pam_unix(runuser:session): session opened for user admin(uid=1000) by (uid=0)
Oct 03 16:43:09 baseweed-admin systemd[857]: Started podman-2719.scope.
Oct 03 16:43:09 baseweed-admin dbus-run-session[1032]:   WARN: Process failed to start, likely because the binary could not be found. Command: QList("bluetoothctl", "show")
Oct 03 16:43:09 baseweed-admin qemu-ga[680]: info: guest-exec-status called, pid: 1249
Oct 03 16:43:10 baseweed-admin qemu-ga[680]: info: guest-exec-status called, pid: 1249
Oct 03 16:43:11 baseweed-admin dbus-run-session[1032]:   WARN: Process failed to start, likely because the binary could not be found. Command: QList("bluetoothctl", "show")
Oct 03 16:43:11 baseweed-admin systemd[857]: qdistro-polkit-agent.service: Scheduled restart job, restart counter is at 9.
Oct 03 16:43:11 baseweed-admin systemd[857]: Started qdistro polkit authentication agent (PAM / fprintd / broker).
Oct 03 16:43:11 baseweed-admin qemu-ga[680]: info: guest-exec-status called, pid: 1249
Oct 03 16:43:11 baseweed-admin qdistro-polkit-agent[2783]: registration failed: org.freedesktop.PolicyKit1.Error.Failed: Cannot determine session the caller is in
Oct 03 16:43:11 baseweed-admin python3[2783]: qdistro-polkit-agent: registration failed: org.freedesktop.PolicyKit1.Error.Failed: Cannot determine session the caller is in
Oct 03 16:43:11 baseweed-admin systemd[857]: qdistro-polkit-agent.service: Main process exited, code=exited, status=1/FAILURE
Oct 03 16:43:11 baseweed-admin systemd[857]: qdistro-polkit-agent.service: Failed with result 'exit-code'.
Oct 03 16:43:12 baseweed-admin qemu-ga[680]: info: guest-exec-status called, pid: 1249
Oct 03 16:43:13 baseweed-admin dbus-run-session[1032]:   WARN: Process failed to start, likely because the binary could not be found. Command: QList("bluetoothctl", "show")
Oct 03 16:43:13 baseweed-admin qemu-ga[680]: info: guest-exec-status called, pid: 1249
Oct 03 16:43:14 baseweed-admin dbus-run-session[1032]:   INFO qml: [20261003-164314]        PodApps cache refresh loaded 0 apps
Oct 03 16:43:14 baseweed-admin qemu-ga[680]: info: guest-exec-status called, pid: 1249
Oct 03 16:43:14 baseweed-admin systemd[857]: qdistro-polkit-agent.service: Scheduled restart job, restart counter is at 10.
Oct 03 16:43:14 baseweed-admin systemd[857]: Started qdistro polkit authentication agent (PAM / fprintd / broker).
Oct 03 16:43:14 baseweed-admin qdistro-polkit-agent[2802]: registration failed: org.freedesktop.PolicyKit1.Error.Failed: Cannot determine session the caller is in
Oct 03 16:43:14 baseweed-admin python3[2802]: qdistro-polkit-agent: registration failed: org.freedesktop.PolicyKit1.Error.Failed: Cannot determine session the caller is in
Oct 03 16:43:14 baseweed-admin systemd[857]: qdistro-polkit-agent.service: Main process exited, code=exited, status=1/FAILURE
Oct 03 16:43:14 baseweed-admin systemd[857]: qdistro-polkit-agent.service: Failed with result 'exit-code'.
Oct 03 16:43:15 baseweed-admin dbus-run-session[1032]:   WARN: Process failed to start, likely because the binary could not be found. Command: QList("bluetoothctl", "show")
Oct 03 16:43:15 baseweed-admin qemu-ga[680]: info: guest-exec-status called, pid: 1249
Oct 03 16:43:16 baseweed-admin qemu-ga[680]: info: guest-exec-status called, pid: 1249
Oct 03 16:43:17 baseweed-admin dbus-run-session[1032]:   WARN: Process failed to start, likely because the binary could not be found. Command: QList("bluetoothctl", "show")
Oct 03 16:43:17 baseweed-admin qemu-ga[680]: info: guest-exec-status called, pid: 1249
Oct 03 16:43:18 baseweed-admin systemd[857]: qdistro-polkit-agent.service: Scheduled restart job, restart counter is at 11.
Oct 03 16:43:18 baseweed-admin systemd[857]: Started qdistro polkit authentication agent (PAM / fprintd / broker).
Oct 03 16:43:18 baseweed-admin qdistro-polkit-agent[2817]: registration failed: org.freedesktop.PolicyKit1.Error.Failed: Cannot determine session the caller is in
Oct 03 16:43:18 baseweed-admin python3[2817]: qdistro-polkit-agent: registration failed: org.freedesktop.PolicyKit1.Error.Failed: Cannot determine session the caller is in
Oct 03 16:43:18 baseweed-admin systemd[857]: qdistro-polkit-agent.service: Main process exited, code=exited, status=1/FAILURE
Oct 03 16:43:18 baseweed-admin systemd[857]: qdistro-polkit-agent.service: Failed with result 'exit-code'.
Oct 03 16:43:18 baseweed-admin qemu-ga[680]: info: guest-exec-status called, pid: 1249
Oct 03 16:43:19 baseweed-admin dbus-run-session[1032]:   WARN: Process failed to start, likely because the binary could not be found. Command: QList("bluetoothctl", "show")
Oct 03 16:43:20 baseweed-admin qemu-ga[680]: info: guest-exec-status called, pid: 1249
Oct 03 16:43:21 baseweed-admin qemu-ga[680]: info: guest-exec-status called, pid: 1249
Oct 03 16:43:21 baseweed-admin systemd[857]: qdistro-polkit-agent.service: Scheduled restart job, restart counter is at 12.
Oct 03 16:43:21 baseweed-admin systemd[857]: Started qdistro polkit authentication agent (PAM / fprintd / broker).
Oct 03 16:43:21 baseweed-admin dbus-run-session[1032]:   WARN: Process failed to start, likely because the binary could not be found. Command: QList("bluetoothctl", "show")
Oct 03 16:43:21 baseweed-admin qdistro-polkit-agent[2831]: registration failed: org.freedesktop.PolicyKit1.Error.Failed: Cannot determine session the caller is in
Oct 03 16:43:21 baseweed-admin python3[2831]: qdistro-polkit-agent: registration failed: org.freedesktop.PolicyKit1.Error.Failed: Cannot determine session the caller is in
Oct 03 16:43:21 baseweed-admin systemd[857]: qdistro-polkit-agent.service: Main process exited, code=exited, status=1/FAILURE
Oct 03 16:43:21 baseweed-admin systemd[857]: qdistro-polkit-agent.service: Failed with result 'exit-code'.
Oct 03 16:43:22 baseweed-admin qemu-ga[680]: info: guest-exec-status called, pid: 1249
Oct 03 16:43:23 baseweed-admin dbus-run-session[1032]:   WARN qml: [20261003-164323]        Network Connectivity check error: Error: Not authorized to recheck connectivity.
Oct 03 16:43:23 baseweed-admin qemu-ga[680]: info: guest-exec-status called, pid: 1249
Oct 03 16:43:23 baseweed-admin dbus-run-session[1032]:   WARN: Process failed to start, likely because the binary could not be found. Command: QList("bluetoothctl", "show")
Oct 03 16:43:24 baseweed-admin qemu-ga[680]: info: guest-exec-status called, pid: 1249
Oct 03 16:43:24 baseweed-admin dbus-run-session[1032]:   WARN qml: [20261003-164324]       Location Weather is still fetching
Oct 03 16:43:24 baseweed-admin dbus-run-session[1032]:  ERROR qml: [20261003-164324]       Location Geocoding error: 0
Oct 03 16:43:24 baseweed-admin systemd[857]: qdistro-polkit-agent.service: Scheduled restart job, restart counter is at 13.
Oct 03 16:43:24 baseweed-admin systemd[857]: Started qdistro polkit authentication agent (PAM / fprintd / broker).
Oct 03 16:43:24 baseweed-admin qdistro-polkit-agent[2871]: registration failed: org.freedesktop.PolicyKit1.Error.Failed: Cannot determine session the caller is in
Oct 03 16:43:24 baseweed-admin python3[2871]: qdistro-polkit-agent: registration failed: org.freedesktop.PolicyKit1.Error.Failed: Cannot determine session the caller is in
Oct 03 16:43:24 baseweed-admin systemd[857]: qdistro-polkit-agent.service: Main process exited, code=exited, status=1/FAILURE
Oct 03 16:43:24 baseweed-admin systemd[857]: qdistro-polkit-agent.service: Failed with result 'exit-code'.
Oct 03 16:43:25 baseweed-admin qemu-ga[680]: info: guest-exec-status called, pid: 1249
Oct 03 16:43:25 baseweed-admin dbus-run-session[1032]:   WARN: Process failed to start, likely because the binary could not be found. Command: QList("bluetoothctl", "show")
Oct 03 16:43:26 baseweed-admin qemu-ga[680]: info: guest-exec-status called, pid: 1249
Oct 03 16:43:27 baseweed-admin qemu-ga[680]: info: guest-exec-status called, pid: 1249
Oct 03 16:43:27 baseweed-admin dbus-run-session[1032]:   WARN: Process failed to start, likely because the binary could not be found. Command: QList("bluetoothctl", "show")
Oct 03 16:43:27 baseweed-admin systemd[857]: qdistro-polkit-agent.service: Scheduled restart job, restart counter is at 14.
Oct 03 16:43:27 baseweed-admin systemd[857]: Started qdistro polkit authentication agent (PAM / fprintd / broker).
Oct 03 16:43:27 baseweed-admin qdistro-polkit-agent[2886]: registration failed: org.freedesktop.PolicyKit1.Error.Failed: Cannot determine session the caller is in
Oct 03 16:43:27 baseweed-admin python3[2886]: qdistro-polkit-agent: registration failed: org.freedesktop.PolicyKit1.Error.Failed: Cannot determine session the caller is in
Oct 03 16:43:27 baseweed-admin systemd[857]: qdistro-polkit-agent.service: Main process exited, code=exited, status=1/FAILURE
Oct 03 16:43:27 baseweed-admin systemd[857]: qdistro-polkit-agent.service: Failed with result 'exit-code'.
Oct 03 16:43:28 baseweed-admin qemu-ga[680]: info: guest-exec-status called, pid: 1249
Oct 03 16:43:29 baseweed-admin dbus-run-session[1032]:   WARN: Process failed to start, likely because the binary could not be found. Command: QList("bluetoothctl", "show")
Oct 03 16:43:29 baseweed-admin qemu-ga[680]: info: guest-exec-status called, pid: 1249
Oct 03 16:43:30 baseweed-admin qemu-ga[680]: info: guest-exec-status called, pid: 1249
Oct 03 16:43:31 baseweed-admin systemd[857]: qdistro-polkit-agent.service: Scheduled restart job, restart counter is at 15.
Oct 03 16:43:31 baseweed-admin systemd[857]: Started qdistro polkit authentication agent (PAM / fprintd / broker).
Oct 03 16:43:31 baseweed-admin qdistro-polkit-agent[2900]: registration failed: org.freedesktop.PolicyKit1.Error.Failed: Cannot determine session the caller is in
Oct 03 16:43:31 baseweed-admin python3[2900]: qdistro-polkit-agent: registration failed: org.freedesktop.PolicyKit1.Error.Failed: Cannot determine session the caller is in
Oct 03 16:43:31 baseweed-admin systemd[857]: qdistro-polkit-agent.service: Main process exited, code=exited, status=1/FAILURE
Oct 03 16:43:31 baseweed-admin systemd[857]: qdistro-polkit-agent.service: Failed with result 'exit-code'.
Oct 03 16:43:31 baseweed-admin dbus-run-session[1032]:   WARN: Process failed to start, likely because the binary could not be found. Command: QList("bluetoothctl", "show")
Oct 03 16:43:31 baseweed-admin qemu-ga[680]: info: guest-exec-status called, pid: 1249
Oct 03 16:43:32 baseweed-admin qemu-ga[680]: info: guest-exec-status called, pid: 1249
Oct 03 16:43:33 baseweed-admin dbus-run-session[1032]:   WARN: Process failed to start, likely because the binary could not be found. Command: QList("bluetoothctl", "show")
Oct 03 16:43:33 baseweed-admin qemu-ga[680]: info: guest-exec-status called, pid: 1249
Oct 03 16:43:34 baseweed-admin systemd[857]: qdistro-polkit-agent.service: Scheduled restart job, restart counter is at 16.
Oct 03 16:43:34 baseweed-admin systemd[857]: Started qdistro polkit authentication agent (PAM / fprintd / broker).
Oct 03 16:43:34 baseweed-admin qdistro-polkit-agent[2915]: registration failed: org.freedesktop.PolicyKit1.Error.Failed: Cannot determine session the caller is in
Oct 03 16:43:34 baseweed-admin python3[2915]: qdistro-polkit-agent: registration failed: org.freedesktop.PolicyKit1.Error.Failed: Cannot determine session the caller is in
Oct 03 16:43:34 baseweed-admin systemd[857]: qdistro-polkit-agent.service: Main process exited, code=exited, status=1/FAILURE
Oct 03 16:43:34 baseweed-admin systemd[857]: qdistro-polkit-agent.service: Failed with result 'exit-code'.
Oct 03 16:43:34 baseweed-admin qemu-ga[680]: info: guest-exec-status called, pid: 1249
Oct 03 16:43:35 baseweed-admin dbus-run-session[1032]:   WARN: Process failed to start, likely because the binary could not be found. Command: QList("bluetoothctl", "show")
Oct 03 16:43:35 baseweed-admin qemu-ga[680]: info: guest-exec-status called, pid: 1249
Oct 03 16:43:36 baseweed-admin qemu-ga[680]: info: guest-exec-status called, pid: 1249
Oct 03 16:43:37 baseweed-admin dbus-run-session[1032]:   WARN: Process failed to start, likely because the binary could not be found. Command: QList("bluetoothctl", "show")
Oct 03 16:43:37 baseweed-admin systemd[857]: qdistro-polkit-agent.service: Scheduled restart job, restart counter is at 17.
Oct 03 16:43:37 baseweed-admin systemd[857]: Started qdistro polkit authentication agent (PAM / fprintd / broker).
Oct 03 16:43:37 baseweed-admin qdistro-polkit-agent[2930]: registration failed: org.freedesktop.PolicyKit1.Error.Failed: Cannot determine session the caller is in
Oct 03 16:43:37 baseweed-admin python3[2930]: qdistro-polkit-agent: registration failed: org.freedesktop.PolicyKit1.Error.Failed: Cannot determine session the caller is in
Oct 03 16:43:37 baseweed-admin systemd[857]: qdistro-polkit-agent.service: Main process exited, code=exited, status=1/FAILURE
Oct 03 16:43:37 baseweed-admin systemd[857]: qdistro-polkit-agent.service: Failed with result 'exit-code'.
Oct 03 16:43:37 baseweed-admin qemu-ga[680]: info: guest-exec-status called, pid: 1249
Oct 03 16:43:38 baseweed-admin dbus-run-session[1032]:   WARN qml: [20261003-164338]        Network Connectivity check error: Error: Not authorized to recheck connectivity.
Oct 03 16:43:38 baseweed-admin qemu-ga[680]: info: guest-exec-status called, pid: 1249
Oct 03 16:43:39 baseweed-admin dbus-run-session[1032]:   WARN: Process failed to start, likely because the binary could not be found. Command: QList("bluetoothctl", "show")
Oct 03 16:43:40 baseweed-admin qemu-ga[680]: info: guest-exec-status called, pid: 1249
Oct 03 16:43:40 baseweed-admin systemd[857]: qdistro-polkit-agent.service: Scheduled restart job, restart counter is at 18.
Oct 03 16:43:40 baseweed-admin systemd[857]: Started qdistro polkit authentication agent (PAM / fprintd / broker).
Oct 03 16:43:40 baseweed-admin qdistro-polkit-agent[2968]: registration failed: org.freedesktop.PolicyKit1.Error.Failed: Cannot determine session the caller is in
Oct 03 16:43:40 baseweed-admin python3[2968]: qdistro-polkit-agent: registration failed: org.freedesktop.PolicyKit1.Error.Failed: Cannot determine session the caller is in
Oct 03 16:43:40 baseweed-admin systemd[857]: qdistro-polkit-agent.service: Main process exited, code=exited, status=1/FAILURE
Oct 03 16:43:40 baseweed-admin systemd[857]: qdistro-polkit-agent.service: Failed with result 'exit-code'.
Oct 03 16:43:41 baseweed-admin qemu-ga[680]: info: guest-exec-status called, pid: 1249
Oct 03 16:43:41 baseweed-admin dbus-run-session[1032]:   WARN: Process failed to start, likely because the binary could not be found. Command: QList("bluetoothctl", "show")
Oct 03 16:43:42 baseweed-admin qemu-ga[680]: info: guest-exec-status called, pid: 1249
Oct 03 16:43:43 baseweed-admin qemu-ga[680]: info: guest-exec-status called, pid: 1249
Oct 03 16:43:43 baseweed-admin dbus-run-session[1032]:   WARN: Process failed to start, likely because the binary could not be found. Command: QList("bluetoothctl", "show")
Oct 03 16:43:44 baseweed-admin systemd[857]: qdistro-polkit-agent.service: Scheduled restart job, restart counter is at 19.
Oct 03 16:43:44 baseweed-admin systemd[857]: Started qdistro polkit authentication agent (PAM / fprintd / broker).
Oct 03 16:43:44 baseweed-admin podman[2719]: 2026-10-03 16:43:44.176563664 +0000 UTC m=+34.989596983 image loadfromarchive 1eee52a21ad86f065d227988b4ff8e279fe838e4ed84ee77f2aed0d372deae92 /var/tmp/t3s-img/image.oci.tar
Oct 03 16:43:44 baseweed-admin runuser[2718]: pam_unix(runuser:session): session closed for user admin
Oct 03 16:43:44 baseweed-admin systemd[857]: podman-2719.scope: Consumed 3.460s CPU time over 34.969s wall clock time.
Oct 03 16:43:44 baseweed-admin runuser[3050]: pam_unix(runuser:session): session opened for user admin(uid=1000) by (uid=0)
Oct 03 16:43:44 baseweed-admin qdistro-polkit-agent[3044]: registration failed: org.freedesktop.PolicyKit1.Error.Failed: Cannot determine session the caller is in
Oct 03 16:43:44 baseweed-admin python3[3044]: qdistro-polkit-agent: registration failed: org.freedesktop.PolicyKit1.Error.Failed: Cannot determine session the caller is in
Oct 03 16:43:44 baseweed-admin systemd[857]: qdistro-polkit-agent.service: Main process exited, code=exited, status=1/FAILURE
Oct 03 16:43:44 baseweed-admin systemd[857]: qdistro-polkit-agent.service: Failed with result 'exit-code'.
Oct 03 16:43:44 baseweed-admin qemu-ga[680]: info: guest-exec-status called, pid: 1249
Oct 03 16:43:44 baseweed-admin systemd[857]: Started podman-3051.scope.
Oct 03 16:43:44 baseweed-admin runuser[3050]: pam_unix(runuser:session): session closed for user admin
Oct 03 16:43:44 baseweed-admin runuser[3064]: pam_unix(runuser:session): session opened for user admin(uid=1000) by (uid=0)
Oct 03 16:43:44 baseweed-admin systemd[857]: Started podman-3065.scope.
Oct 03 16:43:44 baseweed-admin runuser[3064]: pam_unix(runuser:session): session closed for user admin
Oct 03 16:43:44 baseweed-admin runuser[3075]: pam_unix(runuser:session): session opened for user admin(uid=1000) by (uid=0)
Oct 03 16:43:44 baseweed-admin systemd[857]: Started podman-3076.scope.
Oct 03 16:43:44 baseweed-admin runuser[3075]: pam_unix(runuser:session): session closed for user admin
Oct 03 16:43:44 baseweed-admin runuser[3091]: pam_unix(runuser:session): session opened for user admin(uid=1000) by (uid=0)
Oct 03 16:43:44 baseweed-admin runuser[3091]: pam_unix(runuser:session): session closed for user admin
Oct 03 16:43:44 baseweed-admin runuser[3094]: pam_unix(runuser:session): session opened for user admin(uid=1000) by (uid=0)
Oct 03 16:43:44 baseweed-admin runuser[3094]: pam_unix(runuser:session): session closed for user admin
Oct 03 16:43:44 baseweed-admin runuser[3101]: pam_unix(runuser:session): session opened for user admin(uid=1000) by (uid=0)
Oct 03 16:43:44 baseweed-admin runuser[3101]: pam_unix(runuser:session): session closed for user admin
Oct 03 16:43:44 baseweed-admin dbus-run-session[1032]:   WARN qml: [20261003-164344]       Location Weather is still fetching
Oct 03 16:43:44 baseweed-admin dbus-run-session[1032]:  ERROR qml: [20261003-164344]       Location Geocoding error: 0
Oct 03 16:43:44 baseweed-admin dbus-run-session[1032]:   INFO qml: [20261003-164344]        PodApps cache refresh loaded 0 apps
Oct 03 16:43:44 baseweed-admin qdistro_admin_broker.py[720]: [broker] rules reloaded (inotify): 1 rule(s), 0 error(s)
Oct 03 16:43:44 baseweed-admin runuser[3121]: pam_unix(runuser:session): session opened for user admin(uid=1000) by (uid=0)
Oct 03 16:43:45 baseweed-admin runuser[3121]: pam_unix(runuser:session): session closed for user admin
Oct 03 16:43:45 baseweed-admin runuser[3125]: pam_unix(runuser:session): session opened for user admin(uid=1000) by (uid=0)
Oct 03 16:43:45 baseweed-admin runuser[3125]: pam_unix(runuser:session): session closed for user admin
Oct 03 16:43:45 baseweed-admin runuser[3141]: pam_unix(runuser:session): session opened for user admin(uid=1000) by (uid=0)
Oct 03 16:43:45 baseweed-admin systemd[857]: Started podman-3142.scope.
Oct 03 16:43:45 baseweed-admin runuser[3141]: pam_unix(runuser:session): session closed for user admin
Oct 03 16:43:45 baseweed-admin qemu-ga[680]: info: guest-exec-status called, pid: 1249
Oct 03 16:43:45 baseweed-admin dbus-run-session[1032]:   WARN: Process failed to start, likely because the binary could not be found. Command: QList("bluetoothctl", "show")
Oct 03 16:43:46 baseweed-admin qemu-ga[680]: info: guest-exec-status called, pid: 1249
Oct 03 16:43:46 baseweed-admin qemu-ga[680]: info: guest-exec called: "/bin/sh -c cd /var/tmp/t3s-dl && for f in tier3s-guest-lib.sh s122-tier3s-sigkill-cleanup.sh; do curl -fsS -o $f http://10.0.2.2:52073/$f || exit 97; done && bash s122-tier3s-sigkill-cleanup.sh"
Oct 03 16:43:46 baseweed-admin qemu-ga[680]: info: guest-exec called: "/bin/sh -c qd_startof() {
                                               awk 'match($0,/\)[^)]*$/){s=substr($0,RSTART+2);split(s,f," ");print f[20]}' "/proc/$1/stat" 2>/dev/null
                                             }
                                             qd_ident_s=$(qd_startof 3529)
                                             # The guest's boot id rides along: a (pid, start time) pair is unique only
                                             # WITHIN one boot, and the orphan registry must never match it against a later
                                             # incarnation of the same VM name. "boot=" with nothing after it means the id
                                             # was unreadable; the host then does not register the command.
                                             qd_ident_b=$(cat /proc/sys/kernel/random/boot_id 2>/dev/null)
                                             if [ -n "$qd_ident_s" ]; then printf 'start=%s boot=%s\n' "$qd_ident_s" "$qd_ident_b"; else printf 'gone\n'; fi"
Oct 03 16:43:46 baseweed-admin qemu-ga[680]: info: guest-exec-status called, pid: 3565
Oct 03 16:43:46 baseweed-admin qemu-ga[680]: info: guest-exec-status called, pid: 3529
Oct 03 16:43:47 baseweed-admin runuser[3668]: pam_unix(runuser:session): session opened for user admin(uid=1000) by (uid=0)
Oct 03 16:43:47 baseweed-admin runuser[3668]: pam_unix(runuser:session): session closed for user admin
Oct 03 16:43:47 baseweed-admin runuser[3677]: pam_unix(runuser:session): session opened for user admin(uid=1000) by (uid=0)
Oct 03 16:43:47 baseweed-admin systemd[857]: Started podman-3678.scope.
Oct 03 16:43:47 baseweed-admin runuser[3677]: pam_unix(runuser:session): session closed for user admin
Oct 03 16:43:47 baseweed-admin systemd[857]: qdistro-polkit-agent.service: Scheduled restart job, restart counter is at 20.
Oct 03 16:43:47 baseweed-admin runuser[3687]: pam_unix(runuser:session): session opened for user admin(uid=1000) by (uid=0)
Oct 03 16:43:47 baseweed-admin systemd[857]: Started qdistro polkit authentication agent (PAM / fprintd / broker).
Oct 03 16:43:47 baseweed-admin systemd[857]: Started podman-3688.scope.
Oct 03 16:43:47 baseweed-admin qdistro-polkit-agent[3689]: registration failed: org.freedesktop.PolicyKit1.Error.Failed: Cannot determine session the caller is in
Oct 03 16:43:47 baseweed-admin python3[3689]: qdistro-polkit-agent: registration failed: org.freedesktop.PolicyKit1.Error.Failed: Cannot determine session the caller is in
Oct 03 16:43:47 baseweed-admin systemd[857]: qdistro-polkit-agent.service: Main process exited, code=exited, status=1/FAILURE
Oct 03 16:43:47 baseweed-admin systemd[857]: qdistro-polkit-agent.service: Failed with result 'exit-code'.
Oct 03 16:43:47 baseweed-admin podman[3688]: 2026-10-03 16:43:47.268844385 +0000 UTC m=+0.029317357 image pull 59aaf4e6b9ae5a43b860306a452f30a0cca587014149d418f4f0a32c881c6994 localhost/tier3s-probe:empty
Oct 03 16:43:47 baseweed-admin dbus-run-session[1032]:   WARN: Process failed to start, likely because the binary could not be found. Command: QList("bluetoothctl", "show")
Oct 03 16:43:47 baseweed-admin podman[3688]: 2026-10-03 16:43:47.607688737 +0000 UTC m=+0.368161699 container create 022f5c8e49a8c11a527043b5fe935e80577311f152ef006fb061e0438514977e (image=localhost/tier3s-probe:empty, name=tier3s-probe-3536)
Oct 03 16:43:47 baseweed-admin runuser[3687]: pam_unix(runuser:session): session closed for user admin
Oct 03 16:43:47 baseweed-admin runuser[3712]: pam_unix(runuser:session): session opened for user admin(uid=1000) by (uid=0)
Oct 03 16:43:47 baseweed-admin systemd[857]: Started podman-3713.scope.
Oct 03 16:43:47 baseweed-admin runuser[3712]: pam_unix(runuser:session): session closed for user admin
Oct 03 16:43:47 baseweed-admin runuser[3723]: pam_unix(runuser:session): session opened for user admin(uid=1000) by (uid=0)
Oct 03 16:43:47 baseweed-admin qemu-ga[680]: info: guest-exec-status called, pid: 3529
Oct 03 16:43:47 baseweed-admin systemd[857]: Started podman-3724.scope.
Oct 03 16:43:47 baseweed-admin runuser[3723]: pam_unix(runuser:session): session closed for user admin
Oct 03 16:43:47 baseweed-admin runuser[3734]: pam_unix(runuser:session): session opened for user admin(uid=1000) by (uid=0)
Oct 03 16:43:47 baseweed-admin systemd[857]: Started podman-3735.scope.
Oct 03 16:43:48 baseweed-admin qemu-ga[680]: info: guest-exec-status called, pid: 3529
Oct 03 16:43:48 baseweed-admin chronyd[754]: Selected source 176.118.170.235 (2.opensuse.pool.ntp.org)
Oct 03 16:43:49 baseweed-admin podman[3735]: 2026-10-03 16:43:49.010441202 +0000 UTC m=+1.273470665 container remove 022f5c8e49a8c11a527043b5fe935e80577311f152ef006fb061e0438514977e (image=localhost/tier3s-probe:empty, name=tier3s-probe-3536)
Oct 03 16:43:49 baseweed-admin runuser[3734]: pam_unix(runuser:session): session closed for user admin
Oct 03 16:43:49 baseweed-admin runuser[3748]: pam_unix(runuser:session): session opened for user admin(uid=1000) by (uid=0)
Oct 03 16:43:49 baseweed-admin runuser[3748]: pam_unix(runuser:session): session closed for user admin
Oct 03 16:43:49 baseweed-admin runuser[3766]: pam_unix(runuser:session): session opened for user admin(uid=1000) by (uid=0)
Oct 03 16:43:49 baseweed-admin systemd[857]: Started podman-3767.scope.
Oct 03 16:43:49 baseweed-admin runuser[3766]: pam_unix(runuser:session): session closed for user admin
Oct 03 16:43:49 baseweed-admin runuser[4152]: pam_unix(runuser:session): session opened for user admin(uid=1000) by (uid=0)
Oct 03 16:43:49 baseweed-admin dbus-run-session[1032]:   WARN: Process failed to start, likely because the binary could not be found. Command: QList("bluetoothctl", "show")
Oct 03 16:43:49 baseweed-admin qdistro_session_manager.py[2001]: 2026-10-03 16:43:49,463 INFO qdistro_session_manager: CreateTier3sSilo name=s122a workload=headless-smoke binding=s122a
Oct 03 16:43:49 baseweed-admin runuser[4152]: pam_unix(runuser:session): session closed for user admin
Oct 03 16:43:49 baseweed-admin runuser[4158]: pam_unix(runuser:session): session opened for user admin(uid=1000) by (uid=0)
Oct 03 16:43:49 baseweed-admin runuser[4158]: pam_unix(runuser:session): session closed for user admin
Oct 03 16:43:49 baseweed-admin runuser[4160]: pam_unix(runuser:session): session opened for user admin(uid=1000) by (uid=0)
Oct 03 16:43:49 baseweed-admin qdistro_session_manager.py[2001]: 2026-10-03 16:43:49,539 INFO qdistro_session_manager: CreateTier3sSilo name=s122b workload=headless-smoke binding=s122b
Oct 03 16:43:49 baseweed-admin runuser[4160]: pam_unix(runuser:session): session closed for user admin
Oct 03 16:43:49 baseweed-admin runuser[4165]: pam_unix(runuser:session): session opened for user admin(uid=1000) by (uid=0)
Oct 03 16:43:49 baseweed-admin runuser[4165]: pam_unix(runuser:session): session closed for user admin
Oct 03 16:43:49 baseweed-admin systemd[1]: Stopping qdistro session manager (user-silo lifecycle)...
Oct 03 16:43:49 baseweed-admin systemd[1]: qdistro-session-manager.service: Deactivated successfully.
Oct 03 16:43:49 baseweed-admin systemd[1]: Stopped qdistro session manager (user-silo lifecycle).
Oct 03 16:43:49 baseweed-admin systemd[1]: Starting qdistro session manager (user-silo lifecycle)...
Oct 03 16:43:49 baseweed-admin qemu-ga[680]: info: guest-exec-status called, pid: 3529
Oct 03 16:43:49 baseweed-admin systemd[1]: Started qdistro session manager (user-silo lifecycle).
Oct 03 16:43:49 baseweed-admin runuser[4182]: pam_unix(runuser:session): session opened for user admin(uid=1000) by (uid=0)
Oct 03 16:43:49 baseweed-admin runuser[4184]: pam_unix(runuser:session): session opened for user admin(uid=1000) by (uid=0)
Oct 03 16:43:49 baseweed-admin systemd[857]: Started podman-4193.scope.
Oct 03 16:43:49 baseweed-admin runuser[4182]: pam_unix(runuser:session): session closed for user admin
Oct 03 16:43:49 baseweed-admin runuser[4203]: pam_unix(runuser:session): session opened for user admin(uid=1000) by (uid=0)
Oct 03 16:43:49 baseweed-admin systemd[857]: Started podman-4212.scope.
Oct 03 16:43:49 baseweed-admin runuser[4203]: pam_unix(runuser:session): session closed for user admin
Oct 03 16:43:49 baseweed-admin systemd[1]: Started [systemd-run] /usr/sbin/runuser -u admin -- env -i PATH=/usr/bin:/bin HOME=/home/admin USER=admin LOGNAME=admin XDG_RUNTIME_DIR=/run/user/1000 podman ps -a --filter label=qdistro_tier3s_token --format json.
Oct 03 16:43:49 baseweed-admin runuser[4238]: pam_unix(runuser:session): session opened for user admin(uid=1000) by (uid=0)
Oct 03 16:43:50 baseweed-admin systemd[857]: Started podman-4239.scope.
Oct 03 16:43:50 baseweed-admin runuser[4238]: pam_unix(runuser:session): session closed for user admin
Oct 03 16:43:50 baseweed-admin systemd[1]: qdistro-t3s-call-4223-1-1804388527.scope: Deactivated successfully.
Oct 03 16:43:50 baseweed-admin qdistro_session_manager.py[4173]: 2026-10-03 16:43:50,135 INFO qdistro_session_manager: disposable lease sweeps (TTL + proctree-empty) every 60s
Oct 03 16:43:50 baseweed-admin runuser[4264]: pam_unix(runuser:session): session opened for user admin(uid=1000) by (uid=0)
Oct 03 16:43:50 baseweed-admin systemd[857]: Started podman-4266.scope.
Oct 03 16:43:50 baseweed-admin runuser[4264]: pam_unix(runuser:session): session closed for user admin
Oct 03 16:43:50 baseweed-admin systemd[1]: Created slice Slice /system/qdistro-tier3s-silo.
Oct 03 16:43:50 baseweed-admin systemd[1]: Starting qdistro tier-3s (gVisor) silo s122a (Experimental, dev profile only)...
Oct 03 16:43:50 baseweed-admin systemd[857]: qdistro-polkit-agent.service: Scheduled restart job, restart counter is at 21.
Oct 03 16:43:50 baseweed-admin systemd[857]: Started qdistro polkit authentication agent (PAM / fprintd / broker).
Oct 03 16:43:50 baseweed-admin qdistro-polkit-agent[4392]: registration failed: org.freedesktop.PolicyKit1.Error.Failed: Cannot determine session the caller is in
Oct 03 16:43:50 baseweed-admin python3[4392]: qdistro-polkit-agent: registration failed: org.freedesktop.PolicyKit1.Error.Failed: Cannot determine session the caller is in
Oct 03 16:43:50 baseweed-admin systemd[857]: qdistro-polkit-agent.service: Main process exited, code=exited, status=1/FAILURE
Oct 03 16:43:50 baseweed-admin systemd[857]: qdistro-polkit-agent.service: Failed with result 'exit-code'.
Oct 03 16:43:50 baseweed-admin qemu-ga[680]: info: guest-exec-status called, pid: 3529
Oct 03 16:43:50 baseweed-admin runuser[4444]: pam_unix(runuser:session): session opened for user admin(uid=1000) by (uid=0)
Oct 03 16:43:50 baseweed-admin runuser[4444]: pam_unix(runuser:session): session closed for user admin
Oct 03 16:43:50 baseweed-admin runuser[4453]: pam_unix(runuser:session): session opened for user admin(uid=1000) by (uid=0)
Oct 03 16:43:50 baseweed-admin systemd[857]: Started podman-4454.scope.
Oct 03 16:43:50 baseweed-admin runuser[4453]: pam_unix(runuser:session): session closed for user admin
Oct 03 16:43:51 baseweed-admin runuser[4464]: pam_unix(runuser:session): session opened for user admin(uid=1000) by (uid=0)
Oct 03 16:43:51 baseweed-admin systemd[857]: Started podman-4465.scope.
Oct 03 16:43:51 baseweed-admin podman[4465]: 2026-10-03 16:43:51.03318639 +0000 UTC m=+0.026633979 image pull 59aaf4e6b9ae5a43b860306a452f30a0cca587014149d418f4f0a32c881c6994 localhost/tier3s-probe:empty
Oct 03 16:43:51 baseweed-admin podman[4465]: 2026-10-03 16:43:51.164597297 +0000 UTC m=+0.158044866 container create fc81f72b4773c383a46be12e0414fd68d968d2f1ffda1435d96b51eb8e97272e (image=localhost/tier3s-probe:empty, name=tier3s-probe-4304)
Oct 03 16:43:51 baseweed-admin runuser[4464]: pam_unix(runuser:session): session closed for user admin
Oct 03 16:43:51 baseweed-admin runuser[4476]: pam_unix(runuser:session): session opened for user admin(uid=1000) by (uid=0)
Oct 03 16:43:51 baseweed-admin systemd[857]: Started podman-4477.scope.
Oct 03 16:43:51 baseweed-admin runuser[4476]: pam_unix(runuser:session): session closed for user admin
Oct 03 16:43:51 baseweed-admin runuser[4487]: pam_unix(runuser:session): session opened for user admin(uid=1000) by (uid=0)
Oct 03 16:43:51 baseweed-admin systemd[857]: Started podman-4488.scope.
Oct 03 16:43:51 baseweed-admin runuser[4487]: pam_unix(runuser:session): session closed for user admin
Oct 03 16:43:51 baseweed-admin runuser[4497]: pam_unix(runuser:session): session opened for user admin(uid=1000) by (uid=0)
Oct 03 16:43:51 baseweed-admin systemd[857]: Started podman-4498.scope.
Oct 03 16:43:51 baseweed-admin dbus-run-session[1032]:   WARN: Process failed to start, likely because the binary could not be found. Command: QList("bluetoothctl", "show")
Oct 03 16:43:51 baseweed-admin podman[4498]: 2026-10-03 16:43:51.441804928 +0000 UTC m=+0.181859622 container remove fc81f72b4773c383a46be12e0414fd68d968d2f1ffda1435d96b51eb8e97272e (image=localhost/tier3s-probe:empty, name=tier3s-probe-4304)
Oct 03 16:43:51 baseweed-admin runuser[4497]: pam_unix(runuser:session): session closed for user admin
Oct 03 16:43:51 baseweed-admin runuser[4511]: pam_unix(runuser:session): session opened for user admin(uid=1000) by (uid=0)
Oct 03 16:43:51 baseweed-admin qdistro-tier3s-silo-launch[4512]: [resolve-binding] silo 's122a' is untemplated (no binding)
Oct 03 16:43:51 baseweed-admin runuser[4511]: pam_unix(runuser:session): session closed for user admin
Oct 03 16:43:51 baseweed-admin qdistro-tier3s-silo-launch[4276]: spawn-tier3s: silo s122a runs UNTEMPLATED (no binding); image localhost/qdistro/tier3s-headless-smoke:latest
Oct 03 16:43:51 baseweed-admin runuser[4514]: pam_unix(runuser:session): session opened for user admin(uid=1000) by (uid=0)
Oct 03 16:43:51 baseweed-admin runuser[4514]: pam_unix(runuser:session): session closed for user admin
Oct 03 16:43:51 baseweed-admin systemd[1]: Started [systemd-run] /usr/sbin/runuser -u admin -- env -i PATH=/usr/bin:/bin HOME=/home/admin USER=admin LOGNAME=admin XDG_RUNTIME_DIR=/run/user/1000 podman ps -a --filter label=qdistro_tier3s_token --format json.
Oct 03 16:43:51 baseweed-admin runuser[4536]: pam_unix(runuser:session): session opened for user admin(uid=1000) by (uid=0)
Oct 03 16:43:51 baseweed-admin systemd[857]: Started podman-4537.scope.
Oct 03 16:43:51 baseweed-admin runuser[4536]: pam_unix(runuser:session): session closed for user admin
Oct 03 16:43:51 baseweed-admin systemd[1]: qdistro-t3s-call-4521-1-3323118510.scope: Deactivated successfully.
Oct 03 16:43:51 baseweed-admin runuser[4568]: pam_unix(runuser:session): session opened for user admin(uid=1000) by (uid=0)
Oct 03 16:43:51 baseweed-admin systemd[857]: Started podman-4569.scope.
Oct 03 16:43:51 baseweed-admin runuser[4568]: pam_unix(runuser:session): session closed for user admin
Oct 03 16:43:51 baseweed-admin qdistro-tier3s-silo-launch[4276]: LAUNCH_TOKEN=1d9747ea79b377efd0da579499a07619
Oct 03 16:43:51 baseweed-admin qdistro-tier3s-silo-launch[4276]: CONTAINER=qdistro-tier3s-s122a
Oct 03 16:43:51 baseweed-admin qdistro-tier3s-silo-launch[4276]: IMAGE=localhost/qdistro/tier3s-headless-smoke:latest
Oct 03 16:43:51 baseweed-admin qdistro-tier3s-silo-launch[4276]: SCOPE_UNIT=qdistro-tier3s-1d9747ea79b377efd0da579499a07619.scope
Oct 03 16:43:51 baseweed-admin systemd[1]: Started [systemd-run] /usr/libexec/qdistro/qdistro-tier3s-scope enter 1d9747ea79b377efd0da579499a07619 1000 -- podman --runtime /usr/libexec/qdistro/tier3s-runsc --runtime-flag=network=none --cgroup-manager=cgroupfs run --rm --name qdistro-tier3s-s122a --label qdistro_tier3s_token=1d9747ea79b377efd0da579499a07619 --label qdistro_tier3s_unit=qdistro-tier3s-silo@s122a.service --security-opt label=disable --security-opt no-new-privileges --cap-drop=ALL --security-opt seccomp=/usr/lib/qdistro/tier3s/seccomp/headless-smoke.json --userns=keep-id --user 1000:1000 --read-only --tmpfs /tmp:rw,size=64m,mode=1777 --tmpfs /run/user/1000:rw,U,mode=0700 --tmpfs /home/admin/.cache:rw,U,mode=0700 --pids-limit=512 --network=none --env HOME=/home/admin --env XDG_RUNTIME_DIR=/run/user/1000 --env LANG=C.UTF-8 localhost/qdistro/tier3s-headless-smoke:latest qdistro-tier3s-smoke --hold 600.
Oct 03 16:43:51 baseweed-admin qdistro-tier3s-silo-launch[4578]: Running as unit: qdistro-tier3s-1d9747ea79b377efd0da579499a07619.scope; invocation ID: d6d4830bcb304210bc436bc65a4935df
Oct 03 16:43:51 baseweed-admin runuser[4580]: pam_unix(runuser:session): session opened for user admin(uid=1000) by (uid=0)
Oct 03 16:43:51 baseweed-admin qdistro-tier3s-silo-launch[4578]: qdistro-tier3s-scope: /system.slice/qdistro-tier3s-1d9747ea79b377efd0da579499a07619.scope delegated to uid 1000 (dir, cgroup.procs, cgroup.subtree_control, cgroup.threads)
Oct 03 16:43:51 baseweed-admin runuser[4578]: pam_unix(runuser:session): session opened for user admin(uid=1000) by (uid=0)
Oct 03 16:43:51 baseweed-admin systemd[857]: Started podman-4585.scope.
Oct 03 16:43:51 baseweed-admin qemu-ga[680]: info: guest-exec-status called, pid: 3529
Oct 03 16:43:51 baseweed-admin podman[4605]: 2026-10-03 16:43:51.850634781 +0000 UTC m=+0.017216934 image pull 1eee52a21ad86f065d227988b4ff8e279fe838e4ed84ee77f2aed0d372deae92 localhost/qdistro/tier3s-headless-smoke:latest
Oct 03 16:43:52 baseweed-admin runuser[4580]: pam_unix(runuser:session): session closed for user admin
Oct 03 16:43:52 baseweed-admin podman[4605]: 2026-10-03 16:43:52.501063627 +0000 UTC m=+0.667645770 container create 9d4da01435bd0be4c595b592dff65b5d9ad1da6bda4c9eea18a325509d6e848f (image=localhost/qdistro/tier3s-headless-smoke:latest, name=qdistro-tier3s-s122a, org.opensuse.base.version=20260930.37.208, org.opencontainers.image.description=Image containing a minimal environment for containers based on openSUSE Tumbleweed., org.opencontainers.image.version=20260930.37.208, org.opensuse.base.lifecycle-url=https://en.opensuse.org/Lifetime, org.opensuse.base.created=2026-09-30T20:05:54.126624488Z, org.opensuse.base.reference=registry.opensuse.org/opensuse/tumbleweed:20260930.37.208, org.opensuse.base.vendor=openSUSE Project, qdistro_tier3s_token=1d9747ea79b377efd0da579499a07619, org.qdistro.tier3s.workload=headless-smoke, org.opencontainers.image.source=https://build.opensuse.org/package/show/openSUSE:Factory/opensuse-tumbleweed-image?rev=561f9d4c8e4e1a441f95ad4ec6b5a914, org.opensuse.base.description=Image containing a minimal environment for containers based on openSUSE Tumbleweed., org.opensuse.base.disturl=obs://build.opensuse.org/openSUSE:Factory/images/561f9d4c8e4e1a441f95ad4ec6b5a914-opensuse-tumbleweed-image:docker, org.qdistro.snapshot=20260930, org.opensuse.base.source=https://build.opensuse.org/package/show/openSUSE:Factory/opensuse-tumbleweed-image?rev=561f9d4c8e4e1a441f95ad4ec6b5a914, org.opencontainers.image.created=2026-09-30T20:05:54.126624488Z, org.opencontainers.image.url=https://www.opensuse.org, org.opensuse.base.url=https://www.opensuse.org, org.opensuse.lifecycle-url=https://en.opensuse.org/Lifetime, org.opensuse.base.title=openSUSE Tumbleweed Base Container, org.opencontainers.image.vendor=openSUSE Project, io.buildah.version=1.44.1, qdistro_tier3s_unit=qdistro-tier3s-silo@s122a.service, org.openbuildservice.disturl=obs://build.opensuse.org/openSUSE:Factory/images/561f9d4c8e4e1a441f95ad4ec6b5a914-opensuse-tumbleweed-image:docker, org.opencontainers.image.title=openSUSE Tumbleweed Base Container, org.opensuse.reference=registry.opensuse.org/opensuse/tumbleweed:20260930.37.208)
Oct 03 16:43:52 baseweed-admin podman[4605]: 2026-10-03 16:43:52.575010288 +0000 UTC m=+0.741592441 container init 9d4da01435bd0be4c595b592dff65b5d9ad1da6bda4c9eea18a325509d6e848f (image=localhost/qdistro/tier3s-headless-smoke:latest, name=qdistro-tier3s-s122a, org.opensuse.lifecycle-url=https://en.opensuse.org/Lifetime, org.qdistro.snapshot=20260930, org.opensuse.reference=registry.opensuse.org/opensuse/tumbleweed:20260930.37.208, io.buildah.version=1.44.1, org.opencontainers.image.created=2026-09-30T20:05:54.126624488Z, qdistro_tier3s_unit=qdistro-tier3s-silo@s122a.service, org.opensuse.base.vendor=openSUSE Project, org.opensuse.base.title=openSUSE Tumbleweed Base Container, org.opensuse.base.disturl=obs://build.opensuse.org/openSUSE:Factory/images/561f9d4c8e4e1a441f95ad4ec6b5a914-opensuse-tumbleweed-image:docker, org.opensuse.base.version=20260930.37.208, org.opencontainers.image.url=https://www.opensuse.org, org.opensuse.base.url=https://www.opensuse.org, org.opencontainers.image.title=openSUSE Tumbleweed Base Container, org.opensuse.base.reference=registry.opensuse.org/opensuse/tumbleweed:20260930.37.208, org.opensuse.base.description=Image containing a minimal environment for containers based on openSUSE Tumbleweed., org.openbuildservice.disturl=obs://build.opensuse.org/openSUSE:Factory/images/561f9d4c8e4e1a441f95ad4ec6b5a914-opensuse-tumbleweed-image:docker, org.qdistro.tier3s.workload=headless-smoke, org.opensuse.base.created=2026-09-30T20:05:54.126624488Z, org.opencontainers.image.source=https://build.opensuse.org/package/show/openSUSE:Factory/opensuse-tumbleweed-image?rev=561f9d4c8e4e1a441f95ad4ec6b5a914, org.opensuse.base.source=https://build.opensuse.org/package/show/openSUSE:Factory/opensuse-tumbleweed-image?rev=561f9d4c8e4e1a441f95ad4ec6b5a914, org.opencontainers.image.vendor=openSUSE Project, org.opencontainers.image.description=Image containing a minimal environment for containers based on openSUSE Tumbleweed., qdistro_tier3s_token=1d9747ea79b377efd0da579499a07619, org.opencontainers.image.version=20260930.37.208, org.opensuse.base.lifecycle-url=https://en.opensuse.org/Lifetime)
Oct 03 16:43:52 baseweed-admin podman[4605]: 2026-10-03 16:43:52.600039022 +0000 UTC m=+0.766621175 container start 9d4da01435bd0be4c595b592dff65b5d9ad1da6bda4c9eea18a325509d6e848f (image=localhost/qdistro/tier3s-headless-smoke:latest, name=qdistro-tier3s-s122a, org.opencontainers.image.source=https://build.opensuse.org/package/show/openSUSE:Factory/opensuse-tumbleweed-image?rev=561f9d4c8e4e1a441f95ad4ec6b5a914, org.qdistro.snapshot=20260930, io.buildah.version=1.44.1, qdistro_tier3s_unit=qdistro-tier3s-silo@s122a.service, org.openbuildservice.disturl=obs://build.opensuse.org/openSUSE:Factory/images/561f9d4c8e4e1a441f95ad4ec6b5a914-opensuse-tumbleweed-image:docker, org.opensuse.base.lifecycle-url=https://en.opensuse.org/Lifetime, org.opensuse.base.reference=registry.opensuse.org/opensuse/tumbleweed:20260930.37.208, org.opensuse.base.description=Image containing a minimal environment for containers based on openSUSE Tumbleweed., org.opensuse.base.title=openSUSE Tumbleweed Base Container, org.opencontainers.image.created=2026-09-30T20:05:54.126624488Z, org.opensuse.base.version=20260930.37.208, org.opensuse.base.created=2026-09-30T20:05:54.126624488Z, org.opensuse.base.disturl=obs://build.opensuse.org/openSUSE:Factory/images/561f9d4c8e4e1a441f95ad4ec6b5a914-opensuse-tumbleweed-image:docker, org.opencontainers.image.vendor=openSUSE Project, org.opensuse.reference=registry.opensuse.org/opensuse/tumbleweed:20260930.37.208, org.opencontainers.image.description=Image containing a minimal environment for containers based on openSUSE Tumbleweed., qdistro_tier3s_token=1d9747ea79b377efd0da579499a07619, org.opencontainers.image.url=https://www.opensuse.org, org.opensuse.base.url=https://www.opensuse.org, org.opensuse.base.source=https://build.opensuse.org/package/show/openSUSE:Factory/opensuse-tumbleweed-image?rev=561f9d4c8e4e1a441f95ad4ec6b5a914, org.opensuse.base.vendor=openSUSE Project, org.qdistro.tier3s.workload=headless-smoke, org.opencontainers.image.version=20260930.37.208, org.opensuse.lifecycle-url=https://en.opensuse.org/Lifetime, org.opencontainers.image.title=openSUSE Tumbleweed Base Container)
Oct 03 16:43:52 baseweed-admin podman[4605]: 2026-10-03 16:43:52.611236124 +0000 UTC m=+0.777818267 container attach 9d4da01435bd0be4c595b592dff65b5d9ad1da6bda4c9eea18a325509d6e848f (image=localhost/qdistro/tier3s-headless-smoke:latest, name=qdistro-tier3s-s122a, io.buildah.version=1.44.1, org.opencontainers.image.created=2026-09-30T20:05:54.126624488Z, org.opencontainers.image.source=https://build.opensuse.org/package/show/openSUSE:Factory/opensuse-tumbleweed-image?rev=561f9d4c8e4e1a441f95ad4ec6b5a914, org.opensuse.base.source=https://build.opensuse.org/package/show/openSUSE:Factory/opensuse-tumbleweed-image?rev=561f9d4c8e4e1a441f95ad4ec6b5a914, org.opensuse.reference=registry.opensuse.org/opensuse/tumbleweed:20260930.37.208, org.opencontainers.image.description=Image containing a minimal environment for containers based on openSUSE Tumbleweed., org.opensuse.base.lifecycle-url=https://en.opensuse.org/Lifetime, org.opensuse.base.url=https://www.opensuse.org, org.opensuse.base.title=openSUSE Tumbleweed Base Container, org.opencontainers.image.vendor=openSUSE Project, qdistro_tier3s_unit=qdistro-tier3s-silo@s122a.service, org.opensuse.base.vendor=openSUSE Project, org.opensuse.base.version=20260930.37.208, org.opencontainers.image.title=openSUSE Tumbleweed Base Container, org.opensuse.base.created=2026-09-30T20:05:54.126624488Z, org.opensuse.base.disturl=obs://build.opensuse.org/openSUSE:Factory/images/561f9d4c8e4e1a441f95ad4ec6b5a914-opensuse-tumbleweed-image:docker, qdistro_tier3s_token=1d9747ea79b377efd0da579499a07619, org.openbuildservice.disturl=obs://build.opensuse.org/openSUSE:Factory/images/561f9d4c8e4e1a441f95ad4ec6b5a914-opensuse-tumbleweed-image:docker, org.opencontainers.image.url=https://www.opensuse.org, org.qdistro.tier3s.workload=headless-smoke, org.opencontainers.image.version=20260930.37.208, org.opensuse.lifecycle-url=https://en.opensuse.org/Lifetime, org.opensuse.base.reference=registry.opensuse.org/opensuse/tumbleweed:20260930.37.208, org.opensuse.base.description=Image containing a minimal environment for containers based on openSUSE Tumbleweed., org.qdistro.snapshot=20260930)
Oct 03 16:43:52 baseweed-admin qdistro-tier3s-s122a[4634]: SMOKE snapshot=20260930
Oct 03 16:43:52 baseweed-admin qdistro-tier3s-silo-launch[4605]: SMOKE snapshot=20260930
Oct 03 16:43:52 baseweed-admin qdistro-tier3s-s122a[4634]: SMOKE kernel=Linux version 4.19.0-gvisor #1 SMP Sun Jan 10 15:06:54 PST 2016
Oct 03 16:43:52 baseweed-admin qdistro-tier3s-silo-launch[4605]: SMOKE kernel=Linux version 4.19.0-gvisor #1 SMP Sun Jan 10 15:06:54 PST 2016
Oct 03 16:43:52 baseweed-admin qdistro-tier3s-s122a[4634]: SMOKE dmesg=[    0.000000] Starting gVisor...
Oct 03 16:43:52 baseweed-admin qdistro-tier3s-silo-launch[4605]: SMOKE dmesg=[    0.000000] Starting gVisor...
Oct 03 16:43:52 baseweed-admin qdistro-tier3s-s122a[4634]: SMOKE id=uid=1000(admin) gid=1000(admin) groups=1000(admin)
Oct 03 16:43:52 baseweed-admin qdistro-tier3s-silo-launch[4605]: SMOKE id=uid=1000(admin) gid=1000(admin) groups=1000(admin)
Oct 03 16:43:52 baseweed-admin qdistro-tier3s-s122a[4634]: SMOKE passwd=admin:x:1000:1000:qdistro admin:/home/admin:/bin/bash
Oct 03 16:43:52 baseweed-admin qdistro-tier3s-silo-launch[4605]: SMOKE passwd=admin:x:1000:1000:qdistro admin:/home/admin:/bin/bash
Oct 03 16:43:52 baseweed-admin qdistro-tier3s-silo-launch[4605]: SMOKE home=/home/admin
Oct 03 16:43:52 baseweed-admin qdistro-tier3s-s122a[4634]: SMOKE home=/home/admin
Oct 03 16:43:52 baseweed-admin runuser[4698]: pam_unix(runuser:session): session opened for user admin(uid=1000) by (uid=0)
Oct 03 16:43:52 baseweed-admin systemd[857]: Started podman-4699.scope.
Oct 03 16:43:52 baseweed-admin runuser[4698]: pam_unix(runuser:session): session closed for user admin
Oct 03 16:43:52 baseweed-admin qdistro-tier3s-silo-launch[4276]: spawn-tier3s: running: qdistro-tier3s-s122a sentry=4649 conmon=4634 in /system.slice/qdistro-tier3s-1d9747ea79b377efd0da579499a07619.scope
Oct 03 16:43:52 baseweed-admin systemd[1]: Started qdistro tier-3s (gVisor) silo s122a (Experimental, dev profile only).
Oct 03 16:43:52 baseweed-admin qdistro-tier3s-s122a[4634]: SMOKE lang=C.UTF-8 charmap=UTF-8 utf8_locales=2
Oct 03 16:43:52 baseweed-admin qdistro-tier3s-silo-launch[4605]: SMOKE lang=C.UTF-8 charmap=UTF-8 utf8_locales=2
Oct 03 16:43:52 baseweed-admin qdistro-tier3s-s122a[4634]: SMOKE mount /run/user/1000=1000:1000 700
Oct 03 16:43:52 baseweed-admin qdistro-tier3s-silo-launch[4605]: SMOKE mount /run/user/1000=1000:1000 700
Oct 03 16:43:52 baseweed-admin runuser[4727]: pam_unix(runuser:session): session opened for user admin(uid=1000) by (uid=0)
Oct 03 16:43:52 baseweed-admin qdistro-tier3s-s122a[4634]: SMOKE mount /home/admin/.cache=1000:1000 700
Oct 03 16:43:52 baseweed-admin qdistro-tier3s-silo-launch[4605]: SMOKE mount /home/admin/.cache=1000:1000 700
Oct 03 16:43:52 baseweed-admin qdistro_session_manager.py[4173]: 2026-10-03 16:43:52,908 INFO qdistro_session_manager: StartSilo name=s122a
Oct 03 16:43:52 baseweed-admin runuser[4184]: pam_unix(runuser:session): session closed for user admin
Oct 03 16:43:52 baseweed-admin systemd[857]: Started podman-4729.scope.
Oct 03 16:43:52 baseweed-admin runuser[4727]: pam_unix(runuser:session): session closed for user admin
Oct 03 16:43:52 baseweed-admin qdistro-tier3s-s122a[4634]: SMOKE mount /tmp=0:0 1777
Oct 03 16:43:52 baseweed-admin qdistro-tier3s-silo-launch[4605]: SMOKE mount /tmp=0:0 1777
Oct 03 16:43:52 baseweed-admin runuser[4783]: pam_unix(runuser:session): session opened for user admin(uid=1000) by (uid=0)
Oct 03 16:43:52 baseweed-admin qemu-ga[680]: info: guest-exec-status called, pid: 3529
Oct 03 16:43:53 baseweed-admin systemd[857]: Started podman-4784.scope.
Oct 03 16:43:53 baseweed-admin runuser[4783]: pam_unix(runuser:session): session closed for user admin
Oct 03 16:43:53 baseweed-admin dbus-run-session[1032]:   WARN qml: [20261003-164353]        Network Connectivity check error: Error: Not authorized to recheck connectivity.
Oct 03 16:43:53 baseweed-admin qdistro-tier3s-s122a[4634]: SMOKE caps=inh:0000000000000000,prm:0000000000000000,eff:0000000000000000,bnd:0000000000000000,amb:0000000000000000
Oct 03 16:43:53 baseweed-admin qdistro-tier3s-silo-launch[4605]: SMOKE caps=inh:0000000000000000,prm:0000000000000000,eff:0000000000000000,bnd:0000000000000000,amb:0000000000000000
Oct 03 16:43:53 baseweed-admin qdistro-tier3s-s122a[4634]: SMOKE nnp=1 seccomp=2
Oct 03 16:43:53 baseweed-admin qdistro-tier3s-silo-launch[4605]: SMOKE nnp=1 seccomp=2
Oct 03 16:43:53 baseweed-admin qdistro-tier3s-s122a[4634]: SMOKE rootfs=ro
Oct 03 16:43:53 baseweed-admin qdistro-tier3s-silo-launch[4605]: SMOKE rootfs=ro
Oct 03 16:43:53 baseweed-admin qdistro-tier3s-s122a[4634]: SMOKE mountopts /run/user/1000=tmpfs:rw,nosuid,mode=0700,uid=1000,gid=1000
Oct 03 16:43:53 baseweed-admin qdistro-tier3s-silo-launch[4605]: SMOKE mountopts /run/user/1000=tmpfs:rw,nosuid,mode=0700,uid=1000,gid=1000
Oct 03 16:43:53 baseweed-admin qdistro-tier3s-s122a[4634]: SMOKE mountopts /home/admin/.cache=tmpfs:rw,nosuid,mode=0700,uid=1000,gid=1000
Oct 03 16:43:53 baseweed-admin qdistro-tier3s-silo-launch[4605]: SMOKE mountopts /home/admin/.cache=tmpfs:rw,nosuid,mode=0700,uid=1000,gid=1000
Oct 03 16:43:53 baseweed-admin qdistro-tier3s-s122a[4634]: SMOKE rootfs_write rc=1 err=touch: cannot touch '/home/admin/.smoke-rw': Read-only file system
Oct 03 16:43:53 baseweed-admin qdistro-tier3s-silo-launch[4605]: SMOKE rootfs_write rc=1 err=touch: cannot touch '/home/admin/.smoke-rw': Read-only file system
Oct 03 16:43:53 baseweed-admin qdistro-tier3s-s122a[4634]: SMOKE chmod rc=0 mode=600
Oct 03 16:43:53 baseweed-admin qdistro-tier3s-silo-launch[4605]: SMOKE chmod rc=0 mode=600
Oct 03 16:43:53 baseweed-admin qdistro-tier3s-s122a[4634]: SMOKE chmod_nofollow rc=1 mode=600
Oct 03 16:43:53 baseweed-admin qdistro-tier3s-silo-launch[4605]: SMOKE chmod_nofollow rc=1 mode=600
Oct 03 16:43:53 baseweed-admin qdistro-tier3s-s122a[4634]: SMOKE ls_l rc=0 stderr_bytes=0
Oct 03 16:43:53 baseweed-admin qdistro-tier3s-silo-launch[4605]: SMOKE ls_l rc=0 stderr_bytes=0
Oct 03 16:43:53 baseweed-admin dbus-run-session[1032]:   WARN: Process failed to start, likely because the binary could not be found. Command: QList("bluetoothctl", "show")
Oct 03 16:43:53 baseweed-admin qdistro-tier3s-s122a[4634]: SMOKE routes=2 links=lo,
Oct 03 16:43:53 baseweed-admin qdistro-tier3s-silo-launch[4605]: SMOKE routes=2 links=lo,
Oct 03 16:43:53 baseweed-admin qdistro-tier3s-s122a[4634]: SMOKE route_table=::1 dev lo proto unspec scope link ;127.0.0.0/8 dev lo proto unspec scope link ;
Oct 03 16:43:53 baseweed-admin qdistro-tier3s-s122a[4634]: SMOKE done
Oct 03 16:43:53 baseweed-admin qdistro-tier3s-silo-launch[4605]: SMOKE route_table=::1 dev lo proto unspec scope link ;127.0.0.0/8 dev lo proto unspec scope link ;
Oct 03 16:43:53 baseweed-admin qdistro-tier3s-silo-launch[4605]: SMOKE done
Oct 03 16:43:53 baseweed-admin qdistro-tier3s-s122a[4634]: SMOKE holding 600s
Oct 03 16:43:53 baseweed-admin qdistro-tier3s-silo-launch[4605]: SMOKE holding 600s
Oct 03 16:43:53 baseweed-admin systemd[1]: qdistro-tier3s-silo@s122a.service: Sent signal SIGKILL to main process 4276 (spawn-tier3s.sh) on client request.
Oct 03 16:43:53 baseweed-admin systemd[1]: qdistro-tier3s-silo@s122a.service: Main process exited, code=killed, status=9/KILL
Oct 03 16:43:53 baseweed-admin runuser[4578]: pam_unix(runuser:session): session closed for user admin
Oct 03 16:43:53 baseweed-admin dbus-run-session[1032]:   INFO qml: [20261003-164353]        PodApps auto-scan: qdistro-tier3s-s122a transitioned to running
Oct 03 16:43:53 baseweed-admin systemd[1]: Stopping [systemd-run] /usr/libexec/qdistro/qdistro-tier3s-scope enter 1d9747ea79b377efd0da579499a07619 1000 -- podman --runtime /usr/libexec/qdistro/tier3s-runsc --runtime-flag=network=none --cgroup-manager=cgroupfs run --rm --name qdistro-tier3s-s122a --label qdistro_tier3s_token=1d9747ea79b377efd0da579499a07619 --label qdistro_tier3s_unit=qdistro-tier3s-silo@s122a.service --security-opt label=disable --security-opt no-new-privileges --cap-drop=ALL --security-opt seccomp=/usr/lib/qdistro/tier3s/seccomp/headless-smoke.json --userns=keep-id --user 1000:1000 --read-only --tmpfs /tmp:rw,size=64m,mode=1777 --tmpfs /run/user/1000:rw,U,mode=0700 --tmpfs /home/admin/.cache:rw,U,mode=0700 --pids-limit=512 --network=none --env HOME=/home/admin --env XDG_RUNTIME_DIR=/run/user/1000 --env LANG=C.UTF-8 localhost/qdistro/tier3s-headless-smoke:latest qdistro-tier3s-smoke --hold 600...
Oct 03 16:43:53 baseweed-admin podman[4605]: 2026-10-03 16:43:53.612021861 +0000 UTC m=+1.778604024 container kill 9d4da01435bd0be4c595b592dff65b5d9ad1da6bda4c9eea18a325509d6e848f (image=localhost/qdistro/tier3s-headless-smoke:latest, name=qdistro-tier3s-s122a, qdistro_tier3s_unit=qdistro-tier3s-silo@s122a.service, org.opencontainers.image.description=Image containing a minimal environment for containers based on openSUSE Tumbleweed., qdistro_tier3s_token=1d9747ea79b377efd0da579499a07619, org.openbuildservice.disturl=obs://build.opensuse.org/openSUSE:Factory/images/561f9d4c8e4e1a441f95ad4ec6b5a914-opensuse-tumbleweed-image:docker, org.qdistro.tier3s.workload=headless-smoke, org.opensuse.base.lifecycle-url=https://en.opensuse.org/Lifetime, org.opensuse.base.url=https://www.opensuse.org, org.opensuse.base.reference=registry.opensuse.org/opensuse/tumbleweed:20260930.37.208, org.opensuse.base.vendor=openSUSE Project, org.opencontainers.image.url=https://www.opensuse.org, org.opensuse.lifecycle-url=https://en.opensuse.org/Lifetime, org.opencontainers.image.source=https://build.opensuse.org/package/show/openSUSE:Factory/opensuse-tumbleweed-image?rev=561f9d4c8e4e1a441f95ad4ec6b5a914, org.opensuse.base.title=openSUSE Tumbleweed Base Container, org.opensuse.base.disturl=obs://build.opensuse.org/openSUSE:Factory/images/561f9d4c8e4e1a441f95ad4ec6b5a914-opensuse-tumbleweed-image:docker, org.qdistro.snapshot=20260930, org.opencontainers.image.vendor=openSUSE Project, org.opencontainers.image.title=openSUSE Tumbleweed Base Container, org.opensuse.base.version=20260930.37.208, org.opensuse.reference=registry.opensuse.org/opensuse/tumbleweed:20260930.37.208, org.opencontainers.image.created=2026-09-30T20:05:54.126624488Z, org.opencontainers.image.version=20260930.37.208, org.opensuse.base.created=2026-09-30T20:05:54.126624488Z, org.opensuse.base.description=Image containing a minimal environment for containers based on openSUSE Tumbleweed., org.opensuse.base.source=https://build.opensuse.org/package/show/openSUSE:Factory/opensuse-tumbleweed-image?rev=561f9d4c8e4e1a441f95ad4ec6b5a914, io.buildah.version=1.44.1)
Oct 03 16:43:53 baseweed-admin systemd[1]: Started [systemd-run] /usr/sbin/runuser -u admin -- env -i PATH=/usr/bin:/bin HOME=/home/admin USER=admin LOGNAME=admin XDG_RUNTIME_DIR=/run/user/1000 sh -c "podman container exists \"\$1\"; printf \"PMRC=%d\\n\" \"\$?\"" sh qdistro-tier3s-s122a.
Oct 03 16:43:53 baseweed-admin runuser[4918]: pam_unix(runuser:session): session opened for user admin(uid=1000) by (uid=0)
Oct 03 16:43:53 baseweed-admin podman[4605]: 2026-10-03 16:43:53.745694788 +0000 UTC m=+1.912276921 container died 9d4da01435bd0be4c595b592dff65b5d9ad1da6bda4c9eea18a325509d6e848f (image=localhost/qdistro/tier3s-headless-smoke:latest, name=qdistro-tier3s-s122a, org.opensuse.base.vendor=openSUSE Project, org.opensuse.base.version=20260930.37.208, org.opencontainers.image.version=20260930.37.208, org.opencontainers.image.title=openSUSE Tumbleweed Base Container, org.opensuse.base.title=openSUSE Tumbleweed Base Container, org.qdistro.snapshot=20260930, org.opencontainers.image.vendor=openSUSE Project, io.buildah.version=1.44.1, org.opencontainers.image.url=https://www.opensuse.org, org.opensuse.base.url=https://www.opensuse.org, org.opencontainers.image.source=https://build.opensuse.org/package/show/openSUSE:Factory/opensuse-tumbleweed-image?rev=561f9d4c8e4e1a441f95ad4ec6b5a914, org.opensuse.base.description=Image containing a minimal environment for containers based on openSUSE Tumbleweed., org.opensuse.reference=registry.opensuse.org/opensuse/tumbleweed:20260930.37.208, qdistro_tier3s_unit=qdistro-tier3s-silo@s122a.service, org.openbuildservice.disturl=obs://build.opensuse.org/openSUSE:Factory/images/561f9d4c8e4e1a441f95ad4ec6b5a914-opensuse-tumbleweed-image:docker, org.qdistro.tier3s.workload=headless-smoke, org.opensuse.lifecycle-url=https://en.opensuse.org/Lifetime, org.opensuse.base.created=2026-09-30T20:05:54.126624488Z, org.opensuse.base.reference=registry.opensuse.org/opensuse/tumbleweed:20260930.37.208, org.opencontainers.image.created=2026-09-30T20:05:54.126624488Z, org.opencontainers.image.description=Image containing a minimal environment for containers based on openSUSE Tumbleweed., qdistro_tier3s_token=1d9747ea79b377efd0da579499a07619, org.opensuse.base.lifecycle-url=https://en.opensuse.org/Lifetime, org.opensuse.base.disturl=obs://build.opensuse.org/openSUSE:Factory/images/561f9d4c8e4e1a441f95ad4ec6b5a914-opensuse-tumbleweed-image:docker, org.opensuse.base.source=https://build.opensuse.org/package/show/openSUSE:Factory/opensuse-tumbleweed-image?rev=561f9d4c8e4e1a441f95ad4ec6b5a914)
Oct 03 16:43:53 baseweed-admin systemd[857]: qdistro-polkit-agent.service: Scheduled restart job, restart counter is at 22.
Oct 03 16:43:53 baseweed-admin systemd[857]: Started qdistro polkit authentication agent (PAM / fprintd / broker).
Oct 03 16:43:53 baseweed-admin qdistro-polkit-agent[4928]: registration failed: org.freedesktop.PolicyKit1.Error.Failed: Cannot determine session the caller is in
Oct 03 16:43:53 baseweed-admin python3[4928]: qdistro-polkit-agent: registration failed: org.freedesktop.PolicyKit1.Error.Failed: Cannot determine session the caller is in
Oct 03 16:43:53 baseweed-admin systemd[857]: qdistro-polkit-agent.service: Main process exited, code=exited, status=1/FAILURE
Oct 03 16:43:53 baseweed-admin systemd[857]: qdistro-polkit-agent.service: Failed with result 'exit-code'.
Oct 03 16:43:54 baseweed-admin qemu-ga[680]: info: guest-exec-status called, pid: 3529
Oct 03 16:43:55 baseweed-admin qemu-ga[680]: info: guest-exec-status called, pid: 3529
Oct 03 16:43:55 baseweed-admin podman[4605]: 2026-10-03 16:43:55.285181689 +0000 UTC m=+3.451763862 container remove 9d4da01435bd0be4c595b592dff65b5d9ad1da6bda4c9eea18a325509d6e848f (image=localhost/qdistro/tier3s-headless-smoke:latest, name=qdistro-tier3s-s122a, org.opensuse.base.lifecycle-url=https://en.opensuse.org/Lifetime, org.opencontainers.image.source=https://build.opensuse.org/package/show/openSUSE:Factory/opensuse-tumbleweed-image?rev=561f9d4c8e4e1a441f95ad4ec6b5a914, org.opensuse.base.url=https://www.opensuse.org, org.opensuse.base.title=openSUSE Tumbleweed Base Container, qdistro_tier3s_token=1d9747ea79b377efd0da579499a07619, io.buildah.version=1.44.1, org.opensuse.base.source=https://build.opensuse.org/package/show/openSUSE:Factory/opensuse-tumbleweed-image?rev=561f9d4c8e4e1a441f95ad4ec6b5a914, org.opensuse.base.reference=registry.opensuse.org/opensuse/tumbleweed:20260930.37.208, org.opencontainers.image.description=Image containing a minimal environment for containers based on openSUSE Tumbleweed., org.qdistro.snapshot=20260930, org.opensuse.reference=registry.opensuse.org/opensuse/tumbleweed:20260930.37.208, qdistro_tier3s_unit=qdistro-tier3s-silo@s122a.service, org.opencontainers.image.version=20260930.37.208, org.opencontainers.image.vendor=openSUSE Project, org.openbuildservice.disturl=obs://build.opensuse.org/openSUSE:Factory/images/561f9d4c8e4e1a441f95ad4ec6b5a914-opensuse-tumbleweed-image:docker, org.opencontainers.image.created=2026-09-30T20:05:54.126624488Z, org.opensuse.lifecycle-url=https://en.opensuse.org/Lifetime, org.opensuse.base.disturl=obs://build.opensuse.org/openSUSE:Factory/images/561f9d4c8e4e1a441f95ad4ec6b5a914-opensuse-tumbleweed-image:docker, org.opencontainers.image.title=openSUSE Tumbleweed Base Container, org.opensuse.base.version=20260930.37.208, org.opensuse.base.vendor=openSUSE Project, org.qdistro.tier3s.workload=headless-smoke, org.opencontainers.image.url=https://www.opensuse.org, org.opensuse.base.created=2026-09-30T20:05:54.126624488Z, org.opensuse.base.description=Image containing a minimal environment for containers based on openSUSE Tumbleweed.)
Oct 03 16:43:55 baseweed-admin systemd[857]: Started podman-4920.scope.
Oct 03 16:43:55 baseweed-admin runuser[4918]: pam_unix(runuser:session): session closed for user admin
Oct 03 16:43:55 baseweed-admin systemd[1]: qdistro-t3s-call-4854-1-784953396.scope: Deactivated successfully.
Oct 03 16:43:55 baseweed-admin dbus-run-session[1032]:   WARN: Process failed to start, likely because the binary could not be found. Command: QList("bluetoothctl", "show")
Oct 03 16:43:55 baseweed-admin qdistro-tier3s-silo-launch[4578]: Session terminated, killing shell... ...killed.
Oct 03 16:43:55 baseweed-admin systemd[1]: qdistro-tier3s-1d9747ea79b377efd0da579499a07619.scope: Deactivated successfully.
Oct 03 16:43:55 baseweed-admin systemd[1]: Stopped [systemd-run] /usr/libexec/qdistro/qdistro-tier3s-scope enter 1d9747ea79b377efd0da579499a07619 1000 -- podman --runtime /usr/libexec/qdistro/tier3s-runsc --runtime-flag=network=none --cgroup-manager=cgroupfs run --rm --name qdistro-tier3s-s122a --label qdistro_tier3s_token=1d9747ea79b377efd0da579499a07619 --label qdistro_tier3s_unit=qdistro-tier3s-silo@s122a.service --security-opt label=disable --security-opt no-new-privileges --cap-drop=ALL --security-opt seccomp=/usr/lib/qdistro/tier3s/seccomp/headless-smoke.json --userns=keep-id --user 1000:1000 --read-only --tmpfs /tmp:rw,size=64m,mode=1777 --tmpfs /run/user/1000:rw,U,mode=0700 --tmpfs /home/admin/.cache:rw,U,mode=0700 --pids-limit=512 --network=none --env HOME=/home/admin --env XDG_RUNTIME_DIR=/run/user/1000 --env LANG=C.UTF-8 localhost/qdistro/tier3s-headless-smoke:latest qdistro-tier3s-smoke --hold 600.
Oct 03 16:43:55 baseweed-admin systemd[1]: qdistro-tier3s-1d9747ea79b377efd0da579499a07619.scope: Consumed 2.516s CPU time over 3.822s wall clock time.
Oct 03 16:43:55 baseweed-admin dbus-run-session[1032]:   WARN qml: [20261003-164355]        PodApps scan failed for qdistro-tier3s-s122a (exit 2)
Oct 03 16:43:55 baseweed-admin qdistro-tier3s-cleanup[4854]: qdistro-tier3s-cleanup: 1d9747ea79b377efd0da579499a07619: torn down (qdistro-tier3s-s122a)
Oct 03 16:43:55 baseweed-admin systemd[1]: qdistro-tier3s-silo@s122a.service: Failed with result 'signal'.
Oct 03 16:43:55 baseweed-admin systemd[1]: qdistro-tier3s-silo@s122a.service: Consumed 1.356s CPU time over 5.634s wall clock time.
Oct 03 16:43:55 baseweed-admin runuser[5077]: pam_unix(runuser:session): session opened for user admin(uid=1000) by (uid=0)
Oct 03 16:43:55 baseweed-admin systemd[857]: Started podman-5078.scope.
Oct 03 16:43:55 baseweed-admin runuser[5077]: pam_unix(runuser:session): session closed for user admin
Oct 03 16:43:55 baseweed-admin runuser[5087]: pam_unix(runuser:session): session opened for user admin(uid=1000) by (uid=0)
Oct 03 16:43:55 baseweed-admin systemd[857]: Started podman-5088.scope.
Oct 03 16:43:55 baseweed-admin runuser[5087]: pam_unix(runuser:session): session closed for user admin
Oct 03 16:43:55 baseweed-admin runuser[5103]: pam_unix(runuser:session): session opened for user admin(uid=1000) by (uid=0)
Oct 03 16:43:56 baseweed-admin qemu-ga[680]: info: guest-exec-status called, pid: 3529
Oct 03 16:43:56 baseweed-admin runuser[5108]: pam_unix(runuser:session): session opened for user admin(uid=1000) by (uid=0)
Oct 03 16:43:56 baseweed-admin systemd[857]: Started podman-5110.scope.
Oct 03 16:43:56 baseweed-admin runuser[5108]: pam_unix(runuser:session): session closed for user admin
Oct 03 16:43:57 baseweed-admin systemd[857]: qdistro-polkit-agent.service: Scheduled restart job, restart counter is at 23.
Oct 03 16:43:57 baseweed-admin systemd[857]: Started qdistro polkit authentication agent (PAM / fprintd / broker).
Oct 03 16:43:57 baseweed-admin qemu-ga[680]: info: guest-exec-status called, pid: 3529
Oct 03 16:43:57 baseweed-admin qdistro-polkit-agent[5130]: registration failed: org.freedesktop.PolicyKit1.Error.Failed: Cannot determine session the caller is in
Oct 03 16:43:57 baseweed-admin python3[5130]: qdistro-polkit-agent: registration failed: org.freedesktop.PolicyKit1.Error.Failed: Cannot determine session the caller is in
Oct 03 16:43:57 baseweed-admin systemd[857]: qdistro-polkit-agent.service: Main process exited, code=exited, status=1/FAILURE
Oct 03 16:43:57 baseweed-admin systemd[857]: qdistro-polkit-agent.service: Failed with result 'exit-code'.
Oct 03 16:43:57 baseweed-admin dbus-run-session[1032]:   WARN: Process failed to start, likely because the binary could not be found. Command: QList("bluetoothctl", "show")
Oct 03 16:43:58 baseweed-admin qemu-ga[680]: info: guest-exec-status called, pid: 3529
Oct 03 16:43:58 baseweed-admin qdistro_session_manager.py[4173]: 2026-10-03 16:43:58,342 INFO qdistro_session_manager: StopSilo name=s122a grace_s=10
Oct 03 16:43:58 baseweed-admin runuser[5103]: pam_unix(runuser:session): session closed for user admin
Oct 03 16:43:58 baseweed-admin runuser[5137]: pam_unix(runuser:session): session opened for user admin(uid=1000) by (uid=0)
Oct 03 16:43:58 baseweed-admin runuser[5137]: pam_unix(runuser:session): session closed for user admin
Oct 03 16:43:58 baseweed-admin runuser[5144]: pam_unix(runuser:session): session opened for user admin(uid=1000) by (uid=0)
Oct 03 16:43:58 baseweed-admin systemd[1]: Starting qdistro tier-3s (gVisor) silo s122a (Experimental, dev profile only)...
Oct 03 16:43:59 baseweed-admin runuser[5301]: pam_unix(runuser:session): session opened for user admin(uid=1000) by (uid=0)
Oct 03 16:43:59 baseweed-admin runuser[5301]: pam_unix(runuser:session): session closed for user admin
Oct 03 16:43:59 baseweed-admin runuser[5310]: pam_unix(runuser:session): session opened for user admin(uid=1000) by (uid=0)
Oct 03 16:43:59 baseweed-admin systemd[857]: Started podman-5311.scope.
Oct 03 16:43:59 baseweed-admin runuser[5310]: pam_unix(runuser:session): session closed for user admin
Oct 03 16:43:59 baseweed-admin runuser[5321]: pam_unix(runuser:session): session opened for user admin(uid=1000) by (uid=0)
Oct 03 16:43:59 baseweed-admin qemu-ga[680]: info: guest-exec-status called, pid: 3529
Oct 03 16:43:59 baseweed-admin systemd[857]: Started podman-5322.scope.
Oct 03 16:43:59 baseweed-admin podman[5322]: 2026-10-03 16:43:59.36319746 +0000 UTC m=+0.103922485 container create 00747996beedc063bdf242d679541059fa8b9b4eaa72ba38e3ff2306ab1bf505 (image=localhost/tier3s-probe:empty, name=tier3s-probe-5175)
Oct 03 16:43:59 baseweed-admin podman[5322]: 2026-10-03 16:43:59.288742544 +0000 UTC m=+0.029467589 image pull 59aaf4e6b9ae5a43b860306a452f30a0cca587014149d418f4f0a32c881c6994 localhost/tier3s-probe:empty
Oct 03 16:43:59 baseweed-admin runuser[5321]: pam_unix(runuser:session): session closed for user admin
Oct 03 16:43:59 baseweed-admin runuser[5332]: pam_unix(runuser:session): session opened for user admin(uid=1000) by (uid=0)
Oct 03 16:43:59 baseweed-admin dbus-run-session[1032]:   WARN: Process failed to start, likely because the binary could not be found. Command: QList("bluetoothctl", "show")
Oct 03 16:43:59 baseweed-admin systemd[857]: Started podman-5333.scope.
Oct 03 16:43:59 baseweed-admin runuser[5332]: pam_unix(runuser:session): session closed for user admin
Oct 03 16:43:59 baseweed-admin runuser[5344]: pam_unix(runuser:session): session opened for user admin(uid=1000) by (uid=0)
Oct 03 16:43:59 baseweed-admin systemd[857]: Started podman-5345.scope.
Oct 03 16:43:59 baseweed-admin runuser[5344]: pam_unix(runuser:session): session closed for user admin
Oct 03 16:43:59 baseweed-admin runuser[5355]: pam_unix(runuser:session): session opened for user admin(uid=1000) by (uid=0)
Oct 03 16:43:59 baseweed-admin systemd[857]: Started podman-5356.scope.
Oct 03 16:43:59 baseweed-admin podman[5356]: 2026-10-03 16:43:59.64227263 +0000 UTC m=+0.147507577 container remove 00747996beedc063bdf242d679541059fa8b9b4eaa72ba38e3ff2306ab1bf505 (image=localhost/tier3s-probe:empty, name=tier3s-probe-5175)
Oct 03 16:43:59 baseweed-admin runuser[5355]: pam_unix(runuser:session): session closed for user admin
Oct 03 16:43:59 baseweed-admin runuser[5378]: pam_unix(runuser:session): session opened for user admin(uid=1000) by (uid=0)
Oct 03 16:43:59 baseweed-admin qdistro-tier3s-silo-launch[5379]: [resolve-binding] silo 's122a' is untemplated (no binding)
Oct 03 16:43:59 baseweed-admin runuser[5378]: pam_unix(runuser:session): session closed for user admin
Oct 03 16:43:59 baseweed-admin qdistro-tier3s-silo-launch[5147]: spawn-tier3s: silo s122a runs UNTEMPLATED (no binding); image localhost/qdistro/tier3s-headless-smoke:latest
Oct 03 16:43:59 baseweed-admin runuser[5381]: pam_unix(runuser:session): session opened for user admin(uid=1000) by (uid=0)
Oct 03 16:43:59 baseweed-admin runuser[5381]: pam_unix(runuser:session): session closed for user admin
Oct 03 16:43:59 baseweed-admin systemd[1]: Started [systemd-run] /usr/sbin/runuser -u admin -- env -i PATH=/usr/bin:/bin HOME=/home/admin USER=admin LOGNAME=admin XDG_RUNTIME_DIR=/run/user/1000 podman ps -a --filter label=qdistro_tier3s_token --format json.
Oct 03 16:43:59 baseweed-admin runuser[5403]: pam_unix(runuser:session): session opened for user admin(uid=1000) by (uid=0)
Oct 03 16:43:59 baseweed-admin systemd[857]: Started podman-5404.scope.
Oct 03 16:43:59 baseweed-admin runuser[5403]: pam_unix(runuser:session): session closed for user admin
Oct 03 16:43:59 baseweed-admin systemd[1]: qdistro-t3s-call-5388-1-2281328160.scope: Deactivated successfully.
Oct 03 16:43:59 baseweed-admin runuser[5435]: pam_unix(runuser:session): session opened for user admin(uid=1000) by (uid=0)
Oct 03 16:43:59 baseweed-admin systemd[857]: Started podman-5436.scope.
Oct 03 16:43:59 baseweed-admin runuser[5435]: pam_unix(runuser:session): session closed for user admin
Oct 03 16:43:59 baseweed-admin qdistro-tier3s-silo-launch[5147]: LAUNCH_TOKEN=cd8ac51369b40e5d442262a88917cf0f
Oct 03 16:43:59 baseweed-admin qdistro-tier3s-silo-launch[5147]: CONTAINER=qdistro-tier3s-s122a
Oct 03 16:43:59 baseweed-admin qdistro-tier3s-silo-launch[5147]: IMAGE=localhost/qdistro/tier3s-headless-smoke:latest
Oct 03 16:43:59 baseweed-admin qdistro-tier3s-silo-launch[5147]: SCOPE_UNIT=qdistro-tier3s-cd8ac51369b40e5d442262a88917cf0f.scope
Oct 03 16:43:59 baseweed-admin systemd[1]: Started [systemd-run] /usr/libexec/qdistro/qdistro-tier3s-scope enter cd8ac51369b40e5d442262a88917cf0f 1000 -- podman --runtime /usr/libexec/qdistro/tier3s-runsc --runtime-flag=network=none --cgroup-manager=cgroupfs run --rm --name qdistro-tier3s-s122a --label qdistro_tier3s_token=cd8ac51369b40e5d442262a88917cf0f --label qdistro_tier3s_unit=qdistro-tier3s-silo@s122a.service --security-opt label=disable --security-opt no-new-privileges --cap-drop=ALL --security-opt seccomp=/usr/lib/qdistro/tier3s/seccomp/headless-smoke.json --userns=keep-id --user 1000:1000 --read-only --tmpfs /tmp:rw,size=64m,mode=1777 --tmpfs /run/user/1000:rw,U,mode=0700 --tmpfs /home/admin/.cache:rw,U,mode=0700 --pids-limit=512 --network=none --env HOME=/home/admin --env XDG_RUNTIME_DIR=/run/user/1000 --env LANG=C.UTF-8 localhost/qdistro/tier3s-headless-smoke:latest qdistro-tier3s-smoke --hold 600.
Oct 03 16:43:59 baseweed-admin qdistro-tier3s-silo-launch[5445]: Running as unit: qdistro-tier3s-cd8ac51369b40e5d442262a88917cf0f.scope; invocation ID: 09b2465aaf914103936958789156639c
Oct 03 16:43:59 baseweed-admin runuser[5447]: pam_unix(runuser:session): session opened for user admin(uid=1000) by (uid=0)
Oct 03 16:43:59 baseweed-admin qdistro-tier3s-silo-launch[5445]: qdistro-tier3s-scope: /system.slice/qdistro-tier3s-cd8ac51369b40e5d442262a88917cf0f.scope delegated to uid 1000 (dir, cgroup.procs, cgroup.subtree_control, cgroup.threads)
Oct 03 16:43:59 baseweed-admin runuser[5445]: pam_unix(runuser:session): session opened for user admin(uid=1000) by (uid=0)
Oct 03 16:44:00 baseweed-admin systemd[857]: Started podman-5450.scope.
Oct 03 16:44:00 baseweed-admin runuser[5447]: pam_unix(runuser:session): session closed for user admin
Oct 03 16:44:00 baseweed-admin podman[5472]: 2026-10-03 16:44:00.025397473 +0000 UTC m=+0.018178367 image pull 1eee52a21ad86f065d227988b4ff8e279fe838e4ed84ee77f2aed0d372deae92 localhost/qdistro/tier3s-headless-smoke:latest
Oct 03 16:44:00 baseweed-admin runuser[5484]: pam_unix(runuser:session): session opened for user admin(uid=1000) by (uid=0)
Oct 03 16:44:00 baseweed-admin qemu-ga[680]: info: guest-exec-status called, pid: 3529
Oct 03 16:44:00 baseweed-admin systemd[857]: qdistro-polkit-agent.service: Scheduled restart job, restart counter is at 24.
Oct 03 16:44:00 baseweed-admin systemd[857]: Started qdistro polkit authentication agent (PAM / fprintd / broker).
Oct 03 16:44:00 baseweed-admin qdistro-polkit-agent[5493]: registration failed: org.freedesktop.PolicyKit1.Error.Failed: Cannot determine session the caller is in
Oct 03 16:44:00 baseweed-admin python3[5493]: qdistro-polkit-agent: registration failed: org.freedesktop.PolicyKit1.Error.Failed: Cannot determine session the caller is in
Oct 03 16:44:00 baseweed-admin systemd[857]: qdistro-polkit-agent.service: Main process exited, code=exited, status=1/FAILURE
Oct 03 16:44:00 baseweed-admin systemd[857]: qdistro-polkit-agent.service: Failed with result 'exit-code'.
Oct 03 16:44:01 baseweed-admin qemu-ga[680]: info: guest-exec-status called, pid: 3529
Oct 03 16:44:01 baseweed-admin dbus-run-session[1032]:   WARN: Process failed to start, likely because the binary could not be found. Command: QList("bluetoothctl", "show")
Oct 03 16:44:02 baseweed-admin qemu-ga[680]: info: guest-exec-status called, pid: 3529
Oct 03 16:44:03 baseweed-admin dbus-run-session[1032]:   WARN: Process failed to start, likely because the binary could not be found. Command: QList("bluetoothctl", "show")
Oct 03 16:44:03 baseweed-admin qemu-ga[680]: info: guest-exec-status called, pid: 3529
Oct 03 16:44:03 baseweed-admin systemd[857]: qdistro-polkit-agent.service: Scheduled restart job, restart counter is at 25.
Oct 03 16:44:03 baseweed-admin systemd[857]: Started qdistro polkit authentication agent (PAM / fprintd / broker).
Oct 03 16:44:03 baseweed-admin podman[5472]: 2026-10-03 16:44:03.599306072 +0000 UTC m=+3.592086966 container create 9ffa4b1f6594ae2b41cc8c5b78ef2aef79b01800363da2219708a712a3fa3c93 (image=localhost/qdistro/tier3s-headless-smoke:latest, name=qdistro-tier3s-s122a, org.openbuildservice.disturl=obs://build.opensuse.org/openSUSE:Factory/images/561f9d4c8e4e1a441f95ad4ec6b5a914-opensuse-tumbleweed-image:docker, qdistro_tier3s_token=cd8ac51369b40e5d442262a88917cf0f, io.buildah.version=1.44.1, org.opensuse.base.description=Image containing a minimal environment for containers based on openSUSE Tumbleweed., org.qdistro.snapshot=20260930, org.opencontainers.image.title=openSUSE Tumbleweed Base Container, org.opencontainers.image.source=https://build.opensuse.org/package/show/openSUSE:Factory/opensuse-tumbleweed-image?rev=561f9d4c8e4e1a441f95ad4ec6b5a914, org.opencontainers.image.vendor=openSUSE Project, org.opensuse.base.vendor=openSUSE Project, org.opensuse.base.url=https://www.opensuse.org, org.opensuse.base.title=openSUSE Tumbleweed Base Container, org.opencontainers.image.description=Image containing a minimal environment for containers based on openSUSE Tumbleweed., org.opencontainers.image.url=https://www.opensuse.org, org.opensuse.base.disturl=obs://build.opensuse.org/openSUSE:Factory/images/561f9d4c8e4e1a441f95ad4ec6b5a914-opensuse-tumbleweed-image:docker, org.opencontainers.image.created=2026-09-30T20:05:54.126624488Z, org.opensuse.lifecycle-url=https://en.opensuse.org/Lifetime, org.opensuse.reference=registry.opensuse.org/opensuse/tumbleweed:20260930.37.208, org.qdistro.tier3s.workload=headless-smoke, org.opensuse.base.created=2026-09-30T20:05:54.126624488Z, org.opensuse.base.reference=registry.opensuse.org/opensuse/tumbleweed:20260930.37.208, org.opensuse.base.source=https://build.opensuse.org/package/show/openSUSE:Factory/opensuse-tumbleweed-image?rev=561f9d4c8e4e1a441f95ad4ec6b5a914, org.opencontainers.image.version=20260930.37.208, org.opensuse.base.lifecycle-url=https://en.opensuse.org/Lifetime, org.opensuse.base.version=20260930.37.208, qdistro_tier3s_unit=qdistro-tier3s-silo@s122a.service)
Oct 03 16:44:03 baseweed-admin qdistro-polkit-agent[5509]: registration failed: org.freedesktop.PolicyKit1.Error.Failed: Cannot determine session the caller is in
Oct 03 16:44:03 baseweed-admin python3[5509]: qdistro-polkit-agent: registration failed: org.freedesktop.PolicyKit1.Error.Failed: Cannot determine session the caller is in
Oct 03 16:44:03 baseweed-admin systemd[857]: qdistro-polkit-agent.service: Main process exited, code=exited, status=1/FAILURE
Oct 03 16:44:03 baseweed-admin systemd[857]: qdistro-polkit-agent.service: Failed with result 'exit-code'.
Oct 03 16:44:03 baseweed-admin podman[5472]: 2026-10-03 16:44:03.752726258 +0000 UTC m=+3.745507163 container init 9ffa4b1f6594ae2b41cc8c5b78ef2aef79b01800363da2219708a712a3fa3c93 (image=localhost/qdistro/tier3s-headless-smoke:latest, name=qdistro-tier3s-s122a, qdistro_tier3s_unit=qdistro-tier3s-silo@s122a.service, org.opensuse.base.description=Image containing a minimal environment for containers based on openSUSE Tumbleweed., org.qdistro.snapshot=20260930, org.opencontainers.image.version=20260930.37.208, org.opensuse.base.title=openSUSE Tumbleweed Base Container, org.opensuse.base.lifecycle-url=https://en.opensuse.org/Lifetime, org.opencontainers.image.url=https://www.opensuse.org, org.opencontainers.image.source=https://build.opensuse.org/package/show/openSUSE:Factory/opensuse-tumbleweed-image?rev=561f9d4c8e4e1a441f95ad4ec6b5a914, org.opencontainers.image.description=Image containing a minimal environment for containers based on openSUSE Tumbleweed., org.opensuse.base.url=https://www.opensuse.org, org.opensuse.base.created=2026-09-30T20:05:54.126624488Z, org.opensuse.base.version=20260930.37.208, org.opensuse.base.reference=registry.opensuse.org/opensuse/tumbleweed:20260930.37.208, org.opensuse.base.source=https://build.opensuse.org/package/show/openSUSE:Factory/opensuse-tumbleweed-image?rev=561f9d4c8e4e1a441f95ad4ec6b5a914, org.opencontainers.image.created=2026-09-30T20:05:54.126624488Z, io.buildah.version=1.44.1, org.qdistro.tier3s.workload=headless-smoke, org.openbuildservice.disturl=obs://build.opensuse.org/openSUSE:Factory/images/561f9d4c8e4e1a441f95ad4ec6b5a914-opensuse-tumbleweed-image:docker, org.opencontainers.image.title=openSUSE Tumbleweed Base Container, qdistro_tier3s_token=cd8ac51369b40e5d442262a88917cf0f, org.opensuse.base.disturl=obs://build.opensuse.org/openSUSE:Factory/images/561f9d4c8e4e1a441f95ad4ec6b5a914-opensuse-tumbleweed-image:docker, org.opencontainers.image.vendor=openSUSE Project, org.opensuse.lifecycle-url=https://en.opensuse.org/Lifetime, org.opensuse.reference=registry.opensuse.org/opensuse/tumbleweed:20260930.37.208, org.opensuse.base.vendor=openSUSE Project)
Oct 03 16:44:03 baseweed-admin podman[5472]: 2026-10-03 16:44:03.785969392 +0000 UTC m=+3.778750266 container start 9ffa4b1f6594ae2b41cc8c5b78ef2aef79b01800363da2219708a712a3fa3c93 (image=localhost/qdistro/tier3s-headless-smoke:latest, name=qdistro-tier3s-s122a, org.opensuse.base.source=https://build.opensuse.org/package/show/openSUSE:Factory/opensuse-tumbleweed-image?rev=561f9d4c8e4e1a441f95ad4ec6b5a914, org.opencontainers.image.description=Image containing a minimal environment for containers based on openSUSE Tumbleweed., org.opensuse.base.vendor=openSUSE Project, org.qdistro.snapshot=20260930, org.opencontainers.image.version=20260930.37.208, org.opensuse.base.version=20260930.37.208, qdistro_tier3s_unit=qdistro-tier3s-silo@s122a.service, org.openbuildservice.disturl=obs://build.opensuse.org/openSUSE:Factory/images/561f9d4c8e4e1a441f95ad4ec6b5a914-opensuse-tumbleweed-image:docker, org.opencontainers.image.vendor=openSUSE Project, org.opencontainers.image.created=2026-09-30T20:05:54.126624488Z, org.opensuse.lifecycle-url=https://en.opensuse.org/Lifetime, org.opensuse.reference=registry.opensuse.org/opensuse/tumbleweed:20260930.37.208, org.qdistro.tier3s.workload=headless-smoke, org.opensuse.base.title=openSUSE Tumbleweed Base Container, org.opencontainers.image.url=https://www.opensuse.org, org.opencontainers.image.title=openSUSE Tumbleweed Base Container, org.opensuse.base.description=Image containing a minimal environment for containers based on openSUSE Tumbleweed., org.opensuse.base.created=2026-09-30T20:05:54.126624488Z, qdistro_tier3s_token=cd8ac51369b40e5d442262a88917cf0f, org.opensuse.base.disturl=obs://build.opensuse.org/openSUSE:Factory/images/561f9d4c8e4e1a441f95ad4ec6b5a914-opensuse-tumbleweed-image:docker, org.opencontainers.image.source=https://build.opensuse.org/package/show/openSUSE:Factory/opensuse-tumbleweed-image?rev=561f9d4c8e4e1a441f95ad4ec6b5a914, io.buildah.version=1.44.1, org.opensuse.base.url=https://www.opensuse.org, org.opensuse.base.lifecycle-url=https://en.opensuse.org/Lifetime, org.opensuse.base.reference=registry.opensuse.org/opensuse/tumbleweed:20260930.37.208)
Oct 03 16:44:03 baseweed-admin podman[5472]: 2026-10-03 16:44:03.804845555 +0000 UTC m=+3.797626459 container attach 9ffa4b1f6594ae2b41cc8c5b78ef2aef79b01800363da2219708a712a3fa3c93 (image=localhost/qdistro/tier3s-headless-smoke:latest, name=qdistro-tier3s-s122a, org.opencontainers.image.version=20260930.37.208, org.qdistro.tier3s.workload=headless-smoke, org.opensuse.base.title=openSUSE Tumbleweed Base Container, qdistro_tier3s_unit=qdistro-tier3s-silo@s122a.service, org.opensuse.base.source=https://build.opensuse.org/package/show/openSUSE:Factory/opensuse-tumbleweed-image?rev=561f9d4c8e4e1a441f95ad4ec6b5a914, org.opencontainers.image.created=2026-09-30T20:05:54.126624488Z, org.opensuse.reference=registry.opensuse.org/opensuse/tumbleweed:20260930.37.208, org.opensuse.base.created=2026-09-30T20:05:54.126624488Z, org.opensuse.base.version=20260930.37.208, org.openbuildservice.disturl=obs://build.opensuse.org/openSUSE:Factory/images/561f9d4c8e4e1a441f95ad4ec6b5a914-opensuse-tumbleweed-image:docker, org.opencontainers.image.url=https://www.opensuse.org, org.opensuse.base.reference=registry.opensuse.org/opensuse/tumbleweed:20260930.37.208, org.opencontainers.image.vendor=openSUSE Project, io.buildah.version=1.44.1, org.opensuse.lifecycle-url=https://en.opensuse.org/Lifetime, org.opencontainers.image.description=Image containing a minimal environment for containers based on openSUSE Tumbleweed., org.opensuse.base.vendor=openSUSE Project, org.opencontainers.image.title=openSUSE Tumbleweed Base Container, org.opencontainers.image.source=https://build.opensuse.org/package/show/openSUSE:Factory/opensuse-tumbleweed-image?rev=561f9d4c8e4e1a441f95ad4ec6b5a914, org.opensuse.base.url=https://www.opensuse.org, org.qdistro.snapshot=20260930, org.opensuse.base.lifecycle-url=https://en.opensuse.org/Lifetime, org.opensuse.base.description=Image containing a minimal environment for containers based on openSUSE Tumbleweed., qdistro_tier3s_token=cd8ac51369b40e5d442262a88917cf0f, org.opensuse.base.disturl=obs://build.opensuse.org/openSUSE:Factory/images/561f9d4c8e4e1a441f95ad4ec6b5a914-opensuse-tumbleweed-image:docker)
Oct 03 16:44:03 baseweed-admin dbus-run-session[1032]:   INFO qml: [20261003-164403]        PodApps auto-scan: qdistro-tier3s-s122a transitioned to running
Oct 03 16:44:03 baseweed-admin systemd[857]: Started podman-5485.scope.
Oct 03 16:44:03 baseweed-admin runuser[5484]: pam_unix(runuser:session): session closed for user admin
Oct 03 16:44:03 baseweed-admin qdistro-tier3s-s122a[5514]: SMOKE snapshot=20260930
Oct 03 16:44:03 baseweed-admin qdistro-tier3s-silo-launch[5472]: SMOKE snapshot=20260930
Oct 03 16:44:03 baseweed-admin qdistro-tier3s-silo-launch[5147]: spawn-tier3s: running: qdistro-tier3s-s122a sentry=5529 conmon=5514 in /system.slice/qdistro-tier3s-cd8ac51369b40e5d442262a88917cf0f.scope
Oct 03 16:44:03 baseweed-admin systemd[1]: Started qdistro tier-3s (gVisor) silo s122a (Experimental, dev profile only).
Oct 03 16:44:03 baseweed-admin qdistro-tier3s-s122a[5514]: SMOKE kernel=Linux version 4.19.0-gvisor #1 SMP Sun Jan 10 15:06:54 PST 2016
Oct 03 16:44:03 baseweed-admin qdistro-tier3s-silo-launch[5472]: SMOKE kernel=Linux version 4.19.0-gvisor #1 SMP Sun Jan 10 15:06:54 PST 2016
Oct 03 16:44:03 baseweed-admin runuser[5598]: pam_unix(runuser:session): session opened for user admin(uid=1000) by (uid=0)
Oct 03 16:44:03 baseweed-admin qdistro_session_manager.py[4173]: 2026-10-03 16:44:03,951 INFO qdistro_session_manager: StartSilo name=s122a
Oct 03 16:44:03 baseweed-admin runuser[5144]: pam_unix(runuser:session): session closed for user admin
Oct 03 16:44:03 baseweed-admin qdistro-tier3s-s122a[5514]: SMOKE dmesg=[    0.000000] Starting gVisor...
Oct 03 16:44:03 baseweed-admin qdistro-tier3s-silo-launch[5472]: SMOKE dmesg=[    0.000000] Starting gVisor...
Oct 03 16:44:03 baseweed-admin systemd[857]: Started podman-5600.scope.
Oct 03 16:44:03 baseweed-admin runuser[5598]: pam_unix(runuser:session): session closed for user admin
Oct 03 16:44:03 baseweed-admin runuser[5633]: pam_unix(runuser:session): session opened for user admin(uid=1000) by (uid=0)
Oct 03 16:44:04 baseweed-admin qdistro-tier3s-s122a[5514]: SMOKE id=uid=1000(admin) gid=1000(admin) groups=1000(admin)
Oct 03 16:44:04 baseweed-admin qdistro-tier3s-silo-launch[5472]: SMOKE id=uid=1000(admin) gid=1000(admin) groups=1000(admin)
Oct 03 16:44:04 baseweed-admin runuser[5661]: pam_unix(runuser:session): session opened for user admin(uid=1000) by (uid=0)
Oct 03 16:44:04 baseweed-admin systemd[857]: Started podman-5643.scope.
Oct 03 16:44:04 baseweed-admin runuser[5633]: pam_unix(runuser:session): session closed for user admin
Oct 03 16:44:04 baseweed-admin qdistro-tier3s-s122a[5514]: SMOKE passwd=admin:x:1000:1000:qdistro admin:/home/admin:/bin/bash
Oct 03 16:44:04 baseweed-admin qdistro-tier3s-silo-launch[5472]: SMOKE passwd=admin:x:1000:1000:qdistro admin:/home/admin:/bin/bash
Oct 03 16:44:04 baseweed-admin qdistro-tier3s-s122a[5514]: SMOKE home=/home/admin
Oct 03 16:44:04 baseweed-admin qdistro-tier3s-silo-launch[5472]: SMOKE home=/home/admin
Oct 03 16:44:04 baseweed-admin systemd[857]: Started podman-5664.scope.
Oct 03 16:44:04 baseweed-admin runuser[5676]: pam_unix(runuser:session): session opened for user admin(uid=1000) by (uid=0)
Oct 03 16:44:04 baseweed-admin runuser[5661]: pam_unix(runuser:session): session closed for user admin
Oct 03 16:44:04 baseweed-admin systemd[857]: Started podman-5678.scope.
Oct 03 16:44:04 baseweed-admin runuser[5676]: pam_unix(runuser:session): session closed for user admin
Oct 03 16:44:04 baseweed-admin qdistro-tier3s-s122a[5514]: SMOKE lang=C.UTF-8 charmap=UTF-8 utf8_locales=2
Oct 03 16:44:04 baseweed-admin qdistro-tier3s-silo-launch[5472]: SMOKE lang=C.UTF-8 charmap=UTF-8 utf8_locales=2
Oct 03 16:44:04 baseweed-admin qdistro-tier3s-s122a[5514]: SMOKE mount /run/user/1000=1000:1000 700
Oct 03 16:44:04 baseweed-admin qdistro-tier3s-silo-launch[5472]: SMOKE mount /run/user/1000=1000:1000 700
Oct 03 16:44:04 baseweed-admin qdistro-tier3s-s122a[5514]: SMOKE mount /home/admin/.cache=1000:1000 700
Oct 03 16:44:04 baseweed-admin qdistro-tier3s-silo-launch[5472]: SMOKE mount /home/admin/.cache=1000:1000 700
Oct 03 16:44:04 baseweed-admin qdistro-tier3s-s122a[5514]: SMOKE mount /tmp=0:0 1777
Oct 03 16:44:04 baseweed-admin qdistro-tier3s-silo-launch[5472]: SMOKE mount /tmp=0:0 1777
Oct 03 16:44:04 baseweed-admin qdistro-tier3s-s122a[5514]: SMOKE caps=inh:0000000000000000,prm:0000000000000000,eff:0000000000000000,bnd:0000000000000000,amb:0000000000000000
Oct 03 16:44:04 baseweed-admin qdistro-tier3s-silo-launch[5472]: SMOKE caps=inh:0000000000000000,prm:0000000000000000,eff:0000000000000000,bnd:0000000000000000,amb:0000000000000000
Oct 03 16:44:04 baseweed-admin qdistro-tier3s-s122a[5514]: SMOKE nnp=1 seccomp=2
Oct 03 16:44:04 baseweed-admin qdistro-tier3s-silo-launch[5472]: SMOKE nnp=1 seccomp=2
Oct 03 16:44:04 baseweed-admin qdistro-tier3s-s122a[5514]: SMOKE rootfs=ro
Oct 03 16:44:04 baseweed-admin qdistro-tier3s-silo-launch[5472]: SMOKE rootfs=ro
Oct 03 16:44:04 baseweed-admin qdistro-tier3s-s122a[5514]: SMOKE mountopts /run/user/1000=tmpfs:rw,nosuid,mode=0700,uid=1000,gid=1000
Oct 03 16:44:04 baseweed-admin qdistro-tier3s-silo-launch[5472]: SMOKE mountopts /run/user/1000=tmpfs:rw,nosuid,mode=0700,uid=1000,gid=1000
Oct 03 16:44:04 baseweed-admin qdistro-tier3s-s122a[5514]: SMOKE mountopts /home/admin/.cache=tmpfs:rw,nosuid,mode=0700,uid=1000,gid=1000
Oct 03 16:44:04 baseweed-admin qdistro-tier3s-silo-launch[5472]: SMOKE mountopts /home/admin/.cache=tmpfs:rw,nosuid,mode=0700,uid=1000,gid=1000
Oct 03 16:44:04 baseweed-admin qdistro-tier3s-s122a[5514]: SMOKE rootfs_write rc=1 err=touch: cannot touch '/home/admin/.smoke-rw': Read-only file system
Oct 03 16:44:04 baseweed-admin qdistro-tier3s-silo-launch[5472]: SMOKE rootfs_write rc=1 err=touch: cannot touch '/home/admin/.smoke-rw': Read-only file system
Oct 03 16:44:04 baseweed-admin qdistro-tier3s-s122a[5514]: SMOKE chmod rc=0 mode=600
Oct 03 16:44:04 baseweed-admin qdistro-tier3s-silo-launch[5472]: SMOKE chmod rc=0 mode=600
Oct 03 16:44:04 baseweed-admin qdistro-tier3s-s122a[5514]: SMOKE chmod_nofollow rc=1 mode=600
Oct 03 16:44:04 baseweed-admin qdistro-tier3s-silo-launch[5472]: SMOKE chmod_nofollow rc=1 mode=600
Oct 03 16:44:04 baseweed-admin dbus-run-session[1032]:   WARN qml: [20261003-164404]       Location Weather is still fetching
Oct 03 16:44:04 baseweed-admin qemu-ga[680]: info: guest-exec-status called, pid: 3529
Oct 03 16:44:04 baseweed-admin dbus-run-session[1032]:  ERROR qml: [20261003-164404]       Location Geocoding error: 0
Oct 03 16:44:04 baseweed-admin qdistro-tier3s-s122a[5514]: SMOKE ls_l rc=0 stderr_bytes=0
Oct 03 16:44:04 baseweed-admin qdistro-tier3s-silo-launch[5472]: SMOKE ls_l rc=0 stderr_bytes=0
Oct 03 16:44:04 baseweed-admin qdistro-tier3s-s122a[5514]: SMOKE routes=2 links=lo,
Oct 03 16:44:04 baseweed-admin qdistro-tier3s-silo-launch[5472]: SMOKE routes=2 links=lo,
Oct 03 16:44:04 baseweed-admin qdistro-tier3s-s122a[5514]: SMOKE route_table=::1 dev lo proto unspec scope link ;127.0.0.0/8 dev lo proto unspec scope link ;
Oct 03 16:44:04 baseweed-admin qdistro-tier3s-s122a[5514]: SMOKE done
Oct 03 16:44:04 baseweed-admin qdistro-tier3s-silo-launch[5472]: SMOKE route_table=::1 dev lo proto unspec scope link ;127.0.0.0/8 dev lo proto unspec scope link ;
Oct 03 16:44:04 baseweed-admin qdistro-tier3s-silo-launch[5472]: SMOKE done
Oct 03 16:44:04 baseweed-admin qdistro-tier3s-s122a[5514]: SMOKE holding 600s
Oct 03 16:44:04 baseweed-admin qdistro-tier3s-silo-launch[5472]: SMOKE holding 600s
Oct 03 16:44:04 baseweed-admin systemd[1]: qdistro-tier3s-silo@s122a.service: Sent signal SIGKILL to main process 5147 (spawn-tier3s.sh) on client request.
Oct 03 16:44:04 baseweed-admin systemd[1]: qdistro-tier3s-silo@s122a.service: Main process exited, code=killed, status=9/KILL
Oct 03 16:44:04 baseweed-admin runuser[5445]: pam_unix(runuser:session): session closed for user admin
Oct 03 16:44:04 baseweed-admin systemd[1]: Stopping [systemd-run] /usr/libexec/qdistro/qdistro-tier3s-scope enter cd8ac51369b40e5d442262a88917cf0f 1000 -- podman --runtime /usr/libexec/qdistro/tier3s-runsc --runtime-flag=network=none --cgroup-manager=cgroupfs run --rm --name qdistro-tier3s-s122a --label qdistro_tier3s_token=cd8ac51369b40e5d442262a88917cf0f --label qdistro_tier3s_unit=qdistro-tier3s-silo@s122a.service --security-opt label=disable --security-opt no-new-privileges --cap-drop=ALL --security-opt seccomp=/usr/lib/qdistro/tier3s/seccomp/headless-smoke.json --userns=keep-id --user 1000:1000 --read-only --tmpfs /tmp:rw,size=64m,mode=1777 --tmpfs /run/user/1000:rw,U,mode=0700 --tmpfs /home/admin/.cache:rw,U,mode=0700 --pids-limit=512 --network=none --env HOME=/home/admin --env XDG_RUNTIME_DIR=/run/user/1000 --env LANG=C.UTF-8 localhost/qdistro/tier3s-headless-smoke:latest qdistro-tier3s-smoke --hold 600...
Oct 03 16:44:04 baseweed-admin qdistro-tier3s-silo-launch[5445]: Session terminated, killing shell...
Oct 03 16:44:04 baseweed-admin qdistro-tier3s-silo-launch[5472]: time="2026-10-03T16:44:04Z" level=error msg="forwarding signal 15 to container 9ffa4b1f6594ae2b41cc8c5b78ef2aef79b01800363da2219708a712a3fa3c93: sending signal to container 9ffa4b1f6594ae2b41cc8c5b78ef2aef79b01800363da2219708a712a3fa3c93: `/usr/libexec/qdistro/tier3s-runsc --network=none kill 9ffa4b1f6594ae2b41cc8c5b78ef2aef79b01800363da2219708a712a3fa3c93 15` failed: signal: terminated"
Oct 03 16:44:04 baseweed-admin podman[5728]: 2026-10-03 16:44:04.919125004 +0000 UTC m=+0.018830745 container died 9ffa4b1f6594ae2b41cc8c5b78ef2aef79b01800363da2219708a712a3fa3c93 (image=localhost/qdistro/tier3s-headless-smoke:latest, name=qdistro-tier3s-s122a, qdistro_tier3s_unit=qdistro-tier3s-silo@s122a.service, org.opensuse.base.created=2026-09-30T20:05:54.126624488Z, org.opensuse.base.lifecycle-url=https://en.opensuse.org/Lifetime, org.qdistro.snapshot=20260930, org.opencontainers.image.description=Image containing a minimal environment for containers based on openSUSE Tumbleweed., org.opencontainers.image.url=https://www.opensuse.org, org.opencontainers.image.source=https://build.opensuse.org/package/show/openSUSE:Factory/opensuse-tumbleweed-image?rev=561f9d4c8e4e1a441f95ad4ec6b5a914, org.opensuse.lifecycle-url=https://en.opensuse.org/Lifetime, org.qdistro.tier3s.workload=headless-smoke, org.opencontainers.image.created=2026-09-30T20:05:54.126624488Z, org.opensuse.base.source=https://build.opensuse.org/package/show/openSUSE:Factory/opensuse-tumbleweed-image?rev=561f9d4c8e4e1a441f95ad4ec6b5a914, org.opensuse.base.title=openSUSE Tumbleweed Base Container, org.opensuse.base.url=https://www.opensuse.org, io.buildah.version=1.44.1, org.opencontainers.image.version=20260930.37.208, org.opencontainers.image.title=openSUSE Tumbleweed Base Container, org.opensuse.base.description=Image containing a minimal environment for containers based on openSUSE Tumbleweed., org.openbuildservice.disturl=obs://build.opensuse.org/openSUSE:Factory/images/561f9d4c8e4e1a441f95ad4ec6b5a914-opensuse-tumbleweed-image:docker, org.opensuse.base.disturl=obs://build.opensuse.org/openSUSE:Factory/images/561f9d4c8e4e1a441f95ad4ec6b5a914-opensuse-tumbleweed-image:docker, org.opensuse.base.vendor=openSUSE Project, org.opencontainers.image.vendor=openSUSE Project, qdistro_tier3s_token=cd8ac51369b40e5d442262a88917cf0f, org.opensuse.base.version=20260930.37.208, org.opensuse.base.reference=registry.opensuse.org/opensuse/tumbleweed:20260930.37.208, org.opensuse.reference=registry.opensuse.org/opensuse/tumbleweed:20260930.37.208)
Oct 03 16:44:04 baseweed-admin systemd[1]: Started [systemd-run] /usr/sbin/runuser -u admin -- env -i PATH=/usr/bin:/bin HOME=/home/admin USER=admin LOGNAME=admin XDG_RUNTIME_DIR=/run/user/1000 sh -c "podman container exists \"\$1\"; printf \"PMRC=%d\\n\" \"\$?\"" sh qdistro-tier3s-s122a.
Oct 03 16:44:04 baseweed-admin runuser[5771]: pam_unix(runuser:session): session opened for user admin(uid=1000) by (uid=0)
Oct 03 16:44:05 baseweed-admin podman[5728]: 2026-10-03 16:44:05.301368732 +0000 UTC m=+0.401074473 container remove 9ffa4b1f6594ae2b41cc8c5b78ef2aef79b01800363da2219708a712a3fa3c93 (image=localhost/qdistro/tier3s-headless-smoke:latest, name=qdistro-tier3s-s122a, org.opensuse.base.source=https://build.opensuse.org/package/show/openSUSE:Factory/opensuse-tumbleweed-image?rev=561f9d4c8e4e1a441f95ad4ec6b5a914, org.opensuse.base.reference=registry.opensuse.org/opensuse/tumbleweed:20260930.37.208, org.opencontainers.image.title=openSUSE Tumbleweed Base Container, org.opencontainers.image.source=https://build.opensuse.org/package/show/openSUSE:Factory/opensuse-tumbleweed-image?rev=561f9d4c8e4e1a441f95ad4ec6b5a914, org.opensuse.lifecycle-url=https://en.opensuse.org/Lifetime, org.qdistro.snapshot=20260930, org.openbuildservice.disturl=obs://build.opensuse.org/openSUSE:Factory/images/561f9d4c8e4e1a441f95ad4ec6b5a914-opensuse-tumbleweed-image:docker, org.opencontainers.image.description=Image containing a minimal environment for containers based on openSUSE Tumbleweed., org.opensuse.base.disturl=obs://build.opensuse.org/openSUSE:Factory/images/561f9d4c8e4e1a441f95ad4ec6b5a914-opensuse-tumbleweed-image:docker, org.opensuse.reference=registry.opensuse.org/opensuse/tumbleweed:20260930.37.208, org.opencontainers.image.url=https://www.opensuse.org, org.opensuse.base.version=20260930.37.208, org.opensuse.base.created=2026-09-30T20:05:54.126624488Z, org.opensuse.base.description=Image containing a minimal environment for containers based on openSUSE Tumbleweed., org.opencontainers.image.version=20260930.37.208, org.opensuse.base.vendor=openSUSE Project, org.qdistro.tier3s.workload=headless-smoke, org.opensuse.base.url=https://www.opensuse.org, qdistro_tier3s_token=cd8ac51369b40e5d442262a88917cf0f, io.buildah.version=1.44.1, qdistro_tier3s_unit=qdistro-tier3s-silo@s122a.service, org.opensuse.base.lifecycle-url=https://en.opensuse.org/Lifetime, org.opencontainers.image.created=2026-09-30T20:05:54.126624488Z, org.opencontainers.image.vendor=openSUSE Project, org.opensuse.base.title=openSUSE Tumbleweed Base Container)
Oct 03 16:44:05 baseweed-admin dbus-run-session[1032]:   WARN: Process failed to start, likely because the binary could not be found. Command: QList("bluetoothctl", "show")
Oct 03 16:44:05 baseweed-admin systemd[857]: Started podman-5773.scope.
Oct 03 16:44:05 baseweed-admin runuser[5771]: pam_unix(runuser:session): session closed for user admin
Oct 03 16:44:05 baseweed-admin systemd[1]: qdistro-t3s-call-5713-1-1268331148.scope: Deactivated successfully.
Oct 03 16:44:05 baseweed-admin qemu-ga[680]: info: guest-exec-status called, pid: 3529
Oct 03 16:44:05 baseweed-admin dbus-run-session[1032]:   WARN qml: [20261003-164405]        PodApps scan failed for qdistro-tier3s-s122a (exit 2)
Oct 03 16:44:06 baseweed-admin qemu-ga[680]: info: guest-exec-status called, pid: 3529
Oct 03 16:44:06 baseweed-admin systemd[857]: qdistro-polkit-agent.service: Scheduled restart job, restart counter is at 26.
Oct 03 16:44:06 baseweed-admin systemd[857]: Started qdistro polkit authentication agent (PAM / fprintd / broker).
Oct 03 16:44:06 baseweed-admin qdistro-tier3s-silo-launch[5445]:  ...killed.
Oct 03 16:44:06 baseweed-admin systemd[1]: qdistro-tier3s-cd8ac51369b40e5d442262a88917cf0f.scope: Deactivated successfully.
Oct 03 16:44:06 baseweed-admin systemd[1]: Stopped [systemd-run] /usr/libexec/qdistro/qdistro-tier3s-scope enter cd8ac51369b40e5d442262a88917cf0f 1000 -- podman --runtime /usr/libexec/qdistro/tier3s-runsc --runtime-flag=network=none --cgroup-manager=cgroupfs run --rm --name qdistro-tier3s-s122a --label qdistro_tier3s_token=cd8ac51369b40e5d442262a88917cf0f --label qdistro_tier3s_unit=qdistro-tier3s-silo@s122a.service --security-opt label=disable --security-opt no-new-privileges --cap-drop=ALL --security-opt seccomp=/usr/lib/qdistro/tier3s/seccomp/headless-smoke.json --userns=keep-id --user 1000:1000 --read-only --tmpfs /tmp:rw,size=64m,mode=1777 --tmpfs /run/user/1000:rw,U,mode=0700 --tmpfs /home/admin/.cache:rw,U,mode=0700 --pids-limit=512 --network=none --env HOME=/home/admin --env XDG_RUNTIME_DIR=/run/user/1000 --env LANG=C.UTF-8 localhost/qdistro/tier3s-headless-smoke:latest qdistro-tier3s-smoke --hold 600.
Oct 03 16:44:06 baseweed-admin systemd[1]: qdistro-tier3s-cd8ac51369b40e5d442262a88917cf0f.scope: Consumed 1.589s CPU time over 6.927s wall clock time.
Oct 03 16:44:06 baseweed-admin qdistro-polkit-agent[5887]: registration failed: org.freedesktop.PolicyKit1.Error.Failed: Cannot determine session the caller is in
Oct 03 16:44:06 baseweed-admin python3[5887]: qdistro-polkit-agent: registration failed: org.freedesktop.PolicyKit1.Error.Failed: Cannot determine session the caller is in
Oct 03 16:44:06 baseweed-admin systemd[857]: qdistro-polkit-agent.service: Main process exited, code=exited, status=1/FAILURE
Oct 03 16:44:06 baseweed-admin systemd[857]: qdistro-polkit-agent.service: Failed with result 'exit-code'.
Oct 03 16:44:06 baseweed-admin qdistro-tier3s-cleanup[5713]: qdistro-tier3s-cleanup: cd8ac51369b40e5d442262a88917cf0f: torn down (qdistro-tier3s-s122a)
Oct 03 16:44:07 baseweed-admin systemd[1]: qdistro-tier3s-silo@s122a.service: Failed with result 'signal'.
Oct 03 16:44:07 baseweed-admin systemd[1]: qdistro-tier3s-silo@s122a.service: Consumed 1.408s CPU time over 8.665s wall clock time.
Oct 03 16:44:07 baseweed-admin runuser[5956]: pam_unix(runuser:session): session opened for user admin(uid=1000) by (uid=0)
Oct 03 16:44:07 baseweed-admin systemd[857]: Started podman-5957.scope.
Oct 03 16:44:07 baseweed-admin runuser[5956]: pam_unix(runuser:session): session closed for user admin
Oct 03 16:44:07 baseweed-admin runuser[5966]: pam_unix(runuser:session): session opened for user admin(uid=1000) by (uid=0)
Oct 03 16:44:07 baseweed-admin systemd[857]: Started podman-5967.scope.
Oct 03 16:44:07 baseweed-admin runuser[5966]: pam_unix(runuser:session): session closed for user admin
Oct 03 16:44:07 baseweed-admin runuser[5982]: pam_unix(runuser:session): session opened for user admin(uid=1000) by (uid=0)
Oct 03 16:44:07 baseweed-admin runuser[5987]: pam_unix(runuser:session): session opened for user admin(uid=1000) by (uid=0)
Oct 03 16:44:07 baseweed-admin systemd[857]: Started podman-5989.scope.
Oct 03 16:44:07 baseweed-admin runuser[5987]: pam_unix(runuser:session): session closed for user admin
Oct 03 16:44:07 baseweed-admin qdistro_session_manager.py[4173]: 2026-10-03 16:44:07,352 INFO qdistro_session_manager: StopSilo name=s122a grace_s=10
Oct 03 16:44:07 baseweed-admin runuser[5982]: pam_unix(runuser:session): session closed for user admin
Oct 03 16:44:07 baseweed-admin runuser[6001]: pam_unix(runuser:session): session opened for user admin(uid=1000) by (uid=0)
Oct 03 16:44:07 baseweed-admin runuser[6001]: pam_unix(runuser:session): session closed for user admin
Oct 03 16:44:07 baseweed-admin runuser[6008]: pam_unix(runuser:session): session opened for user admin(uid=1000) by (uid=0)
Oct 03 16:44:07 baseweed-admin dbus-run-session[1032]:   WARN: Process failed to start, likely because the binary could not be found. Command: QList("bluetoothctl", "show")
Oct 03 16:44:07 baseweed-admin systemd[1]: Starting qdistro tier-3s (gVisor) silo s122a (Experimental, dev profile only)...
Oct 03 16:44:07 baseweed-admin qemu-ga[680]: info: guest-exec-status called, pid: 3529
Oct 03 16:44:08 baseweed-admin dbus-run-session[1032]:   WARN qml: [20261003-164408]        Network Connectivity check error: Error: Not authorized to recheck connectivity.
Oct 03 16:44:08 baseweed-admin runuser[6172]: pam_unix(runuser:session): session opened for user admin(uid=1000) by (uid=0)
Oct 03 16:44:08 baseweed-admin runuser[6172]: pam_unix(runuser:session): session closed for user admin
Oct 03 16:44:08 baseweed-admin runuser[6181]: pam_unix(runuser:session): session opened for user admin(uid=1000) by (uid=0)
Oct 03 16:44:08 baseweed-admin systemd[857]: Started podman-6182.scope.
Oct 03 16:44:08 baseweed-admin runuser[6181]: pam_unix(runuser:session): session closed for user admin
Oct 03 16:44:08 baseweed-admin runuser[6192]: pam_unix(runuser:session): session opened for user admin(uid=1000) by (uid=0)
Oct 03 16:44:08 baseweed-admin systemd[857]: Started podman-6193.scope.
Oct 03 16:44:08 baseweed-admin podman[6193]: 2026-10-03 16:44:08.215188342 +0000 UTC m=+0.068996666 container create 2277142bd6a8f76c5c4f4c2919df1346984aa5238e4199597a943291045f67c2 (image=localhost/tier3s-probe:empty, name=tier3s-probe-6040)
Oct 03 16:44:08 baseweed-admin podman[6193]: 2026-10-03 16:44:08.174355282 +0000 UTC m=+0.028163636 image pull 59aaf4e6b9ae5a43b860306a452f30a0cca587014149d418f4f0a32c881c6994 localhost/tier3s-probe:empty
Oct 03 16:44:08 baseweed-admin runuser[6192]: pam_unix(runuser:session): session closed for user admin
Oct 03 16:44:08 baseweed-admin runuser[6203]: pam_unix(runuser:session): session opened for user admin(uid=1000) by (uid=0)
Oct 03 16:44:08 baseweed-admin systemd[857]: Started podman-6204.scope.
Oct 03 16:44:08 baseweed-admin runuser[6203]: pam_unix(runuser:session): session closed for user admin
Oct 03 16:44:08 baseweed-admin runuser[6215]: pam_unix(runuser:session): session opened for user admin(uid=1000) by (uid=0)
Oct 03 16:44:08 baseweed-admin systemd[857]: Started podman-6216.scope.
Oct 03 16:44:08 baseweed-admin runuser[6215]: pam_unix(runuser:session): session closed for user admin
Oct 03 16:44:08 baseweed-admin runuser[6225]: pam_unix(runuser:session): session opened for user admin(uid=1000) by (uid=0)
Oct 03 16:44:08 baseweed-admin systemd[857]: Started podman-6226.scope.
Oct 03 16:44:08 baseweed-admin podman[6226]: 2026-10-03 16:44:08.390672666 +0000 UTC m=+0.068659736 container remove 2277142bd6a8f76c5c4f4c2919df1346984aa5238e4199597a943291045f67c2 (image=localhost/tier3s-probe:empty, name=tier3s-probe-6040)
Oct 03 16:44:08 baseweed-admin runuser[6225]: pam_unix(runuser:session): session closed for user admin
Oct 03 16:44:08 baseweed-admin runuser[6238]: pam_unix(runuser:session): session opened for user admin(uid=1000) by (uid=0)
Oct 03 16:44:08 baseweed-admin qdistro-tier3s-silo-launch[6239]: [resolve-binding] silo 's122a' is untemplated (no binding)
Oct 03 16:44:08 baseweed-admin runuser[6238]: pam_unix(runuser:session): session closed for user admin
Oct 03 16:44:08 baseweed-admin qdistro-tier3s-silo-launch[6012]: spawn-tier3s: silo s122a runs UNTEMPLATED (no binding); image localhost/qdistro/tier3s-headless-smoke:latest
Oct 03 16:44:08 baseweed-admin runuser[6241]: pam_unix(runuser:session): session opened for user admin(uid=1000) by (uid=0)
Oct 03 16:44:08 baseweed-admin runuser[6241]: pam_unix(runuser:session): session closed for user admin
Oct 03 16:44:08 baseweed-admin systemd[1]: Started [systemd-run] /usr/sbin/runuser -u admin -- env -i PATH=/usr/bin:/bin HOME=/home/admin USER=admin LOGNAME=admin XDG_RUNTIME_DIR=/run/user/1000 podman ps -a --filter label=qdistro_tier3s_token --format json.
Oct 03 16:44:08 baseweed-admin runuser[6263]: pam_unix(runuser:session): session opened for user admin(uid=1000) by (uid=0)
Oct 03 16:44:08 baseweed-admin systemd[857]: Started podman-6266.scope.
Oct 03 16:44:08 baseweed-admin runuser[6263]: pam_unix(runuser:session): session closed for user admin
Oct 03 16:44:08 baseweed-admin systemd[1]: qdistro-t3s-call-6248-1-2892776916.scope: Deactivated successfully.
Oct 03 16:44:08 baseweed-admin runuser[6305]: pam_unix(runuser:session): session opened for user admin(uid=1000) by (uid=0)
Oct 03 16:44:08 baseweed-admin systemd[857]: Started podman-6306.scope.
Oct 03 16:44:08 baseweed-admin runuser[6305]: pam_unix(runuser:session): session closed for user admin
Oct 03 16:44:08 baseweed-admin qdistro-tier3s-silo-launch[6012]: LAUNCH_TOKEN=eb75b84592c58d05ada74a7c8e6c1247
Oct 03 16:44:08 baseweed-admin qdistro-tier3s-silo-launch[6012]: CONTAINER=qdistro-tier3s-s122a
Oct 03 16:44:08 baseweed-admin qdistro-tier3s-silo-launch[6012]: IMAGE=localhost/qdistro/tier3s-headless-smoke:latest
Oct 03 16:44:08 baseweed-admin qdistro-tier3s-silo-launch[6012]: SCOPE_UNIT=qdistro-tier3s-eb75b84592c58d05ada74a7c8e6c1247.scope
Oct 03 16:44:08 baseweed-admin systemd[1]: Started [systemd-run] /usr/libexec/qdistro/qdistro-tier3s-scope enter eb75b84592c58d05ada74a7c8e6c1247 1000 -- podman --runtime /usr/libexec/qdistro/tier3s-runsc --runtime-flag=network=none --cgroup-manager=cgroupfs run --rm --name qdistro-tier3s-s122a --label qdistro_tier3s_token=eb75b84592c58d05ada74a7c8e6c1247 --label qdistro_tier3s_unit=qdistro-tier3s-silo@s122a.service --security-opt label=disable --security-opt no-new-privileges --cap-drop=ALL --security-opt seccomp=/usr/lib/qdistro/tier3s/seccomp/headless-smoke.json --userns=keep-id --user 1000:1000 --read-only --tmpfs /tmp:rw,size=64m,mode=1777 --tmpfs /run/user/1000:rw,U,mode=0700 --tmpfs /home/admin/.cache:rw,U,mode=0700 --pids-limit=512 --network=none --env HOME=/home/admin --env XDG_RUNTIME_DIR=/run/user/1000 --env LANG=C.UTF-8 localhost/qdistro/tier3s-headless-smoke:latest qdistro-tier3s-smoke --hold 600.
Oct 03 16:44:08 baseweed-admin qemu-ga[680]: info: guest-exec-status called, pid: 3529
Oct 03 16:44:08 baseweed-admin qdistro-tier3s-silo-launch[6315]: Running as unit: qdistro-tier3s-eb75b84592c58d05ada74a7c8e6c1247.scope; invocation ID: 86873fdc0883454eb6ca9feec94db775
Oct 03 16:44:08 baseweed-admin runuser[6317]: pam_unix(runuser:session): session opened for user admin(uid=1000) by (uid=0)
Oct 03 16:44:08 baseweed-admin qdistro-tier3s-silo-launch[6315]: qdistro-tier3s-scope: /system.slice/qdistro-tier3s-eb75b84592c58d05ada74a7c8e6c1247.scope delegated to uid 1000 (dir, cgroup.procs, cgroup.subtree_control, cgroup.threads)
Oct 03 16:44:08 baseweed-admin runuser[6315]: pam_unix(runuser:session): session opened for user admin(uid=1000) by (uid=0)
Oct 03 16:44:08 baseweed-admin systemd[857]: Started podman-6321.scope.
Oct 03 16:44:08 baseweed-admin runuser[6317]: pam_unix(runuser:session): session closed for user admin
Oct 03 16:44:08 baseweed-admin podman[6342]: 2026-10-03 16:44:08.814138867 +0000 UTC m=+0.041158058 container create 76f53c719df2a4a2daa3875c9c28311438561a7a2d7fdee1d603d4eeb20bb89b (image=localhost/qdistro/tier3s-headless-smoke:latest, name=qdistro-tier3s-s122a, org.opensuse.base.lifecycle-url=https://en.opensuse.org/Lifetime, org.opensuse.base.source=https://build.opensuse.org/package/show/openSUSE:Factory/opensuse-tumbleweed-image?rev=561f9d4c8e4e1a441f95ad4ec6b5a914, org.opensuse.base.reference=registry.opensuse.org/opensuse/tumbleweed:20260930.37.208, org.opencontainers.image.title=openSUSE Tumbleweed Base Container, org.opencontainers.image.source=https://build.opensuse.org/package/show/openSUSE:Factory/opensuse-tumbleweed-image?rev=561f9d4c8e4e1a441f95ad4ec6b5a914, org.opensuse.base.description=Image containing a minimal environment for containers based on openSUSE Tumbleweed., org.opensuse.base.title=openSUSE Tumbleweed Base Container, org.opencontainers.image.created=2026-09-30T20:05:54.126624488Z, org.qdistro.snapshot=20260930, org.opensuse.base.vendor=openSUSE Project, org.opencontainers.image.vendor=openSUSE Project, org.opencontainers.image.description=Image containing a minimal environment for containers based on openSUSE Tumbleweed., org.opencontainers.image.url=https://www.opensuse.org, org.qdistro.tier3s.workload=headless-smoke, qdistro_tier3s_unit=qdistro-tier3s-silo@s122a.service, org.openbuildservice.disturl=obs://build.opensuse.org/openSUSE:Factory/images/561f9d4c8e4e1a441f95ad4ec6b5a914-opensuse-tumbleweed-image:docker, org.opensuse.lifecycle-url=https://en.opensuse.org/Lifetime, org.opensuse.reference=registry.opensuse.org/opensuse/tumbleweed:20260930.37.208, qdistro_tier3s_token=eb75b84592c58d05ada74a7c8e6c1247, org.opensuse.base.version=20260930.37.208, org.opencontainers.image.version=20260930.37.208, org.opensuse.base.created=2026-09-30T20:05:54.126624488Z, io.buildah.version=1.44.1, org.opensuse.base.disturl=obs://build.opensuse.org/openSUSE:Factory/images/561f9d4c8e4e1a441f95ad4ec6b5a914-opensuse-tumbleweed-image:docker, org.opensuse.base.url=https://www.opensuse.org)
Oct 03 16:44:08 baseweed-admin podman[6342]: 2026-10-03 16:44:08.787899171 +0000 UTC m=+0.014918372 image pull 1eee52a21ad86f065d227988b4ff8e279fe838e4ed84ee77f2aed0d372deae92 localhost/qdistro/tier3s-headless-smoke:latest
Oct 03 16:44:08 baseweed-admin podman[6342]: 2026-10-03 16:44:08.889549104 +0000 UTC m=+0.116568315 container init 76f53c719df2a4a2daa3875c9c28311438561a7a2d7fdee1d603d4eeb20bb89b (image=localhost/qdistro/tier3s-headless-smoke:latest, name=qdistro-tier3s-s122a, org.opensuse.base.title=openSUSE Tumbleweed Base Container, qdistro_tier3s_token=eb75b84592c58d05ada74a7c8e6c1247, org.opensuse.base.created=2026-09-30T20:05:54.126624488Z, org.opencontainers.image.source=https://build.opensuse.org/package/show/openSUSE:Factory/opensuse-tumbleweed-image?rev=561f9d4c8e4e1a441f95ad4ec6b5a914, org.qdistro.tier3s.workload=headless-smoke, qdistro_tier3s_unit=qdistro-tier3s-silo@s122a.service, org.opensuse.base.source=https://build.opensuse.org/package/show/openSUSE:Factory/opensuse-tumbleweed-image?rev=561f9d4c8e4e1a441f95ad4ec6b5a914, org.opencontainers.image.created=2026-09-30T20:05:54.126624488Z, org.opensuse.base.version=20260930.37.208, org.qdistro.snapshot=20260930, org.opensuse.lifecycle-url=https://en.opensuse.org/Lifetime, org.opensuse.base.reference=registry.opensuse.org/opensuse/tumbleweed:20260930.37.208, io.buildah.version=1.44.1, org.opensuse.base.description=Image containing a minimal environment for containers based on openSUSE Tumbleweed., org.opencontainers.image.vendor=openSUSE Project, org.opensuse.base.disturl=obs://build.opensuse.org/openSUSE:Factory/images/561f9d4c8e4e1a441f95ad4ec6b5a914-opensuse-tumbleweed-image:docker, org.opensuse.reference=registry.opensuse.org/opensuse/tumbleweed:20260930.37.208, org.opencontainers.image.description=Image containing a minimal environment for containers based on openSUSE Tumbleweed., org.opensuse.base.lifecycle-url=https://en.opensuse.org/Lifetime, org.opencontainers.image.title=openSUSE Tumbleweed Base Container, org.opensuse.base.url=https://www.opensuse.org, org.openbuildservice.disturl=obs://build.opensuse.org/openSUSE:Factory/images/561f9d4c8e4e1a441f95ad4ec6b5a914-opensuse-tumbleweed-image:docker, org.opencontainers.image.version=20260930.37.208, org.opensuse.base.vendor=openSUSE Project, org.opencontainers.image.url=https://www.opensuse.org)
Oct 03 16:44:08 baseweed-admin podman[6342]: 2026-10-03 16:44:08.912502804 +0000 UTC m=+0.139521985 container start 76f53c719df2a4a2daa3875c9c28311438561a7a2d7fdee1d603d4eeb20bb89b (image=localhost/qdistro/tier3s-headless-smoke:latest, name=qdistro-tier3s-s122a, org.opensuse.base.reference=registry.opensuse.org/opensuse/tumbleweed:20260930.37.208, org.opensuse.base.description=Image containing a minimal environment for containers based on openSUSE Tumbleweed., qdistro_tier3s_token=eb75b84592c58d05ada74a7c8e6c1247, org.opencontainers.image.created=2026-09-30T20:05:54.126624488Z, org.opensuse.base.created=2026-09-30T20:05:54.126624488Z, org.opencontainers.image.vendor=openSUSE Project, org.opensuse.base.url=https://www.opensuse.org, org.opencontainers.image.source=https://build.opensuse.org/package/show/openSUSE:Factory/opensuse-tumbleweed-image?rev=561f9d4c8e4e1a441f95ad4ec6b5a914, org.opencontainers.image.description=Image containing a minimal environment for containers based on openSUSE Tumbleweed., org.opensuse.base.title=openSUSE Tumbleweed Base Container, qdistro_tier3s_unit=qdistro-tier3s-silo@s122a.service, org.openbuildservice.disturl=obs://build.opensuse.org/openSUSE:Factory/images/561f9d4c8e4e1a441f95ad4ec6b5a914-opensuse-tumbleweed-image:docker, org.opensuse.base.vendor=openSUSE Project, io.buildah.version=1.44.1, org.opensuse.base.disturl=obs://build.opensuse.org/openSUSE:Factory/images/561f9d4c8e4e1a441f95ad4ec6b5a914-opensuse-tumbleweed-image:docker, org.opensuse.reference=registry.opensuse.org/opensuse/tumbleweed:20260930.37.208, org.opencontainers.image.url=https://www.opensuse.org, org.qdistro.tier3s.workload=headless-smoke, org.opensuse.base.source=https://build.opensuse.org/package/show/openSUSE:Factory/opensuse-tumbleweed-image?rev=561f9d4c8e4e1a441f95ad4ec6b5a914, org.qdistro.snapshot=20260930, org.opencontainers.image.title=openSUSE Tumbleweed Base Container, org.opensuse.base.lifecycle-url=https://en.opensuse.org/Lifetime, org.opensuse.base.version=20260930.37.208, org.opencontainers.image.version=20260930.37.208, org.opensuse.lifecycle-url=https://en.opensuse.org/Lifetime)
Oct 03 16:44:08 baseweed-admin podman[6342]: 2026-10-03 16:44:08.928808553 +0000 UTC m=+0.155827744 container attach 76f53c719df2a4a2daa3875c9c28311438561a7a2d7fdee1d603d4eeb20bb89b (image=localhost/qdistro/tier3s-headless-smoke:latest, name=qdistro-tier3s-s122a, org.opencontainers.image.created=2026-09-30T20:05:54.126624488Z, org.opencontainers.image.version=20260930.37.208, org.opensuse.base.reference=registry.opensuse.org/opensuse/tumbleweed:20260930.37.208, io.buildah.version=1.44.1, org.opencontainers.image.vendor=openSUSE Project, org.opencontainers.image.url=https://www.opensuse.org, org.qdistro.tier3s.workload=headless-smoke, org.opensuse.base.description=Image containing a minimal environment for containers based on openSUSE Tumbleweed., org.opensuse.base.source=https://build.opensuse.org/package/show/openSUSE:Factory/opensuse-tumbleweed-image?rev=561f9d4c8e4e1a441f95ad4ec6b5a914, org.openbuildservice.disturl=obs://build.opensuse.org/openSUSE:Factory/images/561f9d4c8e4e1a441f95ad4ec6b5a914-opensuse-tumbleweed-image:docker, org.opensuse.base.vendor=openSUSE Project, org.opencontainers.image.title=openSUSE Tumbleweed Base Container, org.opencontainers.image.description=Image containing a minimal environment for containers based on openSUSE Tumbleweed., org.qdistro.snapshot=20260930, org.opensuse.base.created=2026-09-30T20:05:54.126624488Z, org.opensuse.lifecycle-url=https://en.opensuse.org/Lifetime, org.opensuse.reference=registry.opensuse.org/opensuse/tumbleweed:20260930.37.208, org.opensuse.base.url=https://www.opensuse.org, org.opencontainers.image.source=https://build.opensuse.org/package/show/openSUSE:Factory/opensuse-tumbleweed-image?rev=561f9d4c8e4e1a441f95ad4ec6b5a914, qdistro_tier3s_token=eb75b84592c58d05ada74a7c8e6c1247, qdistro_tier3s_unit=qdistro-tier3s-silo@s122a.service, org.opensuse.base.version=20260930.37.208, org.opensuse.base.disturl=obs://build.opensuse.org/openSUSE:Factory/images/561f9d4c8e4e1a441f95ad4ec6b5a914-opensuse-tumbleweed-image:docker, org.opensuse.base.title=openSUSE Tumbleweed Base Container, org.opensuse.base.lifecycle-url=https://en.opensuse.org/Lifetime)
Oct 03 16:44:08 baseweed-admin qdistro-tier3s-s122a[6356]: SMOKE snapshot=20260930
Oct 03 16:44:08 baseweed-admin qdistro-tier3s-silo-launch[6342]: SMOKE snapshot=20260930
Oct 03 16:44:08 baseweed-admin qdistro-tier3s-s122a[6356]: SMOKE kernel=Linux version 4.19.0-gvisor #1 SMP Sun Jan 10 15:06:54 PST 2016
Oct 03 16:44:08 baseweed-admin qdistro-tier3s-silo-launch[6342]: SMOKE kernel=Linux version 4.19.0-gvisor #1 SMP Sun Jan 10 15:06:54 PST 2016
Oct 03 16:44:09 baseweed-admin qdistro-tier3s-s122a[6356]: SMOKE dmesg=[    0.000000] Starting gVisor...
Oct 03 16:44:09 baseweed-admin qdistro-tier3s-silo-launch[6342]: SMOKE dmesg=[    0.000000] Starting gVisor...
Oct 03 16:44:09 baseweed-admin qdistro-tier3s-s122a[6356]: SMOKE id=uid=1000(admin) gid=1000(admin) groups=1000(admin)
Oct 03 16:44:09 baseweed-admin qdistro-tier3s-silo-launch[6342]: SMOKE id=uid=1000(admin) gid=1000(admin) groups=1000(admin)
Oct 03 16:44:09 baseweed-admin qdistro-tier3s-s122a[6356]: SMOKE passwd=admin:x:1000:1000:qdistro admin:/home/admin:/bin/bash
Oct 03 16:44:09 baseweed-admin qdistro-tier3s-silo-launch[6342]: SMOKE passwd=admin:x:1000:1000:qdistro admin:/home/admin:/bin/bash
Oct 03 16:44:09 baseweed-admin qdistro-tier3s-s122a[6356]: SMOKE home=/home/admin
Oct 03 16:44:09 baseweed-admin qdistro-tier3s-silo-launch[6342]: SMOKE home=/home/admin
Oct 03 16:44:09 baseweed-admin runuser[6418]: pam_unix(runuser:session): session opened for user admin(uid=1000) by (uid=0)
Oct 03 16:44:09 baseweed-admin systemd[857]: Started podman-6419.scope.
Oct 03 16:44:09 baseweed-admin runuser[6418]: pam_unix(runuser:session): session closed for user admin
Oct 03 16:44:09 baseweed-admin qdistro-tier3s-silo-launch[6012]: spawn-tier3s: running: qdistro-tier3s-s122a sentry=6371 conmon=6356 in /system.slice/qdistro-tier3s-eb75b84592c58d05ada74a7c8e6c1247.scope
Oct 03 16:44:09 baseweed-admin qdistro-tier3s-s122a[6356]: SMOKE lang=C.UTF-8 charmap=UTF-8 utf8_locales=2
Oct 03 16:44:09 baseweed-admin qdistro-tier3s-silo-launch[6342]: SMOKE lang=C.UTF-8 charmap=UTF-8 utf8_locales=2
Oct 03 16:44:09 baseweed-admin systemd[1]: Started qdistro tier-3s (gVisor) silo s122a (Experimental, dev profile only).
Oct 03 16:44:09 baseweed-admin qdistro-tier3s-s122a[6356]: SMOKE mount /run/user/1000=1000:1000 700
Oct 03 16:44:09 baseweed-admin qdistro-tier3s-silo-launch[6342]: SMOKE mount /run/user/1000=1000:1000 700
Oct 03 16:44:09 baseweed-admin qdistro_session_manager.py[4173]: 2026-10-03 16:44:09,128 INFO qdistro_session_manager: StartSilo name=s122a
Oct 03 16:44:09 baseweed-admin runuser[6008]: pam_unix(runuser:session): session closed for user admin
Oct 03 16:44:09 baseweed-admin qdistro-tier3s-s122a[6356]: SMOKE mount /home/admin/.cache=1000:1000 700
Oct 03 16:44:09 baseweed-admin qdistro-tier3s-silo-launch[6342]: SMOKE mount /home/admin/.cache=1000:1000 700
Oct 03 16:44:09 baseweed-admin runuser[6491]: pam_unix(runuser:session): session opened for user admin(uid=1000) by (uid=0)
Oct 03 16:44:09 baseweed-admin qdistro-tier3s-s122a[6356]: SMOKE mount /tmp=0:0 1777
Oct 03 16:44:09 baseweed-admin qdistro-tier3s-silo-launch[6342]: SMOKE mount /tmp=0:0 1777
Oct 03 16:44:09 baseweed-admin systemd[857]: Started podman-6492.scope.
Oct 03 16:44:09 baseweed-admin runuser[6491]: pam_unix(runuser:session): session closed for user admin
Oct 03 16:44:09 baseweed-admin qdistro-tier3s-s122a[6356]: SMOKE caps=inh:0000000000000000,prm:0000000000000000,eff:0000000000000000,bnd:0000000000000000,amb:0000000000000000
Oct 03 16:44:09 baseweed-admin qdistro-tier3s-silo-launch[6342]: SMOKE caps=inh:0000000000000000,prm:0000000000000000,eff:0000000000000000,bnd:0000000000000000,amb:0000000000000000
Oct 03 16:44:09 baseweed-admin qdistro-tier3s-s122a[6356]: SMOKE nnp=1 seccomp=2
Oct 03 16:44:09 baseweed-admin qdistro-tier3s-silo-launch[6342]: SMOKE nnp=1 seccomp=2
Oct 03 16:44:09 baseweed-admin qdistro-tier3s-s122a[6356]: SMOKE rootfs=ro
Oct 03 16:44:09 baseweed-admin qdistro-tier3s-silo-launch[6342]: SMOKE rootfs=ro
Oct 03 16:44:09 baseweed-admin qdistro-tier3s-s122a[6356]: SMOKE mountopts /run/user/1000=tmpfs:rw,nosuid,mode=0700,uid=1000,gid=1000
Oct 03 16:44:09 baseweed-admin qdistro-tier3s-silo-launch[6342]: SMOKE mountopts /run/user/1000=tmpfs:rw,nosuid,mode=0700,uid=1000,gid=1000
Oct 03 16:44:09 baseweed-admin qdistro-tier3s-s122a[6356]: SMOKE mountopts /home/admin/.cache=tmpfs:rw,nosuid,mode=0700,uid=1000,gid=1000
Oct 03 16:44:09 baseweed-admin qdistro-tier3s-silo-launch[6342]: SMOKE mountopts /home/admin/.cache=tmpfs:rw,nosuid,mode=0700,uid=1000,gid=1000
Oct 03 16:44:09 baseweed-admin qdistro-tier3s-s122a[6356]: SMOKE rootfs_write rc=1 err=touch: cannot touch '/home/admin/.smoke-rw': Read-only file system
Oct 03 16:44:09 baseweed-admin qdistro-tier3s-silo-launch[6342]: SMOKE rootfs_write rc=1 err=touch: cannot touch '/home/admin/.smoke-rw': Read-only file system
Oct 03 16:44:09 baseweed-admin dbus-run-session[1032]:   WARN: Process failed to start, likely because the binary could not be found. Command: QList("bluetoothctl", "show")
Oct 03 16:44:09 baseweed-admin qdistro-tier3s-s122a[6356]: SMOKE chmod rc=0 mode=600
Oct 03 16:44:09 baseweed-admin qdistro-tier3s-silo-launch[6342]: SMOKE chmod rc=0 mode=600
Oct 03 16:44:09 baseweed-admin qdistro-tier3s-s122a[6356]: SMOKE chmod_nofollow rc=1 mode=600
Oct 03 16:44:09 baseweed-admin qdistro-tier3s-silo-launch[6342]: SMOKE chmod_nofollow rc=1 mode=600
Oct 03 16:44:09 baseweed-admin qdistro-tier3s-s122a[6356]: SMOKE ls_l rc=0 stderr_bytes=0
Oct 03 16:44:09 baseweed-admin qdistro-tier3s-silo-launch[6342]: SMOKE ls_l rc=0 stderr_bytes=0
Oct 03 16:44:09 baseweed-admin qdistro-tier3s-s122a[6356]: SMOKE routes=2 links=lo,
Oct 03 16:44:09 baseweed-admin qdistro-tier3s-silo-launch[6342]: SMOKE routes=2 links=lo,
Oct 03 16:44:09 baseweed-admin qdistro-tier3s-s122a[6356]: SMOKE route_table=::1 dev lo proto unspec scope link ;127.0.0.0/8 dev lo proto unspec scope link ;
Oct 03 16:44:09 baseweed-admin qdistro-tier3s-silo-launch[6342]: SMOKE route_table=::1 dev lo proto unspec scope link ;127.0.0.0/8 dev lo proto unspec scope link ;
Oct 03 16:44:09 baseweed-admin qdistro-tier3s-silo-launch[6342]: SMOKE done
Oct 03 16:44:09 baseweed-admin qdistro-tier3s-s122a[6356]: SMOKE done
Oct 03 16:44:09 baseweed-admin qdistro-tier3s-s122a[6356]: SMOKE holding 600s
Oct 03 16:44:09 baseweed-admin qdistro-tier3s-silo-launch[6342]: SMOKE holding 600s
Oct 03 16:44:09 baseweed-admin systemd[1]: qdistro-tier3s-silo@s122a.service: Sent signal SIGKILL to main process 6012 (spawn-tier3s.sh) on client request.
Oct 03 16:44:09 baseweed-admin systemd[1]: qdistro-tier3s-silo@s122a.service: Main process exited, code=killed, status=9/KILL
Oct 03 16:44:09 baseweed-admin runuser[6315]: pam_unix(runuser:session): session closed for user admin
Oct 03 16:44:09 baseweed-admin systemd[1]: Stopping [systemd-run] /usr/libexec/qdistro/qdistro-tier3s-scope enter eb75b84592c58d05ada74a7c8e6c1247 1000 -- podman --runtime /usr/libexec/qdistro/tier3s-runsc --runtime-flag=network=none --cgroup-manager=cgroupfs run --rm --name qdistro-tier3s-s122a --label qdistro_tier3s_token=eb75b84592c58d05ada74a7c8e6c1247 --label qdistro_tier3s_unit=qdistro-tier3s-silo@s122a.service --security-opt label=disable --security-opt no-new-privileges --cap-drop=ALL --security-opt seccomp=/usr/lib/qdistro/tier3s/seccomp/headless-smoke.json --userns=keep-id --user 1000:1000 --read-only --tmpfs /tmp:rw,size=64m,mode=1777 --tmpfs /run/user/1000:rw,U,mode=0700 --tmpfs /home/admin/.cache:rw,U,mode=0700 --pids-limit=512 --network=none --env HOME=/home/admin --env XDG_RUNTIME_DIR=/run/user/1000 --env LANG=C.UTF-8 localhost/qdistro/tier3s-headless-smoke:latest qdistro-tier3s-smoke --hold 600...
Oct 03 16:44:09 baseweed-admin qdistro-tier3s-silo-launch[6315]: Session terminated, killing shell...
Oct 03 16:44:09 baseweed-admin qdistro-tier3s-silo-launch[6342]: time="2026-10-03T16:44:09Z" level=error msg="forwarding signal 15 to container 76f53c719df2a4a2daa3875c9c28311438561a7a2d7fdee1d603d4eeb20bb89b: sending signal to container 76f53c719df2a4a2daa3875c9c28311438561a7a2d7fdee1d603d4eeb20bb89b: `/usr/libexec/qdistro/tier3s-runsc --network=none kill 76f53c719df2a4a2daa3875c9c28311438561a7a2d7fdee1d603d4eeb20bb89b 15` failed: signal: terminated"
Oct 03 16:44:09 baseweed-admin qemu-ga[680]: info: guest-exec-status called, pid: 3529
Oct 03 16:44:09 baseweed-admin podman[6539]: 2026-10-03 16:44:09.797282959 +0000 UTC m=+0.026858058 container died 76f53c719df2a4a2daa3875c9c28311438561a7a2d7fdee1d603d4eeb20bb89b (image=localhost/qdistro/tier3s-headless-smoke:latest, name=qdistro-tier3s-s122a, org.opensuse.base.url=https://www.opensuse.org, org.opensuse.base.version=20260930.37.208, qdistro_tier3s_unit=qdistro-tier3s-silo@s122a.service, org.opensuse.base.reference=registry.opensuse.org/opensuse/tumbleweed:20260930.37.208, org.opencontainers.image.url=https://www.opensuse.org, org.opencontainers.image.vendor=openSUSE Project, org.opensuse.base.created=2026-09-30T20:05:54.126624488Z, org.qdistro.snapshot=20260930, org.opensuse.base.disturl=obs://build.opensuse.org/openSUSE:Factory/images/561f9d4c8e4e1a441f95ad4ec6b5a914-opensuse-tumbleweed-image:docker, qdistro_tier3s_token=eb75b84592c58d05ada74a7c8e6c1247, org.opensuse.base.description=Image containing a minimal environment for containers based on openSUSE Tumbleweed., org.opensuse.reference=registry.opensuse.org/opensuse/tumbleweed:20260930.37.208, org.opensuse.base.source=https://build.opensuse.org/package/show/openSUSE:Factory/opensuse-tumbleweed-image?rev=561f9d4c8e4e1a441f95ad4ec6b5a914, org.opencontainers.image.description=Image containing a minimal environment for containers based on openSUSE Tumbleweed., org.opensuse.base.vendor=openSUSE Project, org.opencontainers.image.created=2026-09-30T20:05:54.126624488Z, org.opensuse.lifecycle-url=https://en.opensuse.org/Lifetime, org.opensuse.base.title=openSUSE Tumbleweed Base Container, org.opensuse.base.lifecycle-url=https://en.opensuse.org/Lifetime, org.qdistro.tier3s.workload=headless-smoke, io.buildah.version=1.44.1, org.opencontainers.image.title=openSUSE Tumbleweed Base Container, org.opencontainers.image.version=20260930.37.208, org.openbuildservice.disturl=obs://build.opensuse.org/openSUSE:Factory/images/561f9d4c8e4e1a441f95ad4ec6b5a914-opensuse-tumbleweed-image:docker, org.opencontainers.image.source=https://build.opensuse.org/package/show/openSUSE:Factory/opensuse-tumbleweed-image?rev=561f9d4c8e4e1a441f95ad4ec6b5a914)
Oct 03 16:44:09 baseweed-admin systemd[1]: Started [systemd-run] /usr/sbin/runuser -u admin -- env -i PATH=/usr/bin:/bin HOME=/home/admin USER=admin LOGNAME=admin XDG_RUNTIME_DIR=/run/user/1000 sh -c "podman container exists \"\$1\"; printf \"PMRC=%d\\n\" \"\$?\"" sh qdistro-tier3s-s122a.
Oct 03 16:44:09 baseweed-admin runuser[6581]: pam_unix(runuser:session): session opened for user admin(uid=1000) by (uid=0)
Oct 03 16:44:10 baseweed-admin systemd[857]: qdistro-polkit-agent.service: Scheduled restart job, restart counter is at 27.
Oct 03 16:44:10 baseweed-admin systemd[857]: Started qdistro polkit authentication agent (PAM / fprintd / broker).
Oct 03 16:44:10 baseweed-admin podman[6539]: 2026-10-03 16:44:10.097614373 +0000 UTC m=+0.327189452 container remove 76f53c719df2a4a2daa3875c9c28311438561a7a2d7fdee1d603d4eeb20bb89b (image=localhost/qdistro/tier3s-headless-smoke:latest, name=qdistro-tier3s-s122a, org.opencontainers.image.title=openSUSE Tumbleweed Base Container, org.opensuse.base.reference=registry.opensuse.org/opensuse/tumbleweed:20260930.37.208, org.opensuse.lifecycle-url=https://en.opensuse.org/Lifetime, org.opensuse.base.vendor=openSUSE Project, qdistro_tier3s_token=eb75b84592c58d05ada74a7c8e6c1247, org.opensuse.base.lifecycle-url=https://en.opensuse.org/Lifetime, qdistro_tier3s_unit=qdistro-tier3s-silo@s122a.service, org.opensuse.base.version=20260930.37.208, org.opencontainers.image.description=Image containing a minimal environment for containers based on openSUSE Tumbleweed., org.opensuse.base.description=Image containing a minimal environment for containers based on openSUSE Tumbleweed., org.opensuse.reference=registry.opensuse.org/opensuse/tumbleweed:20260930.37.208, org.qdistro.tier3s.workload=headless-smoke, org.opencontainers.image.created=2026-09-30T20:05:54.126624488Z, org.opencontainers.image.url=https://www.opensuse.org, org.opensuse.base.disturl=obs://build.opensuse.org/openSUSE:Factory/images/561f9d4c8e4e1a441f95ad4ec6b5a914-opensuse-tumbleweed-image:docker, org.opensuse.base.source=https://build.opensuse.org/package/show/openSUSE:Factory/opensuse-tumbleweed-image?rev=561f9d4c8e4e1a441f95ad4ec6b5a914, org.opensuse.base.created=2026-09-30T20:05:54.126624488Z, org.qdistro.snapshot=20260930, org.opensuse.base.url=https://www.opensuse.org, org.openbuildservice.disturl=obs://build.opensuse.org/openSUSE:Factory/images/561f9d4c8e4e1a441f95ad4ec6b5a914-opensuse-tumbleweed-image:docker, io.buildah.version=1.44.1, org.opencontainers.image.version=20260930.37.208, org.opencontainers.image.vendor=openSUSE Project, org.opencontainers.image.source=https://build.opensuse.org/package/show/openSUSE:Factory/opensuse-tumbleweed-image?rev=561f9d4c8e4e1a441f95ad4ec6b5a914, org.opensuse.base.title=openSUSE Tumbleweed Base Container)
Oct 03 16:44:10 baseweed-admin qdistro-polkit-agent[6604]: registration failed: org.freedesktop.PolicyKit1.Error.Failed: Cannot determine session the caller is in
Oct 03 16:44:10 baseweed-admin python3[6604]: qdistro-polkit-agent: registration failed: org.freedesktop.PolicyKit1.Error.Failed: Cannot determine session the caller is in
Oct 03 16:44:10 baseweed-admin systemd[857]: qdistro-polkit-agent.service: Main process exited, code=exited, status=1/FAILURE
Oct 03 16:44:10 baseweed-admin systemd[857]: qdistro-polkit-agent.service: Failed with result 'exit-code'.
Oct 03 16:44:10 baseweed-admin systemd[857]: Started podman-6583.scope.
Oct 03 16:44:10 baseweed-admin runuser[6581]: pam_unix(runuser:session): session closed for user admin
Oct 03 16:44:10 baseweed-admin systemd[1]: qdistro-t3s-call-6525-1-1289303931.scope: Deactivated successfully.
Oct 03 16:44:10 baseweed-admin qemu-ga[680]: info: guest-exec-status called, pid: 3529
Oct 03 16:44:11 baseweed-admin dbus-run-session[1032]:   WARN: Process failed to start, likely because the binary could not be found. Command: QList("bluetoothctl", "show")
Oct 03 16:44:11 baseweed-admin qdistro-tier3s-silo-launch[6315]:  ...killed.
Oct 03 16:44:11 baseweed-admin systemd[1]: qdistro-tier3s-eb75b84592c58d05ada74a7c8e6c1247.scope: Deactivated successfully.
Oct 03 16:44:11 baseweed-admin systemd[1]: Stopped [systemd-run] /usr/libexec/qdistro/qdistro-tier3s-scope enter eb75b84592c58d05ada74a7c8e6c1247 1000 -- podman --runtime /usr/libexec/qdistro/tier3s-runsc --runtime-flag=network=none --cgroup-manager=cgroupfs run --rm --name qdistro-tier3s-s122a --label qdistro_tier3s_token=eb75b84592c58d05ada74a7c8e6c1247 --label qdistro_tier3s_unit=qdistro-tier3s-silo@s122a.service --security-opt label=disable --security-opt no-new-privileges --cap-drop=ALL --security-opt seccomp=/usr/lib/qdistro/tier3s/seccomp/headless-smoke.json --userns=keep-id --user 1000:1000 --read-only --tmpfs /tmp:rw,size=64m,mode=1777 --tmpfs /run/user/1000:rw,U,mode=0700 --tmpfs /home/admin/.cache:rw,U,mode=0700 --pids-limit=512 --network=none --env HOME=/home/admin --env XDG_RUNTIME_DIR=/run/user/1000 --env LANG=C.UTF-8 localhost/qdistro/tier3s-headless-smoke:latest qdistro-tier3s-smoke --hold 600.
Oct 03 16:44:11 baseweed-admin systemd[1]: qdistro-tier3s-eb75b84592c58d05ada74a7c8e6c1247.scope: Consumed 1.395s CPU time over 3.034s wall clock time.
Oct 03 16:44:11 baseweed-admin qdistro-tier3s-cleanup[6525]: qdistro-tier3s-cleanup: eb75b84592c58d05ada74a7c8e6c1247: torn down (qdistro-tier3s-s122a)
Oct 03 16:44:11 baseweed-admin qemu-ga[680]: info: guest-exec-status called, pid: 3529
Oct 03 16:44:11 baseweed-admin systemd[1]: qdistro-tier3s-silo@s122a.service: Failed with result 'signal'.
Oct 03 16:44:11 baseweed-admin systemd[1]: qdistro-tier3s-silo@s122a.service: Consumed 1.256s CPU time over 4.559s wall clock time.
Oct 03 16:44:12 baseweed-admin runuser[6757]: pam_unix(runuser:session): session opened for user admin(uid=1000) by (uid=0)
Oct 03 16:44:12 baseweed-admin systemd[857]: Started podman-6758.scope.
Oct 03 16:44:12 baseweed-admin runuser[6757]: pam_unix(runuser:session): session closed for user admin
Oct 03 16:44:12 baseweed-admin runuser[6767]: pam_unix(runuser:session): session opened for user admin(uid=1000) by (uid=0)
Oct 03 16:44:12 baseweed-admin systemd[857]: Started podman-6768.scope.
Oct 03 16:44:12 baseweed-admin runuser[6767]: pam_unix(runuser:session): session closed for user admin
Oct 03 16:44:12 baseweed-admin runuser[6784]: pam_unix(runuser:session): session opened for user admin(uid=1000) by (uid=0)
Oct 03 16:44:12 baseweed-admin runuser[6789]: pam_unix(runuser:session): session opened for user admin(uid=1000) by (uid=0)
Oct 03 16:44:12 baseweed-admin systemd[857]: Started podman-6791.scope.
Oct 03 16:44:12 baseweed-admin runuser[6789]: pam_unix(runuser:session): session closed for user admin
Oct 03 16:44:12 baseweed-admin qdistro_session_manager.py[4173]: 2026-10-03 16:44:12,316 INFO qdistro_session_manager: StopSilo name=s122a grace_s=10
Oct 03 16:44:12 baseweed-admin runuser[6784]: pam_unix(runuser:session): session closed for user admin
Oct 03 16:44:12 baseweed-admin runuser[6804]: pam_unix(runuser:session): session opened for user admin(uid=1000) by (uid=0)
Oct 03 16:44:12 baseweed-admin runuser[6804]: pam_unix(runuser:session): session closed for user admin
Oct 03 16:44:12 baseweed-admin runuser[6811]: pam_unix(runuser:session): session opened for user admin(uid=1000) by (uid=0)
Oct 03 16:44:12 baseweed-admin systemd[1]: Starting qdistro tier-3s (gVisor) silo s122a (Experimental, dev profile only)...
Oct 03 16:44:12 baseweed-admin qemu-ga[680]: info: guest-exec-status called, pid: 3529
Oct 03 16:44:13 baseweed-admin systemd[857]: qdistro-polkit-agent.service: Scheduled restart job, restart counter is at 28.
Oct 03 16:44:13 baseweed-admin systemd[857]: Started qdistro polkit authentication agent (PAM / fprintd / broker).
Oct 03 16:44:13 baseweed-admin dbus-run-session[1032]:   WARN: Process failed to start, likely because the binary could not be found. Command: QList("bluetoothctl", "show")
Oct 03 16:44:13 baseweed-admin runuser[6971]: pam_unix(runuser:session): session opened for user admin(uid=1000) by (uid=0)
Oct 03 16:44:13 baseweed-admin qdistro-polkit-agent[6930]: registration failed: org.freedesktop.PolicyKit1.Error.Failed: Cannot determine session the caller is in
Oct 03 16:44:13 baseweed-admin python3[6930]: qdistro-polkit-agent: registration failed: org.freedesktop.PolicyKit1.Error.Failed: Cannot determine session the caller is in
Oct 03 16:44:13 baseweed-admin runuser[6971]: pam_unix(runuser:session): session closed for user admin
Oct 03 16:44:13 baseweed-admin runuser[6980]: pam_unix(runuser:session): session opened for user admin(uid=1000) by (uid=0)
Oct 03 16:44:13 baseweed-admin systemd[857]: qdistro-polkit-agent.service: Main process exited, code=exited, status=1/FAILURE
Oct 03 16:44:13 baseweed-admin systemd[857]: qdistro-polkit-agent.service: Failed with result 'exit-code'.
Oct 03 16:44:13 baseweed-admin systemd[857]: Started podman-6981.scope.
Oct 03 16:44:13 baseweed-admin runuser[6980]: pam_unix(runuser:session): session closed for user admin
Oct 03 16:44:13 baseweed-admin runuser[6992]: pam_unix(runuser:session): session opened for user admin(uid=1000) by (uid=0)
Oct 03 16:44:13 baseweed-admin systemd[857]: Started podman-6993.scope.
Oct 03 16:44:13 baseweed-admin podman[6993]: 2026-10-03 16:44:13.6327875 +0000 UTC m=+0.033745309 image pull 59aaf4e6b9ae5a43b860306a452f30a0cca587014149d418f4f0a32c881c6994 localhost/tier3s-probe:empty
Oct 03 16:44:13 baseweed-admin podman[6993]: 2026-10-03 16:44:13.7521112 +0000 UTC m=+0.153068989 container create 39672eb0965ccf30b6ddad2c47f285a57e9b5a614e488dd6b6d2d08f25c2c744 (image=localhost/tier3s-probe:empty, name=tier3s-probe-6842)
Oct 03 16:44:13 baseweed-admin runuser[6992]: pam_unix(runuser:session): session closed for user admin
Oct 03 16:44:13 baseweed-admin runuser[7003]: pam_unix(runuser:session): session opened for user admin(uid=1000) by (uid=0)
Oct 03 16:44:13 baseweed-admin systemd[857]: Started podman-7004.scope.
Oct 03 16:44:13 baseweed-admin runuser[7003]: pam_unix(runuser:session): session closed for user admin
Oct 03 16:44:13 baseweed-admin runuser[7015]: pam_unix(runuser:session): session opened for user admin(uid=1000) by (uid=0)
Oct 03 16:44:13 baseweed-admin systemd[857]: Started podman-7016.scope.
Oct 03 16:44:13 baseweed-admin runuser[7015]: pam_unix(runuser:session): session closed for user admin
Oct 03 16:44:13 baseweed-admin runuser[7025]: pam_unix(runuser:session): session opened for user admin(uid=1000) by (uid=0)
Oct 03 16:44:13 baseweed-admin systemd[857]: Started podman-7026.scope.
Oct 03 16:44:13 baseweed-admin qemu-ga[680]: info: guest-exec-status called, pid: 3529
Oct 03 16:44:14 baseweed-admin podman[7026]: 2026-10-03 16:44:14.02035278 +0000 UTC m=+0.144167083 container remove 39672eb0965ccf30b6ddad2c47f285a57e9b5a614e488dd6b6d2d08f25c2c744 (image=localhost/tier3s-probe:empty, name=tier3s-probe-6842)
Oct 03 16:44:14 baseweed-admin runuser[7025]: pam_unix(runuser:session): session closed for user admin
Oct 03 16:44:14 baseweed-admin runuser[7038]: pam_unix(runuser:session): session opened for user admin(uid=1000) by (uid=0)
Oct 03 16:44:14 baseweed-admin qdistro-tier3s-silo-launch[7039]: [resolve-binding] silo 's122a' is untemplated (no binding)
Oct 03 16:44:14 baseweed-admin runuser[7038]: pam_unix(runuser:session): session closed for user admin
Oct 03 16:44:14 baseweed-admin qdistro-tier3s-silo-launch[6814]: spawn-tier3s: silo s122a runs UNTEMPLATED (no binding); image localhost/qdistro/tier3s-headless-smoke:latest
Oct 03 16:44:14 baseweed-admin runuser[7041]: pam_unix(runuser:session): session opened for user admin(uid=1000) by (uid=0)
Oct 03 16:44:14 baseweed-admin runuser[7041]: pam_unix(runuser:session): session closed for user admin
Oct 03 16:44:14 baseweed-admin systemd[1]: Started [systemd-run] /usr/sbin/runuser -u admin -- env -i PATH=/usr/bin:/bin HOME=/home/admin USER=admin LOGNAME=admin XDG_RUNTIME_DIR=/run/user/1000 podman ps -a --filter label=qdistro_tier3s_token --format json.
Oct 03 16:44:14 baseweed-admin runuser[7063]: pam_unix(runuser:session): session opened for user admin(uid=1000) by (uid=0)
Oct 03 16:44:14 baseweed-admin systemd[857]: Started podman-7064.scope.
Oct 03 16:44:14 baseweed-admin runuser[7063]: pam_unix(runuser:session): session closed for user admin
Oct 03 16:44:14 baseweed-admin systemd[1]: qdistro-t3s-call-7048-1-2024981285.scope: Deactivated successfully.
Oct 03 16:44:14 baseweed-admin runuser[7095]: pam_unix(runuser:session): session opened for user admin(uid=1000) by (uid=0)
Oct 03 16:44:14 baseweed-admin systemd[857]: Started podman-7096.scope.
Oct 03 16:44:14 baseweed-admin runuser[7095]: pam_unix(runuser:session): session closed for user admin
Oct 03 16:44:14 baseweed-admin qdistro-tier3s-silo-launch[6814]: LAUNCH_TOKEN=d015272193819e68a38c46cdde1857dd
Oct 03 16:44:14 baseweed-admin qdistro-tier3s-silo-launch[6814]: CONTAINER=qdistro-tier3s-s122a
Oct 03 16:44:14 baseweed-admin qdistro-tier3s-silo-launch[6814]: IMAGE=localhost/qdistro/tier3s-headless-smoke:latest
Oct 03 16:44:14 baseweed-admin qdistro-tier3s-silo-launch[6814]: SCOPE_UNIT=qdistro-tier3s-d015272193819e68a38c46cdde1857dd.scope
Oct 03 16:44:14 baseweed-admin systemd[1]: Started [systemd-run] /usr/libexec/qdistro/qdistro-tier3s-scope enter d015272193819e68a38c46cdde1857dd 1000 -- podman --runtime /usr/libexec/qdistro/tier3s-runsc --runtime-flag=network=none --cgroup-manager=cgroupfs run --rm --name qdistro-tier3s-s122a --label qdistro_tier3s_token=d015272193819e68a38c46cdde1857dd --label qdistro_tier3s_unit=qdistro-tier3s-silo@s122a.service --security-opt label=disable --security-opt no-new-privileges --cap-drop=ALL --security-opt seccomp=/usr/lib/qdistro/tier3s/seccomp/headless-smoke.json --userns=keep-id --user 1000:1000 --read-only --tmpfs /tmp:rw,size=64m,mode=1777 --tmpfs /run/user/1000:rw,U,mode=0700 --tmpfs /home/admin/.cache:rw,U,mode=0700 --pids-limit=512 --network=none --env HOME=/home/admin --env XDG_RUNTIME_DIR=/run/user/1000 --env LANG=C.UTF-8 localhost/qdistro/tier3s-headless-smoke:latest qdistro-tier3s-smoke --hold 600.
Oct 03 16:44:14 baseweed-admin qdistro-tier3s-silo-launch[7105]: Running as unit: qdistro-tier3s-d015272193819e68a38c46cdde1857dd.scope; invocation ID: 66d1330e7e924758ae529378d4007e11
Oct 03 16:44:14 baseweed-admin runuser[7107]: pam_unix(runuser:session): session opened for user admin(uid=1000) by (uid=0)
Oct 03 16:44:14 baseweed-admin qdistro-tier3s-silo-launch[7105]: qdistro-tier3s-scope: /system.slice/qdistro-tier3s-d015272193819e68a38c46cdde1857dd.scope delegated to uid 1000 (dir, cgroup.procs, cgroup.subtree_control, cgroup.threads)
Oct 03 16:44:14 baseweed-admin runuser[7105]: pam_unix(runuser:session): session opened for user admin(uid=1000) by (uid=0)
Oct 03 16:44:14 baseweed-admin systemd[857]: Started podman-7111.scope.
Oct 03 16:44:14 baseweed-admin runuser[7107]: pam_unix(runuser:session): session closed for user admin
Oct 03 16:44:14 baseweed-admin podman[7132]: 2026-10-03 16:44:14.463328976 +0000 UTC m=+0.065079934 container create 5973c702844b9bebffd6638796b958daa1e033f7fbf308742fdf54f7cdfcd0aa (image=localhost/qdistro/tier3s-headless-smoke:latest, name=qdistro-tier3s-s122a, org.opencontainers.image.title=openSUSE Tumbleweed Base Container, org.opencontainers.image.description=Image containing a minimal environment for containers based on openSUSE Tumbleweed., org.opensuse.base.disturl=obs://build.opensuse.org/openSUSE:Factory/images/561f9d4c8e4e1a441f95ad4ec6b5a914-opensuse-tumbleweed-image:docker, org.opensuse.base.url=https://www.opensuse.org, qdistro_tier3s_token=d015272193819e68a38c46cdde1857dd, io.buildah.version=1.44.1, org.opensuse.base.created=2026-09-30T20:05:54.126624488Z, org.opencontainers.image.version=20260930.37.208, org.opensuse.base.vendor=openSUSE Project, org.qdistro.snapshot=20260930, org.opencontainers.image.vendor=openSUSE Project, org.opencontainers.image.url=https://www.opensuse.org, org.opensuse.base.description=Image containing a minimal environment for containers based on openSUSE Tumbleweed., org.opensuse.base.reference=registry.opensuse.org/opensuse/tumbleweed:20260930.37.208, qdistro_tier3s_unit=qdistro-tier3s-silo@s122a.service, org.openbuildservice.disturl=obs://build.opensuse.org/openSUSE:Factory/images/561f9d4c8e4e1a441f95ad4ec6b5a914-opensuse-tumbleweed-image:docker, org.qdistro.tier3s.workload=headless-smoke, org.opencontainers.image.created=2026-09-30T20:05:54.126624488Z, org.opensuse.base.lifecycle-url=https://en.opensuse.org/Lifetime, org.opensuse.base.title=openSUSE Tumbleweed Base Container, org.opensuse.reference=registry.opensuse.org/opensuse/tumbleweed:20260930.37.208, org.opensuse.base.version=20260930.37.208, org.opensuse.base.source=https://build.opensuse.org/package/show/openSUSE:Factory/opensuse-tumbleweed-image?rev=561f9d4c8e4e1a441f95ad4ec6b5a914, org.opencontainers.image.source=https://build.opensuse.org/package/show/openSUSE:Factory/opensuse-tumbleweed-image?rev=561f9d4c8e4e1a441f95ad4ec6b5a914, org.opensuse.lifecycle-url=https://en.opensuse.org/Lifetime)
Oct 03 16:44:14 baseweed-admin podman[7132]: 2026-10-03 16:44:14.416146338 +0000 UTC m=+0.017897306 image pull 1eee52a21ad86f065d227988b4ff8e279fe838e4ed84ee77f2aed0d372deae92 localhost/qdistro/tier3s-headless-smoke:latest
Oct 03 16:44:14 baseweed-admin dbus-run-session[1032]:   INFO qml: [20261003-164414]        PodApps cache refresh loaded 0 apps
Oct 03 16:44:14 baseweed-admin podman[7132]: 2026-10-03 16:44:14.657204383 +0000 UTC m=+0.258955341 container init 5973c702844b9bebffd6638796b958daa1e033f7fbf308742fdf54f7cdfcd0aa (image=localhost/qdistro/tier3s-headless-smoke:latest, name=qdistro-tier3s-s122a, org.opensuse.reference=registry.opensuse.org/opensuse/tumbleweed:20260930.37.208, org.opensuse.base.disturl=obs://build.opensuse.org/openSUSE:Factory/images/561f9d4c8e4e1a441f95ad4ec6b5a914-opensuse-tumbleweed-image:docker, org.opencontainers.image.created=2026-09-30T20:05:54.126624488Z, org.opencontainers.image.vendor=openSUSE Project, org.opencontainers.image.title=openSUSE Tumbleweed Base Container, qdistro_tier3s_unit=qdistro-tier3s-silo@s122a.service, org.opensuse.base.created=2026-09-30T20:05:54.126624488Z, org.qdistro.tier3s.workload=headless-smoke, org.opencontainers.image.source=https://build.opensuse.org/package/show/openSUSE:Factory/opensuse-tumbleweed-image?rev=561f9d4c8e4e1a441f95ad4ec6b5a914, org.opensuse.base.lifecycle-url=https://en.opensuse.org/Lifetime, org.opensuse.base.description=Image containing a minimal environment for containers based on openSUSE Tumbleweed., io.buildah.version=1.44.1, org.opensuse.base.version=20260930.37.208, org.openbuildservice.disturl=obs://build.opensuse.org/openSUSE:Factory/images/561f9d4c8e4e1a441f95ad4ec6b5a914-opensuse-tumbleweed-image:docker, org.opensuse.base.url=https://www.opensuse.org, org.opencontainers.image.version=20260930.37.208, org.opensuse.lifecycle-url=https://en.opensuse.org/Lifetime, org.opencontainers.image.description=Image containing a minimal environment for containers based on openSUSE Tumbleweed., qdistro_tier3s_token=d015272193819e68a38c46cdde1857dd, org.opensuse.base.reference=registry.opensuse.org/opensuse/tumbleweed:20260930.37.208, org.opensuse.base.source=https://build.opensuse.org/package/show/openSUSE:Factory/opensuse-tumbleweed-image?rev=561f9d4c8e4e1a441f95ad4ec6b5a914, org.opensuse.base.vendor=openSUSE Project, org.qdistro.snapshot=20260930, org.opensuse.base.title=openSUSE Tumbleweed Base Container, org.opencontainers.image.url=https://www.opensuse.org)
Oct 03 16:44:14 baseweed-admin runuser[7199]: pam_unix(runuser:session): session opened for user admin(uid=1000) by (uid=0)
Oct 03 16:44:14 baseweed-admin podman[7132]: 2026-10-03 16:44:14.712258799 +0000 UTC m=+0.314009767 container start 5973c702844b9bebffd6638796b958daa1e033f7fbf308742fdf54f7cdfcd0aa (image=localhost/qdistro/tier3s-headless-smoke:latest, name=qdistro-tier3s-s122a, org.opensuse.lifecycle-url=https://en.opensuse.org/Lifetime, org.opencontainers.image.vendor=openSUSE Project, org.opensuse.base.description=Image containing a minimal environment for containers based on openSUSE Tumbleweed., qdistro_tier3s_unit=qdistro-tier3s-silo@s122a.service, org.opensuse.base.url=https://www.opensuse.org, org.opensuse.base.source=https://build.opensuse.org/package/show/openSUSE:Factory/opensuse-tumbleweed-image?rev=561f9d4c8e4e1a441f95ad4ec6b5a914, org.opencontainers.image.version=20260930.37.208, qdistro_tier3s_token=d015272193819e68a38c46cdde1857dd, org.opencontainers.image.description=Image containing a minimal environment for containers based on openSUSE Tumbleweed., org.openbuildservice.disturl=obs://build.opensuse.org/openSUSE:Factory/images/561f9d4c8e4e1a441f95ad4ec6b5a914-opensuse-tumbleweed-image:docker, org.opensuse.base.vendor=openSUSE Project, org.opencontainers.image.created=2026-09-30T20:05:54.126624488Z, io.buildah.version=1.44.1, org.opensuse.reference=registry.opensuse.org/opensuse/tumbleweed:20260930.37.208, org.opensuse.base.created=2026-09-30T20:05:54.126624488Z, org.qdistro.tier3s.workload=headless-smoke, org.opencontainers.image.title=openSUSE Tumbleweed Base Container, org.opensuse.base.title=openSUSE Tumbleweed Base Container, org.opencontainers.image.url=https://www.opensuse.org, org.opensuse.base.reference=registry.opensuse.org/opensuse/tumbleweed:20260930.37.208, org.opensuse.base.disturl=obs://build.opensuse.org/openSUSE:Factory/images/561f9d4c8e4e1a441f95ad4ec6b5a914-opensuse-tumbleweed-image:docker, org.opensuse.base.version=20260930.37.208, org.opencontainers.image.source=https://build.opensuse.org/package/show/openSUSE:Factory/opensuse-tumbleweed-image?rev=561f9d4c8e4e1a441f95ad4ec6b5a914, org.opensuse.base.lifecycle-url=https://en.opensuse.org/Lifetime, org.qdistro.snapshot=20260930)
Oct 03 16:44:14 baseweed-admin podman[7132]: 2026-10-03 16:44:14.744742245 +0000 UTC m=+0.346493203 container attach 5973c702844b9bebffd6638796b958daa1e033f7fbf308742fdf54f7cdfcd0aa (image=localhost/qdistro/tier3s-headless-smoke:latest, name=qdistro-tier3s-s122a, org.opensuse.base.source=https://build.opensuse.org/package/show/openSUSE:Factory/opensuse-tumbleweed-image?rev=561f9d4c8e4e1a441f95ad4ec6b5a914, org.opensuse.base.lifecycle-url=https://en.opensuse.org/Lifetime, org.qdistro.snapshot=20260930, org.opencontainers.image.vendor=openSUSE Project, org.opensuse.base.description=Image containing a minimal environment for containers based on openSUSE Tumbleweed., io.buildah.version=1.44.1, org.opensuse.reference=registry.opensuse.org/opensuse/tumbleweed:20260930.37.208, org.opensuse.base.version=20260930.37.208, org.qdistro.tier3s.workload=headless-smoke, org.opensuse.lifecycle-url=https://en.opensuse.org/Lifetime, org.opencontainers.image.description=Image containing a minimal environment for containers based on openSUSE Tumbleweed., org.openbuildservice.disturl=obs://build.opensuse.org/openSUSE:Factory/images/561f9d4c8e4e1a441f95ad4ec6b5a914-opensuse-tumbleweed-image:docker, org.opensuse.base.url=https://www.opensuse.org, org.opencontainers.image.source=https://build.opensuse.org/package/show/openSUSE:Factory/opensuse-tumbleweed-image?rev=561f9d4c8e4e1a441f95ad4ec6b5a914, org.opencontainers.image.created=2026-09-30T20:05:54.126624488Z, org.opencontainers.image.title=openSUSE Tumbleweed Base Container, org.opencontainers.image.url=https://www.opensuse.org, org.opensuse.base.disturl=obs://build.opensuse.org/openSUSE:Factory/images/561f9d4c8e4e1a441f95ad4ec6b5a914-opensuse-tumbleweed-image:docker, qdistro_tier3s_unit=qdistro-tier3s-silo@s122a.service, org.opensuse.base.created=2026-09-30T20:05:54.126624488Z, org.opencontainers.image.version=20260930.37.208, org.opensuse.base.vendor=openSUSE Project, org.opensuse.base.title=openSUSE Tumbleweed Base Container, qdistro_tier3s_token=d015272193819e68a38c46cdde1857dd, org.opensuse.base.reference=registry.opensuse.org/opensuse/tumbleweed:20260930.37.208)
Oct 03 16:44:14 baseweed-admin dbus-run-session[1032]:   INFO qml: [20261003-164414]        PodApps auto-scan: qdistro-tier3s-s122a transitioned to running
Oct 03 16:44:14 baseweed-admin systemd[857]: Started podman-7206.scope.
Oct 03 16:44:14 baseweed-admin runuser[7199]: pam_unix(runuser:session): session closed for user admin
Oct 03 16:44:14 baseweed-admin qdistro-tier3s-silo-launch[6814]: spawn-tier3s: running: qdistro-tier3s-s122a sentry=7168 conmon=7150 in /system.slice/qdistro-tier3s-d015272193819e68a38c46cdde1857dd.scope
Oct 03 16:44:14 baseweed-admin systemd[1]: Started qdistro tier-3s (gVisor) silo s122a (Experimental, dev profile only).
Oct 03 16:44:14 baseweed-admin qdistro-tier3s-s122a[7150]: SMOKE snapshot=20260930
Oct 03 16:44:14 baseweed-admin qdistro-tier3s-silo-launch[7132]: SMOKE snapshot=20260930
Oct 03 16:44:14 baseweed-admin qdistro_session_manager.py[4173]: 2026-10-03 16:44:14,843 INFO qdistro_session_manager: StartSilo name=s122a
Oct 03 16:44:14 baseweed-admin runuser[6811]: pam_unix(runuser:session): session closed for user admin
Oct 03 16:44:14 baseweed-admin runuser[7255]: pam_unix(runuser:session): session opened for user admin(uid=1000) by (uid=0)
Oct 03 16:44:14 baseweed-admin qdistro-tier3s-s122a[7150]: SMOKE kernel=Linux version 4.19.0-gvisor #1 SMP Sun Jan 10 15:06:54 PST 2016
Oct 03 16:44:14 baseweed-admin qdistro-tier3s-silo-launch[7132]: SMOKE kernel=Linux version 4.19.0-gvisor #1 SMP Sun Jan 10 15:06:54 PST 2016
Oct 03 16:44:14 baseweed-admin systemd[857]: Started podman-7267.scope.
Oct 03 16:44:14 baseweed-admin runuser[7255]: pam_unix(runuser:session): session closed for user admin
Oct 03 16:44:14 baseweed-admin runuser[7311]: pam_unix(runuser:session): session opened for user admin(uid=1000) by (uid=0)
Oct 03 16:44:14 baseweed-admin runuser[7312]: pam_unix(runuser:session): session opened for user admin(uid=1000) by (uid=0)
Oct 03 16:44:14 baseweed-admin qdistro-tier3s-s122a[7150]: SMOKE dmesg=[    0.000000] Starting gVisor...
Oct 03 16:44:14 baseweed-admin qdistro-tier3s-silo-launch[7132]: SMOKE dmesg=[    0.000000] Starting gVisor...
Oct 03 16:44:14 baseweed-admin systemd[857]: Started podman-7313.scope.
Oct 03 16:44:14 baseweed-admin systemd[857]: Started podman-7314.scope.
Oct 03 16:44:14 baseweed-admin qdistro-tier3s-s122a[7150]: SMOKE id=uid=1000(admin) gid=1000(admin) groups=1000(admin)
Oct 03 16:44:14 baseweed-admin qdistro-tier3s-silo-launch[7132]: SMOKE id=uid=1000(admin) gid=1000(admin) groups=1000(admin)
Oct 03 16:44:14 baseweed-admin runuser[7311]: pam_unix(runuser:session): session closed for user admin
Oct 03 16:44:14 baseweed-admin runuser[7312]: pam_unix(runuser:session): session closed for user admin
Oct 03 16:44:14 baseweed-admin qdistro-tier3s-s122a[7150]: SMOKE passwd=admin:x:1000:1000:qdistro admin:/home/admin:/bin/bash
Oct 03 16:44:14 baseweed-admin qdistro-tier3s-silo-launch[7132]: SMOKE passwd=admin:x:1000:1000:qdistro admin:/home/admin:/bin/bash
Oct 03 16:44:14 baseweed-admin qdistro-tier3s-s122a[7150]: SMOKE home=/home/admin
Oct 03 16:44:14 baseweed-admin qdistro-tier3s-silo-launch[7132]: SMOKE home=/home/admin
Oct 03 16:44:14 baseweed-admin runuser[7340]: pam_unix(runuser:session): session opened for user admin(uid=1000) by (uid=0)
Oct 03 16:44:15 baseweed-admin qemu-ga[680]: info: guest-exec-status called, pid: 3529
Oct 03 16:44:15 baseweed-admin systemd[857]: Started podman-7342.scope.
Oct 03 16:44:15 baseweed-admin runuser[7340]: pam_unix(runuser:session): session closed for user admin
Oct 03 16:44:15 baseweed-admin qdistro-tier3s-s122a[7150]: SMOKE lang=C.UTF-8 charmap=UTF-8 utf8_locales=2
Oct 03 16:44:15 baseweed-admin qdistro-tier3s-silo-launch[7132]: SMOKE lang=C.UTF-8 charmap=UTF-8 utf8_locales=2
Oct 03 16:44:15 baseweed-admin qdistro-tier3s-s122a[7150]: SMOKE mount /run/user/1000=1000:1000 700
Oct 03 16:44:15 baseweed-admin qdistro-tier3s-silo-launch[7132]: SMOKE mount /run/user/1000=1000:1000 700
Oct 03 16:44:15 baseweed-admin qdistro-tier3s-s122a[7150]: SMOKE mount /home/admin/.cache=1000:1000 700
Oct 03 16:44:15 baseweed-admin qdistro-tier3s-silo-launch[7132]: SMOKE mount /home/admin/.cache=1000:1000 700
Oct 03 16:44:15 baseweed-admin qdistro-tier3s-s122a[7150]: SMOKE mount /tmp=0:0 1777
Oct 03 16:44:15 baseweed-admin qdistro-tier3s-silo-launch[7132]: SMOKE mount /tmp=0:0 1777
Oct 03 16:44:15 baseweed-admin qdistro-tier3s-s122a[7150]: SMOKE caps=inh:0000000000000000,prm:0000000000000000,eff:0000000000000000,bnd:0000000000000000,amb:0000000000000000
Oct 03 16:44:15 baseweed-admin qdistro-tier3s-silo-launch[7132]: SMOKE caps=inh:0000000000000000,prm:0000000000000000,eff:0000000000000000,bnd:0000000000000000,amb:0000000000000000
Oct 03 16:44:15 baseweed-admin qdistro-tier3s-s122a[7150]: SMOKE nnp=1 seccomp=2
Oct 03 16:44:15 baseweed-admin qdistro-tier3s-silo-launch[7132]: SMOKE nnp=1 seccomp=2
Oct 03 16:44:15 baseweed-admin qdistro-tier3s-s122a[7150]: SMOKE rootfs=ro
Oct 03 16:44:15 baseweed-admin qdistro-tier3s-silo-launch[7132]: SMOKE rootfs=ro
Oct 03 16:44:15 baseweed-admin qdistro-tier3s-s122a[7150]: SMOKE mountopts /run/user/1000=tmpfs:rw,nosuid,mode=0700,uid=1000,gid=1000
Oct 03 16:44:15 baseweed-admin qdistro-tier3s-silo-launch[7132]: SMOKE mountopts /run/user/1000=tmpfs:rw,nosuid,mode=0700,uid=1000,gid=1000
Oct 03 16:44:15 baseweed-admin qdistro-tier3s-s122a[7150]: SMOKE mountopts /home/admin/.cache=tmpfs:rw,nosuid,mode=0700,uid=1000,gid=1000
Oct 03 16:44:15 baseweed-admin qdistro-tier3s-silo-launch[7132]: SMOKE mountopts /home/admin/.cache=tmpfs:rw,nosuid,mode=0700,uid=1000,gid=1000
Oct 03 16:44:15 baseweed-admin dbus-run-session[1032]:   WARN: Process failed to start, likely because the binary could not be found. Command: QList("bluetoothctl", "show")
Oct 03 16:44:15 baseweed-admin qdistro-tier3s-s122a[7150]: SMOKE rootfs_write rc=1 err=touch: cannot touch '/home/admin/.smoke-rw': Read-only file system
Oct 03 16:44:15 baseweed-admin qdistro-tier3s-silo-launch[7132]: SMOKE rootfs_write rc=1 err=touch: cannot touch '/home/admin/.smoke-rw': Read-only file system
Oct 03 16:44:15 baseweed-admin qdistro-tier3s-s122a[7150]: SMOKE chmod rc=0 mode=600
Oct 03 16:44:15 baseweed-admin qdistro-tier3s-silo-launch[7132]: SMOKE chmod rc=0 mode=600
Oct 03 16:44:15 baseweed-admin qdistro-tier3s-s122a[7150]: SMOKE chmod_nofollow rc=1 mode=600
Oct 03 16:44:15 baseweed-admin qdistro-tier3s-silo-launch[7132]: SMOKE chmod_nofollow rc=1 mode=600
Oct 03 16:44:15 baseweed-admin qdistro-tier3s-s122a[7150]: SMOKE ls_l rc=0 stderr_bytes=0
Oct 03 16:44:15 baseweed-admin qdistro-tier3s-silo-launch[7132]: SMOKE ls_l rc=0 stderr_bytes=0
Oct 03 16:44:15 baseweed-admin qdistro-tier3s-s122a[7150]: SMOKE routes=2 links=lo,
Oct 03 16:44:15 baseweed-admin qdistro-tier3s-silo-launch[7132]: SMOKE routes=2 links=lo,
Oct 03 16:44:15 baseweed-admin qdistro-tier3s-s122a[7150]: SMOKE route_table=::1 dev lo proto unspec scope link ;127.0.0.0/8 dev lo proto unspec scope link ;
Oct 03 16:44:15 baseweed-admin qdistro-tier3s-s122a[7150]: SMOKE done
Oct 03 16:44:15 baseweed-admin qdistro-tier3s-silo-launch[7132]: SMOKE route_table=::1 dev lo proto unspec scope link ;127.0.0.0/8 dev lo proto unspec scope link ;
Oct 03 16:44:15 baseweed-admin qdistro-tier3s-silo-launch[7132]: SMOKE done
Oct 03 16:44:15 baseweed-admin qdistro-tier3s-s122a[7150]: SMOKE holding 600s
Oct 03 16:44:15 baseweed-admin qdistro-tier3s-silo-launch[7132]: SMOKE holding 600s
Oct 03 16:44:15 baseweed-admin runuser[7374]: pam_unix(runuser:session): session opened for user admin(uid=1000) by (uid=0)
Oct 03 16:44:15 baseweed-admin systemd[1]: Starting qdistro tier-3s (gVisor) silo s122b (Experimental, dev profile only)...
Oct 03 16:44:16 baseweed-admin qemu-ga[680]: info: guest-exec-status called, pid: 3529
Oct 03 16:44:16 baseweed-admin systemd[857]: qdistro-polkit-agent.service: Scheduled restart job, restart counter is at 29.
Oct 03 16:44:16 baseweed-admin systemd[857]: Started qdistro polkit authentication agent (PAM / fprintd / broker).
Oct 03 16:44:16 baseweed-admin runuser[7533]: pam_unix(runuser:session): session opened for user admin(uid=1000) by (uid=0)
Oct 03 16:44:16 baseweed-admin runuser[7533]: pam_unix(runuser:session): session closed for user admin
Oct 03 16:44:16 baseweed-admin runuser[7543]: pam_unix(runuser:session): session opened for user admin(uid=1000) by (uid=0)
Oct 03 16:44:16 baseweed-admin systemd[857]: Started podman-7544.scope.
Oct 03 16:44:16 baseweed-admin runuser[7543]: pam_unix(runuser:session): session closed for user admin
Oct 03 16:44:16 baseweed-admin qdistro-polkit-agent[7493]: registration failed: org.freedesktop.PolicyKit1.Error.Failed: Cannot determine session the caller is in
Oct 03 16:44:16 baseweed-admin python3[7493]: qdistro-polkit-agent: registration failed: org.freedesktop.PolicyKit1.Error.Failed: Cannot determine session the caller is in
Oct 03 16:44:16 baseweed-admin runuser[7554]: pam_unix(runuser:session): session opened for user admin(uid=1000) by (uid=0)
Oct 03 16:44:16 baseweed-admin systemd[857]: qdistro-polkit-agent.service: Main process exited, code=exited, status=1/FAILURE
Oct 03 16:44:16 baseweed-admin systemd[857]: qdistro-polkit-agent.service: Failed with result 'exit-code'.
Oct 03 16:44:16 baseweed-admin systemd[857]: Started podman-7555.scope.
Oct 03 16:44:16 baseweed-admin podman[7555]: 2026-10-03 16:44:16.812309656 +0000 UTC m=+0.102819996 container create 2cd97aac40ddbc6c6d4a534f843a5a075eaf52a2bd10c6506b2fba34ef36ebc5 (image=localhost/tier3s-probe:empty, name=tier3s-probe-7405)
Oct 03 16:44:16 baseweed-admin podman[7555]: 2026-10-03 16:44:16.734463317 +0000 UTC m=+0.024973667 image pull 59aaf4e6b9ae5a43b860306a452f30a0cca587014149d418f4f0a32c881c6994 localhost/tier3s-probe:empty
Oct 03 16:44:16 baseweed-admin runuser[7554]: pam_unix(runuser:session): session closed for user admin
Oct 03 16:44:16 baseweed-admin runuser[7575]: pam_unix(runuser:session): session opened for user admin(uid=1000) by (uid=0)
Oct 03 16:44:16 baseweed-admin systemd[857]: Started podman-7577.scope.
Oct 03 16:44:16 baseweed-admin runuser[7575]: pam_unix(runuser:session): session closed for user admin
Oct 03 16:44:16 baseweed-admin runuser[7605]: pam_unix(runuser:session): session opened for user admin(uid=1000) by (uid=0)
Oct 03 16:44:16 baseweed-admin systemd[857]: Started podman-7611.scope.
Oct 03 16:44:17 baseweed-admin runuser[7605]: pam_unix(runuser:session): session closed for user admin
Oct 03 16:44:17 baseweed-admin runuser[7640]: pam_unix(runuser:session): session opened for user admin(uid=1000) by (uid=0)
Oct 03 16:44:17 baseweed-admin podman[7603]: 2026-10-03 16:44:17.025543281 +0000 UTC m=+0.151551749 container exec 5973c702844b9bebffd6638796b958daa1e033f7fbf308742fdf54f7cdfcd0aa (image=localhost/qdistro/tier3s-headless-smoke:latest, name=qdistro-tier3s-s122a, org.opensuse.base.title=openSUSE Tumbleweed Base Container, org.opensuse.base.url=https://www.opensuse.org, org.opensuse.base.lifecycle-url=https://en.opensuse.org/Lifetime, org.opensuse.reference=registry.opensuse.org/opensuse/tumbleweed:20260930.37.208, org.openbuildservice.disturl=obs://build.opensuse.org/openSUSE:Factory/images/561f9d4c8e4e1a441f95ad4ec6b5a914-opensuse-tumbleweed-image:docker, org.opencontainers.image.title=openSUSE Tumbleweed Base Container, org.qdistro.tier3s.workload=headless-smoke, org.opencontainers.image.description=Image containing a minimal environment for containers based on openSUSE Tumbleweed., io.buildah.version=1.44.1, org.opensuse.base.version=20260930.37.208, org.qdistro.snapshot=20260930, org.opensuse.lifecycle-url=https://en.opensuse.org/Lifetime, org.opencontainers.image.version=20260930.37.208, org.opensuse.base.description=Image containing a minimal environment for containers based on openSUSE Tumbleweed., org.opensuse.base.disturl=obs://build.opensuse.org/openSUSE:Factory/images/561f9d4c8e4e1a441f95ad4ec6b5a914-opensuse-tumbleweed-image:docker, org.opensuse.base.source=https://build.opensuse.org/package/show/openSUSE:Factory/opensuse-tumbleweed-image?rev=561f9d4c8e4e1a441f95ad4ec6b5a914, org.opensuse.base.vendor=openSUSE Project, org.opencontainers.image.source=https://build.opensuse.org/package/show/openSUSE:Factory/opensuse-tumbleweed-image?rev=561f9d4c8e4e1a441f95ad4ec6b5a914, qdistro_tier3s_token=d015272193819e68a38c46cdde1857dd, qdistro_tier3s_unit=qdistro-tier3s-silo@s122a.service, org.opensuse.base.created=2026-09-30T20:05:54.126624488Z, org.opensuse.base.reference=registry.opensuse.org/opensuse/tumbleweed:20260930.37.208, org.opencontainers.image.vendor=openSUSE Project, org.opencontainers.image.created=2026-09-30T20:05:54.126624488Z, org.opencontainers.image.url=https://www.opensuse.org)
Oct 03 16:44:17 baseweed-admin conmon[7626]: conmon 5973c702844b9bebffd6 <nwarn>: Failed to open cgroups file: /sys/fs/cgroup/user.slice/user-1000.slice/user@1000.service/app.slice/qdshell.service/memory.events
Oct 03 16:44:17 baseweed-admin systemd[857]: Started podman-7641.scope.
Oct 03 16:44:17 baseweed-admin podman[7649]: 2026-10-03 16:44:17.102017973 +0000 UTC m=+0.052787046 container exec_died 5973c702844b9bebffd6638796b958daa1e033f7fbf308742fdf54f7cdfcd0aa (image=localhost/qdistro/tier3s-headless-smoke:latest, name=qdistro-tier3s-s122a, execID=da57c5de71f10c4f0ea28bfc06b89576bbd02e7ef0ba8a7c3dc1e01af7162aa7, org.opencontainers.image.title=openSUSE Tumbleweed Base Container, org.opencontainers.image.url=https://www.opensuse.org, org.opensuse.base.version=20260930.37.208, org.openbuildservice.disturl=obs://build.opensuse.org/openSUSE:Factory/images/561f9d4c8e4e1a441f95ad4ec6b5a914-opensuse-tumbleweed-image:docker, org.opencontainers.image.source=https://build.opensuse.org/package/show/openSUSE:Factory/opensuse-tumbleweed-image?rev=561f9d4c8e4e1a441f95ad4ec6b5a914, org.opencontainers.image.vendor=openSUSE Project, org.opensuse.lifecycle-url=https://en.opensuse.org/Lifetime, org.opensuse.base.title=openSUSE Tumbleweed Base Container, org.opensuse.base.description=Image containing a minimal environment for containers based on openSUSE Tumbleweed., io.buildah.version=1.44.1, org.qdistro.snapshot=20260930, qdistro_tier3s_token=d015272193819e68a38c46cdde1857dd, qdistro_tier3s_unit=qdistro-tier3s-silo@s122a.service, org.opensuse.base.disturl=obs://build.opensuse.org/openSUSE:Factory/images/561f9d4c8e4e1a441f95ad4ec6b5a914-opensuse-tumbleweed-image:docker, org.opencontainers.image.version=20260930.37.208, org.opensuse.base.created=2026-09-30T20:05:54.126624488Z, org.opensuse.base.url=https://www.opensuse.org, org.opencontainers.image.created=2026-09-30T20:05:54.126624488Z, org.qdistro.tier3s.workload=headless-smoke, org.opensuse.base.reference=registry.opensuse.org/opensuse/tumbleweed:20260930.37.208, org.opensuse.base.vendor=openSUSE Project, org.opensuse.reference=registry.opensuse.org/opensuse/tumbleweed:20260930.37.208, org.opensuse.base.lifecycle-url=https://en.opensuse.org/Lifetime, org.opencontainers.image.description=Image containing a minimal environment for containers based on openSUSE Tumbleweed., org.opensuse.base.source=https://build.opensuse.org/package/show/openSUSE:Factory/opensuse-tumbleweed-image?rev=561f9d4c8e4e1a441f95ad4ec6b5a914)
Oct 03 16:44:17 baseweed-admin qemu-ga[680]: info: guest-exec-status called, pid: 3529
Oct 03 16:44:17 baseweed-admin podman[7603]: 2026-10-03 16:44:17.169220664 +0000 UTC m=+0.295229132 container exec_died 5973c702844b9bebffd6638796b958daa1e033f7fbf308742fdf54f7cdfcd0aa (image=localhost/qdistro/tier3s-headless-smoke:latest, name=qdistro-tier3s-s122a, qdistro_tier3s_unit=qdistro-tier3s-silo@s122a.service, org.opencontainers.image.description=Image containing a minimal environment for containers based on openSUSE Tumbleweed., org.opencontainers.image.version=20260930.37.208, org.qdistro.snapshot=20260930, org.opensuse.lifecycle-url=https://en.opensuse.org/Lifetime, org.opensuse.base.lifecycle-url=https://en.opensuse.org/Lifetime, org.opensuse.base.version=20260930.37.208, org.opensuse.reference=registry.opensuse.org/opensuse/tumbleweed:20260930.37.208, execID=da57c5de71f10c4f0ea28bfc06b89576bbd02e7ef0ba8a7c3dc1e01af7162aa7, org.opencontainers.image.url=https://www.opensuse.org, org.qdistro.tier3s.workload=headless-smoke, org.opensuse.base.description=Image containing a minimal environment for containers based on openSUSE Tumbleweed., org.opensuse.base.source=https://build.opensuse.org/package/show/openSUSE:Factory/opensuse-tumbleweed-image?rev=561f9d4c8e4e1a441f95ad4ec6b5a914, org.opensuse.base.url=https://www.opensuse.org, io.buildah.version=1.44.1, org.opencontainers.image.source=https://build.opensuse.org/package/show/openSUSE:Factory/opensuse-tumbleweed-image?rev=561f9d4c8e4e1a441f95ad4ec6b5a914, org.opencontainers.image.vendor=openSUSE Project, qdistro_tier3s_token=d015272193819e68a38c46cdde1857dd, org.opencontainers.image.title=openSUSE Tumbleweed Base Container, org.opencontainers.image.created=2026-09-30T20:05:54.126624488Z, org.opensuse.base.created=2026-09-30T20:05:54.126624488Z, org.opensuse.base.reference=registry.opensuse.org/opensuse/tumbleweed:20260930.37.208, org.opensuse.base.disturl=obs://build.opensuse.org/openSUSE:Factory/images/561f9d4c8e4e1a441f95ad4ec6b5a914-opensuse-tumbleweed-image:docker, org.opensuse.base.title=openSUSE Tumbleweed Base Container, org.opensuse.base.vendor=openSUSE Project, org.openbuildservice.disturl=obs://build.opensuse.org/openSUSE:Factory/images/561f9d4c8e4e1a441f95ad4ec6b5a914-opensuse-tumbleweed-image:docker)
Oct 03 16:44:17 baseweed-admin dbus-run-session[1032]:   INFO qml: [20261003-164417]        PodApps cache refresh loaded 0 apps
Oct 03 16:44:17 baseweed-admin podman[7641]: 2026-10-03 16:44:17.312913217 +0000 UTC m=+0.285339821 container remove 2cd97aac40ddbc6c6d4a534f843a5a075eaf52a2bd10c6506b2fba34ef36ebc5 (image=localhost/tier3s-probe:empty, name=tier3s-probe-7405)
Oct 03 16:44:17 baseweed-admin runuser[7640]: pam_unix(runuser:session): session closed for user admin
Oct 03 16:44:17 baseweed-admin runuser[7667]: pam_unix(runuser:session): session opened for user admin(uid=1000) by (uid=0)
Oct 03 16:44:17 baseweed-admin qdistro-tier3s-silo-launch[7668]: [resolve-binding] silo 's122b' is untemplated (no binding)
Oct 03 16:44:17 baseweed-admin runuser[7667]: pam_unix(runuser:session): session closed for user admin
Oct 03 16:44:17 baseweed-admin qdistro-tier3s-silo-launch[7377]: spawn-tier3s: silo s122b runs UNTEMPLATED (no binding); image localhost/qdistro/tier3s-headless-smoke:latest
Oct 03 16:44:17 baseweed-admin dbus-run-session[1032]:   WARN: Process failed to start, likely because the binary could not be found. Command: QList("bluetoothctl", "show")
Oct 03 16:44:17 baseweed-admin runuser[7671]: pam_unix(runuser:session): session opened for user admin(uid=1000) by (uid=0)
Oct 03 16:44:17 baseweed-admin runuser[7671]: pam_unix(runuser:session): session closed for user admin
Oct 03 16:44:17 baseweed-admin systemd[1]: Started [systemd-run] /usr/sbin/runuser -u admin -- env -i PATH=/usr/bin:/bin HOME=/home/admin USER=admin LOGNAME=admin XDG_RUNTIME_DIR=/run/user/1000 podman ps -a --filter label=qdistro_tier3s_token --format json.
Oct 03 16:44:17 baseweed-admin runuser[7705]: pam_unix(runuser:session): session opened for user admin(uid=1000) by (uid=0)
Oct 03 16:44:17 baseweed-admin systemd[857]: Started podman-7706.scope.
Oct 03 16:44:17 baseweed-admin runuser[7705]: pam_unix(runuser:session): session closed for user admin
Oct 03 16:44:17 baseweed-admin systemd[1]: qdistro-t3s-call-7678-1-2855798292.scope: Deactivated successfully.
Oct 03 16:44:17 baseweed-admin runuser[7747]: pam_unix(runuser:session): session opened for user admin(uid=1000) by (uid=0)
Oct 03 16:44:17 baseweed-admin systemd[857]: Started podman-7748.scope.
Oct 03 16:44:17 baseweed-admin runuser[7747]: pam_unix(runuser:session): session closed for user admin
Oct 03 16:44:17 baseweed-admin qdistro-tier3s-silo-launch[7377]: LAUNCH_TOKEN=253b89e81cbea3add79100caac5f092c
Oct 03 16:44:17 baseweed-admin qdistro-tier3s-silo-launch[7377]: CONTAINER=qdistro-tier3s-s122b
Oct 03 16:44:17 baseweed-admin qdistro-tier3s-silo-launch[7377]: IMAGE=localhost/qdistro/tier3s-headless-smoke:latest
Oct 03 16:44:17 baseweed-admin qdistro-tier3s-silo-launch[7377]: SCOPE_UNIT=qdistro-tier3s-253b89e81cbea3add79100caac5f092c.scope
Oct 03 16:44:17 baseweed-admin systemd[1]: Started [systemd-run] /usr/libexec/qdistro/qdistro-tier3s-scope enter 253b89e81cbea3add79100caac5f092c 1000 -- podman --runtime /usr/libexec/qdistro/tier3s-runsc --runtime-flag=network=none --cgroup-manager=cgroupfs run --rm --name qdistro-tier3s-s122b --label qdistro_tier3s_token=253b89e81cbea3add79100caac5f092c --label qdistro_tier3s_unit=qdistro-tier3s-silo@s122b.service --security-opt label=disable --security-opt no-new-privileges --cap-drop=ALL --security-opt seccomp=/usr/lib/qdistro/tier3s/seccomp/headless-smoke.json --userns=keep-id --user 1000:1000 --read-only --tmpfs /tmp:rw,size=64m,mode=1777 --tmpfs /run/user/1000:rw,U,mode=0700 --tmpfs /home/admin/.cache:rw,U,mode=0700 --pids-limit=512 --network=none --env HOME=/home/admin --env XDG_RUNTIME_DIR=/run/user/1000 --env LANG=C.UTF-8 localhost/qdistro/tier3s-headless-smoke:latest qdistro-tier3s-smoke --hold 600.
Oct 03 16:44:17 baseweed-admin qdistro-tier3s-silo-launch[7757]: Running as unit: qdistro-tier3s-253b89e81cbea3add79100caac5f092c.scope; invocation ID: 2ad097a726d846bb9bcafc67ff0aff4b
Oct 03 16:44:17 baseweed-admin runuser[7759]: pam_unix(runuser:session): session opened for user admin(uid=1000) by (uid=0)
Oct 03 16:44:17 baseweed-admin qdistro-tier3s-silo-launch[7757]: qdistro-tier3s-scope: /system.slice/qdistro-tier3s-253b89e81cbea3add79100caac5f092c.scope delegated to uid 1000 (dir, cgroup.procs, cgroup.subtree_control, cgroup.threads)
Oct 03 16:44:17 baseweed-admin runuser[7757]: pam_unix(runuser:session): session opened for user admin(uid=1000) by (uid=0)
Oct 03 16:44:17 baseweed-admin systemd[857]: Started podman-7761.scope.
Oct 03 16:44:17 baseweed-admin runuser[7759]: pam_unix(runuser:session): session closed for user admin
Oct 03 16:44:17 baseweed-admin podman[7783]: 2026-10-03 16:44:17.756507062 +0000 UTC m=+0.065009536 container create 8d883bb0e2e3015363de7abcf5067d3d9f8e54ba07d297735111099f74bcedbf (image=localhost/qdistro/tier3s-headless-smoke:latest, name=qdistro-tier3s-s122b, org.opensuse.reference=registry.opensuse.org/opensuse/tumbleweed:20260930.37.208, org.opensuse.base.reference=registry.opensuse.org/opensuse/tumbleweed:20260930.37.208, org.opencontainers.image.title=openSUSE Tumbleweed Base Container, org.opencontainers.image.version=20260930.37.208, org.opensuse.lifecycle-url=https://en.opensuse.org/Lifetime, org.opencontainers.image.source=https://build.opensuse.org/package/show/openSUSE:Factory/opensuse-tumbleweed-image?rev=561f9d4c8e4e1a441f95ad4ec6b5a914, org.opensuse.base.source=https://build.opensuse.org/package/show/openSUSE:Factory/opensuse-tumbleweed-image?rev=561f9d4c8e4e1a441f95ad4ec6b5a914, org.qdistro.tier3s.workload=headless-smoke, org.opensuse.base.lifecycle-url=https://en.opensuse.org/Lifetime, org.opencontainers.image.description=Image containing a minimal environment for containers based on openSUSE Tumbleweed., org.opensuse.base.url=https://www.opensuse.org, io.buildah.version=1.44.1, qdistro_tier3s_token=253b89e81cbea3add79100caac5f092c, org.opensuse.base.disturl=obs://build.opensuse.org/openSUSE:Factory/images/561f9d4c8e4e1a441f95ad4ec6b5a914-opensuse-tumbleweed-image:docker, org.openbuildservice.disturl=obs://build.opensuse.org/openSUSE:Factory/images/561f9d4c8e4e1a441f95ad4ec6b5a914-opensuse-tumbleweed-image:docker, org.opensuse.base.vendor=openSUSE Project, org.opensuse.base.version=20260930.37.208, org.opencontainers.image.url=https://www.opensuse.org, org.opensuse.base.description=Image containing a minimal environment for containers based on openSUSE Tumbleweed., qdistro_tier3s_unit=qdistro-tier3s-silo@s122b.service, org.opensuse.base.title=openSUSE Tumbleweed Base Container, org.opensuse.base.created=2026-09-30T20:05:54.126624488Z, org.qdistro.snapshot=20260930, org.opencontainers.image.created=2026-09-30T20:05:54.126624488Z, org.opencontainers.image.vendor=openSUSE Project)
Oct 03 16:44:17 baseweed-admin podman[7783]: 2026-10-03 16:44:17.712532739 +0000 UTC m=+0.021035233 image pull 1eee52a21ad86f065d227988b4ff8e279fe838e4ed84ee77f2aed0d372deae92 localhost/qdistro/tier3s-headless-smoke:latest
Oct 03 16:44:17 baseweed-admin podman[7783]: 2026-10-03 16:44:17.884658084 +0000 UTC m=+0.193160578 container init 8d883bb0e2e3015363de7abcf5067d3d9f8e54ba07d297735111099f74bcedbf (image=localhost/qdistro/tier3s-headless-smoke:latest, name=qdistro-tier3s-s122b, org.opensuse.base.title=openSUSE Tumbleweed Base Container, io.buildah.version=1.44.1, qdistro_tier3s_token=253b89e81cbea3add79100caac5f092c, org.opencontainers.image.source=https://build.opensuse.org/package/show/openSUSE:Factory/opensuse-tumbleweed-image?rev=561f9d4c8e4e1a441f95ad4ec6b5a914, org.opencontainers.image.vendor=openSUSE Project, org.opensuse.base.disturl=obs://build.opensuse.org/openSUSE:Factory/images/561f9d4c8e4e1a441f95ad4ec6b5a914-opensuse-tumbleweed-image:docker, org.opensuse.base.lifecycle-url=https://en.opensuse.org/Lifetime, org.opensuse.base.version=20260930.37.208, org.opencontainers.image.created=2026-09-30T20:05:54.126624488Z, org.opencontainers.image.description=Image containing a minimal environment for containers based on openSUSE Tumbleweed., qdistro_tier3s_unit=qdistro-tier3s-silo@s122b.service, org.opensuse.base.created=2026-09-30T20:05:54.126624488Z, org.opencontainers.image.version=20260930.37.208, org.opensuse.base.vendor=openSUSE Project, org.qdistro.snapshot=20260930, org.opensuse.base.source=https://build.opensuse.org/package/show/openSUSE:Factory/opensuse-tumbleweed-image?rev=561f9d4c8e4e1a441f95ad4ec6b5a914, org.opensuse.base.reference=registry.opensuse.org/opensuse/tumbleweed:20260930.37.208, org.opensuse.base.url=https://www.opensuse.org, org.opensuse.base.description=Image containing a minimal environment for containers based on openSUSE Tumbleweed., org.opensuse.lifecycle-url=https://en.opensuse.org/Lifetime, org.openbuildservice.disturl=obs://build.opensuse.org/openSUSE:Factory/images/561f9d4c8e4e1a441f95ad4ec6b5a914-opensuse-tumbleweed-image:docker, org.opensuse.reference=registry.opensuse.org/opensuse/tumbleweed:20260930.37.208, org.qdistro.tier3s.workload=headless-smoke, org.opencontainers.image.url=https://www.opensuse.org, org.opencontainers.image.title=openSUSE Tumbleweed Base Container)
Oct 03 16:44:17 baseweed-admin podman[7783]: 2026-10-03 16:44:17.923107465 +0000 UTC m=+0.231609939 container start 8d883bb0e2e3015363de7abcf5067d3d9f8e54ba07d297735111099f74bcedbf (image=localhost/qdistro/tier3s-headless-smoke:latest, name=qdistro-tier3s-s122b, org.opensuse.base.description=Image containing a minimal environment for containers based on openSUSE Tumbleweed., org.opencontainers.image.title=openSUSE Tumbleweed Base Container, org.opensuse.base.created=2026-09-30T20:05:54.126624488Z, org.opensuse.base.reference=registry.opensuse.org/opensuse/tumbleweed:20260930.37.208, org.qdistro.tier3s.workload=headless-smoke, org.opensuse.base.version=20260930.37.208, org.opencontainers.image.description=Image containing a minimal environment for containers based on openSUSE Tumbleweed., org.opencontainers.image.url=https://www.opensuse.org, org.opensuse.base.url=https://www.opensuse.org, org.opensuse.lifecycle-url=https://en.opensuse.org/Lifetime, org.opensuse.base.vendor=openSUSE Project, org.opensuse.reference=registry.opensuse.org/opensuse/tumbleweed:20260930.37.208, org.opensuse.base.lifecycle-url=https://en.opensuse.org/Lifetime, org.opencontainers.image.created=2026-09-30T20:05:54.126624488Z, org.opensuse.base.title=openSUSE Tumbleweed Base Container, org.opencontainers.image.version=20260930.37.208, org.opencontainers.image.vendor=openSUSE Project, org.openbuildservice.disturl=obs://build.opensuse.org/openSUSE:Factory/images/561f9d4c8e4e1a441f95ad4ec6b5a914-opensuse-tumbleweed-image:docker, org.opencontainers.image.source=https://build.opensuse.org/package/show/openSUSE:Factory/opensuse-tumbleweed-image?rev=561f9d4c8e4e1a441f95ad4ec6b5a914, org.opensuse.base.source=https://build.opensuse.org/package/show/openSUSE:Factory/opensuse-tumbleweed-image?rev=561f9d4c8e4e1a441f95ad4ec6b5a914, qdistro_tier3s_unit=qdistro-tier3s-silo@s122b.service, io.buildah.version=1.44.1, qdistro_tier3s_token=253b89e81cbea3add79100caac5f092c, org.opensuse.base.disturl=obs://build.opensuse.org/openSUSE:Factory/images/561f9d4c8e4e1a441f95ad4ec6b5a914-opensuse-tumbleweed-image:docker, org.qdistro.snapshot=20260930)
Oct 03 16:44:17 baseweed-admin podman[7783]: 2026-10-03 16:44:17.953835864 +0000 UTC m=+0.262338348 container attach 8d883bb0e2e3015363de7abcf5067d3d9f8e54ba07d297735111099f74bcedbf (image=localhost/qdistro/tier3s-headless-smoke:latest, name=qdistro-tier3s-s122b, org.qdistro.tier3s.workload=headless-smoke, org.opencontainers.image.created=2026-09-30T20:05:54.126624488Z, org.opensuse.base.description=Image containing a minimal environment for containers based on openSUSE Tumbleweed., org.opencontainers.image.title=openSUSE Tumbleweed Base Container, io.buildah.version=1.44.1, qdistro_tier3s_token=253b89e81cbea3add79100caac5f092c, org.opensuse.base.reference=registry.opensuse.org/opensuse/tumbleweed:20260930.37.208, org.opensuse.base.version=20260930.37.208, org.opencontainers.image.url=https://www.opensuse.org, qdistro_tier3s_unit=qdistro-tier3s-silo@s122b.service, org.opensuse.base.title=openSUSE Tumbleweed Base Container, org.opencontainers.image.version=20260930.37.208, org.opensuse.base.disturl=obs://build.opensuse.org/openSUSE:Factory/images/561f9d4c8e4e1a441f95ad4ec6b5a914-opensuse-tumbleweed-image:docker, org.qdistro.snapshot=20260930, org.opensuse.base.url=https://www.opensuse.org, org.opencontainers.image.vendor=openSUSE Project, org.opensuse.lifecycle-url=https://en.opensuse.org/Lifetime, org.opensuse.base.source=https://build.opensuse.org/package/show/openSUSE:Factory/opensuse-tumbleweed-image?rev=561f9d4c8e4e1a441f95ad4ec6b5a914, org.opensuse.reference=registry.opensuse.org/opensuse/tumbleweed:20260930.37.208, org.opensuse.base.lifecycle-url=https://en.opensuse.org/Lifetime, org.opencontainers.image.description=Image containing a minimal environment for containers based on openSUSE Tumbleweed., org.opensuse.base.created=2026-09-30T20:05:54.126624488Z, org.openbuildservice.disturl=obs://build.opensuse.org/openSUSE:Factory/images/561f9d4c8e4e1a441f95ad4ec6b5a914-opensuse-tumbleweed-image:docker, org.opensuse.base.vendor=openSUSE Project, org.opencontainers.image.source=https://build.opensuse.org/package/show/openSUSE:Factory/opensuse-tumbleweed-image?rev=561f9d4c8e4e1a441f95ad4ec6b5a914)
Oct 03 16:44:17 baseweed-admin runuser[7861]: pam_unix(runuser:session): session opened for user admin(uid=1000) by (uid=0)
Oct 03 16:44:17 baseweed-admin qdistro-tier3s-s122b[7797]: SMOKE snapshot=20260930
Oct 03 16:44:17 baseweed-admin qdistro-tier3s-silo-launch[7783]: SMOKE snapshot=20260930
Oct 03 16:44:18 baseweed-admin qdistro-tier3s-s122b[7797]: SMOKE kernel=Linux version 4.19.0-gvisor #1 SMP Sun Jan 10 15:06:54 PST 2016
Oct 03 16:44:18 baseweed-admin qdistro-tier3s-silo-launch[7783]: SMOKE kernel=Linux version 4.19.0-gvisor #1 SMP Sun Jan 10 15:06:54 PST 2016
Oct 03 16:44:18 baseweed-admin systemd[857]: Started podman-7862.scope.
Oct 03 16:44:18 baseweed-admin runuser[7861]: pam_unix(runuser:session): session closed for user admin
Oct 03 16:44:18 baseweed-admin qdistro-tier3s-silo-launch[7377]: spawn-tier3s: running: qdistro-tier3s-s122b sentry=7813 conmon=7797 in /system.slice/qdistro-tier3s-253b89e81cbea3add79100caac5f092c.scope
Oct 03 16:44:18 baseweed-admin systemd[1]: Started qdistro tier-3s (gVisor) silo s122b (Experimental, dev profile only).
Oct 03 16:44:18 baseweed-admin qdistro-tier3s-s122b[7797]: SMOKE dmesg=[    0.000000] Starting gVisor...
Oct 03 16:44:18 baseweed-admin qdistro-tier3s-silo-launch[7783]: SMOKE dmesg=[    0.000000] Starting gVisor...
Oct 03 16:44:18 baseweed-admin qdistro-tier3s-s122b[7797]: SMOKE id=uid=1000(admin) gid=1000(admin) groups=1000(admin)
Oct 03 16:44:18 baseweed-admin qdistro-tier3s-silo-launch[7783]: SMOKE id=uid=1000(admin) gid=1000(admin) groups=1000(admin)
Oct 03 16:44:18 baseweed-admin qdistro_session_manager.py[4173]: 2026-10-03 16:44:18,076 INFO qdistro_session_manager: StartSilo name=s122b
Oct 03 16:44:18 baseweed-admin runuser[7374]: pam_unix(runuser:session): session closed for user admin
Oct 03 16:44:18 baseweed-admin qdistro-tier3s-s122b[7797]: SMOKE passwd=admin:x:1000:1000:qdistro admin:/home/admin:/bin/bash
Oct 03 16:44:18 baseweed-admin qdistro-tier3s-silo-launch[7783]: SMOKE passwd=admin:x:1000:1000:qdistro admin:/home/admin:/bin/bash
Oct 03 16:44:18 baseweed-admin qdistro-tier3s-s122b[7797]: SMOKE home=/home/admin
Oct 03 16:44:18 baseweed-admin qdistro-tier3s-silo-launch[7783]: SMOKE home=/home/admin
Oct 03 16:44:18 baseweed-admin runuser[7938]: pam_unix(runuser:session): session opened for user admin(uid=1000) by (uid=0)
Oct 03 16:44:18 baseweed-admin qdistro-tier3s-s122b[7797]: SMOKE lang=C.UTF-8 charmap=UTF-8 utf8_locales=2
Oct 03 16:44:18 baseweed-admin qdistro-tier3s-silo-launch[7783]: SMOKE lang=C.UTF-8 charmap=UTF-8 utf8_locales=2
Oct 03 16:44:18 baseweed-admin systemd[857]: Started podman-7939.scope.
Oct 03 16:44:18 baseweed-admin runuser[7938]: pam_unix(runuser:session): session closed for user admin
Oct 03 16:44:18 baseweed-admin qemu-ga[680]: info: guest-exec-status called, pid: 3529
Oct 03 16:44:18 baseweed-admin qdistro-tier3s-s122b[7797]: SMOKE mount /run/user/1000=1000:1000 700
Oct 03 16:44:18 baseweed-admin qdistro-tier3s-silo-launch[7783]: SMOKE mount /run/user/1000=1000:1000 700
Oct 03 16:44:18 baseweed-admin qdistro-tier3s-s122b[7797]: SMOKE mount /home/admin/.cache=1000:1000 700
Oct 03 16:44:18 baseweed-admin qdistro-tier3s-silo-launch[7783]: SMOKE mount /home/admin/.cache=1000:1000 700
Oct 03 16:44:18 baseweed-admin qdistro-tier3s-s122b[7797]: SMOKE mount /tmp=0:0 1777
Oct 03 16:44:18 baseweed-admin qdistro-tier3s-silo-launch[7783]: SMOKE mount /tmp=0:0 1777
Oct 03 16:44:18 baseweed-admin qdistro-tier3s-s122b[7797]: SMOKE caps=inh:0000000000000000,prm:0000000000000000,eff:0000000000000000,bnd:0000000000000000,amb:0000000000000000
Oct 03 16:44:18 baseweed-admin qdistro-tier3s-silo-launch[7783]: SMOKE caps=inh:0000000000000000,prm:0000000000000000,eff:0000000000000000,bnd:0000000000000000,amb:0000000000000000
Oct 03 16:44:18 baseweed-admin qdistro-tier3s-s122b[7797]: SMOKE nnp=1 seccomp=2
Oct 03 16:44:18 baseweed-admin qdistro-tier3s-silo-launch[7783]: SMOKE nnp=1 seccomp=2
Oct 03 16:44:18 baseweed-admin qdistro-tier3s-s122b[7797]: SMOKE rootfs=ro
Oct 03 16:44:18 baseweed-admin qdistro-tier3s-silo-launch[7783]: SMOKE rootfs=ro
Oct 03 16:44:18 baseweed-admin qdistro-tier3s-s122b[7797]: SMOKE mountopts /run/user/1000=tmpfs:rw,nosuid,mode=0700,uid=1000,gid=1000
Oct 03 16:44:18 baseweed-admin qdistro-tier3s-silo-launch[7783]: SMOKE mountopts /run/user/1000=tmpfs:rw,nosuid,mode=0700,uid=1000,gid=1000
Oct 03 16:44:18 baseweed-admin qdistro-tier3s-s122b[7797]: SMOKE mountopts /home/admin/.cache=tmpfs:rw,nosuid,mode=0700,uid=1000,gid=1000
Oct 03 16:44:18 baseweed-admin qdistro-tier3s-silo-launch[7783]: SMOKE mountopts /home/admin/.cache=tmpfs:rw,nosuid,mode=0700,uid=1000,gid=1000
Oct 03 16:44:18 baseweed-admin qdistro-tier3s-s122b[7797]: SMOKE rootfs_write rc=1 err=touch: cannot touch '/home/admin/.smoke-rw': Read-only file system
Oct 03 16:44:18 baseweed-admin qdistro-tier3s-silo-launch[7783]: SMOKE rootfs_write rc=1 err=touch: cannot touch '/home/admin/.smoke-rw': Read-only file system
Oct 03 16:44:18 baseweed-admin qdistro-tier3s-s122b[7797]: SMOKE chmod rc=0 mode=600
Oct 03 16:44:18 baseweed-admin qdistro-tier3s-silo-launch[7783]: SMOKE chmod rc=0 mode=600
Oct 03 16:44:18 baseweed-admin qdistro-tier3s-s122b[7797]: SMOKE chmod_nofollow rc=1 mode=600
Oct 03 16:44:18 baseweed-admin qdistro-tier3s-silo-launch[7783]: SMOKE chmod_nofollow rc=1 mode=600
Oct 03 16:44:18 baseweed-admin qdistro-tier3s-s122b[7797]: SMOKE ls_l rc=0 stderr_bytes=0
Oct 03 16:44:18 baseweed-admin qdistro-tier3s-silo-launch[7783]: SMOKE ls_l rc=0 stderr_bytes=0
Oct 03 16:44:18 baseweed-admin qdistro-tier3s-s122b[7797]: SMOKE routes=2 links=lo,
Oct 03 16:44:18 baseweed-admin qdistro-tier3s-silo-launch[7783]: SMOKE routes=2 links=lo,
Oct 03 16:44:18 baseweed-admin qdistro-tier3s-s122b[7797]: SMOKE route_table=::1 dev lo proto unspec scope link ;127.0.0.0/8 dev lo proto unspec scope link ;
Oct 03 16:44:18 baseweed-admin qdistro-tier3s-s122b[7797]: SMOKE done
Oct 03 16:44:18 baseweed-admin qdistro-tier3s-silo-launch[7783]: SMOKE route_table=::1 dev lo proto unspec scope link ;127.0.0.0/8 dev lo proto unspec scope link ;
Oct 03 16:44:18 baseweed-admin qdistro-tier3s-silo-launch[7783]: SMOKE done
Oct 03 16:44:18 baseweed-admin qdistro-tier3s-s122b[7797]: SMOKE holding 600s
Oct 03 16:44:18 baseweed-admin qdistro-tier3s-silo-launch[7783]: SMOKE holding 600s
Oct 03 16:44:18 baseweed-admin systemd[1]: Stopping qdistro tier-3s (gVisor) silo s122a (Experimental, dev profile only)...
Oct 03 16:44:18 baseweed-admin systemd[1]: Stopping qdistro tier-3s (gVisor) silo s122b (Experimental, dev profile only)...
Oct 03 16:44:18 baseweed-admin systemd[1]: Started [systemd-run] /usr/sbin/runuser -u admin -- env -i PATH=/usr/bin:/bin HOME=/home/admin USER=admin LOGNAME=admin XDG_RUNTIME_DIR=/run/user/1000 sh -c "podman container exists \"\$1\"; printf \"PMRC=%d\\n\" \"\$?\"" sh qdistro-tier3s-s122a.
Oct 03 16:44:18 baseweed-admin systemd[1]: Started [systemd-run] /usr/sbin/runuser -u admin -- env -i PATH=/usr/bin:/bin HOME=/home/admin USER=admin LOGNAME=admin XDG_RUNTIME_DIR=/run/user/1000 sh -c "podman container exists \"\$1\"; printf \"PMRC=%d\\n\" \"\$?\"" sh qdistro-tier3s-s122b.
Oct 03 16:44:18 baseweed-admin runuser[8061]: pam_unix(runuser:session): session opened for user admin(uid=1000) by (uid=0)
Oct 03 16:44:18 baseweed-admin runuser[8060]: pam_unix(runuser:session): session opened for user admin(uid=1000) by (uid=0)
Oct 03 16:44:18 baseweed-admin systemd[857]: Started podman-8064.scope.
Oct 03 16:44:18 baseweed-admin systemd[857]: Started podman-8065.scope.
Oct 03 16:44:18 baseweed-admin runuser[8060]: pam_unix(runuser:session): session closed for user admin
Oct 03 16:44:18 baseweed-admin systemd[1]: qdistro-t3s-call-7971-1-3254191644.scope: Deactivated successfully.
Oct 03 16:44:18 baseweed-admin runuser[8061]: pam_unix(runuser:session): session closed for user admin
Oct 03 16:44:18 baseweed-admin systemd[1]: qdistro-t3s-call-7970-1-163876935.scope: Deactivated successfully.
Oct 03 16:44:18 baseweed-admin systemd[1]: Started [systemd-run] /usr/sbin/runuser -u admin -- env -i PATH=/usr/bin:/bin HOME=/home/admin USER=admin LOGNAME=admin XDG_RUNTIME_DIR=/run/user/1000 podman container inspect --format "{{.Id}} {{index .Config.Labels \"qdistro_tier3s_token\"}}" qdistro-tier3s-s122b.
Oct 03 16:44:18 baseweed-admin systemd[1]: Started [systemd-run] /usr/sbin/runuser -u admin -- env -i PATH=/usr/bin:/bin HOME=/home/admin USER=admin LOGNAME=admin XDG_RUNTIME_DIR=/run/user/1000 podman container inspect --format "{{.Id}} {{index .Config.Labels \"qdistro_tier3s_token\"}}" qdistro-tier3s-s122a.
Oct 03 16:44:18 baseweed-admin runuser[8095]: pam_unix(runuser:session): session opened for user admin(uid=1000) by (uid=0)
Oct 03 16:44:18 baseweed-admin runuser[8099]: pam_unix(runuser:session): session opened for user admin(uid=1000) by (uid=0)
Oct 03 16:44:18 baseweed-admin systemd[857]: Started podman-8101.scope.
Oct 03 16:44:18 baseweed-admin systemd[857]: Started podman-8100.scope.
Oct 03 16:44:18 baseweed-admin runuser[8099]: pam_unix(runuser:session): session closed for user admin
Oct 03 16:44:18 baseweed-admin systemd[1]: qdistro-t3s-call-7970-2-1243462534.scope: Deactivated successfully.
Oct 03 16:44:18 baseweed-admin runuser[8095]: pam_unix(runuser:session): session closed for user admin
Oct 03 16:44:18 baseweed-admin systemd[1]: qdistro-t3s-call-7971-2-4060873249.scope: Deactivated successfully.
Oct 03 16:44:18 baseweed-admin systemd[1]: Started [systemd-run] /usr/sbin/runuser -u admin -- env -i PATH=/usr/bin:/bin HOME=/home/admin USER=admin LOGNAME=admin XDG_RUNTIME_DIR=/run/user/1000 podman stop -t 10 5973c702844b9bebffd6638796b958daa1e033f7fbf308742fdf54f7cdfcd0aa.
Oct 03 16:44:18 baseweed-admin systemd[1]: Started [systemd-run] /usr/sbin/runuser -u admin -- env -i PATH=/usr/bin:/bin HOME=/home/admin USER=admin LOGNAME=admin XDG_RUNTIME_DIR=/run/user/1000 podman stop -t 10 8d883bb0e2e3015363de7abcf5067d3d9f8e54ba07d297735111099f74bcedbf.
Oct 03 16:44:18 baseweed-admin runuser[8130]: pam_unix(runuser:session): session opened for user admin(uid=1000) by (uid=0)
Oct 03 16:44:18 baseweed-admin runuser[8135]: pam_unix(runuser:session): session opened for user admin(uid=1000) by (uid=0)
Oct 03 16:44:19 baseweed-admin systemd[857]: Started podman-8136.scope.
Oct 03 16:44:19 baseweed-admin systemd[857]: Started podman-8137.scope.
Oct 03 16:44:19 baseweed-admin qdistro-tier3s-s122a[7150]: SMOKE term
Oct 03 16:44:19 baseweed-admin qdistro-tier3s-silo-launch[7132]: SMOKE term
Oct 03 16:44:19 baseweed-admin podman[7132]: 2026-10-03 16:44:19.082164341 +0000 UTC m=+4.683915309 container died 5973c702844b9bebffd6638796b958daa1e033f7fbf308742fdf54f7cdfcd0aa (image=localhost/qdistro/tier3s-headless-smoke:latest, name=qdistro-tier3s-s122a, org.openbuildservice.disturl=obs://build.opensuse.org/openSUSE:Factory/images/561f9d4c8e4e1a441f95ad4ec6b5a914-opensuse-tumbleweed-image:docker, org.opencontainers.image.version=20260930.37.208, org.opensuse.base.version=20260930.37.208, org.opencontainers.image.title=openSUSE Tumbleweed Base Container, org.opensuse.base.title=openSUSE Tumbleweed Base Container, org.opensuse.base.reference=registry.opensuse.org/opensuse/tumbleweed:20260930.37.208, io.buildah.version=1.44.1, org.opensuse.base.disturl=obs://build.opensuse.org/openSUSE:Factory/images/561f9d4c8e4e1a441f95ad4ec6b5a914-opensuse-tumbleweed-image:docker, org.opensuse.base.source=https://build.opensuse.org/package/show/openSUSE:Factory/opensuse-tumbleweed-image?rev=561f9d4c8e4e1a441f95ad4ec6b5a914, org.opencontainers.image.source=https://build.opensuse.org/package/show/openSUSE:Factory/opensuse-tumbleweed-image?rev=561f9d4c8e4e1a441f95ad4ec6b5a914, org.opensuse.base.url=https://www.opensuse.org, org.opensuse.base.vendor=openSUSE Project, org.opencontainers.image.created=2026-09-30T20:05:54.126624488Z, org.opensuse.base.lifecycle-url=https://en.opensuse.org/Lifetime, org.qdistro.snapshot=20260930, org.opensuse.lifecycle-url=https://en.opensuse.org/Lifetime, org.opensuse.base.created=2026-09-30T20:05:54.126624488Z, org.opencontainers.image.description=Image containing a minimal environment for containers based on openSUSE Tumbleweed., qdistro_tier3s_token=d015272193819e68a38c46cdde1857dd, org.opensuse.base.description=Image containing a minimal environment for containers based on openSUSE Tumbleweed., org.qdistro.tier3s.workload=headless-smoke, org.opencontainers.image.vendor=openSUSE Project, org.opencontainers.image.url=https://www.opensuse.org, org.opensuse.reference=registry.opensuse.org/opensuse/tumbleweed:20260930.37.208, qdistro_tier3s_unit=qdistro-tier3s-silo@s122a.service)
Oct 03 16:44:19 baseweed-admin qdistro-tier3s-s122b[7797]: SMOKE term
Oct 03 16:44:19 baseweed-admin qdistro-tier3s-silo-launch[7783]: SMOKE term
Oct 03 16:44:19 baseweed-admin podman[7783]: 2026-10-03 16:44:19.201161142 +0000 UTC m=+1.509663636 container died 8d883bb0e2e3015363de7abcf5067d3d9f8e54ba07d297735111099f74bcedbf (image=localhost/qdistro/tier3s-headless-smoke:latest, name=qdistro-tier3s-s122b, org.opensuse.base.source=https://build.opensuse.org/package/show/openSUSE:Factory/opensuse-tumbleweed-image?rev=561f9d4c8e4e1a441f95ad4ec6b5a914, org.opensuse.base.url=https://www.opensuse.org, qdistro_tier3s_unit=qdistro-tier3s-silo@s122b.service, io.buildah.version=1.44.1, org.opensuse.base.created=2026-09-30T20:05:54.126624488Z, org.opencontainers.image.version=20260930.37.208, org.opensuse.base.reference=registry.opensuse.org/opensuse/tumbleweed:20260930.37.208, org.qdistro.tier3s.workload=headless-smoke, org.opensuse.base.version=20260930.37.208, org.opencontainers.image.url=https://www.opensuse.org, org.opencontainers.image.title=openSUSE Tumbleweed Base Container, qdistro_tier3s_token=253b89e81cbea3add79100caac5f092c, org.opensuse.lifecycle-url=https://en.opensuse.org/Lifetime, org.opensuse.base.vendor=openSUSE Project, org.qdistro.snapshot=20260930, org.opensuse.reference=registry.opensuse.org/opensuse/tumbleweed:20260930.37.208, org.opencontainers.image.created=2026-09-30T20:05:54.126624488Z, org.opencontainers.image.description=Image containing a minimal environment for containers based on openSUSE Tumbleweed., org.opensuse.base.title=openSUSE Tumbleweed Base Container, org.opensuse.base.disturl=obs://build.opensuse.org/openSUSE:Factory/images/561f9d4c8e4e1a441f95ad4ec6b5a914-opensuse-tumbleweed-image:docker, org.opensuse.base.lifecycle-url=https://en.opensuse.org/Lifetime, org.opencontainers.image.vendor=openSUSE Project, org.openbuildservice.disturl=obs://build.opensuse.org/openSUSE:Factory/images/561f9d4c8e4e1a441f95ad4ec6b5a914-opensuse-tumbleweed-image:docker, org.opensuse.base.description=Image containing a minimal environment for containers based on openSUSE Tumbleweed., org.opencontainers.image.source=https://build.opensuse.org/package/show/openSUSE:Factory/opensuse-tumbleweed-image?rev=561f9d4c8e4e1a441f95ad4ec6b5a914)
Oct 03 16:44:19 baseweed-admin qemu-ga[680]: info: guest-exec-status called, pid: 3529
Oct 03 16:44:19 baseweed-admin dbus-run-session[1032]:   WARN: Process failed to start, likely because the binary could not be found. Command: QList("bluetoothctl", "show")
Oct 03 16:44:19 baseweed-admin podman[8177]: 2026-10-03 16:44:19.48211927 +0000 UTC m=+0.379356864 container remove 8d883bb0e2e3015363de7abcf5067d3d9f8e54ba07d297735111099f74bcedbf (image=localhost/qdistro/tier3s-headless-smoke:latest, name=qdistro-tier3s-s122b, org.opencontainers.image.description=Image containing a minimal environment for containers based on openSUSE Tumbleweed., org.opencontainers.image.version=20260930.37.208, org.opensuse.reference=registry.opensuse.org/opensuse/tumbleweed:20260930.37.208, qdistro_tier3s_token=253b89e81cbea3add79100caac5f092c, qdistro_tier3s_unit=qdistro-tier3s-silo@s122b.service, org.opencontainers.image.url=https://www.opensuse.org, org.opencontainers.image.vendor=openSUSE Project, org.opensuse.base.lifecycle-url=https://en.opensuse.org/Lifetime, org.qdistro.snapshot=20260930, org.openbuildservice.disturl=obs://build.opensuse.org/openSUSE:Factory/images/561f9d4c8e4e1a441f95ad4ec6b5a914-opensuse-tumbleweed-image:docker, org.opensuse.base.version=20260930.37.208, org.opensuse.base.title=openSUSE Tumbleweed Base Container, org.opensuse.base.source=https://build.opensuse.org/package/show/openSUSE:Factory/opensuse-tumbleweed-image?rev=561f9d4c8e4e1a441f95ad4ec6b5a914, org.opensuse.base.reference=registry.opensuse.org/opensuse/tumbleweed:20260930.37.208, org.opencontainers.image.title=openSUSE Tumbleweed Base Container, org.opensuse.lifecycle-url=https://en.opensuse.org/Lifetime, org.qdistro.tier3s.workload=headless-smoke, org.opensuse.base.vendor=openSUSE Project, org.opensuse.base.created=2026-09-30T20:05:54.126624488Z, org.opensuse.base.url=https://www.opensuse.org, org.opencontainers.image.created=2026-09-30T20:05:54.126624488Z, org.opencontainers.image.source=https://build.opensuse.org/package/show/openSUSE:Factory/opensuse-tumbleweed-image?rev=561f9d4c8e4e1a441f95ad4ec6b5a914, org.opensuse.base.description=Image containing a minimal environment for containers based on openSUSE Tumbleweed., org.opensuse.base.disturl=obs://build.opensuse.org/openSUSE:Factory/images/561f9d4c8e4e1a441f95ad4ec6b5a914-opensuse-tumbleweed-image:docker, io.buildah.version=1.44.1)
Oct 03 16:44:19 baseweed-admin runuser[7757]: pam_unix(runuser:session): session closed for user admin
Oct 03 16:44:19 baseweed-admin runuser[8135]: pam_unix(runuser:session): session closed for user admin
Oct 03 16:44:19 baseweed-admin systemd[1]: qdistro-tier3s-253b89e81cbea3add79100caac5f092c.scope: Deactivated successfully.
Oct 03 16:44:19 baseweed-admin systemd[1]: Stopped [systemd-run] /usr/libexec/qdistro/qdistro-tier3s-scope enter 253b89e81cbea3add79100caac5f092c 1000 -- podman --runtime /usr/libexec/qdistro/tier3s-runsc --runtime-flag=network=none --cgroup-manager=cgroupfs run --rm --name qdistro-tier3s-s122b --label qdistro_tier3s_token=253b89e81cbea3add79100caac5f092c --label qdistro_tier3s_unit=qdistro-tier3s-silo@s122b.service --security-opt label=disable --security-opt no-new-privileges --cap-drop=ALL --security-opt seccomp=/usr/lib/qdistro/tier3s/seccomp/headless-smoke.json --userns=keep-id --user 1000:1000 --read-only --tmpfs /tmp:rw,size=64m,mode=1777 --tmpfs /run/user/1000:rw,U,mode=0700 --tmpfs /home/admin/.cache:rw,U,mode=0700 --pids-limit=512 --network=none --env HOME=/home/admin --env XDG_RUNTIME_DIR=/run/user/1000 --env LANG=C.UTF-8 localhost/qdistro/tier3s-headless-smoke:latest qdistro-tier3s-smoke --hold 600.
Oct 03 16:44:19 baseweed-admin systemd[1]: qdistro-tier3s-253b89e81cbea3add79100caac5f092c.scope: Consumed 1.522s CPU time over 1.831s wall clock time.
Oct 03 16:44:19 baseweed-admin systemd[1]: qdistro-t3s-call-7971-3-1136623575.scope: Deactivated successfully.
Oct 03 16:44:19 baseweed-admin podman[8136]: 2026-10-03 16:44:19.644315175 +0000 UTC m=+0.661090891 container remove 5973c702844b9bebffd6638796b958daa1e033f7fbf308742fdf54f7cdfcd0aa (image=localhost/qdistro/tier3s-headless-smoke:latest, name=qdistro-tier3s-s122a, org.opencontainers.image.source=https://build.opensuse.org/package/show/openSUSE:Factory/opensuse-tumbleweed-image?rev=561f9d4c8e4e1a441f95ad4ec6b5a914, org.opensuse.base.version=20260930.37.208, org.opencontainers.image.version=20260930.37.208, org.opensuse.base.created=2026-09-30T20:05:54.126624488Z, org.opensuse.base.source=https://build.opensuse.org/package/show/openSUSE:Factory/opensuse-tumbleweed-image?rev=561f9d4c8e4e1a441f95ad4ec6b5a914, org.opensuse.base.vendor=openSUSE Project, org.opensuse.reference=registry.opensuse.org/opensuse/tumbleweed:20260930.37.208, qdistro_tier3s_unit=qdistro-tier3s-silo@s122a.service, io.buildah.version=1.44.1, org.opencontainers.image.url=https://www.opensuse.org, org.opensuse.base.url=https://www.opensuse.org, org.opencontainers.image.vendor=openSUSE Project, org.qdistro.tier3s.workload=headless-smoke, org.opencontainers.image.title=openSUSE Tumbleweed Base Container, org.opensuse.base.disturl=obs://build.opensuse.org/openSUSE:Factory/images/561f9d4c8e4e1a441f95ad4ec6b5a914-opensuse-tumbleweed-image:docker, org.openbuildservice.disturl=obs://build.opensuse.org/openSUSE:Factory/images/561f9d4c8e4e1a441f95ad4ec6b5a914-opensuse-tumbleweed-image:docker, org.opensuse.base.description=Image containing a minimal environment for containers based on openSUSE Tumbleweed., org.opensuse.base.reference=registry.opensuse.org/opensuse/tumbleweed:20260930.37.208, org.opensuse.lifecycle-url=https://en.opensuse.org/Lifetime, org.qdistro.snapshot=20260930, org.opensuse.base.lifecycle-url=https://en.opensuse.org/Lifetime, org.opensuse.base.title=openSUSE Tumbleweed Base Container, qdistro_tier3s_token=d015272193819e68a38c46cdde1857dd, org.opencontainers.image.created=2026-09-30T20:05:54.126624488Z, org.opencontainers.image.description=Image containing a minimal environment for containers based on openSUSE Tumbleweed.)
Oct 03 16:44:19 baseweed-admin runuser[8130]: pam_unix(runuser:session): session closed for user admin
Oct 03 16:44:19 baseweed-admin systemd[1]: qdistro-t3s-call-7970-3-3729631198.scope: Deactivated successfully.
Oct 03 16:44:19 baseweed-admin runuser[7105]: pam_unix(runuser:session): session closed for user admin
Oct 03 16:44:19 baseweed-admin systemd[1]: qdistro-tier3s-d015272193819e68a38c46cdde1857dd.scope: Deactivated successfully.
Oct 03 16:44:19 baseweed-admin systemd[1]: Stopped [systemd-run] /usr/libexec/qdistro/qdistro-tier3s-scope enter d015272193819e68a38c46cdde1857dd 1000 -- podman --runtime /usr/libexec/qdistro/tier3s-runsc --runtime-flag=network=none --cgroup-manager=cgroupfs run --rm --name qdistro-tier3s-s122a --label qdistro_tier3s_token=d015272193819e68a38c46cdde1857dd --label qdistro_tier3s_unit=qdistro-tier3s-silo@s122a.service --security-opt label=disable --security-opt no-new-privileges --cap-drop=ALL --security-opt seccomp=/usr/lib/qdistro/tier3s/seccomp/headless-smoke.json --userns=keep-id --user 1000:1000 --read-only --tmpfs /tmp:rw,size=64m,mode=1777 --tmpfs /run/user/1000:rw,U,mode=0700 --tmpfs /home/admin/.cache:rw,U,mode=0700 --pids-limit=512 --network=none --env HOME=/home/admin --env XDG_RUNTIME_DIR=/run/user/1000 --env LANG=C.UTF-8 localhost/qdistro/tier3s-headless-smoke:latest qdistro-tier3s-smoke --hold 600.
Oct 03 16:44:19 baseweed-admin systemd[1]: qdistro-tier3s-d015272193819e68a38c46cdde1857dd.scope: Consumed 1.716s CPU time over 5.321s wall clock time.
Oct 03 16:44:19 baseweed-admin systemd[857]: qdistro-polkit-agent.service: Scheduled restart job, restart counter is at 30.
Oct 03 16:44:19 baseweed-admin systemd[857]: Started qdistro polkit authentication agent (PAM / fprintd / broker).
Oct 03 16:44:19 baseweed-admin systemd[1]: Started [systemd-run] /usr/sbin/runuser -u admin -- env -i PATH=/usr/bin:/bin HOME=/home/admin USER=admin LOGNAME=admin XDG_RUNTIME_DIR=/run/user/1000 podman rm -f --ignore 5973c702844b9bebffd6638796b958daa1e033f7fbf308742fdf54f7cdfcd0aa.
Oct 03 16:44:19 baseweed-admin systemd[1]: Started [systemd-run] /usr/sbin/runuser -u admin -- env -i PATH=/usr/bin:/bin HOME=/home/admin USER=admin LOGNAME=admin XDG_RUNTIME_DIR=/run/user/1000 podman rm -f --ignore 8d883bb0e2e3015363de7abcf5067d3d9f8e54ba07d297735111099f74bcedbf.
Oct 03 16:44:19 baseweed-admin runuser[8225]: pam_unix(runuser:session): session opened for user admin(uid=1000) by (uid=0)
Oct 03 16:44:19 baseweed-admin runuser[8232]: pam_unix(runuser:session): session opened for user admin(uid=1000) by (uid=0)
Oct 03 16:44:19 baseweed-admin systemd[857]: Started podman-8237.scope.
Oct 03 16:44:19 baseweed-admin runuser[8232]: pam_unix(runuser:session): session closed for user admin
Oct 03 16:44:19 baseweed-admin systemd[1]: qdistro-t3s-call-7971-4-967131340.scope: Deactivated successfully.
Oct 03 16:44:19 baseweed-admin systemd[857]: Started podman-8236.scope.
Oct 03 16:44:19 baseweed-admin runuser[8225]: pam_unix(runuser:session): session closed for user admin
Oct 03 16:44:19 baseweed-admin systemd[1]: qdistro-t3s-call-7970-4-431526268.scope: Deactivated successfully.
Oct 03 16:44:19 baseweed-admin qdistro-polkit-agent[8233]: registration failed: org.freedesktop.PolicyKit1.Error.Failed: Cannot determine session the caller is in
Oct 03 16:44:19 baseweed-admin python3[8233]: qdistro-polkit-agent: registration failed: org.freedesktop.PolicyKit1.Error.Failed: Cannot determine session the caller is in
Oct 03 16:44:19 baseweed-admin systemd[1]: Started [systemd-run] /usr/sbin/runuser -u admin -- env -i PATH=/usr/bin:/bin HOME=/home/admin USER=admin LOGNAME=admin XDG_RUNTIME_DIR=/run/user/1000 sh -c "podman container exists \"\$1\"; printf \"PMRC=%d\\n\" \"\$?\"" sh 5973c702844b9bebffd6638796b958daa1e033f7fbf308742fdf54f7cdfcd0aa.
Oct 03 16:44:19 baseweed-admin systemd[1]: Started [systemd-run] /usr/sbin/runuser -u admin -- env -i PATH=/usr/bin:/bin HOME=/home/admin USER=admin LOGNAME=admin XDG_RUNTIME_DIR=/run/user/1000 sh -c "podman container exists \"\$1\"; printf \"PMRC=%d\\n\" \"\$?\"" sh 8d883bb0e2e3015363de7abcf5067d3d9f8e54ba07d297735111099f74bcedbf.
Oct 03 16:44:19 baseweed-admin runuser[8267]: pam_unix(runuser:session): session opened for user admin(uid=1000) by (uid=0)
Oct 03 16:44:19 baseweed-admin runuser[8264]: pam_unix(runuser:session): session opened for user admin(uid=1000) by (uid=0)
Oct 03 16:44:19 baseweed-admin systemd[857]: qdistro-polkit-agent.service: Main process exited, code=exited, status=1/FAILURE
Oct 03 16:44:19 baseweed-admin systemd[857]: qdistro-polkit-agent.service: Failed with result 'exit-code'.
Oct 03 16:44:19 baseweed-admin systemd[857]: Started podman-8270.scope.
Oct 03 16:44:20 baseweed-admin systemd[857]: Started podman-8271.scope.
Oct 03 16:44:20 baseweed-admin runuser[8267]: pam_unix(runuser:session): session closed for user admin
Oct 03 16:44:20 baseweed-admin systemd[1]: qdistro-t3s-call-7970-5-130689300.scope: Deactivated successfully.
Oct 03 16:44:20 baseweed-admin runuser[8264]: pam_unix(runuser:session): session closed for user admin
Oct 03 16:44:20 baseweed-admin systemd[1]: qdistro-t3s-call-7971-5-2208081552.scope: Deactivated successfully.
Oct 03 16:44:20 baseweed-admin qdistro-tier3s-cleanup[7971]: qdistro-tier3s-cleanup: 253b89e81cbea3add79100caac5f092c: torn down (qdistro-tier3s-s122b)
Oct 03 16:44:20 baseweed-admin qdistro-tier3s-cleanup[7970]: qdistro-tier3s-cleanup: d015272193819e68a38c46cdde1857dd: torn down (qdistro-tier3s-s122a)
Oct 03 16:44:20 baseweed-admin qdistro-tier3s-silo-launch[6814]: spawn-tier3s: signal: tearing down d015272193819e68a38c46cdde1857dd
Oct 03 16:44:20 baseweed-admin qdistro-tier3s-silo-launch[7377]: spawn-tier3s: signal: tearing down 253b89e81cbea3add79100caac5f092c
Oct 03 16:44:20 baseweed-admin systemd[1]: qdistro-tier3s-silo@s122a.service: Deactivated successfully.
Oct 03 16:44:20 baseweed-admin systemd[1]: Stopped qdistro tier-3s (gVisor) silo s122a (Experimental, dev profile only).
Oct 03 16:44:20 baseweed-admin systemd[1]: qdistro-tier3s-silo@s122a.service: Consumed 1.792s CPU time over 7.653s wall clock time.
Oct 03 16:44:20 baseweed-admin systemd[1]: qdistro-tier3s-silo@s122b.service: Deactivated successfully.
Oct 03 16:44:20 baseweed-admin systemd[1]: Stopped qdistro tier-3s (gVisor) silo s122b (Experimental, dev profile only).
Oct 03 16:44:20 baseweed-admin systemd[1]: qdistro-tier3s-silo@s122b.service: Consumed 1.509s CPU time over 4.264s wall clock time.
Oct 03 16:44:20 baseweed-admin systemd[1]: Stopping qdistro session manager (user-silo lifecycle)...
Oct 03 16:44:20 baseweed-admin systemd[1]: qdistro-session-manager.service: Deactivated successfully.
Oct 03 16:44:20 baseweed-admin systemd[1]: Stopped qdistro session manager (user-silo lifecycle).
Oct 03 16:44:20 baseweed-admin runuser[8438]: pam_unix(runuser:session): session opened for user admin(uid=1000) by (uid=0)
Oct 03 16:44:20 baseweed-admin systemd[857]: Started podman-8439.scope.
Oct 03 16:44:20 baseweed-admin runuser[8438]: pam_unix(runuser:session): session closed for user admin
Oct 03 16:44:20 baseweed-admin runuser[8449]: pam_unix(runuser:session): session opened for user admin(uid=1000) by (uid=0)
Oct 03 16:44:20 baseweed-admin systemd[857]: Started podman-8450.scope.
Oct 03 16:44:20 baseweed-admin runuser[8449]: pam_unix(runuser:session): session closed for user admin
Oct 03 16:44:20 baseweed-admin qemu-ga[680]: info: guest-exec-status called, pid: 3529
Oct 03 16:44:20 baseweed-admin runuser[8521]: pam_unix(runuser:session): session opened for user admin(uid=1000) by (uid=0)
Oct 03 16:44:20 baseweed-admin systemd[857]: Started podman-8522.scope.
Oct 03 16:44:20 baseweed-admin runuser[8521]: pam_unix(runuser:session): session closed for user admin
Oct 03 16:44:20 baseweed-admin runuser[8531]: pam_unix(runuser:session): session opened for user admin(uid=1000) by (uid=0)
Oct 03 16:44:20 baseweed-admin systemd[857]: Started podman-8532.scope.
Oct 03 16:44:20 baseweed-admin runuser[8531]: pam_unix(runuser:session): session closed for user admin
Oct 03 16:44:20 baseweed-admin runuser[8560]: pam_unix(runuser:session): session opened for user admin(uid=1000) by (uid=0)
Oct 03 16:44:20 baseweed-admin systemd[857]: Started podman-8561.scope.
Oct 03 16:44:20 baseweed-admin runuser[8560]: pam_unix(runuser:session): session closed for user admin
Oct 03 16:44:20 baseweed-admin systemd[1]: Starting qdistro session manager (user-silo lifecycle)...
Oct 03 16:44:20 baseweed-admin systemd[1]: Started qdistro session manager (user-silo lifecycle).
Oct 03 16:44:20 baseweed-admin runuser[8967]: pam_unix(runuser:session): session opened for user admin(uid=1000) by (uid=0)
Oct 03 16:44:20 baseweed-admin systemd[857]: Started podman-8983.scope.
Oct 03 16:44:20 baseweed-admin runuser[8967]: pam_unix(runuser:session): session closed for user admin
Oct 03 16:44:20 baseweed-admin runuser[8993]: pam_unix(runuser:session): session opened for user admin(uid=1000) by (uid=0)
Oct 03 16:44:21 baseweed-admin systemd[857]: Started podman-9002.scope.
Oct 03 16:44:21 baseweed-admin runuser[8993]: pam_unix(runuser:session): session closed for user admin
Oct 03 16:44:21 baseweed-admin systemd[1]: Started [systemd-run] /usr/sbin/runuser -u admin -- env -i PATH=/usr/bin:/bin HOME=/home/admin USER=admin LOGNAME=admin XDG_RUNTIME_DIR=/run/user/1000 podman ps -a --filter label=qdistro_tier3s_token --format json.
Oct 03 16:44:21 baseweed-admin runuser[9028]: pam_unix(runuser:session): session opened for user admin(uid=1000) by (uid=0)
Oct 03 16:44:21 baseweed-admin systemd[857]: Started podman-9029.scope.
Oct 03 16:44:21 baseweed-admin runuser[9028]: pam_unix(runuser:session): session closed for user admin
Oct 03 16:44:21 baseweed-admin systemd[1]: qdistro-t3s-call-9013-1-2906302912.scope: Deactivated successfully.
Oct 03 16:44:21 baseweed-admin systemd[1]: Starting qdistro tier-3s (gVisor) silo s122a (Experimental, dev profile only)...
Oct 03 16:44:21 baseweed-admin qemu-ga[680]: info: guest-exec-status called, pid: 3529
Oct 03 16:44:21 baseweed-admin dbus-run-session[1032]:   WARN: Process failed to start, likely because the binary could not be found. Command: QList("bluetoothctl", "show")
Oct 03 16:44:21 baseweed-admin runuser[9229]: pam_unix(runuser:session): session opened for user admin(uid=1000) by (uid=0)
Oct 03 16:44:21 baseweed-admin runuser[9229]: pam_unix(runuser:session): session closed for user admin
Oct 03 16:44:21 baseweed-admin runuser[9246]: pam_unix(runuser:session): session opened for user admin(uid=1000) by (uid=0)
Oct 03 16:44:21 baseweed-admin systemd[857]: Started podman-9247.scope.
Oct 03 16:44:21 baseweed-admin runuser[9246]: pam_unix(runuser:session): session closed for user admin
Oct 03 16:44:21 baseweed-admin runuser[9257]: pam_unix(runuser:session): session opened for user admin(uid=1000) by (uid=0)
Oct 03 16:44:22 baseweed-admin systemd[857]: Started podman-9258.scope.
Oct 03 16:44:22 baseweed-admin podman[9258]: 2026-10-03 16:44:22.11088005 +0000 UTC m=+0.115019241 container create 35a89af17b16626db4c92e26ea0641341ba88d5d34ee02d5534fb3d930781aa0 (image=localhost/tier3s-probe:empty, name=tier3s-probe-9088)
Oct 03 16:44:22 baseweed-admin podman[9258]: 2026-10-03 16:44:22.026050382 +0000 UTC m=+0.030189584 image pull 59aaf4e6b9ae5a43b860306a452f30a0cca587014149d418f4f0a32c881c6994 localhost/tier3s-probe:empty
Oct 03 16:44:22 baseweed-admin runuser[9257]: pam_unix(runuser:session): session closed for user admin
Oct 03 16:44:22 baseweed-admin runuser[9268]: pam_unix(runuser:session): session opened for user admin(uid=1000) by (uid=0)
Oct 03 16:44:22 baseweed-admin systemd[857]: Started podman-9269.scope.
Oct 03 16:44:22 baseweed-admin runuser[9268]: pam_unix(runuser:session): session closed for user admin
Oct 03 16:44:22 baseweed-admin runuser[9279]: pam_unix(runuser:session): session opened for user admin(uid=1000) by (uid=0)
Oct 03 16:44:22 baseweed-admin systemd[857]: Started podman-9280.scope.
Oct 03 16:44:22 baseweed-admin runuser[9279]: pam_unix(runuser:session): session closed for user admin
Oct 03 16:44:22 baseweed-admin runuser[9296]: pam_unix(runuser:session): session opened for user admin(uid=1000) by (uid=0)
Oct 03 16:44:22 baseweed-admin systemd[857]: Started podman-9297.scope.
Oct 03 16:44:22 baseweed-admin podman[9297]: 2026-10-03 16:44:22.377532296 +0000 UTC m=+0.148006043 container remove 35a89af17b16626db4c92e26ea0641341ba88d5d34ee02d5534fb3d930781aa0 (image=localhost/tier3s-probe:empty, name=tier3s-probe-9088)
Oct 03 16:44:22 baseweed-admin runuser[9296]: pam_unix(runuser:session): session closed for user admin
Oct 03 16:44:22 baseweed-admin runuser[9309]: pam_unix(runuser:session): session opened for user admin(uid=1000) by (uid=0)
Oct 03 16:44:22 baseweed-admin qemu-ga[680]: info: guest-exec-status called, pid: 3529
Oct 03 16:44:22 baseweed-admin qdistro-tier3s-silo-launch[9310]: [resolve-binding] silo 's122a' is untemplated (no binding)
Oct 03 16:44:22 baseweed-admin runuser[9309]: pam_unix(runuser:session): session closed for user admin
Oct 03 16:44:22 baseweed-admin qdistro-tier3s-silo-launch[9053]: spawn-tier3s: silo s122a runs UNTEMPLATED (no binding); image localhost/qdistro/tier3s-headless-smoke:latest
Oct 03 16:44:22 baseweed-admin runuser[9319]: pam_unix(runuser:session): session opened for user admin(uid=1000) by (uid=0)
Oct 03 16:44:22 baseweed-admin runuser[9319]: pam_unix(runuser:session): session closed for user admin
Oct 03 16:44:22 baseweed-admin systemd[1]: Started [systemd-run] /usr/sbin/runuser -u admin -- env -i PATH=/usr/bin:/bin HOME=/home/admin USER=admin LOGNAME=admin XDG_RUNTIME_DIR=/run/user/1000 podman ps -a --filter label=qdistro_tier3s_token --format json.
Oct 03 16:44:22 baseweed-admin runuser[9341]: pam_unix(runuser:session): session opened for user admin(uid=1000) by (uid=0)
Oct 03 16:44:22 baseweed-admin systemd[857]: Started podman-9342.scope.
Oct 03 16:44:22 baseweed-admin runuser[9341]: pam_unix(runuser:session): session closed for user admin
Oct 03 16:44:22 baseweed-admin systemd[1]: qdistro-t3s-call-9326-1-3534018937.scope: Deactivated successfully.
Oct 03 16:44:22 baseweed-admin runuser[9373]: pam_unix(runuser:session): session opened for user admin(uid=1000) by (uid=0)
Oct 03 16:44:22 baseweed-admin systemd[857]: Started podman-9374.scope.
Oct 03 16:44:22 baseweed-admin runuser[9373]: pam_unix(runuser:session): session closed for user admin
Oct 03 16:44:22 baseweed-admin qdistro-tier3s-silo-launch[9053]: LAUNCH_TOKEN=aa71befc98994d7774d363df362ac250
Oct 03 16:44:22 baseweed-admin qdistro-tier3s-silo-launch[9053]: CONTAINER=qdistro-tier3s-s122a
Oct 03 16:44:22 baseweed-admin qdistro-tier3s-silo-launch[9053]: IMAGE=localhost/qdistro/tier3s-headless-smoke:latest
Oct 03 16:44:22 baseweed-admin qdistro-tier3s-silo-launch[9053]: SCOPE_UNIT=qdistro-tier3s-aa71befc98994d7774d363df362ac250.scope
Oct 03 16:44:22 baseweed-admin systemd[1]: Started [systemd-run] /usr/libexec/qdistro/qdistro-tier3s-scope enter aa71befc98994d7774d363df362ac250 1000 -- podman --runtime /usr/libexec/qdistro/tier3s-runsc --runtime-flag=network=none --cgroup-manager=cgroupfs run --rm --name qdistro-tier3s-s122a --label qdistro_tier3s_token=aa71befc98994d7774d363df362ac250 --label qdistro_tier3s_unit=qdistro-tier3s-silo@s122a.service --security-opt label=disable --security-opt no-new-privileges --cap-drop=ALL --security-opt seccomp=/usr/lib/qdistro/tier3s/seccomp/headless-smoke.json --userns=keep-id --user 1000:1000 --read-only --tmpfs /tmp:rw,size=64m,mode=1777 --tmpfs /run/user/1000:rw,U,mode=0700 --tmpfs /home/admin/.cache:rw,U,mode=0700 --pids-limit=512 --network=none --env HOME=/home/admin --env XDG_RUNTIME_DIR=/run/user/1000 --env LANG=C.UTF-8 localhost/qdistro/tier3s-headless-smoke:latest qdistro-tier3s-smoke --hold 600.
Oct 03 16:44:22 baseweed-admin qdistro-tier3s-silo-launch[9383]: Running as unit: qdistro-tier3s-aa71befc98994d7774d363df362ac250.scope; invocation ID: a537617bf6464225bc8b40a7fc15c9d7
Oct 03 16:44:22 baseweed-admin runuser[9385]: pam_unix(runuser:session): session opened for user admin(uid=1000) by (uid=0)
Oct 03 16:44:22 baseweed-admin qdistro-tier3s-silo-launch[9383]: qdistro-tier3s-scope: /system.slice/qdistro-tier3s-aa71befc98994d7774d363df362ac250.scope delegated to uid 1000 (dir, cgroup.procs, cgroup.subtree_control, cgroup.threads)
Oct 03 16:44:22 baseweed-admin runuser[9383]: pam_unix(runuser:session): session opened for user admin(uid=1000) by (uid=0)
Oct 03 16:44:22 baseweed-admin systemd[857]: Started podman-9389.scope.
Oct 03 16:44:22 baseweed-admin runuser[9385]: pam_unix(runuser:session): session closed for user admin
Oct 03 16:44:22 baseweed-admin podman[9409]: 2026-10-03 16:44:22.767278209 +0000 UTC m=+0.074858769 container create e4c239502a5bd18c8615e8d9a8097054f2a8fec05c611e7613d766a2315fb882 (image=localhost/qdistro/tier3s-headless-smoke:latest, name=qdistro-tier3s-s122a, org.opensuse.base.title=openSUSE Tumbleweed Base Container, org.opensuse.lifecycle-url=https://en.opensuse.org/Lifetime, org.qdistro.tier3s.workload=headless-smoke, org.opencontainers.image.description=Image containing a minimal environment for containers based on openSUSE Tumbleweed., io.buildah.version=1.44.1, org.opensuse.base.url=https://www.opensuse.org, org.opensuse.base.version=20260930.37.208, org.opencontainers.image.source=https://build.opensuse.org/package/show/openSUSE:Factory/opensuse-tumbleweed-image?rev=561f9d4c8e4e1a441f95ad4ec6b5a914, org.opensuse.reference=registry.opensuse.org/opensuse/tumbleweed:20260930.37.208, org.opencontainers.image.title=openSUSE Tumbleweed Base Container, org.opencontainers.image.vendor=openSUSE Project, org.opencontainers.image.url=https://www.opensuse.org, org.opensuse.base.vendor=openSUSE Project, org.opensuse.base.disturl=obs://build.opensuse.org/openSUSE:Factory/images/561f9d4c8e4e1a441f95ad4ec6b5a914-opensuse-tumbleweed-image:docker, qdistro_tier3s_unit=qdistro-tier3s-silo@s122a.service, qdistro_tier3s_token=aa71befc98994d7774d363df362ac250, org.openbuildservice.disturl=obs://build.opensuse.org/openSUSE:Factory/images/561f9d4c8e4e1a441f95ad4ec6b5a914-opensuse-tumbleweed-image:docker, org.opensuse.base.lifecycle-url=https://en.opensuse.org/Lifetime, org.opencontainers.image.created=2026-09-30T20:05:54.126624488Z, org.qdistro.snapshot=20260930, org.opensuse.base.source=https://build.opensuse.org/package/show/openSUSE:Factory/opensuse-tumbleweed-image?rev=561f9d4c8e4e1a441f95ad4ec6b5a914, org.opensuse.base.reference=registry.opensuse.org/opensuse/tumbleweed:20260930.37.208, org.opensuse.base.created=2026-09-30T20:05:54.126624488Z, org.opensuse.base.description=Image containing a minimal environment for containers based on openSUSE Tumbleweed., org.opencontainers.image.version=20260930.37.208)
Oct 03 16:44:22 baseweed-admin podman[9409]: 2026-10-03 16:44:22.706560069 +0000 UTC m=+0.014140629 image pull 1eee52a21ad86f065d227988b4ff8e279fe838e4ed84ee77f2aed0d372deae92 localhost/qdistro/tier3s-headless-smoke:latest
Oct 03 16:44:22 baseweed-admin podman[9409]: 2026-10-03 16:44:22.892188833 +0000 UTC m=+0.199769413 container init e4c239502a5bd18c8615e8d9a8097054f2a8fec05c611e7613d766a2315fb882 (image=localhost/qdistro/tier3s-headless-smoke:latest, name=qdistro-tier3s-s122a, qdistro_tier3s_unit=qdistro-tier3s-silo@s122a.service, org.opensuse.base.source=https://build.opensuse.org/package/show/openSUSE:Factory/opensuse-tumbleweed-image?rev=561f9d4c8e4e1a441f95ad4ec6b5a914, org.opensuse.reference=registry.opensuse.org/opensuse/tumbleweed:20260930.37.208, org.opensuse.base.reference=registry.opensuse.org/opensuse/tumbleweed:20260930.37.208, org.openbuildservice.disturl=obs://build.opensuse.org/openSUSE:Factory/images/561f9d4c8e4e1a441f95ad4ec6b5a914-opensuse-tumbleweed-image:docker, io.buildah.version=1.44.1, org.opensuse.lifecycle-url=https://en.opensuse.org/Lifetime, org.qdistro.snapshot=20260930, org.opensuse.base.vendor=openSUSE Project, org.opensuse.base.created=2026-09-30T20:05:54.126624488Z, org.opensuse.base.lifecycle-url=https://en.opensuse.org/Lifetime, org.opensuse.base.description=Image containing a minimal environment for containers based on openSUSE Tumbleweed., org.opencontainers.image.title=openSUSE Tumbleweed Base Container, org.opencontainers.image.description=Image containing a minimal environment for containers based on openSUSE Tumbleweed., org.opensuse.base.version=20260930.37.208, org.opencontainers.image.source=https://build.opensuse.org/package/show/openSUSE:Factory/opensuse-tumbleweed-image?rev=561f9d4c8e4e1a441f95ad4ec6b5a914, org.qdistro.tier3s.workload=headless-smoke, qdistro_tier3s_token=aa71befc98994d7774d363df362ac250, org.opencontainers.image.vendor=openSUSE Project, org.opensuse.base.url=https://www.opensuse.org, org.opencontainers.image.url=https://www.opensuse.org, org.opencontainers.image.created=2026-09-30T20:05:54.126624488Z, org.opencontainers.image.version=20260930.37.208, org.opensuse.base.title=openSUSE Tumbleweed Base Container, org.opensuse.base.disturl=obs://build.opensuse.org/openSUSE:Factory/images/561f9d4c8e4e1a441f95ad4ec6b5a914-opensuse-tumbleweed-image:docker)
Oct 03 16:44:22 baseweed-admin podman[9409]: 2026-10-03 16:44:22.917819657 +0000 UTC m=+0.225400227 container start e4c239502a5bd18c8615e8d9a8097054f2a8fec05c611e7613d766a2315fb882 (image=localhost/qdistro/tier3s-headless-smoke:latest, name=qdistro-tier3s-s122a, io.buildah.version=1.44.1, org.opensuse.base.url=https://www.opensuse.org, org.opensuse.base.description=Image containing a minimal environment for containers based on openSUSE Tumbleweed., org.opencontainers.image.created=2026-09-30T20:05:54.126624488Z, org.opensuse.lifecycle-url=https://en.opensuse.org/Lifetime, org.opensuse.base.source=https://build.opensuse.org/package/show/openSUSE:Factory/opensuse-tumbleweed-image?rev=561f9d4c8e4e1a441f95ad4ec6b5a914, org.opencontainers.image.title=openSUSE Tumbleweed Base Container, org.opencontainers.image.description=Image containing a minimal environment for containers based on openSUSE Tumbleweed., org.opensuse.base.lifecycle-url=https://en.opensuse.org/Lifetime, org.opencontainers.image.version=20260930.37.208, org.qdistro.snapshot=20260930, qdistro_tier3s_unit=qdistro-tier3s-silo@s122a.service, qdistro_tier3s_token=aa71befc98994d7774d363df362ac250, org.opensuse.base.vendor=openSUSE Project, org.opencontainers.image.url=https://www.opensuse.org, org.opensuse.base.version=20260930.37.208, org.opensuse.base.title=openSUSE Tumbleweed Base Container, org.opencontainers.image.source=https://build.opensuse.org/package/show/openSUSE:Factory/opensuse-tumbleweed-image?rev=561f9d4c8e4e1a441f95ad4ec6b5a914, org.opensuse.base.created=2026-09-30T20:05:54.126624488Z, org.opencontainers.image.vendor=openSUSE Project, org.opensuse.base.disturl=obs://build.opensuse.org/openSUSE:Factory/images/561f9d4c8e4e1a441f95ad4ec6b5a914-opensuse-tumbleweed-image:docker, org.qdistro.tier3s.workload=headless-smoke, org.opensuse.reference=registry.opensuse.org/opensuse/tumbleweed:20260930.37.208, org.opensuse.base.reference=registry.opensuse.org/opensuse/tumbleweed:20260930.37.208, org.openbuildservice.disturl=obs://build.opensuse.org/openSUSE:Factory/images/561f9d4c8e4e1a441f95ad4ec6b5a914-opensuse-tumbleweed-image:docker)
Oct 03 16:44:22 baseweed-admin podman[9409]: 2026-10-03 16:44:22.954572916 +0000 UTC m=+0.262153486 container attach e4c239502a5bd18c8615e8d9a8097054f2a8fec05c611e7613d766a2315fb882 (image=localhost/qdistro/tier3s-headless-smoke:latest, name=qdistro-tier3s-s122a, org.opencontainers.image.description=Image containing a minimal environment for containers based on openSUSE Tumbleweed., org.opensuse.base.url=https://www.opensuse.org, org.opencontainers.image.url=https://www.opensuse.org, org.opensuse.lifecycle-url=https://en.opensuse.org/Lifetime, qdistro_tier3s_unit=qdistro-tier3s-silo@s122a.service, org.opencontainers.image.source=https://build.opensuse.org/package/show/openSUSE:Factory/opensuse-tumbleweed-image?rev=561f9d4c8e4e1a441f95ad4ec6b5a914, org.opensuse.reference=registry.opensuse.org/opensuse/tumbleweed:20260930.37.208, org.opensuse.base.lifecycle-url=https://en.opensuse.org/Lifetime, org.opensuse.base.description=Image containing a minimal environment for containers based on openSUSE Tumbleweed., org.opencontainers.image.created=2026-09-30T20:05:54.126624488Z, org.opensuse.base.source=https://build.opensuse.org/package/show/openSUSE:Factory/opensuse-tumbleweed-image?rev=561f9d4c8e4e1a441f95ad4ec6b5a914, org.opencontainers.image.title=openSUSE Tumbleweed Base Container, org.opensuse.base.created=2026-09-30T20:05:54.126624488Z, qdistro_tier3s_token=aa71befc98994d7774d363df362ac250, org.opencontainers.image.vendor=openSUSE Project, org.opensuse.base.version=20260930.37.208, org.opencontainers.image.version=20260930.37.208, org.opensuse.base.vendor=openSUSE Project, org.opensuse.base.disturl=obs://build.opensuse.org/openSUSE:Factory/images/561f9d4c8e4e1a441f95ad4ec6b5a914-opensuse-tumbleweed-image:docker, org.qdistro.tier3s.workload=headless-smoke, org.opensuse.base.reference=registry.opensuse.org/opensuse/tumbleweed:20260930.37.208, io.buildah.version=1.44.1, org.opensuse.base.title=openSUSE Tumbleweed Base Container, org.qdistro.snapshot=20260930, org.openbuildservice.disturl=obs://build.opensuse.org/openSUSE:Factory/images/561f9d4c8e4e1a441f95ad4ec6b5a914-opensuse-tumbleweed-image:docker)
Oct 03 16:44:22 baseweed-admin runuser[9509]: pam_unix(runuser:session): session opened for user admin(uid=1000) by (uid=0)
Oct 03 16:44:22 baseweed-admin qdistro-tier3s-s122a[9435]: SMOKE snapshot=20260930
Oct 03 16:44:22 baseweed-admin qdistro-tier3s-silo-launch[9409]: SMOKE snapshot=20260930
Oct 03 16:44:23 baseweed-admin systemd[857]: qdistro-polkit-agent.service: Scheduled restart job, restart counter is at 31.
Oct 03 16:44:23 baseweed-admin systemd[857]: Started podman-9510.scope.
Oct 03 16:44:23 baseweed-admin systemd[857]: Started qdistro polkit authentication agent (PAM / fprintd / broker).
Oct 03 16:44:23 baseweed-admin runuser[9509]: pam_unix(runuser:session): session closed for user admin
Oct 03 16:44:23 baseweed-admin qdistro-tier3s-s122a[9435]: SMOKE kernel=Linux version 4.19.0-gvisor #1 SMP Sun Jan 10 15:06:54 PST 2016
Oct 03 16:44:23 baseweed-admin qdistro-tier3s-silo-launch[9409]: SMOKE kernel=Linux version 4.19.0-gvisor #1 SMP Sun Jan 10 15:06:54 PST 2016
Oct 03 16:44:23 baseweed-admin dbus-run-session[1032]:   WARN qml: [20261003-164423]        Network Connectivity check error: Error: Not authorized to recheck connectivity.
Oct 03 16:44:23 baseweed-admin qdistro-tier3s-silo-launch[9053]: spawn-tier3s: running: qdistro-tier3s-s122a sentry=9450 conmon=9435 in /system.slice/qdistro-tier3s-aa71befc98994d7774d363df362ac250.scope
Oct 03 16:44:23 baseweed-admin systemd[1]: Started qdistro tier-3s (gVisor) silo s122a (Experimental, dev profile only).
Oct 03 16:44:23 baseweed-admin qdistro-tier3s-s122a[9435]: SMOKE dmesg=[    0.000000] Starting gVisor...
Oct 03 16:44:23 baseweed-admin qdistro-tier3s-silo-launch[9409]: SMOKE dmesg=[    0.000000] Starting gVisor...
Oct 03 16:44:23 baseweed-admin qdistro-polkit-agent[9524]: registration failed: org.freedesktop.PolicyKit1.Error.Failed: Cannot determine session the caller is in
Oct 03 16:44:23 baseweed-admin python3[9524]: qdistro-polkit-agent: registration failed: org.freedesktop.PolicyKit1.Error.Failed: Cannot determine session the caller is in
Oct 03 16:44:23 baseweed-admin qdistro-tier3s-s122a[9435]: SMOKE id=uid=1000(admin) gid=1000(admin) groups=1000(admin)
Oct 03 16:44:23 baseweed-admin qdistro-tier3s-silo-launch[9409]: SMOKE id=uid=1000(admin) gid=1000(admin) groups=1000(admin)
Oct 03 16:44:23 baseweed-admin systemd[857]: qdistro-polkit-agent.service: Main process exited, code=exited, status=1/FAILURE
Oct 03 16:44:23 baseweed-admin systemd[857]: qdistro-polkit-agent.service: Failed with result 'exit-code'.
Oct 03 16:44:23 baseweed-admin systemd[1]: Starting qdistro tier-3s (gVisor) silo s122b (Experimental, dev profile only)...
Oct 03 16:44:23 baseweed-admin qdistro-tier3s-s122a[9435]: SMOKE passwd=admin:x:1000:1000:qdistro admin:/home/admin:/bin/bash
Oct 03 16:44:23 baseweed-admin qdistro-tier3s-s122a[9435]: SMOKE home=/home/admin
Oct 03 16:44:23 baseweed-admin qdistro-tier3s-silo-launch[9409]: SMOKE passwd=admin:x:1000:1000:qdistro admin:/home/admin:/bin/bash
Oct 03 16:44:23 baseweed-admin qdistro-tier3s-silo-launch[9409]: SMOKE home=/home/admin
Oct 03 16:44:23 baseweed-admin runuser[9586]: pam_unix(runuser:session): session opened for user admin(uid=1000) by (uid=0)
Oct 03 16:44:23 baseweed-admin systemd[857]: Started podman-9595.scope.
Oct 03 16:44:23 baseweed-admin qdistro-tier3s-s122a[9435]: SMOKE lang=C.UTF-8 charmap=UTF-8 utf8_locales=2
Oct 03 16:44:23 baseweed-admin qdistro-tier3s-silo-launch[9409]: SMOKE lang=C.UTF-8 charmap=UTF-8 utf8_locales=2
Oct 03 16:44:23 baseweed-admin runuser[9586]: pam_unix(runuser:session): session closed for user admin
Oct 03 16:44:23 baseweed-admin runuser[9667]: pam_unix(runuser:session): session opened for user admin(uid=1000) by (uid=0)
Oct 03 16:44:23 baseweed-admin qdistro-tier3s-s122a[9435]: SMOKE mount /run/user/1000=1000:1000 700
Oct 03 16:44:23 baseweed-admin qdistro-tier3s-silo-launch[9409]: SMOKE mount /run/user/1000=1000:1000 700
Oct 03 16:44:23 baseweed-admin systemd[857]: Started podman-9673.scope.
Oct 03 16:44:23 baseweed-admin runuser[9667]: pam_unix(runuser:session): session closed for user admin
Oct 03 16:44:23 baseweed-admin runuser[9704]: pam_unix(runuser:session): session opened for user admin(uid=1000) by (uid=0)
Oct 03 16:44:23 baseweed-admin dbus-run-session[1032]:   WARN: Process failed to start, likely because the binary could not be found. Command: QList("bluetoothctl", "show")
Oct 03 16:44:23 baseweed-admin qdistro-tier3s-s122a[9435]: SMOKE mount /home/admin/.cache=1000:1000 700
Oct 03 16:44:23 baseweed-admin qdistro-tier3s-silo-launch[9409]: SMOKE mount /home/admin/.cache=1000:1000 700
Oct 03 16:44:23 baseweed-admin qemu-ga[680]: info: guest-exec-status called, pid: 3529
Oct 03 16:44:23 baseweed-admin qdistro-tier3s-s122a[9435]: SMOKE mount /tmp=0:0 1777
Oct 03 16:44:23 baseweed-admin qdistro-tier3s-silo-launch[9409]: SMOKE mount /tmp=0:0 1777
Oct 03 16:44:23 baseweed-admin dbus-run-session[1032]:   INFO qml: [20261003-164423]        PodApps auto-scan: qdistro-tier3s-s122a transitioned to running
Oct 03 16:44:23 baseweed-admin qdistro-tier3s-s122a[9435]: SMOKE caps=inh:0000000000000000,prm:0000000000000000,eff:0000000000000000,bnd:0000000000000000,amb:0000000000000000
Oct 03 16:44:23 baseweed-admin qdistro-tier3s-silo-launch[9409]: SMOKE caps=inh:0000000000000000,prm:0000000000000000,eff:0000000000000000,bnd:0000000000000000,amb:0000000000000000
Oct 03 16:44:23 baseweed-admin qdistro-tier3s-s122a[9435]: SMOKE nnp=1 seccomp=2
Oct 03 16:44:23 baseweed-admin qdistro-tier3s-silo-launch[9409]: SMOKE nnp=1 seccomp=2
Oct 03 16:44:23 baseweed-admin qdistro-tier3s-s122a[9435]: SMOKE rootfs=ro
Oct 03 16:44:23 baseweed-admin qdistro-tier3s-silo-launch[9409]: SMOKE rootfs=ro
Oct 03 16:44:23 baseweed-admin qdistro-tier3s-s122a[9435]: SMOKE mountopts /run/user/1000=tmpfs:rw,nosuid,mode=0700,uid=1000,gid=1000
Oct 03 16:44:23 baseweed-admin qdistro-tier3s-silo-launch[9409]: SMOKE mountopts /run/user/1000=tmpfs:rw,nosuid,mode=0700,uid=1000,gid=1000
Oct 03 16:44:23 baseweed-admin qdistro-tier3s-s122a[9435]: SMOKE mountopts /home/admin/.cache=tmpfs:rw,nosuid,mode=0700,uid=1000,gid=1000
Oct 03 16:44:23 baseweed-admin qdistro-tier3s-silo-launch[9409]: SMOKE mountopts /home/admin/.cache=tmpfs:rw,nosuid,mode=0700,uid=1000,gid=1000
Oct 03 16:44:23 baseweed-admin qdistro-tier3s-s122a[9435]: SMOKE rootfs_write rc=1 err=touch: cannot touch '/home/admin/.smoke-rw': Read-only file system
Oct 03 16:44:23 baseweed-admin qdistro-tier3s-silo-launch[9409]: SMOKE rootfs_write rc=1 err=touch: cannot touch '/home/admin/.smoke-rw': Read-only file system
Oct 03 16:44:23 baseweed-admin qdistro-tier3s-s122a[9435]: SMOKE chmod rc=0 mode=600
Oct 03 16:44:23 baseweed-admin qdistro-tier3s-silo-launch[9409]: SMOKE chmod rc=0 mode=600
Oct 03 16:44:23 baseweed-admin qdistro-tier3s-s122a[9435]: SMOKE chmod_nofollow rc=1 mode=600
Oct 03 16:44:23 baseweed-admin qdistro-tier3s-silo-launch[9409]: SMOKE chmod_nofollow rc=1 mode=600
Oct 03 16:44:23 baseweed-admin qdistro-tier3s-s122a[9435]: SMOKE ls_l rc=0 stderr_bytes=0
Oct 03 16:44:23 baseweed-admin qdistro-tier3s-silo-launch[9409]: SMOKE ls_l rc=0 stderr_bytes=0
Oct 03 16:44:23 baseweed-admin runuser[9775]: pam_unix(runuser:session): session opened for user admin(uid=1000) by (uid=0)
Oct 03 16:44:23 baseweed-admin runuser[9775]: pam_unix(runuser:session): session closed for user admin
Oct 03 16:44:23 baseweed-admin runuser[9785]: pam_unix(runuser:session): session opened for user admin(uid=1000) by (uid=0)
Oct 03 16:44:24 baseweed-admin systemd[857]: Started podman-9786.scope.
Oct 03 16:44:24 baseweed-admin runuser[9785]: pam_unix(runuser:session): session closed for user admin
Oct 03 16:44:24 baseweed-admin runuser[9802]: pam_unix(runuser:session): session opened for user admin(uid=1000) by (uid=0)
Oct 03 16:44:24 baseweed-admin qdistro-tier3s-s122a[9435]: SMOKE routes=2 links=lo,
Oct 03 16:44:24 baseweed-admin qdistro-tier3s-silo-launch[9409]: SMOKE routes=2 links=lo,
Oct 03 16:44:24 baseweed-admin systemd[857]: Started podman-9803.scope.
Oct 03 16:44:24 baseweed-admin qdistro-tier3s-s122a[9435]: SMOKE route_table=::1 dev lo proto unspec scope link ;127.0.0.0/8 dev lo proto unspec scope link ;
Oct 03 16:44:24 baseweed-admin qdistro-tier3s-silo-launch[9409]: SMOKE route_table=::1 dev lo proto unspec scope link ;127.0.0.0/8 dev lo proto unspec scope link ;
Oct 03 16:44:24 baseweed-admin qdistro-tier3s-silo-launch[9409]: SMOKE done
Oct 03 16:44:24 baseweed-admin qdistro-tier3s-silo-launch[9409]: SMOKE holding 600s
Oct 03 16:44:24 baseweed-admin qdistro-tier3s-s122a[9435]: SMOKE done
Oct 03 16:44:24 baseweed-admin qdistro-tier3s-s122a[9435]: SMOKE holding 600s
Oct 03 16:44:24 baseweed-admin podman[9803]: 2026-10-03 16:44:24.150479529 +0000 UTC m=+0.114921169 container create 70155809a7558e74bb67b88158373992bb001d7d1c390d14afd660d21b257cae (image=localhost/tier3s-probe:empty, name=tier3s-probe-9609)
Oct 03 16:44:24 baseweed-admin podman[9803]: 2026-10-03 16:44:24.066568421 +0000 UTC m=+0.031010081 image pull 59aaf4e6b9ae5a43b860306a452f30a0cca587014149d418f4f0a32c881c6994 localhost/tier3s-probe:empty
Oct 03 16:44:24 baseweed-admin runuser[9802]: pam_unix(runuser:session): session closed for user admin
Oct 03 16:44:24 baseweed-admin runuser[9814]: pam_unix(runuser:session): session opened for user admin(uid=1000) by (uid=0)
Oct 03 16:44:24 baseweed-admin systemd[857]: Started podman-9815.scope.
Oct 03 16:44:24 baseweed-admin runuser[9814]: pam_unix(runuser:session): session closed for user admin
Oct 03 16:44:24 baseweed-admin runuser[9825]: pam_unix(runuser:session): session opened for user admin(uid=1000) by (uid=0)
Oct 03 16:44:24 baseweed-admin systemd[857]: Started podman-9826.scope.
Oct 03 16:44:24 baseweed-admin runuser[9825]: pam_unix(runuser:session): session closed for user admin
Oct 03 16:44:24 baseweed-admin runuser[9836]: pam_unix(runuser:session): session opened for user admin(uid=1000) by (uid=0)
Oct 03 16:44:24 baseweed-admin systemd[857]: Started podman-9837.scope.
Oct 03 16:44:24 baseweed-admin podman[9837]: 2026-10-03 16:44:24.380568218 +0000 UTC m=+0.129598318 container remove 70155809a7558e74bb67b88158373992bb001d7d1c390d14afd660d21b257cae (image=localhost/tier3s-probe:empty, name=tier3s-probe-9609)
Oct 03 16:44:24 baseweed-admin runuser[9836]: pam_unix(runuser:session): session closed for user admin
Oct 03 16:44:24 baseweed-admin runuser[9849]: pam_unix(runuser:session): session opened for user admin(uid=1000) by (uid=0)
Oct 03 16:44:24 baseweed-admin qdistro-tier3s-silo-launch[9850]: [resolve-binding] silo 's122b' is untemplated (no binding)
Oct 03 16:44:24 baseweed-admin runuser[9849]: pam_unix(runuser:session): session closed for user admin
Oct 03 16:44:24 baseweed-admin qdistro-tier3s-silo-launch[9564]: spawn-tier3s: silo s122b runs UNTEMPLATED (no binding); image localhost/qdistro/tier3s-headless-smoke:latest
Oct 03 16:44:24 baseweed-admin runuser[9852]: pam_unix(runuser:session): session opened for user admin(uid=1000) by (uid=0)
Oct 03 16:44:24 baseweed-admin runuser[9852]: pam_unix(runuser:session): session closed for user admin
Oct 03 16:44:24 baseweed-admin qemu-ga[680]: info: guest-exec-status called, pid: 3529
Oct 03 16:44:24 baseweed-admin dbus-run-session[1032]:   WARN qml: [20261003-164424]       Location Weather is still fetching
Oct 03 16:44:24 baseweed-admin dbus-run-session[1032]:  ERROR qml: [20261003-164424]       Location Geocoding error: 0
Oct 03 16:44:24 baseweed-admin systemd[1]: Started [systemd-run] /usr/sbin/runuser -u admin -- env -i PATH=/usr/bin:/bin HOME=/home/admin USER=admin LOGNAME=admin XDG_RUNTIME_DIR=/run/user/1000 podman ps -a --filter label=qdistro_tier3s_token --format json.
Oct 03 16:44:24 baseweed-admin runuser[9886]: pam_unix(runuser:session): session opened for user admin(uid=1000) by (uid=0)
Oct 03 16:44:24 baseweed-admin systemd[857]: Started podman-9887.scope.
Oct 03 16:44:24 baseweed-admin runuser[9886]: pam_unix(runuser:session): session closed for user admin
Oct 03 16:44:24 baseweed-admin systemd[1]: qdistro-t3s-call-9859-1-1825785974.scope: Deactivated successfully.
Oct 03 16:44:24 baseweed-admin runuser[9922]: pam_unix(runuser:session): session opened for user admin(uid=1000) by (uid=0)
Oct 03 16:44:24 baseweed-admin systemd[857]: Started podman-9923.scope.
Oct 03 16:44:24 baseweed-admin runuser[9922]: pam_unix(runuser:session): session closed for user admin
Oct 03 16:44:24 baseweed-admin qdistro-tier3s-silo-launch[9564]: LAUNCH_TOKEN=20127139e688a4b7e9dafd555bc219f5
Oct 03 16:44:24 baseweed-admin qdistro-tier3s-silo-launch[9564]: CONTAINER=qdistro-tier3s-s122b
Oct 03 16:44:24 baseweed-admin qdistro-tier3s-silo-launch[9564]: IMAGE=localhost/qdistro/tier3s-headless-smoke:latest
Oct 03 16:44:24 baseweed-admin qdistro-tier3s-silo-launch[9564]: SCOPE_UNIT=qdistro-tier3s-20127139e688a4b7e9dafd555bc219f5.scope
Oct 03 16:44:24 baseweed-admin systemd[1]: Started [systemd-run] /usr/libexec/qdistro/qdistro-tier3s-scope enter 20127139e688a4b7e9dafd555bc219f5 1000 -- podman --runtime /usr/libexec/qdistro/tier3s-runsc --runtime-flag=network=none --cgroup-manager=cgroupfs run --rm --name qdistro-tier3s-s122b --label qdistro_tier3s_token=20127139e688a4b7e9dafd555bc219f5 --label qdistro_tier3s_unit=qdistro-tier3s-silo@s122b.service --security-opt label=disable --security-opt no-new-privileges --cap-drop=ALL --security-opt seccomp=/usr/lib/qdistro/tier3s/seccomp/headless-smoke.json --userns=keep-id --user 1000:1000 --read-only --tmpfs /tmp:rw,size=64m,mode=1777 --tmpfs /run/user/1000:rw,U,mode=0700 --tmpfs /home/admin/.cache:rw,U,mode=0700 --pids-limit=512 --network=none --env HOME=/home/admin --env XDG_RUNTIME_DIR=/run/user/1000 --env LANG=C.UTF-8 localhost/qdistro/tier3s-headless-smoke:latest qdistro-tier3s-smoke --hold 600.
Oct 03 16:44:24 baseweed-admin qdistro-tier3s-silo-launch[9932]: Running as unit: qdistro-tier3s-20127139e688a4b7e9dafd555bc219f5.scope; invocation ID: 209a3e09dd0b44ecb34df57c9c3c9cda
Oct 03 16:44:24 baseweed-admin runuser[9934]: pam_unix(runuser:session): session opened for user admin(uid=1000) by (uid=0)
Oct 03 16:44:24 baseweed-admin qdistro-tier3s-silo-launch[9932]: qdistro-tier3s-scope: /system.slice/qdistro-tier3s-20127139e688a4b7e9dafd555bc219f5.scope delegated to uid 1000 (dir, cgroup.procs, cgroup.subtree_control, cgroup.threads)
Oct 03 16:44:24 baseweed-admin runuser[9932]: pam_unix(runuser:session): session opened for user admin(uid=1000) by (uid=0)
Oct 03 16:44:24 baseweed-admin systemd[857]: Started podman-9937.scope.
Oct 03 16:44:24 baseweed-admin runuser[9934]: pam_unix(runuser:session): session closed for user admin
Oct 03 16:44:25 baseweed-admin podman[9958]: 2026-10-03 16:44:25.035056085 +0000 UTC m=+0.071483988 container create 2a7d72f7de299aaf604bd4d03b37c59bca09e5b9c9387b925c4206d56a79595e (image=localhost/qdistro/tier3s-headless-smoke:latest, name=qdistro-tier3s-s122b, qdistro_tier3s_unit=qdistro-tier3s-silo@s122b.service, org.opencontainers.image.version=20260930.37.208, org.opensuse.lifecycle-url=https://en.opensuse.org/Lifetime, org.opencontainers.image.title=openSUSE Tumbleweed Base Container, org.opensuse.base.disturl=obs://build.opensuse.org/openSUSE:Factory/images/561f9d4c8e4e1a441f95ad4ec6b5a914-opensuse-tumbleweed-image:docker, qdistro_tier3s_token=20127139e688a4b7e9dafd555bc219f5, org.qdistro.tier3s.workload=headless-smoke, org.opencontainers.image.description=Image containing a minimal environment for containers based on openSUSE Tumbleweed., org.opensuse.base.version=20260930.37.208, org.opensuse.base.created=2026-09-30T20:05:54.126624488Z, org.opencontainers.image.vendor=openSUSE Project, org.opencontainers.image.created=2026-09-30T20:05:54.126624488Z, org.opensuse.base.title=openSUSE Tumbleweed Base Container, org.opensuse.base.lifecycle-url=https://en.opensuse.org/Lifetime, org.opensuse.base.source=https://build.opensuse.org/package/show/openSUSE:Factory/opensuse-tumbleweed-image?rev=561f9d4c8e4e1a441f95ad4ec6b5a914, org.opensuse.reference=registry.opensuse.org/opensuse/tumbleweed:20260930.37.208, org.opencontainers.image.url=https://www.opensuse.org, org.qdistro.snapshot=20260930, org.opensuse.base.vendor=openSUSE Project, org.opensuse.base.description=Image containing a minimal environment for containers based on openSUSE Tumbleweed., io.buildah.version=1.44.1, org.opensuse.base.reference=registry.opensuse.org/opensuse/tumbleweed:20260930.37.208, org.openbuildservice.disturl=obs://build.opensuse.org/openSUSE:Factory/images/561f9d4c8e4e1a441f95ad4ec6b5a914-opensuse-tumbleweed-image:docker, org.opensuse.base.url=https://www.opensuse.org, org.opencontainers.image.source=https://build.opensuse.org/package/show/openSUSE:Factory/opensuse-tumbleweed-image?rev=561f9d4c8e4e1a441f95ad4ec6b5a914)
Oct 03 16:44:25 baseweed-admin podman[9958]: 2026-10-03 16:44:24.978555767 +0000 UTC m=+0.014983690 image pull 1eee52a21ad86f065d227988b4ff8e279fe838e4ed84ee77f2aed0d372deae92 localhost/qdistro/tier3s-headless-smoke:latest
Oct 03 16:44:25 baseweed-admin podman[9958]: 2026-10-03 16:44:25.14420148 +0000 UTC m=+0.180629403 container init 2a7d72f7de299aaf604bd4d03b37c59bca09e5b9c9387b925c4206d56a79595e (image=localhost/qdistro/tier3s-headless-smoke:latest, name=qdistro-tier3s-s122b, org.opensuse.base.url=https://www.opensuse.org, org.opensuse.base.vendor=openSUSE Project, org.opensuse.base.title=openSUSE Tumbleweed Base Container, org.opensuse.base.description=Image containing a minimal environment for containers based on openSUSE Tumbleweed., org.opensuse.base.version=20260930.37.208, org.opensuse.reference=registry.opensuse.org/opensuse/tumbleweed:20260930.37.208, org.opencontainers.image.url=https://www.opensuse.org, org.opencontainers.image.version=20260930.37.208, org.qdistro.tier3s.workload=headless-smoke, org.opencontainers.image.description=Image containing a minimal environment for containers based on openSUSE Tumbleweed., org.qdistro.snapshot=20260930, org.openbuildservice.disturl=obs://build.opensuse.org/openSUSE:Factory/images/561f9d4c8e4e1a441f95ad4ec6b5a914-opensuse-tumbleweed-image:docker, org.opencontainers.image.title=openSUSE Tumbleweed Base Container, org.opensuse.base.disturl=obs://build.opensuse.org/openSUSE:Factory/images/561f9d4c8e4e1a441f95ad4ec6b5a914-opensuse-tumbleweed-image:docker, qdistro_tier3s_token=20127139e688a4b7e9dafd555bc219f5, org.opensuse.base.lifecycle-url=https://en.opensuse.org/Lifetime, org.opensuse.base.source=https://build.opensuse.org/package/show/openSUSE:Factory/opensuse-tumbleweed-image?rev=561f9d4c8e4e1a441f95ad4ec6b5a914, io.buildah.version=1.44.1, org.opencontainers.image.created=2026-09-30T20:05:54.126624488Z, org.opensuse.lifecycle-url=https://en.opensuse.org/Lifetime, org.opencontainers.image.source=https://build.opensuse.org/package/show/openSUSE:Factory/opensuse-tumbleweed-image?rev=561f9d4c8e4e1a441f95ad4ec6b5a914, qdistro_tier3s_unit=qdistro-tier3s-silo@s122b.service, org.opensuse.base.created=2026-09-30T20:05:54.126624488Z, org.opencontainers.image.vendor=openSUSE Project, org.opensuse.base.reference=registry.opensuse.org/opensuse/tumbleweed:20260930.37.208)
Oct 03 16:44:25 baseweed-admin podman[9958]: 2026-10-03 16:44:25.171240873 +0000 UTC m=+0.207668776 container start 2a7d72f7de299aaf604bd4d03b37c59bca09e5b9c9387b925c4206d56a79595e (image=localhost/qdistro/tier3s-headless-smoke:latest, name=qdistro-tier3s-s122b, org.opencontainers.image.description=Image containing a minimal environment for containers based on openSUSE Tumbleweed., org.opensuse.base.version=20260930.37.208, org.opensuse.base.created=2026-09-30T20:05:54.126624488Z, org.qdistro.snapshot=20260930, org.opencontainers.image.created=2026-09-30T20:05:54.126624488Z, org.opencontainers.image.source=https://build.opensuse.org/package/show/openSUSE:Factory/opensuse-tumbleweed-image?rev=561f9d4c8e4e1a441f95ad4ec6b5a914, qdistro_tier3s_token=20127139e688a4b7e9dafd555bc219f5, org.opencontainers.image.url=https://www.opensuse.org, org.opencontainers.image.version=20260930.37.208, org.opensuse.lifecycle-url=https://en.opensuse.org/Lifetime, org.openbuildservice.disturl=obs://build.opensuse.org/openSUSE:Factory/images/561f9d4c8e4e1a441f95ad4ec6b5a914-opensuse-tumbleweed-image:docker, org.opensuse.base.url=https://www.opensuse.org, org.opensuse.base.vendor=openSUSE Project, qdistro_tier3s_unit=qdistro-tier3s-silo@s122b.service, org.opensuse.base.lifecycle-url=https://en.opensuse.org/Lifetime, org.opensuse.reference=registry.opensuse.org/opensuse/tumbleweed:20260930.37.208, org.opencontainers.image.title=openSUSE Tumbleweed Base Container, org.opensuse.base.title=openSUSE Tumbleweed Base Container, org.opensuse.base.description=Image containing a minimal environment for containers based on openSUSE Tumbleweed., org.opensuse.base.source=https://build.opensuse.org/package/show/openSUSE:Factory/opensuse-tumbleweed-image?rev=561f9d4c8e4e1a441f95ad4ec6b5a914, org.opencontainers.image.vendor=openSUSE Project, io.buildah.version=1.44.1, org.opensuse.base.reference=registry.opensuse.org/opensuse/tumbleweed:20260930.37.208, org.opensuse.base.disturl=obs://build.opensuse.org/openSUSE:Factory/images/561f9d4c8e4e1a441f95ad4ec6b5a914-opensuse-tumbleweed-image:docker, org.qdistro.tier3s.workload=headless-smoke)
Oct 03 16:44:25 baseweed-admin podman[9958]: 2026-10-03 16:44:25.20027894 +0000 UTC m=+0.236706853 container attach 2a7d72f7de299aaf604bd4d03b37c59bca09e5b9c9387b925c4206d56a79595e (image=localhost/qdistro/tier3s-headless-smoke:latest, name=qdistro-tier3s-s122b, qdistro_tier3s_token=20127139e688a4b7e9dafd555bc219f5, org.opensuse.base.version=20260930.37.208, org.opensuse.base.lifecycle-url=https://en.opensuse.org/Lifetime, org.opensuse.base.source=https://build.opensuse.org/package/show/openSUSE:Factory/opensuse-tumbleweed-image?rev=561f9d4c8e4e1a441f95ad4ec6b5a914, org.opencontainers.image.source=https://build.opensuse.org/package/show/openSUSE:Factory/opensuse-tumbleweed-image?rev=561f9d4c8e4e1a441f95ad4ec6b5a914, org.opensuse.base.disturl=obs://build.opensuse.org/openSUSE:Factory/images/561f9d4c8e4e1a441f95ad4ec6b5a914-opensuse-tumbleweed-image:docker, org.opensuse.reference=registry.opensuse.org/opensuse/tumbleweed:20260930.37.208, org.opencontainers.image.version=20260930.37.208, org.opencontainers.image.created=2026-09-30T20:05:54.126624488Z, org.opensuse.base.reference=registry.opensuse.org/opensuse/tumbleweed:20260930.37.208, org.opencontainers.image.title=openSUSE Tumbleweed Base Container, org.qdistro.tier3s.workload=headless-smoke, org.opencontainers.image.description=Image containing a minimal environment for containers based on openSUSE Tumbleweed., org.opensuse.base.description=Image containing a minimal environment for containers based on openSUSE Tumbleweed., qdistro_tier3s_unit=qdistro-tier3s-silo@s122b.service, org.qdistro.snapshot=20260930, org.opensuse.base.url=https://www.opensuse.org, org.opensuse.base.vendor=openSUSE Project, org.opensuse.base.title=openSUSE Tumbleweed Base Container, org.opensuse.base.created=2026-09-30T20:05:54.126624488Z, org.opencontainers.image.url=https://www.opensuse.org, org.opencontainers.image.vendor=openSUSE Project, io.buildah.version=1.44.1, org.opensuse.lifecycle-url=https://en.opensuse.org/Lifetime, org.openbuildservice.disturl=obs://build.opensuse.org/openSUSE:Factory/images/561f9d4c8e4e1a441f95ad4ec6b5a914-opensuse-tumbleweed-image:docker)
Oct 03 16:44:25 baseweed-admin runuser[10037]: pam_unix(runuser:session): session opened for user admin(uid=1000) by (uid=0)
Oct 03 16:44:25 baseweed-admin qdistro-tier3s-s122b[9974]: SMOKE snapshot=20260930
Oct 03 16:44:25 baseweed-admin qdistro-tier3s-silo-launch[9958]: SMOKE snapshot=20260930
Oct 03 16:44:25 baseweed-admin qdistro-tier3s-s122b[9974]: SMOKE kernel=Linux version 4.19.0-gvisor #1 SMP Sun Jan 10 15:06:54 PST 2016
Oct 03 16:44:25 baseweed-admin qdistro-tier3s-silo-launch[9958]: SMOKE kernel=Linux version 4.19.0-gvisor #1 SMP Sun Jan 10 15:06:54 PST 2016
Oct 03 16:44:25 baseweed-admin systemd[857]: Started podman-10038.scope.
Oct 03 16:44:25 baseweed-admin runuser[10037]: pam_unix(runuser:session): session closed for user admin
Oct 03 16:44:25 baseweed-admin qdistro-tier3s-silo-launch[9564]: spawn-tier3s: running: qdistro-tier3s-s122b sentry=9989 conmon=9974 in /system.slice/qdistro-tier3s-20127139e688a4b7e9dafd555bc219f5.scope
Oct 03 16:44:25 baseweed-admin systemd[1]: Started qdistro tier-3s (gVisor) silo s122b (Experimental, dev profile only).
Oct 03 16:44:25 baseweed-admin qdistro-tier3s-s122b[9974]: SMOKE dmesg=[    0.000000] Starting gVisor...
Oct 03 16:44:25 baseweed-admin qdistro-tier3s-silo-launch[9958]: SMOKE dmesg=[    0.000000] Starting gVisor...
Oct 03 16:44:25 baseweed-admin qdistro-tier3s-s122b[9974]: SMOKE id=uid=1000(admin) gid=1000(admin) groups=1000(admin)
Oct 03 16:44:25 baseweed-admin qdistro-tier3s-silo-launch[9958]: SMOKE id=uid=1000(admin) gid=1000(admin) groups=1000(admin)
Oct 03 16:44:25 baseweed-admin qdistro-tier3s-s122b[9974]: SMOKE passwd=admin:x:1000:1000:qdistro admin:/home/admin:/bin/bash
Oct 03 16:44:25 baseweed-admin qdistro-tier3s-s122b[9974]: SMOKE home=/home/admin
Oct 03 16:44:25 baseweed-admin qdistro-tier3s-silo-launch[9958]: SMOKE passwd=admin:x:1000:1000:qdistro admin:/home/admin:/bin/bash
Oct 03 16:44:25 baseweed-admin qdistro-tier3s-silo-launch[9958]: SMOKE home=/home/admin
Oct 03 16:44:25 baseweed-admin qdistro_session_manager.py[8958]: 2026-10-03 16:44:25,374 INFO qdistro_session_manager: disposable lease sweeps (TTL + proctree-empty) every 60s
Oct 03 16:44:25 baseweed-admin runuser[10068]: pam_unix(runuser:session): session opened for user admin(uid=1000) by (uid=0)
Oct 03 16:44:25 baseweed-admin dbus-run-session[1032]:   WARN: Process failed to start, likely because the binary could not be found. Command: QList("bluetoothctl", "show")
Oct 03 16:44:25 baseweed-admin systemd[1]: Stopping qdistro tier-3s (gVisor) silo s122a (Experimental, dev profile only)...
Oct 03 16:44:25 baseweed-admin qdistro-tier3s-s122b[9974]: SMOKE lang=C.UTF-8 charmap=UTF-8 utf8_locales=2
Oct 03 16:44:25 baseweed-admin qdistro-tier3s-silo-launch[9958]: SMOKE lang=C.UTF-8 charmap=UTF-8 utf8_locales=2
Oct 03 16:44:25 baseweed-admin systemd[857]: Started podman-10072.scope.
Oct 03 16:44:25 baseweed-admin runuser[10068]: pam_unix(runuser:session): session closed for user admin
Oct 03 16:44:25 baseweed-admin runuser[10097]: pam_unix(runuser:session): session opened for user admin(uid=1000) by (uid=0)
Oct 03 16:44:25 baseweed-admin qdistro-tier3s-s122b[9974]: SMOKE mount /run/user/1000=1000:1000 700
Oct 03 16:44:25 baseweed-admin qdistro-tier3s-silo-launch[9958]: SMOKE mount /run/user/1000=1000:1000 700
Oct 03 16:44:25 baseweed-admin systemd[857]: Started podman-10107.scope.
Oct 03 16:44:25 baseweed-admin systemd[1]: Started [systemd-run] /usr/sbin/runuser -u admin -- env -i PATH=/usr/bin:/bin HOME=/home/admin USER=admin LOGNAME=admin XDG_RUNTIME_DIR=/run/user/1000 sh -c "podman container exists \"\$1\"; printf \"PMRC=%d\\n\" \"\$?\"" sh qdistro-tier3s-s122a.
Oct 03 16:44:25 baseweed-admin runuser[10137]: pam_unix(runuser:session): session opened for user admin(uid=1000) by (uid=0)
Oct 03 16:44:25 baseweed-admin qemu-ga[680]: info: guest-exec-status called, pid: 3529
Oct 03 16:44:25 baseweed-admin runuser[10097]: pam_unix(runuser:session): session closed for user admin
Oct 03 16:44:25 baseweed-admin qdistro-tier3s-s122b[9974]: SMOKE mount /home/admin/.cache=1000:1000 700
Oct 03 16:44:25 baseweed-admin qdistro-tier3s-silo-launch[9958]: SMOKE mount /home/admin/.cache=1000:1000 700
Oct 03 16:44:25 baseweed-admin runuser[10147]: pam_unix(runuser:session): session opened for user admin(uid=1000) by (uid=0)
Oct 03 16:44:25 baseweed-admin systemd[857]: Started podman-10141.scope.
Oct 03 16:44:25 baseweed-admin qdistro-tier3s-s122b[9974]: SMOKE mount /tmp=0:0 1777
Oct 03 16:44:25 baseweed-admin qdistro-tier3s-silo-launch[9958]: SMOKE mount /tmp=0:0 1777
Oct 03 16:44:25 baseweed-admin runuser[10137]: pam_unix(runuser:session): session closed for user admin
Oct 03 16:44:25 baseweed-admin systemd[857]: Started podman-10151.scope.
Oct 03 16:44:25 baseweed-admin systemd[1]: qdistro-t3s-call-10073-1-3688342111.scope: Deactivated successfully.
Oct 03 16:44:25 baseweed-admin runuser[10147]: pam_unix(runuser:session): session closed for user admin
Oct 03 16:44:25 baseweed-admin systemd[1]: Started [systemd-run] /usr/sbin/runuser -u admin -- env -i PATH=/usr/bin:/bin HOME=/home/admin USER=admin LOGNAME=admin XDG_RUNTIME_DIR=/run/user/1000 podman container inspect --format "{{.Id}} {{index .Config.Labels \"qdistro_tier3s_token\"}}" qdistro-tier3s-s122a.
Oct 03 16:44:25 baseweed-admin runuser[10173]: pam_unix(runuser:session): session opened for user admin(uid=1000) by (uid=0)
Oct 03 16:44:25 baseweed-admin runuser[10169]: pam_unix(runuser:session): session opened for user admin(uid=1000) by (uid=0)
Oct 03 16:44:25 baseweed-admin systemd[857]: Started podman-10178.scope.
Oct 03 16:44:25 baseweed-admin systemd[857]: Started podman-10180.scope.
Oct 03 16:44:25 baseweed-admin runuser[10173]: pam_unix(runuser:session): session closed for user admin
Oct 03 16:44:25 baseweed-admin runuser[10169]: pam_unix(runuser:session): session closed for user admin
Oct 03 16:44:25 baseweed-admin systemd[1]: qdistro-t3s-call-10073-2-1626611138.scope: Deactivated successfully.
Oct 03 16:44:25 baseweed-admin qdistro-tier3s-s122b[9974]: SMOKE caps=inh:0000000000000000,prm:0000000000000000,eff:0000000000000000,bnd:0000000000000000,amb:0000000000000000
Oct 03 16:44:25 baseweed-admin qdistro-tier3s-silo-launch[9958]: SMOKE caps=inh:0000000000000000,prm:0000000000000000,eff:0000000000000000,bnd:0000000000000000,amb:0000000000000000
Oct 03 16:44:25 baseweed-admin qdistro-tier3s-s122b[9974]: SMOKE nnp=1 seccomp=2
Oct 03 16:44:25 baseweed-admin qdistro-tier3s-silo-launch[9958]: SMOKE nnp=1 seccomp=2
Oct 03 16:44:25 baseweed-admin qdistro-tier3s-s122b[9974]: SMOKE rootfs=ro
Oct 03 16:44:25 baseweed-admin qdistro-tier3s-silo-launch[9958]: SMOKE rootfs=ro
Oct 03 16:44:25 baseweed-admin qdistro-tier3s-s122b[9974]: SMOKE mountopts /run/user/1000=tmpfs:rw,nosuid,mode=0700,uid=1000,gid=1000
Oct 03 16:44:25 baseweed-admin qdistro-tier3s-silo-launch[9958]: SMOKE mountopts /run/user/1000=tmpfs:rw,nosuid,mode=0700,uid=1000,gid=1000
Oct 03 16:44:25 baseweed-admin qdistro-tier3s-s122b[9974]: SMOKE mountopts /home/admin/.cache=tmpfs:rw,nosuid,mode=0700,uid=1000,gid=1000
Oct 03 16:44:25 baseweed-admin qdistro-tier3s-silo-launch[9958]: SMOKE mountopts /home/admin/.cache=tmpfs:rw,nosuid,mode=0700,uid=1000,gid=1000
Oct 03 16:44:25 baseweed-admin podman[10219]: 2026-10-03 16:44:25.898875434 +0000 UTC m=+0.170935666 container exec e4c239502a5bd18c8615e8d9a8097054f2a8fec05c611e7613d766a2315fb882 (image=localhost/qdistro/tier3s-headless-smoke:latest, name=qdistro-tier3s-s122a, org.opencontainers.image.version=20260930.37.208, org.opensuse.base.source=https://build.opensuse.org/package/show/openSUSE:Factory/opensuse-tumbleweed-image?rev=561f9d4c8e4e1a441f95ad4ec6b5a914, org.opensuse.base.vendor=openSUSE Project, org.opencontainers.image.url=https://www.opensuse.org, org.qdistro.snapshot=20260930, org.opensuse.base.disturl=obs://build.opensuse.org/openSUSE:Factory/images/561f9d4c8e4e1a441f95ad4ec6b5a914-opensuse-tumbleweed-image:docker, org.openbuildservice.disturl=obs://build.opensuse.org/openSUSE:Factory/images/561f9d4c8e4e1a441f95ad4ec6b5a914-opensuse-tumbleweed-image:docker, org.opensuse.base.created=2026-09-30T20:05:54.126624488Z, io.buildah.version=1.44.1, org.opencontainers.image.description=Image containing a minimal environment for containers based on openSUSE Tumbleweed., org.opencontainers.image.source=https://build.opensuse.org/package/show/openSUSE:Factory/opensuse-tumbleweed-image?rev=561f9d4c8e4e1a441f95ad4ec6b5a914, org.opensuse.base.description=Image containing a minimal environment for containers based on openSUSE Tumbleweed., org.opensuse.base.reference=registry.opensuse.org/opensuse/tumbleweed:20260930.37.208, org.opencontainers.image.title=openSUSE Tumbleweed Base Container, qdistro_tier3s_token=aa71befc98994d7774d363df362ac250, org.opencontainers.image.created=2026-09-30T20:05:54.126624488Z, org.opensuse.base.lifecycle-url=https://en.opensuse.org/Lifetime, org.opensuse.base.title=openSUSE Tumbleweed Base Container, org.qdistro.tier3s.workload=headless-smoke, org.opencontainers.image.vendor=openSUSE Project, org.opensuse.base.url=https://www.opensuse.org, org.opensuse.base.version=20260930.37.208, org.opensuse.reference=registry.opensuse.org/opensuse/tumbleweed:20260930.37.208, org.opensuse.lifecycle-url=https://en.opensuse.org/Lifetime, qdistro_tier3s_unit=qdistro-tier3s-silo@s122a.service)
Oct 03 16:44:25 baseweed-admin qdistro-tier3s-s122b[9974]: SMOKE rootfs_write rc=1 err=touch: cannot touch '/home/admin/.smoke-rw': Read-only file system
Oct 03 16:44:25 baseweed-admin qdistro-tier3s-silo-launch[9958]: SMOKE rootfs_write rc=1 err=touch: cannot touch '/home/admin/.smoke-rw': Read-only file system
Oct 03 16:44:25 baseweed-admin conmon[10231]: conmon e4c239502a5bd18c8615 <nwarn>: Failed to open cgroups file: /sys/fs/cgroup/user.slice/user-1000.slice/user@1000.service/app.slice/qdshell.service/memory.events
Oct 03 16:44:25 baseweed-admin podman[10219]: 2026-10-03 16:44:25.961153699 +0000 UTC m=+0.233213931 container exec_died e4c239502a5bd18c8615e8d9a8097054f2a8fec05c611e7613d766a2315fb882 (image=localhost/qdistro/tier3s-headless-smoke:latest, name=qdistro-tier3s-s122a, org.opensuse.base.source=https://build.opensuse.org/package/show/openSUSE:Factory/opensuse-tumbleweed-image?rev=561f9d4c8e4e1a441f95ad4ec6b5a914, org.opensuse.base.url=https://www.opensuse.org, org.opensuse.base.version=20260930.37.208, org.openbuildservice.disturl=obs://build.opensuse.org/openSUSE:Factory/images/561f9d4c8e4e1a441f95ad4ec6b5a914-opensuse-tumbleweed-image:docker, org.opencontainers.image.title=openSUSE Tumbleweed Base Container, qdistro_tier3s_token=aa71befc98994d7774d363df362ac250, qdistro_tier3s_unit=qdistro-tier3s-silo@s122a.service, org.opencontainers.image.version=20260930.37.208, org.opensuse.base.created=2026-09-30T20:05:54.126624488Z, org.opensuse.base.description=Image containing a minimal environment for containers based on openSUSE Tumbleweed., org.opensuse.reference=registry.opensuse.org/opensuse/tumbleweed:20260930.37.208, org.qdistro.tier3s.workload=headless-smoke, org.opensuse.base.disturl=obs://build.opensuse.org/openSUSE:Factory/images/561f9d4c8e4e1a441f95ad4ec6b5a914-opensuse-tumbleweed-image:docker, org.opencontainers.image.vendor=openSUSE Project, org.opencontainers.image.created=2026-09-30T20:05:54.126624488Z, org.opencontainers.image.description=Image containing a minimal environment for containers based on openSUSE Tumbleweed., org.opencontainers.image.source=https://build.opensuse.org/package/show/openSUSE:Factory/opensuse-tumbleweed-image?rev=561f9d4c8e4e1a441f95ad4ec6b5a914, org.opensuse.base.title=openSUSE Tumbleweed Base Container, org.qdistro.snapshot=20260930, org.opensuse.lifecycle-url=https://en.opensuse.org/Lifetime, org.opensuse.base.vendor=openSUSE Project, org.opensuse.base.lifecycle-url=https://en.opensuse.org/Lifetime, io.buildah.version=1.44.1, org.opencontainers.image.url=https://www.opensuse.org, execID=7ade2313bc6fbb9f6ee82e1c7f0a22eb4449b797697779f6fd25ba0df01eadf5, org.opensuse.base.reference=registry.opensuse.org/opensuse/tumbleweed:20260930.37.208)
Oct 03 16:44:25 baseweed-admin qdistro-tier3s-s122b[9974]: SMOKE chmod rc=0 mode=600
Oct 03 16:44:25 baseweed-admin qdistro-tier3s-silo-launch[9958]: SMOKE chmod rc=0 mode=600
Oct 03 16:44:26 baseweed-admin systemd[1]: Started [systemd-run] /usr/sbin/runuser -u admin -- env -i PATH=/usr/bin:/bin HOME=/home/admin USER=admin LOGNAME=admin XDG_RUNTIME_DIR=/run/user/1000 podman stop -t 10 e4c239502a5bd18c8615e8d9a8097054f2a8fec05c611e7613d766a2315fb882.
Oct 03 16:44:26 baseweed-admin runuser[10262]: pam_unix(runuser:session): session opened for user admin(uid=1000) by (uid=0)
Oct 03 16:44:26 baseweed-admin qdistro-tier3s-s122b[9974]: SMOKE chmod_nofollow rc=1 mode=600
Oct 03 16:44:26 baseweed-admin qdistro-tier3s-silo-launch[9958]: SMOKE chmod_nofollow rc=1 mode=600
Oct 03 16:44:26 baseweed-admin systemd[857]: Started podman-10263.scope.
Oct 03 16:44:26 baseweed-admin dbus-run-session[1032]:   INFO qml: [20261003-164426]        PodApps cache refresh loaded 0 apps
Oct 03 16:44:26 baseweed-admin qdistro-tier3s-s122b[9974]: SMOKE ls_l rc=0 stderr_bytes=0
Oct 03 16:44:26 baseweed-admin qdistro-tier3s-silo-launch[9958]: SMOKE ls_l rc=0 stderr_bytes=0
Oct 03 16:44:26 baseweed-admin qdistro-tier3s-s122a[9435]: SMOKE term
Oct 03 16:44:26 baseweed-admin qdistro-tier3s-silo-launch[9409]: SMOKE term
Oct 03 16:44:26 baseweed-admin podman[9409]: 2026-10-03 16:44:26.142514183 +0000 UTC m=+3.450094753 container died e4c239502a5bd18c8615e8d9a8097054f2a8fec05c611e7613d766a2315fb882 (image=localhost/qdistro/tier3s-headless-smoke:latest, name=qdistro-tier3s-s122a, org.opencontainers.image.created=2026-09-30T20:05:54.126624488Z, org.opensuse.base.vendor=openSUSE Project, qdistro_tier3s_unit=qdistro-tier3s-silo@s122a.service, org.opensuse.base.reference=registry.opensuse.org/opensuse/tumbleweed:20260930.37.208, io.buildah.version=1.44.1, org.opensuse.base.lifecycle-url=https://en.opensuse.org/Lifetime, org.opensuse.base.url=https://www.opensuse.org, org.qdistro.snapshot=20260930, org.opensuse.base.disturl=obs://build.opensuse.org/openSUSE:Factory/images/561f9d4c8e4e1a441f95ad4ec6b5a914-opensuse-tumbleweed-image:docker, org.opencontainers.image.source=https://build.opensuse.org/package/show/openSUSE:Factory/opensuse-tumbleweed-image?rev=561f9d4c8e4e1a441f95ad4ec6b5a914, org.opensuse.base.source=https://build.opensuse.org/package/show/openSUSE:Factory/opensuse-tumbleweed-image?rev=561f9d4c8e4e1a441f95ad4ec6b5a914, org.opensuse.reference=registry.opensuse.org/opensuse/tumbleweed:20260930.37.208, org.opensuse.base.created=2026-09-30T20:05:54.126624488Z, org.opensuse.base.version=20260930.37.208, org.opensuse.base.description=Image containing a minimal environment for containers based on openSUSE Tumbleweed., org.opencontainers.image.version=20260930.37.208, org.opensuse.lifecycle-url=https://en.opensuse.org/Lifetime, org.qdistro.tier3s.workload=headless-smoke, qdistro_tier3s_token=aa71befc98994d7774d363df362ac250, org.openbuildservice.disturl=obs://build.opensuse.org/openSUSE:Factory/images/561f9d4c8e4e1a441f95ad4ec6b5a914-opensuse-tumbleweed-image:docker, org.opencontainers.image.description=Image containing a minimal environment for containers based on openSUSE Tumbleweed., org.opencontainers.image.vendor=openSUSE Project, org.opensuse.base.title=openSUSE Tumbleweed Base Container, org.opencontainers.image.title=openSUSE Tumbleweed Base Container, org.opencontainers.image.url=https://www.opensuse.org)
Oct 03 16:44:26 baseweed-admin qdistro-tier3s-s122b[9974]: SMOKE routes=2 links=lo,
Oct 03 16:44:26 baseweed-admin qdistro-tier3s-silo-launch[9958]: SMOKE routes=2 links=lo,
Oct 03 16:44:26 baseweed-admin qdistro-tier3s-s122b[9974]: SMOKE route_table=::1 dev lo proto unspec scope link ;127.0.0.0/8 dev lo proto unspec scope link ;
Oct 03 16:44:26 baseweed-admin qdistro-tier3s-s122b[9974]: SMOKE done
Oct 03 16:44:26 baseweed-admin qdistro-tier3s-s122b[9974]: SMOKE holding 600s
Oct 03 16:44:26 baseweed-admin qdistro-tier3s-silo-launch[9958]: SMOKE route_table=::1 dev lo proto unspec scope link ;127.0.0.0/8 dev lo proto unspec scope link ;
Oct 03 16:44:26 baseweed-admin qdistro-tier3s-silo-launch[9958]: SMOKE done
Oct 03 16:44:26 baseweed-admin qdistro-tier3s-silo-launch[9958]: SMOKE holding 600s
Oct 03 16:44:26 baseweed-admin systemd[857]: qdistro-polkit-agent.service: Scheduled restart job, restart counter is at 32.
Oct 03 16:44:26 baseweed-admin systemd[857]: Started qdistro polkit authentication agent (PAM / fprintd / broker).
Oct 03 16:44:26 baseweed-admin podman[10263]: 2026-10-03 16:44:26.427524909 +0000 UTC m=+0.400964317 container remove e4c239502a5bd18c8615e8d9a8097054f2a8fec05c611e7613d766a2315fb882 (image=localhost/qdistro/tier3s-headless-smoke:latest, name=qdistro-tier3s-s122a, org.opencontainers.image.title=openSUSE Tumbleweed Base Container, org.opensuse.base.description=Image containing a minimal environment for containers based on openSUSE Tumbleweed., org.opensuse.base.disturl=obs://build.opensuse.org/openSUSE:Factory/images/561f9d4c8e4e1a441f95ad4ec6b5a914-opensuse-tumbleweed-image:docker, qdistro_tier3s_token=aa71befc98994d7774d363df362ac250, org.openbuildservice.disturl=obs://build.opensuse.org/openSUSE:Factory/images/561f9d4c8e4e1a441f95ad4ec6b5a914-opensuse-tumbleweed-image:docker, org.opencontainers.image.source=https://build.opensuse.org/package/show/openSUSE:Factory/opensuse-tumbleweed-image?rev=561f9d4c8e4e1a441f95ad4ec6b5a914, org.opencontainers.image.url=https://www.opensuse.org, org.opencontainers.image.vendor=openSUSE Project, org.opensuse.base.url=https://www.opensuse.org, org.opencontainers.image.version=20260930.37.208, org.opensuse.base.reference=registry.opensuse.org/opensuse/tumbleweed:20260930.37.208, qdistro_tier3s_unit=qdistro-tier3s-silo@s122a.service, io.buildah.version=1.44.1, org.opensuse.base.source=https://build.opensuse.org/package/show/openSUSE:Factory/opensuse-tumbleweed-image?rev=561f9d4c8e4e1a441f95ad4ec6b5a914, org.opensuse.reference=registry.opensuse.org/opensuse/tumbleweed:20260930.37.208, org.qdistro.snapshot=20260930, org.opensuse.base.created=2026-09-30T20:05:54.126624488Z, org.qdistro.tier3s.workload=headless-smoke, org.opencontainers.image.created=2026-09-30T20:05:54.126624488Z, org.opensuse.base.lifecycle-url=https://en.opensuse.org/Lifetime, org.opensuse.base.vendor=openSUSE Project, org.opensuse.base.version=20260930.37.208, org.opencontainers.image.description=Image containing a minimal environment for containers based on openSUSE Tumbleweed., org.opensuse.lifecycle-url=https://en.opensuse.org/Lifetime, org.opensuse.base.title=openSUSE Tumbleweed Base Container)
Oct 03 16:44:26 baseweed-admin runuser[10262]: pam_unix(runuser:session): session closed for user admin
Oct 03 16:44:26 baseweed-admin runuser[9383]: pam_unix(runuser:session): session closed for user admin
Oct 03 16:44:26 baseweed-admin systemd[1]: qdistro-t3s-call-10073-3-2974402990.scope: Deactivated successfully.
Oct 03 16:44:26 baseweed-admin systemd[1]: Started [systemd-run] /usr/sbin/runuser -u admin -- env -i PATH=/usr/bin:/bin HOME=/home/admin USER=admin LOGNAME=admin XDG_RUNTIME_DIR=/run/user/1000 podman rm -f --ignore e4c239502a5bd18c8615e8d9a8097054f2a8fec05c611e7613d766a2315fb882.
Oct 03 16:44:26 baseweed-admin runuser[10320]: pam_unix(runuser:session): session opened for user admin(uid=1000) by (uid=0)
Oct 03 16:44:26 baseweed-admin systemd[1]: qdistro-tier3s-aa71befc98994d7774d363df362ac250.scope: Deactivated successfully.
Oct 03 16:44:26 baseweed-admin systemd[1]: Stopped [systemd-run] /usr/libexec/qdistro/qdistro-tier3s-scope enter aa71befc98994d7774d363df362ac250 1000 -- podman --runtime /usr/libexec/qdistro/tier3s-runsc --runtime-flag=network=none --cgroup-manager=cgroupfs run --rm --name qdistro-tier3s-s122a --label qdistro_tier3s_token=aa71befc98994d7774d363df362ac250 --label qdistro_tier3s_unit=qdistro-tier3s-silo@s122a.service --security-opt label=disable --security-opt no-new-privileges --cap-drop=ALL --security-opt seccomp=/usr/lib/qdistro/tier3s/seccomp/headless-smoke.json --userns=keep-id --user 1000:1000 --read-only --tmpfs /tmp:rw,size=64m,mode=1777 --tmpfs /run/user/1000:rw,U,mode=0700 --tmpfs /home/admin/.cache:rw,U,mode=0700 --pids-limit=512 --network=none --env HOME=/home/admin --env XDG_RUNTIME_DIR=/run/user/1000 --env LANG=C.UTF-8 localhost/qdistro/tier3s-headless-smoke:latest qdistro-tier3s-smoke --hold 600.
Oct 03 16:44:26 baseweed-admin systemd[1]: qdistro-tier3s-aa71befc98994d7774d363df362ac250.scope: Consumed 1.632s CPU time over 3.842s wall clock time.
Oct 03 16:44:26 baseweed-admin qdistro-polkit-agent[10307]: registration failed: org.freedesktop.PolicyKit1.Error.Failed: Cannot determine session the caller is in
Oct 03 16:44:26 baseweed-admin python3[10307]: qdistro-polkit-agent: registration failed: org.freedesktop.PolicyKit1.Error.Failed: Cannot determine session the caller is in
Oct 03 16:44:26 baseweed-admin systemd[857]: Started podman-10321.scope.
Oct 03 16:44:26 baseweed-admin runuser[10320]: pam_unix(runuser:session): session closed for user admin
Oct 03 16:44:26 baseweed-admin systemd[1]: qdistro-t3s-call-10073-4-1151983167.scope: Deactivated successfully.
Oct 03 16:44:26 baseweed-admin systemd[857]: qdistro-polkit-agent.service: Main process exited, code=exited, status=1/FAILURE
Oct 03 16:44:26 baseweed-admin systemd[857]: qdistro-polkit-agent.service: Failed with result 'exit-code'.
Oct 03 16:44:26 baseweed-admin systemd[1]: Started [systemd-run] /usr/sbin/runuser -u admin -- env -i PATH=/usr/bin:/bin HOME=/home/admin USER=admin LOGNAME=admin XDG_RUNTIME_DIR=/run/user/1000 sh -c "podman container exists \"\$1\"; printf \"PMRC=%d\\n\" \"\$?\"" sh e4c239502a5bd18c8615e8d9a8097054f2a8fec05c611e7613d766a2315fb882.
Oct 03 16:44:26 baseweed-admin runuser[10338]: pam_unix(runuser:session): session opened for user admin(uid=1000) by (uid=0)
Oct 03 16:44:26 baseweed-admin qemu-ga[680]: info: guest-exec-status called, pid: 3529
Oct 03 16:44:26 baseweed-admin dbus-run-session[1032]:   INFO qml: [20261003-164426]        PodApps auto-scan: qdistro-tier3s-s122b transitioned to running
Oct 03 16:44:26 baseweed-admin systemd[857]: Started podman-10347.scope.
Oct 03 16:44:26 baseweed-admin runuser[10338]: pam_unix(runuser:session): session closed for user admin
Oct 03 16:44:26 baseweed-admin systemd[1]: qdistro-t3s-call-10073-5-2872903131.scope: Deactivated successfully.
Oct 03 16:44:26 baseweed-admin qdistro-tier3s-cleanup[10073]: qdistro-tier3s-cleanup: aa71befc98994d7774d363df362ac250: torn down (qdistro-tier3s-s122a)
Oct 03 16:44:26 baseweed-admin qdistro-tier3s-silo-launch[9053]: spawn-tier3s: signal: tearing down aa71befc98994d7774d363df362ac250
Oct 03 16:44:26 baseweed-admin systemd[1]: qdistro-tier3s-silo@s122a.service: Deactivated successfully.
Oct 03 16:44:26 baseweed-admin systemd[1]: Stopped qdistro tier-3s (gVisor) silo s122a (Experimental, dev profile only).
Oct 03 16:44:26 baseweed-admin systemd[1]: qdistro-tier3s-silo@s122a.service: Consumed 1.465s CPU time over 5.785s wall clock time.
Oct 03 16:44:26 baseweed-admin runuser[10410]: pam_unix(runuser:session): session opened for user admin(uid=1000) by (uid=0)
Oct 03 16:44:26 baseweed-admin systemd[857]: Started podman-10412.scope.
Oct 03 16:44:26 baseweed-admin runuser[10410]: pam_unix(runuser:session): session closed for user admin
Oct 03 16:44:27 baseweed-admin qdistro_session_manager.py[8958]: 2026-10-03 16:44:27,017 INFO qdistro_session_manager: StopSilo name=s122a grace_s=10
Oct 03 16:44:27 baseweed-admin runuser[9704]: pam_unix(runuser:session): session closed for user admin
Oct 03 16:44:27 baseweed-admin runuser[10437]: pam_unix(runuser:session): session opened for user admin(uid=1000) by (uid=0)
Oct 03 16:44:27 baseweed-admin systemd[857]: Started podman-10438.scope.
Oct 03 16:44:27 baseweed-admin runuser[10437]: pam_unix(runuser:session): session closed for user admin
Oct 03 16:44:27 baseweed-admin runuser[10450]: pam_unix(runuser:session): session opened for user admin(uid=1000) by (uid=0)
Oct 03 16:44:27 baseweed-admin systemd[857]: Started podman-10451.scope.
Oct 03 16:44:27 baseweed-admin runuser[10450]: pam_unix(runuser:session): session closed for user admin
Oct 03 16:44:27 baseweed-admin runuser[10463]: pam_unix(runuser:session): session opened for user admin(uid=1000) by (uid=0)
Oct 03 16:44:27 baseweed-admin systemd[1]: Stopping qdistro tier-3s (gVisor) silo s122b (Experimental, dev profile only)...
Oct 03 16:44:27 baseweed-admin systemd[1]: Started [systemd-run] /usr/sbin/runuser -u admin -- env -i PATH=/usr/bin:/bin HOME=/home/admin USER=admin LOGNAME=admin XDG_RUNTIME_DIR=/run/user/1000 sh -c "podman container exists \"\$1\"; printf \"PMRC=%d\\n\" \"\$?\"" sh qdistro-tier3s-s122b.
Oct 03 16:44:27 baseweed-admin runuser[10511]: pam_unix(runuser:session): session opened for user admin(uid=1000) by (uid=0)
Oct 03 16:44:27 baseweed-admin systemd[857]: Started podman-10513.scope.
Oct 03 16:44:27 baseweed-admin runuser[10511]: pam_unix(runuser:session): session closed for user admin
Oct 03 16:44:27 baseweed-admin systemd[1]: qdistro-t3s-call-10467-1-3659422986.scope: Deactivated successfully.
Oct 03 16:44:27 baseweed-admin systemd[1]: Started [systemd-run] /usr/sbin/runuser -u admin -- env -i PATH=/usr/bin:/bin HOME=/home/admin USER=admin LOGNAME=admin XDG_RUNTIME_DIR=/run/user/1000 podman container inspect --format "{{.Id}} {{index .Config.Labels \"qdistro_tier3s_token\"}}" qdistro-tier3s-s122b.
Oct 03 16:44:27 baseweed-admin runuser[10530]: pam_unix(runuser:session): session opened for user admin(uid=1000) by (uid=0)
Oct 03 16:44:27 baseweed-admin dbus-run-session[1032]:   WARN: Process failed to start, likely because the binary could not be found. Command: QList("bluetoothctl", "show")
Oct 03 16:44:27 baseweed-admin systemd[857]: Started podman-10532.scope.
Oct 03 16:44:27 baseweed-admin runuser[10530]: pam_unix(runuser:session): session closed for user admin
Oct 03 16:44:27 baseweed-admin systemd[1]: qdistro-t3s-call-10467-2-1699390623.scope: Deactivated successfully.
Oct 03 16:44:27 baseweed-admin systemd[1]: Started [systemd-run] /usr/sbin/runuser -u admin -- env -i PATH=/usr/bin:/bin HOME=/home/admin USER=admin LOGNAME=admin XDG_RUNTIME_DIR=/run/user/1000 podman stop -t 10 2a7d72f7de299aaf604bd4d03b37c59bca09e5b9c9387b925c4206d56a79595e.
Oct 03 16:44:27 baseweed-admin runuser[10550]: pam_unix(runuser:session): session opened for user admin(uid=1000) by (uid=0)
Oct 03 16:44:27 baseweed-admin systemd[857]: Started podman-10551.scope.
Oct 03 16:44:27 baseweed-admin qdistro-tier3s-s122b[9974]: SMOKE term
Oct 03 16:44:27 baseweed-admin qdistro-tier3s-silo-launch[9958]: SMOKE term
Oct 03 16:44:27 baseweed-admin podman[9958]: 2026-10-03 16:44:27.589277634 +0000 UTC m=+2.625705558 container died 2a7d72f7de299aaf604bd4d03b37c59bca09e5b9c9387b925c4206d56a79595e (image=localhost/qdistro/tier3s-headless-smoke:latest, name=qdistro-tier3s-s122b, org.opencontainers.image.version=20260930.37.208, org.opencontainers.image.created=2026-09-30T20:05:54.126624488Z, org.opensuse.lifecycle-url=https://en.opensuse.org/Lifetime, org.opensuse.base.disturl=obs://build.opensuse.org/openSUSE:Factory/images/561f9d4c8e4e1a441f95ad4ec6b5a914-opensuse-tumbleweed-image:docker, qdistro_tier3s_token=20127139e688a4b7e9dafd555bc219f5, qdistro_tier3s_unit=qdistro-tier3s-silo@s122b.service, org.opensuse.base.reference=registry.opensuse.org/opensuse/tumbleweed:20260930.37.208, org.openbuildservice.disturl=obs://build.opensuse.org/openSUSE:Factory/images/561f9d4c8e4e1a441f95ad4ec6b5a914-opensuse-tumbleweed-image:docker, org.opensuse.base.lifecycle-url=https://en.opensuse.org/Lifetime, org.opensuse.base.source=https://build.opensuse.org/package/show/openSUSE:Factory/opensuse-tumbleweed-image?rev=561f9d4c8e4e1a441f95ad4ec6b5a914, org.opensuse.reference=registry.opensuse.org/opensuse/tumbleweed:20260930.37.208, org.opencontainers.image.vendor=openSUSE Project, org.opencontainers.image.title=openSUSE Tumbleweed Base Container, org.opencontainers.image.source=https://build.opensuse.org/package/show/openSUSE:Factory/opensuse-tumbleweed-image?rev=561f9d4c8e4e1a441f95ad4ec6b5a914, org.opensuse.base.vendor=openSUSE Project, org.qdistro.tier3s.workload=headless-smoke, org.opencontainers.image.description=Image containing a minimal environment for containers based on openSUSE Tumbleweed., org.opensuse.base.created=2026-09-30T20:05:54.126624488Z, io.buildah.version=1.44.1, org.qdistro.snapshot=20260930, org.opensuse.base.url=https://www.opensuse.org, org.opensuse.base.title=openSUSE Tumbleweed Base Container, org.opensuse.base.description=Image containing a minimal environment for containers based on openSUSE Tumbleweed., org.opensuse.base.version=20260930.37.208, org.opencontainers.image.url=https://www.opensuse.org)
Oct 03 16:44:27 baseweed-admin qemu-ga[680]: info: guest-exec-status called, pid: 3529
Oct 03 16:44:27 baseweed-admin podman[10551]: 2026-10-03 16:44:27.824890193 +0000 UTC m=+0.334632151 container remove 2a7d72f7de299aaf604bd4d03b37c59bca09e5b9c9387b925c4206d56a79595e (image=localhost/qdistro/tier3s-headless-smoke:latest, name=qdistro-tier3s-s122b, org.openbuildservice.disturl=obs://build.opensuse.org/openSUSE:Factory/images/561f9d4c8e4e1a441f95ad4ec6b5a914-opensuse-tumbleweed-image:docker, org.opencontainers.image.version=20260930.37.208, org.opensuse.base.vendor=openSUSE Project, org.opencontainers.image.created=2026-09-30T20:05:54.126624488Z, org.opensuse.base.description=Image containing a minimal environment for containers based on openSUSE Tumbleweed., org.opensuse.reference=registry.opensuse.org/opensuse/tumbleweed:20260930.37.208, org.opensuse.base.title=openSUSE Tumbleweed Base Container, org.opencontainers.image.title=openSUSE Tumbleweed Base Container, org.opencontainers.image.url=https://www.opensuse.org, org.opensuse.base.disturl=obs://build.opensuse.org/openSUSE:Factory/images/561f9d4c8e4e1a441f95ad4ec6b5a914-opensuse-tumbleweed-image:docker, org.opensuse.base.reference=registry.opensuse.org/opensuse/tumbleweed:20260930.37.208, qdistro_tier3s_token=20127139e688a4b7e9dafd555bc219f5, org.opencontainers.image.description=Image containing a minimal environment for containers based on openSUSE Tumbleweed., org.qdistro.snapshot=20260930, io.buildah.version=1.44.1, org.opensuse.base.source=https://build.opensuse.org/package/show/openSUSE:Factory/opensuse-tumbleweed-image?rev=561f9d4c8e4e1a441f95ad4ec6b5a914, org.opensuse.base.url=https://www.opensuse.org, org.opensuse.base.version=20260930.37.208, org.qdistro.tier3s.workload=headless-smoke, org.opencontainers.image.source=https://build.opensuse.org/package/show/openSUSE:Factory/opensuse-tumbleweed-image?rev=561f9d4c8e4e1a441f95ad4ec6b5a914, org.opensuse.base.created=2026-09-30T20:05:54.126624488Z, org.opensuse.lifecycle-url=https://en.opensuse.org/Lifetime, qdistro_tier3s_unit=qdistro-tier3s-silo@s122b.service, org.opencontainers.image.vendor=openSUSE Project, org.opensuse.base.lifecycle-url=https://en.opensuse.org/Lifetime)
Oct 03 16:44:27 baseweed-admin runuser[10550]: pam_unix(runuser:session): session closed for user admin
Oct 03 16:44:27 baseweed-admin runuser[9932]: pam_unix(runuser:session): session closed for user admin
Oct 03 16:44:27 baseweed-admin systemd[1]: qdistro-t3s-call-10467-3-3541500498.scope: Deactivated successfully.
Oct 03 16:44:27 baseweed-admin systemd[1]: qdistro-tier3s-20127139e688a4b7e9dafd555bc219f5.scope: Deactivated successfully.
Oct 03 16:44:27 baseweed-admin systemd[1]: Stopped [systemd-run] /usr/libexec/qdistro/qdistro-tier3s-scope enter 20127139e688a4b7e9dafd555bc219f5 1000 -- podman --runtime /usr/libexec/qdistro/tier3s-runsc --runtime-flag=network=none --cgroup-manager=cgroupfs run --rm --name qdistro-tier3s-s122b --label qdistro_tier3s_token=20127139e688a4b7e9dafd555bc219f5 --label qdistro_tier3s_unit=qdistro-tier3s-silo@s122b.service --security-opt label=disable --security-opt no-new-privileges --cap-drop=ALL --security-opt seccomp=/usr/lib/qdistro/tier3s/seccomp/headless-smoke.json --userns=keep-id --user 1000:1000 --read-only --tmpfs /tmp:rw,size=64m,mode=1777 --tmpfs /run/user/1000:rw,U,mode=0700 --tmpfs /home/admin/.cache:rw,U,mode=0700 --pids-limit=512 --network=none --env HOME=/home/admin --env XDG_RUNTIME_DIR=/run/user/1000 --env LANG=C.UTF-8 localhost/qdistro/tier3s-headless-smoke:latest qdistro-tier3s-smoke --hold 600.
Oct 03 16:44:27 baseweed-admin systemd[1]: qdistro-tier3s-20127139e688a4b7e9dafd555bc219f5.scope: Consumed 1.688s CPU time over 2.892s wall clock time.
Oct 03 16:44:28 baseweed-admin systemd[1]: Started [systemd-run] /usr/sbin/runuser -u admin -- env -i PATH=/usr/bin:/bin HOME=/home/admin USER=admin LOGNAME=admin XDG_RUNTIME_DIR=/run/user/1000 podman rm -f --ignore 2a7d72f7de299aaf604bd4d03b37c59bca09e5b9c9387b925c4206d56a79595e.
Oct 03 16:44:28 baseweed-admin runuser[10597]: pam_unix(runuser:session): session opened for user admin(uid=1000) by (uid=0)
Oct 03 16:44:28 baseweed-admin systemd[857]: Started podman-10599.scope.
Oct 03 16:44:28 baseweed-admin runuser[10597]: pam_unix(runuser:session): session closed for user admin
Oct 03 16:44:28 baseweed-admin systemd[1]: qdistro-t3s-call-10467-4-1868539504.scope: Deactivated successfully.
Oct 03 16:44:28 baseweed-admin systemd[1]: Started [systemd-run] /usr/sbin/runuser -u admin -- env -i PATH=/usr/bin:/bin HOME=/home/admin USER=admin LOGNAME=admin XDG_RUNTIME_DIR=/run/user/1000 sh -c "podman container exists \"\$1\"; printf \"PMRC=%d\\n\" \"\$?\"" sh 2a7d72f7de299aaf604bd4d03b37c59bca09e5b9c9387b925c4206d56a79595e.
Oct 03 16:44:28 baseweed-admin runuser[10614]: pam_unix(runuser:session): session opened for user admin(uid=1000) by (uid=0)
Oct 03 16:44:28 baseweed-admin systemd[857]: Started podman-10616.scope.
Oct 03 16:44:28 baseweed-admin runuser[10614]: pam_unix(runuser:session): session closed for user admin
Oct 03 16:44:28 baseweed-admin systemd[1]: qdistro-t3s-call-10467-5-1759858774.scope: Deactivated successfully.
Oct 03 16:44:28 baseweed-admin qdistro-tier3s-cleanup[10467]: qdistro-tier3s-cleanup: 20127139e688a4b7e9dafd555bc219f5: torn down (qdistro-tier3s-s122b)
Oct 03 16:44:28 baseweed-admin qdistro-tier3s-silo-launch[9564]: spawn-tier3s: signal: tearing down 20127139e688a4b7e9dafd555bc219f5
Oct 03 16:44:28 baseweed-admin systemd[1]: qdistro-tier3s-silo@s122b.service: Deactivated successfully.
Oct 03 16:44:28 baseweed-admin systemd[1]: Stopped qdistro tier-3s (gVisor) silo s122b (Experimental, dev profile only).
Oct 03 16:44:28 baseweed-admin systemd[1]: qdistro-tier3s-silo@s122b.service: Consumed 1.365s CPU time over 5.094s wall clock time.
Oct 03 16:44:28 baseweed-admin runuser[10669]: pam_unix(runuser:session): session opened for user admin(uid=1000) by (uid=0)
Oct 03 16:44:28 baseweed-admin systemd[857]: Started podman-10671.scope.
Oct 03 16:44:28 baseweed-admin runuser[10669]: pam_unix(runuser:session): session closed for user admin
Oct 03 16:44:28 baseweed-admin qdistro_session_manager.py[8958]: 2026-10-03 16:44:28,365 INFO qdistro_session_manager: StopSilo name=s122b grace_s=10
Oct 03 16:44:28 baseweed-admin runuser[10463]: pam_unix(runuser:session): session closed for user admin
Oct 03 16:44:28 baseweed-admin runuser[10698]: pam_unix(runuser:session): session opened for user admin(uid=1000) by (uid=0)
Oct 03 16:44:28 baseweed-admin systemd[857]: Started podman-10699.scope.
Oct 03 16:44:28 baseweed-admin runuser[10698]: pam_unix(runuser:session): session closed for user admin
Oct 03 16:44:28 baseweed-admin runuser[11104]: pam_unix(runuser:session): session opened for user admin(uid=1000) by (uid=0)
Oct 03 16:44:28 baseweed-admin dbus-run-session[1032]:   WARN qml: [20261003-164428]        PodApps scan failed for qdistro-tier3s-s122b (exit 2)
Oct 03 16:44:28 baseweed-admin systemd[1]: Starting qdistro tier-3s (gVisor) silo s122a (Experimental, dev profile only)...
Oct 03 16:44:28 baseweed-admin qemu-ga[680]: info: guest-exec-status called, pid: 3529
Oct 03 16:44:29 baseweed-admin dbus-run-session[1032]:   WARN: Process failed to start, likely because the binary could not be found. Command: QList("bluetoothctl", "show")
Oct 03 16:44:29 baseweed-admin runuser[11264]: pam_unix(runuser:session): session opened for user admin(uid=1000) by (uid=0)
Oct 03 16:44:29 baseweed-admin runuser[11264]: pam_unix(runuser:session): session closed for user admin
Oct 03 16:44:29 baseweed-admin runuser[11274]: pam_unix(runuser:session): session opened for user admin(uid=1000) by (uid=0)
Oct 03 16:44:29 baseweed-admin systemd[857]: Started podman-11275.scope.
Oct 03 16:44:29 baseweed-admin runuser[11274]: pam_unix(runuser:session): session closed for user admin
Oct 03 16:44:29 baseweed-admin runuser[11285]: pam_unix(runuser:session): session opened for user admin(uid=1000) by (uid=0)
Oct 03 16:44:29 baseweed-admin systemd[857]: qdistro-polkit-agent.service: Scheduled restart job, restart counter is at 33.
Oct 03 16:44:29 baseweed-admin systemd[857]: Started podman-11286.scope.
Oct 03 16:44:29 baseweed-admin systemd[857]: Started qdistro polkit authentication agent (PAM / fprintd / broker).
Oct 03 16:44:29 baseweed-admin podman[11286]: 2026-10-03 16:44:29.556347649 +0000 UTC m=+0.045528017 image pull 59aaf4e6b9ae5a43b860306a452f30a0cca587014149d418f4f0a32c881c6994 localhost/tier3s-probe:empty
Oct 03 16:44:29 baseweed-admin podman[11286]: 2026-10-03 16:44:29.651502691 +0000 UTC m=+0.140683069 container create e951d696e630ae292f10304e90937a42006dc74b65e5a74c69e338432ee61308 (image=localhost/tier3s-probe:empty, name=tier3s-probe-11137)
Oct 03 16:44:29 baseweed-admin runuser[11285]: pam_unix(runuser:session): session closed for user admin
Oct 03 16:44:29 baseweed-admin runuser[11310]: pam_unix(runuser:session): session opened for user admin(uid=1000) by (uid=0)
Oct 03 16:44:29 baseweed-admin systemd[857]: Started podman-11311.scope.
Oct 03 16:44:29 baseweed-admin runuser[11310]: pam_unix(runuser:session): session closed for user admin
Oct 03 16:44:29 baseweed-admin qdistro-polkit-agent[11304]: registration failed: org.freedesktop.PolicyKit1.Error.Failed: Cannot determine session the caller is in
Oct 03 16:44:29 baseweed-admin python3[11304]: qdistro-polkit-agent: registration failed: org.freedesktop.PolicyKit1.Error.Failed: Cannot determine session the caller is in
Oct 03 16:44:29 baseweed-admin runuser[11321]: pam_unix(runuser:session): session opened for user admin(uid=1000) by (uid=0)
Oct 03 16:44:29 baseweed-admin systemd[857]: qdistro-polkit-agent.service: Main process exited, code=exited, status=1/FAILURE
Oct 03 16:44:29 baseweed-admin systemd[857]: qdistro-polkit-agent.service: Failed with result 'exit-code'.
Oct 03 16:44:29 baseweed-admin qemu-ga[680]: info: guest-exec-status called, pid: 3529
Oct 03 16:44:29 baseweed-admin systemd[857]: Started podman-11322.scope.
Oct 03 16:44:29 baseweed-admin runuser[11321]: pam_unix(runuser:session): session closed for user admin
Oct 03 16:44:29 baseweed-admin runuser[11332]: pam_unix(runuser:session): session opened for user admin(uid=1000) by (uid=0)
Oct 03 16:44:29 baseweed-admin systemd[857]: Started podman-11333.scope.
Oct 03 16:44:29 baseweed-admin podman[11333]: 2026-10-03 16:44:29.946069024 +0000 UTC m=+0.157449661 container remove e951d696e630ae292f10304e90937a42006dc74b65e5a74c69e338432ee61308 (image=localhost/tier3s-probe:empty, name=tier3s-probe-11137)
Oct 03 16:44:29 baseweed-admin runuser[11332]: pam_unix(runuser:session): session closed for user admin
Oct 03 16:44:29 baseweed-admin runuser[11345]: pam_unix(runuser:session): session opened for user admin(uid=1000) by (uid=0)
Oct 03 16:44:30 baseweed-admin qdistro-tier3s-silo-launch[11346]: [resolve-binding] silo 's122a' is untemplated (no binding)
Oct 03 16:44:30 baseweed-admin runuser[11345]: pam_unix(runuser:session): session closed for user admin
Oct 03 16:44:30 baseweed-admin qdistro-tier3s-silo-launch[11109]: spawn-tier3s: silo s122a runs UNTEMPLATED (no binding); image localhost/qdistro/tier3s-headless-smoke:latest
Oct 03 16:44:30 baseweed-admin runuser[11348]: pam_unix(runuser:session): session opened for user admin(uid=1000) by (uid=0)
Oct 03 16:44:30 baseweed-admin runuser[11348]: pam_unix(runuser:session): session closed for user admin
Oct 03 16:44:30 baseweed-admin systemd[1]: Started [systemd-run] /usr/sbin/runuser -u admin -- env -i PATH=/usr/bin:/bin HOME=/home/admin USER=admin LOGNAME=admin XDG_RUNTIME_DIR=/run/user/1000 podman ps -a --filter label=qdistro_tier3s_token --format json.
Oct 03 16:44:30 baseweed-admin runuser[11370]: pam_unix(runuser:session): session opened for user admin(uid=1000) by (uid=0)
Oct 03 16:44:30 baseweed-admin systemd[857]: Started podman-11371.scope.
Oct 03 16:44:30 baseweed-admin runuser[11370]: pam_unix(runuser:session): session closed for user admin
Oct 03 16:44:30 baseweed-admin systemd[1]: qdistro-t3s-call-11355-1-761503557.scope: Deactivated successfully.
Oct 03 16:44:30 baseweed-admin runuser[11402]: pam_unix(runuser:session): session opened for user admin(uid=1000) by (uid=0)
Oct 03 16:44:30 baseweed-admin systemd[857]: Started podman-11403.scope.
Oct 03 16:44:30 baseweed-admin runuser[11402]: pam_unix(runuser:session): session closed for user admin
Oct 03 16:44:30 baseweed-admin qdistro-tier3s-silo-launch[11109]: LAUNCH_TOKEN=02c8db970d942a796fa28c5b6e9d3dd8
Oct 03 16:44:30 baseweed-admin qdistro-tier3s-silo-launch[11109]: CONTAINER=qdistro-tier3s-s122a
Oct 03 16:44:30 baseweed-admin qdistro-tier3s-silo-launch[11109]: IMAGE=localhost/qdistro/tier3s-headless-smoke:latest
Oct 03 16:44:30 baseweed-admin qdistro-tier3s-silo-launch[11109]: SCOPE_UNIT=qdistro-tier3s-02c8db970d942a796fa28c5b6e9d3dd8.scope
Oct 03 16:44:30 baseweed-admin systemd[1]: Started [systemd-run] /usr/libexec/qdistro/qdistro-tier3s-scope enter 02c8db970d942a796fa28c5b6e9d3dd8 1000 -- podman --runtime /usr/libexec/qdistro/tier3s-runsc --runtime-flag=network=none --cgroup-manager=cgroupfs run --rm --name qdistro-tier3s-s122a --label qdistro_tier3s_token=02c8db970d942a796fa28c5b6e9d3dd8 --label qdistro_tier3s_unit=qdistro-tier3s-silo@s122a.service --security-opt label=disable --security-opt no-new-privileges --cap-drop=ALL --security-opt seccomp=/usr/lib/qdistro/tier3s/seccomp/headless-smoke.json --userns=keep-id --user 1000:1000 --read-only --tmpfs /tmp:rw,size=64m,mode=1777 --tmpfs /run/user/1000:rw,U,mode=0700 --tmpfs /home/admin/.cache:rw,U,mode=0700 --pids-limit=512 --network=none --env HOME=/home/admin --env XDG_RUNTIME_DIR=/run/user/1000 --env LANG=C.UTF-8 localhost/qdistro/tier3s-headless-smoke:latest qdistro-tier3s-smoke --hold 600.
Oct 03 16:44:30 baseweed-admin qdistro-tier3s-silo-launch[11412]: Running as unit: qdistro-tier3s-02c8db970d942a796fa28c5b6e9d3dd8.scope; invocation ID: f91a18cb2b744459a6c5463c1b8bb430
Oct 03 16:44:30 baseweed-admin runuser[11414]: pam_unix(runuser:session): session opened for user admin(uid=1000) by (uid=0)
Oct 03 16:44:30 baseweed-admin qdistro-tier3s-silo-launch[11412]: qdistro-tier3s-scope: /system.slice/qdistro-tier3s-02c8db970d942a796fa28c5b6e9d3dd8.scope delegated to uid 1000 (dir, cgroup.procs, cgroup.subtree_control, cgroup.threads)
Oct 03 16:44:30 baseweed-admin runuser[11412]: pam_unix(runuser:session): session opened for user admin(uid=1000) by (uid=0)
Oct 03 16:44:30 baseweed-admin systemd[857]: Started podman-11419.scope.
Oct 03 16:44:30 baseweed-admin runuser[11414]: pam_unix(runuser:session): session closed for user admin
Oct 03 16:44:30 baseweed-admin podman[11439]: 2026-10-03 16:44:30.366987534 +0000 UTC m=+0.059766196 container create e4e19cfe530ef84d1dbc87e10cc81b2185519f39e49fcae1a0427351105a9fd7 (image=localhost/qdistro/tier3s-headless-smoke:latest, name=qdistro-tier3s-s122a, org.opencontainers.image.url=https://www.opensuse.org, qdistro_tier3s_unit=qdistro-tier3s-silo@s122a.service, org.opensuse.base.lifecycle-url=https://en.opensuse.org/Lifetime, io.buildah.version=1.44.1, org.qdistro.tier3s.workload=headless-smoke, org.opencontainers.image.title=openSUSE Tumbleweed Base Container, qdistro_tier3s_token=02c8db970d942a796fa28c5b6e9d3dd8, org.opencontainers.image.vendor=openSUSE Project, org.opensuse.base.source=https://build.opensuse.org/package/show/openSUSE:Factory/opensuse-tumbleweed-image?rev=561f9d4c8e4e1a441f95ad4ec6b5a914, org.opensuse.base.disturl=obs://build.opensuse.org/openSUSE:Factory/images/561f9d4c8e4e1a441f95ad4ec6b5a914-opensuse-tumbleweed-image:docker, org.openbuildservice.disturl=obs://build.opensuse.org/openSUSE:Factory/images/561f9d4c8e4e1a441f95ad4ec6b5a914-opensuse-tumbleweed-image:docker, org.opensuse.base.version=20260930.37.208, org.opensuse.reference=registry.opensuse.org/opensuse/tumbleweed:20260930.37.208, org.opensuse.base.reference=registry.opensuse.org/opensuse/tumbleweed:20260930.37.208, org.opensuse.base.title=openSUSE Tumbleweed Base Container, org.opencontainers.image.version=20260930.37.208, org.opensuse.base.created=2026-09-30T20:05:54.126624488Z, org.opensuse.lifecycle-url=https://en.opensuse.org/Lifetime, org.opencontainers.image.created=2026-09-30T20:05:54.126624488Z, org.opensuse.base.url=https://www.opensuse.org, org.opencontainers.image.description=Image containing a minimal environment for containers based on openSUSE Tumbleweed., org.qdistro.snapshot=20260930, org.opencontainers.image.source=https://build.opensuse.org/package/show/openSUSE:Factory/opensuse-tumbleweed-image?rev=561f9d4c8e4e1a441f95ad4ec6b5a914, org.opensuse.base.vendor=openSUSE Project, org.opensuse.base.description=Image containing a minimal environment for containers based on openSUSE Tumbleweed.)
Oct 03 16:44:30 baseweed-admin podman[11439]: 2026-10-03 16:44:30.328155062 +0000 UTC m=+0.020933734 image pull 1eee52a21ad86f065d227988b4ff8e279fe838e4ed84ee77f2aed0d372deae92 localhost/qdistro/tier3s-headless-smoke:latest
Oct 03 16:44:30 baseweed-admin podman[11439]: 2026-10-03 16:44:30.482067483 +0000 UTC m=+0.174846165 container init e4e19cfe530ef84d1dbc87e10cc81b2185519f39e49fcae1a0427351105a9fd7 (image=localhost/qdistro/tier3s-headless-smoke:latest, name=qdistro-tier3s-s122a, org.opencontainers.image.version=20260930.37.208, org.opensuse.base.url=https://www.opensuse.org, org.opensuse.base.disturl=obs://build.opensuse.org/openSUSE:Factory/images/561f9d4c8e4e1a441f95ad4ec6b5a914-opensuse-tumbleweed-image:docker, org.opencontainers.image.url=https://www.opensuse.org, org.opensuse.base.version=20260930.37.208, org.opensuse.base.lifecycle-url=https://en.opensuse.org/Lifetime, org.opensuse.lifecycle-url=https://en.opensuse.org/Lifetime, org.opensuse.base.description=Image containing a minimal environment for containers based on openSUSE Tumbleweed., org.opencontainers.image.title=openSUSE Tumbleweed Base Container, qdistro_tier3s_token=02c8db970d942a796fa28c5b6e9d3dd8, org.opensuse.base.source=https://build.opensuse.org/package/show/openSUSE:Factory/opensuse-tumbleweed-image?rev=561f9d4c8e4e1a441f95ad4ec6b5a914, org.opensuse.base.reference=registry.opensuse.org/opensuse/tumbleweed:20260930.37.208, org.opensuse.base.vendor=openSUSE Project, qdistro_tier3s_unit=qdistro-tier3s-silo@s122a.service, org.opencontainers.image.vendor=openSUSE Project, org.opensuse.base.created=2026-09-30T20:05:54.126624488Z, org.opensuse.reference=registry.opensuse.org/opensuse/tumbleweed:20260930.37.208, org.opencontainers.image.source=https://build.opensuse.org/package/show/openSUSE:Factory/opensuse-tumbleweed-image?rev=561f9d4c8e4e1a441f95ad4ec6b5a914, org.opencontainers.image.created=2026-09-30T20:05:54.126624488Z, org.opensuse.base.title=openSUSE Tumbleweed Base Container, org.qdistro.tier3s.workload=headless-smoke, org.opencontainers.image.description=Image containing a minimal environment for containers based on openSUSE Tumbleweed., org.qdistro.snapshot=20260930, org.openbuildservice.disturl=obs://build.opensuse.org/openSUSE:Factory/images/561f9d4c8e4e1a441f95ad4ec6b5a914-opensuse-tumbleweed-image:docker, io.buildah.version=1.44.1)
Oct 03 16:44:30 baseweed-admin podman[11439]: 2026-10-03 16:44:30.507234869 +0000 UTC m=+0.200013531 container start e4e19cfe530ef84d1dbc87e10cc81b2185519f39e49fcae1a0427351105a9fd7 (image=localhost/qdistro/tier3s-headless-smoke:latest, name=qdistro-tier3s-s122a, org.opensuse.base.title=openSUSE Tumbleweed Base Container, qdistro_tier3s_token=02c8db970d942a796fa28c5b6e9d3dd8, org.qdistro.snapshot=20260930, org.openbuildservice.disturl=obs://build.opensuse.org/openSUSE:Factory/images/561f9d4c8e4e1a441f95ad4ec6b5a914-opensuse-tumbleweed-image:docker, org.opensuse.reference=registry.opensuse.org/opensuse/tumbleweed:20260930.37.208, org.opensuse.base.reference=registry.opensuse.org/opensuse/tumbleweed:20260930.37.208, org.opencontainers.image.source=https://build.opensuse.org/package/show/openSUSE:Factory/opensuse-tumbleweed-image?rev=561f9d4c8e4e1a441f95ad4ec6b5a914, org.opensuse.base.url=https://www.opensuse.org, qdistro_tier3s_unit=qdistro-tier3s-silo@s122a.service, org.qdistro.tier3s.workload=headless-smoke, org.opencontainers.image.vendor=openSUSE Project, org.opensuse.base.lifecycle-url=https://en.opensuse.org/Lifetime, org.opensuse.lifecycle-url=https://en.opensuse.org/Lifetime, io.buildah.version=1.44.1, org.opencontainers.image.created=2026-09-30T20:05:54.126624488Z, org.opensuse.base.source=https://build.opensuse.org/package/show/openSUSE:Factory/opensuse-tumbleweed-image?rev=561f9d4c8e4e1a441f95ad4ec6b5a914, org.opensuse.base.created=2026-09-30T20:05:54.126624488Z, org.opensuse.base.version=20260930.37.208, org.opensuse.base.vendor=openSUSE Project, org.opensuse.base.description=Image containing a minimal environment for containers based on openSUSE Tumbleweed., org.opencontainers.image.url=https://www.opensuse.org, org.opencontainers.image.version=20260930.37.208, org.opencontainers.image.title=openSUSE Tumbleweed Base Container, org.opencontainers.image.description=Image containing a minimal environment for containers based on openSUSE Tumbleweed., org.opensuse.base.disturl=obs://build.opensuse.org/openSUSE:Factory/images/561f9d4c8e4e1a441f95ad4ec6b5a914-opensuse-tumbleweed-image:docker)
Oct 03 16:44:30 baseweed-admin podman[11439]: 2026-10-03 16:44:30.536416918 +0000 UTC m=+0.229195600 container attach e4e19cfe530ef84d1dbc87e10cc81b2185519f39e49fcae1a0427351105a9fd7 (image=localhost/qdistro/tier3s-headless-smoke:latest, name=qdistro-tier3s-s122a, org.opensuse.base.lifecycle-url=https://en.opensuse.org/Lifetime, org.qdistro.tier3s.workload=headless-smoke, org.opensuse.base.source=https://build.opensuse.org/package/show/openSUSE:Factory/opensuse-tumbleweed-image?rev=561f9d4c8e4e1a441f95ad4ec6b5a914, org.opensuse.base.created=2026-09-30T20:05:54.126624488Z, org.opensuse.base.disturl=obs://build.opensuse.org/openSUSE:Factory/images/561f9d4c8e4e1a441f95ad4ec6b5a914-opensuse-tumbleweed-image:docker, org.qdistro.snapshot=20260930, org.opensuse.base.version=20260930.37.208, org.opencontainers.image.created=2026-09-30T20:05:54.126624488Z, org.opencontainers.image.title=openSUSE Tumbleweed Base Container, org.opencontainers.image.vendor=openSUSE Project, org.openbuildservice.disturl=obs://build.opensuse.org/openSUSE:Factory/images/561f9d4c8e4e1a441f95ad4ec6b5a914-opensuse-tumbleweed-image:docker, io.buildah.version=1.44.1, org.opensuse.base.vendor=openSUSE Project, org.opensuse.base.description=Image containing a minimal environment for containers based on openSUSE Tumbleweed., org.opencontainers.image.url=https://www.opensuse.org, org.opensuse.reference=registry.opensuse.org/opensuse/tumbleweed:20260930.37.208, qdistro_tier3s_unit=qdistro-tier3s-silo@s122a.service, qdistro_tier3s_token=02c8db970d942a796fa28c5b6e9d3dd8, org.opensuse.base.reference=registry.opensuse.org/opensuse/tumbleweed:20260930.37.208, org.opensuse.base.url=https://www.opensuse.org, org.opencontainers.image.description=Image containing a minimal environment for containers based on openSUSE Tumbleweed., org.opencontainers.image.source=https://build.opensuse.org/package/show/openSUSE:Factory/opensuse-tumbleweed-image?rev=561f9d4c8e4e1a441f95ad4ec6b5a914, org.opensuse.lifecycle-url=https://en.opensuse.org/Lifetime, org.opensuse.base.title=openSUSE Tumbleweed Base Container, org.opencontainers.image.version=20260930.37.208)
Oct 03 16:44:30 baseweed-admin qdistro-tier3s-s122a[11453]: SMOKE snapshot=20260930
Oct 03 16:44:30 baseweed-admin qdistro-tier3s-silo-launch[11439]: SMOKE snapshot=20260930
Oct 03 16:44:30 baseweed-admin qdistro-tier3s-s122a[11453]: SMOKE kernel=Linux version 4.19.0-gvisor #1 SMP Sun Jan 10 15:06:54 PST 2016
Oct 03 16:44:30 baseweed-admin qdistro-tier3s-silo-launch[11439]: SMOKE kernel=Linux version 4.19.0-gvisor #1 SMP Sun Jan 10 15:06:54 PST 2016
Oct 03 16:44:30 baseweed-admin runuser[11515]: pam_unix(runuser:session): session opened for user admin(uid=1000) by (uid=0)
Oct 03 16:44:30 baseweed-admin qdistro-tier3s-s122a[11453]: SMOKE dmesg=[    0.000000] Starting gVisor...
Oct 03 16:44:30 baseweed-admin qdistro-tier3s-silo-launch[11439]: SMOKE dmesg=[    0.000000] Starting gVisor...
Oct 03 16:44:30 baseweed-admin systemd[857]: Started podman-11516.scope.
Oct 03 16:44:30 baseweed-admin runuser[11515]: pam_unix(runuser:session): session closed for user admin
Oct 03 16:44:30 baseweed-admin qdistro-tier3s-silo-launch[11109]: spawn-tier3s: running: qdistro-tier3s-s122a sentry=11468 conmon=11453 in /system.slice/qdistro-tier3s-02c8db970d942a796fa28c5b6e9d3dd8.scope
Oct 03 16:44:30 baseweed-admin systemd[1]: Started qdistro tier-3s (gVisor) silo s122a (Experimental, dev profile only).
Oct 03 16:44:30 baseweed-admin qdistro-tier3s-s122a[11453]: SMOKE id=uid=1000(admin) gid=1000(admin) groups=1000(admin)
Oct 03 16:44:30 baseweed-admin qdistro-tier3s-silo-launch[11439]: SMOKE id=uid=1000(admin) gid=1000(admin) groups=1000(admin)
Oct 03 16:44:30 baseweed-admin qdistro-tier3s-s122a[11453]: SMOKE passwd=admin:x:1000:1000:qdistro admin:/home/admin:/bin/bash
Oct 03 16:44:30 baseweed-admin qdistro-tier3s-s122a[11453]: SMOKE home=/home/admin
Oct 03 16:44:30 baseweed-admin qdistro-tier3s-silo-launch[11439]: SMOKE passwd=admin:x:1000:1000:qdistro admin:/home/admin:/bin/bash
Oct 03 16:44:30 baseweed-admin qdistro-tier3s-silo-launch[11439]: SMOKE home=/home/admin
Oct 03 16:44:30 baseweed-admin qdistro_session_manager.py[8958]: 2026-10-03 16:44:30,716 INFO qdistro_session_manager: StartSilo name=s122a
Oct 03 16:44:30 baseweed-admin runuser[11104]: pam_unix(runuser:session): session closed for user admin
Oct 03 16:44:30 baseweed-admin qdistro-tier3s-s122a[11453]: SMOKE lang=C.UTF-8 charmap=UTF-8 utf8_locales=2
Oct 03 16:44:30 baseweed-admin qdistro-tier3s-silo-launch[11439]: SMOKE lang=C.UTF-8 charmap=UTF-8 utf8_locales=2
Oct 03 16:44:30 baseweed-admin runuser[11588]: pam_unix(runuser:session): session opened for user admin(uid=1000) by (uid=0)
Oct 03 16:44:30 baseweed-admin qdistro-tier3s-s122a[11453]: SMOKE mount /run/user/1000=1000:1000 700
Oct 03 16:44:30 baseweed-admin qdistro-tier3s-silo-launch[11439]: SMOKE mount /run/user/1000=1000:1000 700
Oct 03 16:44:30 baseweed-admin qemu-ga[680]: info: guest-exec-status called, pid: 3529
Oct 03 16:44:30 baseweed-admin systemd[857]: Started podman-11589.scope.
Oct 03 16:44:30 baseweed-admin runuser[11588]: pam_unix(runuser:session): session closed for user admin
Oct 03 16:44:30 baseweed-admin qdistro-tier3s-s122a[11453]: SMOKE mount /home/admin/.cache=1000:1000 700
Oct 03 16:44:30 baseweed-admin qdistro-tier3s-silo-launch[11439]: SMOKE mount /home/admin/.cache=1000:1000 700
Oct 03 16:44:30 baseweed-admin qdistro-tier3s-s122a[11453]: SMOKE mount /tmp=0:0 1777
Oct 03 16:44:30 baseweed-admin qdistro-tier3s-silo-launch[11439]: SMOKE mount /tmp=0:0 1777
Oct 03 16:44:30 baseweed-admin qdistro-tier3s-s122a[11453]: SMOKE caps=inh:0000000000000000,prm:0000000000000000,eff:0000000000000000,bnd:0000000000000000,amb:0000000000000000
Oct 03 16:44:30 baseweed-admin qdistro-tier3s-silo-launch[11439]: SMOKE caps=inh:0000000000000000,prm:0000000000000000,eff:0000000000000000,bnd:0000000000000000,amb:0000000000000000
Oct 03 16:44:30 baseweed-admin qdistro-tier3s-s122a[11453]: SMOKE nnp=1 seccomp=2
Oct 03 16:44:30 baseweed-admin qdistro-tier3s-silo-launch[11439]: SMOKE nnp=1 seccomp=2
Oct 03 16:44:30 baseweed-admin qdistro-tier3s-s122a[11453]: SMOKE rootfs=ro
Oct 03 16:44:30 baseweed-admin qdistro-tier3s-silo-launch[11439]: SMOKE rootfs=ro
Oct 03 16:44:30 baseweed-admin qdistro-tier3s-s122a[11453]: SMOKE mountopts /run/user/1000=tmpfs:rw,nosuid,mode=0700,uid=1000,gid=1000
Oct 03 16:44:30 baseweed-admin qdistro-tier3s-silo-launch[11439]: SMOKE mountopts /run/user/1000=tmpfs:rw,nosuid,mode=0700,uid=1000,gid=1000
Oct 03 16:44:31 baseweed-admin qdistro-tier3s-s122a[11453]: SMOKE mountopts /home/admin/.cache=tmpfs:rw,nosuid,mode=0700,uid=1000,gid=1000
Oct 03 16:44:31 baseweed-admin qdistro-tier3s-silo-launch[11439]: SMOKE mountopts /home/admin/.cache=tmpfs:rw,nosuid,mode=0700,uid=1000,gid=1000
Oct 03 16:44:31 baseweed-admin qdistro-tier3s-s122a[11453]: SMOKE rootfs_write rc=1 err=touch: cannot touch '/home/admin/.smoke-rw': Read-only file system
Oct 03 16:44:31 baseweed-admin qdistro-tier3s-silo-launch[11439]: SMOKE rootfs_write rc=1 err=touch: cannot touch '/home/admin/.smoke-rw': Read-only file system
Oct 03 16:44:31 baseweed-admin qdistro-tier3s-s122a[11453]: SMOKE chmod rc=0 mode=600
Oct 03 16:44:31 baseweed-admin qdistro-tier3s-silo-launch[11439]: SMOKE chmod rc=0 mode=600
Oct 03 16:44:31 baseweed-admin qdistro-tier3s-s122a[11453]: SMOKE chmod_nofollow rc=1 mode=600
Oct 03 16:44:31 baseweed-admin qdistro-tier3s-silo-launch[11439]: SMOKE chmod_nofollow rc=1 mode=600
Oct 03 16:44:31 baseweed-admin qdistro-tier3s-s122a[11453]: SMOKE ls_l rc=0 stderr_bytes=0
Oct 03 16:44:31 baseweed-admin qdistro-tier3s-silo-launch[11439]: SMOKE ls_l rc=0 stderr_bytes=0
Oct 03 16:44:31 baseweed-admin qdistro-tier3s-s122a[11453]: SMOKE routes=2 links=lo,
Oct 03 16:44:31 baseweed-admin qdistro-tier3s-silo-launch[11439]: SMOKE routes=2 links=lo,
Oct 03 16:44:31 baseweed-admin qdistro-tier3s-s122a[11453]: SMOKE route_table=::1 dev lo proto unspec scope link ;127.0.0.0/8 dev lo proto unspec scope link ;
Oct 03 16:44:31 baseweed-admin qdistro-tier3s-silo-launch[11439]: SMOKE route_table=::1 dev lo proto unspec scope link ;127.0.0.0/8 dev lo proto unspec scope link ;
Oct 03 16:44:31 baseweed-admin qdistro-tier3s-silo-launch[11439]: SMOKE done
Oct 03 16:44:31 baseweed-admin qdistro-tier3s-silo-launch[11439]: SMOKE holding 600s
Oct 03 16:44:31 baseweed-admin qdistro-tier3s-s122a[11453]: SMOKE done
Oct 03 16:44:31 baseweed-admin qdistro-tier3s-s122a[11453]: SMOKE holding 600s
Oct 03 16:44:31 baseweed-admin systemd[1]: qdistro-session-manager.service: Sent signal SIGKILL to main process 8958 (python3) on client request.
Oct 03 16:44:31 baseweed-admin systemd[1]: qdistro-session-manager.service: Killed unit cgroup '/system.slice/qdistro-session-manager.service' with SIGKILL on client request.
Oct 03 16:44:31 baseweed-admin systemd[1]: qdistro-session-manager.service: Main process exited, code=killed, status=9/KILL
Oct 03 16:44:31 baseweed-admin systemd[1]: qdistro-session-manager.service: Failed with result 'signal'.
Oct 03 16:44:31 baseweed-admin systemd[1]: Stopping qdistro tier-3s (gVisor) silo s122a (Experimental, dev profile only)...
Oct 03 16:44:31 baseweed-admin dbus-run-session[1032]:   WARN: Process failed to start, likely because the binary could not be found. Command: QList("bluetoothctl", "show")
Oct 03 16:44:31 baseweed-admin systemd[1]: Started [systemd-run] /usr/sbin/runuser -u admin -- env -i PATH=/usr/bin:/bin HOME=/home/admin USER=admin LOGNAME=admin XDG_RUNTIME_DIR=/run/user/1000 sh -c "podman container exists \"\$1\"; printf \"PMRC=%d\\n\" \"\$?\"" sh qdistro-tier3s-s122a.
Oct 03 16:44:31 baseweed-admin runuser[11670]: pam_unix(runuser:session): session opened for user admin(uid=1000) by (uid=0)
Oct 03 16:44:31 baseweed-admin systemd[857]: Started podman-11672.scope.
Oct 03 16:44:31 baseweed-admin runuser[11670]: pam_unix(runuser:session): session closed for user admin
Oct 03 16:44:31 baseweed-admin systemd[1]: qdistro-t3s-call-11623-1-358055278.scope: Deactivated successfully.
Oct 03 16:44:31 baseweed-admin systemd[1]: Started [systemd-run] /usr/sbin/runuser -u admin -- env -i PATH=/usr/bin:/bin HOME=/home/admin USER=admin LOGNAME=admin XDG_RUNTIME_DIR=/run/user/1000 podman container inspect --format "{{.Id}} {{index .Config.Labels \"qdistro_tier3s_token\"}}" qdistro-tier3s-s122a.
Oct 03 16:44:31 baseweed-admin runuser[11689]: pam_unix(runuser:session): session opened for user admin(uid=1000) by (uid=0)
Oct 03 16:44:31 baseweed-admin systemd[857]: Started podman-11690.scope.
Oct 03 16:44:31 baseweed-admin runuser[11689]: pam_unix(runuser:session): session closed for user admin
Oct 03 16:44:31 baseweed-admin systemd[1]: qdistro-t3s-call-11623-2-918744917.scope: Deactivated successfully.
Oct 03 16:44:31 baseweed-admin systemd[1]: Started [systemd-run] /usr/sbin/runuser -u admin -- env -i PATH=/usr/bin:/bin HOME=/home/admin USER=admin LOGNAME=admin XDG_RUNTIME_DIR=/run/user/1000 podman stop -t 10 e4e19cfe530ef84d1dbc87e10cc81b2185519f39e49fcae1a0427351105a9fd7.
Oct 03 16:44:31 baseweed-admin runuser[11708]: pam_unix(runuser:session): session opened for user admin(uid=1000) by (uid=0)
Oct 03 16:44:31 baseweed-admin systemd[857]: Started podman-11709.scope.
Oct 03 16:44:31 baseweed-admin qdistro-tier3s-s122a[11453]: SMOKE term
Oct 03 16:44:31 baseweed-admin qdistro-tier3s-silo-launch[11439]: SMOKE term
Oct 03 16:44:31 baseweed-admin podman[11439]: 2026-10-03 16:44:31.658761164 +0000 UTC m=+1.351539826 container died e4e19cfe530ef84d1dbc87e10cc81b2185519f39e49fcae1a0427351105a9fd7 (image=localhost/qdistro/tier3s-headless-smoke:latest, name=qdistro-tier3s-s122a, org.opencontainers.image.title=openSUSE Tumbleweed Base Container, org.opensuse.base.source=https://build.opensuse.org/package/show/openSUSE:Factory/opensuse-tumbleweed-image?rev=561f9d4c8e4e1a441f95ad4ec6b5a914, io.buildah.version=1.44.1, org.opensuse.base.vendor=openSUSE Project, org.opensuse.base.description=Image containing a minimal environment for containers based on openSUSE Tumbleweed., org.opencontainers.image.url=https://www.opensuse.org, org.opencontainers.image.version=20260930.37.208, org.opensuse.base.url=https://www.opensuse.org, org.opensuse.base.title=openSUSE Tumbleweed Base Container, qdistro_tier3s_unit=qdistro-tier3s-silo@s122a.service, org.opencontainers.image.description=Image containing a minimal environment for containers based on openSUSE Tumbleweed., org.opensuse.base.disturl=obs://build.opensuse.org/openSUSE:Factory/images/561f9d4c8e4e1a441f95ad4ec6b5a914-opensuse-tumbleweed-image:docker, org.qdistro.snapshot=20260930, org.opensuse.base.version=20260930.37.208, org.opensuse.base.lifecycle-url=https://en.opensuse.org/Lifetime, org.opencontainers.image.source=https://build.opensuse.org/package/show/openSUSE:Factory/opensuse-tumbleweed-image?rev=561f9d4c8e4e1a441f95ad4ec6b5a914, qdistro_tier3s_token=02c8db970d942a796fa28c5b6e9d3dd8, org.opencontainers.image.created=2026-09-30T20:05:54.126624488Z, org.qdistro.tier3s.workload=headless-smoke, org.opensuse.base.created=2026-09-30T20:05:54.126624488Z, org.opensuse.reference=registry.opensuse.org/opensuse/tumbleweed:20260930.37.208, org.opensuse.lifecycle-url=https://en.opensuse.org/Lifetime, org.opencontainers.image.vendor=openSUSE Project, org.openbuildservice.disturl=obs://build.opensuse.org/openSUSE:Factory/images/561f9d4c8e4e1a441f95ad4ec6b5a914-opensuse-tumbleweed-image:docker, org.opensuse.base.reference=registry.opensuse.org/opensuse/tumbleweed:20260930.37.208)
Oct 03 16:44:31 baseweed-admin podman[11709]: 2026-10-03 16:44:31.858940428 +0000 UTC m=+0.272136749 container remove e4e19cfe530ef84d1dbc87e10cc81b2185519f39e49fcae1a0427351105a9fd7 (image=localhost/qdistro/tier3s-headless-smoke:latest, name=qdistro-tier3s-s122a, org.opensuse.reference=registry.opensuse.org/opensuse/tumbleweed:20260930.37.208, org.opensuse.base.lifecycle-url=https://en.opensuse.org/Lifetime, org.opensuse.base.url=https://www.opensuse.org, org.opencontainers.image.vendor=openSUSE Project, org.opencontainers.image.version=20260930.37.208, org.opensuse.base.title=openSUSE Tumbleweed Base Container, org.qdistro.snapshot=20260930, org.opencontainers.image.created=2026-09-30T20:05:54.126624488Z, org.opensuse.base.version=20260930.37.208, org.qdistro.tier3s.workload=headless-smoke, org.openbuildservice.disturl=obs://build.opensuse.org/openSUSE:Factory/images/561f9d4c8e4e1a441f95ad4ec6b5a914-opensuse-tumbleweed-image:docker, org.opencontainers.image.description=Image containing a minimal environment for containers based on openSUSE Tumbleweed., org.opensuse.base.created=2026-09-30T20:05:54.126624488Z, org.opensuse.base.reference=registry.opensuse.org/opensuse/tumbleweed:20260930.37.208, org.opencontainers.image.source=https://build.opensuse.org/package/show/openSUSE:Factory/opensuse-tumbleweed-image?rev=561f9d4c8e4e1a441f95ad4ec6b5a914, org.opencontainers.image.title=openSUSE Tumbleweed Base Container, org.opensuse.base.source=https://build.opensuse.org/package/show/openSUSE:Factory/opensuse-tumbleweed-image?rev=561f9d4c8e4e1a441f95ad4ec6b5a914, org.opensuse.base.vendor=openSUSE Project, org.opensuse.lifecycle-url=https://en.opensuse.org/Lifetime, qdistro_tier3s_unit=qdistro-tier3s-silo@s122a.service, org.opensuse.base.disturl=obs://build.opensuse.org/openSUSE:Factory/images/561f9d4c8e4e1a441f95ad4ec6b5a914-opensuse-tumbleweed-image:docker, qdistro_tier3s_token=02c8db970d942a796fa28c5b6e9d3dd8, io.buildah.version=1.44.1, org.opencontainers.image.url=https://www.opensuse.org, org.opensuse.base.description=Image containing a minimal environment for containers based on openSUSE Tumbleweed.)
Oct 03 16:44:31 baseweed-admin qemu-ga[680]: info: guest-exec-status called, pid: 3529
Oct 03 16:44:31 baseweed-admin runuser[11708]: pam_unix(runuser:session): session closed for user admin
Oct 03 16:44:31 baseweed-admin systemd[1]: qdistro-t3s-call-11623-3-1107989207.scope: Deactivated successfully.
Oct 03 16:44:31 baseweed-admin runuser[11412]: pam_unix(runuser:session): session closed for user admin
Oct 03 16:44:31 baseweed-admin systemd[1]: Started [systemd-run] /usr/sbin/runuser -u admin -- env -i PATH=/usr/bin:/bin HOME=/home/admin USER=admin LOGNAME=admin XDG_RUNTIME_DIR=/run/user/1000 podman rm -f --ignore e4e19cfe530ef84d1dbc87e10cc81b2185519f39e49fcae1a0427351105a9fd7.
Oct 03 16:44:31 baseweed-admin runuser[11756]: pam_unix(runuser:session): session opened for user admin(uid=1000) by (uid=0)
Oct 03 16:44:31 baseweed-admin systemd[1]: qdistro-tier3s-02c8db970d942a796fa28c5b6e9d3dd8.scope: Deactivated successfully.
Oct 03 16:44:31 baseweed-admin systemd[1]: Stopped [systemd-run] /usr/libexec/qdistro/qdistro-tier3s-scope enter 02c8db970d942a796fa28c5b6e9d3dd8 1000 -- podman --runtime /usr/libexec/qdistro/tier3s-runsc --runtime-flag=network=none --cgroup-manager=cgroupfs run --rm --name qdistro-tier3s-s122a --label qdistro_tier3s_token=02c8db970d942a796fa28c5b6e9d3dd8 --label qdistro_tier3s_unit=qdistro-tier3s-silo@s122a.service --security-opt label=disable --security-opt no-new-privileges --cap-drop=ALL --security-opt seccomp=/usr/lib/qdistro/tier3s/seccomp/headless-smoke.json --userns=keep-id --user 1000:1000 --read-only --tmpfs /tmp:rw,size=64m,mode=1777 --tmpfs /run/user/1000:rw,U,mode=0700 --tmpfs /home/admin/.cache:rw,U,mode=0700 --pids-limit=512 --network=none --env HOME=/home/admin --env XDG_RUNTIME_DIR=/run/user/1000 --env LANG=C.UTF-8 localhost/qdistro/tier3s-headless-smoke:latest qdistro-tier3s-smoke --hold 600.
Oct 03 16:44:31 baseweed-admin systemd[1]: qdistro-tier3s-02c8db970d942a796fa28c5b6e9d3dd8.scope: Consumed 1.517s CPU time over 1.673s wall clock time.
Oct 03 16:44:32 baseweed-admin systemd[857]: Started podman-11758.scope.
Oct 03 16:44:32 baseweed-admin runuser[11756]: pam_unix(runuser:session): session closed for user admin
Oct 03 16:44:32 baseweed-admin systemd[1]: qdistro-t3s-call-11623-4-2789957712.scope: Deactivated successfully.
Oct 03 16:44:32 baseweed-admin systemd[1]: Started [systemd-run] /usr/sbin/runuser -u admin -- env -i PATH=/usr/bin:/bin HOME=/home/admin USER=admin LOGNAME=admin XDG_RUNTIME_DIR=/run/user/1000 sh -c "podman container exists \"\$1\"; printf \"PMRC=%d\\n\" \"\$?\"" sh e4e19cfe530ef84d1dbc87e10cc81b2185519f39e49fcae1a0427351105a9fd7.
Oct 03 16:44:32 baseweed-admin runuser[11778]: pam_unix(runuser:session): session opened for user admin(uid=1000) by (uid=0)
Oct 03 16:44:32 baseweed-admin systemd[857]: Started podman-11784.scope.
Oct 03 16:44:32 baseweed-admin runuser[11778]: pam_unix(runuser:session): session closed for user admin
Oct 03 16:44:32 baseweed-admin systemd[1]: qdistro-t3s-call-11623-5-1846879862.scope: Deactivated successfully.
Oct 03 16:44:32 baseweed-admin qdistro-tier3s-cleanup[11623]: qdistro-tier3s-cleanup: 02c8db970d942a796fa28c5b6e9d3dd8: torn down (qdistro-tier3s-s122a)
Oct 03 16:44:32 baseweed-admin qdistro-tier3s-silo-launch[11109]: spawn-tier3s: signal: tearing down 02c8db970d942a796fa28c5b6e9d3dd8
Oct 03 16:44:32 baseweed-admin systemd[1]: qdistro-tier3s-silo@s122a.service: Deactivated successfully.
Oct 03 16:44:32 baseweed-admin systemd[1]: Stopped qdistro tier-3s (gVisor) silo s122a (Experimental, dev profile only).
Oct 03 16:44:32 baseweed-admin systemd[1]: qdistro-tier3s-silo@s122a.service: Consumed 1.419s CPU time over 3.597s wall clock time.
Oct 03 16:44:32 baseweed-admin systemd[857]: qdistro-polkit-agent.service: Scheduled restart job, restart counter is at 34.
Oct 03 16:44:32 baseweed-admin systemd[857]: Started qdistro polkit authentication agent (PAM / fprintd / broker).
Oct 03 16:44:32 baseweed-admin qemu-ga[680]: info: guest-exec-status called, pid: 3529
Oct 03 16:44:32 baseweed-admin qdistro-polkit-agent[11854]: registration failed: org.freedesktop.PolicyKit1.Error.Failed: Cannot determine session the caller is in
Oct 03 16:44:32 baseweed-admin python3[11854]: qdistro-polkit-agent: registration failed: org.freedesktop.PolicyKit1.Error.Failed: Cannot determine session the caller is in
Oct 03 16:44:32 baseweed-admin systemd[857]: qdistro-polkit-agent.service: Main process exited, code=exited, status=1/FAILURE
Oct 03 16:44:32 baseweed-admin systemd[857]: qdistro-polkit-agent.service: Failed with result 'exit-code'.
Oct 03 16:44:33 baseweed-admin dbus-run-session[1032]:   WARN: Process failed to start, likely because the binary could not be found. Command: QList("bluetoothctl", "show")
Oct 03 16:44:33 baseweed-admin systemd[1]: qdistro-session-manager.service: Scheduled restart job, restart counter is at 1.
Oct 03 16:44:33 baseweed-admin systemd[1]: Starting qdistro session manager (user-silo lifecycle)...
Oct 03 16:44:33 baseweed-admin systemd[1]: Started qdistro session manager (user-silo lifecycle).
Oct 03 16:44:33 baseweed-admin runuser[11874]: pam_unix(runuser:session): session opened for user admin(uid=1000) by (uid=0)
Oct 03 16:44:33 baseweed-admin systemd[857]: Started podman-11883.scope.
Oct 03 16:44:33 baseweed-admin runuser[11874]: pam_unix(runuser:session): session closed for user admin
Oct 03 16:44:33 baseweed-admin runuser[11893]: pam_unix(runuser:session): session opened for user admin(uid=1000) by (uid=0)
Oct 03 16:44:33 baseweed-admin systemd[857]: Started podman-11902.scope.
Oct 03 16:44:33 baseweed-admin runuser[11893]: pam_unix(runuser:session): session closed for user admin
Oct 03 16:44:33 baseweed-admin systemd[1]: Started [systemd-run] /usr/sbin/runuser -u admin -- env -i PATH=/usr/bin:/bin HOME=/home/admin USER=admin LOGNAME=admin XDG_RUNTIME_DIR=/run/user/1000 podman ps -a --filter label=qdistro_tier3s_token --format json.
Oct 03 16:44:33 baseweed-admin runuser[11983]: pam_unix(runuser:session): session opened for user admin(uid=1000) by (uid=0)
Oct 03 16:44:33 baseweed-admin runuser[11978]: pam_unix(runuser:session): session opened for user admin(uid=1000) by (uid=0)
Oct 03 16:44:33 baseweed-admin systemd[857]: Started podman-11984.scope.
Oct 03 16:44:33 baseweed-admin runuser[11983]: pam_unix(runuser:session): session closed for user admin
Oct 03 16:44:33 baseweed-admin systemd[857]: Started podman-11985.scope.
Oct 03 16:44:33 baseweed-admin runuser[11978]: pam_unix(runuser:session): session closed for user admin
Oct 03 16:44:33 baseweed-admin systemd[1]: qdistro-t3s-call-11954-1-2717194750.scope: Deactivated successfully.
Oct 03 16:44:33 baseweed-admin runuser[12001]: pam_unix(runuser:session): session opened for user admin(uid=1000) by (uid=0)
Oct 03 16:44:33 baseweed-admin systemd[857]: Started podman-12007.scope.
Oct 03 16:44:33 baseweed-admin runuser[12001]: pam_unix(runuser:session): session closed for user admin
Oct 03 16:44:33 baseweed-admin qemu-ga[680]: info: guest-exec-status called, pid: 3529
Oct 03 16:44:34 baseweed-admin systemd[1]: Starting qdistro tier-3s (gVisor) silo s122a (Experimental, dev profile only)...
Oct 03 16:44:34 baseweed-admin qemu-ga[680]: info: guest-exec-status called, pid: 3529
Oct 03 16:44:35 baseweed-admin runuser[12224]: pam_unix(runuser:session): session opened for user admin(uid=1000) by (uid=0)
Oct 03 16:44:35 baseweed-admin runuser[12224]: pam_unix(runuser:session): session closed for user admin
Oct 03 16:44:35 baseweed-admin runuser[12233]: pam_unix(runuser:session): session opened for user admin(uid=1000) by (uid=0)
Oct 03 16:44:35 baseweed-admin systemd[857]: Started podman-12234.scope.
Oct 03 16:44:35 baseweed-admin runuser[12233]: pam_unix(runuser:session): session closed for user admin
Oct 03 16:44:35 baseweed-admin runuser[12245]: pam_unix(runuser:session): session opened for user admin(uid=1000) by (uid=0)
Oct 03 16:44:35 baseweed-admin systemd[857]: Started podman-12246.scope.
Oct 03 16:44:35 baseweed-admin podman[12246]: 2026-10-03 16:44:35.269876089 +0000 UTC m=+0.093744129 container create 5111bbbbfde9d760d2bd4fd1a7a994399673f2f1164dd40c397b9e9b327fbfdd (image=localhost/tier3s-probe:empty, name=tier3s-probe-12084)
Oct 03 16:44:35 baseweed-admin podman[12246]: 2026-10-03 16:44:35.198246366 +0000 UTC m=+0.022114407 image pull 59aaf4e6b9ae5a43b860306a452f30a0cca587014149d418f4f0a32c881c6994 localhost/tier3s-probe:empty
Oct 03 16:44:35 baseweed-admin runuser[12245]: pam_unix(runuser:session): session closed for user admin
Oct 03 16:44:35 baseweed-admin runuser[12264]: pam_unix(runuser:session): session opened for user admin(uid=1000) by (uid=0)
Oct 03 16:44:35 baseweed-admin systemd[857]: Started podman-12265.scope.
Oct 03 16:44:35 baseweed-admin runuser[12264]: pam_unix(runuser:session): session closed for user admin
Oct 03 16:44:35 baseweed-admin runuser[12276]: pam_unix(runuser:session): session opened for user admin(uid=1000) by (uid=0)
Oct 03 16:44:35 baseweed-admin systemd[857]: Started podman-12277.scope.
Oct 03 16:44:35 baseweed-admin runuser[12276]: pam_unix(runuser:session): session closed for user admin
Oct 03 16:44:35 baseweed-admin runuser[12286]: pam_unix(runuser:session): session opened for user admin(uid=1000) by (uid=0)
Oct 03 16:44:35 baseweed-admin systemd[857]: Started podman-12287.scope.
Oct 03 16:44:35 baseweed-admin dbus-run-session[1032]:   WARN: Process failed to start, likely because the binary could not be found. Command: QList("bluetoothctl", "show")
Oct 03 16:44:35 baseweed-admin podman[12287]: 2026-10-03 16:44:35.463566303 +0000 UTC m=+0.105941019 container remove 5111bbbbfde9d760d2bd4fd1a7a994399673f2f1164dd40c397b9e9b327fbfdd (image=localhost/tier3s-probe:empty, name=tier3s-probe-12084)
Oct 03 16:44:35 baseweed-admin runuser[12286]: pam_unix(runuser:session): session closed for user admin
Oct 03 16:44:35 baseweed-admin runuser[12306]: pam_unix(runuser:session): session opened for user admin(uid=1000) by (uid=0)
Oct 03 16:44:35 baseweed-admin qdistro-tier3s-silo-launch[12307]: [resolve-binding] silo 's122a' is untemplated (no binding)
Oct 03 16:44:35 baseweed-admin runuser[12306]: pam_unix(runuser:session): session closed for user admin
Oct 03 16:44:35 baseweed-admin qdistro-tier3s-silo-launch[12056]: spawn-tier3s: silo s122a runs UNTEMPLATED (no binding); image localhost/qdistro/tier3s-headless-smoke:latest
Oct 03 16:44:35 baseweed-admin runuser[12311]: pam_unix(runuser:session): session opened for user admin(uid=1000) by (uid=0)
Oct 03 16:44:35 baseweed-admin runuser[12311]: pam_unix(runuser:session): session closed for user admin
Oct 03 16:44:35 baseweed-admin systemd[1]: Started [systemd-run] /usr/sbin/runuser -u admin -- env -i PATH=/usr/bin:/bin HOME=/home/admin USER=admin LOGNAME=admin XDG_RUNTIME_DIR=/run/user/1000 podman ps -a --filter label=qdistro_tier3s_token --format json.
Oct 03 16:44:35 baseweed-admin runuser[12341]: pam_unix(runuser:session): session opened for user admin(uid=1000) by (uid=0)
Oct 03 16:44:35 baseweed-admin systemd[857]: Started podman-12342.scope.
Oct 03 16:44:35 baseweed-admin runuser[12341]: pam_unix(runuser:session): session closed for user admin
Oct 03 16:44:35 baseweed-admin systemd[1]: qdistro-t3s-call-12326-1-3978517615.scope: Deactivated successfully.
Oct 03 16:44:35 baseweed-admin runuser[12380]: pam_unix(runuser:session): session opened for user admin(uid=1000) by (uid=0)
Oct 03 16:44:35 baseweed-admin systemd[857]: Started podman-12381.scope.
Oct 03 16:44:35 baseweed-admin runuser[12380]: pam_unix(runuser:session): session closed for user admin
Oct 03 16:44:35 baseweed-admin qdistro-tier3s-silo-launch[12056]: LAUNCH_TOKEN=8a57ea32703d967c4bd4207e6d3af1e7
Oct 03 16:44:35 baseweed-admin qdistro-tier3s-silo-launch[12056]: CONTAINER=qdistro-tier3s-s122a
Oct 03 16:44:35 baseweed-admin qdistro-tier3s-silo-launch[12056]: IMAGE=localhost/qdistro/tier3s-headless-smoke:latest
Oct 03 16:44:35 baseweed-admin qdistro-tier3s-silo-launch[12056]: SCOPE_UNIT=qdistro-tier3s-8a57ea32703d967c4bd4207e6d3af1e7.scope
Oct 03 16:44:35 baseweed-admin systemd[1]: Started [systemd-run] /usr/libexec/qdistro/qdistro-tier3s-scope enter 8a57ea32703d967c4bd4207e6d3af1e7 1000 -- podman --runtime /usr/libexec/qdistro/tier3s-runsc --runtime-flag=network=none --cgroup-manager=cgroupfs run --rm --name qdistro-tier3s-s122a --label qdistro_tier3s_token=8a57ea32703d967c4bd4207e6d3af1e7 --label qdistro_tier3s_unit=qdistro-tier3s-silo@s122a.service --security-opt label=disable --security-opt no-new-privileges --cap-drop=ALL --security-opt seccomp=/usr/lib/qdistro/tier3s/seccomp/headless-smoke.json --userns=keep-id --user 1000:1000 --read-only --tmpfs /tmp:rw,size=64m,mode=1777 --tmpfs /run/user/1000:rw,U,mode=0700 --tmpfs /home/admin/.cache:rw,U,mode=0700 --pids-limit=512 --network=none --env HOME=/home/admin --env XDG_RUNTIME_DIR=/run/user/1000 --env LANG=C.UTF-8 localhost/qdistro/tier3s-headless-smoke:latest qdistro-tier3s-smoke --hold 600.
Oct 03 16:44:35 baseweed-admin qdistro-tier3s-silo-launch[12389]: Running as unit: qdistro-tier3s-8a57ea32703d967c4bd4207e6d3af1e7.scope; invocation ID: 3cc1e591ff3943188f079abc76035b28
Oct 03 16:44:35 baseweed-admin runuser[12391]: pam_unix(runuser:session): session opened for user admin(uid=1000) by (uid=0)
Oct 03 16:44:35 baseweed-admin qdistro-tier3s-silo-launch[12389]: qdistro-tier3s-scope: /system.slice/qdistro-tier3s-8a57ea32703d967c4bd4207e6d3af1e7.scope delegated to uid 1000 (dir, cgroup.procs, cgroup.subtree_control, cgroup.threads)
Oct 03 16:44:35 baseweed-admin runuser[12389]: pam_unix(runuser:session): session opened for user admin(uid=1000) by (uid=0)
Oct 03 16:44:35 baseweed-admin systemd[857]: Started podman-12393.scope.
Oct 03 16:44:35 baseweed-admin podman[12416]: 2026-10-03 16:44:35.896067601 +0000 UTC m=+0.058604240 container create dda16a26158727457b39bdf33390cc9418d420b1b502fdcdad81145926b109f6 (image=localhost/qdistro/tier3s-headless-smoke:latest, name=qdistro-tier3s-s122a, org.opencontainers.image.created=2026-09-30T20:05:54.126624488Z, org.opencontainers.image.description=Image containing a minimal environment for containers based on openSUSE Tumbleweed., org.opensuse.base.url=https://www.opensuse.org, org.qdistro.tier3s.workload=headless-smoke, org.opensuse.lifecycle-url=https://en.opensuse.org/Lifetime, org.opencontainers.image.vendor=openSUSE Project, org.qdistro.snapshot=20260930, org.opensuse.base.description=Image containing a minimal environment for containers based on openSUSE Tumbleweed., org.opensuse.base.created=2026-09-30T20:05:54.126624488Z, org.opensuse.base.title=openSUSE Tumbleweed Base Container, org.opensuse.base.disturl=obs://build.opensuse.org/openSUSE:Factory/images/561f9d4c8e4e1a441f95ad4ec6b5a914-opensuse-tumbleweed-image:docker, org.opensuse.base.lifecycle-url=https://en.opensuse.org/Lifetime, org.opensuse.base.version=20260930.37.208, org.opensuse.base.reference=registry.opensuse.org/opensuse/tumbleweed:20260930.37.208, qdistro_tier3s_token=8a57ea32703d967c4bd4207e6d3af1e7, org.opensuse.base.vendor=openSUSE Project, org.opensuse.base.source=https://build.opensuse.org/package/show/openSUSE:Factory/opensuse-tumbleweed-image?rev=561f9d4c8e4e1a441f95ad4ec6b5a914, org.opencontainers.image.title=openSUSE Tumbleweed Base Container, org.opencontainers.image.version=20260930.37.208, qdistro_tier3s_unit=qdistro-tier3s-silo@s122a.service, org.opencontainers.image.url=https://www.opensuse.org, org.openbuildservice.disturl=obs://build.opensuse.org/openSUSE:Factory/images/561f9d4c8e4e1a441f95ad4ec6b5a914-opensuse-tumbleweed-image:docker, io.buildah.version=1.44.1, org.opensuse.reference=registry.opensuse.org/opensuse/tumbleweed:20260930.37.208, org.opencontainers.image.source=https://build.opensuse.org/package/show/openSUSE:Factory/opensuse-tumbleweed-image?rev=561f9d4c8e4e1a441f95ad4ec6b5a914)
Oct 03 16:44:35 baseweed-admin podman[12416]: 2026-10-03 16:44:35.849963887 +0000 UTC m=+0.012500536 image pull 1eee52a21ad86f065d227988b4ff8e279fe838e4ed84ee77f2aed0d372deae92 localhost/qdistro/tier3s-headless-smoke:latest
Oct 03 16:44:36 baseweed-admin podman[12416]: 2026-10-03 16:44:36.005459808 +0000 UTC m=+0.167996457 container init dda16a26158727457b39bdf33390cc9418d420b1b502fdcdad81145926b109f6 (image=localhost/qdistro/tier3s-headless-smoke:latest, name=qdistro-tier3s-s122a, org.opencontainers.image.description=Image containing a minimal environment for containers based on openSUSE Tumbleweed., org.opensuse.base.url=https://www.opensuse.org, org.opensuse.base.version=20260930.37.208, io.buildah.version=1.44.1, org.opencontainers.image.vendor=openSUSE Project, org.opensuse.base.description=Image containing a minimal environment for containers based on openSUSE Tumbleweed., org.opensuse.base.disturl=obs://build.opensuse.org/openSUSE:Factory/images/561f9d4c8e4e1a441f95ad4ec6b5a914-opensuse-tumbleweed-image:docker, org.opencontainers.image.created=2026-09-30T20:05:54.126624488Z, org.opensuse.base.title=openSUSE Tumbleweed Base Container, org.qdistro.tier3s.workload=headless-smoke, org.qdistro.snapshot=20260930, org.opensuse.reference=registry.opensuse.org/opensuse/tumbleweed:20260930.37.208, org.opensuse.base.lifecycle-url=https://en.opensuse.org/Lifetime, org.opensuse.base.reference=registry.opensuse.org/opensuse/tumbleweed:20260930.37.208, qdistro_tier3s_token=8a57ea32703d967c4bd4207e6d3af1e7, org.opensuse.base.vendor=openSUSE Project, org.opencontainers.image.source=https://build.opensuse.org/package/show/openSUSE:Factory/opensuse-tumbleweed-image?rev=561f9d4c8e4e1a441f95ad4ec6b5a914, org.opencontainers.image.title=openSUSE Tumbleweed Base Container, qdistro_tier3s_unit=qdistro-tier3s-silo@s122a.service, org.opencontainers.image.url=https://www.opensuse.org, org.openbuildservice.disturl=obs://build.opensuse.org/openSUSE:Factory/images/561f9d4c8e4e1a441f95ad4ec6b5a914-opensuse-tumbleweed-image:docker, org.opencontainers.image.version=20260930.37.208, org.opensuse.lifecycle-url=https://en.opensuse.org/Lifetime, org.opensuse.base.created=2026-09-30T20:05:54.126624488Z, org.opensuse.base.source=https://build.opensuse.org/package/show/openSUSE:Factory/opensuse-tumbleweed-image?rev=561f9d4c8e4e1a441f95ad4ec6b5a914)
Oct 03 16:44:36 baseweed-admin podman[12416]: 2026-10-03 16:44:36.030399759 +0000 UTC m=+0.192936419 container start dda16a26158727457b39bdf33390cc9418d420b1b502fdcdad81145926b109f6 (image=localhost/qdistro/tier3s-headless-smoke:latest, name=qdistro-tier3s-s122a, org.openbuildservice.disturl=obs://build.opensuse.org/openSUSE:Factory/images/561f9d4c8e4e1a441f95ad4ec6b5a914-opensuse-tumbleweed-image:docker, org.opensuse.lifecycle-url=https://en.opensuse.org/Lifetime, org.opensuse.base.version=20260930.37.208, org.qdistro.snapshot=20260930, org.opensuse.base.url=https://www.opensuse.org, org.opencontainers.image.source=https://build.opensuse.org/package/show/openSUSE:Factory/opensuse-tumbleweed-image?rev=561f9d4c8e4e1a441f95ad4ec6b5a914, org.opensuse.base.source=https://build.opensuse.org/package/show/openSUSE:Factory/opensuse-tumbleweed-image?rev=561f9d4c8e4e1a441f95ad4ec6b5a914, org.opencontainers.image.title=openSUSE Tumbleweed Base Container, org.opencontainers.image.version=20260930.37.208, org.qdistro.tier3s.workload=headless-smoke, qdistro_tier3s_unit=qdistro-tier3s-silo@s122a.service, org.opensuse.base.lifecycle-url=https://en.opensuse.org/Lifetime, io.buildah.version=1.44.1, org.opencontainers.image.vendor=openSUSE Project, qdistro_tier3s_token=8a57ea32703d967c4bd4207e6d3af1e7, org.opensuse.base.description=Image containing a minimal environment for containers based on openSUSE Tumbleweed., org.opensuse.base.vendor=openSUSE Project, org.opensuse.base.created=2026-09-30T20:05:54.126624488Z, org.opensuse.base.title=openSUSE Tumbleweed Base Container, org.opencontainers.image.description=Image containing a minimal environment for containers based on openSUSE Tumbleweed., org.opensuse.base.disturl=obs://build.opensuse.org/openSUSE:Factory/images/561f9d4c8e4e1a441f95ad4ec6b5a914-opensuse-tumbleweed-image:docker, org.opensuse.base.reference=registry.opensuse.org/opensuse/tumbleweed:20260930.37.208, org.opensuse.reference=registry.opensuse.org/opensuse/tumbleweed:20260930.37.208, org.opencontainers.image.created=2026-09-30T20:05:54.126624488Z, org.opencontainers.image.url=https://www.opensuse.org)
Oct 03 16:44:36 baseweed-admin qemu-ga[680]: info: guest-exec-status called, pid: 3529
Oct 03 16:44:36 baseweed-admin systemd[857]: qdistro-polkit-agent.service: Scheduled restart job, restart counter is at 35.
Oct 03 16:44:36 baseweed-admin systemd[857]: Started qdistro polkit authentication agent (PAM / fprintd / broker).
Oct 03 16:44:36 baseweed-admin qdistro-tier3s-s122a[12429]: SMOKE snapshot=20260930
Oct 03 16:44:36 baseweed-admin qdistro-tier3s-s122a[12429]: SMOKE kernel=Linux version 4.19.0-gvisor #1 SMP Sun Jan 10 15:06:54 PST 2016
Oct 03 16:44:36 baseweed-admin qdistro-tier3s-s122a[12429]: SMOKE dmesg=[    0.000000] Starting gVisor...
Oct 03 16:44:36 baseweed-admin qdistro-polkit-agent[12503]: registration failed: org.freedesktop.PolicyKit1.Error.Failed: Cannot determine session the caller is in
Oct 03 16:44:36 baseweed-admin python3[12503]: qdistro-polkit-agent: registration failed: org.freedesktop.PolicyKit1.Error.Failed: Cannot determine session the caller is in
Oct 03 16:44:36 baseweed-admin qdistro-tier3s-s122a[12429]: SMOKE id=uid=1000(admin) gid=1000(admin) groups=1000(admin)
Oct 03 16:44:36 baseweed-admin qdistro-tier3s-silo-launch[12416]: SMOKE snapshot=20260930
Oct 03 16:44:36 baseweed-admin podman[12416]: 2026-10-03 16:44:36.182145627 +0000 UTC m=+0.344682296 container attach dda16a26158727457b39bdf33390cc9418d420b1b502fdcdad81145926b109f6 (image=localhost/qdistro/tier3s-headless-smoke:latest, name=qdistro-tier3s-s122a, org.opensuse.base.reference=registry.opensuse.org/opensuse/tumbleweed:20260930.37.208, org.opensuse.base.description=Image containing a minimal environment for containers based on openSUSE Tumbleweed., org.opencontainers.image.source=https://build.opensuse.org/package/show/openSUSE:Factory/opensuse-tumbleweed-image?rev=561f9d4c8e4e1a441f95ad4ec6b5a914, org.opensuse.base.disturl=obs://build.opensuse.org/openSUSE:Factory/images/561f9d4c8e4e1a441f95ad4ec6b5a914-opensuse-tumbleweed-image:docker, org.opensuse.base.lifecycle-url=https://en.opensuse.org/Lifetime, org.opensuse.lifecycle-url=https://en.opensuse.org/Lifetime, org.opensuse.base.vendor=openSUSE Project, org.opencontainers.image.created=2026-09-30T20:05:54.126624488Z, org.opensuse.base.created=2026-09-30T20:05:54.126624488Z, qdistro_tier3s_unit=qdistro-tier3s-silo@s122a.service, org.opensuse.base.url=https://www.opensuse.org, org.opencontainers.image.vendor=openSUSE Project, org.qdistro.snapshot=20260930, org.opensuse.reference=registry.opensuse.org/opensuse/tumbleweed:20260930.37.208, org.opencontainers.image.description=Image containing a minimal environment for containers based on openSUSE Tumbleweed., org.opencontainers.image.url=https://www.opensuse.org, org.openbuildservice.disturl=obs://build.opensuse.org/openSUSE:Factory/images/561f9d4c8e4e1a441f95ad4ec6b5a914-opensuse-tumbleweed-image:docker, org.qdistro.tier3s.workload=headless-smoke, io.buildah.version=1.44.1, qdistro_tier3s_token=8a57ea32703d967c4bd4207e6d3af1e7, org.opensuse.base.source=https://build.opensuse.org/package/show/openSUSE:Factory/opensuse-tumbleweed-image?rev=561f9d4c8e4e1a441f95ad4ec6b5a914, org.opencontainers.image.title=openSUSE Tumbleweed Base Container, org.opensuse.base.title=openSUSE Tumbleweed Base Container, org.opencontainers.image.version=20260930.37.208, org.opensuse.base.version=20260930.37.208)
Oct 03 16:44:36 baseweed-admin systemd[857]: qdistro-polkit-agent.service: Main process exited, code=exited, status=1/FAILURE
Oct 03 16:44:36 baseweed-admin systemd[857]: qdistro-polkit-agent.service: Failed with result 'exit-code'.
Oct 03 16:44:36 baseweed-admin qdistro-tier3s-silo-launch[12416]: SMOKE kernel=Linux version 4.19.0-gvisor #1 SMP Sun Jan 10 15:06:54 PST 2016
Oct 03 16:44:36 baseweed-admin qdistro-tier3s-silo-launch[12416]: SMOKE dmesg=[    0.000000] Starting gVisor...
Oct 03 16:44:36 baseweed-admin qdistro-tier3s-silo-launch[12416]: SMOKE id=uid=1000(admin) gid=1000(admin) groups=1000(admin)
Oct 03 16:44:36 baseweed-admin runuser[12391]: pam_unix(runuser:session): session closed for user admin
Oct 03 16:44:36 baseweed-admin qdistro-tier3s-silo-launch[12056]: spawn-tier3s: running: qdistro-tier3s-s122a sentry=12444 conmon=12429 in /system.slice/qdistro-tier3s-8a57ea32703d967c4bd4207e6d3af1e7.scope
Oct 03 16:44:36 baseweed-admin systemd[1]: Started qdistro tier-3s (gVisor) silo s122a (Experimental, dev profile only).
Oct 03 16:44:36 baseweed-admin qdistro-tier3s-s122a[12429]: SMOKE passwd=admin:x:1000:1000:qdistro admin:/home/admin:/bin/bash
Oct 03 16:44:36 baseweed-admin qdistro-tier3s-silo-launch[12416]: SMOKE passwd=admin:x:1000:1000:qdistro admin:/home/admin:/bin/bash
Oct 03 16:44:36 baseweed-admin qdistro-tier3s-s122a[12429]: SMOKE home=/home/admin
Oct 03 16:44:36 baseweed-admin qdistro-tier3s-silo-launch[12416]: SMOKE home=/home/admin
Oct 03 16:44:36 baseweed-admin runuser[12539]: pam_unix(runuser:session): session opened for user admin(uid=1000) by (uid=0)
Oct 03 16:44:36 baseweed-admin systemd[857]: Started podman-12540.scope.
Oct 03 16:44:36 baseweed-admin runuser[12539]: pam_unix(runuser:session): session closed for user admin
Oct 03 16:44:36 baseweed-admin runuser[12551]: pam_unix(runuser:session): session opened for user admin(uid=1000) by (uid=0)
Oct 03 16:44:36 baseweed-admin qdistro-tier3s-s122a[12429]: SMOKE lang=C.UTF-8 charmap=UTF-8 utf8_locales=2
Oct 03 16:44:36 baseweed-admin qdistro-tier3s-silo-launch[12416]: SMOKE lang=C.UTF-8 charmap=UTF-8 utf8_locales=2
Oct 03 16:44:36 baseweed-admin qdistro_session_manager.py[11868]: 2026-10-03 16:44:36,279 INFO qdistro_session_manager: disposable lease sweeps (TTL + proctree-empty) every 60s
Oct 03 16:44:36 baseweed-admin runuser[12563]: pam_unix(runuser:session): session opened for user admin(uid=1000) by (uid=0)
Oct 03 16:44:36 baseweed-admin systemd[857]: Started podman-12552.scope.
Oct 03 16:44:36 baseweed-admin runuser[12551]: pam_unix(runuser:session): session closed for user admin
Oct 03 16:44:36 baseweed-admin qdistro-tier3s-s122a[12429]: SMOKE mount /run/user/1000=1000:1000 700
Oct 03 16:44:36 baseweed-admin qdistro-tier3s-silo-launch[12416]: SMOKE mount /run/user/1000=1000:1000 700
Oct 03 16:44:36 baseweed-admin systemd[857]: Started podman-12565.scope.
Oct 03 16:44:36 baseweed-admin runuser[12563]: pam_unix(runuser:session): session closed for user admin
Oct 03 16:44:36 baseweed-admin runuser[12592]: pam_unix(runuser:session): session opened for user admin(uid=1000) by (uid=0)
Oct 03 16:44:36 baseweed-admin qdistro-tier3s-s122a[12429]: SMOKE mount /home/admin/.cache=1000:1000 700
Oct 03 16:44:36 baseweed-admin qdistro-tier3s-silo-launch[12416]: SMOKE mount /home/admin/.cache=1000:1000 700
Oct 03 16:44:36 baseweed-admin systemd[857]: Started podman-12593.scope.
Oct 03 16:44:36 baseweed-admin runuser[12606]: pam_unix(runuser:session): session opened for user admin(uid=1000) by (uid=0)
Oct 03 16:44:36 baseweed-admin runuser[12592]: pam_unix(runuser:session): session closed for user admin
Oct 03 16:44:36 baseweed-admin qdistro-tier3s-s122a[12429]: SMOKE mount /tmp=0:0 1777
Oct 03 16:44:36 baseweed-admin qdistro-tier3s-silo-launch[12416]: SMOKE mount /tmp=0:0 1777
Oct 03 16:44:36 baseweed-admin systemd[1]: Stopping qdistro tier-3s (gVisor) silo s122a (Experimental, dev profile only)...
Oct 03 16:44:36 baseweed-admin runuser[12612]: pam_unix(runuser:session): session opened for user admin(uid=1000) by (uid=0)
Oct 03 16:44:36 baseweed-admin systemd[857]: Started podman-12615.scope.
Oct 03 16:44:36 baseweed-admin runuser[12612]: pam_unix(runuser:session): session closed for user admin
Oct 03 16:44:36 baseweed-admin systemd[1]: Started [systemd-run] /usr/sbin/runuser -u admin -- env -i PATH=/usr/bin:/bin HOME=/home/admin USER=admin LOGNAME=admin XDG_RUNTIME_DIR=/run/user/1000 sh -c "podman container exists \"\$1\"; printf \"PMRC=%d\\n\" \"\$?\"" sh qdistro-tier3s-s122a.
Oct 03 16:44:36 baseweed-admin runuser[12667]: pam_unix(runuser:session): session opened for user admin(uid=1000) by (uid=0)
Oct 03 16:44:36 baseweed-admin qdistro-tier3s-s122a[12429]: SMOKE caps=inh:0000000000000000,prm:0000000000000000,eff:0000000000000000,bnd:0000000000000000,amb:0000000000000000
Oct 03 16:44:36 baseweed-admin qdistro-tier3s-silo-launch[12416]: SMOKE caps=inh:0000000000000000,prm:0000000000000000,eff:0000000000000000,bnd:0000000000000000,amb:0000000000000000
Oct 03 16:44:36 baseweed-admin systemd[857]: Started podman-12669.scope.
Oct 03 16:44:36 baseweed-admin runuser[12667]: pam_unix(runuser:session): session closed for user admin
Oct 03 16:44:36 baseweed-admin systemd[1]: qdistro-t3s-call-12613-1-3287126984.scope: Deactivated successfully.
Oct 03 16:44:36 baseweed-admin qdistro-tier3s-s122a[12429]: SMOKE nnp=1 seccomp=2
Oct 03 16:44:36 baseweed-admin qdistro-tier3s-silo-launch[12416]: SMOKE nnp=1 seccomp=2
Oct 03 16:44:36 baseweed-admin systemd[1]: Started [systemd-run] /usr/sbin/runuser -u admin -- env -i PATH=/usr/bin:/bin HOME=/home/admin USER=admin LOGNAME=admin XDG_RUNTIME_DIR=/run/user/1000 podman container inspect --format "{{.Id}} {{index .Config.Labels \"qdistro_tier3s_token\"}}" qdistro-tier3s-s122a.
Oct 03 16:44:36 baseweed-admin runuser[12686]: pam_unix(runuser:session): session opened for user admin(uid=1000) by (uid=0)
Oct 03 16:44:36 baseweed-admin qdistro-tier3s-s122a[12429]: SMOKE rootfs=ro
Oct 03 16:44:36 baseweed-admin qdistro-tier3s-silo-launch[12416]: SMOKE rootfs=ro
Oct 03 16:44:36 baseweed-admin qdistro-tier3s-s122a[12429]: SMOKE mountopts /run/user/1000=tmpfs:rw,nosuid,mode=0700,uid=1000,gid=1000
Oct 03 16:44:36 baseweed-admin qdistro-tier3s-silo-launch[12416]: SMOKE mountopts /run/user/1000=tmpfs:rw,nosuid,mode=0700,uid=1000,gid=1000
Oct 03 16:44:36 baseweed-admin qdistro-tier3s-s122a[12429]: SMOKE mountopts /home/admin/.cache=tmpfs:rw,nosuid,mode=0700,uid=1000,gid=1000
Oct 03 16:44:36 baseweed-admin qdistro-tier3s-silo-launch[12416]: SMOKE mountopts /home/admin/.cache=tmpfs:rw,nosuid,mode=0700,uid=1000,gid=1000
Oct 03 16:44:36 baseweed-admin systemd[857]: Started podman-12687.scope.
Oct 03 16:44:36 baseweed-admin runuser[12686]: pam_unix(runuser:session): session closed for user admin
Oct 03 16:44:36 baseweed-admin systemd[1]: qdistro-t3s-call-12613-2-1373167199.scope: Deactivated successfully.
Oct 03 16:44:36 baseweed-admin systemd[1]: Started [systemd-run] /usr/sbin/runuser -u admin -- env -i PATH=/usr/bin:/bin HOME=/home/admin USER=admin LOGNAME=admin XDG_RUNTIME_DIR=/run/user/1000 podman stop -t 10 dda16a26158727457b39bdf33390cc9418d420b1b502fdcdad81145926b109f6.
Oct 03 16:44:36 baseweed-admin runuser[12704]: pam_unix(runuser:session): session opened for user admin(uid=1000) by (uid=0)
Oct 03 16:44:36 baseweed-admin qdistro-tier3s-s122a[12429]: SMOKE rootfs_write rc=1 err=touch: cannot touch '/home/admin/.smoke-rw': Read-only file system
Oct 03 16:44:36 baseweed-admin qdistro-tier3s-silo-launch[12416]: SMOKE rootfs_write rc=1 err=touch: cannot touch '/home/admin/.smoke-rw': Read-only file system
Oct 03 16:44:36 baseweed-admin systemd[857]: Started podman-12705.scope.
Oct 03 16:44:36 baseweed-admin qdistro-tier3s-s122a[12429]: SMOKE chmod rc=0 mode=600
Oct 03 16:44:36 baseweed-admin qdistro-tier3s-silo-launch[12416]: SMOKE chmod rc=0 mode=600
Oct 03 16:44:36 baseweed-admin qdistro-tier3s-s122a[12429]: SMOKE chmod_nofollow rc=1 mode=600
Oct 03 16:44:36 baseweed-admin qdistro-tier3s-silo-launch[12416]: SMOKE chmod_nofollow rc=1 mode=600
Oct 03 16:44:36 baseweed-admin qdistro-tier3s-s122a[12429]: SMOKE ls_l rc=0 stderr_bytes=0
Oct 03 16:44:36 baseweed-admin qdistro-tier3s-silo-launch[12416]: SMOKE ls_l rc=0 stderr_bytes=0
Oct 03 16:44:36 baseweed-admin qdistro-tier3s-s122a[12429]: SMOKE routes=2 links=lo,
Oct 03 16:44:36 baseweed-admin qdistro-tier3s-silo-launch[12416]: SMOKE routes=2 links=lo,
Oct 03 16:44:36 baseweed-admin podman[12416]: 2026-10-03 16:44:36.872303612 +0000 UTC m=+1.034840261 container died dda16a26158727457b39bdf33390cc9418d420b1b502fdcdad81145926b109f6 (image=localhost/qdistro/tier3s-headless-smoke:latest, name=qdistro-tier3s-s122a, org.opensuse.base.source=https://build.opensuse.org/package/show/openSUSE:Factory/opensuse-tumbleweed-image?rev=561f9d4c8e4e1a441f95ad4ec6b5a914, org.opensuse.base.lifecycle-url=https://en.opensuse.org/Lifetime, qdistro_tier3s_token=8a57ea32703d967c4bd4207e6d3af1e7, org.qdistro.snapshot=20260930, org.opensuse.base.vendor=openSUSE Project, org.opencontainers.image.source=https://build.opensuse.org/package/show/openSUSE:Factory/opensuse-tumbleweed-image?rev=561f9d4c8e4e1a441f95ad4ec6b5a914, org.opencontainers.image.title=openSUSE Tumbleweed Base Container, qdistro_tier3s_unit=qdistro-tier3s-silo@s122a.service, org.opencontainers.image.url=https://www.opensuse.org, org.opensuse.base.version=20260930.37.208, io.buildah.version=1.44.1, org.opencontainers.image.vendor=openSUSE Project, org.opensuse.base.reference=registry.opensuse.org/opensuse/tumbleweed:20260930.37.208, org.opensuse.base.description=Image containing a minimal environment for containers based on openSUSE Tumbleweed., org.opensuse.reference=registry.opensuse.org/opensuse/tumbleweed:20260930.37.208, org.opencontainers.image.description=Image containing a minimal environment for containers based on openSUSE Tumbleweed., org.opensuse.base.url=https://www.opensuse.org, org.opencontainers.image.version=20260930.37.208, org.opensuse.lifecycle-url=https://en.opensuse.org/Lifetime, org.opencontainers.image.created=2026-09-30T20:05:54.126624488Z, org.opensuse.base.created=2026-09-30T20:05:54.126624488Z, org.opensuse.base.title=openSUSE Tumbleweed Base Container, org.openbuildservice.disturl=obs://build.opensuse.org/openSUSE:Factory/images/561f9d4c8e4e1a441f95ad4ec6b5a914-opensuse-tumbleweed-image:docker, org.opensuse.base.disturl=obs://build.opensuse.org/openSUSE:Factory/images/561f9d4c8e4e1a441f95ad4ec6b5a914-opensuse-tumbleweed-image:docker, org.qdistro.tier3s.workload=headless-smoke)
Oct 03 16:44:37 baseweed-admin qemu-ga[680]: info: guest-exec-status called, pid: 3529
Oct 03 16:44:37 baseweed-admin podman[12705]: 2026-10-03 16:44:37.273181989 +0000 UTC m=+0.606329879 container remove dda16a26158727457b39bdf33390cc9418d420b1b502fdcdad81145926b109f6 (image=localhost/qdistro/tier3s-headless-smoke:latest, name=qdistro-tier3s-s122a, org.opencontainers.image.url=https://www.opensuse.org, org.opensuse.base.version=20260930.37.208, qdistro_tier3s_token=8a57ea32703d967c4bd4207e6d3af1e7, org.opensuse.base.description=Image containing a minimal environment for containers based on openSUSE Tumbleweed., org.opencontainers.image.source=https://build.opensuse.org/package/show/openSUSE:Factory/opensuse-tumbleweed-image?rev=561f9d4c8e4e1a441f95ad4ec6b5a914, org.opensuse.base.reference=registry.opensuse.org/opensuse/tumbleweed:20260930.37.208, org.opencontainers.image.version=20260930.37.208, org.opensuse.reference=registry.opensuse.org/opensuse/tumbleweed:20260930.37.208, org.opensuse.base.lifecycle-url=https://en.opensuse.org/Lifetime, org.opencontainers.image.created=2026-09-30T20:05:54.126624488Z, org.opencontainers.image.title=openSUSE Tumbleweed Base Container, org.opensuse.base.title=openSUSE Tumbleweed Base Container, org.qdistro.tier3s.workload=headless-smoke, io.buildah.version=1.44.1, org.opensuse.base.created=2026-09-30T20:05:54.126624488Z, org.qdistro.snapshot=20260930, org.opensuse.base.vendor=openSUSE Project, qdistro_tier3s_unit=qdistro-tier3s-silo@s122a.service, org.opensuse.base.disturl=obs://build.opensuse.org/openSUSE:Factory/images/561f9d4c8e4e1a441f95ad4ec6b5a914-opensuse-tumbleweed-image:docker, org.opensuse.base.source=https://build.opensuse.org/package/show/openSUSE:Factory/opensuse-tumbleweed-image?rev=561f9d4c8e4e1a441f95ad4ec6b5a914, org.opencontainers.image.description=Image containing a minimal environment for containers based on openSUSE Tumbleweed., org.opencontainers.image.vendor=openSUSE Project, org.opensuse.base.url=https://www.opensuse.org, org.opensuse.lifecycle-url=https://en.opensuse.org/Lifetime, org.openbuildservice.disturl=obs://build.opensuse.org/openSUSE:Factory/images/561f9d4c8e4e1a441f95ad4ec6b5a914-opensuse-tumbleweed-image:docker)
Oct 03 16:44:37 baseweed-admin runuser[12389]: pam_unix(runuser:session): session closed for user admin
Oct 03 16:44:37 baseweed-admin runuser[12704]: pam_unix(runuser:session): session closed for user admin
Oct 03 16:44:37 baseweed-admin systemd[1]: qdistro-t3s-call-12613-3-1239935928.scope: Deactivated successfully.
Oct 03 16:44:37 baseweed-admin systemd[1]: qdistro-tier3s-8a57ea32703d967c4bd4207e6d3af1e7.scope: Deactivated successfully.
Oct 03 16:44:37 baseweed-admin systemd[1]: Stopped [systemd-run] /usr/libexec/qdistro/qdistro-tier3s-scope enter 8a57ea32703d967c4bd4207e6d3af1e7 1000 -- podman --runtime /usr/libexec/qdistro/tier3s-runsc --runtime-flag=network=none --cgroup-manager=cgroupfs run --rm --name qdistro-tier3s-s122a --label qdistro_tier3s_token=8a57ea32703d967c4bd4207e6d3af1e7 --label qdistro_tier3s_unit=qdistro-tier3s-silo@s122a.service --security-opt label=disable --security-opt no-new-privileges --cap-drop=ALL --security-opt seccomp=/usr/lib/qdistro/tier3s/seccomp/headless-smoke.json --userns=keep-id --user 1000:1000 --read-only --tmpfs /tmp:rw,size=64m,mode=1777 --tmpfs /run/user/1000:rw,U,mode=0700 --tmpfs /home/admin/.cache:rw,U,mode=0700 --pids-limit=512 --network=none --env HOME=/home/admin --env XDG_RUNTIME_DIR=/run/user/1000 --env LANG=C.UTF-8 localhost/qdistro/tier3s-headless-smoke:latest qdistro-tier3s-smoke --hold 600.
Oct 03 16:44:37 baseweed-admin systemd[1]: qdistro-tier3s-8a57ea32703d967c4bd4207e6d3af1e7.scope: Consumed 1.309s CPU time over 1.547s wall clock time.
Oct 03 16:44:37 baseweed-admin dbus-run-session[1032]:   WARN: Process failed to start, likely because the binary could not be found. Command: QList("bluetoothctl", "show")
Oct 03 16:44:37 baseweed-admin systemd[1]: Started [systemd-run] /usr/sbin/runuser -u admin -- env -i PATH=/usr/bin:/bin HOME=/home/admin USER=admin LOGNAME=admin XDG_RUNTIME_DIR=/run/user/1000 podman rm -f --ignore dda16a26158727457b39bdf33390cc9418d420b1b502fdcdad81145926b109f6.
Oct 03 16:44:37 baseweed-admin runuser[12757]: pam_unix(runuser:session): session opened for user admin(uid=1000) by (uid=0)
Oct 03 16:44:37 baseweed-admin systemd[857]: Started podman-12759.scope.
Oct 03 16:44:37 baseweed-admin runuser[12757]: pam_unix(runuser:session): session closed for user admin
Oct 03 16:44:37 baseweed-admin systemd[1]: qdistro-t3s-call-12613-4-3082124557.scope: Deactivated successfully.
Oct 03 16:44:37 baseweed-admin systemd[1]: Started [systemd-run] /usr/sbin/runuser -u admin -- env -i PATH=/usr/bin:/bin HOME=/home/admin USER=admin LOGNAME=admin XDG_RUNTIME_DIR=/run/user/1000 sh -c "podman container exists \"\$1\"; printf \"PMRC=%d\\n\" \"\$?\"" sh dda16a26158727457b39bdf33390cc9418d420b1b502fdcdad81145926b109f6.
Oct 03 16:44:37 baseweed-admin runuser[12774]: pam_unix(runuser:session): session opened for user admin(uid=1000) by (uid=0)
Oct 03 16:44:37 baseweed-admin systemd[857]: Started podman-12776.scope.
Oct 03 16:44:37 baseweed-admin runuser[12774]: pam_unix(runuser:session): session closed for user admin
Oct 03 16:44:37 baseweed-admin systemd[1]: qdistro-t3s-call-12613-5-4106150150.scope: Deactivated successfully.
Oct 03 16:44:37 baseweed-admin qdistro-tier3s-cleanup[12613]: qdistro-tier3s-cleanup: 8a57ea32703d967c4bd4207e6d3af1e7: torn down (qdistro-tier3s-s122a)
Oct 03 16:44:37 baseweed-admin qdistro-tier3s-silo-launch[12056]: spawn-tier3s: signal: tearing down 8a57ea32703d967c4bd4207e6d3af1e7
Oct 03 16:44:37 baseweed-admin systemd[1]: qdistro-tier3s-silo@s122a.service: Deactivated successfully.
Oct 03 16:44:37 baseweed-admin systemd[1]: Stopped qdistro tier-3s (gVisor) silo s122a (Experimental, dev profile only).
Oct 03 16:44:37 baseweed-admin systemd[1]: qdistro-tier3s-silo@s122a.service: Consumed 1.134s CPU time over 3.244s wall clock time.
Oct 03 16:44:37 baseweed-admin runuser[12829]: pam_unix(runuser:session): session opened for user admin(uid=1000) by (uid=0)
Oct 03 16:44:37 baseweed-admin systemd[857]: Started podman-12831.scope.
Oct 03 16:44:37 baseweed-admin runuser[12829]: pam_unix(runuser:session): session closed for user admin
Oct 03 16:44:37 baseweed-admin qdistro_session_manager.py[11868]: 2026-10-03 16:44:37,955 INFO qdistro_session_manager: StopSilo name=s122a grace_s=10
Oct 03 16:44:37 baseweed-admin runuser[12606]: pam_unix(runuser:session): session closed for user admin
Oct 03 16:44:37 baseweed-admin runuser[12843]: pam_unix(runuser:session): session opened for user admin(uid=1000) by (uid=0)
Oct 03 16:44:37 baseweed-admin runuser[12843]: pam_unix(runuser:session): session closed for user admin
Oct 03 16:44:37 baseweed-admin runuser[12854]: pam_unix(runuser:session): session opened for user admin(uid=1000) by (uid=0)
Oct 03 16:44:38 baseweed-admin dbus-run-session[1032]:   WARN qml: [20261003-164438]        Network Connectivity check error: Error: Not authorized to recheck connectivity.
Oct 03 16:44:38 baseweed-admin systemd[1]: Starting qdistro tier-3s (gVisor) silo s122a (Experimental, dev profile only)...
Oct 03 16:44:38 baseweed-admin qemu-ga[680]: info: guest-exec-status called, pid: 3529
Oct 03 16:44:38 baseweed-admin systemd[1]: virtqemud.service: Deactivated successfully.
Oct 03 16:44:38 baseweed-admin runuser[13028]: pam_unix(runuser:session): session opened for user admin(uid=1000) by (uid=0)
Oct 03 16:44:38 baseweed-admin runuser[13028]: pam_unix(runuser:session): session closed for user admin
Oct 03 16:44:38 baseweed-admin runuser[13037]: pam_unix(runuser:session): session opened for user admin(uid=1000) by (uid=0)
Oct 03 16:44:38 baseweed-admin systemd[857]: Started podman-13038.scope.
Oct 03 16:44:38 baseweed-admin runuser[13037]: pam_unix(runuser:session): session closed for user admin
Oct 03 16:44:38 baseweed-admin runuser[13048]: pam_unix(runuser:session): session opened for user admin(uid=1000) by (uid=0)
Oct 03 16:44:38 baseweed-admin systemd[857]: Started podman-13049.scope.
Oct 03 16:44:38 baseweed-admin podman[13049]: 2026-10-03 16:44:38.881549127 +0000 UTC m=+0.090245286 container create 50df5b5ae787393d2fd6ccc03f508e643af890f96171bf34cd55d607f3ed102e (image=localhost/tier3s-probe:empty, name=tier3s-probe-12891)
Oct 03 16:44:38 baseweed-admin podman[13049]: 2026-10-03 16:44:38.819307984 +0000 UTC m=+0.028004153 image pull 59aaf4e6b9ae5a43b860306a452f30a0cca587014149d418f4f0a32c881c6994 localhost/tier3s-probe:empty
Oct 03 16:44:38 baseweed-admin runuser[13048]: pam_unix(runuser:session): session closed for user admin
Oct 03 16:44:38 baseweed-admin runuser[13059]: pam_unix(runuser:session): session opened for user admin(uid=1000) by (uid=0)
Oct 03 16:44:38 baseweed-admin systemd[857]: Started podman-13060.scope.
Oct 03 16:44:38 baseweed-admin runuser[13059]: pam_unix(runuser:session): session closed for user admin
Oct 03 16:44:38 baseweed-admin runuser[13070]: pam_unix(runuser:session): session opened for user admin(uid=1000) by (uid=0)
Oct 03 16:44:38 baseweed-admin systemd[857]: Started podman-13071.scope.
Oct 03 16:44:38 baseweed-admin runuser[13070]: pam_unix(runuser:session): session closed for user admin
Oct 03 16:44:38 baseweed-admin runuser[13081]: pam_unix(runuser:session): session opened for user admin(uid=1000) by (uid=0)
Oct 03 16:44:38 baseweed-admin systemd[857]: Started podman-13082.scope.
Oct 03 16:44:39 baseweed-admin podman[13082]: 2026-10-03 16:44:39.097337215 +0000 UTC m=+0.123092855 container remove 50df5b5ae787393d2fd6ccc03f508e643af890f96171bf34cd55d607f3ed102e (image=localhost/tier3s-probe:empty, name=tier3s-probe-12891)
Oct 03 16:44:39 baseweed-admin runuser[13081]: pam_unix(runuser:session): session closed for user admin
Oct 03 16:44:39 baseweed-admin runuser[13094]: pam_unix(runuser:session): session opened for user admin(uid=1000) by (uid=0)
Oct 03 16:44:39 baseweed-admin qdistro-tier3s-silo-launch[13095]: [resolve-binding] silo 's122a' is untemplated (no binding)
Oct 03 16:44:39 baseweed-admin runuser[13094]: pam_unix(runuser:session): session closed for user admin
Oct 03 16:44:39 baseweed-admin qdistro-tier3s-silo-launch[12863]: spawn-tier3s: silo s122a runs UNTEMPLATED (no binding); image localhost/qdistro/tier3s-headless-smoke:latest
Oct 03 16:44:39 baseweed-admin runuser[13097]: pam_unix(runuser:session): session opened for user admin(uid=1000) by (uid=0)
Oct 03 16:44:39 baseweed-admin runuser[13097]: pam_unix(runuser:session): session closed for user admin
Oct 03 16:44:39 baseweed-admin qemu-ga[680]: info: guest-exec-status called, pid: 3529
Oct 03 16:44:39 baseweed-admin systemd[1]: Started [systemd-run] /usr/sbin/runuser -u admin -- env -i PATH=/usr/bin:/bin HOME=/home/admin USER=admin LOGNAME=admin XDG_RUNTIME_DIR=/run/user/1000 podman ps -a --filter label=qdistro_tier3s_token --format json.
Oct 03 16:44:39 baseweed-admin runuser[13119]: pam_unix(runuser:session): session opened for user admin(uid=1000) by (uid=0)
Oct 03 16:44:39 baseweed-admin systemd[857]: qdistro-polkit-agent.service: Scheduled restart job, restart counter is at 36.
Oct 03 16:44:39 baseweed-admin systemd[857]: Started podman-13120.scope.
Oct 03 16:44:39 baseweed-admin systemd[857]: Started qdistro polkit authentication agent (PAM / fprintd / broker).
Oct 03 16:44:39 baseweed-admin runuser[13119]: pam_unix(runuser:session): session closed for user admin
Oct 03 16:44:39 baseweed-admin systemd[1]: qdistro-t3s-call-13104-1-3397697295.scope: Deactivated successfully.
Oct 03 16:44:39 baseweed-admin runuser[13153]: pam_unix(runuser:session): session opened for user admin(uid=1000) by (uid=0)
Oct 03 16:44:39 baseweed-admin systemd[857]: Started podman-13154.scope.
Oct 03 16:44:39 baseweed-admin runuser[13153]: pam_unix(runuser:session): session closed for user admin
Oct 03 16:44:39 baseweed-admin qdistro-tier3s-silo-launch[12863]: LAUNCH_TOKEN=2d9d2ef138f88565c064eed62bc4cc2c
Oct 03 16:44:39 baseweed-admin qdistro-tier3s-silo-launch[12863]: CONTAINER=qdistro-tier3s-s122a
Oct 03 16:44:39 baseweed-admin qdistro-tier3s-silo-launch[12863]: IMAGE=localhost/qdistro/tier3s-headless-smoke:latest
Oct 03 16:44:39 baseweed-admin qdistro-tier3s-silo-launch[12863]: SCOPE_UNIT=qdistro-tier3s-2d9d2ef138f88565c064eed62bc4cc2c.scope
Oct 03 16:44:39 baseweed-admin qdistro-polkit-agent[13129]: registration failed: org.freedesktop.PolicyKit1.Error.Failed: Cannot determine session the caller is in
Oct 03 16:44:39 baseweed-admin python3[13129]: qdistro-polkit-agent: registration failed: org.freedesktop.PolicyKit1.Error.Failed: Cannot determine session the caller is in
Oct 03 16:44:39 baseweed-admin systemd[1]: Started [systemd-run] /usr/libexec/qdistro/qdistro-tier3s-scope enter 2d9d2ef138f88565c064eed62bc4cc2c 1000 -- podman --runtime /usr/libexec/qdistro/tier3s-runsc --runtime-flag=network=none --cgroup-manager=cgroupfs run --rm --name qdistro-tier3s-s122a --label qdistro_tier3s_token=2d9d2ef138f88565c064eed62bc4cc2c --label qdistro_tier3s_unit=qdistro-tier3s-silo@s122a.service --security-opt label=disable --security-opt no-new-privileges --cap-drop=ALL --security-opt seccomp=/usr/lib/qdistro/tier3s/seccomp/headless-smoke.json --userns=keep-id --user 1000:1000 --read-only --tmpfs /tmp:rw,size=64m,mode=1777 --tmpfs /run/user/1000:rw,U,mode=0700 --tmpfs /home/admin/.cache:rw,U,mode=0700 --pids-limit=512 --network=none --env HOME=/home/admin --env XDG_RUNTIME_DIR=/run/user/1000 --env LANG=C.UTF-8 localhost/qdistro/tier3s-headless-smoke:latest qdistro-tier3s-smoke --hold 600.
Oct 03 16:44:39 baseweed-admin systemd[857]: qdistro-polkit-agent.service: Main process exited, code=exited, status=1/FAILURE
Oct 03 16:44:39 baseweed-admin systemd[857]: qdistro-polkit-agent.service: Failed with result 'exit-code'.
Oct 03 16:44:39 baseweed-admin qdistro-tier3s-silo-launch[13163]: Running as unit: qdistro-tier3s-2d9d2ef138f88565c064eed62bc4cc2c.scope; invocation ID: 439955ed1c70479fa4834e4483800a45
Oct 03 16:44:39 baseweed-admin runuser[13165]: pam_unix(runuser:session): session opened for user admin(uid=1000) by (uid=0)
Oct 03 16:44:39 baseweed-admin qdistro-tier3s-silo-launch[13163]: qdistro-tier3s-scope: /system.slice/qdistro-tier3s-2d9d2ef138f88565c064eed62bc4cc2c.scope delegated to uid 1000 (dir, cgroup.procs, cgroup.subtree_control, cgroup.threads)
Oct 03 16:44:39 baseweed-admin runuser[13163]: pam_unix(runuser:session): session opened for user admin(uid=1000) by (uid=0)
Oct 03 16:44:39 baseweed-admin systemd[857]: Started podman-13170.scope.
Oct 03 16:44:39 baseweed-admin runuser[13165]: pam_unix(runuser:session): session closed for user admin
Oct 03 16:44:39 baseweed-admin dbus-run-session[1032]:   WARN: Process failed to start, likely because the binary could not be found. Command: QList("bluetoothctl", "show")
Oct 03 16:44:39 baseweed-admin podman[13190]: 2026-10-03 16:44:39.36448911 +0000 UTC m=+0.012884187 image pull 1eee52a21ad86f065d227988b4ff8e279fe838e4ed84ee77f2aed0d372deae92 localhost/qdistro/tier3s-headless-smoke:latest
Oct 03 16:44:39 baseweed-admin podman[13190]: 2026-10-03 16:44:39.528901838 +0000 UTC m=+0.177296895 container create 93e13acbdac478167ee778c1925a20427a185b3fc4f562679edb24d6192550c9 (image=localhost/qdistro/tier3s-headless-smoke:latest, name=qdistro-tier3s-s122a, org.opencontainers.image.version=20260930.37.208, org.opencontainers.image.title=openSUSE Tumbleweed Base Container, org.opensuse.reference=registry.opensuse.org/opensuse/tumbleweed:20260930.37.208, org.opencontainers.image.source=https://build.opensuse.org/package/show/openSUSE:Factory/opensuse-tumbleweed-image?rev=561f9d4c8e4e1a441f95ad4ec6b5a914, org.opensuse.base.url=https://www.opensuse.org, org.opensuse.base.lifecycle-url=https://en.opensuse.org/Lifetime, org.opensuse.base.reference=registry.opensuse.org/opensuse/tumbleweed:20260930.37.208, org.opencontainers.image.created=2026-09-30T20:05:54.126624488Z, org.opensuse.base.version=20260930.37.208, org.opensuse.base.created=2026-09-30T20:05:54.126624488Z, org.opensuse.base.source=https://build.opensuse.org/package/show/openSUSE:Factory/opensuse-tumbleweed-image?rev=561f9d4c8e4e1a441f95ad4ec6b5a914, org.qdistro.tier3s.workload=headless-smoke, org.opensuse.base.title=openSUSE Tumbleweed Base Container, qdistro_tier3s_unit=qdistro-tier3s-silo@s122a.service, org.opencontainers.image.description=Image containing a minimal environment for containers based on openSUSE Tumbleweed., org.opencontainers.image.vendor=openSUSE Project, io.buildah.version=1.44.1, org.opensuse.lifecycle-url=https://en.opensuse.org/Lifetime, org.opensuse.base.vendor=openSUSE Project, org.opencontainers.image.url=https://www.opensuse.org, org.qdistro.snapshot=20260930, org.opensuse.base.description=Image containing a minimal environment for containers based on openSUSE Tumbleweed., org.openbuildservice.disturl=obs://build.opensuse.org/openSUSE:Factory/images/561f9d4c8e4e1a441f95ad4ec6b5a914-opensuse-tumbleweed-image:docker, qdistro_tier3s_token=2d9d2ef138f88565c064eed62bc4cc2c, org.opensuse.base.disturl=obs://build.opensuse.org/openSUSE:Factory/images/561f9d4c8e4e1a441f95ad4ec6b5a914-opensuse-tumbleweed-image:docker)
Oct 03 16:44:39 baseweed-admin runuser[13204]: pam_unix(runuser:session): session opened for user admin(uid=1000) by (uid=0)
Oct 03 16:44:39 baseweed-admin systemd[857]: Started podman-13205.scope.
Oct 03 16:44:40 baseweed-admin qemu-ga[680]: info: guest-exec-status called, pid: 3529
Oct 03 16:44:41 baseweed-admin qemu-ga[680]: info: guest-exec-status called, pid: 3529
Oct 03 16:44:41 baseweed-admin dbus-run-session[1032]:   WARN: Process failed to start, likely because the binary could not be found. Command: QList("bluetoothctl", "show")
Oct 03 16:44:42 baseweed-admin qemu-ga[680]: info: guest-exec-status called, pid: 3529
Oct 03 16:44:42 baseweed-admin systemd[857]: qdistro-polkit-agent.service: Scheduled restart job, restart counter is at 37.
Oct 03 16:44:42 baseweed-admin systemd[857]: Started qdistro polkit authentication agent (PAM / fprintd / broker).
Oct 03 16:44:42 baseweed-admin qdistro-polkit-agent[13259]: registration failed: org.freedesktop.PolicyKit1.Error.Failed: Cannot determine session the caller is in
Oct 03 16:44:42 baseweed-admin python3[13259]: qdistro-polkit-agent: registration failed: org.freedesktop.PolicyKit1.Error.Failed: Cannot determine session the caller is in
Oct 03 16:44:42 baseweed-admin systemd[857]: qdistro-polkit-agent.service: Main process exited, code=exited, status=1/FAILURE
Oct 03 16:44:42 baseweed-admin systemd[857]: qdistro-polkit-agent.service: Failed with result 'exit-code'.
Oct 03 16:44:43 baseweed-admin qemu-ga[680]: info: guest-exec-status called, pid: 3529
Oct 03 16:44:43 baseweed-admin dbus-run-session[1032]:   WARN: Process failed to start, likely because the binary could not be found. Command: QList("bluetoothctl", "show")
Oct 03 16:44:44 baseweed-admin qemu-ga[680]: info: guest-exec-status called, pid: 3529
Oct 03 16:44:44 baseweed-admin dbus-run-session[1032]:   WARN qml: [20261003-164444]       Location Weather is still fetching
Oct 03 16:44:44 baseweed-admin dbus-run-session[1032]:  ERROR qml: [20261003-164444]       Location Geocoding error: 0
Oct 03 16:44:44 baseweed-admin dbus-run-session[1032]:   INFO qml: [20261003-164444]        PodApps cache refresh loaded 0 apps
Oct 03 16:44:44 baseweed-admin runuser[13204]: pam_unix(runuser:session): session closed for user admin
Oct 03 16:44:45 baseweed-admin dbus-run-session[1032]:   WARN: Process failed to start, likely because the binary could not be found. Command: QList("bluetoothctl", "show")
Oct 03 16:44:45 baseweed-admin qemu-ga[680]: info: guest-exec-status called, pid: 3529
Oct 03 16:44:45 baseweed-admin systemd[857]: qdistro-polkit-agent.service: Scheduled restart job, restart counter is at 38.
Oct 03 16:44:45 baseweed-admin systemd[857]: Started qdistro polkit authentication agent (PAM / fprintd / broker).
Oct 03 16:44:45 baseweed-admin qdistro-polkit-agent[13282]: registration failed: org.freedesktop.PolicyKit1.Error.Failed: Cannot determine session the caller is in
Oct 03 16:44:45 baseweed-admin python3[13282]: qdistro-polkit-agent: registration failed: org.freedesktop.PolicyKit1.Error.Failed: Cannot determine session the caller is in
Oct 03 16:44:45 baseweed-admin systemd[857]: qdistro-polkit-agent.service: Main process exited, code=exited, status=1/FAILURE
Oct 03 16:44:45 baseweed-admin systemd[857]: qdistro-polkit-agent.service: Failed with result 'exit-code'.
Oct 03 16:44:46 baseweed-admin qemu-ga[680]: info: guest-exec-status called, pid: 3529
Oct 03 16:44:46 baseweed-admin runuser[13287]: pam_unix(runuser:session): session opened for user admin(uid=1000) by (uid=0)
Oct 03 16:44:47 baseweed-admin dbus-run-session[1032]:   WARN: Process failed to start, likely because the binary could not be found. Command: QList("bluetoothctl", "show")
Oct 03 16:44:47 baseweed-admin qemu-ga[680]: info: guest-exec-status called, pid: 3529
Oct 03 16:44:48 baseweed-admin qemu-ga[680]: info: guest-exec-status called, pid: 3529
Oct 03 16:44:48 baseweed-admin systemd[857]: qdistro-polkit-agent.service: Scheduled restart job, restart counter is at 39.
Oct 03 16:44:48 baseweed-admin systemd[857]: Started qdistro polkit authentication agent (PAM / fprintd / broker).
Oct 03 16:44:48 baseweed-admin qdistro-polkit-agent[13306]: registration failed: org.freedesktop.PolicyKit1.Error.Failed: Cannot determine session the caller is in
Oct 03 16:44:48 baseweed-admin python3[13306]: qdistro-polkit-agent: registration failed: org.freedesktop.PolicyKit1.Error.Failed: Cannot determine session the caller is in
Oct 03 16:44:48 baseweed-admin systemd[857]: qdistro-polkit-agent.service: Main process exited, code=exited, status=1/FAILURE
Oct 03 16:44:48 baseweed-admin systemd[857]: qdistro-polkit-agent.service: Failed with result 'exit-code'.
Oct 03 16:44:49 baseweed-admin dbus-run-session[1032]:   WARN: Process failed to start, likely because the binary could not be found. Command: QList("bluetoothctl", "show")
Oct 03 16:44:49 baseweed-admin qemu-ga[680]: info: guest-exec-status called, pid: 3529
Oct 03 16:44:50 baseweed-admin qemu-ga[680]: info: guest-exec-status called, pid: 3529
Oct 03 16:44:51 baseweed-admin dbus-run-session[1032]:   WARN: Process failed to start, likely because the binary could not be found. Command: QList("bluetoothctl", "show")
Oct 03 16:44:51 baseweed-admin qemu-ga[680]: info: guest-exec-status called, pid: 3529
Oct 03 16:44:51 baseweed-admin runuser[13287]: pam_unix(runuser:session): session closed for user admin
Oct 03 16:44:52 baseweed-admin systemd[857]: qdistro-polkit-agent.service: Scheduled restart job, restart counter is at 40.
Oct 03 16:44:52 baseweed-admin systemd[857]: Started qdistro polkit authentication agent (PAM / fprintd / broker).
Oct 03 16:44:52 baseweed-admin qdistro-polkit-agent[13320]: registration failed: org.freedesktop.PolicyKit1.Error.Failed: Cannot determine session the caller is in
Oct 03 16:44:52 baseweed-admin python3[13320]: qdistro-polkit-agent: registration failed: org.freedesktop.PolicyKit1.Error.Failed: Cannot determine session the caller is in
Oct 03 16:44:52 baseweed-admin systemd[857]: qdistro-polkit-agent.service: Main process exited, code=exited, status=1/FAILURE
Oct 03 16:44:52 baseweed-admin systemd[857]: qdistro-polkit-agent.service: Failed with result 'exit-code'.
Oct 03 16:44:52 baseweed-admin qemu-ga[680]: info: guest-exec-status called, pid: 3529
Oct 03 16:44:53 baseweed-admin dbus-run-session[1032]:   WARN qml: [20261003-164453]        Network Connectivity check error: Error: Not authorized to recheck connectivity.
Oct 03 16:44:53 baseweed-admin dbus-run-session[1032]:   WARN: Process failed to start, likely because the binary could not be found. Command: QList("bluetoothctl", "show")
Oct 03 16:44:53 baseweed-admin qemu-ga[680]: info: guest-exec-status called, pid: 3529
Oct 03 16:44:54 baseweed-admin runuser[13360]: pam_unix(runuser:session): session opened for user admin(uid=1000) by (uid=0)
Oct 03 16:44:54 baseweed-admin qemu-ga[680]: info: guest-exec-status called, pid: 3529
Oct 03 16:44:55 baseweed-admin systemd[857]: qdistro-polkit-agent.service: Scheduled restart job, restart counter is at 41.
Oct 03 16:44:55 baseweed-admin systemd[857]: Started qdistro polkit authentication agent (PAM / fprintd / broker).
Oct 03 16:44:55 baseweed-admin dbus-run-session[1032]:   WARN: Process failed to start, likely because the binary could not be found. Command: QList("bluetoothctl", "show")
Oct 03 16:44:55 baseweed-admin qdistro-polkit-agent[13370]: registration failed: org.freedesktop.PolicyKit1.Error.Failed: Cannot determine session the caller is in
Oct 03 16:44:55 baseweed-admin python3[13370]: qdistro-polkit-agent: registration failed: org.freedesktop.PolicyKit1.Error.Failed: Cannot determine session the caller is in
Oct 03 16:44:55 baseweed-admin systemd[857]: qdistro-polkit-agent.service: Main process exited, code=exited, status=1/FAILURE
Oct 03 16:44:55 baseweed-admin systemd[857]: qdistro-polkit-agent.service: Failed with result 'exit-code'.
Oct 03 16:44:55 baseweed-admin qemu-ga[680]: info: guest-exec-status called, pid: 3529
Oct 03 16:44:56 baseweed-admin qemu-ga[680]: info: guest-exec-status called, pid: 3529
Oct 03 16:44:57 baseweed-admin dbus-run-session[1032]:   WARN: Process failed to start, likely because the binary could not be found. Command: QList("bluetoothctl", "show")
Oct 03 16:44:58 baseweed-admin qemu-ga[680]: info: guest-exec-status called, pid: 3529
Oct 03 16:44:58 baseweed-admin systemd[857]: qdistro-polkit-agent.service: Scheduled restart job, restart counter is at 42.
Oct 03 16:44:58 baseweed-admin systemd[857]: Started qdistro polkit authentication agent (PAM / fprintd / broker).
Oct 03 16:44:58 baseweed-admin qdistro-polkit-agent[13384]: registration failed: org.freedesktop.PolicyKit1.Error.Failed: Cannot determine session the caller is in
Oct 03 16:44:58 baseweed-admin python3[13384]: qdistro-polkit-agent: registration failed: org.freedesktop.PolicyKit1.Error.Failed: Cannot determine session the caller is in
Oct 03 16:44:58 baseweed-admin systemd[857]: qdistro-polkit-agent.service: Main process exited, code=exited, status=1/FAILURE
Oct 03 16:44:58 baseweed-admin systemd[857]: qdistro-polkit-agent.service: Failed with result 'exit-code'.
Oct 03 16:44:59 baseweed-admin qemu-ga[680]: info: guest-exec-status called, pid: 3529
Oct 03 16:44:59 baseweed-admin runuser[13360]: pam_unix(runuser:session): session closed for user admin
Oct 03 16:44:59 baseweed-admin dbus-run-session[1032]:   WARN: Process failed to start, likely because the binary could not be found. Command: QList("bluetoothctl", "show")
Oct 03 16:45:00 baseweed-admin qemu-ga[680]: info: guest-exec-status called, pid: 3529
Oct 03 16:45:01 baseweed-admin qemu-ga[680]: info: guest-exec-status called, pid: 3529
Oct 03 16:45:01 baseweed-admin runuser[13397]: pam_unix(runuser:session): session opened for user admin(uid=1000) by (uid=0)
Oct 03 16:45:01 baseweed-admin dbus-run-session[1032]:   WARN: Process failed to start, likely because the binary could not be found. Command: QList("bluetoothctl", "show")
Oct 03 16:45:01 baseweed-admin systemd[857]: qdistro-polkit-agent.service: Scheduled restart job, restart counter is at 43.
Oct 03 16:45:01 baseweed-admin systemd[857]: Started qdistro polkit authentication agent (PAM / fprintd / broker).
Oct 03 16:45:01 baseweed-admin qdistro-polkit-agent[13407]: registration failed: org.freedesktop.PolicyKit1.Error.Failed: Cannot determine session the caller is in
Oct 03 16:45:01 baseweed-admin python3[13407]: qdistro-polkit-agent: registration failed: org.freedesktop.PolicyKit1.Error.Failed: Cannot determine session the caller is in
Oct 03 16:45:01 baseweed-admin systemd[857]: qdistro-polkit-agent.service: Main process exited, code=exited, status=1/FAILURE
Oct 03 16:45:01 baseweed-admin systemd[857]: qdistro-polkit-agent.service: Failed with result 'exit-code'.
Oct 03 16:45:02 baseweed-admin qemu-ga[680]: info: guest-exec-status called, pid: 3529
Oct 03 16:45:02 baseweed-admin podman[13190]: 2026-10-03 16:45:02.703483312 +0000 UTC m=+23.351878399 container init 93e13acbdac478167ee778c1925a20427a185b3fc4f562679edb24d6192550c9 (image=localhost/qdistro/tier3s-headless-smoke:latest, name=qdistro-tier3s-s122a, qdistro_tier3s_unit=qdistro-tier3s-silo@s122a.service, org.openbuildservice.disturl=obs://build.opensuse.org/openSUSE:Factory/images/561f9d4c8e4e1a441f95ad4ec6b5a914-opensuse-tumbleweed-image:docker, org.opensuse.base.created=2026-09-30T20:05:54.126624488Z, org.opensuse.base.source=https://build.opensuse.org/package/show/openSUSE:Factory/opensuse-tumbleweed-image?rev=561f9d4c8e4e1a441f95ad4ec6b5a914, org.qdistro.tier3s.workload=headless-smoke, org.opencontainers.image.source=https://build.opensuse.org/package/show/openSUSE:Factory/opensuse-tumbleweed-image?rev=561f9d4c8e4e1a441f95ad4ec6b5a914, org.opencontainers.image.url=https://www.opensuse.org, org.qdistro.snapshot=20260930, org.opensuse.base.reference=registry.opensuse.org/opensuse/tumbleweed:20260930.37.208, org.opencontainers.image.created=2026-09-30T20:05:54.126624488Z, org.opencontainers.image.description=Image containing a minimal environment for containers based on openSUSE Tumbleweed., org.opencontainers.image.version=20260930.37.208, io.buildah.version=1.44.1, org.opensuse.base.vendor=openSUSE Project, org.opensuse.base.description=Image containing a minimal environment for containers based on openSUSE Tumbleweed., org.opensuse.base.version=20260930.37.208, qdistro_tier3s_token=2d9d2ef138f88565c064eed62bc4cc2c, org.opensuse.base.disturl=obs://build.opensuse.org/openSUSE:Factory/images/561f9d4c8e4e1a441f95ad4ec6b5a914-opensuse-tumbleweed-image:docker, org.opencontainers.image.title=openSUSE Tumbleweed Base Container, org.opensuse.lifecycle-url=https://en.opensuse.org/Lifetime, org.opensuse.reference=registry.opensuse.org/opensuse/tumbleweed:20260930.37.208, org.opensuse.base.url=https://www.opensuse.org, org.opensuse.base.lifecycle-url=https://en.opensuse.org/Lifetime, org.opencontainers.image.vendor=openSUSE Project, org.opensuse.base.title=openSUSE Tumbleweed Base Container)
Oct 03 16:45:02 baseweed-admin podman[13190]: 2026-10-03 16:45:02.750811064 +0000 UTC m=+23.399206131 container start 93e13acbdac478167ee778c1925a20427a185b3fc4f562679edb24d6192550c9 (image=localhost/qdistro/tier3s-headless-smoke:latest, name=qdistro-tier3s-s122a, org.opencontainers.image.version=20260930.37.208, org.opencontainers.image.title=openSUSE Tumbleweed Base Container, org.opensuse.base.vendor=openSUSE Project, org.opensuse.base.description=Image containing a minimal environment for containers based on openSUSE Tumbleweed., org.opensuse.base.url=https://www.opensuse.org, org.opensuse.base.reference=registry.opensuse.org/opensuse/tumbleweed:20260930.37.208, qdistro_tier3s_token=2d9d2ef138f88565c064eed62bc4cc2c, org.opensuse.base.created=2026-09-30T20:05:54.126624488Z, org.qdistro.tier3s.workload=headless-smoke, org.opensuse.base.title=openSUSE Tumbleweed Base Container, org.opencontainers.image.url=https://www.opensuse.org, org.qdistro.snapshot=20260930, qdistro_tier3s_unit=qdistro-tier3s-silo@s122a.service, org.opencontainers.image.vendor=openSUSE Project, org.openbuildservice.disturl=obs://build.opensuse.org/openSUSE:Factory/images/561f9d4c8e4e1a441f95ad4ec6b5a914-opensuse-tumbleweed-image:docker, org.opensuse.lifecycle-url=https://en.opensuse.org/Lifetime, org.opensuse.reference=registry.opensuse.org/opensuse/tumbleweed:20260930.37.208, org.opencontainers.image.created=2026-09-30T20:05:54.126624488Z, org.opencontainers.image.description=Image containing a minimal environment for containers based on openSUSE Tumbleweed., io.buildah.version=1.44.1, org.opensuse.base.source=https://build.opensuse.org/package/show/openSUSE:Factory/opensuse-tumbleweed-image?rev=561f9d4c8e4e1a441f95ad4ec6b5a914, org.opencontainers.image.source=https://build.opensuse.org/package/show/openSUSE:Factory/opensuse-tumbleweed-image?rev=561f9d4c8e4e1a441f95ad4ec6b5a914, org.opensuse.base.lifecycle-url=https://en.opensuse.org/Lifetime, org.opensuse.base.version=20260930.37.208, org.opensuse.base.disturl=obs://build.opensuse.org/openSUSE:Factory/images/561f9d4c8e4e1a441f95ad4ec6b5a914-opensuse-tumbleweed-image:docker)
Oct 03 16:45:02 baseweed-admin podman[13190]: 2026-10-03 16:45:02.762289263 +0000 UTC m=+23.410684350 container attach 93e13acbdac478167ee778c1925a20427a185b3fc4f562679edb24d6192550c9 (image=localhost/qdistro/tier3s-headless-smoke:latest, name=qdistro-tier3s-s122a, org.qdistro.tier3s.workload=headless-smoke, org.opensuse.base.title=openSUSE Tumbleweed Base Container, org.qdistro.snapshot=20260930, org.opensuse.base.source=https://build.opensuse.org/package/show/openSUSE:Factory/opensuse-tumbleweed-image?rev=561f9d4c8e4e1a441f95ad4ec6b5a914, org.opensuse.lifecycle-url=https://en.opensuse.org/Lifetime, org.opensuse.base.vendor=openSUSE Project, org.opencontainers.image.source=https://build.opensuse.org/package/show/openSUSE:Factory/opensuse-tumbleweed-image?rev=561f9d4c8e4e1a441f95ad4ec6b5a914, org.opensuse.base.url=https://www.opensuse.org, qdistro_tier3s_unit=qdistro-tier3s-silo@s122a.service, org.opencontainers.image.description=Image containing a minimal environment for containers based on openSUSE Tumbleweed., org.opensuse.base.version=20260930.37.208, org.opensuse.base.disturl=obs://build.opensuse.org/openSUSE:Factory/images/561f9d4c8e4e1a441f95ad4ec6b5a914-opensuse-tumbleweed-image:docker, io.buildah.version=1.44.1, org.opencontainers.image.title=openSUSE Tumbleweed Base Container, org.opensuse.reference=registry.opensuse.org/opensuse/tumbleweed:20260930.37.208, org.opensuse.base.lifecycle-url=https://en.opensuse.org/Lifetime, org.opencontainers.image.vendor=openSUSE Project, org.openbuildservice.disturl=obs://build.opensuse.org/openSUSE:Factory/images/561f9d4c8e4e1a441f95ad4ec6b5a914-opensuse-tumbleweed-image:docker, org.opensuse.base.created=2026-09-30T20:05:54.126624488Z, org.opensuse.base.description=Image containing a minimal environment for containers based on openSUSE Tumbleweed., org.opencontainers.image.url=https://www.opensuse.org, org.opensuse.base.reference=registry.opensuse.org/opensuse/tumbleweed:20260930.37.208, org.opencontainers.image.created=2026-09-30T20:05:54.126624488Z, qdistro_tier3s_token=2d9d2ef138f88565c064eed62bc4cc2c, org.opencontainers.image.version=20260930.37.208)
Oct 03 16:45:02 baseweed-admin dbus-run-session[1032]:   INFO qml: [20261003-164502]        PodApps auto-scan: qdistro-tier3s-s122a transitioned to running
Oct 03 16:45:02 baseweed-admin qdistro-tier3s-s122a[13215]: SMOKE snapshot=20260930
Oct 03 16:45:02 baseweed-admin qdistro-tier3s-silo-launch[13190]: SMOKE snapshot=20260930
Oct 03 16:45:02 baseweed-admin qdistro-tier3s-s122a[13215]: SMOKE kernel=Linux version 4.19.0-gvisor #1 SMP Sun Jan 10 15:06:54 PST 2016
Oct 03 16:45:02 baseweed-admin qdistro-tier3s-silo-launch[13190]: SMOKE kernel=Linux version 4.19.0-gvisor #1 SMP Sun Jan 10 15:06:54 PST 2016
Oct 03 16:45:02 baseweed-admin systemd[857]: Started podman-13398.scope.
Oct 03 16:45:02 baseweed-admin runuser[13397]: pam_unix(runuser:session): session closed for user admin
Oct 03 16:45:02 baseweed-admin qdistro-tier3s-silo-launch[12863]: spawn-tier3s: running: qdistro-tier3s-s122a sentry=13231 conmon=13215 in /system.slice/qdistro-tier3s-2d9d2ef138f88565c064eed62bc4cc2c.scope
Oct 03 16:45:02 baseweed-admin systemd[1]: Started qdistro tier-3s (gVisor) silo s122a (Experimental, dev profile only).
Oct 03 16:45:02 baseweed-admin qdistro-tier3s-s122a[13215]: SMOKE dmesg=[    0.000000] Starting gVisor...
Oct 03 16:45:02 baseweed-admin qdistro-tier3s-silo-launch[13190]: SMOKE dmesg=[    0.000000] Starting gVisor...
Oct 03 16:45:02 baseweed-admin qdistro-tier3s-s122a[13215]: SMOKE id=uid=1000(admin) gid=1000(admin) groups=1000(admin)
Oct 03 16:45:02 baseweed-admin qdistro-tier3s-silo-launch[13190]: SMOKE id=uid=1000(admin) gid=1000(admin) groups=1000(admin)
Oct 03 16:45:02 baseweed-admin qdistro_session_manager.py[11868]: 2026-10-03 16:45:02,937 INFO qdistro_session_manager: StartSilo name=s122a
Oct 03 16:45:02 baseweed-admin runuser[12854]: pam_unix(runuser:session): session closed for user admin
Oct 03 16:45:02 baseweed-admin qdistro-tier3s-s122a[13215]: SMOKE passwd=admin:x:1000:1000:qdistro admin:/home/admin:/bin/bash
Oct 03 16:45:02 baseweed-admin qdistro-tier3s-silo-launch[13190]: SMOKE passwd=admin:x:1000:1000:qdistro admin:/home/admin:/bin/bash
Oct 03 16:45:02 baseweed-admin qdistro-tier3s-silo-launch[13190]: SMOKE home=/home/admin
Oct 03 16:45:02 baseweed-admin qdistro-tier3s-s122a[13215]: SMOKE home=/home/admin
Oct 03 16:45:02 baseweed-admin runuser[13486]: pam_unix(runuser:session): session opened for user admin(uid=1000) by (uid=0)
Oct 03 16:45:02 baseweed-admin runuser[13535]: pam_unix(runuser:session): session opened for user admin(uid=1000) by (uid=0)
Oct 03 16:45:02 baseweed-admin systemd[857]: Started podman-13496.scope.
Oct 03 16:45:02 baseweed-admin runuser[13486]: pam_unix(runuser:session): session closed for user admin
Oct 03 16:45:03 baseweed-admin runuser[13543]: pam_unix(runuser:session): session opened for user admin(uid=1000) by (uid=0)
Oct 03 16:45:03 baseweed-admin systemd[857]: Started podman-13536.scope.
Oct 03 16:45:03 baseweed-admin runuser[13535]: pam_unix(runuser:session): session closed for user admin
Oct 03 16:45:03 baseweed-admin systemd[857]: Started podman-13547.scope.
Oct 03 16:45:03 baseweed-admin qdistro-tier3s-s122a[13215]: SMOKE lang=C.UTF-8 charmap=UTF-8 utf8_locales=2
Oct 03 16:45:03 baseweed-admin qdistro-tier3s-silo-launch[13190]: SMOKE lang=C.UTF-8 charmap=UTF-8 utf8_locales=2
Oct 03 16:45:03 baseweed-admin runuser[13543]: pam_unix(runuser:session): session closed for user admin
Oct 03 16:45:03 baseweed-admin runuser[13563]: pam_unix(runuser:session): session opened for user admin(uid=1000) by (uid=0)
Oct 03 16:45:03 baseweed-admin qdistro-tier3s-s122a[13215]: SMOKE mount /run/user/1000=1000:1000 700
Oct 03 16:45:03 baseweed-admin qdistro-tier3s-silo-launch[13190]: SMOKE mount /run/user/1000=1000:1000 700
Oct 03 16:45:03 baseweed-admin systemd[857]: Started podman-13565.scope.
Oct 03 16:45:03 baseweed-admin runuser[13563]: pam_unix(runuser:session): session closed for user admin
Oct 03 16:45:03 baseweed-admin qdistro-tier3s-s122a[13215]: SMOKE mount /home/admin/.cache=1000:1000 700
Oct 03 16:45:03 baseweed-admin qdistro-tier3s-silo-launch[13190]: SMOKE mount /home/admin/.cache=1000:1000 700
Oct 03 16:45:03 baseweed-admin qdistro-tier3s-s122a[13215]: SMOKE mount /tmp=0:0 1777
Oct 03 16:45:03 baseweed-admin qdistro-tier3s-silo-launch[13190]: SMOKE mount /tmp=0:0 1777
Oct 03 16:45:03 baseweed-admin qdistro-tier3s-s122a[13215]: SMOKE caps=inh:0000000000000000,prm:0000000000000000,eff:0000000000000000,bnd:0000000000000000,amb:0000000000000000
Oct 03 16:45:03 baseweed-admin qdistro-tier3s-silo-launch[13190]: SMOKE caps=inh:0000000000000000,prm:0000000000000000,eff:0000000000000000,bnd:0000000000000000,amb:0000000000000000
Oct 03 16:45:03 baseweed-admin qdistro-tier3s-s122a[13215]: SMOKE nnp=1 seccomp=2
Oct 03 16:45:03 baseweed-admin qdistro-tier3s-silo-launch[13190]: SMOKE nnp=1 seccomp=2
Oct 03 16:45:03 baseweed-admin qdistro-tier3s-s122a[13215]: SMOKE rootfs=ro
Oct 03 16:45:03 baseweed-admin qdistro-tier3s-silo-launch[13190]: SMOKE rootfs=ro
Oct 03 16:45:03 baseweed-admin qdistro-tier3s-s122a[13215]: SMOKE mountopts /run/user/1000=tmpfs:rw,nosuid,mode=0700,uid=1000,gid=1000
Oct 03 16:45:03 baseweed-admin qdistro-tier3s-silo-launch[13190]: SMOKE mountopts /run/user/1000=tmpfs:rw,nosuid,mode=0700,uid=1000,gid=1000
Oct 03 16:45:03 baseweed-admin qdistro-tier3s-s122a[13215]: SMOKE mountopts /home/admin/.cache=tmpfs:rw,nosuid,mode=0700,uid=1000,gid=1000
Oct 03 16:45:03 baseweed-admin qdistro-tier3s-silo-launch[13190]: SMOKE mountopts /home/admin/.cache=tmpfs:rw,nosuid,mode=0700,uid=1000,gid=1000
Oct 03 16:45:03 baseweed-admin qdistro-tier3s-s122a[13215]: SMOKE rootfs_write rc=1 err=touch: cannot touch '/home/admin/.smoke-rw': Read-only file system
Oct 03 16:45:03 baseweed-admin qdistro-tier3s-silo-launch[13190]: SMOKE rootfs_write rc=1 err=touch: cannot touch '/home/admin/.smoke-rw': Read-only file system
Oct 03 16:45:03 baseweed-admin qdistro-tier3s-s122a[13215]: SMOKE chmod rc=0 mode=600
Oct 03 16:45:03 baseweed-admin qdistro-tier3s-silo-launch[13190]: SMOKE chmod rc=0 mode=600
Oct 03 16:45:03 baseweed-admin qemu-ga[680]: info: guest-exec-status called, pid: 3529
Oct 03 16:45:03 baseweed-admin qdistro-tier3s-s122a[13215]: SMOKE chmod_nofollow rc=1 mode=600
Oct 03 16:45:03 baseweed-admin qdistro-tier3s-silo-launch[13190]: SMOKE chmod_nofollow rc=1 mode=600
Oct 03 16:45:03 baseweed-admin qdistro-tier3s-s122a[13215]: SMOKE ls_l rc=0 stderr_bytes=0
Oct 03 16:45:03 baseweed-admin qdistro-tier3s-silo-launch[13190]: SMOKE ls_l rc=0 stderr_bytes=0
Oct 03 16:45:03 baseweed-admin dbus-run-session[1032]:   WARN: Process failed to start, likely because the binary could not be found. Command: QList("bluetoothctl", "show")
Oct 03 16:45:03 baseweed-admin qdistro-tier3s-s122a[13215]: SMOKE routes=2 links=lo,
Oct 03 16:45:03 baseweed-admin qdistro-tier3s-silo-launch[13190]: SMOKE routes=2 links=lo,
Oct 03 16:45:03 baseweed-admin qdistro-tier3s-s122a[13215]: SMOKE route_table=::1 dev lo proto unspec scope link ;127.0.0.0/8 dev lo proto unspec scope link ;
Oct 03 16:45:03 baseweed-admin qdistro-tier3s-silo-launch[13190]: SMOKE route_table=::1 dev lo proto unspec scope link ;127.0.0.0/8 dev lo proto unspec scope link ;
Oct 03 16:45:03 baseweed-admin qdistro-tier3s-silo-launch[13190]: SMOKE done
Oct 03 16:45:03 baseweed-admin qdistro-tier3s-s122a[13215]: SMOKE done
Oct 03 16:45:03 baseweed-admin qdistro-tier3s-s122a[13215]: SMOKE holding 600s
Oct 03 16:45:03 baseweed-admin qdistro-tier3s-silo-launch[13190]: SMOKE holding 600s
Oct 03 16:45:03 baseweed-admin systemd[1]: Stopping qdistro tier-3s (gVisor) silo s122a (Experimental, dev profile only)...
Oct 03 16:45:03 baseweed-admin systemd[1]: Started [systemd-run] /usr/sbin/runuser -u admin -- env -i PATH=/usr/bin:/bin HOME=/home/admin USER=admin LOGNAME=admin XDG_RUNTIME_DIR=/run/user/1000 sh -c "podman container exists \"\$1\"; printf \"PMRC=%d\\n\" \"\$?\"" sh qdistro-tier3s-s122a.
Oct 03 16:45:03 baseweed-admin runuser[13639]: pam_unix(runuser:session): session opened for user admin(uid=1000) by (uid=0)
Oct 03 16:45:03 baseweed-admin systemd[857]: Started podman-13641.scope.
Oct 03 16:45:03 baseweed-admin runuser[13639]: pam_unix(runuser:session): session closed for user admin
Oct 03 16:45:03 baseweed-admin systemd[1]: qdistro-t3s-call-13595-1-2581357030.scope: Deactivated successfully.
Oct 03 16:45:03 baseweed-admin systemd[1]: Started [systemd-run] /usr/sbin/runuser -u admin -- env -i PATH=/usr/bin:/bin HOME=/home/admin USER=admin LOGNAME=admin XDG_RUNTIME_DIR=/run/user/1000 podman container inspect --format "{{.Id}} {{index .Config.Labels \"qdistro_tier3s_token\"}}" qdistro-tier3s-s122a.
Oct 03 16:45:03 baseweed-admin runuser[13659]: pam_unix(runuser:session): session opened for user admin(uid=1000) by (uid=0)
Oct 03 16:45:03 baseweed-admin systemd[857]: Started podman-13660.scope.
Oct 03 16:45:03 baseweed-admin runuser[13659]: pam_unix(runuser:session): session closed for user admin
Oct 03 16:45:03 baseweed-admin systemd[1]: qdistro-t3s-call-13595-2-1156487517.scope: Deactivated successfully.
Oct 03 16:45:03 baseweed-admin systemd[1]: Started [systemd-run] /usr/sbin/runuser -u admin -- env -i PATH=/usr/bin:/bin HOME=/home/admin USER=admin LOGNAME=admin XDG_RUNTIME_DIR=/run/user/1000 podman stop -t 10 93e13acbdac478167ee778c1925a20427a185b3fc4f562679edb24d6192550c9.
Oct 03 16:45:03 baseweed-admin runuser[13678]: pam_unix(runuser:session): session opened for user admin(uid=1000) by (uid=0)
Oct 03 16:45:03 baseweed-admin systemd[857]: Started podman-13679.scope.
Oct 03 16:45:03 baseweed-admin qdistro-tier3s-s122a[13215]: SMOKE term
Oct 03 16:45:03 baseweed-admin qdistro-tier3s-silo-launch[13190]: SMOKE term
Oct 03 16:45:03 baseweed-admin podman[13190]: 2026-10-03 16:45:03.890751971 +0000 UTC m=+24.539147058 container died 93e13acbdac478167ee778c1925a20427a185b3fc4f562679edb24d6192550c9 (image=localhost/qdistro/tier3s-headless-smoke:latest, name=qdistro-tier3s-s122a, org.opensuse.base.created=2026-09-30T20:05:54.126624488Z, org.opensuse.reference=registry.opensuse.org/opensuse/tumbleweed:20260930.37.208, org.opensuse.base.vendor=openSUSE Project, org.opencontainers.image.source=https://build.opensuse.org/package/show/openSUSE:Factory/opensuse-tumbleweed-image?rev=561f9d4c8e4e1a441f95ad4ec6b5a914, org.opensuse.base.lifecycle-url=https://en.opensuse.org/Lifetime, org.opencontainers.image.created=2026-09-30T20:05:54.126624488Z, qdistro_tier3s_token=2d9d2ef138f88565c064eed62bc4cc2c, org.opencontainers.image.version=20260930.37.208, io.buildah.version=1.44.1, org.opensuse.lifecycle-url=https://en.opensuse.org/Lifetime, org.qdistro.tier3s.workload=headless-smoke, org.opencontainers.image.url=https://www.opensuse.org, org.opensuse.base.reference=registry.opensuse.org/opensuse/tumbleweed:20260930.37.208, qdistro_tier3s_unit=qdistro-tier3s-silo@s122a.service, org.opensuse.base.disturl=obs://build.opensuse.org/openSUSE:Factory/images/561f9d4c8e4e1a441f95ad4ec6b5a914-opensuse-tumbleweed-image:docker, org.opensuse.base.description=Image containing a minimal environment for containers based on openSUSE Tumbleweed., org.qdistro.snapshot=20260930, org.openbuildservice.disturl=obs://build.opensuse.org/openSUSE:Factory/images/561f9d4c8e4e1a441f95ad4ec6b5a914-opensuse-tumbleweed-image:docker, org.opensuse.base.version=20260930.37.208, org.opencontainers.image.title=openSUSE Tumbleweed Base Container, org.opensuse.base.source=https://build.opensuse.org/package/show/openSUSE:Factory/opensuse-tumbleweed-image?rev=561f9d4c8e4e1a441f95ad4ec6b5a914, org.opensuse.base.url=https://www.opensuse.org, org.opensuse.base.title=openSUSE Tumbleweed Base Container, org.opencontainers.image.description=Image containing a minimal environment for containers based on openSUSE Tumbleweed., org.opencontainers.image.vendor=openSUSE Project)
Oct 03 16:45:03 baseweed-admin podman[13679]: 2026-10-03 16:45:03.968993566 +0000 UTC m=+0.132077324 container remove 93e13acbdac478167ee778c1925a20427a185b3fc4f562679edb24d6192550c9 (image=localhost/qdistro/tier3s-headless-smoke:latest, name=qdistro-tier3s-s122a, org.opencontainers.image.description=Image containing a minimal environment for containers based on openSUSE Tumbleweed., org.opensuse.reference=registry.opensuse.org/opensuse/tumbleweed:20260930.37.208, org.qdistro.snapshot=20260930, org.opensuse.base.reference=registry.opensuse.org/opensuse/tumbleweed:20260930.37.208, org.opensuse.base.description=Image containing a minimal environment for containers based on openSUSE Tumbleweed., org.opencontainers.image.source=https://build.opensuse.org/package/show/openSUSE:Factory/opensuse-tumbleweed-image?rev=561f9d4c8e4e1a441f95ad4ec6b5a914, org.opencontainers.image.title=openSUSE Tumbleweed Base Container, org.opensuse.base.created=2026-09-30T20:05:54.126624488Z, io.buildah.version=1.44.1, org.opensuse.base.source=https://build.opensuse.org/package/show/openSUSE:Factory/opensuse-tumbleweed-image?rev=561f9d4c8e4e1a441f95ad4ec6b5a914, org.openbuildservice.disturl=obs://build.opensuse.org/openSUSE:Factory/images/561f9d4c8e4e1a441f95ad4ec6b5a914-opensuse-tumbleweed-image:docker, org.opencontainers.image.vendor=openSUSE Project, org.opensuse.base.vendor=openSUSE Project, org.opensuse.base.version=20260930.37.208, org.qdistro.tier3s.workload=headless-smoke, qdistro_tier3s_token=2d9d2ef138f88565c064eed62bc4cc2c, org.opencontainers.image.version=20260930.37.208, org.opensuse.base.disturl=obs://build.opensuse.org/openSUSE:Factory/images/561f9d4c8e4e1a441f95ad4ec6b5a914-opensuse-tumbleweed-image:docker, org.opensuse.lifecycle-url=https://en.opensuse.org/Lifetime, org.opencontainers.image.created=2026-09-30T20:05:54.126624488Z, org.opensuse.base.title=openSUSE Tumbleweed Base Container, org.opensuse.base.url=https://www.opensuse.org, org.opencontainers.image.url=https://www.opensuse.org, org.opensuse.base.lifecycle-url=https://en.opensuse.org/Lifetime, qdistro_tier3s_unit=qdistro-tier3s-silo@s122a.service)
Oct 03 16:45:03 baseweed-admin runuser[13678]: pam_unix(runuser:session): session closed for user admin
Oct 03 16:45:03 baseweed-admin systemd[1]: qdistro-t3s-call-13595-3-1421030210.scope: Deactivated successfully.
Oct 03 16:45:03 baseweed-admin runuser[13163]: pam_unix(runuser:session): session closed for user admin
Oct 03 16:45:03 baseweed-admin systemd[1]: qdistro-tier3s-2d9d2ef138f88565c064eed62bc4cc2c.scope: Deactivated successfully.
Oct 03 16:45:03 baseweed-admin systemd[1]: Stopped [systemd-run] /usr/libexec/qdistro/qdistro-tier3s-scope enter 2d9d2ef138f88565c064eed62bc4cc2c 1000 -- podman --runtime /usr/libexec/qdistro/tier3s-runsc --runtime-flag=network=none --cgroup-manager=cgroupfs run --rm --name qdistro-tier3s-s122a --label qdistro_tier3s_token=2d9d2ef138f88565c064eed62bc4cc2c --label qdistro_tier3s_unit=qdistro-tier3s-silo@s122a.service --security-opt label=disable --security-opt no-new-privileges --cap-drop=ALL --security-opt seccomp=/usr/lib/qdistro/tier3s/seccomp/headless-smoke.json --userns=keep-id --user 1000:1000 --read-only --tmpfs /tmp:rw,size=64m,mode=1777 --tmpfs /run/user/1000:rw,U,mode=0700 --tmpfs /home/admin/.cache:rw,U,mode=0700 --pids-limit=512 --network=none --env HOME=/home/admin --env XDG_RUNTIME_DIR=/run/user/1000 --env LANG=C.UTF-8 localhost/qdistro/tier3s-headless-smoke:latest qdistro-tier3s-smoke --hold 600.
Oct 03 16:45:03 baseweed-admin systemd[1]: qdistro-tier3s-2d9d2ef138f88565c064eed62bc4cc2c.scope: Consumed 1.362s CPU time over 24.672s wall clock time.
Oct 03 16:45:04 baseweed-admin systemd[1]: Started [systemd-run] /usr/sbin/runuser -u admin -- env -i PATH=/usr/bin:/bin HOME=/home/admin USER=admin LOGNAME=admin XDG_RUNTIME_DIR=/run/user/1000 podman rm -f --ignore 93e13acbdac478167ee778c1925a20427a185b3fc4f562679edb24d6192550c9.
Oct 03 16:45:04 baseweed-admin runuser[13722]: pam_unix(runuser:session): session opened for user admin(uid=1000) by (uid=0)
Oct 03 16:45:04 baseweed-admin systemd[857]: Started podman-13727.scope.
Oct 03 16:45:04 baseweed-admin runuser[13722]: pam_unix(runuser:session): session closed for user admin
Oct 03 16:45:04 baseweed-admin systemd[1]: qdistro-t3s-call-13595-4-214031127.scope: Deactivated successfully.
Oct 03 16:45:04 baseweed-admin systemd[1]: Started [systemd-run] /usr/sbin/runuser -u admin -- env -i PATH=/usr/bin:/bin HOME=/home/admin USER=admin LOGNAME=admin XDG_RUNTIME_DIR=/run/user/1000 sh -c "podman container exists \"\$1\"; printf \"PMRC=%d\\n\" \"\$?\"" sh 93e13acbdac478167ee778c1925a20427a185b3fc4f562679edb24d6192550c9.
Oct 03 16:45:04 baseweed-admin runuser[13742]: pam_unix(runuser:session): session opened for user admin(uid=1000) by (uid=0)
Oct 03 16:45:04 baseweed-admin systemd[857]: Started podman-13744.scope.
Oct 03 16:45:04 baseweed-admin runuser[13742]: pam_unix(runuser:session): session closed for user admin
Oct 03 16:45:04 baseweed-admin systemd[1]: qdistro-t3s-call-13595-5-3858152936.scope: Deactivated successfully.
Oct 03 16:45:04 baseweed-admin qdistro-tier3s-cleanup[13595]: qdistro-tier3s-cleanup: 2d9d2ef138f88565c064eed62bc4cc2c: torn down (qdistro-tier3s-s122a)
Oct 03 16:45:04 baseweed-admin qdistro-tier3s-silo-launch[12863]: spawn-tier3s: signal: tearing down 2d9d2ef138f88565c064eed62bc4cc2c
Oct 03 16:45:04 baseweed-admin systemd[1]: qdistro-tier3s-silo@s122a.service: Deactivated successfully.
Oct 03 16:45:04 baseweed-admin systemd[1]: Stopped qdistro tier-3s (gVisor) silo s122a (Experimental, dev profile only).
Oct 03 16:45:04 baseweed-admin systemd[1]: qdistro-tier3s-silo@s122a.service: Consumed 1.266s CPU time over 26.253s wall clock time.
Oct 03 16:45:04 baseweed-admin systemd[1]: Stopping qdistro session manager (user-silo lifecycle)...
Oct 03 16:45:04 baseweed-admin systemd[1]: qdistro-session-manager.service: Deactivated successfully.
Oct 03 16:45:04 baseweed-admin systemd[1]: Stopped qdistro session manager (user-silo lifecycle).
Oct 03 16:45:04 baseweed-admin systemd[1]: Starting qdistro session manager (user-silo lifecycle)...
Oct 03 16:45:04 baseweed-admin qemu-ga[680]: info: guest-exec-status called, pid: 3529
Oct 03 16:45:04 baseweed-admin systemd[1]: Started qdistro session manager (user-silo lifecycle).
Oct 03 16:45:04 baseweed-admin dbus-run-session[1032]:   WARN qml: [20261003-164504]       Location Weather is still fetching
Oct 03 16:45:04 baseweed-admin runuser[13802]: pam_unix(runuser:session): session opened for user admin(uid=1000) by (uid=0)
Oct 03 16:45:04 baseweed-admin dbus-run-session[1032]:  ERROR qml: [20261003-164504]       Location Geocoding error: 0
Oct 03 16:45:04 baseweed-admin systemd[857]: Started podman-13833.scope.
Oct 03 16:45:04 baseweed-admin runuser[13802]: pam_unix(runuser:session): session closed for user admin
Oct 03 16:45:04 baseweed-admin runuser[13875]: pam_unix(runuser:session): session opened for user admin(uid=1000) by (uid=0)
Oct 03 16:45:04 baseweed-admin runuser[13877]: pam_unix(runuser:session): session opened for user admin(uid=1000) by (uid=0)
Oct 03 16:45:04 baseweed-admin systemd[857]: Started podman-13876.scope.
Oct 03 16:45:04 baseweed-admin runuser[13875]: pam_unix(runuser:session): session closed for user admin
Oct 03 16:45:04 baseweed-admin systemd[857]: Started podman-13892.scope.
Oct 03 16:45:04 baseweed-admin runuser[13877]: pam_unix(runuser:session): session closed for user admin
Oct 03 16:45:04 baseweed-admin runuser[13904]: pam_unix(runuser:session): session opened for user admin(uid=1000) by (uid=0)
Oct 03 16:45:04 baseweed-admin systemd[1]: Started [systemd-run] /usr/sbin/runuser -u admin -- env -i PATH=/usr/bin:/bin HOME=/home/admin USER=admin LOGNAME=admin XDG_RUNTIME_DIR=/run/user/1000 podman ps -a --filter label=qdistro_tier3s_token --format json.
Oct 03 16:45:04 baseweed-admin systemd[857]: Started podman-13906.scope.
Oct 03 16:45:04 baseweed-admin runuser[13930]: pam_unix(runuser:session): session opened for user admin(uid=1000) by (uid=0)
Oct 03 16:45:04 baseweed-admin runuser[13904]: pam_unix(runuser:session): session closed for user admin
Oct 03 16:45:04 baseweed-admin systemd[857]: Started podman-13931.scope.
Oct 03 16:45:04 baseweed-admin runuser[13930]: pam_unix(runuser:session): session closed for user admin
Oct 03 16:45:04 baseweed-admin systemd[1]: qdistro-t3s-call-13912-1-2983028921.scope: Deactivated successfully.
Oct 03 16:45:04 baseweed-admin systemd[1]: Starting qdistro tier-3s (gVisor) silo s122a (Experimental, dev profile only)...
Oct 03 16:45:04 baseweed-admin dbus-run-session[1032]:   WARN qml: [20261003-164504]        PodApps scan failed for qdistro-tier3s-s122a (exit 2)
Oct 03 16:45:05 baseweed-admin systemd[857]: qdistro-polkit-agent.service: Scheduled restart job, restart counter is at 44.
Oct 03 16:45:05 baseweed-admin systemd[857]: Started qdistro polkit authentication agent (PAM / fprintd / broker).
Oct 03 16:45:05 baseweed-admin qdistro-polkit-agent[14092]: registration failed: org.freedesktop.PolicyKit1.Error.Failed: Cannot determine session the caller is in
Oct 03 16:45:05 baseweed-admin python3[14092]: qdistro-polkit-agent: registration failed: org.freedesktop.PolicyKit1.Error.Failed: Cannot determine session the caller is in
Oct 03 16:45:05 baseweed-admin systemd[857]: qdistro-polkit-agent.service: Main process exited, code=exited, status=1/FAILURE
Oct 03 16:45:05 baseweed-admin systemd[857]: qdistro-polkit-agent.service: Failed with result 'exit-code'.
Oct 03 16:45:05 baseweed-admin dbus-run-session[1032]:   WARN: Process failed to start, likely because the binary could not be found. Command: QList("bluetoothctl", "show")
Oct 03 16:45:05 baseweed-admin qemu-ga[680]: info: guest-exec-status called, pid: 3529
Oct 03 16:45:05 baseweed-admin runuser[14152]: pam_unix(runuser:session): session opened for user admin(uid=1000) by (uid=0)
Oct 03 16:45:05 baseweed-admin runuser[14152]: pam_unix(runuser:session): session closed for user admin
Oct 03 16:45:05 baseweed-admin runuser[14161]: pam_unix(runuser:session): session opened for user admin(uid=1000) by (uid=0)
Oct 03 16:45:05 baseweed-admin systemd[857]: Started podman-14162.scope.
Oct 03 16:45:05 baseweed-admin runuser[14161]: pam_unix(runuser:session): session closed for user admin
Oct 03 16:45:05 baseweed-admin runuser[14179]: pam_unix(runuser:session): session opened for user admin(uid=1000) by (uid=0)
Oct 03 16:45:05 baseweed-admin systemd[857]: Started podman-14180.scope.
Oct 03 16:45:05 baseweed-admin podman[14180]: 2026-10-03 16:45:05.565725682 +0000 UTC m=+0.069981223 container create 3be7138908b6a3e5e2a5c3efecc98e335a02e5316efb4afb3339dff4804bb271 (image=localhost/tier3s-probe:empty, name=tier3s-probe-14008)
Oct 03 16:45:05 baseweed-admin podman[14180]: 2026-10-03 16:45:05.529720913 +0000 UTC m=+0.033976464 image pull 59aaf4e6b9ae5a43b860306a452f30a0cca587014149d418f4f0a32c881c6994 localhost/tier3s-probe:empty
Oct 03 16:45:05 baseweed-admin runuser[14179]: pam_unix(runuser:session): session closed for user admin
Oct 03 16:45:05 baseweed-admin runuser[14200]: pam_unix(runuser:session): session opened for user admin(uid=1000) by (uid=0)
Oct 03 16:45:05 baseweed-admin systemd[857]: Started podman-14201.scope.
Oct 03 16:45:05 baseweed-admin runuser[14200]: pam_unix(runuser:session): session closed for user admin
Oct 03 16:45:05 baseweed-admin runuser[14212]: pam_unix(runuser:session): session opened for user admin(uid=1000) by (uid=0)
Oct 03 16:45:05 baseweed-admin systemd[857]: Started podman-14213.scope.
Oct 03 16:45:05 baseweed-admin runuser[14212]: pam_unix(runuser:session): session closed for user admin
Oct 03 16:45:05 baseweed-admin runuser[14222]: pam_unix(runuser:session): session opened for user admin(uid=1000) by (uid=0)
Oct 03 16:45:05 baseweed-admin systemd[857]: Started podman-14223.scope.
Oct 03 16:45:05 baseweed-admin podman[14223]: 2026-10-03 16:45:05.741805423 +0000 UTC m=+0.065821002 container remove 3be7138908b6a3e5e2a5c3efecc98e335a02e5316efb4afb3339dff4804bb271 (image=localhost/tier3s-probe:empty, name=tier3s-probe-14008)
Oct 03 16:45:05 baseweed-admin runuser[14222]: pam_unix(runuser:session): session closed for user admin
Oct 03 16:45:05 baseweed-admin runuser[14242]: pam_unix(runuser:session): session opened for user admin(uid=1000) by (uid=0)
Oct 03 16:45:05 baseweed-admin qdistro-tier3s-silo-launch[14243]: [resolve-binding] silo 's122a' is untemplated (no binding)
Oct 03 16:45:05 baseweed-admin runuser[14242]: pam_unix(runuser:session): session closed for user admin
Oct 03 16:45:05 baseweed-admin qdistro-tier3s-silo-launch[13969]: spawn-tier3s: silo s122a runs UNTEMPLATED (no binding); image localhost/qdistro/tier3s-headless-smoke:latest
Oct 03 16:45:05 baseweed-admin runuser[14245]: pam_unix(runuser:session): session opened for user admin(uid=1000) by (uid=0)
Oct 03 16:45:05 baseweed-admin runuser[14245]: pam_unix(runuser:session): session closed for user admin
Oct 03 16:45:05 baseweed-admin systemd[1]: Started [systemd-run] /usr/sbin/runuser -u admin -- env -i PATH=/usr/bin:/bin HOME=/home/admin USER=admin LOGNAME=admin XDG_RUNTIME_DIR=/run/user/1000 podman ps -a --filter label=qdistro_tier3s_token --format json.
Oct 03 16:45:05 baseweed-admin runuser[14267]: pam_unix(runuser:session): session opened for user admin(uid=1000) by (uid=0)
Oct 03 16:45:05 baseweed-admin systemd[857]: Started podman-14268.scope.
Oct 03 16:45:05 baseweed-admin runuser[14267]: pam_unix(runuser:session): session closed for user admin
Oct 03 16:45:05 baseweed-admin systemd[1]: qdistro-t3s-call-14252-1-1650049723.scope: Deactivated successfully.
Oct 03 16:45:05 baseweed-admin runuser[14299]: pam_unix(runuser:session): session opened for user admin(uid=1000) by (uid=0)
Oct 03 16:45:05 baseweed-admin systemd[857]: Started podman-14300.scope.
Oct 03 16:45:05 baseweed-admin runuser[14299]: pam_unix(runuser:session): session closed for user admin
Oct 03 16:45:05 baseweed-admin qdistro-tier3s-silo-launch[13969]: LAUNCH_TOKEN=11199851e00f960acb99917c670c58e0
Oct 03 16:45:05 baseweed-admin qdistro-tier3s-silo-launch[13969]: CONTAINER=qdistro-tier3s-s122a
Oct 03 16:45:05 baseweed-admin qdistro-tier3s-silo-launch[13969]: IMAGE=localhost/qdistro/tier3s-headless-smoke:latest
Oct 03 16:45:05 baseweed-admin qdistro-tier3s-silo-launch[13969]: SCOPE_UNIT=qdistro-tier3s-11199851e00f960acb99917c670c58e0.scope
Oct 03 16:45:05 baseweed-admin systemd[1]: Started [systemd-run] /usr/libexec/qdistro/qdistro-tier3s-scope enter 11199851e00f960acb99917c670c58e0 1000 -- podman --runtime /usr/libexec/qdistro/tier3s-runsc --runtime-flag=network=none --cgroup-manager=cgroupfs run --rm --name qdistro-tier3s-s122a --label qdistro_tier3s_token=11199851e00f960acb99917c670c58e0 --label qdistro_tier3s_unit=qdistro-tier3s-silo@s122a.service --security-opt label=disable --security-opt no-new-privileges --cap-drop=ALL --security-opt seccomp=/usr/lib/qdistro/tier3s/seccomp/headless-smoke.json --userns=keep-id --user 1000:1000 --read-only --tmpfs /tmp:rw,size=64m,mode=1777 --tmpfs /run/user/1000:rw,U,mode=0700 --tmpfs /home/admin/.cache:rw,U,mode=0700 --pids-limit=512 --network=none --env HOME=/home/admin --env XDG_RUNTIME_DIR=/run/user/1000 --env LANG=C.UTF-8 localhost/qdistro/tier3s-headless-smoke:latest qdistro-tier3s-smoke --hold 600.
Oct 03 16:45:06 baseweed-admin qdistro-tier3s-silo-launch[14320]: Running as unit: qdistro-tier3s-11199851e00f960acb99917c670c58e0.scope; invocation ID: 557588ea003940c9bb1c21cc44f59cac
Oct 03 16:45:06 baseweed-admin runuser[14322]: pam_unix(runuser:session): session opened for user admin(uid=1000) by (uid=0)
Oct 03 16:45:06 baseweed-admin qdistro-tier3s-silo-launch[14320]: qdistro-tier3s-scope: /system.slice/qdistro-tier3s-11199851e00f960acb99917c670c58e0.scope delegated to uid 1000 (dir, cgroup.procs, cgroup.subtree_control, cgroup.threads)
Oct 03 16:45:06 baseweed-admin runuser[14320]: pam_unix(runuser:session): session opened for user admin(uid=1000) by (uid=0)
Oct 03 16:45:06 baseweed-admin systemd[857]: Started podman-14329.scope.
Oct 03 16:45:06 baseweed-admin runuser[14322]: pam_unix(runuser:session): session closed for user admin
Oct 03 16:45:06 baseweed-admin podman[14347]: 2026-10-03 16:45:06.073214801 +0000 UTC m=+0.031175927 container create 4eb18bab251713202c1bb087c5fa8e58d21c40552cc36e8ed5446e50e1b1bf04 (image=localhost/qdistro/tier3s-headless-smoke:latest, name=qdistro-tier3s-s122a, org.opensuse.base.url=https://www.opensuse.org, org.opencontainers.image.created=2026-09-30T20:05:54.126624488Z, org.opensuse.base.lifecycle-url=https://en.opensuse.org/Lifetime, org.opencontainers.image.source=https://build.opensuse.org/package/show/openSUSE:Factory/opensuse-tumbleweed-image?rev=561f9d4c8e4e1a441f95ad4ec6b5a914, org.opencontainers.image.version=20260930.37.208, io.buildah.version=1.44.1, org.opensuse.base.version=20260930.37.208, org.opensuse.lifecycle-url=https://en.opensuse.org/Lifetime, org.opensuse.base.disturl=obs://build.opensuse.org/openSUSE:Factory/images/561f9d4c8e4e1a441f95ad4ec6b5a914-opensuse-tumbleweed-image:docker, qdistro_tier3s_unit=qdistro-tier3s-silo@s122a.service, org.openbuildservice.disturl=obs://build.opensuse.org/openSUSE:Factory/images/561f9d4c8e4e1a441f95ad4ec6b5a914-opensuse-tumbleweed-image:docker, org.opensuse.base.description=Image containing a minimal environment for containers based on openSUSE Tumbleweed., org.opencontainers.image.vendor=openSUSE Project, org.opensuse.base.created=2026-09-30T20:05:54.126624488Z, org.opensuse.base.reference=registry.opensuse.org/opensuse/tumbleweed:20260930.37.208, org.qdistro.snapshot=20260930, org.opencontainers.image.description=Image containing a minimal environment for containers based on openSUSE Tumbleweed., org.opencontainers.image.title=openSUSE Tumbleweed Base Container, qdistro_tier3s_token=11199851e00f960acb99917c670c58e0, org.opensuse.reference=registry.opensuse.org/opensuse/tumbleweed:20260930.37.208, org.opensuse.base.source=https://build.opensuse.org/package/show/openSUSE:Factory/opensuse-tumbleweed-image?rev=561f9d4c8e4e1a441f95ad4ec6b5a914, org.opensuse.base.title=openSUSE Tumbleweed Base Container, org.opensuse.base.vendor=openSUSE Project, org.qdistro.tier3s.workload=headless-smoke, org.opencontainers.image.url=https://www.opensuse.org)
Oct 03 16:45:06 baseweed-admin podman[14347]: 2026-10-03 16:45:06.133788247 +0000 UTC m=+0.091749383 container init 4eb18bab251713202c1bb087c5fa8e58d21c40552cc36e8ed5446e50e1b1bf04 (image=localhost/qdistro/tier3s-headless-smoke:latest, name=qdistro-tier3s-s122a, io.buildah.version=1.44.1, org.opensuse.base.title=openSUSE Tumbleweed Base Container, org.opensuse.lifecycle-url=https://en.opensuse.org/Lifetime, org.opensuse.base.url=https://www.opensuse.org, org.opencontainers.image.created=2026-09-30T20:05:54.126624488Z, org.opensuse.base.lifecycle-url=https://en.opensuse.org/Lifetime, org.opencontainers.image.source=https://build.opensuse.org/package/show/openSUSE:Factory/opensuse-tumbleweed-image?rev=561f9d4c8e4e1a441f95ad4ec6b5a914, org.opensuse.base.created=2026-09-30T20:05:54.126624488Z, org.opensuse.reference=registry.opensuse.org/opensuse/tumbleweed:20260930.37.208, org.opensuse.base.disturl=obs://build.opensuse.org/openSUSE:Factory/images/561f9d4c8e4e1a441f95ad4ec6b5a914-opensuse-tumbleweed-image:docker, org.qdistro.snapshot=20260930, org.opensuse.base.vendor=openSUSE Project, org.openbuildservice.disturl=obs://build.opensuse.org/openSUSE:Factory/images/561f9d4c8e4e1a441f95ad4ec6b5a914-opensuse-tumbleweed-image:docker, qdistro_tier3s_token=11199851e00f960acb99917c670c58e0, org.opensuse.base.version=20260930.37.208, org.opencontainers.image.description=Image containing a minimal environment for containers based on openSUSE Tumbleweed., org.opencontainers.image.title=openSUSE Tumbleweed Base Container, org.opensuse.base.source=https://build.opensuse.org/package/show/openSUSE:Factory/opensuse-tumbleweed-image?rev=561f9d4c8e4e1a441f95ad4ec6b5a914, org.opencontainers.image.url=https://www.opensuse.org, org.opensuse.base.reference=registry.opensuse.org/opensuse/tumbleweed:20260930.37.208, qdistro_tier3s_unit=qdistro-tier3s-silo@s122a.service, org.opensuse.base.description=Image containing a minimal environment for containers based on openSUSE Tumbleweed., org.qdistro.tier3s.workload=headless-smoke, org.opencontainers.image.vendor=openSUSE Project, org.opencontainers.image.version=20260930.37.208)
Oct 03 16:45:06 baseweed-admin podman[14347]: 2026-10-03 16:45:06.054446576 +0000 UTC m=+0.012407712 image pull 1eee52a21ad86f065d227988b4ff8e279fe838e4ed84ee77f2aed0d372deae92 localhost/qdistro/tier3s-headless-smoke:latest
Oct 03 16:45:06 baseweed-admin podman[14347]: 2026-10-03 16:45:06.155306767 +0000 UTC m=+0.113267893 container start 4eb18bab251713202c1bb087c5fa8e58d21c40552cc36e8ed5446e50e1b1bf04 (image=localhost/qdistro/tier3s-headless-smoke:latest, name=qdistro-tier3s-s122a, org.opensuse.base.vendor=openSUSE Project, org.opencontainers.image.description=Image containing a minimal environment for containers based on openSUSE Tumbleweed., org.opensuse.base.description=Image containing a minimal environment for containers based on openSUSE Tumbleweed., org.opensuse.base.lifecycle-url=https://en.opensuse.org/Lifetime, org.opencontainers.image.version=20260930.37.208, qdistro_tier3s_unit=qdistro-tier3s-silo@s122a.service, org.opencontainers.image.vendor=openSUSE Project, io.buildah.version=1.44.1, org.opensuse.reference=registry.opensuse.org/opensuse/tumbleweed:20260930.37.208, org.opensuse.base.source=https://build.opensuse.org/package/show/openSUSE:Factory/opensuse-tumbleweed-image?rev=561f9d4c8e4e1a441f95ad4ec6b5a914, org.opensuse.base.title=openSUSE Tumbleweed Base Container, org.opencontainers.image.url=https://www.opensuse.org, org.opensuse.base.version=20260930.37.208, org.openbuildservice.disturl=obs://build.opensuse.org/openSUSE:Factory/images/561f9d4c8e4e1a441f95ad4ec6b5a914-opensuse-tumbleweed-image:docker, org.opencontainers.image.source=https://build.opensuse.org/package/show/openSUSE:Factory/opensuse-tumbleweed-image?rev=561f9d4c8e4e1a441f95ad4ec6b5a914, qdistro_tier3s_token=11199851e00f960acb99917c670c58e0, org.opensuse.lifecycle-url=https://en.opensuse.org/Lifetime, org.opensuse.base.disturl=obs://build.opensuse.org/openSUSE:Factory/images/561f9d4c8e4e1a441f95ad4ec6b5a914-opensuse-tumbleweed-image:docker, org.opencontainers.image.title=openSUSE Tumbleweed Base Container, org.qdistro.tier3s.workload=headless-smoke, org.opencontainers.image.created=2026-09-30T20:05:54.126624488Z, org.opensuse.base.url=https://www.opensuse.org, org.opensuse.base.created=2026-09-30T20:05:54.126624488Z, org.opensuse.base.reference=registry.opensuse.org/opensuse/tumbleweed:20260930.37.208, org.qdistro.snapshot=20260930)
Oct 03 16:45:06 baseweed-admin podman[14347]: 2026-10-03 16:45:06.16512566 +0000 UTC m=+0.123086796 container attach 4eb18bab251713202c1bb087c5fa8e58d21c40552cc36e8ed5446e50e1b1bf04 (image=localhost/qdistro/tier3s-headless-smoke:latest, name=qdistro-tier3s-s122a, org.opensuse.base.reference=registry.opensuse.org/opensuse/tumbleweed:20260930.37.208, qdistro_tier3s_unit=qdistro-tier3s-silo@s122a.service, org.opencontainers.image.title=openSUSE Tumbleweed Base Container, org.qdistro.tier3s.workload=headless-smoke, qdistro_tier3s_token=11199851e00f960acb99917c670c58e0, io.buildah.version=1.44.1, org.opensuse.lifecycle-url=https://en.opensuse.org/Lifetime, org.opensuse.base.url=https://www.opensuse.org, org.opensuse.base.description=Image containing a minimal environment for containers based on openSUSE Tumbleweed., org.opensuse.base.version=20260930.37.208, org.opensuse.base.disturl=obs://build.opensuse.org/openSUSE:Factory/images/561f9d4c8e4e1a441f95ad4ec6b5a914-opensuse-tumbleweed-image:docker, org.opencontainers.image.source=https://build.opensuse.org/package/show/openSUSE:Factory/opensuse-tumbleweed-image?rev=561f9d4c8e4e1a441f95ad4ec6b5a914, org.opencontainers.image.vendor=openSUSE Project, org.opensuse.base.created=2026-09-30T20:05:54.126624488Z, org.opensuse.reference=registry.opensuse.org/opensuse/tumbleweed:20260930.37.208, org.opencontainers.image.url=https://www.opensuse.org, org.qdistro.snapshot=20260930, org.opensuse.base.vendor=openSUSE Project, org.openbuildservice.disturl=obs://build.opensuse.org/openSUSE:Factory/images/561f9d4c8e4e1a441f95ad4ec6b5a914-opensuse-tumbleweed-image:docker, org.opencontainers.image.description=Image containing a minimal environment for containers based on openSUSE Tumbleweed., org.opencontainers.image.created=2026-09-30T20:05:54.126624488Z, org.opensuse.base.lifecycle-url=https://en.opensuse.org/Lifetime, org.opencontainers.image.version=20260930.37.208, org.opensuse.base.source=https://build.opensuse.org/package/show/openSUSE:Factory/opensuse-tumbleweed-image?rev=561f9d4c8e4e1a441f95ad4ec6b5a914, org.opensuse.base.title=openSUSE Tumbleweed Base Container)
Oct 03 16:45:06 baseweed-admin qdistro-tier3s-s122a[14361]: SMOKE snapshot=20260930
Oct 03 16:45:06 baseweed-admin qdistro-tier3s-silo-launch[14347]: SMOKE snapshot=20260930
Oct 03 16:45:06 baseweed-admin qdistro-tier3s-s122a[14361]: SMOKE kernel=Linux version 4.19.0-gvisor #1 SMP Sun Jan 10 15:06:54 PST 2016
Oct 03 16:45:06 baseweed-admin qdistro-tier3s-silo-launch[14347]: SMOKE kernel=Linux version 4.19.0-gvisor #1 SMP Sun Jan 10 15:06:54 PST 2016
Oct 03 16:45:06 baseweed-admin qdistro-tier3s-s122a[14361]: SMOKE dmesg=[    0.000000] Starting gVisor...
Oct 03 16:45:06 baseweed-admin qdistro-tier3s-silo-launch[14347]: SMOKE dmesg=[    0.000000] Starting gVisor...
Oct 03 16:45:06 baseweed-admin qdistro-tier3s-s122a[14361]: SMOKE id=uid=1000(admin) gid=1000(admin) groups=1000(admin)
Oct 03 16:45:06 baseweed-admin qdistro-tier3s-silo-launch[14347]: SMOKE id=uid=1000(admin) gid=1000(admin) groups=1000(admin)
Oct 03 16:45:06 baseweed-admin qdistro-tier3s-s122a[14361]: SMOKE passwd=admin:x:1000:1000:qdistro admin:/home/admin:/bin/bash
Oct 03 16:45:06 baseweed-admin qdistro-tier3s-s122a[14361]: SMOKE home=/home/admin
Oct 03 16:45:06 baseweed-admin qdistro-tier3s-silo-launch[14347]: SMOKE passwd=admin:x:1000:1000:qdistro admin:/home/admin:/bin/bash
Oct 03 16:45:06 baseweed-admin qdistro-tier3s-silo-launch[14347]: SMOKE home=/home/admin
Oct 03 16:45:06 baseweed-admin runuser[14434]: pam_unix(runuser:session): session opened for user admin(uid=1000) by (uid=0)
Oct 03 16:45:06 baseweed-admin systemd[857]: Started podman-14435.scope.
Oct 03 16:45:06 baseweed-admin runuser[14434]: pam_unix(runuser:session): session closed for user admin
Oct 03 16:45:06 baseweed-admin qdistro-tier3s-s122a[14361]: SMOKE lang=C.UTF-8 charmap=UTF-8 utf8_locales=2
Oct 03 16:45:06 baseweed-admin qdistro-tier3s-silo-launch[14347]: SMOKE lang=C.UTF-8 charmap=UTF-8 utf8_locales=2
Oct 03 16:45:06 baseweed-admin qdistro-tier3s-silo-launch[13969]: spawn-tier3s: running: qdistro-tier3s-s122a sentry=14376 conmon=14361 in /system.slice/qdistro-tier3s-11199851e00f960acb99917c670c58e0.scope
Oct 03 16:45:06 baseweed-admin systemd[1]: Started qdistro tier-3s (gVisor) silo s122a (Experimental, dev profile only).
Oct 03 16:45:06 baseweed-admin qdistro-tier3s-s122a[14361]: SMOKE mount /run/user/1000=1000:1000 700
Oct 03 16:45:06 baseweed-admin qdistro-tier3s-silo-launch[14347]: SMOKE mount /run/user/1000=1000:1000 700
Oct 03 16:45:06 baseweed-admin qdistro_session_manager.py[13797]: 2026-10-03 16:45:06,398 INFO qdistro_session_manager: disposable lease sweeps (TTL + proctree-empty) every 60s
Oct 03 16:45:06 baseweed-admin runuser[14463]: pam_unix(runuser:session): session opened for user admin(uid=1000) by (uid=0)
Oct 03 16:45:06 baseweed-admin qdistro-tier3s-s122a[14361]: SMOKE mount /home/admin/.cache=1000:1000 700
Oct 03 16:45:06 baseweed-admin qdistro-tier3s-silo-launch[14347]: SMOKE mount /home/admin/.cache=1000:1000 700
Oct 03 16:45:06 baseweed-admin systemd[857]: Started podman-14465.scope.
Oct 03 16:45:06 baseweed-admin runuser[14463]: pam_unix(runuser:session): session closed for user admin
Oct 03 16:45:06 baseweed-admin runuser[14475]: pam_unix(runuser:session): session opened for user admin(uid=1000) by (uid=0)
Oct 03 16:45:06 baseweed-admin qemu-ga[680]: info: guest-exec-status called, pid: 3529
Oct 03 16:45:06 baseweed-admin qdistro-tier3s-s122a[14361]: SMOKE mount /tmp=0:0 1777
Oct 03 16:45:06 baseweed-admin qdistro-tier3s-silo-launch[14347]: SMOKE mount /tmp=0:0 1777
Oct 03 16:45:06 baseweed-admin systemd[857]: Started podman-14476.scope.
Oct 03 16:45:06 baseweed-admin runuser[14499]: pam_unix(runuser:session): session opened for user admin(uid=1000) by (uid=0)
Oct 03 16:45:06 baseweed-admin runuser[14475]: pam_unix(runuser:session): session closed for user admin
Oct 03 16:45:06 baseweed-admin runuser[14509]: pam_unix(runuser:session): session opened for user admin(uid=1000) by (uid=0)
Oct 03 16:45:06 baseweed-admin systemd[857]: Started podman-14500.scope.
Oct 03 16:45:06 baseweed-admin runuser[14499]: pam_unix(runuser:session): session closed for user admin
Oct 03 16:45:06 baseweed-admin runuser[14525]: pam_unix(runuser:session): session opened for user admin(uid=1000) by (uid=0)
Oct 03 16:45:06 baseweed-admin systemd[857]: Started podman-14513.scope.
Oct 03 16:45:06 baseweed-admin runuser[14509]: pam_unix(runuser:session): session closed for user admin
Oct 03 16:45:06 baseweed-admin systemd[857]: Started podman-14526.scope.
Oct 03 16:45:06 baseweed-admin runuser[14525]: pam_unix(runuser:session): session closed for user admin
Oct 03 16:45:06 baseweed-admin qdistro-tier3s-s122a[14361]: SMOKE caps=inh:0000000000000000,prm:0000000000000000,eff:0000000000000000,bnd:0000000000000000,amb:0000000000000000
Oct 03 16:45:06 baseweed-admin qdistro-tier3s-silo-launch[14347]: SMOKE caps=inh:0000000000000000,prm:0000000000000000,eff:0000000000000000,bnd:0000000000000000,amb:0000000000000000
Oct 03 16:45:06 baseweed-admin runuser[14558]: pam_unix(runuser:session): session opened for user admin(uid=1000) by (uid=0)
Oct 03 16:45:06 baseweed-admin qdistro-tier3s-s122a[14361]: SMOKE nnp=1 seccomp=2
Oct 03 16:45:06 baseweed-admin qdistro-tier3s-silo-launch[14347]: SMOKE nnp=1 seccomp=2
Oct 03 16:45:06 baseweed-admin qdistro-tier3s-s122a[14361]: SMOKE rootfs=ro
Oct 03 16:45:06 baseweed-admin qdistro-tier3s-silo-launch[14347]: SMOKE rootfs=ro
Oct 03 16:45:06 baseweed-admin systemd[1]: Stopping qdistro tier-3s (gVisor) silo s122a (Experimental, dev profile only)...
Oct 03 16:45:06 baseweed-admin qdistro-tier3s-s122a[14361]: SMOKE mountopts /run/user/1000=tmpfs:rw,nosuid,mode=0700,uid=1000,gid=1000
Oct 03 16:45:06 baseweed-admin qdistro-tier3s-silo-launch[14347]: SMOKE mountopts /run/user/1000=tmpfs:rw,nosuid,mode=0700,uid=1000,gid=1000
Oct 03 16:45:06 baseweed-admin qdistro-tier3s-s122a[14361]: SMOKE mountopts /home/admin/.cache=tmpfs:rw,nosuid,mode=0700,uid=1000,gid=1000
Oct 03 16:45:06 baseweed-admin qdistro-tier3s-silo-launch[14347]: SMOKE mountopts /home/admin/.cache=tmpfs:rw,nosuid,mode=0700,uid=1000,gid=1000
Oct 03 16:45:06 baseweed-admin qdistro-tier3s-s122a[14361]: SMOKE rootfs_write rc=1 err=touch: cannot touch '/home/admin/.smoke-rw': Read-only file system
Oct 03 16:45:06 baseweed-admin qdistro-tier3s-silo-launch[14347]: SMOKE rootfs_write rc=1 err=touch: cannot touch '/home/admin/.smoke-rw': Read-only file system
Oct 03 16:45:06 baseweed-admin systemd[1]: Started [systemd-run] /usr/sbin/runuser -u admin -- env -i PATH=/usr/bin:/bin HOME=/home/admin USER=admin LOGNAME=admin XDG_RUNTIME_DIR=/run/user/1000 sh -c "podman container exists \"\$1\"; printf \"PMRC=%d\\n\" \"\$?\"" sh qdistro-tier3s-s122a.
Oct 03 16:45:06 baseweed-admin runuser[14606]: pam_unix(runuser:session): session opened for user admin(uid=1000) by (uid=0)
Oct 03 16:45:06 baseweed-admin qdistro-tier3s-s122a[14361]: SMOKE chmod rc=0 mode=600
Oct 03 16:45:06 baseweed-admin qdistro-tier3s-silo-launch[14347]: SMOKE chmod rc=0 mode=600
Oct 03 16:45:06 baseweed-admin qdistro-tier3s-s122a[14361]: SMOKE chmod_nofollow rc=1 mode=600
Oct 03 16:45:06 baseweed-admin qdistro-tier3s-silo-launch[14347]: SMOKE chmod_nofollow rc=1 mode=600
Oct 03 16:45:06 baseweed-admin systemd[857]: Started podman-14608.scope.
Oct 03 16:45:06 baseweed-admin runuser[14606]: pam_unix(runuser:session): session closed for user admin
Oct 03 16:45:06 baseweed-admin systemd[1]: qdistro-t3s-call-14562-1-3409137895.scope: Deactivated successfully.
Oct 03 16:45:06 baseweed-admin systemd[1]: Started [systemd-run] /usr/sbin/runuser -u admin -- env -i PATH=/usr/bin:/bin HOME=/home/admin USER=admin LOGNAME=admin XDG_RUNTIME_DIR=/run/user/1000 podman container inspect --format "{{.Id}} {{index .Config.Labels \"qdistro_tier3s_token\"}}" qdistro-tier3s-s122a.
Oct 03 16:45:06 baseweed-admin runuser[14625]: pam_unix(runuser:session): session opened for user admin(uid=1000) by (uid=0)
Oct 03 16:45:06 baseweed-admin qdistro-tier3s-s122a[14361]: SMOKE ls_l rc=0 stderr_bytes=0
Oct 03 16:45:06 baseweed-admin qdistro-tier3s-silo-launch[14347]: SMOKE ls_l rc=0 stderr_bytes=0
Oct 03 16:45:06 baseweed-admin systemd[857]: Started podman-14626.scope.
Oct 03 16:45:06 baseweed-admin runuser[14625]: pam_unix(runuser:session): session closed for user admin
Oct 03 16:45:06 baseweed-admin systemd[1]: qdistro-t3s-call-14562-2-2793540666.scope: Deactivated successfully.
Oct 03 16:45:06 baseweed-admin qdistro-tier3s-s122a[14361]: SMOKE routes=2 links=lo,
Oct 03 16:45:06 baseweed-admin qdistro-tier3s-silo-launch[14347]: SMOKE routes=2 links=lo,
Oct 03 16:45:06 baseweed-admin qdistro-tier3s-s122a[14361]: SMOKE route_table=::1 dev lo proto unspec scope link ;127.0.0.0/8 dev lo proto unspec scope link ;
Oct 03 16:45:06 baseweed-admin qdistro-tier3s-s122a[14361]: SMOKE done
Oct 03 16:45:06 baseweed-admin qdistro-tier3s-silo-launch[14347]: SMOKE route_table=::1 dev lo proto unspec scope link ;127.0.0.0/8 dev lo proto unspec scope link ;
Oct 03 16:45:06 baseweed-admin qdistro-tier3s-silo-launch[14347]: SMOKE done
Oct 03 16:45:06 baseweed-admin qdistro-tier3s-s122a[14361]: SMOKE holding 600s
Oct 03 16:45:06 baseweed-admin qdistro-tier3s-silo-launch[14347]: SMOKE holding 600s
Oct 03 16:45:07 baseweed-admin systemd[1]: Started [systemd-run] /usr/sbin/runuser -u admin -- env -i PATH=/usr/bin:/bin HOME=/home/admin USER=admin LOGNAME=admin XDG_RUNTIME_DIR=/run/user/1000 podman stop -t 10 4eb18bab251713202c1bb087c5fa8e58d21c40552cc36e8ed5446e50e1b1bf04.
Oct 03 16:45:07 baseweed-admin runuser[14653]: pam_unix(runuser:session): session opened for user admin(uid=1000) by (uid=0)
Oct 03 16:45:07 baseweed-admin systemd[857]: Started podman-14654.scope.
Oct 03 16:45:07 baseweed-admin qdistro-tier3s-s122a[14361]: SMOKE term
Oct 03 16:45:07 baseweed-admin qdistro-tier3s-silo-launch[14347]: SMOKE term
Oct 03 16:45:07 baseweed-admin podman[14347]: 2026-10-03 16:45:07.223306542 +0000 UTC m=+1.181267688 container died 4eb18bab251713202c1bb087c5fa8e58d21c40552cc36e8ed5446e50e1b1bf04 (image=localhost/qdistro/tier3s-headless-smoke:latest, name=qdistro-tier3s-s122a, org.opensuse.reference=registry.opensuse.org/opensuse/tumbleweed:20260930.37.208, org.opensuse.base.title=openSUSE Tumbleweed Base Container, org.opencontainers.image.description=Image containing a minimal environment for containers based on openSUSE Tumbleweed., org.opensuse.base.description=Image containing a minimal environment for containers based on openSUSE Tumbleweed., org.qdistro.tier3s.workload=headless-smoke, qdistro_tier3s_token=11199851e00f960acb99917c670c58e0, org.opensuse.base.reference=registry.opensuse.org/opensuse/tumbleweed:20260930.37.208, org.opensuse.base.vendor=openSUSE Project, org.opencontainers.image.title=openSUSE Tumbleweed Base Container, org.opencontainers.image.source=https://build.opensuse.org/package/show/openSUSE:Factory/opensuse-tumbleweed-image?rev=561f9d4c8e4e1a441f95ad4ec6b5a914, org.opencontainers.image.version=20260930.37.208, org.opencontainers.image.url=https://www.opensuse.org, org.opensuse.lifecycle-url=https://en.opensuse.org/Lifetime, org.opensuse.base.disturl=obs://build.opensuse.org/openSUSE:Factory/images/561f9d4c8e4e1a441f95ad4ec6b5a914-opensuse-tumbleweed-image:docker, org.opencontainers.image.vendor=openSUSE Project, org.opensuse.base.created=2026-09-30T20:05:54.126624488Z, org.opensuse.base.source=https://build.opensuse.org/package/show/openSUSE:Factory/opensuse-tumbleweed-image?rev=561f9d4c8e4e1a441f95ad4ec6b5a914, org.opensuse.base.version=20260930.37.208, org.opensuse.base.url=https://www.opensuse.org, qdistro_tier3s_unit=qdistro-tier3s-silo@s122a.service, org.qdistro.snapshot=20260930, org.openbuildservice.disturl=obs://build.opensuse.org/openSUSE:Factory/images/561f9d4c8e4e1a441f95ad4ec6b5a914-opensuse-tumbleweed-image:docker, org.opencontainers.image.created=2026-09-30T20:05:54.126624488Z, org.opensuse.base.lifecycle-url=https://en.opensuse.org/Lifetime, io.buildah.version=1.44.1)
Oct 03 16:45:07 baseweed-admin podman[14654]: 2026-10-03 16:45:07.305161151 +0000 UTC m=+0.136130658 container remove 4eb18bab251713202c1bb087c5fa8e58d21c40552cc36e8ed5446e50e1b1bf04 (image=localhost/qdistro/tier3s-headless-smoke:latest, name=qdistro-tier3s-s122a, org.opensuse.base.disturl=obs://build.opensuse.org/openSUSE:Factory/images/561f9d4c8e4e1a441f95ad4ec6b5a914-opensuse-tumbleweed-image:docker, org.opensuse.base.version=20260930.37.208, org.opensuse.base.source=https://build.opensuse.org/package/show/openSUSE:Factory/opensuse-tumbleweed-image?rev=561f9d4c8e4e1a441f95ad4ec6b5a914, org.qdistro.tier3s.workload=headless-smoke, org.opencontainers.image.source=https://build.opensuse.org/package/show/openSUSE:Factory/opensuse-tumbleweed-image?rev=561f9d4c8e4e1a441f95ad4ec6b5a914, org.opencontainers.image.vendor=openSUSE Project, org.opencontainers.image.version=20260930.37.208, org.opensuse.base.url=https://www.opensuse.org, org.opencontainers.image.title=openSUSE Tumbleweed Base Container, org.opensuse.base.reference=registry.opensuse.org/opensuse/tumbleweed:20260930.37.208, org.qdistro.snapshot=20260930, org.opensuse.lifecycle-url=https://en.opensuse.org/Lifetime, qdistro_tier3s_token=11199851e00f960acb99917c670c58e0, qdistro_tier3s_unit=qdistro-tier3s-silo@s122a.service, org.opencontainers.image.url=https://www.opensuse.org, org.opencontainers.image.description=Image containing a minimal environment for containers based on openSUSE Tumbleweed., io.buildah.version=1.44.1, org.opencontainers.image.created=2026-09-30T20:05:54.126624488Z, org.opensuse.base.lifecycle-url=https://en.opensuse.org/Lifetime, org.openbuildservice.disturl=obs://build.opensuse.org/openSUSE:Factory/images/561f9d4c8e4e1a441f95ad4ec6b5a914-opensuse-tumbleweed-image:docker, org.opensuse.base.created=2026-09-30T20:05:54.126624488Z, org.opensuse.base.vendor=openSUSE Project, org.opensuse.base.description=Image containing a minimal environment for containers based on openSUSE Tumbleweed., org.opensuse.base.title=openSUSE Tumbleweed Base Container, org.opensuse.reference=registry.opensuse.org/opensuse/tumbleweed:20260930.37.208)
Oct 03 16:45:07 baseweed-admin runuser[14653]: pam_unix(runuser:session): session closed for user admin
Oct 03 16:45:07 baseweed-admin systemd[1]: qdistro-t3s-call-14562-3-2680953966.scope: Deactivated successfully.
Oct 03 16:45:07 baseweed-admin runuser[14320]: pam_unix(runuser:session): session closed for user admin
Oct 03 16:45:07 baseweed-admin systemd[1]: qdistro-tier3s-11199851e00f960acb99917c670c58e0.scope: Deactivated successfully.
Oct 03 16:45:07 baseweed-admin systemd[1]: Stopped [systemd-run] /usr/libexec/qdistro/qdistro-tier3s-scope enter 11199851e00f960acb99917c670c58e0 1000 -- podman --runtime /usr/libexec/qdistro/tier3s-runsc --runtime-flag=network=none --cgroup-manager=cgroupfs run --rm --name qdistro-tier3s-s122a --label qdistro_tier3s_token=11199851e00f960acb99917c670c58e0 --label qdistro_tier3s_unit=qdistro-tier3s-silo@s122a.service --security-opt label=disable --security-opt no-new-privileges --cap-drop=ALL --security-opt seccomp=/usr/lib/qdistro/tier3s/seccomp/headless-smoke.json --userns=keep-id --user 1000:1000 --read-only --tmpfs /tmp:rw,size=64m,mode=1777 --tmpfs /run/user/1000:rw,U,mode=0700 --tmpfs /home/admin/.cache:rw,U,mode=0700 --pids-limit=512 --network=none --env HOME=/home/admin --env XDG_RUNTIME_DIR=/run/user/1000 --env LANG=C.UTF-8 localhost/qdistro/tier3s-headless-smoke:latest qdistro-tier3s-smoke --hold 600.
Oct 03 16:45:07 baseweed-admin systemd[1]: qdistro-tier3s-11199851e00f960acb99917c670c58e0.scope: Consumed 1.328s CPU time over 1.326s wall clock time.
Oct 03 16:45:07 baseweed-admin dbus-run-session[1032]:   WARN: Process failed to start, likely because the binary could not be found. Command: QList("bluetoothctl", "show")
Oct 03 16:45:07 baseweed-admin qemu-ga[680]: info: guest-exec-status called, pid: 3529
Oct 03 16:45:07 baseweed-admin systemd[1]: Started [systemd-run] /usr/sbin/runuser -u admin -- env -i PATH=/usr/bin:/bin HOME=/home/admin USER=admin LOGNAME=admin XDG_RUNTIME_DIR=/run/user/1000 podman rm -f --ignore 4eb18bab251713202c1bb087c5fa8e58d21c40552cc36e8ed5446e50e1b1bf04.
Oct 03 16:45:07 baseweed-admin runuser[14699]: pam_unix(runuser:session): session opened for user admin(uid=1000) by (uid=0)
Oct 03 16:45:07 baseweed-admin systemd[857]: Started podman-14702.scope.
Oct 03 16:45:07 baseweed-admin runuser[14699]: pam_unix(runuser:session): session closed for user admin
Oct 03 16:45:07 baseweed-admin systemd[1]: qdistro-t3s-call-14562-4-2736996272.scope: Deactivated successfully.
Oct 03 16:45:07 baseweed-admin systemd[1]: Started [systemd-run] /usr/sbin/runuser -u admin -- env -i PATH=/usr/bin:/bin HOME=/home/admin USER=admin LOGNAME=admin XDG_RUNTIME_DIR=/run/user/1000 sh -c "podman container exists \"\$1\"; printf \"PMRC=%d\\n\" \"\$?\"" sh 4eb18bab251713202c1bb087c5fa8e58d21c40552cc36e8ed5446e50e1b1bf04.
Oct 03 16:45:07 baseweed-admin runuser[14718]: pam_unix(runuser:session): session opened for user admin(uid=1000) by (uid=0)
Oct 03 16:45:07 baseweed-admin systemd[857]: Started podman-14720.scope.
Oct 03 16:45:07 baseweed-admin runuser[14718]: pam_unix(runuser:session): session closed for user admin
Oct 03 16:45:07 baseweed-admin systemd[1]: qdistro-t3s-call-14562-5-4215866086.scope: Deactivated successfully.
Oct 03 16:45:07 baseweed-admin qdistro-tier3s-cleanup[14562]: qdistro-tier3s-cleanup: 11199851e00f960acb99917c670c58e0: torn down (qdistro-tier3s-s122a)
Oct 03 16:45:07 baseweed-admin qdistro-tier3s-silo-launch[13969]: spawn-tier3s: signal: tearing down 11199851e00f960acb99917c670c58e0
Oct 03 16:45:07 baseweed-admin systemd[1]: qdistro-tier3s-silo@s122a.service: Deactivated successfully.
Oct 03 16:45:07 baseweed-admin systemd[1]: Stopped qdistro tier-3s (gVisor) silo s122a (Experimental, dev profile only).
Oct 03 16:45:07 baseweed-admin systemd[1]: qdistro-tier3s-silo@s122a.service: Consumed 1.210s CPU time over 2.899s wall clock time.
Oct 03 16:45:07 baseweed-admin runuser[14773]: pam_unix(runuser:session): session opened for user admin(uid=1000) by (uid=0)
Oct 03 16:45:07 baseweed-admin systemd[857]: Started podman-14775.scope.
Oct 03 16:45:07 baseweed-admin runuser[14773]: pam_unix(runuser:session): session closed for user admin
Oct 03 16:45:07 baseweed-admin qdistro_session_manager.py[13797]: 2026-10-03 16:45:07,723 INFO qdistro_session_manager: StopSilo name=s122a grace_s=10
Oct 03 16:45:07 baseweed-admin runuser[14558]: pam_unix(runuser:session): session closed for user admin
Oct 03 16:45:07 baseweed-admin runuser[14787]: pam_unix(runuser:session): session opened for user admin(uid=1000) by (uid=0)
Oct 03 16:45:07 baseweed-admin runuser[14787]: pam_unix(runuser:session): session closed for user admin
Oct 03 16:45:07 baseweed-admin runuser[14807]: pam_unix(runuser:session): session opened for user admin(uid=1000) by (uid=0)
Oct 03 16:45:07 baseweed-admin systemd[857]: Started podman-14808.scope.
Oct 03 16:45:07 baseweed-admin runuser[14807]: pam_unix(runuser:session): session closed for user admin
Oct 03 16:45:07 baseweed-admin systemd[1]: Stopping qdistro session manager (user-silo lifecycle)...
Oct 03 16:45:07 baseweed-admin systemd[1]: qdistro-session-manager.service: Deactivated successfully.
Oct 03 16:45:07 baseweed-admin systemd[1]: Stopped qdistro session manager (user-silo lifecycle).
Oct 03 16:45:08 baseweed-admin systemd[1]: Starting qdistro tier-3s (gVisor) silo s122a (Experimental, dev profile only)...
Oct 03 16:45:08 baseweed-admin dbus-run-session[1032]:   WARN qml: [20261003-164508]        Network Connectivity check error: Error: Not authorized to recheck connectivity.
Oct 03 16:45:08 baseweed-admin systemd[857]: qdistro-polkit-agent.service: Scheduled restart job, restart counter is at 45.
Oct 03 16:45:08 baseweed-admin systemd[857]: Started qdistro polkit authentication agent (PAM / fprintd / broker).
Oct 03 16:45:08 baseweed-admin qdistro-polkit-agent[15318]: registration failed: org.freedesktop.PolicyKit1.Error.Failed: Cannot determine session the caller is in
Oct 03 16:45:08 baseweed-admin python3[15318]: qdistro-polkit-agent: registration failed: org.freedesktop.PolicyKit1.Error.Failed: Cannot determine session the caller is in
Oct 03 16:45:08 baseweed-admin systemd[857]: qdistro-polkit-agent.service: Main process exited, code=exited, status=1/FAILURE
Oct 03 16:45:08 baseweed-admin systemd[857]: qdistro-polkit-agent.service: Failed with result 'exit-code'.
Oct 03 16:45:08 baseweed-admin qemu-ga[680]: info: guest-exec-status called, pid: 3529
Oct 03 16:45:08 baseweed-admin runuser[15379]: pam_unix(runuser:session): session opened for user admin(uid=1000) by (uid=0)
Oct 03 16:45:08 baseweed-admin runuser[15379]: pam_unix(runuser:session): session closed for user admin
Oct 03 16:45:08 baseweed-admin runuser[15389]: pam_unix(runuser:session): session opened for user admin(uid=1000) by (uid=0)
Oct 03 16:45:08 baseweed-admin systemd[857]: Started podman-15390.scope.
Oct 03 16:45:08 baseweed-admin runuser[15389]: pam_unix(runuser:session): session closed for user admin
Oct 03 16:45:08 baseweed-admin runuser[15401]: pam_unix(runuser:session): session opened for user admin(uid=1000) by (uid=0)
Oct 03 16:45:08 baseweed-admin systemd[857]: Started podman-15402.scope.
Oct 03 16:45:08 baseweed-admin podman[15402]: 2026-10-03 16:45:08.742339783 +0000 UTC m=+0.067419466 container create 2f1eb06c819c9e7b3116951af6bea4b394cac9cc473128771ae3573e922e6790 (image=localhost/tier3s-probe:empty, name=tier3s-probe-15241)
Oct 03 16:45:08 baseweed-admin podman[15402]: 2026-10-03 16:45:08.706493556 +0000 UTC m=+0.031573249 image pull 59aaf4e6b9ae5a43b860306a452f30a0cca587014149d418f4f0a32c881c6994 localhost/tier3s-probe:empty
Oct 03 16:45:08 baseweed-admin runuser[15401]: pam_unix(runuser:session): session closed for user admin
Oct 03 16:45:08 baseweed-admin runuser[15413]: pam_unix(runuser:session): session opened for user admin(uid=1000) by (uid=0)
Oct 03 16:45:08 baseweed-admin systemd[857]: Started podman-15414.scope.
Oct 03 16:45:08 baseweed-admin runuser[15413]: pam_unix(runuser:session): session closed for user admin
Oct 03 16:45:08 baseweed-admin runuser[15424]: pam_unix(runuser:session): session opened for user admin(uid=1000) by (uid=0)
Oct 03 16:45:08 baseweed-admin systemd[857]: Started podman-15425.scope.
Oct 03 16:45:08 baseweed-admin runuser[15424]: pam_unix(runuser:session): session closed for user admin
Oct 03 16:45:08 baseweed-admin runuser[15434]: pam_unix(runuser:session): session opened for user admin(uid=1000) by (uid=0)
Oct 03 16:45:08 baseweed-admin systemd[857]: Started podman-15435.scope.
Oct 03 16:45:08 baseweed-admin podman[15435]: 2026-10-03 16:45:08.884580413 +0000 UTC m=+0.054641362 container remove 2f1eb06c819c9e7b3116951af6bea4b394cac9cc473128771ae3573e922e6790 (image=localhost/tier3s-probe:empty, name=tier3s-probe-15241)
Oct 03 16:45:08 baseweed-admin runuser[15434]: pam_unix(runuser:session): session closed for user admin
Oct 03 16:45:08 baseweed-admin runuser[15446]: pam_unix(runuser:session): session opened for user admin(uid=1000) by (uid=0)
Oct 03 16:45:08 baseweed-admin qdistro-tier3s-silo-launch[15447]: [resolve-binding] silo 's122a' is untemplated (no binding)
Oct 03 16:45:08 baseweed-admin runuser[15446]: pam_unix(runuser:session): session closed for user admin
Oct 03 16:45:08 baseweed-admin qdistro-tier3s-silo-launch[15211]: spawn-tier3s: silo s122a runs UNTEMPLATED (no binding); image localhost/qdistro/tier3s-headless-smoke:latest
Oct 03 16:45:08 baseweed-admin runuser[15449]: pam_unix(runuser:session): session opened for user admin(uid=1000) by (uid=0)
Oct 03 16:45:08 baseweed-admin runuser[15449]: pam_unix(runuser:session): session closed for user admin
Oct 03 16:45:08 baseweed-admin systemd[1]: Started [systemd-run] /usr/sbin/runuser -u admin -- env -i PATH=/usr/bin:/bin HOME=/home/admin USER=admin LOGNAME=admin XDG_RUNTIME_DIR=/run/user/1000 podman ps -a --filter label=qdistro_tier3s_token --format json.
Oct 03 16:45:08 baseweed-admin runuser[15471]: pam_unix(runuser:session): session opened for user admin(uid=1000) by (uid=0)
Oct 03 16:45:09 baseweed-admin systemd[857]: Started podman-15472.scope.
Oct 03 16:45:09 baseweed-admin runuser[15471]: pam_unix(runuser:session): session closed for user admin
Oct 03 16:45:09 baseweed-admin systemd[1]: qdistro-t3s-call-15456-1-2296190710.scope: Deactivated successfully.
Oct 03 16:45:09 baseweed-admin runuser[15503]: pam_unix(runuser:session): session opened for user admin(uid=1000) by (uid=0)
Oct 03 16:45:09 baseweed-admin systemd[857]: Started podman-15504.scope.
Oct 03 16:45:09 baseweed-admin runuser[15503]: pam_unix(runuser:session): session closed for user admin
Oct 03 16:45:09 baseweed-admin qdistro-tier3s-silo-launch[15211]: LAUNCH_TOKEN=5c811f5355c1bfd2b4ec9aadc57205b7
Oct 03 16:45:09 baseweed-admin qdistro-tier3s-silo-launch[15211]: CONTAINER=qdistro-tier3s-s122a
Oct 03 16:45:09 baseweed-admin qdistro-tier3s-silo-launch[15211]: IMAGE=localhost/qdistro/tier3s-headless-smoke:latest
Oct 03 16:45:09 baseweed-admin qdistro-tier3s-silo-launch[15211]: SCOPE_UNIT=qdistro-tier3s-5c811f5355c1bfd2b4ec9aadc57205b7.scope
Oct 03 16:45:09 baseweed-admin systemd[1]: Started [systemd-run] /usr/libexec/qdistro/qdistro-tier3s-scope enter 5c811f5355c1bfd2b4ec9aadc57205b7 1000 -- podman --runtime /usr/libexec/qdistro/tier3s-runsc --runtime-flag=network=none --cgroup-manager=cgroupfs run --rm --name qdistro-tier3s-s122a --label qdistro_tier3s_token=5c811f5355c1bfd2b4ec9aadc57205b7 --label qdistro_tier3s_unit=qdistro-tier3s-silo@s122a.service --security-opt label=disable --security-opt no-new-privileges --cap-drop=ALL --security-opt seccomp=/usr/lib/qdistro/tier3s/seccomp/headless-smoke.json --userns=keep-id --user 1000:1000 --read-only --tmpfs /tmp:rw,size=64m,mode=1777 --tmpfs /run/user/1000:rw,U,mode=0700 --tmpfs /home/admin/.cache:rw,U,mode=0700 --pids-limit=512 --network=none --env HOME=/home/admin --env XDG_RUNTIME_DIR=/run/user/1000 --env LANG=C.UTF-8 localhost/qdistro/tier3s-headless-smoke:latest qdistro-tier3s-smoke --hold 600.
Oct 03 16:45:09 baseweed-admin qdistro-tier3s-silo-launch[15513]: Running as unit: qdistro-tier3s-5c811f5355c1bfd2b4ec9aadc57205b7.scope; invocation ID: 3ec97239e07f46168a3bba3c6b145b16
Oct 03 16:45:09 baseweed-admin runuser[15515]: pam_unix(runuser:session): session opened for user admin(uid=1000) by (uid=0)
Oct 03 16:45:09 baseweed-admin qdistro-tier3s-silo-launch[15513]: qdistro-tier3s-scope: /system.slice/qdistro-tier3s-5c811f5355c1bfd2b4ec9aadc57205b7.scope delegated to uid 1000 (dir, cgroup.procs, cgroup.subtree_control, cgroup.threads)
Oct 03 16:45:09 baseweed-admin runuser[15513]: pam_unix(runuser:session): session opened for user admin(uid=1000) by (uid=0)
Oct 03 16:45:09 baseweed-admin systemd[857]: Started podman-15519.scope.
Oct 03 16:45:09 baseweed-admin runuser[15515]: pam_unix(runuser:session): session closed for user admin
Oct 03 16:45:09 baseweed-admin podman[15540]: 2026-10-03 16:45:09.178868626 +0000 UTC m=+0.033131889 container create c9ba533aeabcf84830929f85f48b917b89f7104beb9275fd5c22bcd663893a11 (image=localhost/qdistro/tier3s-headless-smoke:latest, name=qdistro-tier3s-s122a, qdistro_tier3s_unit=qdistro-tier3s-silo@s122a.service, org.opencontainers.image.version=20260930.37.208, org.opencontainers.image.url=https://www.opensuse.org, io.buildah.version=1.44.1, org.opensuse.lifecycle-url=https://en.opensuse.org/Lifetime, org.opensuse.base.title=openSUSE Tumbleweed Base Container, org.qdistro.snapshot=20260930, org.opensuse.reference=registry.opensuse.org/opensuse/tumbleweed:20260930.37.208, org.opensuse.base.source=https://build.opensuse.org/package/show/openSUSE:Factory/opensuse-tumbleweed-image?rev=561f9d4c8e4e1a441f95ad4ec6b5a914, org.opensuse.base.url=https://www.opensuse.org, qdistro_tier3s_token=5c811f5355c1bfd2b4ec9aadc57205b7, org.opensuse.base.lifecycle-url=https://en.opensuse.org/Lifetime, org.opencontainers.image.vendor=openSUSE Project, org.opencontainers.image.created=2026-09-30T20:05:54.126624488Z, org.opensuse.base.version=20260930.37.208, org.opencontainers.image.source=https://build.opensuse.org/package/show/openSUSE:Factory/opensuse-tumbleweed-image?rev=561f9d4c8e4e1a441f95ad4ec6b5a914, org.openbuildservice.disturl=obs://build.opensuse.org/openSUSE:Factory/images/561f9d4c8e4e1a441f95ad4ec6b5a914-opensuse-tumbleweed-image:docker, org.opencontainers.image.description=Image containing a minimal environment for containers based on openSUSE Tumbleweed., org.opensuse.base.vendor=openSUSE Project, org.opensuse.base.reference=registry.opensuse.org/opensuse/tumbleweed:20260930.37.208, org.opensuse.base.description=Image containing a minimal environment for containers based on openSUSE Tumbleweed., org.qdistro.tier3s.workload=headless-smoke, org.opensuse.base.disturl=obs://build.opensuse.org/openSUSE:Factory/images/561f9d4c8e4e1a441f95ad4ec6b5a914-opensuse-tumbleweed-image:docker, org.opensuse.base.created=2026-09-30T20:05:54.126624488Z, org.opencontainers.image.title=openSUSE Tumbleweed Base Container)
Oct 03 16:45:09 baseweed-admin podman[15540]: 2026-10-03 16:45:09.237001016 +0000 UTC m=+0.091264279 container init c9ba533aeabcf84830929f85f48b917b89f7104beb9275fd5c22bcd663893a11 (image=localhost/qdistro/tier3s-headless-smoke:latest, name=qdistro-tier3s-s122a, org.openbuildservice.disturl=obs://build.opensuse.org/openSUSE:Factory/images/561f9d4c8e4e1a441f95ad4ec6b5a914-opensuse-tumbleweed-image:docker, org.opensuse.base.vendor=openSUSE Project, org.opensuse.base.reference=registry.opensuse.org/opensuse/tumbleweed:20260930.37.208, org.opensuse.base.description=Image containing a minimal environment for containers based on openSUSE Tumbleweed., org.qdistro.tier3s.workload=headless-smoke, org.opensuse.base.source=https://build.opensuse.org/package/show/openSUSE:Factory/opensuse-tumbleweed-image?rev=561f9d4c8e4e1a441f95ad4ec6b5a914, org.opensuse.base.url=https://www.opensuse.org, org.opencontainers.image.description=Image containing a minimal environment for containers based on openSUSE Tumbleweed., org.opencontainers.image.created=2026-09-30T20:05:54.126624488Z, org.opensuse.base.disturl=obs://build.opensuse.org/openSUSE:Factory/images/561f9d4c8e4e1a441f95ad4ec6b5a914-opensuse-tumbleweed-image:docker, org.opencontainers.image.source=https://build.opensuse.org/package/show/openSUSE:Factory/opensuse-tumbleweed-image?rev=561f9d4c8e4e1a441f95ad4ec6b5a914, org.opensuse.reference=registry.opensuse.org/opensuse/tumbleweed:20260930.37.208, org.opensuse.base.lifecycle-url=https://en.opensuse.org/Lifetime, org.opencontainers.image.version=20260930.37.208, qdistro_tier3s_token=5c811f5355c1bfd2b4ec9aadc57205b7, org.opencontainers.image.title=openSUSE Tumbleweed Base Container, org.opensuse.lifecycle-url=https://en.opensuse.org/Lifetime, qdistro_tier3s_unit=qdistro-tier3s-silo@s122a.service, org.opensuse.base.version=20260930.37.208, org.opensuse.base.title=openSUSE Tumbleweed Base Container, org.qdistro.snapshot=20260930, org.opensuse.base.created=2026-09-30T20:05:54.126624488Z, org.opencontainers.image.url=https://www.opensuse.org, org.opencontainers.image.vendor=openSUSE Project, io.buildah.version=1.44.1)
Oct 03 16:45:09 baseweed-admin podman[15540]: 2026-10-03 16:45:09.157554292 +0000 UTC m=+0.011817575 image pull 1eee52a21ad86f065d227988b4ff8e279fe838e4ed84ee77f2aed0d372deae92 localhost/qdistro/tier3s-headless-smoke:latest
Oct 03 16:45:09 baseweed-admin podman[15540]: 2026-10-03 16:45:09.258848412 +0000 UTC m=+0.113111665 container start c9ba533aeabcf84830929f85f48b917b89f7104beb9275fd5c22bcd663893a11 (image=localhost/qdistro/tier3s-headless-smoke:latest, name=qdistro-tier3s-s122a, org.opensuse.base.description=Image containing a minimal environment for containers based on openSUSE Tumbleweed., org.opensuse.base.title=openSUSE Tumbleweed Base Container, org.opensuse.base.created=2026-09-30T20:05:54.126624488Z, org.opensuse.base.url=https://www.opensuse.org, qdistro_tier3s_token=5c811f5355c1bfd2b4ec9aadc57205b7, org.opensuse.base.lifecycle-url=https://en.opensuse.org/Lifetime, io.buildah.version=1.44.1, org.opensuse.lifecycle-url=https://en.opensuse.org/Lifetime, org.opencontainers.image.description=Image containing a minimal environment for containers based on openSUSE Tumbleweed., org.opensuse.base.vendor=openSUSE Project, org.opencontainers.image.vendor=openSUSE Project, qdistro_tier3s_unit=qdistro-tier3s-silo@s122a.service, org.qdistro.snapshot=20260930, org.qdistro.tier3s.workload=headless-smoke, org.opensuse.base.disturl=obs://build.opensuse.org/openSUSE:Factory/images/561f9d4c8e4e1a441f95ad4ec6b5a914-opensuse-tumbleweed-image:docker, org.opencontainers.image.source=https://build.opensuse.org/package/show/openSUSE:Factory/opensuse-tumbleweed-image?rev=561f9d4c8e4e1a441f95ad4ec6b5a914, org.opencontainers.image.version=20260930.37.208, org.opencontainers.image.url=https://www.opensuse.org, org.opencontainers.image.title=openSUSE Tumbleweed Base Container, org.openbuildservice.disturl=obs://build.opensuse.org/openSUSE:Factory/images/561f9d4c8e4e1a441f95ad4ec6b5a914-opensuse-tumbleweed-image:docker, org.opensuse.base.version=20260930.37.208, org.opensuse.base.reference=registry.opensuse.org/opensuse/tumbleweed:20260930.37.208, org.opensuse.reference=registry.opensuse.org/opensuse/tumbleweed:20260930.37.208, org.opensuse.base.source=https://build.opensuse.org/package/show/openSUSE:Factory/opensuse-tumbleweed-image?rev=561f9d4c8e4e1a441f95ad4ec6b5a914, org.opencontainers.image.created=2026-09-30T20:05:54.126624488Z)
Oct 03 16:45:09 baseweed-admin podman[15540]: 2026-10-03 16:45:09.270091248 +0000 UTC m=+0.124354521 container attach c9ba533aeabcf84830929f85f48b917b89f7104beb9275fd5c22bcd663893a11 (image=localhost/qdistro/tier3s-headless-smoke:latest, name=qdistro-tier3s-s122a, org.opencontainers.image.url=https://www.opensuse.org, qdistro_tier3s_token=5c811f5355c1bfd2b4ec9aadc57205b7, qdistro_tier3s_unit=qdistro-tier3s-silo@s122a.service, org.opensuse.base.description=Image containing a minimal environment for containers based on openSUSE Tumbleweed., org.qdistro.snapshot=20260930, org.qdistro.tier3s.workload=headless-smoke, org.opencontainers.image.title=openSUSE Tumbleweed Base Container, org.openbuildservice.disturl=obs://build.opensuse.org/openSUSE:Factory/images/561f9d4c8e4e1a441f95ad4ec6b5a914-opensuse-tumbleweed-image:docker, org.opencontainers.image.description=Image containing a minimal environment for containers based on openSUSE Tumbleweed., org.opencontainers.image.created=2026-09-30T20:05:54.126624488Z, org.opencontainers.image.version=20260930.37.208, org.opensuse.base.lifecycle-url=https://en.opensuse.org/Lifetime, org.opencontainers.image.vendor=openSUSE Project, org.opensuse.base.disturl=obs://build.opensuse.org/openSUSE:Factory/images/561f9d4c8e4e1a441f95ad4ec6b5a914-opensuse-tumbleweed-image:docker, org.opencontainers.image.source=https://build.opensuse.org/package/show/openSUSE:Factory/opensuse-tumbleweed-image?rev=561f9d4c8e4e1a441f95ad4ec6b5a914, org.opensuse.base.source=https://build.opensuse.org/package/show/openSUSE:Factory/opensuse-tumbleweed-image?rev=561f9d4c8e4e1a441f95ad4ec6b5a914, org.opensuse.base.url=https://www.opensuse.org, io.buildah.version=1.44.1, org.opensuse.lifecycle-url=https://en.opensuse.org/Lifetime, org.opensuse.base.vendor=openSUSE Project, org.opensuse.base.version=20260930.37.208, org.opensuse.base.reference=registry.opensuse.org/opensuse/tumbleweed:20260930.37.208, org.opensuse.base.title=openSUSE Tumbleweed Base Container, org.opensuse.base.created=2026-09-30T20:05:54.126624488Z, org.opensuse.reference=registry.opensuse.org/opensuse/tumbleweed:20260930.37.208)
Oct 03 16:45:09 baseweed-admin qdistro-tier3s-s122a[15556]: SMOKE snapshot=20260930
Oct 03 16:45:09 baseweed-admin qdistro-tier3s-silo-launch[15540]: SMOKE snapshot=20260930
Oct 03 16:45:09 baseweed-admin qdistro-tier3s-s122a[15556]: SMOKE kernel=Linux version 4.19.0-gvisor #1 SMP Sun Jan 10 15:06:54 PST 2016
Oct 03 16:45:09 baseweed-admin qdistro-tier3s-silo-launch[15540]: SMOKE kernel=Linux version 4.19.0-gvisor #1 SMP Sun Jan 10 15:06:54 PST 2016
Oct 03 16:45:09 baseweed-admin qdistro-tier3s-s122a[15556]: SMOKE dmesg=[    0.000000] Starting gVisor...
Oct 03 16:45:09 baseweed-admin qdistro-tier3s-silo-launch[15540]: SMOKE dmesg=[    0.000000] Starting gVisor...
Oct 03 16:45:09 baseweed-admin qdistro-tier3s-s122a[15556]: SMOKE id=uid=1000(admin) gid=1000(admin) groups=1000(admin)
Oct 03 16:45:09 baseweed-admin qdistro-tier3s-silo-launch[15540]: SMOKE id=uid=1000(admin) gid=1000(admin) groups=1000(admin)
Oct 03 16:45:09 baseweed-admin qdistro-tier3s-s122a[15556]: SMOKE passwd=admin:x:1000:1000:qdistro admin:/home/admin:/bin/bash
Oct 03 16:45:09 baseweed-admin qdistro-tier3s-silo-launch[15540]: SMOKE passwd=admin:x:1000:1000:qdistro admin:/home/admin:/bin/bash
Oct 03 16:45:09 baseweed-admin qdistro-tier3s-s122a[15556]: SMOKE home=/home/admin
Oct 03 16:45:09 baseweed-admin qdistro-tier3s-silo-launch[15540]: SMOKE home=/home/admin
Oct 03 16:45:09 baseweed-admin dbus-run-session[1032]:   WARN: Process failed to start, likely because the binary could not be found. Command: QList("bluetoothctl", "show")
Oct 03 16:45:09 baseweed-admin runuser[15622]: pam_unix(runuser:session): session opened for user admin(uid=1000) by (uid=0)
Oct 03 16:45:09 baseweed-admin qdistro-tier3s-s122a[15556]: SMOKE lang=C.UTF-8 charmap=UTF-8 utf8_locales=2
Oct 03 16:45:09 baseweed-admin qdistro-tier3s-silo-launch[15540]: SMOKE lang=C.UTF-8 charmap=UTF-8 utf8_locales=2
Oct 03 16:45:09 baseweed-admin systemd[857]: Started podman-15623.scope.
Oct 03 16:45:09 baseweed-admin runuser[15622]: pam_unix(runuser:session): session closed for user admin
Oct 03 16:45:09 baseweed-admin qdistro-tier3s-silo-launch[15211]: spawn-tier3s: running: qdistro-tier3s-s122a sentry=15571 conmon=15556 in /system.slice/qdistro-tier3s-5c811f5355c1bfd2b4ec9aadc57205b7.scope
Oct 03 16:45:09 baseweed-admin systemd[1]: Started qdistro tier-3s (gVisor) silo s122a (Experimental, dev profile only).
Oct 03 16:45:09 baseweed-admin qdistro-tier3s-s122a[15556]: SMOKE mount /run/user/1000=1000:1000 700
Oct 03 16:45:09 baseweed-admin qdistro-tier3s-silo-launch[15540]: SMOKE mount /run/user/1000=1000:1000 700
Oct 03 16:45:09 baseweed-admin runuser[15686]: pam_unix(runuser:session): session opened for user admin(uid=1000) by (uid=0)
Oct 03 16:45:09 baseweed-admin qdistro-tier3s-s122a[15556]: SMOKE mount /home/admin/.cache=1000:1000 700
Oct 03 16:45:09 baseweed-admin qdistro-tier3s-silo-launch[15540]: SMOKE mount /home/admin/.cache=1000:1000 700
Oct 03 16:45:09 baseweed-admin qdistro-tier3s-s122a[15556]: SMOKE mount /tmp=0:0 1777
Oct 03 16:45:09 baseweed-admin systemd[857]: Started podman-15687.scope.
Oct 03 16:45:09 baseweed-admin qdistro-tier3s-silo-launch[15540]: SMOKE mount /tmp=0:0 1777
Oct 03 16:45:09 baseweed-admin runuser[15686]: pam_unix(runuser:session): session closed for user admin
Oct 03 16:45:09 baseweed-admin qemu-ga[680]: info: guest-exec-status called, pid: 3529
Oct 03 16:45:09 baseweed-admin qdistro-tier3s-s122a[15556]: SMOKE caps=inh:0000000000000000,prm:0000000000000000,eff:0000000000000000,bnd:0000000000000000,amb:0000000000000000
Oct 03 16:45:09 baseweed-admin qdistro-tier3s-silo-launch[15540]: SMOKE caps=inh:0000000000000000,prm:0000000000000000,eff:0000000000000000,bnd:0000000000000000,amb:0000000000000000
Oct 03 16:45:09 baseweed-admin qdistro-tier3s-s122a[15556]: SMOKE nnp=1 seccomp=2
Oct 03 16:45:09 baseweed-admin qdistro-tier3s-silo-launch[15540]: SMOKE nnp=1 seccomp=2
Oct 03 16:45:09 baseweed-admin qdistro-tier3s-s122a[15556]: SMOKE rootfs=ro
Oct 03 16:45:09 baseweed-admin qdistro-tier3s-silo-launch[15540]: SMOKE rootfs=ro
Oct 03 16:45:09 baseweed-admin qdistro-tier3s-s122a[15556]: SMOKE mountopts /run/user/1000=tmpfs:rw,nosuid,mode=0700,uid=1000,gid=1000
Oct 03 16:45:09 baseweed-admin qdistro-tier3s-silo-launch[15540]: SMOKE mountopts /run/user/1000=tmpfs:rw,nosuid,mode=0700,uid=1000,gid=1000
Oct 03 16:45:09 baseweed-admin qdistro-tier3s-s122a[15556]: SMOKE mountopts /home/admin/.cache=tmpfs:rw,nosuid,mode=0700,uid=1000,gid=1000
Oct 03 16:45:09 baseweed-admin qdistro-tier3s-silo-launch[15540]: SMOKE mountopts /home/admin/.cache=tmpfs:rw,nosuid,mode=0700,uid=1000,gid=1000
Oct 03 16:45:09 baseweed-admin qdistro-tier3s-s122a[15556]: SMOKE rootfs_write rc=1 err=touch: cannot touch '/home/admin/.smoke-rw': Read-only file system
Oct 03 16:45:09 baseweed-admin qdistro-tier3s-silo-launch[15540]: SMOKE rootfs_write rc=1 err=touch: cannot touch '/home/admin/.smoke-rw': Read-only file system
Oct 03 16:45:09 baseweed-admin qdistro-tier3s-s122a[15556]: SMOKE chmod rc=0 mode=600
Oct 03 16:45:09 baseweed-admin qdistro-tier3s-silo-launch[15540]: SMOKE chmod rc=0 mode=600
Oct 03 16:45:09 baseweed-admin qdistro-tier3s-s122a[15556]: SMOKE chmod_nofollow rc=1 mode=600
Oct 03 16:45:09 baseweed-admin qdistro-tier3s-silo-launch[15540]: SMOKE chmod_nofollow rc=1 mode=600
Oct 03 16:45:09 baseweed-admin qdistro-tier3s-s122a[15556]: SMOKE ls_l rc=0 stderr_bytes=0
Oct 03 16:45:09 baseweed-admin qdistro-tier3s-silo-launch[15540]: SMOKE ls_l rc=0 stderr_bytes=0
Oct 03 16:45:09 baseweed-admin qdistro-tier3s-s122a[15556]: SMOKE routes=2 links=lo,
Oct 03 16:45:09 baseweed-admin qdistro-tier3s-silo-launch[15540]: SMOKE routes=2 links=lo,
Oct 03 16:45:10 baseweed-admin qdistro-tier3s-s122a[15556]: SMOKE route_table=::1 dev lo proto unspec scope link ;127.0.0.0/8 dev lo proto unspec scope link ;
Oct 03 16:45:10 baseweed-admin qdistro-tier3s-s122a[15556]: SMOKE done
Oct 03 16:45:10 baseweed-admin qdistro-tier3s-silo-launch[15540]: SMOKE route_table=::1 dev lo proto unspec scope link ;127.0.0.0/8 dev lo proto unspec scope link ;
Oct 03 16:45:10 baseweed-admin qdistro-tier3s-silo-launch[15540]: SMOKE done
Oct 03 16:45:10 baseweed-admin qdistro-tier3s-s122a[15556]: SMOKE holding 600s
Oct 03 16:45:10 baseweed-admin qdistro-tier3s-silo-launch[15540]: SMOKE holding 600s
Oct 03 16:45:10 baseweed-admin runuser[15714]: pam_unix(runuser:session): session opened for user admin(uid=1000) by (uid=0)
Oct 03 16:45:10 baseweed-admin systemd[857]: Started podman-15715.scope.
Oct 03 16:45:10 baseweed-admin runuser[15714]: pam_unix(runuser:session): session closed for user admin
Oct 03 16:45:10 baseweed-admin runuser[15725]: pam_unix(runuser:session): session opened for user admin(uid=1000) by (uid=0)
Oct 03 16:45:10 baseweed-admin systemd[857]: Started podman-15727.scope.
Oct 03 16:45:10 baseweed-admin runuser[15725]: pam_unix(runuser:session): session closed for user admin
Oct 03 16:45:10 baseweed-admin systemd[1]: Starting qdistro session manager (user-silo lifecycle)...
Oct 03 16:45:10 baseweed-admin systemd[1]: Started qdistro session manager (user-silo lifecycle).
Oct 03 16:45:10 baseweed-admin runuser[15748]: pam_unix(runuser:session): session opened for user admin(uid=1000) by (uid=0)
Oct 03 16:45:10 baseweed-admin systemd[857]: Started podman-15758.scope.
Oct 03 16:45:10 baseweed-admin runuser[15748]: pam_unix(runuser:session): session closed for user admin
Oct 03 16:45:10 baseweed-admin runuser[15768]: pam_unix(runuser:session): session opened for user admin(uid=1000) by (uid=0)
Oct 03 16:45:10 baseweed-admin systemd[857]: Started podman-15777.scope.
Oct 03 16:45:10 baseweed-admin runuser[15768]: pam_unix(runuser:session): session closed for user admin
Oct 03 16:45:10 baseweed-admin qdistro_session_manager.py[15740]: 2026-10-03 16:45:10,443 WARNING qdistro_session_manager: tier3s reconciliation: stopping qdistro-tier3s-silo@s122a.service (no launch survives a session-manager restart)
Oct 03 16:45:10 baseweed-admin systemd[1]: Stopping qdistro tier-3s (gVisor) silo s122a (Experimental, dev profile only)...
Oct 03 16:45:10 baseweed-admin systemd[1]: Started [systemd-run] /usr/sbin/runuser -u admin -- env -i PATH=/usr/bin:/bin HOME=/home/admin USER=admin LOGNAME=admin XDG_RUNTIME_DIR=/run/user/1000 sh -c "podman container exists \"\$1\"; printf \"PMRC=%d\\n\" \"\$?\"" sh qdistro-tier3s-s122a.
Oct 03 16:45:10 baseweed-admin runuser[15833]: pam_unix(runuser:session): session opened for user admin(uid=1000) by (uid=0)
Oct 03 16:45:10 baseweed-admin systemd[857]: Started podman-15835.scope.
Oct 03 16:45:10 baseweed-admin runuser[15833]: pam_unix(runuser:session): session closed for user admin
Oct 03 16:45:10 baseweed-admin systemd[1]: qdistro-t3s-call-15789-1-351159567.scope: Deactivated successfully.
Oct 03 16:45:10 baseweed-admin qemu-ga[680]: info: guest-exec-status called, pid: 3529
Oct 03 16:45:10 baseweed-admin systemd[1]: Started [systemd-run] /usr/sbin/runuser -u admin -- env -i PATH=/usr/bin:/bin HOME=/home/admin USER=admin LOGNAME=admin XDG_RUNTIME_DIR=/run/user/1000 podman container inspect --format "{{.Id}} {{index .Config.Labels \"qdistro_tier3s_token\"}}" qdistro-tier3s-s122a.
Oct 03 16:45:10 baseweed-admin runuser[15858]: pam_unix(runuser:session): session opened for user admin(uid=1000) by (uid=0)
Oct 03 16:45:10 baseweed-admin systemd[857]: Started podman-15859.scope.
Oct 03 16:45:10 baseweed-admin runuser[15858]: pam_unix(runuser:session): session closed for user admin
Oct 03 16:45:10 baseweed-admin systemd[1]: qdistro-t3s-call-15789-2-2402316039.scope: Deactivated successfully.
Oct 03 16:45:10 baseweed-admin systemd[1]: Started [systemd-run] /usr/sbin/runuser -u admin -- env -i PATH=/usr/bin:/bin HOME=/home/admin USER=admin LOGNAME=admin XDG_RUNTIME_DIR=/run/user/1000 podman stop -t 10 c9ba533aeabcf84830929f85f48b917b89f7104beb9275fd5c22bcd663893a11.
Oct 03 16:45:10 baseweed-admin runuser[15880]: pam_unix(runuser:session): session opened for user admin(uid=1000) by (uid=0)
Oct 03 16:45:10 baseweed-admin systemd[857]: Started podman-15881.scope.
Oct 03 16:45:10 baseweed-admin qdistro-tier3s-s122a[15556]: SMOKE term
Oct 03 16:45:10 baseweed-admin qdistro-tier3s-silo-launch[15540]: SMOKE term
Oct 03 16:45:10 baseweed-admin podman[15540]: 2026-10-03 16:45:10.936986111 +0000 UTC m=+1.791249374 container died c9ba533aeabcf84830929f85f48b917b89f7104beb9275fd5c22bcd663893a11 (image=localhost/qdistro/tier3s-headless-smoke:latest, name=qdistro-tier3s-s122a, org.opensuse.base.url=https://www.opensuse.org, io.buildah.version=1.44.1, org.opensuse.lifecycle-url=https://en.opensuse.org/Lifetime, org.opencontainers.image.description=Image containing a minimal environment for containers based on openSUSE Tumbleweed., org.opensuse.base.vendor=openSUSE Project, org.opensuse.base.version=20260930.37.208, org.opensuse.base.title=openSUSE Tumbleweed Base Container, org.openbuildservice.disturl=obs://build.opensuse.org/openSUSE:Factory/images/561f9d4c8e4e1a441f95ad4ec6b5a914-opensuse-tumbleweed-image:docker, org.opensuse.base.description=Image containing a minimal environment for containers based on openSUSE Tumbleweed., org.qdistro.tier3s.workload=headless-smoke, org.opensuse.base.source=https://build.opensuse.org/package/show/openSUSE:Factory/opensuse-tumbleweed-image?rev=561f9d4c8e4e1a441f95ad4ec6b5a914, qdistro_tier3s_token=5c811f5355c1bfd2b4ec9aadc57205b7, org.opencontainers.image.title=openSUSE Tumbleweed Base Container, org.opensuse.base.lifecycle-url=https://en.opensuse.org/Lifetime, qdistro_tier3s_unit=qdistro-tier3s-silo@s122a.service, org.opencontainers.image.url=https://www.opensuse.org, org.opencontainers.image.created=2026-09-30T20:05:54.126624488Z, org.opensuse.base.disturl=obs://build.opensuse.org/openSUSE:Factory/images/561f9d4c8e4e1a441f95ad4ec6b5a914-opensuse-tumbleweed-image:docker, org.opencontainers.image.source=https://build.opensuse.org/package/show/openSUSE:Factory/opensuse-tumbleweed-image?rev=561f9d4c8e4e1a441f95ad4ec6b5a914, org.opencontainers.image.version=20260930.37.208, org.opensuse.base.created=2026-09-30T20:05:54.126624488Z, org.opensuse.reference=registry.opensuse.org/opensuse/tumbleweed:20260930.37.208, org.opencontainers.image.vendor=openSUSE Project, org.opensuse.base.reference=registry.opensuse.org/opensuse/tumbleweed:20260930.37.208, org.qdistro.snapshot=20260930)
Oct 03 16:45:11 baseweed-admin podman[15881]: 2026-10-03 16:45:11.017410777 +0000 UTC m=+0.129620890 container remove c9ba533aeabcf84830929f85f48b917b89f7104beb9275fd5c22bcd663893a11 (image=localhost/qdistro/tier3s-headless-smoke:latest, name=qdistro-tier3s-s122a, org.opensuse.base.source=https://build.opensuse.org/package/show/openSUSE:Factory/opensuse-tumbleweed-image?rev=561f9d4c8e4e1a441f95ad4ec6b5a914, org.opensuse.base.url=https://www.opensuse.org, org.openbuildservice.disturl=obs://build.opensuse.org/openSUSE:Factory/images/561f9d4c8e4e1a441f95ad4ec6b5a914-opensuse-tumbleweed-image:docker, org.opencontainers.image.url=https://www.opensuse.org, org.opensuse.base.version=20260930.37.208, io.buildah.version=1.44.1, org.opencontainers.image.description=Image containing a minimal environment for containers based on openSUSE Tumbleweed., org.opencontainers.image.version=20260930.37.208, org.opensuse.base.disturl=obs://build.opensuse.org/openSUSE:Factory/images/561f9d4c8e4e1a441f95ad4ec6b5a914-opensuse-tumbleweed-image:docker, org.opensuse.base.title=openSUSE Tumbleweed Base Container, org.opencontainers.image.created=2026-09-30T20:05:54.126624488Z, org.opensuse.base.reference=registry.opensuse.org/opensuse/tumbleweed:20260930.37.208, org.qdistro.tier3s.workload=headless-smoke, qdistro_tier3s_unit=qdistro-tier3s-silo@s122a.service, org.opencontainers.image.source=https://build.opensuse.org/package/show/openSUSE:Factory/opensuse-tumbleweed-image?rev=561f9d4c8e4e1a441f95ad4ec6b5a914, org.opencontainers.image.title=openSUSE Tumbleweed Base Container, org.opencontainers.image.vendor=openSUSE Project, org.opensuse.lifecycle-url=https://en.opensuse.org/Lifetime, qdistro_tier3s_token=5c811f5355c1bfd2b4ec9aadc57205b7, org.opensuse.base.description=Image containing a minimal environment for containers based on openSUSE Tumbleweed., org.opensuse.base.vendor=openSUSE Project, org.opensuse.reference=registry.opensuse.org/opensuse/tumbleweed:20260930.37.208, org.opensuse.base.lifecycle-url=https://en.opensuse.org/Lifetime, org.qdistro.snapshot=20260930, org.opensuse.base.created=2026-09-30T20:05:54.126624488Z)
Oct 03 16:45:11 baseweed-admin runuser[15513]: pam_unix(runuser:session): session closed for user admin
Oct 03 16:45:11 baseweed-admin runuser[15880]: pam_unix(runuser:session): session closed for user admin
Oct 03 16:45:11 baseweed-admin systemd[1]: qdistro-t3s-call-15789-3-3804295871.scope: Deactivated successfully.
Oct 03 16:45:11 baseweed-admin systemd[1]: qdistro-tier3s-5c811f5355c1bfd2b4ec9aadc57205b7.scope: Deactivated successfully.
Oct 03 16:45:11 baseweed-admin systemd[1]: Stopped [systemd-run] /usr/libexec/qdistro/qdistro-tier3s-scope enter 5c811f5355c1bfd2b4ec9aadc57205b7 1000 -- podman --runtime /usr/libexec/qdistro/tier3s-runsc --runtime-flag=network=none --cgroup-manager=cgroupfs run --rm --name qdistro-tier3s-s122a --label qdistro_tier3s_token=5c811f5355c1bfd2b4ec9aadc57205b7 --label qdistro_tier3s_unit=qdistro-tier3s-silo@s122a.service --security-opt label=disable --security-opt no-new-privileges --cap-drop=ALL --security-opt seccomp=/usr/lib/qdistro/tier3s/seccomp/headless-smoke.json --userns=keep-id --user 1000:1000 --read-only --tmpfs /tmp:rw,size=64m,mode=1777 --tmpfs /run/user/1000:rw,U,mode=0700 --tmpfs /home/admin/.cache:rw,U,mode=0700 --pids-limit=512 --network=none --env HOME=/home/admin --env XDG_RUNTIME_DIR=/run/user/1000 --env LANG=C.UTF-8 localhost/qdistro/tier3s-headless-smoke:latest qdistro-tier3s-smoke --hold 600.
Oct 03 16:45:11 baseweed-admin systemd[1]: qdistro-tier3s-5c811f5355c1bfd2b4ec9aadc57205b7.scope: Consumed 1.253s CPU time over 1.939s wall clock time.
Oct 03 16:45:11 baseweed-admin systemd[1]: Started [systemd-run] /usr/sbin/runuser -u admin -- env -i PATH=/usr/bin:/bin HOME=/home/admin USER=admin LOGNAME=admin XDG_RUNTIME_DIR=/run/user/1000 podman rm -f --ignore c9ba533aeabcf84830929f85f48b917b89f7104beb9275fd5c22bcd663893a11.
Oct 03 16:45:11 baseweed-admin runuser[15933]: pam_unix(runuser:session): session opened for user admin(uid=1000) by (uid=0)
Oct 03 16:45:11 baseweed-admin systemd[857]: Started podman-15934.scope.
Oct 03 16:45:11 baseweed-admin runuser[15933]: pam_unix(runuser:session): session closed for user admin
Oct 03 16:45:11 baseweed-admin systemd[1]: qdistro-t3s-call-15789-4-697904305.scope: Deactivated successfully.
Oct 03 16:45:11 baseweed-admin systemd[1]: Started [systemd-run] /usr/sbin/runuser -u admin -- env -i PATH=/usr/bin:/bin HOME=/home/admin USER=admin LOGNAME=admin XDG_RUNTIME_DIR=/run/user/1000 sh -c "podman container exists \"\$1\"; printf \"PMRC=%d\\n\" \"\$?\"" sh c9ba533aeabcf84830929f85f48b917b89f7104beb9275fd5c22bcd663893a11.
Oct 03 16:45:11 baseweed-admin runuser[15950]: pam_unix(runuser:session): session opened for user admin(uid=1000) by (uid=0)
Oct 03 16:45:11 baseweed-admin systemd[857]: Started podman-15952.scope.
Oct 03 16:45:11 baseweed-admin runuser[15950]: pam_unix(runuser:session): session closed for user admin
Oct 03 16:45:11 baseweed-admin systemd[1]: qdistro-t3s-call-15789-5-1915986296.scope: Deactivated successfully.
Oct 03 16:45:11 baseweed-admin dbus-run-session[1032]:   WARN: Process failed to start, likely because the binary could not be found. Command: QList("bluetoothctl", "show")
Oct 03 16:45:11 baseweed-admin qdistro-tier3s-cleanup[15789]: qdistro-tier3s-cleanup: 5c811f5355c1bfd2b4ec9aadc57205b7: torn down (qdistro-tier3s-s122a)
Oct 03 16:45:11 baseweed-admin qdistro-tier3s-silo-launch[15211]: spawn-tier3s: signal: tearing down 5c811f5355c1bfd2b4ec9aadc57205b7
Oct 03 16:45:11 baseweed-admin systemd[1]: qdistro-tier3s-silo@s122a.service: Deactivated successfully.
Oct 03 16:45:11 baseweed-admin systemd[1]: Stopped qdistro tier-3s (gVisor) silo s122a (Experimental, dev profile only).
Oct 03 16:45:11 baseweed-admin systemd[1]: qdistro-tier3s-silo@s122a.service: Consumed 1.093s CPU time over 3.426s wall clock time.
Oct 03 16:45:11 baseweed-admin systemd[1]: Started [systemd-run] /usr/sbin/runuser -u admin -- env -i PATH=/usr/bin:/bin HOME=/home/admin USER=admin LOGNAME=admin XDG_RUNTIME_DIR=/run/user/1000 podman ps -a --filter label=qdistro_tier3s_token --format json.
Oct 03 16:45:11 baseweed-admin runuser[16020]: pam_unix(runuser:session): session opened for user admin(uid=1000) by (uid=0)
Oct 03 16:45:11 baseweed-admin systemd[857]: qdistro-polkit-agent.service: Scheduled restart job, restart counter is at 46.
Oct 03 16:45:11 baseweed-admin systemd[857]: Started podman-16021.scope.
Oct 03 16:45:11 baseweed-admin systemd[857]: Started qdistro polkit authentication agent (PAM / fprintd / broker).
Oct 03 16:45:11 baseweed-admin runuser[16020]: pam_unix(runuser:session): session closed for user admin
Oct 03 16:45:11 baseweed-admin systemd[1]: qdistro-t3s-call-16005-1-2035997492.scope: Deactivated successfully.
Oct 03 16:45:11 baseweed-admin qdistro_session_manager.py[15740]: 2026-10-03 16:45:11,568 INFO qdistro_session_manager: disposable lease sweeps (TTL + proctree-empty) every 60s
Oct 03 16:45:11 baseweed-admin runuser[16110]: pam_unix(runuser:session): session opened for user admin(uid=1000) by (uid=0)
Oct 03 16:45:11 baseweed-admin qdistro-polkit-agent[16030]: registration failed: org.freedesktop.PolicyKit1.Error.Failed: Cannot determine session the caller is in
Oct 03 16:45:11 baseweed-admin python3[16030]: qdistro-polkit-agent: registration failed: org.freedesktop.PolicyKit1.Error.Failed: Cannot determine session the caller is in
Oct 03 16:45:11 baseweed-admin runuser[16126]: pam_unix(runuser:session): session opened for user admin(uid=1000) by (uid=0)
Oct 03 16:45:11 baseweed-admin systemd[857]: Started podman-16116.scope.
Oct 03 16:45:11 baseweed-admin systemd[857]: qdistro-polkit-agent.service: Main process exited, code=exited, status=1/FAILURE
Oct 03 16:45:11 baseweed-admin systemd[857]: qdistro-polkit-agent.service: Failed with result 'exit-code'.
Oct 03 16:45:11 baseweed-admin runuser[16110]: pam_unix(runuser:session): session closed for user admin
Oct 03 16:45:11 baseweed-admin runuser[16140]: pam_unix(runuser:session): session opened for user admin(uid=1000) by (uid=0)
Oct 03 16:45:11 baseweed-admin systemd[857]: Started podman-16130.scope.
Oct 03 16:45:11 baseweed-admin runuser[16126]: pam_unix(runuser:session): session closed for user admin
Oct 03 16:45:11 baseweed-admin runuser[16143]: pam_unix(runuser:session): session opened for user admin(uid=1000) by (uid=0)
Oct 03 16:45:11 baseweed-admin systemd[857]: Started podman-16142.scope.
Oct 03 16:45:11 baseweed-admin runuser[16140]: pam_unix(runuser:session): session closed for user admin
Oct 03 16:45:11 baseweed-admin systemd[857]: Started podman-16150.scope.
Oct 03 16:45:11 baseweed-admin runuser[16143]: pam_unix(runuser:session): session closed for user admin
Oct 03 16:45:11 baseweed-admin runuser[16169]: pam_unix(runuser:session): session opened for user admin(uid=1000) by (uid=0)
Oct 03 16:45:11 baseweed-admin runuser[16169]: pam_unix(runuser:session): session closed for user admin
Oct 03 16:45:11 baseweed-admin qemu-ga[680]: info: guest-exec-status called, pid: 3529
Oct 03 16:45:11 baseweed-admin systemd[1]: Stopping qdistro session manager (user-silo lifecycle)...
Oct 03 16:45:11 baseweed-admin systemd[1]: qdistro-session-manager.service: Deactivated successfully.
Oct 03 16:45:11 baseweed-admin systemd[1]: Stopped qdistro session manager (user-silo lifecycle).
Oct 03 16:45:11 baseweed-admin systemd[1]: Starting qdistro tier-3s (gVisor) silo s122a (Experimental, dev profile only)...
Oct 03 16:45:12 baseweed-admin runuser[16343]: pam_unix(runuser:session): session opened for user admin(uid=1000) by (uid=0)
Oct 03 16:45:12 baseweed-admin runuser[16343]: pam_unix(runuser:session): session closed for user admin
Oct 03 16:45:12 baseweed-admin runuser[16352]: pam_unix(runuser:session): session opened for user admin(uid=1000) by (uid=0)
Oct 03 16:45:12 baseweed-admin systemd[857]: Started podman-16353.scope.
Oct 03 16:45:12 baseweed-admin runuser[16352]: pam_unix(runuser:session): session closed for user admin
Oct 03 16:45:12 baseweed-admin runuser[16363]: pam_unix(runuser:session): session opened for user admin(uid=1000) by (uid=0)
Oct 03 16:45:12 baseweed-admin systemd[857]: Started podman-16364.scope.
Oct 03 16:45:12 baseweed-admin podman[16364]: 2026-10-03 16:45:12.414215282 +0000 UTC m=+0.022209463 image pull 59aaf4e6b9ae5a43b860306a452f30a0cca587014149d418f4f0a32c881c6994 localhost/tier3s-probe:empty
Oct 03 16:45:12 baseweed-admin podman[16364]: 2026-10-03 16:45:12.550716372 +0000 UTC m=+0.158710533 container create d5349c1d8ec64e250a71bf1fe5794ee631e6a2a98d4fa8244679fe0c9fefb8c5 (image=localhost/tier3s-probe:empty, name=tier3s-probe-16216)
Oct 03 16:45:12 baseweed-admin runuser[16363]: pam_unix(runuser:session): session closed for user admin
Oct 03 16:45:12 baseweed-admin runuser[16374]: pam_unix(runuser:session): session opened for user admin(uid=1000) by (uid=0)
Oct 03 16:45:12 baseweed-admin systemd[857]: Started podman-16375.scope.
Oct 03 16:45:12 baseweed-admin runuser[16374]: pam_unix(runuser:session): session closed for user admin
Oct 03 16:45:12 baseweed-admin runuser[16386]: pam_unix(runuser:session): session opened for user admin(uid=1000) by (uid=0)
Oct 03 16:45:12 baseweed-admin systemd[857]: Started podman-16387.scope.
Oct 03 16:45:12 baseweed-admin runuser[16386]: pam_unix(runuser:session): session closed for user admin
Oct 03 16:45:12 baseweed-admin runuser[16397]: pam_unix(runuser:session): session opened for user admin(uid=1000) by (uid=0)
Oct 03 16:45:12 baseweed-admin systemd[857]: Started podman-16398.scope.
Oct 03 16:45:12 baseweed-admin qemu-ga[680]: info: guest-exec-status called, pid: 3529
Oct 03 16:45:12 baseweed-admin podman[16398]: 2026-10-03 16:45:12.96219504 +0000 UTC m=+0.323896791 container remove d5349c1d8ec64e250a71bf1fe5794ee631e6a2a98d4fa8244679fe0c9fefb8c5 (image=localhost/tier3s-probe:empty, name=tier3s-probe-16216)
Oct 03 16:45:12 baseweed-admin runuser[16397]: pam_unix(runuser:session): session closed for user admin
Oct 03 16:45:12 baseweed-admin runuser[16410]: pam_unix(runuser:session): session opened for user admin(uid=1000) by (uid=0)
Oct 03 16:45:13 baseweed-admin qdistro-tier3s-silo-launch[16411]: [resolve-binding] silo 's122a' is untemplated (no binding)
Oct 03 16:45:13 baseweed-admin runuser[16410]: pam_unix(runuser:session): session closed for user admin
Oct 03 16:45:13 baseweed-admin qdistro-tier3s-silo-launch[16188]: spawn-tier3s: silo s122a runs UNTEMPLATED (no binding); image localhost/qdistro/tier3s-headless-smoke:latest
Oct 03 16:45:13 baseweed-admin runuser[16413]: pam_unix(runuser:session): session opened for user admin(uid=1000) by (uid=0)
Oct 03 16:45:13 baseweed-admin runuser[16413]: pam_unix(runuser:session): session closed for user admin
Oct 03 16:45:13 baseweed-admin systemd[1]: Started [systemd-run] /usr/sbin/runuser -u admin -- env -i PATH=/usr/bin:/bin HOME=/home/admin USER=admin LOGNAME=admin XDG_RUNTIME_DIR=/run/user/1000 podman ps -a --filter label=qdistro_tier3s_token --format json.
Oct 03 16:45:13 baseweed-admin runuser[16435]: pam_unix(runuser:session): session opened for user admin(uid=1000) by (uid=0)
Oct 03 16:45:13 baseweed-admin systemd[857]: Started podman-16436.scope.
Oct 03 16:45:13 baseweed-admin runuser[16435]: pam_unix(runuser:session): session closed for user admin
Oct 03 16:45:13 baseweed-admin systemd[1]: qdistro-t3s-call-16420-1-479305585.scope: Deactivated successfully.
Oct 03 16:45:13 baseweed-admin runuser[16467]: pam_unix(runuser:session): session opened for user admin(uid=1000) by (uid=0)
Oct 03 16:45:13 baseweed-admin systemd[857]: Started podman-16468.scope.
Oct 03 16:45:13 baseweed-admin runuser[16467]: pam_unix(runuser:session): session closed for user admin
Oct 03 16:45:13 baseweed-admin qdistro-tier3s-silo-launch[16188]: LAUNCH_TOKEN=2c55ba49fac9b5927d1ea19e6c80edda
Oct 03 16:45:13 baseweed-admin qdistro-tier3s-silo-launch[16188]: CONTAINER=qdistro-tier3s-s122a
Oct 03 16:45:13 baseweed-admin qdistro-tier3s-silo-launch[16188]: IMAGE=localhost/qdistro/tier3s-headless-smoke:latest
Oct 03 16:45:13 baseweed-admin qdistro-tier3s-silo-launch[16188]: SCOPE_UNIT=qdistro-tier3s-2c55ba49fac9b5927d1ea19e6c80edda.scope
Oct 03 16:45:13 baseweed-admin systemd[1]: Started [systemd-run] /usr/libexec/qdistro/qdistro-tier3s-scope enter 2c55ba49fac9b5927d1ea19e6c80edda 1000 -- podman --runtime /usr/libexec/qdistro/tier3s-runsc --runtime-flag=network=none --cgroup-manager=cgroupfs run --rm --name qdistro-tier3s-s122a --label qdistro_tier3s_token=2c55ba49fac9b5927d1ea19e6c80edda --label qdistro_tier3s_unit=qdistro-tier3s-silo@s122a.service --security-opt label=disable --security-opt no-new-privileges --cap-drop=ALL --security-opt seccomp=/usr/lib/qdistro/tier3s/seccomp/headless-smoke.json --userns=keep-id --user 1000:1000 --read-only --tmpfs /tmp:rw,size=64m,mode=1777 --tmpfs /run/user/1000:rw,U,mode=0700 --tmpfs /home/admin/.cache:rw,U,mode=0700 --pids-limit=512 --network=none --env HOME=/home/admin --env XDG_RUNTIME_DIR=/run/user/1000 --env LANG=C.UTF-8 localhost/qdistro/tier3s-headless-smoke:latest qdistro-tier3s-smoke --hold 600.
Oct 03 16:45:13 baseweed-admin qdistro-tier3s-silo-launch[16477]: Running as unit: qdistro-tier3s-2c55ba49fac9b5927d1ea19e6c80edda.scope; invocation ID: cda996a8d0d74971bdb9ed03fdb29eb9
Oct 03 16:45:13 baseweed-admin runuser[16479]: pam_unix(runuser:session): session opened for user admin(uid=1000) by (uid=0)
Oct 03 16:45:13 baseweed-admin qdistro-tier3s-silo-launch[16477]: qdistro-tier3s-scope: /system.slice/qdistro-tier3s-2c55ba49fac9b5927d1ea19e6c80edda.scope delegated to uid 1000 (dir, cgroup.procs, cgroup.subtree_control, cgroup.threads)
Oct 03 16:45:13 baseweed-admin runuser[16477]: pam_unix(runuser:session): session opened for user admin(uid=1000) by (uid=0)
Oct 03 16:45:13 baseweed-admin systemd[857]: Started podman-16483.scope.
Oct 03 16:45:13 baseweed-admin runuser[16479]: pam_unix(runuser:session): session closed for user admin
Oct 03 16:45:13 baseweed-admin dbus-run-session[1032]:   WARN: Process failed to start, likely because the binary could not be found. Command: QList("bluetoothctl", "show")
Oct 03 16:45:13 baseweed-admin podman[16504]: 2026-10-03 16:45:13.306165782 +0000 UTC m=+0.020584260 image pull 1eee52a21ad86f065d227988b4ff8e279fe838e4ed84ee77f2aed0d372deae92 localhost/qdistro/tier3s-headless-smoke:latest
Oct 03 16:45:13 baseweed-admin podman[16504]: 2026-10-03 16:45:13.521723288 +0000 UTC m=+0.236141756 container create abf39d75631c608c8541cd41402e2234579c3bcd0046cc03b4919abd2715c276 (image=localhost/qdistro/tier3s-headless-smoke:latest, name=qdistro-tier3s-s122a, org.opencontainers.image.created=2026-09-30T20:05:54.126624488Z, org.opencontainers.image.url=https://www.opensuse.org, org.opencontainers.image.source=https://build.opensuse.org/package/show/openSUSE:Factory/opensuse-tumbleweed-image?rev=561f9d4c8e4e1a441f95ad4ec6b5a914, org.opencontainers.image.description=Image containing a minimal environment for containers based on openSUSE Tumbleweed., org.opencontainers.image.version=20260930.37.208, org.opensuse.reference=registry.opensuse.org/opensuse/tumbleweed:20260930.37.208, org.opensuse.base.version=20260930.37.208, qdistro_tier3s_token=2c55ba49fac9b5927d1ea19e6c80edda, org.opensuse.base.title=openSUSE Tumbleweed Base Container, org.opensuse.base.lifecycle-url=https://en.opensuse.org/Lifetime, org.opensuse.base.disturl=obs://build.opensuse.org/openSUSE:Factory/images/561f9d4c8e4e1a441f95ad4ec6b5a914-opensuse-tumbleweed-image:docker, org.opensuse.base.url=https://www.opensuse.org, org.opensuse.base.vendor=openSUSE Project, io.buildah.version=1.44.1, org.opensuse.base.created=2026-09-30T20:05:54.126624488Z, qdistro_tier3s_unit=qdistro-tier3s-silo@s122a.service, org.opensuse.base.source=https://build.opensuse.org/package/show/openSUSE:Factory/opensuse-tumbleweed-image?rev=561f9d4c8e4e1a441f95ad4ec6b5a914, org.qdistro.snapshot=20260930, org.qdistro.tier3s.workload=headless-smoke, org.opencontainers.image.title=openSUSE Tumbleweed Base Container, org.openbuildservice.disturl=obs://build.opensuse.org/openSUSE:Factory/images/561f9d4c8e4e1a441f95ad4ec6b5a914-opensuse-tumbleweed-image:docker, org.opensuse.base.reference=registry.opensuse.org/opensuse/tumbleweed:20260930.37.208, org.opensuse.base.description=Image containing a minimal environment for containers based on openSUSE Tumbleweed., org.opencontainers.image.vendor=openSUSE Project, org.opensuse.lifecycle-url=https://en.opensuse.org/Lifetime)
Oct 03 16:45:13 baseweed-admin runuser[16518]: pam_unix(runuser:session): session opened for user admin(uid=1000) by (uid=0)
Oct 03 16:45:13 baseweed-admin systemd[857]: Started podman-16519.scope.
Oct 03 16:45:13 baseweed-admin qemu-ga[680]: info: guest-exec-status called, pid: 3529
Oct 03 16:45:13 baseweed-admin podman[16504]: 2026-10-03 16:45:13.979036839 +0000 UTC m=+0.693455297 container init abf39d75631c608c8541cd41402e2234579c3bcd0046cc03b4919abd2715c276 (image=localhost/qdistro/tier3s-headless-smoke:latest, name=qdistro-tier3s-s122a, org.opensuse.base.lifecycle-url=https://en.opensuse.org/Lifetime, org.opencontainers.image.description=Image containing a minimal environment for containers based on openSUSE Tumbleweed., org.opensuse.base.disturl=obs://build.opensuse.org/openSUSE:Factory/images/561f9d4c8e4e1a441f95ad4ec6b5a914-opensuse-tumbleweed-image:docker, org.opencontainers.image.vendor=openSUSE Project, org.opensuse.base.title=openSUSE Tumbleweed Base Container, org.opencontainers.image.source=https://build.opensuse.org/package/show/openSUSE:Factory/opensuse-tumbleweed-image?rev=561f9d4c8e4e1a441f95ad4ec6b5a914, org.opensuse.base.reference=registry.opensuse.org/opensuse/tumbleweed:20260930.37.208, org.opencontainers.image.version=20260930.37.208, org.opensuse.base.description=Image containing a minimal environment for containers based on openSUSE Tumbleweed., qdistro_tier3s_token=2c55ba49fac9b5927d1ea19e6c80edda, io.buildah.version=1.44.1, org.opensuse.reference=registry.opensuse.org/opensuse/tumbleweed:20260930.37.208, org.opensuse.base.version=20260930.37.208, org.opensuse.lifecycle-url=https://en.opensuse.org/Lifetime, org.opencontainers.image.created=2026-09-30T20:05:54.126624488Z, qdistro_tier3s_unit=qdistro-tier3s-silo@s122a.service, org.opensuse.base.url=https://www.opensuse.org, org.opensuse.base.vendor=openSUSE Project, org.qdistro.snapshot=20260930, org.qdistro.tier3s.workload=headless-smoke, org.opencontainers.image.title=openSUSE Tumbleweed Base Container, org.opensuse.base.created=2026-09-30T20:05:54.126624488Z, org.openbuildservice.disturl=obs://build.opensuse.org/openSUSE:Factory/images/561f9d4c8e4e1a441f95ad4ec6b5a914-opensuse-tumbleweed-image:docker, org.opencontainers.image.url=https://www.opensuse.org, org.opensuse.base.source=https://build.opensuse.org/package/show/openSUSE:Factory/opensuse-tumbleweed-image?rev=561f9d4c8e4e1a441f95ad4ec6b5a914)
Oct 03 16:45:14 baseweed-admin podman[16504]: 2026-10-03 16:45:14.003860918 +0000 UTC m=+0.718279366 container start abf39d75631c608c8541cd41402e2234579c3bcd0046cc03b4919abd2715c276 (image=localhost/qdistro/tier3s-headless-smoke:latest, name=qdistro-tier3s-s122a, org.opencontainers.image.title=openSUSE Tumbleweed Base Container, org.opencontainers.image.vendor=openSUSE Project, org.opensuse.base.created=2026-09-30T20:05:54.126624488Z, org.opencontainers.image.url=https://www.opensuse.org, org.opencontainers.image.description=Image containing a minimal environment for containers based on openSUSE Tumbleweed., org.opensuse.base.disturl=obs://build.opensuse.org/openSUSE:Factory/images/561f9d4c8e4e1a441f95ad4ec6b5a914-opensuse-tumbleweed-image:docker, org.opensuse.base.vendor=openSUSE Project, org.opensuse.reference=registry.opensuse.org/opensuse/tumbleweed:20260930.37.208, org.opensuse.base.title=openSUSE Tumbleweed Base Container, org.opensuse.base.lifecycle-url=https://en.opensuse.org/Lifetime, org.opencontainers.image.source=https://build.opensuse.org/package/show/openSUSE:Factory/opensuse-tumbleweed-image?rev=561f9d4c8e4e1a441f95ad4ec6b5a914, org.opencontainers.image.version=20260930.37.208, org.opensuse.base.description=Image containing a minimal environment for containers based on openSUSE Tumbleweed., org.opencontainers.image.created=2026-09-30T20:05:54.126624488Z, qdistro_tier3s_token=2c55ba49fac9b5927d1ea19e6c80edda, io.buildah.version=1.44.1, org.opensuse.base.source=https://build.opensuse.org/package/show/openSUSE:Factory/opensuse-tumbleweed-image?rev=561f9d4c8e4e1a441f95ad4ec6b5a914, org.opensuse.base.reference=registry.opensuse.org/opensuse/tumbleweed:20260930.37.208, org.qdistro.snapshot=20260930, org.opensuse.lifecycle-url=https://en.opensuse.org/Lifetime, org.openbuildservice.disturl=obs://build.opensuse.org/openSUSE:Factory/images/561f9d4c8e4e1a441f95ad4ec6b5a914-opensuse-tumbleweed-image:docker, qdistro_tier3s_unit=qdistro-tier3s-silo@s122a.service, org.opensuse.base.url=https://www.opensuse.org, org.opensuse.base.version=20260930.37.208, org.qdistro.tier3s.workload=headless-smoke)
Oct 03 16:45:14 baseweed-admin qdistro-tier3s-s122a[16530]: SMOKE snapshot=20260930
Oct 03 16:45:14 baseweed-admin qdistro-tier3s-s122a[16530]: SMOKE kernel=Linux version 4.19.0-gvisor #1 SMP Sun Jan 10 15:06:54 PST 2016
Oct 03 16:45:14 baseweed-admin qdistro-tier3s-s122a[16530]: SMOKE dmesg=[    0.000000] Starting gVisor...
Oct 03 16:45:14 baseweed-admin qdistro-tier3s-s122a[16530]: SMOKE id=uid=1000(admin) gid=1000(admin) groups=1000(admin)
Oct 03 16:45:14 baseweed-admin qdistro-tier3s-s122a[16530]: SMOKE passwd=admin:x:1000:1000:qdistro admin:/home/admin:/bin/bash
Oct 03 16:45:14 baseweed-admin qdistro-tier3s-s122a[16530]: SMOKE home=/home/admin
Oct 03 16:45:14 baseweed-admin qdistro-tier3s-s122a[16530]: SMOKE lang=C.UTF-8 charmap=UTF-8 utf8_locales=2
Oct 03 16:45:14 baseweed-admin qdistro-tier3s-s122a[16530]: SMOKE mount /run/user/1000=1000:1000 700
Oct 03 16:45:14 baseweed-admin qdistro-tier3s-s122a[16530]: SMOKE mount /home/admin/.cache=1000:1000 700
Oct 03 16:45:14 baseweed-admin qdistro-tier3s-s122a[16530]: SMOKE mount /tmp=0:0 1777
Oct 03 16:45:14 baseweed-admin qdistro-tier3s-silo-launch[16504]: SMOKE snapshot=20260930
Oct 03 16:45:14 baseweed-admin qdistro-tier3s-silo-launch[16504]: SMOKE kernel=Linux version 4.19.0-gvisor #1 SMP Sun Jan 10 15:06:54 PST 2016
Oct 03 16:45:14 baseweed-admin qdistro-tier3s-silo-launch[16504]: SMOKE dmesg=[    0.000000] Starting gVisor...
Oct 03 16:45:14 baseweed-admin qdistro-tier3s-silo-launch[16504]: SMOKE id=uid=1000(admin) gid=1000(admin) groups=1000(admin)
Oct 03 16:45:14 baseweed-admin qdistro-tier3s-silo-launch[16504]: SMOKE passwd=admin:x:1000:1000:qdistro admin:/home/admin:/bin/bash
Oct 03 16:45:14 baseweed-admin qdistro-tier3s-silo-launch[16504]: SMOKE home=/home/admin
Oct 03 16:45:14 baseweed-admin qdistro-tier3s-silo-launch[16504]: SMOKE lang=C.UTF-8 charmap=UTF-8 utf8_locales=2
Oct 03 16:45:14 baseweed-admin qdistro-tier3s-silo-launch[16504]: SMOKE mount /run/user/1000=1000:1000 700
Oct 03 16:45:14 baseweed-admin qdistro-tier3s-silo-launch[16504]: SMOKE mount /home/admin/.cache=1000:1000 700
Oct 03 16:45:14 baseweed-admin qdistro-tier3s-silo-launch[16504]: SMOKE mount /tmp=0:0 1777
Oct 03 16:45:14 baseweed-admin podman[16504]: 2026-10-03 16:45:14.257977267 +0000 UTC m=+0.972395725 container attach abf39d75631c608c8541cd41402e2234579c3bcd0046cc03b4919abd2715c276 (image=localhost/qdistro/tier3s-headless-smoke:latest, name=qdistro-tier3s-s122a, org.opencontainers.image.version=20260930.37.208, org.opensuse.base.vendor=openSUSE Project, org.opensuse.base.version=20260930.37.208, org.opensuse.lifecycle-url=https://en.opensuse.org/Lifetime, org.opensuse.base.disturl=obs://build.opensuse.org/openSUSE:Factory/images/561f9d4c8e4e1a441f95ad4ec6b5a914-opensuse-tumbleweed-image:docker, org.qdistro.snapshot=20260930, org.opensuse.base.description=Image containing a minimal environment for containers based on openSUSE Tumbleweed., org.opencontainers.image.created=2026-09-30T20:05:54.126624488Z, qdistro_tier3s_token=2c55ba49fac9b5927d1ea19e6c80edda, io.buildah.version=1.44.1, org.opensuse.base.title=openSUSE Tumbleweed Base Container, org.opensuse.base.reference=registry.opensuse.org/opensuse/tumbleweed:20260930.37.208, org.opensuse.reference=registry.opensuse.org/opensuse/tumbleweed:20260930.37.208, org.qdistro.tier3s.workload=headless-smoke, org.opencontainers.image.vendor=openSUSE Project, org.openbuildservice.disturl=obs://build.opensuse.org/openSUSE:Factory/images/561f9d4c8e4e1a441f95ad4ec6b5a914-opensuse-tumbleweed-image:docker, qdistro_tier3s_unit=qdistro-tier3s-silo@s122a.service, org.opencontainers.image.url=https://www.opensuse.org, org.opensuse.base.source=https://build.opensuse.org/package/show/openSUSE:Factory/opensuse-tumbleweed-image?rev=561f9d4c8e4e1a441f95ad4ec6b5a914, org.opensuse.base.lifecycle-url=https://en.opensuse.org/Lifetime, org.opencontainers.image.title=openSUSE Tumbleweed Base Container, org.opensuse.base.created=2026-09-30T20:05:54.126624488Z, org.opencontainers.image.source=https://build.opensuse.org/package/show/openSUSE:Factory/opensuse-tumbleweed-image?rev=561f9d4c8e4e1a441f95ad4ec6b5a914, org.opencontainers.image.description=Image containing a minimal environment for containers based on openSUSE Tumbleweed., org.opensuse.base.url=https://www.opensuse.org)
Oct 03 16:45:14 baseweed-admin runuser[16518]: pam_unix(runuser:session): session closed for user admin
Oct 03 16:45:14 baseweed-admin qdistro-tier3s-silo-launch[16188]: spawn-tier3s: running: qdistro-tier3s-s122a sentry=16545 conmon=16530 in /system.slice/qdistro-tier3s-2c55ba49fac9b5927d1ea19e6c80edda.scope
Oct 03 16:45:14 baseweed-admin systemd[1]: Started qdistro tier-3s (gVisor) silo s122a (Experimental, dev profile only).
Oct 03 16:45:14 baseweed-admin qdistro-tier3s-s122a[16530]: SMOKE caps=inh:0000000000000000,prm:0000000000000000,eff:0000000000000000,bnd:0000000000000000,amb:0000000000000000
Oct 03 16:45:14 baseweed-admin qdistro-tier3s-silo-launch[16504]: SMOKE caps=inh:0000000000000000,prm:0000000000000000,eff:0000000000000000,bnd:0000000000000000,amb:0000000000000000
Oct 03 16:45:14 baseweed-admin runuser[16650]: pam_unix(runuser:session): session opened for user admin(uid=1000) by (uid=0)
Oct 03 16:45:14 baseweed-admin systemd[857]: Started podman-16651.scope.
Oct 03 16:45:14 baseweed-admin runuser[16650]: pam_unix(runuser:session): session closed for user admin
Oct 03 16:45:14 baseweed-admin qdistro-tier3s-s122a[16530]: SMOKE nnp=1 seccomp=2
Oct 03 16:45:14 baseweed-admin qdistro-tier3s-silo-launch[16504]: SMOKE nnp=1 seccomp=2
Oct 03 16:45:14 baseweed-admin qdistro-tier3s-s122a[16530]: SMOKE rootfs=ro
Oct 03 16:45:14 baseweed-admin qdistro-tier3s-silo-launch[16504]: SMOKE rootfs=ro
Oct 03 16:45:14 baseweed-admin qdistro-tier3s-s122a[16530]: SMOKE mountopts /run/user/1000=tmpfs:rw,nosuid,mode=0700,uid=1000,gid=1000
Oct 03 16:45:14 baseweed-admin qdistro-tier3s-silo-launch[16504]: SMOKE mountopts /run/user/1000=tmpfs:rw,nosuid,mode=0700,uid=1000,gid=1000
Oct 03 16:45:14 baseweed-admin qdistro-tier3s-s122a[16530]: SMOKE mountopts /home/admin/.cache=tmpfs:rw,nosuid,mode=0700,uid=1000,gid=1000
Oct 03 16:45:14 baseweed-admin qdistro-tier3s-silo-launch[16504]: SMOKE mountopts /home/admin/.cache=tmpfs:rw,nosuid,mode=0700,uid=1000,gid=1000
Oct 03 16:45:14 baseweed-admin qdistro-tier3s-s122a[16530]: SMOKE rootfs_write rc=1 err=touch: cannot touch '/home/admin/.smoke-rw': Read-only file system
Oct 03 16:45:14 baseweed-admin qdistro-tier3s-silo-launch[16504]: SMOKE rootfs_write rc=1 err=touch: cannot touch '/home/admin/.smoke-rw': Read-only file system
Oct 03 16:45:14 baseweed-admin qdistro-tier3s-s122a[16530]: SMOKE chmod rc=0 mode=600
Oct 03 16:45:14 baseweed-admin qdistro-tier3s-silo-launch[16504]: SMOKE chmod rc=0 mode=600
Oct 03 16:45:14 baseweed-admin qdistro-tier3s-s122a[16530]: SMOKE chmod_nofollow rc=1 mode=600
Oct 03 16:45:14 baseweed-admin qdistro-tier3s-silo-launch[16504]: SMOKE chmod_nofollow rc=1 mode=600
Oct 03 16:45:14 baseweed-admin qdistro-tier3s-s122a[16530]: SMOKE ls_l rc=0 stderr_bytes=0
Oct 03 16:45:14 baseweed-admin qdistro-tier3s-silo-launch[16504]: SMOKE ls_l rc=0 stderr_bytes=0
Oct 03 16:45:14 baseweed-admin dbus-run-session[1032]:   INFO qml: [20261003-164514]        PodApps cache refresh loaded 0 apps
Oct 03 16:45:14 baseweed-admin dbus-run-session[1032]:   INFO qml: [20261003-164514]        PodApps auto-scan: qdistro-tier3s-s122a transitioned to running
Oct 03 16:45:14 baseweed-admin qdistro-tier3s-s122a[16530]: SMOKE routes=2 links=lo,
Oct 03 16:45:14 baseweed-admin qdistro-tier3s-silo-launch[16504]: SMOKE routes=2 links=lo,
Oct 03 16:45:14 baseweed-admin qdistro-tier3s-s122a[16530]: SMOKE route_table=::1 dev lo proto unspec scope link ;127.0.0.0/8 dev lo proto unspec scope link ;
Oct 03 16:45:14 baseweed-admin qdistro-tier3s-s122a[16530]: SMOKE done
Oct 03 16:45:14 baseweed-admin qdistro-tier3s-silo-launch[16504]: SMOKE route_table=::1 dev lo proto unspec scope link ;127.0.0.0/8 dev lo proto unspec scope link ;
Oct 03 16:45:14 baseweed-admin qdistro-tier3s-silo-launch[16504]: SMOKE done
Oct 03 16:45:14 baseweed-admin qdistro-tier3s-silo-launch[16504]: SMOKE holding 600s
Oct 03 16:45:14 baseweed-admin qdistro-tier3s-s122a[16530]: SMOKE holding 600s
Oct 03 16:45:14 baseweed-admin systemd[857]: qdistro-polkit-agent.service: Scheduled restart job, restart counter is at 47.
Oct 03 16:45:14 baseweed-admin systemd[857]: Started qdistro polkit authentication agent (PAM / fprintd / broker).
Oct 03 16:45:14 baseweed-admin runuser[16697]: pam_unix(runuser:session): session opened for user admin(uid=1000) by (uid=0)
Oct 03 16:45:14 baseweed-admin qemu-ga[680]: info: guest-exec-status called, pid: 3529
Oct 03 16:45:14 baseweed-admin systemd[857]: Started podman-16698.scope.
Oct 03 16:45:14 baseweed-admin runuser[16697]: pam_unix(runuser:session): session closed for user admin
Oct 03 16:45:14 baseweed-admin runuser[16708]: pam_unix(runuser:session): session opened for user admin(uid=1000) by (uid=0)
Oct 03 16:45:14 baseweed-admin qdistro-polkit-agent[16690]: registration failed: org.freedesktop.PolicyKit1.Error.Failed: Cannot determine session the caller is in
Oct 03 16:45:14 baseweed-admin python3[16690]: qdistro-polkit-agent: registration failed: org.freedesktop.PolicyKit1.Error.Failed: Cannot determine session the caller is in
Oct 03 16:45:14 baseweed-admin systemd[857]: Started podman-16710.scope.
Oct 03 16:45:14 baseweed-admin systemd[857]: qdistro-polkit-agent.service: Main process exited, code=exited, status=1/FAILURE
Oct 03 16:45:14 baseweed-admin systemd[857]: qdistro-polkit-agent.service: Failed with result 'exit-code'.
Oct 03 16:45:14 baseweed-admin runuser[16708]: pam_unix(runuser:session): session closed for user admin
Oct 03 16:45:14 baseweed-admin systemd[1]: Starting qdistro session manager (user-silo lifecycle)...
Oct 03 16:45:15 baseweed-admin systemd[1]: Started qdistro session manager (user-silo lifecycle).
Oct 03 16:45:15 baseweed-admin runuser[16732]: pam_unix(runuser:session): session opened for user admin(uid=1000) by (uid=0)
Oct 03 16:45:15 baseweed-admin systemd[857]: Started podman-16745.scope.
Oct 03 16:45:15 baseweed-admin runuser[16732]: pam_unix(runuser:session): session closed for user admin
Oct 03 16:45:15 baseweed-admin runuser[16754]: pam_unix(runuser:session): session opened for user admin(uid=1000) by (uid=0)
Oct 03 16:45:15 baseweed-admin systemd[857]: Started podman-16763.scope.
Oct 03 16:45:15 baseweed-admin runuser[16754]: pam_unix(runuser:session): session closed for user admin
Oct 03 16:45:15 baseweed-admin qdistro_session_manager.py[16726]: 2026-10-03 16:45:15,238 WARNING qdistro_session_manager: tier3s reconciliation: stopping qdistro-tier3s-silo@s122a.service (no launch survives a session-manager restart)
Oct 03 16:45:15 baseweed-admin systemd[1]: Stopping qdistro tier-3s (gVisor) silo s122a (Experimental, dev profile only)...
Oct 03 16:45:15 baseweed-admin qdistro-tier3s-silo-launch[16188]: spawn-tier3s: signal: tearing down 2c55ba49fac9b5927d1ea19e6c80edda
Oct 03 16:45:15 baseweed-admin qdistro-tier3s-silo-launch[16188]: Terminated                 wait "$child"
Oct 03 16:45:15 baseweed-admin qdistro-tier3s-silo-launch[16783]: qdistro-tier3s-cleanup: 2c55ba49fac9b5927d1ea19e6c80edda: no control record but its scope is live; leaving /run/qdistro-tier3s/2c55ba49fac9b5927d1ea19e6c80edda
Oct 03 16:45:15 baseweed-admin qdistro-tier3s-silo-launch[16188]: spawn-tier3s: cleanup of 2c55ba49fac9b5927d1ea19e6c80edda FAILED; control record /run/qdistro-tier3s-ctl/2c55ba49fac9b5927d1ea19e6c80edda preserved
Oct 03 16:45:15 baseweed-admin systemd[1]: qdistro-tier3s-silo@s122a.service: Deactivated successfully.
Oct 03 16:45:15 baseweed-admin systemd[1]: Stopped qdistro tier-3s (gVisor) silo s122a (Experimental, dev profile only).
Oct 03 16:45:15 baseweed-admin systemd[1]: qdistro-tier3s-silo@s122a.service: Consumed 1.036s CPU time over 3.534s wall clock time.
Oct 03 16:45:15 baseweed-admin runuser[16477]: pam_unix(runuser:session): session closed for user admin
Oct 03 16:45:15 baseweed-admin systemd[1]: Stopping [systemd-run] /usr/libexec/qdistro/qdistro-tier3s-scope enter 2c55ba49fac9b5927d1ea19e6c80edda 1000 -- podman --runtime /usr/libexec/qdistro/tier3s-runsc --runtime-flag=network=none --cgroup-manager=cgroupfs run --rm --name qdistro-tier3s-s122a --label qdistro_tier3s_token=2c55ba49fac9b5927d1ea19e6c80edda --label qdistro_tier3s_unit=qdistro-tier3s-silo@s122a.service --security-opt label=disable --security-opt no-new-privileges --cap-drop=ALL --security-opt seccomp=/usr/lib/qdistro/tier3s/seccomp/headless-smoke.json --userns=keep-id --user 1000:1000 --read-only --tmpfs /tmp:rw,size=64m,mode=1777 --tmpfs /run/user/1000:rw,U,mode=0700 --tmpfs /home/admin/.cache:rw,U,mode=0700 --pids-limit=512 --network=none --env HOME=/home/admin --env XDG_RUNTIME_DIR=/run/user/1000 --env LANG=C.UTF-8 localhost/qdistro/tier3s-headless-smoke:latest qdistro-tier3s-smoke --hold 600...
Oct 03 16:45:15 baseweed-admin qdistro-tier3s-silo-launch[16477]: Session terminated, killing shell...
Oct 03 16:45:15 baseweed-admin qdistro-tier3s-silo-launch[16504]: time="2026-10-03T16:45:15Z" level=error msg="forwarding signal 15 to container abf39d75631c608c8541cd41402e2234579c3bcd0046cc03b4919abd2715c276: sending signal to container abf39d75631c608c8541cd41402e2234579c3bcd0046cc03b4919abd2715c276: `/usr/libexec/qdistro/tier3s-runsc --network=none kill abf39d75631c608c8541cd41402e2234579c3bcd0046cc03b4919abd2715c276 15` failed: signal: terminated"
Oct 03 16:45:15 baseweed-admin systemd[1]: Started [systemd-run] /usr/sbin/runuser -u admin -- env -i PATH=/usr/bin:/bin HOME=/home/admin USER=admin LOGNAME=admin XDG_RUNTIME_DIR=/run/user/1000 podman ps -a --filter label=qdistro_tier3s_token --format json.
Oct 03 16:45:15 baseweed-admin podman[16817]: 2026-10-03 16:45:15.337331302 +0000 UTC m=+0.016083882 container died abf39d75631c608c8541cd41402e2234579c3bcd0046cc03b4919abd2715c276 (image=localhost/qdistro/tier3s-headless-smoke:latest, name=qdistro-tier3s-s122a, org.opensuse.base.lifecycle-url=https://en.opensuse.org/Lifetime, org.qdistro.snapshot=20260930, org.opencontainers.image.title=openSUSE Tumbleweed Base Container, org.opencontainers.image.created=2026-09-30T20:05:54.126624488Z, org.opencontainers.image.description=Image containing a minimal environment for containers based on openSUSE Tumbleweed., org.opensuse.base.reference=registry.opensuse.org/opensuse/tumbleweed:20260930.37.208, org.opensuse.base.source=https://build.opensuse.org/package/show/openSUSE:Factory/opensuse-tumbleweed-image?rev=561f9d4c8e4e1a441f95ad4ec6b5a914, io.buildah.version=1.44.1, org.opensuse.base.disturl=obs://build.opensuse.org/openSUSE:Factory/images/561f9d4c8e4e1a441f95ad4ec6b5a914-opensuse-tumbleweed-image:docker, org.opensuse.base.vendor=openSUSE Project, org.opensuse.base.description=Image containing a minimal environment for containers based on openSUSE Tumbleweed., org.opensuse.base.title=openSUSE Tumbleweed Base Container, qdistro_tier3s_token=2c55ba49fac9b5927d1ea19e6c80edda, org.opencontainers.image.source=https://build.opensuse.org/package/show/openSUSE:Factory/opensuse-tumbleweed-image?rev=561f9d4c8e4e1a441f95ad4ec6b5a914, org.opencontainers.image.vendor=openSUSE Project, org.opensuse.base.created=2026-09-30T20:05:54.126624488Z, org.opensuse.base.version=20260930.37.208, org.opencontainers.image.version=20260930.37.208, org.qdistro.tier3s.workload=headless-smoke, org.opencontainers.image.url=https://www.opensuse.org, org.opensuse.lifecycle-url=https://en.opensuse.org/Lifetime, org.opensuse.reference=registry.opensuse.org/opensuse/tumbleweed:20260930.37.208, qdistro_tier3s_unit=qdistro-tier3s-silo@s122a.service, org.openbuildservice.disturl=obs://build.opensuse.org/openSUSE:Factory/images/561f9d4c8e4e1a441f95ad4ec6b5a914-opensuse-tumbleweed-image:docker, org.opensuse.base.url=https://www.opensuse.org)
Oct 03 16:45:15 baseweed-admin runuser[16819]: pam_unix(runuser:session): session opened for user admin(uid=1000) by (uid=0)
Oct 03 16:45:15 baseweed-admin dbus-run-session[1032]:   WARN: Process failed to start, likely because the binary could not be found. Command: QList("bluetoothctl", "show")
Oct 03 16:45:15 baseweed-admin qemu-ga[680]: info: guest-exec-status called, pid: 3529
Oct 03 16:45:16 baseweed-admin qemu-ga[680]: info: guest-exec-status called, pid: 3529
Oct 03 16:45:17 baseweed-admin qdistro-tier3s-silo-launch[16477]:  ...killed.
Oct 03 16:45:17 baseweed-admin podman[16817]: 2026-10-03 16:45:17.349221053 +0000 UTC m=+2.027973643 container remove abf39d75631c608c8541cd41402e2234579c3bcd0046cc03b4919abd2715c276 (image=localhost/qdistro/tier3s-headless-smoke:latest, name=qdistro-tier3s-s122a, org.opencontainers.image.url=https://www.opensuse.org, org.opencontainers.image.vendor=openSUSE Project, org.opencontainers.image.source=https://build.opensuse.org/package/show/openSUSE:Factory/opensuse-tumbleweed-image?rev=561f9d4c8e4e1a441f95ad4ec6b5a914, org.opensuse.base.description=Image containing a minimal environment for containers based on openSUSE Tumbleweed., org.opensuse.base.created=2026-09-30T20:05:54.126624488Z, org.opensuse.base.source=https://build.opensuse.org/package/show/openSUSE:Factory/opensuse-tumbleweed-image?rev=561f9d4c8e4e1a441f95ad4ec6b5a914, qdistro_tier3s_unit=qdistro-tier3s-silo@s122a.service, org.openbuildservice.disturl=obs://build.opensuse.org/openSUSE:Factory/images/561f9d4c8e4e1a441f95ad4ec6b5a914-opensuse-tumbleweed-image:docker, org.opencontainers.image.version=20260930.37.208, org.opensuse.base.title=openSUSE Tumbleweed Base Container, qdistro_tier3s_token=2c55ba49fac9b5927d1ea19e6c80edda, org.opensuse.reference=registry.opensuse.org/opensuse/tumbleweed:20260930.37.208, org.qdistro.snapshot=20260930, org.qdistro.tier3s.workload=headless-smoke, io.buildah.version=1.44.1, org.opensuse.base.disturl=obs://build.opensuse.org/openSUSE:Factory/images/561f9d4c8e4e1a441f95ad4ec6b5a914-opensuse-tumbleweed-image:docker, org.opencontainers.image.description=Image containing a minimal environment for containers based on openSUSE Tumbleweed., org.opensuse.base.vendor=openSUSE Project, org.opensuse.base.version=20260930.37.208, org.opencontainers.image.created=2026-09-30T20:05:54.126624488Z, org.opensuse.lifecycle-url=https://en.opensuse.org/Lifetime, org.opensuse.base.reference=registry.opensuse.org/opensuse/tumbleweed:20260930.37.208, org.opencontainers.image.title=openSUSE Tumbleweed Base Container, org.opensuse.base.lifecycle-url=https://en.opensuse.org/Lifetime, org.opensuse.base.url=https://www.opensuse.org)
Oct 03 16:45:17 baseweed-admin systemd[1]: qdistro-tier3s-2c55ba49fac9b5927d1ea19e6c80edda.scope: Deactivated successfully.
Oct 03 16:45:17 baseweed-admin systemd[1]: Stopped [systemd-run] /usr/libexec/qdistro/qdistro-tier3s-scope enter 2c55ba49fac9b5927d1ea19e6c80edda 1000 -- podman --runtime /usr/libexec/qdistro/tier3s-runsc --runtime-flag=network=none --cgroup-manager=cgroupfs run --rm --name qdistro-tier3s-s122a --label qdistro_tier3s_token=2c55ba49fac9b5927d1ea19e6c80edda --label qdistro_tier3s_unit=qdistro-tier3s-silo@s122a.service --security-opt label=disable --security-opt no-new-privileges --cap-drop=ALL --security-opt seccomp=/usr/lib/qdistro/tier3s/seccomp/headless-smoke.json --userns=keep-id --user 1000:1000 --read-only --tmpfs /tmp:rw,size=64m,mode=1777 --tmpfs /run/user/1000:rw,U,mode=0700 --tmpfs /home/admin/.cache:rw,U,mode=0700 --pids-limit=512 --network=none --env HOME=/home/admin --env XDG_RUNTIME_DIR=/run/user/1000 --env LANG=C.UTF-8 localhost/qdistro/tier3s-headless-smoke:latest qdistro-tier3s-smoke --hold 600.
Oct 03 16:45:17 baseweed-admin systemd[1]: qdistro-tier3s-2c55ba49fac9b5927d1ea19e6c80edda.scope: Consumed 1.295s CPU time over 4.126s wall clock time.
Oct 03 16:45:17 baseweed-admin dbus-run-session[1032]:   WARN qml: [20261003-164517]        PodApps scan failed for qdistro-tier3s-s122a (exit 2)
Oct 03 16:45:17 baseweed-admin dbus-run-session[1032]:   WARN: Process failed to start, likely because the binary could not be found. Command: QList("bluetoothctl", "show")
Oct 03 16:45:17 baseweed-admin systemd[857]: Started podman-16829.scope.
Oct 03 16:45:17 baseweed-admin runuser[16819]: pam_unix(runuser:session): session closed for user admin
Oct 03 16:45:17 baseweed-admin systemd[1]: qdistro-t3s-call-16803-1-4106348518.scope: Deactivated successfully.
Oct 03 16:45:17 baseweed-admin qdistro_session_manager.py[16726]: 2026-10-03 16:45:17,785 INFO qdistro_session_manager: disposable lease sweeps (TTL + proctree-empty) every 60s
Oct 03 16:45:17 baseweed-admin runuser[17117]: pam_unix(runuser:session): session opened for user admin(uid=1000) by (uid=0)
Oct 03 16:45:17 baseweed-admin systemd[857]: Started podman-17119.scope.
Oct 03 16:45:17 baseweed-admin runuser[17117]: pam_unix(runuser:session): session closed for user admin
Oct 03 16:45:17 baseweed-admin runuser[17133]: pam_unix(runuser:session): session opened for user admin(uid=1000) by (uid=0)
Oct 03 16:45:17 baseweed-admin runuser[17132]: pam_unix(runuser:session): session opened for user admin(uid=1000) by (uid=0)
Oct 03 16:45:17 baseweed-admin systemd[857]: Started podman-17134.scope.
Oct 03 16:45:17 baseweed-admin systemd[857]: Started podman-17136.scope.
Oct 03 16:45:17 baseweed-admin runuser[17133]: pam_unix(runuser:session): session closed for user admin
Oct 03 16:45:17 baseweed-admin runuser[17132]: pam_unix(runuser:session): session closed for user admin
Oct 03 16:45:17 baseweed-admin runuser[17153]: pam_unix(runuser:session): session opened for user admin(uid=1000) by (uid=0)
Oct 03 16:45:17 baseweed-admin systemd[857]: Started podman-17154.scope.
Oct 03 16:45:17 baseweed-admin runuser[17153]: pam_unix(runuser:session): session closed for user admin
Oct 03 16:45:17 baseweed-admin runuser[17171]: pam_unix(runuser:session): session opened for user admin(uid=1000) by (uid=0)
Oct 03 16:45:17 baseweed-admin runuser[17171]: pam_unix(runuser:session): session closed for user admin
Oct 03 16:45:17 baseweed-admin systemd[1]: Stopping qdistro session manager (user-silo lifecycle)...
Oct 03 16:45:17 baseweed-admin systemd[1]: qdistro-session-manager.service: Deactivated successfully.
Oct 03 16:45:17 baseweed-admin systemd[1]: Stopped qdistro session manager (user-silo lifecycle).
Oct 03 16:45:17 baseweed-admin runuser[17181]: pam_unix(runuser:session): session opened for user admin(uid=1000) by (uid=0)
Oct 03 16:45:17 baseweed-admin systemd[857]: qdistro-polkit-agent.service: Scheduled restart job, restart counter is at 48.
Oct 03 16:45:17 baseweed-admin systemd[857]: Started podman-17182.scope.
Oct 03 16:45:17 baseweed-admin systemd[857]: Started qdistro polkit authentication agent (PAM / fprintd / broker).
Oct 03 16:45:18 baseweed-admin qemu-ga[680]: info: guest-exec-status called, pid: 3529
Oct 03 16:45:18 baseweed-admin qdistro-polkit-agent[17191]: registration failed: org.freedesktop.PolicyKit1.Error.Failed: Cannot determine session the caller is in
Oct 03 16:45:18 baseweed-admin python3[17191]: qdistro-polkit-agent: registration failed: org.freedesktop.PolicyKit1.Error.Failed: Cannot determine session the caller is in
Oct 03 16:45:18 baseweed-admin systemd[857]: qdistro-polkit-agent.service: Main process exited, code=exited, status=1/FAILURE
Oct 03 16:45:18 baseweed-admin systemd[857]: qdistro-polkit-agent.service: Failed with result 'exit-code'.
Oct 03 16:45:18 baseweed-admin podman[17182]: 2026-10-03 16:45:17.986619822 +0000 UTC m=+0.022887723 image pull 1eee52a21ad86f065d227988b4ff8e279fe838e4ed84ee77f2aed0d372deae92 localhost/qdistro/tier3s-headless-smoke:latest
Oct 03 16:45:18 baseweed-admin podman[17182]: 2026-10-03 16:45:18.724511485 +0000 UTC m=+0.760779386 container create 7ac14ffb4738085724b60626b671ba8c5cb92a309ca20fb92a2b1e27002fadb6 (image=localhost/qdistro/tier3s-headless-smoke:latest, name=qdistro-tier3s-ghost, org.opencontainers.image.title=openSUSE Tumbleweed Base Container, org.opensuse.base.title=openSUSE Tumbleweed Base Container, org.opensuse.lifecycle-url=https://en.opensuse.org/Lifetime, org.opencontainers.image.vendor=openSUSE Project, org.opencontainers.image.description=Image containing a minimal environment for containers based on openSUSE Tumbleweed., org.opensuse.base.description=Image containing a minimal environment for containers based on openSUSE Tumbleweed., org.opensuse.base.lifecycle-url=https://en.opensuse.org/Lifetime, qdistro_tier3s_token=d50edb380fcff15bfbb7d0e26128cd8d, org.opensuse.reference=registry.opensuse.org/opensuse/tumbleweed:20260930.37.208, org.opensuse.base.disturl=obs://build.opensuse.org/openSUSE:Factory/images/561f9d4c8e4e1a441f95ad4ec6b5a914-opensuse-tumbleweed-image:docker, org.opensuse.base.url=https://www.opensuse.org, org.opensuse.base.reference=registry.opensuse.org/opensuse/tumbleweed:20260930.37.208, org.opencontainers.image.url=https://www.opensuse.org, org.opencontainers.image.source=https://build.opensuse.org/package/show/openSUSE:Factory/opensuse-tumbleweed-image?rev=561f9d4c8e4e1a441f95ad4ec6b5a914, org.openbuildservice.disturl=obs://build.opensuse.org/openSUSE:Factory/images/561f9d4c8e4e1a441f95ad4ec6b5a914-opensuse-tumbleweed-image:docker, io.buildah.version=1.44.1, org.opensuse.base.source=https://build.opensuse.org/package/show/openSUSE:Factory/opensuse-tumbleweed-image?rev=561f9d4c8e4e1a441f95ad4ec6b5a914, org.opencontainers.image.version=20260930.37.208, org.opencontainers.image.created=2026-09-30T20:05:54.126624488Z, org.opensuse.base.created=2026-09-30T20:05:54.126624488Z, org.opensuse.base.version=20260930.37.208, org.opensuse.base.vendor=openSUSE Project, org.qdistro.snapshot=20260930, org.qdistro.tier3s.workload=headless-smoke, qdistro_tier3s_unit=qdistro-tier3s-silo@ghost.service)
Oct 03 16:45:19 baseweed-admin qemu-ga[680]: info: guest-exec-status called, pid: 3529
Oct 03 16:45:19 baseweed-admin podman[17182]: 2026-10-03 16:45:19.385291505 +0000 UTC m=+1.421559427 container init 7ac14ffb4738085724b60626b671ba8c5cb92a309ca20fb92a2b1e27002fadb6 (image=localhost/qdistro/tier3s-headless-smoke:latest, name=qdistro-tier3s-ghost, org.qdistro.tier3s.workload=headless-smoke, org.opencontainers.image.version=20260930.37.208, org.opencontainers.image.created=2026-09-30T20:05:54.126624488Z, org.opensuse.base.version=20260930.37.208, org.opensuse.lifecycle-url=https://en.opensuse.org/Lifetime, org.opensuse.base.disturl=obs://build.opensuse.org/openSUSE:Factory/images/561f9d4c8e4e1a441f95ad4ec6b5a914-opensuse-tumbleweed-image:docker, qdistro_tier3s_unit=qdistro-tier3s-silo@ghost.service, org.opensuse.base.reference=registry.opensuse.org/opensuse/tumbleweed:20260930.37.208, org.opensuse.base.description=Image containing a minimal environment for containers based on openSUSE Tumbleweed., org.opencontainers.image.title=openSUSE Tumbleweed Base Container, org.openbuildservice.disturl=obs://build.opensuse.org/openSUSE:Factory/images/561f9d4c8e4e1a441f95ad4ec6b5a914-opensuse-tumbleweed-image:docker, org.opensuse.reference=registry.opensuse.org/opensuse/tumbleweed:20260930.37.208, org.opensuse.base.source=https://build.opensuse.org/package/show/openSUSE:Factory/opensuse-tumbleweed-image?rev=561f9d4c8e4e1a441f95ad4ec6b5a914, org.opencontainers.image.vendor=openSUSE Project, org.opensuse.base.url=https://www.opensuse.org, org.opensuse.base.title=openSUSE Tumbleweed Base Container, org.opencontainers.image.source=https://build.opensuse.org/package/show/openSUSE:Factory/opensuse-tumbleweed-image?rev=561f9d4c8e4e1a441f95ad4ec6b5a914, org.opensuse.base.vendor=openSUSE Project, org.opencontainers.image.description=Image containing a minimal environment for containers based on openSUSE Tumbleweed., org.opencontainers.image.url=https://www.opensuse.org, org.opensuse.base.lifecycle-url=https://en.opensuse.org/Lifetime, qdistro_tier3s_token=d50edb380fcff15bfbb7d0e26128cd8d, org.opensuse.base.created=2026-09-30T20:05:54.126624488Z, io.buildah.version=1.44.1, org.qdistro.snapshot=20260930)
Oct 03 16:45:19 baseweed-admin dbus-run-session[1032]:   WARN: Process failed to start, likely because the binary could not be found. Command: QList("bluetoothctl", "show")
Oct 03 16:45:19 baseweed-admin podman[17182]: 2026-10-03 16:45:19.409946823 +0000 UTC m=+1.446214734 container start 7ac14ffb4738085724b60626b671ba8c5cb92a309ca20fb92a2b1e27002fadb6 (image=localhost/qdistro/tier3s-headless-smoke:latest, name=qdistro-tier3s-ghost, org.opencontainers.image.version=20260930.37.208, org.opencontainers.image.description=Image containing a minimal environment for containers based on openSUSE Tumbleweed., org.opensuse.base.lifecycle-url=https://en.opensuse.org/Lifetime, org.opensuse.base.version=20260930.37.208, org.opensuse.lifecycle-url=https://en.opensuse.org/Lifetime, org.opensuse.base.vendor=openSUSE Project, org.opensuse.base.disturl=obs://build.opensuse.org/openSUSE:Factory/images/561f9d4c8e4e1a441f95ad4ec6b5a914-opensuse-tumbleweed-image:docker, org.qdistro.tier3s.workload=headless-smoke, org.opencontainers.image.created=2026-09-30T20:05:54.126624488Z, org.opensuse.base.title=openSUSE Tumbleweed Base Container, org.opensuse.reference=registry.opensuse.org/opensuse/tumbleweed:20260930.37.208, org.opensuse.base.source=https://build.opensuse.org/package/show/openSUSE:Factory/opensuse-tumbleweed-image?rev=561f9d4c8e4e1a441f95ad4ec6b5a914, org.qdistro.snapshot=20260930, org.opensuse.base.reference=registry.opensuse.org/opensuse/tumbleweed:20260930.37.208, qdistro_tier3s_token=d50edb380fcff15bfbb7d0e26128cd8d, org.opensuse.base.created=2026-09-30T20:05:54.126624488Z, org.opencontainers.image.source=https://build.opensuse.org/package/show/openSUSE:Factory/opensuse-tumbleweed-image?rev=561f9d4c8e4e1a441f95ad4ec6b5a914, org.opencontainers.image.vendor=openSUSE Project, qdistro_tier3s_unit=qdistro-tier3s-silo@ghost.service, org.opensuse.base.url=https://www.opensuse.org, org.opensuse.base.description=Image containing a minimal environment for containers based on openSUSE Tumbleweed., org.opencontainers.image.title=openSUSE Tumbleweed Base Container, org.opencontainers.image.url=https://www.opensuse.org, org.openbuildservice.disturl=obs://build.opensuse.org/openSUSE:Factory/images/561f9d4c8e4e1a441f95ad4ec6b5a914-opensuse-tumbleweed-image:docker, io.buildah.version=1.44.1)
Oct 03 16:45:19 baseweed-admin qdistro-tier3s-ghost[17197]: SMOKE snapshot=20260930
Oct 03 16:45:19 baseweed-admin qdistro-tier3s-ghost[17197]: SMOKE kernel=Linux version 4.19.0-gvisor #1 SMP Sun Jan 10 15:06:54 PST 2016
Oct 03 16:45:19 baseweed-admin qdistro-tier3s-ghost[17197]: SMOKE dmesg=[    0.000000] Starting gVisor...
Oct 03 16:45:19 baseweed-admin qdistro-tier3s-ghost[17197]: SMOKE id=uid=1000(admin) gid=1000(admin) groups=1000(admin)
Oct 03 16:45:19 baseweed-admin qdistro-tier3s-ghost[17197]: SMOKE passwd=admin:x:1000:1000:qdistro admin:/home/admin:/bin/bash
Oct 03 16:45:19 baseweed-admin qdistro-tier3s-ghost[17197]: SMOKE home=/home/admin
Oct 03 16:45:19 baseweed-admin qdistro-tier3s-ghost[17197]: SMOKE lang=C.UTF-8 charmap=UTF-8 utf8_locales=2
Oct 03 16:45:19 baseweed-admin qdistro-tier3s-ghost[17197]: SMOKE mount /run/user/1000=stat: cannot statx '/run/user/1000': No such file or directory
Oct 03 16:45:19 baseweed-admin runuser[17181]: pam_unix(runuser:session): session closed for user admin
Oct 03 16:45:19 baseweed-admin runuser[17264]: pam_unix(runuser:session): session opened for user admin(uid=1000) by (uid=0)
Oct 03 16:45:19 baseweed-admin qdistro-tier3s-ghost[17197]: SMOKE mount /home/admin/.cache=1000:1000 700
Oct 03 16:45:19 baseweed-admin systemd[857]: Started podman-17265.scope.
Oct 03 16:45:19 baseweed-admin runuser[17264]: pam_unix(runuser:session): session closed for user admin
Oct 03 16:45:19 baseweed-admin qdistro-tier3s-ghost[17197]: SMOKE mount /tmp=0:0 1777
Oct 03 16:45:19 baseweed-admin runuser[17274]: pam_unix(runuser:session): session opened for user admin(uid=1000) by (uid=0)
Oct 03 16:45:19 baseweed-admin systemd[857]: Started podman-17275.scope.
Oct 03 16:45:19 baseweed-admin runuser[17274]: pam_unix(runuser:session): session closed for user admin
Oct 03 16:45:19 baseweed-admin runuser[17286]: pam_unix(runuser:session): session opened for user admin(uid=1000) by (uid=0)
Oct 03 16:45:19 baseweed-admin systemd[857]: Started podman-17287.scope.
Oct 03 16:45:19 baseweed-admin runuser[17286]: pam_unix(runuser:session): session closed for user admin
Oct 03 16:45:19 baseweed-admin systemd[1]: Starting qdistro session manager (user-silo lifecycle)...
Oct 03 16:45:19 baseweed-admin qdistro-tier3s-ghost[17197]: SMOKE caps=inh:0000000000000000,prm:0000000000000000,eff:0000000000000000,bnd:0000000000000000,amb:0000000000000000
Oct 03 16:45:19 baseweed-admin qdistro-tier3s-ghost[17197]: SMOKE nnp=1 seccomp=2
Oct 03 16:45:19 baseweed-admin qdistro-tier3s-ghost[17197]: SMOKE rootfs=ro
Oct 03 16:45:19 baseweed-admin qdistro-tier3s-ghost[17197]: SMOKE mountopts /run/user/1000=
Oct 03 16:45:19 baseweed-admin qdistro-tier3s-ghost[17197]: SMOKE mountopts /home/admin/.cache=
Oct 03 16:45:19 baseweed-admin systemd[1]: Started qdistro session manager (user-silo lifecycle).
Oct 03 16:45:20 baseweed-admin qdistro-tier3s-ghost[17197]: SMOKE rootfs_write rc=1 err=touch: cannot touch '/home/admin/.smoke-rw': Read-only file system
Oct 03 16:45:20 baseweed-admin runuser[17308]: pam_unix(runuser:session): session opened for user admin(uid=1000) by (uid=0)
Oct 03 16:45:20 baseweed-admin runuser[17310]: pam_unix(runuser:session): session opened for user admin(uid=1000) by (uid=0)
Oct 03 16:45:20 baseweed-admin systemd[857]: Started podman-17312.scope.
Oct 03 16:45:20 baseweed-admin runuser[17310]: pam_unix(runuser:session): session closed for user admin
Oct 03 16:45:20 baseweed-admin qdistro-tier3s-ghost[17197]: SMOKE chmod rc=0 mode=600
Oct 03 16:45:20 baseweed-admin systemd[857]: Started podman-17328.scope.
Oct 03 16:45:20 baseweed-admin runuser[17308]: pam_unix(runuser:session): session closed for user admin
Oct 03 16:45:20 baseweed-admin runuser[17339]: pam_unix(runuser:session): session opened for user admin(uid=1000) by (uid=0)
Oct 03 16:45:20 baseweed-admin qemu-ga[680]: info: guest-exec-status called, pid: 3529
Oct 03 16:45:20 baseweed-admin qdistro-tier3s-ghost[17197]: SMOKE chmod_nofollow rc=1 mode=600
Oct 03 16:45:20 baseweed-admin systemd[857]: Started podman-17348.scope.
Oct 03 16:45:20 baseweed-admin runuser[17339]: pam_unix(runuser:session): session closed for user admin
Oct 03 16:45:20 baseweed-admin systemd[1]: Started [systemd-run] /usr/sbin/runuser -u admin -- env -i PATH=/usr/bin:/bin HOME=/home/admin USER=admin LOGNAME=admin XDG_RUNTIME_DIR=/run/user/1000 podman ps -a --filter label=qdistro_tier3s_token --format json.
Oct 03 16:45:20 baseweed-admin runuser[17375]: pam_unix(runuser:session): session opened for user admin(uid=1000) by (uid=0)
Oct 03 16:45:20 baseweed-admin qdistro-tier3s-ghost[17197]: SMOKE ls_l rc=0 stderr_bytes=0
Oct 03 16:45:20 baseweed-admin systemd[857]: Started podman-17376.scope.
Oct 03 16:45:20 baseweed-admin runuser[17375]: pam_unix(runuser:session): session closed for user admin
Oct 03 16:45:20 baseweed-admin systemd[1]: qdistro-t3s-call-17360-1-1882431196.scope: Deactivated successfully.
Oct 03 16:45:20 baseweed-admin qdistro-tier3s-ghost[17197]: SMOKE routes=2 links=lo,
Oct 03 16:45:20 baseweed-admin systemd[1]: Started [systemd-run] /usr/sbin/runuser -u admin -- env -i PATH=/usr/bin:/bin HOME=/home/admin USER=admin LOGNAME=admin XDG_RUNTIME_DIR=/run/user/1000 podman rm -f -t 10 7ac14ffb4738085724b60626b671ba8c5cb92a309ca20fb92a2b1e27002fadb6.
Oct 03 16:45:20 baseweed-admin runuser[17430]: pam_unix(runuser:session): session opened for user admin(uid=1000) by (uid=0)
Oct 03 16:45:20 baseweed-admin systemd[857]: Started podman-17431.scope.
Oct 03 16:45:20 baseweed-admin qdistro-tier3s-ghost[17197]: SMOKE route_table=::1 dev lo proto unspec scope link ;127.0.0.0/8 dev lo proto unspec scope link ;
Oct 03 16:45:20 baseweed-admin qdistro-tier3s-ghost[17197]: SMOKE done
Oct 03 16:45:20 baseweed-admin qdistro-tier3s-ghost[17197]: SMOKE holding 600s
Oct 03 16:45:20 baseweed-admin runuser[17441]: pam_unix(runuser:session): session opened for user admin(uid=1000) by (uid=0)
Oct 03 16:45:20 baseweed-admin qdistro-tier3s-ghost[17197]: SMOKE term
Oct 03 16:45:20 baseweed-admin conmon[17197]: conmon 7ac14ffb4738085724b6 <nwarn>: Failed to open cgroups file: /sys/fs/cgroup/user.slice/user-1000.slice/user@1000.service/user.slice/podman-17182.scope/memory.events
Oct 03 16:45:20 baseweed-admin podman[17431]: 2026-10-03 16:45:20.599978811 +0000 UTC m=+0.336154588 container died 7ac14ffb4738085724b60626b671ba8c5cb92a309ca20fb92a2b1e27002fadb6 (image=localhost/qdistro/tier3s-headless-smoke:latest, name=qdistro-tier3s-ghost, qdistro_tier3s_token=d50edb380fcff15bfbb7d0e26128cd8d, qdistro_tier3s_unit=qdistro-tier3s-silo@ghost.service, org.opensuse.base.source=https://build.opensuse.org/package/show/openSUSE:Factory/opensuse-tumbleweed-image?rev=561f9d4c8e4e1a441f95ad4ec6b5a914, org.opensuse.lifecycle-url=https://en.opensuse.org/Lifetime, org.opensuse.base.version=20260930.37.208, org.opensuse.reference=registry.opensuse.org/opensuse/tumbleweed:20260930.37.208, org.openbuildservice.disturl=obs://build.opensuse.org/openSUSE:Factory/images/561f9d4c8e4e1a441f95ad4ec6b5a914-opensuse-tumbleweed-image:docker, org.opencontainers.image.version=20260930.37.208, org.opensuse.base.title=openSUSE Tumbleweed Base Container, org.opencontainers.image.source=https://build.opensuse.org/package/show/openSUSE:Factory/opensuse-tumbleweed-image?rev=561f9d4c8e4e1a441f95ad4ec6b5a914, org.opensuse.base.vendor=openSUSE Project, org.opensuse.base.url=https://www.opensuse.org, org.qdistro.snapshot=20260930, org.opencontainers.image.description=Image containing a minimal environment for containers based on openSUSE Tumbleweed., org.opencontainers.image.title=openSUSE Tumbleweed Base Container, org.opensuse.base.description=Image containing a minimal environment for containers based on openSUSE Tumbleweed., org.opencontainers.image.created=2026-09-30T20:05:54.126624488Z, org.opensuse.base.disturl=obs://build.opensuse.org/openSUSE:Factory/images/561f9d4c8e4e1a441f95ad4ec6b5a914-opensuse-tumbleweed-image:docker, org.opensuse.base.reference=registry.opensuse.org/opensuse/tumbleweed:20260930.37.208, org.opencontainers.image.url=https://www.opensuse.org, org.opensuse.base.created=2026-09-30T20:05:54.126624488Z, org.opensuse.base.lifecycle-url=https://en.opensuse.org/Lifetime, org.qdistro.tier3s.workload=headless-smoke, io.buildah.version=1.44.1, org.opencontainers.image.vendor=openSUSE Project)
Oct 03 16:45:21 baseweed-admin systemd[857]: qdistro-polkit-agent.service: Scheduled restart job, restart counter is at 49.
Oct 03 16:45:21 baseweed-admin systemd[857]: Started qdistro polkit authentication agent (PAM / fprintd / broker).
Oct 03 16:45:21 baseweed-admin qemu-ga[680]: info: guest-exec-status called, pid: 3529
Oct 03 16:45:21 baseweed-admin qdistro-polkit-agent[17476]: registration failed: org.freedesktop.PolicyKit1.Error.Failed: Cannot determine session the caller is in
Oct 03 16:45:21 baseweed-admin python3[17476]: qdistro-polkit-agent: registration failed: org.freedesktop.PolicyKit1.Error.Failed: Cannot determine session the caller is in
Oct 03 16:45:21 baseweed-admin systemd[857]: qdistro-polkit-agent.service: Main process exited, code=exited, status=1/FAILURE
Oct 03 16:45:21 baseweed-admin systemd[857]: qdistro-polkit-agent.service: Failed with result 'exit-code'.
Oct 03 16:45:21 baseweed-admin dbus-run-session[1032]:   WARN: Process failed to start, likely because the binary could not be found. Command: QList("bluetoothctl", "show")
Oct 03 16:45:21 baseweed-admin systemd[857]: Started podman-17442.scope.
Oct 03 16:45:21 baseweed-admin runuser[17441]: pam_unix(runuser:session): session closed for user admin
Oct 03 16:45:22 baseweed-admin runuser[17497]: pam_unix(runuser:session): session opened for user admin(uid=1000) by (uid=0)
Oct 03 16:45:22 baseweed-admin qemu-ga[680]: info: guest-exec-status called, pid: 3529
Oct 03 16:45:23 baseweed-admin dbus-run-session[1032]:   WARN qml: [20261003-164523]        Network Connectivity check error: Error: Not authorized to recheck connectivity.
Oct 03 16:45:23 baseweed-admin qemu-ga[680]: info: guest-exec-status called, pid: 3529
Oct 03 16:45:23 baseweed-admin dbus-run-session[1032]:   WARN: Process failed to start, likely because the binary could not be found. Command: QList("bluetoothctl", "show")
Oct 03 16:45:23 baseweed-admin systemd[857]: Started podman-17498.scope.
Oct 03 16:45:24 baseweed-admin qemu-ga[680]: info: guest-exec-status called, pid: 3529
Oct 03 16:45:24 baseweed-admin systemd[857]: qdistro-polkit-agent.service: Scheduled restart job, restart counter is at 50.
Oct 03 16:45:24 baseweed-admin systemd[857]: Started qdistro polkit authentication agent (PAM / fprintd / broker).
Oct 03 16:45:24 baseweed-admin qdistro-polkit-agent[17542]: registration failed: org.freedesktop.PolicyKit1.Error.Failed: Cannot determine session the caller is in
Oct 03 16:45:24 baseweed-admin python3[17542]: qdistro-polkit-agent: registration failed: org.freedesktop.PolicyKit1.Error.Failed: Cannot determine session the caller is in
Oct 03 16:45:24 baseweed-admin systemd[857]: qdistro-polkit-agent.service: Main process exited, code=exited, status=1/FAILURE
Oct 03 16:45:24 baseweed-admin systemd[857]: qdistro-polkit-agent.service: Failed with result 'exit-code'.
Oct 03 16:45:24 baseweed-admin dbus-run-session[1032]:   WARN qml: [20261003-164524]       Location Weather is still fetching
Oct 03 16:45:24 baseweed-admin dbus-run-session[1032]:  ERROR qml: [20261003-164524]       Location Geocoding error: 0
Oct 03 16:45:25 baseweed-admin podman[17431]: 2026-10-03 16:45:25.120227325 +0000 UTC m=+4.856403101 container remove 7ac14ffb4738085724b60626b671ba8c5cb92a309ca20fb92a2b1e27002fadb6 (image=localhost/qdistro/tier3s-headless-smoke:latest, name=qdistro-tier3s-ghost, io.buildah.version=1.44.1, org.opencontainers.image.version=20260930.37.208, org.qdistro.snapshot=20260930, qdistro_tier3s_unit=qdistro-tier3s-silo@ghost.service, org.opencontainers.image.source=https://build.opensuse.org/package/show/openSUSE:Factory/opensuse-tumbleweed-image?rev=561f9d4c8e4e1a441f95ad4ec6b5a914, org.opensuse.base.source=https://build.opensuse.org/package/show/openSUSE:Factory/opensuse-tumbleweed-image?rev=561f9d4c8e4e1a441f95ad4ec6b5a914, org.opensuse.base.created=2026-09-30T20:05:54.126624488Z, org.opensuse.base.reference=registry.opensuse.org/opensuse/tumbleweed:20260930.37.208, org.qdistro.tier3s.workload=headless-smoke, org.openbuildservice.disturl=obs://build.opensuse.org/openSUSE:Factory/images/561f9d4c8e4e1a441f95ad4ec6b5a914-opensuse-tumbleweed-image:docker, org.opencontainers.image.vendor=openSUSE Project, org.opensuse.base.title=openSUSE Tumbleweed Base Container, org.opencontainers.image.description=Image containing a minimal environment for containers based on openSUSE Tumbleweed., org.opencontainers.image.title=openSUSE Tumbleweed Base Container, org.opensuse.base.description=Image containing a minimal environment for containers based on openSUSE Tumbleweed., org.opensuse.base.lifecycle-url=https://en.opensuse.org/Lifetime, org.opensuse.base.vendor=openSUSE Project, org.opensuse.base.version=20260930.37.208, org.opensuse.reference=registry.opensuse.org/opensuse/tumbleweed:20260930.37.208, org.opensuse.base.url=https://www.opensuse.org, qdistro_tier3s_token=d50edb380fcff15bfbb7d0e26128cd8d, org.opencontainers.image.url=https://www.opensuse.org, org.opencontainers.image.created=2026-09-30T20:05:54.126624488Z, org.opensuse.base.disturl=obs://build.opensuse.org/openSUSE:Factory/images/561f9d4c8e4e1a441f95ad4ec6b5a914-opensuse-tumbleweed-image:docker, org.opensuse.lifecycle-url=https://en.opensuse.org/Lifetime)
Oct 03 16:45:25 baseweed-admin runuser[17430]: pam_unix(runuser:session): session closed for user admin
Oct 03 16:45:25 baseweed-admin systemd[1]: qdistro-t3s-call-17360-2-400968063.scope: Deactivated successfully.
Oct 03 16:45:25 baseweed-admin systemd[857]: podman-17182.scope: Consumed 1.346s CPU time over 7.139s wall clock time.
Oct 03 16:45:25 baseweed-admin systemd[1]: Started [systemd-run] /usr/sbin/runuser -u admin -- env -i PATH=/usr/bin:/bin HOME=/home/admin USER=admin LOGNAME=admin XDG_RUNTIME_DIR=/run/user/1000 sh -c "podman container exists \"\$1\"; printf \"PMRC=%d\\n\" \"\$?\"" sh 7ac14ffb4738085724b60626b671ba8c5cb92a309ca20fb92a2b1e27002fadb6.
Oct 03 16:45:25 baseweed-admin runuser[17551]: pam_unix(runuser:session): session opened for user admin(uid=1000) by (uid=0)
Oct 03 16:45:25 baseweed-admin systemd[857]: Started podman-17553.scope.
Oct 03 16:45:25 baseweed-admin runuser[17551]: pam_unix(runuser:session): session closed for user admin
Oct 03 16:45:25 baseweed-admin systemd[1]: qdistro-t3s-call-17360-3-760585324.scope: Deactivated successfully.
Oct 03 16:45:25 baseweed-admin runuser[17497]: pam_unix(runuser:session): session closed for user admin
Oct 03 16:45:25 baseweed-admin runuser[17576]: pam_unix(runuser:session): session opened for user admin(uid=1000) by (uid=0)
Oct 03 16:45:25 baseweed-admin systemd[857]: Started podman-17585.scope.
Oct 03 16:45:25 baseweed-admin runuser[17576]: pam_unix(runuser:session): session closed for user admin
Oct 03 16:45:25 baseweed-admin runuser[17603]: pam_unix(runuser:session): session opened for user admin(uid=1000) by (uid=0)
Oct 03 16:45:25 baseweed-admin qemu-ga[680]: info: guest-exec-status called, pid: 3529
Oct 03 16:45:25 baseweed-admin qdistro_session_manager.py[17303]: 2026-10-03 16:45:25,298 INFO qdistro_session_manager: disposable lease sweeps (TTL + proctree-empty) every 60s
Oct 03 16:45:25 baseweed-admin runuser[17607]: pam_unix(runuser:session): session opened for user admin(uid=1000) by (uid=0)
Oct 03 16:45:25 baseweed-admin qdistro_session_manager.py[17303]: 2026-10-03 16:45:25,332 INFO qdistro_session_manager: userdel 's122a': already absent (rc=6) — treating as done
Oct 03 16:45:25 baseweed-admin systemd[857]: Started podman-17609.scope.
Oct 03 16:45:25 baseweed-admin runuser[17607]: pam_unix(runuser:session): session closed for user admin
Oct 03 16:45:25 baseweed-admin runuser[17621]: pam_unix(runuser:session): session opened for user admin(uid=1000) by (uid=0)
Oct 03 16:45:25 baseweed-admin qdistro_session_manager.py[17303]: 2026-10-03 16:45:25,373 INFO qdistro_session_manager: DeleteSilo name=s122a
Oct 03 16:45:25 baseweed-admin runuser[17603]: pam_unix(runuser:session): session closed for user admin
Oct 03 16:45:25 baseweed-admin runuser[17632]: pam_unix(runuser:session): session opened for user admin(uid=1000) by (uid=0)
Oct 03 16:45:25 baseweed-admin runuser[17632]: pam_unix(runuser:session): session closed for user admin
Oct 03 16:45:25 baseweed-admin dbus-run-session[1032]:   WARN: Process failed to start, likely because the binary could not be found. Command: QList("bluetoothctl", "show")
Oct 03 16:45:25 baseweed-admin systemd[857]: Started podman-17623.scope.
Oct 03 16:45:25 baseweed-admin runuser[17621]: pam_unix(runuser:session): session closed for user admin
Oct 03 16:45:25 baseweed-admin runuser[17638]: pam_unix(runuser:session): session opened for user admin(uid=1000) by (uid=0)
Oct 03 16:45:25 baseweed-admin qdistro_session_manager.py[17303]: 2026-10-03 16:45:25,442 INFO qdistro_session_manager: userdel 's122b': already absent (rc=6) — treating as done
Oct 03 16:45:25 baseweed-admin qdistro_session_manager.py[17303]: 2026-10-03 16:45:25,480 INFO qdistro_session_manager: DeleteSilo name=s122b
Oct 03 16:45:25 baseweed-admin runuser[17638]: pam_unix(runuser:session): session closed for user admin
Oct 03 16:45:25 baseweed-admin runuser[17644]: pam_unix(runuser:session): session opened for user admin(uid=1000) by (uid=0)
Oct 03 16:45:25 baseweed-admin runuser[17644]: pam_unix(runuser:session): session closed for user admin
Oct 03 16:45:25 baseweed-admin runuser[17660]: pam_unix(runuser:session): session opened for user admin(uid=1000) by (uid=0)
Oct 03 16:45:25 baseweed-admin systemd[857]: Started podman-17661.scope.
Oct 03 16:45:25 baseweed-admin runuser[17660]: pam_unix(runuser:session): session closed for user admin
Oct 03 16:45:26 baseweed-admin qemu-ga[680]: info: guest-exec-status called, pid: 3529
Oct 03 16:45:26 baseweed-admin qemu-ga[680]: info: guest-exec called: "/bin/sh -c rm -f /etc/qdistro/rules.d/50-tier3s-qci.yaml"
Oct 03 16:45:26 baseweed-admin qemu-ga[680]: info: guest-exec called: "/bin/sh -c qd_startof() {
                                               awk 'match($0,/\)[^)]*$/){s=substr($0,RSTART+2);split(s,f," ");print f[20]}' "/proc/$1/stat" 2>/dev/null
                                             }
                                             qd_ident_s=$(qd_startof 18056)
                                             # The guest's boot id rides along: a (pid, start time) pair is unique only
                                             # WITHIN one boot, and the orphan registry must never match it against a later
                                             # incarnation of the same VM name. "boot=" with nothing after it means the id
                                             # was unreadable; the host then does not register the command.
                                             qd_ident_b=$(cat /proc/sys/kernel/random/boot_id 2>/dev/null)
                                             if [ -n "$qd_ident_s" ]; then printf 'start=%s boot=%s\n' "$qd_ident_s" "$qd_ident_b"; else printf 'gone\n'; fi"
Oct 03 16:45:26 baseweed-admin qemu-ga[680]: info: guest-exec-status called, pid: 18068
Oct 03 16:45:26 baseweed-admin qemu-ga[680]: info: guest-exec-status called, pid: 18056
Oct 03 16:45:26 baseweed-admin qdistro_admin_broker.py[720]: [broker] rules reloaded (inotify): 0 rule(s), 0 error(s)
Oct 03 16:45:26 baseweed-admin qemu-ga[680]: info: guest-exec called: "/bin/sh -c journalctl -b --no-pager 2>/dev/null | tail -8000"
