Oct 03 16:39:52 baseweed-admin kernel: Linux version 7.2.8-1-default (geeko@buildhost) (gcc (SUSE Linux) 16.2.0, GNU ld (GNU Binutils; openSUSE Tumbleweed) 2.45.0.20251103-4) #1 SMP PREEMPT_DYNAMIC Sat Sep 26 07:00:58 UTC 2026 (9b36732)
Oct 03 16:39:52 baseweed-admin kernel: Command line: BOOT_IMAGE=/boot/vmlinuz-7.2.8-1-default root=UUID=1df5576d-c0e8-4d58-8321-036cc145665a rw quiet systemd.show_status=1 console=ttyS0,115200 console=tty0 security=selinux selinux=1
Oct 03 16:39:52 baseweed-admin kernel: [Firmware Bug]: TSC doesn't count with P0 frequency!
Oct 03 16:39:52 baseweed-admin kernel: BIOS-provided physical RAM map:
Oct 03 16:39:52 baseweed-admin kernel: BIOS-e820: [mem 0x0000000000000000-0x000000000009fbff]  System RAM
Oct 03 16:39:52 baseweed-admin kernel: BIOS-e820: [mem 0x000000000009fc00-0x000000000009ffff]  device reserved
Oct 03 16:39:52 baseweed-admin kernel: BIOS-e820: [gap 0x00000000000a0000-0x00000000000effff]
Oct 03 16:39:52 baseweed-admin kernel: BIOS-e820: [mem 0x00000000000f0000-0x00000000000fffff]  device reserved
Oct 03 16:39:52 baseweed-admin kernel: BIOS-e820: [mem 0x0000000000100000-0x00000000bffdbfff]  System RAM
Oct 03 16:39:52 baseweed-admin kernel: BIOS-e820: [mem 0x00000000bffdc000-0x00000000bfffffff]  device reserved
Oct 03 16:39:52 baseweed-admin kernel: BIOS-e820: [gap 0x00000000c0000000-0x00000000feffbfff]
Oct 03 16:39:52 baseweed-admin kernel: BIOS-e820: [mem 0x00000000feffc000-0x00000000feffffff]  device reserved
Oct 03 16:39:52 baseweed-admin kernel: BIOS-e820: [gap 0x00000000ff000000-0x00000000fffbffff]
Oct 03 16:39:52 baseweed-admin kernel: BIOS-e820: [mem 0x00000000fffc0000-0x00000000ffffffff]  device reserved
Oct 03 16:39:52 baseweed-admin kernel: BIOS-e820: [mem 0x0000000100000000-0x000000013fffffff]  System RAM
Oct 03 16:39:52 baseweed-admin kernel: BIOS-e820: [gap 0x0000000140000000-0x000000fcffffffff]
Oct 03 16:39:52 baseweed-admin kernel: BIOS-e820: [mem 0x000000fd00000000-0x000000ffffffffff]  device reserved
Oct 03 16:39:52 baseweed-admin kernel: NX (Execute Disable) protection: active
Oct 03 16:39:52 baseweed-admin kernel: APIC: Static calls initialized
Oct 03 16:39:52 baseweed-admin kernel: DMI: SMBIOS 2.8 present.
Oct 03 16:39:52 baseweed-admin kernel: DMI: QEMU Standard PC (i440FX + PIIX, 1996), BIOS rel-1.17.0-2-g4f253b9b-prebuilt.qemu.org 04/01/2014
Oct 03 16:39:52 baseweed-admin kernel: DMI: Memory slots populated: 1/1
Oct 03 16:39:52 baseweed-admin kernel: Hypervisor detected: KVM
Oct 03 16:39:52 baseweed-admin kernel: last_pfn = 0xbffdc max_arch_pfn = 0x400000000
Oct 03 16:39:52 baseweed-admin kernel: kvm-clock: Using msrs 4b564d01 and 4b564d00
Oct 03 16:39:52 baseweed-admin kernel: kvm-clock: using sched offset of 6945192681 cycles
Oct 03 16:39:52 baseweed-admin kernel: clocksource: kvm-clock: mask: 0xffffffffffffffff max_cycles: 0x1cd42e4dffb, max_idle_ns: 881590591483 ns
Oct 03 16:39:52 baseweed-admin kernel: tsc: Detected 2994.376 MHz processor
Oct 03 16:39:52 baseweed-admin kernel: e820: update [mem 0x00000000-0x00000fff] System RAM ==> device reserved
Oct 03 16:39:52 baseweed-admin kernel: e820: remove [mem 0x000a0000-0x000fffff] System RAM
Oct 03 16:39:52 baseweed-admin kernel: last_pfn = 0x140000 max_arch_pfn = 0x400000000
Oct 03 16:39:52 baseweed-admin kernel: MTRR map: 4 entries (3 fixed + 1 variable; max 19), built from 8 variable MTRRs
Oct 03 16:39:52 baseweed-admin kernel: x86/PAT: Configuration [0-7]: WB  WC  UC- UC  WB  WP  UC- WT  
Oct 03 16:39:52 baseweed-admin kernel: last_pfn = 0xbffdc max_arch_pfn = 0x400000000
Oct 03 16:39:52 baseweed-admin kernel: found SMP MP-table at [mem 0x000f5410-0x000f541f]
Oct 03 16:39:52 baseweed-admin kernel: Using GB pages for direct mapping
Oct 03 16:39:52 baseweed-admin kernel: RAMDISK: [mem 0x304ad000-0x3424dfff]
Oct 03 16:39:52 baseweed-admin kernel: ACPI: Early table checksum verification disabled
Oct 03 16:39:52 baseweed-admin kernel: ACPI: RSDP 0x00000000000F53D0 000014 (v00 BOCHS )
Oct 03 16:39:52 baseweed-admin kernel: ACPI: RSDT 0x00000000BFFE2119 000034 (v01 BOCHS  BXPC     00000001 BXPC 00000001)
Oct 03 16:39:52 baseweed-admin kernel: ACPI: FACP 0x00000000BFFE1FB5 000074 (v01 BOCHS  BXPC     00000001 BXPC 00000001)
Oct 03 16:39:52 baseweed-admin kernel: ACPI: DSDT 0x00000000BFFDFD80 002235 (v01 BOCHS  BXPC     00000001 BXPC 00000001)
Oct 03 16:39:52 baseweed-admin kernel: ACPI: FACS 0x00000000BFFDFD40 000040
Oct 03 16:39:52 baseweed-admin kernel: ACPI: APIC 0x00000000BFFE2029 000090 (v03 BOCHS  BXPC     00000001 BXPC 00000001)
Oct 03 16:39:52 baseweed-admin kernel: ACPI: HPET 0x00000000BFFE20B9 000038 (v01 BOCHS  BXPC     00000001 BXPC 00000001)
Oct 03 16:39:52 baseweed-admin kernel: ACPI: WAET 0x00000000BFFE20F1 000028 (v01 BOCHS  BXPC     00000001 BXPC 00000001)
Oct 03 16:39:52 baseweed-admin kernel: ACPI: Reserving FACP table memory at [mem 0xbffe1fb5-0xbffe2028]
Oct 03 16:39:52 baseweed-admin kernel: ACPI: Reserving DSDT table memory at [mem 0xbffdfd80-0xbffe1fb4]
Oct 03 16:39:52 baseweed-admin kernel: ACPI: Reserving FACS table memory at [mem 0xbffdfd40-0xbffdfd7f]
Oct 03 16:39:52 baseweed-admin kernel: ACPI: Reserving APIC table memory at [mem 0xbffe2029-0xbffe20b8]
Oct 03 16:39:52 baseweed-admin kernel: ACPI: Reserving HPET table memory at [mem 0xbffe20b9-0xbffe20f0]
Oct 03 16:39:52 baseweed-admin kernel: ACPI: Reserving WAET table memory at [mem 0xbffe20f1-0xbffe2118]
Oct 03 16:39:52 baseweed-admin kernel: No NUMA configuration found
Oct 03 16:39:52 baseweed-admin kernel: Faking a node at [mem 0x0000000000000000-0x000000013fffffff]
Oct 03 16:39:52 baseweed-admin kernel: NODE_DATA(0) allocated [mem 0x13ffd2f80-0x13fffdfff]
Oct 03 16:39:52 baseweed-admin kernel: ACPI: PM-Timer IO Port: 0x608
Oct 03 16:39:52 baseweed-admin kernel: ACPI: LAPIC_NMI (acpi_id[0xff] dfl dfl lint[0x1])
Oct 03 16:39:52 baseweed-admin kernel: IOAPIC[0]: apic_id 0, version 17, address 0xfec00000, GSI 0-23
Oct 03 16:39:52 baseweed-admin kernel: ACPI: INT_SRC_OVR (bus 0 bus_irq 0 global_irq 2 dfl dfl)
Oct 03 16:39:52 baseweed-admin kernel: ACPI: INT_SRC_OVR (bus 0 bus_irq 5 global_irq 5 high level)
Oct 03 16:39:52 baseweed-admin kernel: ACPI: INT_SRC_OVR (bus 0 bus_irq 9 global_irq 9 high level)
Oct 03 16:39:52 baseweed-admin kernel: ACPI: INT_SRC_OVR (bus 0 bus_irq 10 global_irq 10 high level)
Oct 03 16:39:52 baseweed-admin kernel: ACPI: INT_SRC_OVR (bus 0 bus_irq 11 global_irq 11 high level)
Oct 03 16:39:52 baseweed-admin kernel: ACPI: Using ACPI (MADT) for SMP configuration information
Oct 03 16:39:52 baseweed-admin kernel: ACPI: HPET id: 0x8086a201 base: 0xfed00000
Oct 03 16:39:52 baseweed-admin kernel: TSC deadline timer available
Oct 03 16:39:52 baseweed-admin kernel: CPU topo: Max. logical packages:   4
Oct 03 16:39:52 baseweed-admin kernel: CPU topo: Max. logical nodes:      1
Oct 03 16:39:52 baseweed-admin kernel: CPU topo: Num. nodes per package:  1
Oct 03 16:39:52 baseweed-admin kernel: CPU topo: Max. logical dies:       4
Oct 03 16:39:52 baseweed-admin kernel: CPU topo: Max. dies per package:   1
Oct 03 16:39:52 baseweed-admin kernel: CPU topo: Max. threads per core:   1
Oct 03 16:39:52 baseweed-admin kernel: CPU topo: Num. cores per package:     1
Oct 03 16:39:52 baseweed-admin kernel: CPU topo: Num. threads per package:   1
Oct 03 16:39:52 baseweed-admin kernel: CPU topo: Allowing 4 present CPUs plus 0 hotplug CPUs
Oct 03 16:39:52 baseweed-admin kernel: kvm-guest: APIC: eoi() replaced with kvm_guest_apic_eoi_write()
Oct 03 16:39:52 baseweed-admin kernel: kvm-guest: KVM setup pv remote TLB flush
Oct 03 16:39:52 baseweed-admin kernel: kvm-guest: setup PV sched yield
Oct 03 16:39:52 baseweed-admin kernel: PM: hibernation: Registered nosave memory: [mem 0x00000000-0x00000fff]
Oct 03 16:39:52 baseweed-admin kernel: PM: hibernation: Registered nosave memory: [mem 0x0009f000-0x000fffff]
Oct 03 16:39:52 baseweed-admin kernel: PM: hibernation: Registered nosave memory: [mem 0xbffdc000-0xffffffff]
Oct 03 16:39:52 baseweed-admin kernel: [gap 0xc0000000-0xfeffbfff] available for PCI devices
Oct 03 16:39:52 baseweed-admin kernel: Booting paravirtualized kernel on KVM
Oct 03 16:39:52 baseweed-admin kernel: clocksource: refined-jiffies: mask: 0xffffffff max_cycles: 0xffffffff, max_idle_ns: 1910969940391419 ns
Oct 03 16:39:52 baseweed-admin kernel: Zone ranges:
Oct 03 16:39:52 baseweed-admin kernel:   DMA      [mem 0x0000000000001000-0x0000000000ffffff]
Oct 03 16:39:52 baseweed-admin kernel:   DMA32    [mem 0x0000000001000000-0x00000000ffffffff]
Oct 03 16:39:52 baseweed-admin kernel:   Normal   [mem 0x0000000100000000-0x000000013fffffff]
Oct 03 16:39:52 baseweed-admin kernel:   Device   empty
Oct 03 16:39:52 baseweed-admin kernel: Movable zone start for each node
Oct 03 16:39:52 baseweed-admin kernel: Early memory node ranges
Oct 03 16:39:52 baseweed-admin kernel:   node   0: [mem 0x0000000000001000-0x000000000009efff]
Oct 03 16:39:52 baseweed-admin kernel:   node   0: [mem 0x0000000000100000-0x00000000bffdbfff]
Oct 03 16:39:52 baseweed-admin kernel:   node   0: [mem 0x0000000100000000-0x000000013fffffff]
Oct 03 16:39:52 baseweed-admin kernel: Initmem setup node 0 [mem 0x0000000000001000-0x000000013fffffff]
Oct 03 16:39:52 baseweed-admin kernel: On node 0, zone DMA: 1 pages in unavailable ranges
Oct 03 16:39:52 baseweed-admin kernel: On node 0, zone DMA: 97 pages in unavailable ranges
Oct 03 16:39:52 baseweed-admin kernel: On node 0, zone Normal: 36 pages in unavailable ranges
Oct 03 16:39:52 baseweed-admin kernel: setup_percpu: NR_CPUS:8192 nr_cpumask_bits:4 nr_cpu_ids:4 nr_node_ids:1
Oct 03 16:39:52 baseweed-admin kernel: percpu: Embedded 88 pages/cpu s237568 r8192 d114688 u524288
Oct 03 16:39:52 baseweed-admin kernel: pcpu-alloc: s237568 r8192 d114688 u524288 alloc=1*2097152
Oct 03 16:39:52 baseweed-admin kernel: pcpu-alloc: [0] 0 1 2 3 
Oct 03 16:39:52 baseweed-admin kernel: kvm-guest: PV spinlocks enabled
Oct 03 16:39:52 baseweed-admin kernel: PV qspinlock hash table entries: 256 (order: 0, 4096 bytes, linear)
Oct 03 16:39:52 baseweed-admin kernel: Kernel command line: BOOT_IMAGE=/boot/vmlinuz-7.2.8-1-default root=UUID=1df5576d-c0e8-4d58-8321-036cc145665a rw quiet systemd.show_status=1 console=ttyS0,115200 console=tty0 security=selinux selinux=1
Oct 03 16:39:52 baseweed-admin kernel: random: crng init done
Oct 03 16:39:52 baseweed-admin kernel: printk: log buffer data + meta data: 262144 + 1114112 = 1376256 bytes
Oct 03 16:39:52 baseweed-admin kernel: Dentry cache hash table entries: 524288 (order: 10, 4194304 bytes, linear)
Oct 03 16:39:52 baseweed-admin kernel: Inode-cache hash table entries: 262144 (order: 9, 2097152 bytes, linear)
Oct 03 16:39:52 baseweed-admin kernel: software IO TLB: area num 4.
Oct 03 16:39:52 baseweed-admin kernel: Fallback order for Node 0: 0 
Oct 03 16:39:52 baseweed-admin kernel: Built 1 zonelists, mobility grouping on.  Total pages: 1048442
Oct 03 16:39:52 baseweed-admin kernel: Policy zone: Normal
Oct 03 16:39:52 baseweed-admin kernel: mem auto-init: stack:off, heap alloc:off, heap free:off
Oct 03 16:39:52 baseweed-admin kernel: SLUB: HWalign=64, Order=0-3, MinObjects=0, CPUs=4, Nodes=1
Oct 03 16:39:52 baseweed-admin kernel: ftrace: allocating 52368 entries in 208 pages
Oct 03 16:39:52 baseweed-admin kernel: ftrace: allocated 208 pages with 3 groups
Oct 03 16:39:52 baseweed-admin kernel: Dynamic Preempt: full
Oct 03 16:39:52 baseweed-admin kernel: rcu: Preemptible hierarchical RCU implementation.
Oct 03 16:39:52 baseweed-admin kernel: rcu:         RCU event tracing is enabled.
Oct 03 16:39:52 baseweed-admin kernel: rcu:         RCU restricting CPUs from NR_CPUS=8192 to nr_cpu_ids=4.
Oct 03 16:39:52 baseweed-admin kernel:         Trampoline variant of Tasks RCU enabled.
Oct 03 16:39:52 baseweed-admin kernel:         Rude variant of Tasks RCU enabled.
Oct 03 16:39:52 baseweed-admin kernel:         Tracing variant of Tasks RCU enabled.
Oct 03 16:39:52 baseweed-admin kernel: rcu: RCU calculated value of scheduler-enlistment delay is 100 jiffies.
Oct 03 16:39:52 baseweed-admin kernel: rcu: Adjusting geometry for rcu_fanout_leaf=16, nr_cpu_ids=4
Oct 03 16:39:52 baseweed-admin kernel: RCU Tasks: Setting shift to 2 and lim to 1 rcu_task_cb_adjust=1 rcu_task_cpu_ids=4.
Oct 03 16:39:52 baseweed-admin kernel: RCU Tasks Rude: Setting shift to 2 and lim to 1 rcu_task_cb_adjust=1 rcu_task_cpu_ids=4.
Oct 03 16:39:52 baseweed-admin kernel: NR_IRQS: 524544, nr_irqs: 456, preallocated irqs: 16
Oct 03 16:39:52 baseweed-admin kernel: rcu: srcu_init: Setting srcu_struct sizes based on contention.
Oct 03 16:39:52 baseweed-admin kernel: clocksource: jiffies: mask: 0xffffffff max_cycles: 0xffffffff, max_idle_ns: 1911260446275000 ns
Oct 03 16:39:52 baseweed-admin kernel: Console: colour VGA+ 80x25
Oct 03 16:39:52 baseweed-admin kernel: printk: legacy console [tty0] enabled
Oct 03 16:39:52 baseweed-admin kernel: printk: legacy console [ttyS0] enabled
Oct 03 16:39:52 baseweed-admin kernel: ACPI: Core revision 20260408
Oct 03 16:39:52 baseweed-admin kernel: clocksource: hpet: mask: 0xffffffff max_cycles: 0xffffffff, max_idle_ns: 19112604467 ns
Oct 03 16:39:52 baseweed-admin kernel: APIC: Switch to symmetric I/O mode setup
Oct 03 16:39:52 baseweed-admin kernel: x2apic enabled
Oct 03 16:39:52 baseweed-admin kernel: APIC: Switched APIC routing to: physical x2apic
Oct 03 16:39:52 baseweed-admin kernel: kvm-guest: APIC: send_IPI_mask() replaced with kvm_send_ipi_mask()
Oct 03 16:39:52 baseweed-admin kernel: kvm-guest: APIC: send_IPI_mask_allbutself() replaced with kvm_send_ipi_mask_allbutself()
Oct 03 16:39:52 baseweed-admin kernel: kvm-guest: setup PV IPIs
Oct 03 16:39:52 baseweed-admin kernel: ..TIMER: vector=0x30 apic1=0 pin1=2 apic2=-1 pin2=-1
Oct 03 16:39:52 baseweed-admin kernel: clocksource: tsc-early: mask: 0xffffffffffffffff max_cycles: 0x2b2984d0609, max_idle_ns: 440795359805 ns
Oct 03 16:39:52 baseweed-admin kernel: Calibrating delay loop (skipped) preset value.. 5988.75 BogoMIPS (lpj=2994376)
Oct 03 16:39:52 baseweed-admin kernel: RDSEED32 is broken. Disabling the corresponding CPUID bit.
Oct 03 16:39:52 baseweed-admin kernel: x86/cpu: User Mode Instruction Prevention (UMIP) activated
Oct 03 16:39:52 baseweed-admin kernel: Last level iTLB entries: 4KB 512, 2MB 255, 4MB 127
Oct 03 16:39:52 baseweed-admin kernel: Last level dTLB entries: 4KB 512, 2MB 255, 4MB 127, 1GB 0
Oct 03 16:39:52 baseweed-admin kernel: mitigations: Enabled attack vectors: user_kernel, user_user, guest_host, guest_guest, SMT mitigations: auto
Oct 03 16:39:52 baseweed-admin kernel: Speculative Store Bypass: Mitigation: Speculative Store Bypass disabled via prctl
Oct 03 16:39:52 baseweed-admin kernel: Spectre V2 : Mitigation: Enhanced / Automatic IBRS
Oct 03 16:39:52 baseweed-admin kernel: Speculative Return Stack Overflow: Mitigation: IBPB on VMEXIT only
Oct 03 16:39:52 baseweed-admin kernel: Spectre V1 : Mitigation: usercopy/swapgs barriers and __user pointer sanitization
Oct 03 16:39:52 baseweed-admin kernel: Spectre V2 : Enabling IBPB for BPF
Oct 03 16:39:52 baseweed-admin kernel: Spectre V2 : mitigation: Enabling conditional Indirect Branch Prediction Barrier
Oct 03 16:39:52 baseweed-admin kernel: x86/fpu: Supporting XSAVE feature 0x001: 'x87 floating point registers'
Oct 03 16:39:52 baseweed-admin kernel: x86/fpu: Supporting XSAVE feature 0x002: 'SSE registers'
Oct 03 16:39:52 baseweed-admin kernel: x86/fpu: Supporting XSAVE feature 0x004: 'AVX registers'
Oct 03 16:39:52 baseweed-admin kernel: x86/fpu: Supporting XSAVE feature 0x020: 'AVX-512 opmask'
Oct 03 16:39:52 baseweed-admin kernel: x86/fpu: Supporting XSAVE feature 0x040: 'AVX-512 Hi256'
Oct 03 16:39:52 baseweed-admin kernel: x86/fpu: Supporting XSAVE feature 0x080: 'AVX-512 ZMM_Hi256'
Oct 03 16:39:52 baseweed-admin kernel: x86/fpu: Supporting XSAVE feature 0x200: 'Protection Keys User registers'
Oct 03 16:39:52 baseweed-admin kernel: x86/fpu: Supporting XSAVE feature 0x800: 'Control-flow User registers'
Oct 03 16:39:52 baseweed-admin kernel: x86/fpu: Supporting XSAVE feature 0x1000: 'Control-flow Kernel registers (KVM only)'
Oct 03 16:39:52 baseweed-admin kernel: x86/fpu: xstate_offset[2]:  576, xstate_sizes[2]:  256
Oct 03 16:39:52 baseweed-admin kernel: x86/fpu: xstate_offset[5]:  832, xstate_sizes[5]:   64
Oct 03 16:39:52 baseweed-admin kernel: x86/fpu: xstate_offset[6]:  896, xstate_sizes[6]:  512
Oct 03 16:39:52 baseweed-admin kernel: x86/fpu: xstate_offset[7]: 1408, xstate_sizes[7]: 1024
Oct 03 16:39:52 baseweed-admin kernel: x86/fpu: xstate_offset[9]: 2432, xstate_sizes[9]:    8
Oct 03 16:39:52 baseweed-admin kernel: x86/fpu: xstate_offset[11]: 2440, xstate_sizes[11]:   16
Oct 03 16:39:52 baseweed-admin kernel: x86/fpu: xstate_offset[12]: 2456, xstate_sizes[12]:   24
Oct 03 16:39:52 baseweed-admin kernel: x86/fpu: Enabled xstate features 0x1ae7, context size is 2480 bytes, using 'compacted' format.
Oct 03 16:39:52 baseweed-admin kernel: pid_max: default: 32768 minimum: 301
Oct 03 16:39:52 baseweed-admin kernel: landlock: Up and running.
Oct 03 16:39:52 baseweed-admin kernel: Yama: becoming mindful.
Oct 03 16:39:52 baseweed-admin kernel: SELinux:  Initializing.
Oct 03 16:39:52 baseweed-admin kernel: LSM support for eBPF active
Oct 03 16:39:52 baseweed-admin kernel: Mount-cache hash table entries: 8192 (order: 4, 65536 bytes, linear)
Oct 03 16:39:52 baseweed-admin kernel: Mountpoint-cache hash table entries: 8192 (order: 4, 65536 bytes, linear)
Oct 03 16:39:52 baseweed-admin kernel: VFS: Finished mounting rootfs on nullfs
Oct 03 16:39:52 baseweed-admin kernel: smpboot: CPU0: AMD RYZEN AI MAX+ PRO 395 w/ Radeon 8060S (family: 0x1a, model: 0x70, stepping: 0x0)
Oct 03 16:39:52 baseweed-admin kernel: Performance Events: Fam17h+ core perfctr, AMD PMU driver.
Oct 03 16:39:52 baseweed-admin kernel: ... version:                   2
Oct 03 16:39:52 baseweed-admin kernel: ... bit width:                 48
Oct 03 16:39:52 baseweed-admin kernel: ... generic counters:          6
Oct 03 16:39:52 baseweed-admin kernel: ... generic bitmap:            000000000000003f
Oct 03 16:39:52 baseweed-admin kernel: ... fixed-purpose counters:    0
Oct 03 16:39:52 baseweed-admin kernel: ... fixed-purpose bitmap:      0000000000000000
Oct 03 16:39:52 baseweed-admin kernel: ... value mask:                0000ffffffffffff
Oct 03 16:39:52 baseweed-admin kernel: ... max period:                00007fffffffffff
Oct 03 16:39:52 baseweed-admin kernel: ... global_ctrl mask:          000000000000003f
Oct 03 16:39:52 baseweed-admin kernel: signal: max sigframe size: 3376
Oct 03 16:39:52 baseweed-admin kernel: rcu: Hierarchical SRCU implementation.
Oct 03 16:39:52 baseweed-admin kernel: rcu:         Max phase no-delay instances is 400.
Oct 03 16:39:52 baseweed-admin kernel: Timer migration: 1 hierarchy levels; 8 children per group; 1 crossnode level
Oct 03 16:39:52 baseweed-admin kernel: smp: Bringing up secondary CPUs ...
Oct 03 16:39:52 baseweed-admin kernel: smpboot: x86: Booting SMP configuration:
Oct 03 16:39:52 baseweed-admin kernel: .... node  #0, CPUs:      #1 #2 #3
Oct 03 16:39:52 baseweed-admin kernel: smp: Brought up 1 node, 4 CPUs
Oct 03 16:39:52 baseweed-admin kernel: smpboot: Total of 4 processors activated (23955.00 BogoMIPS)
Oct 03 16:39:52 baseweed-admin kernel: node 0 deferred pages initialised in 42ms
Oct 03 16:39:52 baseweed-admin kernel: Memory: 3928396K/4193768K available (18797K kernel code, 3308K rwdata, 15668K rodata, 4768K init, 5744K bss, 258780K reserved, 0K cma-reserved)
Oct 03 16:39:52 baseweed-admin kernel: devtmpfs: initialized
Oct 03 16:39:52 baseweed-admin kernel: x86/mm: Memory block size: 128MB
Oct 03 16:39:52 baseweed-admin kernel: posixtimers hash table entries: 2048 (order: 3, 32768 bytes, linear)
Oct 03 16:39:52 baseweed-admin kernel: futex hash table entries: 1024 (65536 bytes on 1 NUMA nodes, total 64 KiB, linear).
Oct 03 16:39:52 baseweed-admin kernel: PM: RTC time: 16:39:50, date: 2026-10-03
Oct 03 16:39:52 baseweed-admin kernel: NET: Registered PF_NETLINK/PF_ROUTE protocol family
Oct 03 16:39:52 baseweed-admin kernel: DMA: preallocated 512 KiB GFP_KERNEL pool for atomic allocations
Oct 03 16:39:52 baseweed-admin kernel: DMA: preallocated 512 KiB GFP_KERNEL|GFP_DMA pool for atomic allocations
Oct 03 16:39:52 baseweed-admin kernel: DMA: preallocated 512 KiB GFP_KERNEL|GFP_DMA32 pool for atomic allocations
Oct 03 16:39:52 baseweed-admin kernel: audit: initializing netlink subsys (disabled)
Oct 03 16:39:52 baseweed-admin kernel: audit: type=2000 audit(1791045591.271:1): state=initialized audit_enabled=0 res=1
Oct 03 16:39:52 baseweed-admin kernel: thermal_sys: Registered thermal governor 'fair_share'
Oct 03 16:39:52 baseweed-admin kernel: thermal_sys: Registered thermal governor 'bang_bang'
Oct 03 16:39:52 baseweed-admin kernel: thermal_sys: Registered thermal governor 'step_wise'
Oct 03 16:39:52 baseweed-admin kernel: thermal_sys: Registered thermal governor 'user_space'
Oct 03 16:39:52 baseweed-admin kernel: cpuidle: using governor ladder
Oct 03 16:39:52 baseweed-admin kernel: cpuidle: using governor menu
Oct 03 16:39:52 baseweed-admin kernel: Freeing SMP alternatives memory: 48K
Oct 03 16:39:52 baseweed-admin kernel: acpiphp: ACPI Hot Plug PCI Controller Driver version: 0.5
Oct 03 16:39:52 baseweed-admin kernel: PCI: Using configuration type 1 for base access
Oct 03 16:39:52 baseweed-admin kernel: PCI: Using configuration type 1 for extended access
Oct 03 16:39:52 baseweed-admin kernel: kprobes: kprobe jump-optimization is enabled. All kprobes are optimized if possible.
Oct 03 16:39:52 baseweed-admin kernel: HugeTLB: registered 1.00 GiB page size, pre-allocated 0 pages
Oct 03 16:39:52 baseweed-admin kernel: HugeTLB: 16380 KiB vmemmap can be freed for a 1.00 GiB page
Oct 03 16:39:52 baseweed-admin kernel: HugeTLB: registered 2.00 MiB page size, pre-allocated 0 pages
Oct 03 16:39:52 baseweed-admin kernel: HugeTLB: 28 KiB vmemmap can be freed for a 2.00 MiB page
Oct 03 16:39:52 baseweed-admin kernel: ACPI: Added _OSI(Module Device)
Oct 03 16:39:52 baseweed-admin kernel: ACPI: Added _OSI(Processor Device)
Oct 03 16:39:52 baseweed-admin kernel: ACPI: Added _OSI(Processor Aggregator Device)
Oct 03 16:39:52 baseweed-admin kernel: ACPI: 1 ACPI AML tables successfully acquired and loaded
Oct 03 16:39:52 baseweed-admin kernel: ACPI: \_SB_: platform _OSC: OS support mask [006e7eff]
Oct 03 16:39:52 baseweed-admin kernel: ACPI: Interpreter enabled
Oct 03 16:39:52 baseweed-admin kernel: ACPI: PM: (supports S0 S3 S4 S5)
Oct 03 16:39:52 baseweed-admin kernel: ACPI: Using IOAPIC for interrupt routing
Oct 03 16:39:52 baseweed-admin kernel: PCI: Using host bridge windows from ACPI; if necessary, use "pci=nocrs" and report a bug
Oct 03 16:39:52 baseweed-admin kernel: PCI: Using E820 reservations for host bridge windows
Oct 03 16:39:52 baseweed-admin kernel: ACPI: Enabled 2 GPEs in block 00 to 0F
Oct 03 16:39:52 baseweed-admin kernel: ACPI: PCI Root Bridge [PCI0] (domain 0000 [bus 00-ff])
Oct 03 16:39:52 baseweed-admin kernel: acpiphp: Slot [2] registered
Oct 03 16:39:52 baseweed-admin kernel: acpiphp: Slot [3] registered
Oct 03 16:39:52 baseweed-admin kernel: acpiphp: Slot [4] registered
Oct 03 16:39:52 baseweed-admin kernel: acpiphp: Slot [5] registered
Oct 03 16:39:52 baseweed-admin kernel: acpiphp: Slot [6] registered
Oct 03 16:39:52 baseweed-admin kernel: acpiphp: Slot [7] registered
Oct 03 16:39:52 baseweed-admin kernel: acpiphp: Slot [8] registered
Oct 03 16:39:52 baseweed-admin kernel: acpiphp: Slot [9] registered
Oct 03 16:39:52 baseweed-admin kernel: acpiphp: Slot [10] registered
Oct 03 16:39:52 baseweed-admin kernel: acpiphp: Slot [11] registered
Oct 03 16:39:52 baseweed-admin kernel: acpiphp: Slot [12] registered
Oct 03 16:39:52 baseweed-admin kernel: acpiphp: Slot [13] registered
Oct 03 16:39:52 baseweed-admin kernel: acpiphp: Slot [14] registered
Oct 03 16:39:52 baseweed-admin kernel: acpiphp: Slot [15] registered
Oct 03 16:39:52 baseweed-admin kernel: acpiphp: Slot [17] registered
Oct 03 16:39:52 baseweed-admin kernel: acpiphp: Slot [18] registered
Oct 03 16:39:52 baseweed-admin kernel: acpiphp: Slot [19] registered
Oct 03 16:39:52 baseweed-admin kernel: acpiphp: Slot [20] registered
Oct 03 16:39:52 baseweed-admin kernel: acpiphp: Slot [21] registered
Oct 03 16:39:52 baseweed-admin kernel: acpiphp: Slot [22] registered
Oct 03 16:39:52 baseweed-admin kernel: acpiphp: Slot [23] registered
Oct 03 16:39:52 baseweed-admin kernel: acpiphp: Slot [24] registered
Oct 03 16:39:52 baseweed-admin kernel: acpiphp: Slot [25] registered
Oct 03 16:39:52 baseweed-admin kernel: acpiphp: Slot [26] registered
Oct 03 16:39:52 baseweed-admin kernel: acpiphp: Slot [27] registered
Oct 03 16:39:52 baseweed-admin kernel: acpiphp: Slot [28] registered
Oct 03 16:39:52 baseweed-admin kernel: acpiphp: Slot [29] registered
Oct 03 16:39:52 baseweed-admin kernel: acpiphp: Slot [30] registered
Oct 03 16:39:52 baseweed-admin kernel: acpiphp: Slot [31] registered
Oct 03 16:39:52 baseweed-admin kernel: PCI host bridge to bus 0000:00
Oct 03 16:39:52 baseweed-admin kernel: pci_bus 0000:00: root bus resource [io  0x0000-0x0cf7 window]
Oct 03 16:39:52 baseweed-admin kernel: pci_bus 0000:00: root bus resource [io  0x0d00-0xffff window]
Oct 03 16:39:52 baseweed-admin kernel: pci_bus 0000:00: root bus resource [mem 0x000a0000-0x000bffff window]
Oct 03 16:39:52 baseweed-admin kernel: pci_bus 0000:00: root bus resource [mem 0xc0000000-0xfebfffff window]
Oct 03 16:39:52 baseweed-admin kernel: pci_bus 0000:00: root bus resource [mem 0xe0000000000-0xe007fffffff window]
Oct 03 16:39:52 baseweed-admin kernel: pci_bus 0000:00: root bus resource [bus 00-ff]
Oct 03 16:39:52 baseweed-admin kernel: pci 0000:00:00.0: [8086:1237] type 00 class 0x060000 conventional PCI endpoint
Oct 03 16:39:52 baseweed-admin kernel: pci 0000:00:01.0: [8086:7000] type 00 class 0x060100 conventional PCI endpoint
Oct 03 16:39:52 baseweed-admin kernel: pci 0000:00:01.1: [8086:7010] type 00 class 0x010180 conventional PCI endpoint
Oct 03 16:39:52 baseweed-admin kernel: pci 0000:00:01.1: BAR 4 [io  0xc120-0xc12f]
Oct 03 16:39:52 baseweed-admin kernel: pci 0000:00:01.1: BAR 0 [io  0x01f0-0x01f7]: legacy IDE quirk
Oct 03 16:39:52 baseweed-admin kernel: pci 0000:00:01.1: BAR 1 [io  0x03f6]: legacy IDE quirk
Oct 03 16:39:52 baseweed-admin kernel: pci 0000:00:01.1: BAR 2 [io  0x0170-0x0177]: legacy IDE quirk
Oct 03 16:39:52 baseweed-admin kernel: pci 0000:00:01.1: BAR 3 [io  0x0376]: legacy IDE quirk
Oct 03 16:39:52 baseweed-admin kernel: pci 0000:00:01.3: [8086:7113] type 00 class 0x068000 conventional PCI endpoint
Oct 03 16:39:52 baseweed-admin kernel: pci 0000:00:01.3: quirk: [io  0x0600-0x063f] claimed by PIIX4 ACPI
Oct 03 16:39:52 baseweed-admin kernel: pci 0000:00:01.3: quirk: [io  0x0700-0x070f] claimed by PIIX4 SMB
Oct 03 16:39:52 baseweed-admin kernel: pci 0000:00:02.0: [1af4:1000] type 00 class 0x020000 conventional PCI endpoint
Oct 03 16:39:52 baseweed-admin kernel: pci 0000:00:02.0: BAR 0 [io  0xc100-0xc11f]
Oct 03 16:39:52 baseweed-admin kernel: pci 0000:00:02.0: BAR 1 [mem 0xfebc8000-0xfebc8fff]
Oct 03 16:39:52 baseweed-admin kernel: pci 0000:00:02.0: BAR 4 [mem 0xe0008000000-0xe0008003fff 64bit pref]
Oct 03 16:39:52 baseweed-admin kernel: pci 0000:00:02.0: ROM [mem 0xfeb80000-0xfebbffff pref]
Oct 03 16:39:52 baseweed-admin kernel: pci 0000:00:03.0: [8086:293e] type 00 class 0x040300 conventional PCI endpoint
Oct 03 16:39:52 baseweed-admin kernel: pci 0000:00:03.0: BAR 0 [mem 0xfebc0000-0xfebc3fff]
Oct 03 16:39:52 baseweed-admin kernel: pci 0000:00:04.0: [1b36:000d] type 00 class 0x0c0330 conventional PCI endpoint
Oct 03 16:39:52 baseweed-admin kernel: pci 0000:00:04.0: BAR 0 [mem 0xfebc4000-0xfebc7fff 64bit]
Oct 03 16:39:52 baseweed-admin kernel: pci 0000:00:05.0: [1af4:1003] type 00 class 0x078000 conventional PCI endpoint
Oct 03 16:39:52 baseweed-admin kernel: pci 0000:00:05.0: BAR 0 [io  0xc080-0xc0bf]
Oct 03 16:39:52 baseweed-admin kernel: pci 0000:00:05.0: BAR 1 [mem 0xfebc9000-0xfebc9fff]
Oct 03 16:39:52 baseweed-admin kernel: pci 0000:00:05.0: BAR 4 [mem 0xe0008004000-0xe0008007fff 64bit pref]
Oct 03 16:39:52 baseweed-admin kernel: pci 0000:00:06.0: [1af4:1001] type 00 class 0x010000 conventional PCI endpoint
Oct 03 16:39:52 baseweed-admin kernel: pci 0000:00:06.0: BAR 0 [io  0xc000-0xc07f]
Oct 03 16:39:52 baseweed-admin kernel: pci 0000:00:06.0: BAR 1 [mem 0xfebca000-0xfebcafff]
Oct 03 16:39:52 baseweed-admin kernel: pci 0000:00:06.0: BAR 4 [mem 0xe0008008000-0xe000800bfff 64bit pref]
Oct 03 16:39:52 baseweed-admin kernel: pci 0000:00:07.0: [1af4:1002] type 00 class 0x00ff00 conventional PCI endpoint
Oct 03 16:39:52 baseweed-admin kernel: pci 0000:00:07.0: BAR 0 [io  0xc0c0-0xc0ff]
Oct 03 16:39:52 baseweed-admin kernel: pci 0000:00:07.0: BAR 1 [mem 0xfebcb000-0xfebcbfff]
Oct 03 16:39:52 baseweed-admin kernel: pci 0000:00:07.0: BAR 4 [mem 0xe000800c000-0xe000800ffff 64bit pref]
Oct 03 16:39:52 baseweed-admin kernel: pci 0000:00:10.0: [1af4:1050] type 00 class 0x038000 conventional PCI endpoint
Oct 03 16:39:52 baseweed-admin kernel: pci 0000:00:10.0: BAR 1 [mem 0xfebcc000-0xfebccfff]
Oct 03 16:39:52 baseweed-admin kernel: pci 0000:00:10.0: BAR 2 [mem 0xe0008010000-0xe0008013fff 64bit pref]
Oct 03 16:39:52 baseweed-admin kernel: pci 0000:00:10.0: BAR 4 [mem 0xe0000000000-0xe0007ffffff 64bit pref]
Oct 03 16:39:52 baseweed-admin kernel: ACPI: PCI: Interrupt link LNKA configured for IRQ 10
Oct 03 16:39:52 baseweed-admin kernel: ACPI: PCI: Interrupt link LNKB configured for IRQ 10
Oct 03 16:39:52 baseweed-admin kernel: ACPI: PCI: Interrupt link LNKC configured for IRQ 11
Oct 03 16:39:52 baseweed-admin kernel: ACPI: PCI: Interrupt link LNKD configured for IRQ 11
Oct 03 16:39:52 baseweed-admin kernel: ACPI: PCI: Interrupt link LNKS configured for IRQ 9
Oct 03 16:39:52 baseweed-admin kernel: iommu: Default domain type: Passthrough
Oct 03 16:39:52 baseweed-admin kernel: pps_core: LinuxPPS API ver. 1 registered
Oct 03 16:39:52 baseweed-admin kernel: pps_core: Software ver. 5.3.6 - Copyright 2005-2007 Rodolfo Giometti <giometti@linux.it>
Oct 03 16:39:52 baseweed-admin kernel: PTP clock support registered
Oct 03 16:39:52 baseweed-admin kernel: EDAC MC: Ver: 3.0.0
Oct 03 16:39:52 baseweed-admin kernel: NetLabel: Initializing
Oct 03 16:39:52 baseweed-admin kernel: NetLabel:  domain hash size = 128
Oct 03 16:39:52 baseweed-admin kernel: NetLabel:  protocols = UNLABELED CIPSOv4 CALIPSO
Oct 03 16:39:52 baseweed-admin kernel: NetLabel:  unlabeled traffic allowed by default
Oct 03 16:39:52 baseweed-admin kernel: mctp: management component transport protocol core
Oct 03 16:39:52 baseweed-admin kernel: NET: Registered PF_MCTP protocol family
Oct 03 16:39:52 baseweed-admin kernel: PCI: Using ACPI for IRQ routing
Oct 03 16:39:52 baseweed-admin kernel: PCI: pci_cache_line_size set to 64 bytes
Oct 03 16:39:52 baseweed-admin kernel: e820: register RAM buffer resource [mem 0x0009fc00-0x0009ffff]
Oct 03 16:39:52 baseweed-admin kernel: e820: register RAM buffer resource [mem 0xbffdc000-0xbfffffff]
Oct 03 16:39:52 baseweed-admin kernel: vgaarb: loaded
Oct 03 16:39:52 baseweed-admin kernel: hpet0: at MMIO 0xfed00000, IRQs 2, 8, 0
Oct 03 16:39:52 baseweed-admin kernel: hpet0: 3 comparators, 64-bit 100.000000 MHz counter
Oct 03 16:39:52 baseweed-admin kernel: clocksource: Switched to clocksource kvm-clock
Oct 03 16:39:52 baseweed-admin kernel: VFS: Disk quotas dquot_6.6.0
Oct 03 16:39:52 baseweed-admin kernel: VFS: Dquot-cache hash table entries: 512 (4096 bytes)
Oct 03 16:39:52 baseweed-admin kernel: pnp: PnP ACPI init
Oct 03 16:39:52 baseweed-admin kernel: ACPI: IRQ 4 override to edge(!), high(!)
Oct 03 16:39:52 baseweed-admin kernel: pnp 00:03: [dma 2]
Oct 03 16:39:52 baseweed-admin kernel: pnp: PnP ACPI: found 4 devices
Oct 03 16:39:52 baseweed-admin kernel: clocksource: acpi_pm: mask: 0xffffff max_cycles: 0xffffff, max_idle_ns: 2085701024 ns
Oct 03 16:39:52 baseweed-admin kernel: NET: Registered PF_INET protocol family
Oct 03 16:39:52 baseweed-admin kernel: IP idents hash table entries: 65536 (order: 7, 524288 bytes, linear)
Oct 03 16:39:52 baseweed-admin kernel: tcp_listen_portaddr_hash hash table entries: 2048 (order: 3, 32768 bytes, linear)
Oct 03 16:39:52 baseweed-admin kernel: Table-perturb hash table entries: 65536 (order: 6, 262144 bytes, linear)
Oct 03 16:39:52 baseweed-admin kernel: TCP established hash table entries: 32768 (order: 6, 262144 bytes, linear)
Oct 03 16:39:52 baseweed-admin kernel: TCP bind hash table entries: 32768 (order: 8, 1048576 bytes, linear)
Oct 03 16:39:52 baseweed-admin kernel: TCP: Hash tables configured (established 32768 bind 32768)
Oct 03 16:39:52 baseweed-admin kernel: MPTCP token hash table entries: 4096 (order: 5, 98304 bytes, linear)
Oct 03 16:39:52 baseweed-admin kernel: UDP hash table entries: 2048 (order: 5, 131072 bytes, linear)
Oct 03 16:39:52 baseweed-admin kernel: NET: Registered PF_UNIX/PF_LOCAL protocol family
Oct 03 16:39:52 baseweed-admin kernel: NET: Registered PF_XDP protocol family
Oct 03 16:39:52 baseweed-admin kernel: pci_bus 0000:00: resource 4 [io  0x0000-0x0cf7 window]
Oct 03 16:39:52 baseweed-admin kernel: pci_bus 0000:00: resource 5 [io  0x0d00-0xffff window]
Oct 03 16:39:52 baseweed-admin kernel: pci_bus 0000:00: resource 6 [mem 0x000a0000-0x000bffff window]
Oct 03 16:39:52 baseweed-admin kernel: pci_bus 0000:00: resource 7 [mem 0xc0000000-0xfebfffff window]
Oct 03 16:39:52 baseweed-admin kernel: pci_bus 0000:00: resource 8 [mem 0xe0000000000-0xe007fffffff window]
Oct 03 16:39:52 baseweed-admin kernel: pci 0000:00:01.0: PIIX3: Enabling Passive Release
Oct 03 16:39:52 baseweed-admin kernel: pci 0000:00:00.0: Limiting direct PCI/PCI transfers
Oct 03 16:39:52 baseweed-admin kernel: ACPI: \_SB_.LNKD: Enabled at IRQ 11
Oct 03 16:39:52 baseweed-admin kernel: PCI: CLS 0 bytes, default 64
Oct 03 16:39:52 baseweed-admin kernel: PCI-DMA: Using software bounce buffering for IO (SWIOTLB)
Oct 03 16:39:52 baseweed-admin kernel: software IO TLB: mapped [mem 0x00000000bbfdc000-0x00000000bffdc000] (64MB)
Oct 03 16:39:52 baseweed-admin kernel: clocksource: tsc: mask: 0xffffffffffffffff max_cycles: 0x2b2984d0609, max_idle_ns: 440795359805 ns
Oct 03 16:39:52 baseweed-admin kernel: Trying to unpack rootfs image as initramfs...
Oct 03 16:39:52 baseweed-admin kernel: clocksource: Switched to clocksource tsc
Oct 03 16:39:52 baseweed-admin kernel: Initialise system trusted keyrings
Oct 03 16:39:52 baseweed-admin kernel: Key type blacklist registered
Oct 03 16:39:52 baseweed-admin kernel: workingset: timestamp_bits=36 (anon: 31) max_order=20 bucket_order=0 (anon: 0)
Oct 03 16:39:52 baseweed-admin kernel: integrity: Platform Keyring initialized
Oct 03 16:39:52 baseweed-admin kernel: integrity: Machine keyring initialized
Oct 03 16:39:52 baseweed-admin kernel: Allocating IMA blacklist keyring.
Oct 03 16:39:52 baseweed-admin kernel: Key type asymmetric registered
Oct 03 16:39:52 baseweed-admin kernel: Asymmetric key parser 'x509' registered
Oct 03 16:39:52 baseweed-admin kernel: Block layer SCSI generic (bsg) driver version 0.4 loaded (major 245)
Oct 03 16:39:52 baseweed-admin kernel: io scheduler mq-deadline registered
Oct 03 16:39:52 baseweed-admin kernel: io scheduler kyber registered
Oct 03 16:39:52 baseweed-admin kernel: io scheduler bfq registered
Oct 03 16:39:52 baseweed-admin kernel: ledtrig-cpu: registered to indicate activity on CPUs
Oct 03 16:39:52 baseweed-admin kernel: ACPI: \_SB_.LNKB: Enabled at IRQ 10
Oct 03 16:39:52 baseweed-admin kernel: ACPI: \_SB_.LNKA: Enabled at IRQ 10
Oct 03 16:39:52 baseweed-admin kernel: ACPI: \_SB_.LNKC: Enabled at IRQ 11
Oct 03 16:39:52 baseweed-admin kernel: Serial: 8250/16550 driver, 32 ports, IRQ sharing enabled
Oct 03 16:39:52 baseweed-admin kernel: 00:00: ttyS0 at I/O 0x3f8 (irq = 4, base_baud = 115200) is a 16550A
Oct 03 16:39:52 baseweed-admin kernel: Non-volatile memory driver v1.3
Oct 03 16:39:52 baseweed-admin kernel: ACPI: bus type drm_connector registered
Oct 03 16:39:52 baseweed-admin kernel: i8042: PNP: PS/2 Controller [PNP0303:KBD,PNP0f13:MOU] at 0x60,0x64 irq 1,12
Oct 03 16:39:52 baseweed-admin kernel: serio: i8042 KBD port at 0x60,0x64 irq 1
Oct 03 16:39:52 baseweed-admin kernel: serio: i8042 AUX port at 0x60,0x64 irq 12
Oct 03 16:39:52 baseweed-admin kernel: mousedev: PS/2 mouse device common for all mice
Oct 03 16:39:52 baseweed-admin kernel: rtc_cmos PNP0B00:00: RTC can wake from S4
Oct 03 16:39:52 baseweed-admin kernel: rtc_cmos PNP0B00:00: registered as rtc0
Oct 03 16:39:52 baseweed-admin kernel: rtc_cmos PNP0B00:00: setting system clock to 2026-10-03T16:39:50 UTC (1791045590)
Oct 03 16:39:52 baseweed-admin kernel: rtc_cmos PNP0B00:00: alarms up to one day, y3k, 242 bytes nvram, hpet irqs
Oct 03 16:39:52 baseweed-admin kernel: hid: raw HID events driver (C) Jiri Kosina
Oct 03 16:39:52 baseweed-admin kernel: drop_monitor: Initializing network drop monitor service
Oct 03 16:39:52 baseweed-admin kernel: NET: Registered PF_INET6 protocol family
Oct 03 16:39:52 baseweed-admin kernel: input: AT Translated Set 2 keyboard as /devices/platform/i8042/serio0/input/input0
Oct 03 16:39:52 baseweed-admin kernel: input: VirtualPS/2 VMware VMMouse as /devices/platform/i8042/serio1/input/input3
Oct 03 16:39:52 baseweed-admin kernel: Segment Routing with IPv6
Oct 03 16:39:52 baseweed-admin kernel: RPL Segment Routing with IPv6
Oct 03 16:39:52 baseweed-admin kernel: In-situ OAM (IOAM) with IPv6
Oct 03 16:39:52 baseweed-admin kernel: input: VirtualPS/2 VMware VMMouse as /devices/platform/i8042/serio1/input/input2
Oct 03 16:39:52 baseweed-admin kernel: IPI shorthand broadcast: enabled
Oct 03 16:39:52 baseweed-admin kernel: sched_clock: Marking stable (856006236, 3262291)->(980319392, -121050865)
Oct 03 16:39:52 baseweed-admin kernel: registered taskstats version 1
Oct 03 16:39:52 baseweed-admin kernel: Loading compiled-in X.509 certificates
Oct 03 16:39:52 baseweed-admin kernel: Loaded X.509 cert 'openSUSE Secure Boot Signkey: da89dc82efa50f451409029d285397e520ec4a61'
Oct 03 16:39:52 baseweed-admin kernel: Demotion targets for Node 0: null
Oct 03 16:39:52 baseweed-admin kernel: page_owner is disabled
Oct 03 16:39:52 baseweed-admin kernel: Key type .fscrypt registered
Oct 03 16:39:52 baseweed-admin kernel: Key type fscrypt-provisioning registered
Oct 03 16:39:52 baseweed-admin kernel: Key type big_key registered
Oct 03 16:39:52 baseweed-admin kernel: Freeing initrd memory: 63108K
Oct 03 16:39:52 baseweed-admin kernel: Key type encrypted registered
Oct 03 16:39:52 baseweed-admin kernel: ima: No TPM chip found, activating TPM-bypass!
Oct 03 16:39:52 baseweed-admin kernel: Loading compiled-in module X.509 certificates
Oct 03 16:39:52 baseweed-admin kernel: Loaded X.509 cert 'openSUSE Secure Boot Signkey: da89dc82efa50f451409029d285397e520ec4a61'
Oct 03 16:39:52 baseweed-admin kernel: ima: Allocated hash algorithm: sha256
Oct 03 16:39:52 baseweed-admin kernel: ima: No architecture policies found
Oct 03 16:39:52 baseweed-admin kernel: evm: Initialising EVM extended attributes:
Oct 03 16:39:52 baseweed-admin kernel: evm: security.selinux
Oct 03 16:39:52 baseweed-admin kernel: evm: security.SMACK64 (disabled)
Oct 03 16:39:52 baseweed-admin kernel: evm: security.SMACK64EXEC (disabled)
Oct 03 16:39:52 baseweed-admin kernel: evm: security.SMACK64TRANSMUTE (disabled)
Oct 03 16:39:52 baseweed-admin kernel: evm: security.SMACK64MMAP (disabled)
Oct 03 16:39:52 baseweed-admin kernel: evm: security.apparmor
Oct 03 16:39:52 baseweed-admin kernel: evm: security.ima
Oct 03 16:39:52 baseweed-admin kernel: evm: security.capability
Oct 03 16:39:52 baseweed-admin kernel: evm: HMAC attrs: 0x1
Oct 03 16:39:52 baseweed-admin kernel: PM:   Magic number: 14:80:691
Oct 03 16:39:52 baseweed-admin kernel: RAS: Correctable Errors collector initialized.
Oct 03 16:39:52 baseweed-admin kernel: clk: Disabling unused clocks
Oct 03 16:39:52 baseweed-admin kernel: PM: genpd: Disabling unused power domains
Oct 03 16:39:52 baseweed-admin kernel: Freeing unused decrypted memory: 2028K
Oct 03 16:39:52 baseweed-admin kernel: Freeing unused kernel image (initmem) memory: 4768K
Oct 03 16:39:52 baseweed-admin kernel: Write protecting the kernel read-only data: 36864k
Oct 03 16:39:52 baseweed-admin kernel: Freeing unused kernel image (text/rodata gap) memory: 1680K
Oct 03 16:39:52 baseweed-admin kernel: Freeing unused kernel image (rodata/data gap) memory: 716K
Oct 03 16:39:52 baseweed-admin kernel: x86/mm: Checked W+X mappings: passed, no W+X pages found.
Oct 03 16:39:52 baseweed-admin kernel: Run /init as init process
Oct 03 16:39:52 baseweed-admin kernel:   with arguments:
Oct 03 16:39:52 baseweed-admin kernel:     /init
Oct 03 16:39:52 baseweed-admin kernel:   with environment:
Oct 03 16:39:52 baseweed-admin kernel:     HOME=/
Oct 03 16:39:52 baseweed-admin kernel:     TERM=linux
Oct 03 16:39:52 baseweed-admin kernel: fuse: init (API version 7.45)
Oct 03 16:39:52 baseweed-admin systemd[1]: Successfully made /usr/ read-only.
Oct 03 16:39:52 baseweed-admin systemd[1]: systemd 261.2 running in system mode (+PAM +AUDIT +SELINUX +APPARMOR +IMA +IPE -SMACK +SECCOMP +GCRYPT +GNUTLS +OPENSSL +ACL +BLKID +CURL +ELFUTILS +FIDO2 +IDN2 +KMOD +LIBCRYPTSETUP +LIBCRYPTSETUP_PLUGINS +LIBFDISK +PCRE2 +PWQUALITY +P11KIT +QRENCODE +TPM2 +BZIP2 +LZ4 +XZ +ZLIB +ZSTD +BPF_FRAMEWORK +BTF -XKBCOMMON -UTMP +LIBARCHIVE)
Oct 03 16:39:52 baseweed-admin systemd[1]: Detected virtualization kvm.
Oct 03 16:39:52 baseweed-admin systemd[1]: Detected architecture x86-64.
Oct 03 16:39:52 baseweed-admin systemd[1]: Running in initrd.
Oct 03 16:39:52 baseweed-admin systemd[1]: Initializing machine ID from SMBIOS/DMI UUID.
Oct 03 16:39:52 baseweed-admin systemd[1]: Hostname set to <baseweed-admin>.
Oct 03 16:39:52 baseweed-admin systemd[1]: bpf-restrict-fs: LSM BPF program attached
Oct 03 16:39:52 baseweed-admin systemd[1]: Queued start job for default target Initrd Default Target.
Oct 03 16:39:52 baseweed-admin systemd[1]: Started Dispatch Password Requests to Console Directory Watch.
Oct 03 16:39:52 baseweed-admin systemd[1]: Expecting device /dev/disk/by-uuid/1df5576d-c0e8-4d58-8321-036cc145665a...
Oct 03 16:39:52 baseweed-admin systemd[1]: Expecting device /dev/disk/by-uuid/851C-222C...
Oct 03 16:39:52 baseweed-admin systemd[1]: Reached target Initrd /usr File System.
Oct 03 16:39:52 baseweed-admin systemd[1]: Reached target Path Units.
Oct 03 16:39:52 baseweed-admin systemd[1]: Reached target Slice Units.
Oct 03 16:39:52 baseweed-admin systemd[1]: Reached target Swaps.
Oct 03 16:39:52 baseweed-admin systemd[1]: Reached target Timer Units.
Oct 03 16:39:52 baseweed-admin systemd[1]: Listening on D-Bus System Message Bus Socket.
Oct 03 16:39:52 baseweed-admin systemd[1]: Listening on Journal Socket (/dev/log).
Oct 03 16:39:52 baseweed-admin systemd[1]: Listening on Journal Sockets.
Oct 03 16:39:52 baseweed-admin systemd[1]: Listening on udev Control Socket.
Oct 03 16:39:52 baseweed-admin systemd[1]: Listening on udev Kernel Socket.
Oct 03 16:39:52 baseweed-admin systemd[1]: Listening on udev Varlink Socket.
Oct 03 16:39:52 baseweed-admin systemd[1]: Reached target Socket Units.
Oct 03 16:39:52 baseweed-admin systemd[1]: Starting Create List of Static Device Nodes...
Oct 03 16:39:52 baseweed-admin systemd[1]: Early Battery Level Check skipped, unmet condition check ConditionDirectoryNotEmpty=/sys/class/power_supply
Oct 03 16:39:52 baseweed-admin systemd[1]: Starting Journal Service...
Oct 03 16:39:52 baseweed-admin systemd[1]: Starting Load Kernel Modules...
Oct 03 16:39:52 baseweed-admin systemd[1]: Starting Virtual Console Setup...
Oct 03 16:39:52 baseweed-admin systemd[1]: Finished Create List of Static Device Nodes.
Oct 03 16:39:52 baseweed-admin systemd[1]: Starting Create Static Device Nodes in /dev gracefully...
Oct 03 16:39:52 baseweed-admin systemd-journald[180]: Collecting audit messages is disabled.
Oct 03 16:39:52 baseweed-admin systemd-journald[180]: Journal started
Oct 03 16:39:52 baseweed-admin systemd-journald[180]: Runtime Journal (/run/log/journal/bd3fd0f917bb4da98c63e3a9172b594e) is 8M, max 78.2M, 70.2M free.
Oct 03 16:39:52 baseweed-admin systemd-modules-load[181]: Using 2 probe threads
Oct 03 16:39:52 baseweed-admin systemd[1]: Started Journal Service.
Oct 03 16:39:52 baseweed-admin systemd[1]: Finished Create Static Device Nodes in /dev gracefully.
Oct 03 16:39:52 baseweed-admin systemd[1]: Starting Create System Users...
Oct 03 16:39:52 baseweed-admin systemd-modules-load[181]: Inserted module 'nf_tables'
Oct 03 16:39:52 baseweed-admin systemd[1]: Finished Virtual Console Setup.
Oct 03 16:39:52 baseweed-admin systemd[1]: Starting dracut ask for additional cmdline parameters...
Oct 03 16:39:52 baseweed-admin systemd-sysusers[190]: Creating group 'systemd-journal' with GID 499.
Oct 03 16:39:52 baseweed-admin systemd-sysusers[190]: Creating group 'messagebus' with GID 498.
Oct 03 16:39:52 baseweed-admin systemd-sysusers[190]: Creating user 'messagebus' (User for D-Bus) with UID 498 and GID 498.
Oct 03 16:39:52 baseweed-admin systemd[1]: Finished Create System Users.
Oct 03 16:39:52 baseweed-admin kernel: bridge: filtering via arp/ip/ip6tables is no longer available by default. Update your scripts to load br_netfilter if you need this.
Oct 03 16:39:52 baseweed-admin systemd[1]: Starting Create Static Device Nodes in /dev...
Oct 03 16:39:52 baseweed-admin systemd-modules-load[181]: Inserted module 'br_netfilter'
Oct 03 16:39:52 baseweed-admin systemd[1]: Starting Create System Files and Directories...
Oct 03 16:39:52 baseweed-admin kernel: Bridge firewalling registered
Oct 03 16:39:52 baseweed-admin systemd[1]: Finished Load Kernel Modules.
Oct 03 16:39:52 baseweed-admin systemd[1]: Starting Apply Kernel Variables...
Oct 03 16:39:52 baseweed-admin systemd-tmpfiles[197]: /usr/lib/tmpfiles.d/systemd.conf:29: Duplicate line for path "/var/lib/systemd", ignoring.
Oct 03 16:39:52 baseweed-admin systemd[1]: Finished Create Static Device Nodes in /dev.
Oct 03 16:39:52 baseweed-admin systemd[1]: Finished Create System Files and Directories.
Oct 03 16:39:52 baseweed-admin systemd[1]: Reached target Preparation for Local File Systems.
Oct 03 16:39:52 baseweed-admin systemd[1]: Reached target Local File Systems.
Oct 03 16:39:52 baseweed-admin systemd[1]: Finished Apply Kernel Variables.
Oct 03 16:39:52 baseweed-admin systemd[1]: Finished dracut ask for additional cmdline parameters.
Oct 03 16:39:52 baseweed-admin systemd[1]: Starting dracut cmdline hook...
Oct 03 16:39:52 baseweed-admin dracut-cmdline[213]: dracut-112+suse.53.g97cbf62-1
Oct 03 16:39:52 baseweed-admin dracut-cmdline[213]: Using kernel command line parameters:  root=UUID=1df5576d-c0e8-4d58-8321-036cc145665a rootfstype=xfs rootflags=rw,relatime,inode64,logbufs=8,logbsize=32k,noquota   BOOT_IMAGE=/boot/vmlinuz-7.2.8-1-default root=UUID=1df5576d-c0e8-4d58-8321-036cc145665a rw quiet systemd.show_status=1 console=ttyS0,115200 console=tty0 security=selinux selinux=1
Oct 03 16:39:52 baseweed-admin systemd[1]: Finished dracut cmdline hook.
Oct 03 16:39:52 baseweed-admin systemd[1]: Starting dracut pre-udev hook...
Oct 03 16:39:52 baseweed-admin systemd[1]: Finished dracut pre-udev hook.
Oct 03 16:39:52 baseweed-admin systemd[1]: Starting Rule-based Manager for Device Events and Files...
Oct 03 16:39:52 baseweed-admin systemd-udevd[317]: Using default interface naming scheme 'v261'.
Oct 03 16:39:52 baseweed-admin systemd[1]: Started Rule-based Manager for Device Events and Files.
Oct 03 16:39:52 baseweed-admin systemd[1]: dracut pre-trigger hook skipped, no trigger condition checks were met.
Oct 03 16:39:52 baseweed-admin systemd[1]: Starting Coldplug All udev Devices...
Oct 03 16:39:52 baseweed-admin systemd[1]: Finished Coldplug All udev Devices.
Oct 03 16:39:52 baseweed-admin systemd[1]: Reached target System Initialization.
Oct 03 16:39:52 baseweed-admin systemd[1]: Reached target Basic System.
Oct 03 16:39:52 baseweed-admin systemd[1]: Created slice Slice /system/modprobe.
Oct 03 16:39:52 baseweed-admin systemd[1]: Load Kernel Module configfs skipped, unmet condition check ConditionKernelModuleLoaded=!configfs
Oct 03 16:39:52 baseweed-admin kernel: virtio_blk virtio2: 4/0/0 default/read/poll queues
Oct 03 16:39:52 baseweed-admin kernel: virtio_blk virtio2: [vda] 52428800 512-byte logical blocks (26.8 GB/25.0 GiB)
Oct 03 16:39:52 baseweed-admin kernel: SCSI subsystem initialized
Oct 03 16:39:52 baseweed-admin kernel: ACPI: bus type USB registered
Oct 03 16:39:52 baseweed-admin kernel: usbcore: registered new interface driver usbfs
Oct 03 16:39:52 baseweed-admin kernel: usbcore: registered new interface driver hub
Oct 03 16:39:52 baseweed-admin kernel: usbcore: registered new device driver usb
Oct 03 16:39:52 baseweed-admin kernel:  vda: vda1 vda2 vda3
Oct 03 16:39:52 baseweed-admin kernel: xhci_hcd 0000:00:04.0: xHCI Host Controller
Oct 03 16:39:52 baseweed-admin kernel: xhci_hcd 0000:00:04.0: new USB bus registered, assigned bus number 1
Oct 03 16:39:52 baseweed-admin kernel: xhci_hcd 0000:00:04.0: hcc params 0x00087001 hci version 0x100 quirks 0x0000000000000010
Oct 03 16:39:52 baseweed-admin kernel: xhci_hcd 0000:00:04.0: xHCI Host Controller
Oct 03 16:39:52 baseweed-admin kernel: xhci_hcd 0000:00:04.0: new USB bus registered, assigned bus number 2
Oct 03 16:39:52 baseweed-admin kernel: xhci_hcd 0000:00:04.0: Host supports USB 3.0 SuperSpeed
Oct 03 16:39:52 baseweed-admin kernel: usb usb1: New USB device found, idVendor=1d6b, idProduct=0002, bcdDevice= 7.02
Oct 03 16:39:52 baseweed-admin systemd[1]: systemd-vconsole-setup.service: Deactivated successfully.
Oct 03 16:39:52 baseweed-admin kernel: usb usb1: New USB device strings: Mfr=3, Product=2, SerialNumber=1
Oct 03 16:39:52 baseweed-admin systemd[1]: Stopped Virtual Console Setup.
Oct 03 16:39:52 baseweed-admin kernel: usb usb1: Product: xHCI Host Controller
Oct 03 16:39:52 baseweed-admin kernel: usb usb1: Manufacturer: Linux 7.2.8-1-default xhci-hcd
Oct 03 16:39:52 baseweed-admin kernel: usb usb1: SerialNumber: 0000:00:04.0
Oct 03 16:39:52 baseweed-admin systemd[1]: Stopping Virtual Console Setup...
Oct 03 16:39:52 baseweed-admin kernel: hub 1-0:1.0: USB hub found
Oct 03 16:39:52 baseweed-admin kernel: hub 1-0:1.0: 15 ports detected
Oct 03 16:39:52 baseweed-admin kernel: usb usb2: We don't know the algorithms for LPM for this host, disabling LPM.
Oct 03 16:39:52 baseweed-admin kernel: usb usb2: New USB device found, idVendor=1d6b, idProduct=0003, bcdDevice= 7.02
Oct 03 16:39:52 baseweed-admin systemd[1]: Starting Virtual Console Setup...
Oct 03 16:39:52 baseweed-admin kernel: usb usb2: New USB device strings: Mfr=3, Product=2, SerialNumber=1
Oct 03 16:39:52 baseweed-admin kernel: usb usb2: Product: xHCI Host Controller
Oct 03 16:39:52 baseweed-admin kernel: usb usb2: Manufacturer: Linux 7.2.8-1-default xhci-hcd
Oct 03 16:39:52 baseweed-admin kernel: usb usb2: SerialNumber: 0000:00:04.0
Oct 03 16:39:52 baseweed-admin kernel: hub 2-0:1.0: USB hub found
Oct 03 16:39:52 baseweed-admin kernel: hub 2-0:1.0: 15 ports detected
Oct 03 16:39:52 baseweed-admin kernel: virtio_net virtio0 ens2: renamed from eth0
Oct 03 16:39:52 baseweed-admin kernel: libata version 3.00 loaded.
Oct 03 16:39:52 baseweed-admin kernel: scsi host0: ata_piix
Oct 03 16:39:52 baseweed-admin kernel: scsi host1: ata_piix
Oct 03 16:39:52 baseweed-admin kernel: ata1: PATA max MWDMA2 cmd 0x1f0 ctl 0x3f6 bmdma 0xc120 irq 14 lpm-pol 0
Oct 03 16:39:52 baseweed-admin kernel: ata2: PATA max MWDMA2 cmd 0x170 ctl 0x376 bmdma 0xc128 irq 15 lpm-pol 0
Oct 03 16:39:52 baseweed-admin systemd[1]: Found device /dev/disk/by-uuid/851C-222C.
Oct 03 16:39:52 baseweed-admin systemd[1]: Found device /dev/disk/by-uuid/1df5576d-c0e8-4d58-8321-036cc145665a.
Oct 03 16:39:52 baseweed-admin systemd[1]: Reached target Initrd Root Device.
Oct 03 16:39:52 baseweed-admin systemd[1]: Starting Detect Firstboot...
Oct 03 16:39:52 baseweed-admin systemd[1]: Finished Virtual Console Setup.
Oct 03 16:39:52 baseweed-admin kernel: usb 1-1: new high-speed USB device number 2 using xhci_hcd
Oct 03 16:39:53 baseweed-admin kernel: usb 1-1: New USB device found, idVendor=0627, idProduct=0001, bcdDevice= 0.00
Oct 03 16:39:53 baseweed-admin kernel: usb 1-1: New USB device strings: Mfr=1, Product=3, SerialNumber=10
Oct 03 16:39:53 baseweed-admin kernel: usb 1-1: Product: QEMU USB Tablet
Oct 03 16:39:53 baseweed-admin kernel: usb 1-1: Manufacturer: QEMU
Oct 03 16:39:53 baseweed-admin kernel: usb 1-1: SerialNumber: 28754-0000:00:04.0-1
Oct 03 16:39:53 baseweed-admin kernel: usbcore: registered new interface driver usbhid
Oct 03 16:39:53 baseweed-admin kernel: usbhid: USB HID core driver
Oct 03 16:39:53 baseweed-admin kernel: SGI XFS with ACLs, security attributes, realtime, quota, no debug enabled
Oct 03 16:39:53 baseweed-admin kernel: XFS (vda3): Mounting V5 Filesystem 1df5576d-c0e8-4d58-8321-036cc145665a
Oct 03 16:39:53 baseweed-admin kernel: input: QEMU QEMU USB Tablet as /devices/pci0000:00/0000:00:04.0/usb1/1-1/1-1:1.0/0003:0627:0001.0001/input/input4
Oct 03 16:39:53 baseweed-admin kernel: hid-generic 0003:0627:0001.0001: input,hidraw0: USB HID v0.01 Mouse [QEMU QEMU USB Tablet] on usb-0000:00:04.0-1/input0
Oct 03 16:39:53 baseweed-admin systemd[1]: Mounting Kernel Configuration File System...
Oct 03 16:39:53 baseweed-admin systemd[1]: Mounted Kernel Configuration File System.
Oct 03 16:39:53 baseweed-admin kernel: XFS (vda3): Ending clean mount
Oct 03 16:39:53 baseweed-admin kernel: XFS (vda3): Unmounting Filesystem 1df5576d-c0e8-4d58-8321-036cc145665a
Oct 03 16:39:53 baseweed-admin systemd[1]: firstboot-detect.service: Deactivated successfully.
Oct 03 16:39:53 baseweed-admin systemd[1]: Finished Detect Firstboot.
Oct 03 16:39:53 baseweed-admin systemd[1]: nm-initrd.service skipped, unmet condition check ConditionPathExists=/run/NetworkManager/initrd/neednet
Oct 03 16:39:53 baseweed-admin systemd[1]: Reached target Network.
Oct 03 16:39:53 baseweed-admin systemd[1]: nm-wait-online-initrd.service skipped, unmet condition check ConditionPathExists=/run/NetworkManager/initrd/neednet
Oct 03 16:39:53 baseweed-admin systemd[1]: Starting dracut initqueue hook...
Oct 03 16:39:53 baseweed-admin systemd[1]: Finished dracut initqueue hook.
Oct 03 16:39:53 baseweed-admin systemd[1]: Reached target Preparation for Remote File Systems.
Oct 03 16:39:53 baseweed-admin systemd[1]: Reached target Remote File Systems.
Oct 03 16:39:53 baseweed-admin systemd[1]: Starting dracut pre-mount hook...
Oct 03 16:39:53 baseweed-admin systemd[1]: Finished dracut pre-mount hook.
Oct 03 16:39:53 baseweed-admin systemd[1]: Starting File System Check on /dev/disk/by-uuid/1df5576d-c0e8-4d58-8321-036cc145665a...
Oct 03 16:39:53 baseweed-admin systemd-fsck[429]: /usr/sbin/fsck.xfs: XFS file system.
Oct 03 16:39:53 baseweed-admin systemd[1]: Finished File System Check on /dev/disk/by-uuid/1df5576d-c0e8-4d58-8321-036cc145665a.
Oct 03 16:39:53 baseweed-admin systemd[1]: Mounting /sysroot...
Oct 03 16:39:53 baseweed-admin kernel: XFS (vda3): Mounting V5 Filesystem 1df5576d-c0e8-4d58-8321-036cc145665a
Oct 03 16:39:53 baseweed-admin kernel: XFS (vda3): Ending clean mount
Oct 03 16:39:53 baseweed-admin systemd[1]: Mounted /sysroot.
Oct 03 16:39:53 baseweed-admin systemd[1]: Reached target Initrd Root File System.
Oct 03 16:39:53 baseweed-admin systemd[1]: Starting Mountpoints Configured in the Real Root...
Oct 03 16:39:53 baseweed-admin systemd[1]: initrd-parse-etc.service: Deactivated successfully.
Oct 03 16:39:53 baseweed-admin systemd[1]: Finished Mountpoints Configured in the Real Root.
Oct 03 16:39:53 baseweed-admin systemd[1]: initrd-parse-etc.service: Triggering OnSuccess= dependencies.
Oct 03 16:39:53 baseweed-admin systemd[1]: Reached target Initrd File Systems.
Oct 03 16:39:53 baseweed-admin systemd[1]: Reached target Initrd Default Target.
Oct 03 16:39:53 baseweed-admin systemd[1]: dracut mount hook skipped, no trigger condition checks were met.
Oct 03 16:39:53 baseweed-admin systemd[1]: Starting dracut pre-pivot and cleanup hook...
Oct 03 16:39:53 baseweed-admin systemd[1]: Finished dracut pre-pivot and cleanup hook.
Oct 03 16:39:53 baseweed-admin systemd[1]: Starting Cleaning Up and Shutting Down Daemons...
Oct 03 16:39:53 baseweed-admin systemd[1]: Stopped target Network.
Oct 03 16:39:53 baseweed-admin systemd[1]: Stopped target Timer Units.
Oct 03 16:39:53 baseweed-admin systemd[1]: dracut-pre-pivot.service: Deactivated successfully.
Oct 03 16:39:53 baseweed-admin systemd[1]: Stopped dracut pre-pivot and cleanup hook.
Oct 03 16:39:53 baseweed-admin systemd[1]: Stopped target Initrd Default Target.
Oct 03 16:39:53 baseweed-admin systemd[1]: Stopped target Initrd Root Device.
Oct 03 16:39:53 baseweed-admin systemd[1]: Stopped target Initrd /usr File System.
Oct 03 16:39:53 baseweed-admin systemd[1]: Stopped target Remote File Systems.
Oct 03 16:39:53 baseweed-admin systemd[1]: Stopped target Preparation for Remote File Systems.
Oct 03 16:39:53 baseweed-admin systemd[1]: dracut-pre-mount.service: Deactivated successfully.
Oct 03 16:39:53 baseweed-admin systemd[1]: Stopped dracut pre-mount hook.
Oct 03 16:39:53 baseweed-admin systemd[1]: Stopped target Basic System.
Oct 03 16:39:53 baseweed-admin systemd[1]: Stopped target Path Units.
Oct 03 16:39:53 baseweed-admin systemd[1]: systemd-ask-password-console.path: Deactivated successfully.
Oct 03 16:39:53 baseweed-admin systemd[1]: Stopped Dispatch Password Requests to Console Directory Watch.
Oct 03 16:39:53 baseweed-admin systemd[1]: Stopped target Slice Units.
Oct 03 16:39:53 baseweed-admin systemd[1]: Stopped target Socket Units.
Oct 03 16:39:53 baseweed-admin systemd[1]: Stopped target System Initialization.
Oct 03 16:39:53 baseweed-admin systemd[1]: Stopped target Local File Systems.
Oct 03 16:39:53 baseweed-admin systemd[1]: Stopped target Preparation for Local File Systems.
Oct 03 16:39:53 baseweed-admin systemd[1]: Stopped target Swaps.
Oct 03 16:39:53 baseweed-admin systemd[1]: dbus.socket: Deactivated successfully.
Oct 03 16:39:53 baseweed-admin systemd[1]: Closed D-Bus System Message Bus Socket.
Oct 03 16:39:53 baseweed-admin systemd[1]: dracut-initqueue.service: Deactivated successfully.
Oct 03 16:39:53 baseweed-admin systemd[1]: Stopped dracut initqueue hook.
Oct 03 16:39:53 baseweed-admin systemd[1]: systemd-sysctl.service: Deactivated successfully.
Oct 03 16:39:53 baseweed-admin systemd[1]: Stopped Apply Kernel Variables.
Oct 03 16:39:53 baseweed-admin systemd[1]: systemd-modules-load.service: Deactivated successfully.
Oct 03 16:39:53 baseweed-admin systemd[1]: Stopped Load Kernel Modules.
Oct 03 16:39:53 baseweed-admin systemd[1]: systemd-tmpfiles-setup.service: Deactivated successfully.
Oct 03 16:39:53 baseweed-admin systemd[1]: Stopped Create System Files and Directories.
Oct 03 16:39:53 baseweed-admin systemd[1]: systemd-udev-trigger.service: Deactivated successfully.
Oct 03 16:39:53 baseweed-admin systemd[1]: Stopped Coldplug All udev Devices.
Oct 03 16:39:53 baseweed-admin systemd[1]: Stopping Rule-based Manager for Device Events and Files...
Oct 03 16:39:53 baseweed-admin systemd[1]: initrd-cleanup.service: Deactivated successfully.
Oct 03 16:39:53 baseweed-admin systemd[1]: Finished Cleaning Up and Shutting Down Daemons.
Oct 03 16:39:53 baseweed-admin systemd[1]: systemd-udevd.service: Deactivated successfully.
Oct 03 16:39:53 baseweed-admin systemd[1]: Stopped Rule-based Manager for Device Events and Files.
Oct 03 16:39:53 baseweed-admin systemd[1]: systemd-udevd-control.socket: Deactivated successfully.
Oct 03 16:39:53 baseweed-admin systemd[1]: Closed udev Control Socket.
Oct 03 16:39:53 baseweed-admin systemd[1]: systemd-udevd-varlink.socket: Deactivated successfully.
Oct 03 16:39:53 baseweed-admin systemd[1]: Closed udev Varlink Socket.
Oct 03 16:39:53 baseweed-admin systemd[1]: dracut-pre-udev.service: Deactivated successfully.
Oct 03 16:39:53 baseweed-admin systemd[1]: Stopped dracut pre-udev hook.
Oct 03 16:39:53 baseweed-admin systemd[1]: dracut-cmdline.service: Deactivated successfully.
Oct 03 16:39:53 baseweed-admin systemd[1]: Stopped dracut cmdline hook.
Oct 03 16:39:53 baseweed-admin systemd[1]: dracut-cmdline-ask.service: Deactivated successfully.
Oct 03 16:39:53 baseweed-admin systemd[1]: Stopped dracut ask for additional cmdline parameters.
Oct 03 16:39:53 baseweed-admin systemd[1]: Starting Cleanup udev Database...
Oct 03 16:39:53 baseweed-admin systemd[1]: systemd-tmpfiles-setup-dev.service: Deactivated successfully.
Oct 03 16:39:53 baseweed-admin systemd[1]: Stopped Create Static Device Nodes in /dev.
Oct 03 16:39:53 baseweed-admin systemd[1]: systemd-sysusers.service: Deactivated successfully.
Oct 03 16:39:53 baseweed-admin systemd[1]: Stopped Create System Users.
Oct 03 16:39:53 baseweed-admin systemd[1]: systemd-tmpfiles-setup-dev-early.service: Deactivated successfully.
Oct 03 16:39:53 baseweed-admin systemd[1]: Stopped Create Static Device Nodes in /dev gracefully.
Oct 03 16:39:53 baseweed-admin systemd[1]: kmod-static-nodes.service: Deactivated successfully.
Oct 03 16:39:53 baseweed-admin systemd[1]: Stopped Create List of Static Device Nodes.
Oct 03 16:39:53 baseweed-admin systemd[1]: systemd-vconsole-setup.service: Deactivated successfully.
Oct 03 16:39:53 baseweed-admin systemd[1]: Stopped Virtual Console Setup.
Oct 03 16:39:53 baseweed-admin systemd[1]: initrd-udevadm-cleanup-db.service: Deactivated successfully.
Oct 03 16:39:53 baseweed-admin systemd[1]: Finished Cleanup udev Database.
Oct 03 16:39:53 baseweed-admin systemd[1]: Reached target Switch Root.
Oct 03 16:39:53 baseweed-admin systemd[1]: Starting Switch Root...
Oct 03 16:39:53 baseweed-admin systemd[1]: Switching root.
Oct 03 16:39:53 baseweed-admin systemd-journald[180]: Journal stopped
Oct 03 16:39:54 baseweed-admin systemd-journald[180]: Received SIGTERM from PID 1 (systemd).
Oct 03 16:39:54 baseweed-admin kernel: SELinux:  Permission firmware_load in class system not defined in policy.
Oct 03 16:39:54 baseweed-admin kernel: SELinux:  Permission kexec_image_load in class system not defined in policy.
Oct 03 16:39:54 baseweed-admin kernel: SELinux:  Permission kexec_initramfs_load in class system not defined in policy.
Oct 03 16:39:54 baseweed-admin kernel: SELinux:  Permission policy_load in class system not defined in policy.
Oct 03 16:39:54 baseweed-admin kernel: SELinux:  Permission x509_certificate_load in class system not defined in policy.
Oct 03 16:39:54 baseweed-admin kernel: SELinux:  Permission map_create_as in class bpf not defined in policy.
Oct 03 16:39:54 baseweed-admin kernel: SELinux:  Permission prog_load_as in class bpf not defined in policy.
Oct 03 16:39:54 baseweed-admin kernel: SELinux:  Permission allowed in class io_uring not defined in policy.
Oct 03 16:39:54 baseweed-admin kernel: SELinux:  Class memfd_file not defined in policy.
Oct 03 16:39:54 baseweed-admin kernel: SELinux: the above unknown classes and permissions will be allowed
Oct 03 16:39:54 baseweed-admin kernel: SELinux:  policy capability network_peer_controls=1
Oct 03 16:39:54 baseweed-admin kernel: SELinux:  policy capability open_perms=1
Oct 03 16:39:54 baseweed-admin kernel: SELinux:  policy capability extended_socket_class=1
Oct 03 16:39:54 baseweed-admin kernel: SELinux:  policy capability always_check_network=0
Oct 03 16:39:54 baseweed-admin kernel: SELinux:  policy capability cgroup_seclabel=1
Oct 03 16:39:54 baseweed-admin kernel: SELinux:  policy capability nnp_nosuid_transition=1
Oct 03 16:39:54 baseweed-admin kernel: SELinux:  policy capability genfs_seclabel_symlinks=1
Oct 03 16:39:54 baseweed-admin kernel: SELinux:  policy capability ioctl_skip_cloexec=0
Oct 03 16:39:54 baseweed-admin kernel: SELinux:  policy capability userspace_initial_context=0
Oct 03 16:39:54 baseweed-admin kernel: SELinux:  policy capability netlink_xperm=0
Oct 03 16:39:54 baseweed-admin kernel: SELinux:  policy capability netif_wildcard=0
Oct 03 16:39:54 baseweed-admin kernel: SELinux:  policy capability genfs_seclabel_wildcard=0
Oct 03 16:39:54 baseweed-admin kernel: SELinux:  policy capability functionfs_seclabel=0
Oct 03 16:39:54 baseweed-admin kernel: SELinux:  policy capability memfd_class=0
Oct 03 16:39:54 baseweed-admin kernel: SELinux:  policy capability bpf_token_perms=0
Oct 03 16:39:54 baseweed-admin kernel: audit: type=1403 audit(1791045593.549:2): auid=4294967295 ses=4294967295 lsm=selinux res=1
Oct 03 16:39:54 baseweed-admin systemd[1]: Successfully loaded SELinux policy in 84.158ms.
Oct 03 16:39:54 baseweed-admin kernel: NET: Registered PF_VSOCK protocol family
Oct 03 16:39:54 baseweed-admin systemd[1]: Relabeled /dev/, /dev/shm/, /run/ in 42.537ms.
Oct 03 16:39:54 baseweed-admin systemd[1]: systemd 261.2 running in system mode (+PAM +AUDIT +SELINUX +APPARMOR +IMA +IPE -SMACK +SECCOMP +GCRYPT +GNUTLS +OPENSSL +ACL +BLKID +CURL +ELFUTILS +FIDO2 +IDN2 +KMOD +LIBCRYPTSETUP +LIBCRYPTSETUP_PLUGINS +LIBFDISK +PCRE2 +PWQUALITY +P11KIT +QRENCODE +TPM2 +BZIP2 +LZ4 +XZ +ZLIB +ZSTD +BPF_FRAMEWORK +BTF -XKBCOMMON -UTMP +LIBARCHIVE)
Oct 03 16:39:54 baseweed-admin systemd[1]: Detected virtualization kvm.
Oct 03 16:39:54 baseweed-admin systemd[1]: Detected architecture x86-64.
Oct 03 16:39:54 baseweed-admin systemd[1]: bpf-restrict-fs: LSM BPF program attached
Oct 03 16:39:54 baseweed-admin systemd[1]: initrd-switch-root.service: Deactivated successfully.
Oct 03 16:39:54 baseweed-admin systemd[1]: Stopped Switch Root.
Oct 03 16:39:54 baseweed-admin systemd[1]: systemd-journald.service: Scheduled restart job, restart counter is at 1.
Oct 03 16:39:54 baseweed-admin systemd[1]: Created slice Virtual Machine and Container Slice.
Oct 03 16:39:54 baseweed-admin systemd[1]: Created slice Slice /system/getty.
Oct 03 16:39:54 baseweed-admin systemd[1]: Created slice Slice /system/serial-getty.
Oct 03 16:39:54 baseweed-admin systemd[1]: Created slice User and Session Slice.
Oct 03 16:39:54 baseweed-admin systemd[1]: Started Dispatch Password Requests to Console Directory Watch.
Oct 03 16:39:54 baseweed-admin systemd[1]: Set up automount Arbitrary Executable File Formats File System Automount Point.
Oct 03 16:39:54 baseweed-admin systemd[1]: Expecting device /dev/disk/by-uuid/851C-222C...
Oct 03 16:39:54 baseweed-admin systemd[1]: Expecting device /dev/ttyS0...
Oct 03 16:39:54 baseweed-admin systemd[1]: Reached target Local Encrypted Volumes.
Oct 03 16:39:54 baseweed-admin systemd[1]: Reached target Image Downloads.
Oct 03 16:39:54 baseweed-admin systemd[1]: Stopped target Switch Root.
Oct 03 16:39:54 baseweed-admin systemd[1]: Stopped target Initrd File Systems.
Oct 03 16:39:54 baseweed-admin systemd[1]: Stopped target Initrd Root File System.
Oct 03 16:39:54 baseweed-admin systemd[1]: Reached target Local Integrity Protected Volumes.
Oct 03 16:39:54 baseweed-admin systemd[1]: Reached target Slice Units.
Oct 03 16:39:54 baseweed-admin systemd[1]: Reached target Swaps.
Oct 03 16:39:54 baseweed-admin systemd[1]: Reached target System Time Set.
Oct 03 16:39:54 baseweed-admin systemd[1]: Reached target Local Verity Protected Volumes.
Oct 03 16:39:54 baseweed-admin systemd[1]: Listening on Device-mapper event daemon FIFOs.
Oct 03 16:39:54 baseweed-admin systemd[1]: Listening on LVM2 poll daemon socket.
Oct 03 16:39:54 baseweed-admin systemd[1]: Listening on Query the User Interactively for a Password.
Oct 03 16:39:54 baseweed-admin systemd[1]: Listening on Process Core Dump Socket.
Oct 03 16:39:54 baseweed-admin systemd[1]: Listening on Credential Encryption/Decryption.
Oct 03 16:39:54 baseweed-admin systemd[1]: Listening on Hostname Service Socket.
Oct 03 16:39:54 baseweed-admin systemd[1]: Make TPM PCR Policy skipped, unmet condition check ConditionSecurity=measured-uki
Oct 03 16:39:54 baseweed-admin systemd[1]: Listening on Disk Repartitioning Service Socket.
Oct 03 16:39:54 baseweed-admin systemd[1]: Listening on udev Control Socket.
Oct 03 16:39:54 baseweed-admin systemd[1]: Listening on udev Varlink Socket.
Oct 03 16:39:54 baseweed-admin systemd[1]: Mounting Huge Pages File System...
Oct 03 16:39:54 baseweed-admin systemd[1]: Mounting POSIX Message Queue File System...
Oct 03 16:39:54 baseweed-admin systemd[1]: Mounting Kernel Debug File System...
Oct 03 16:39:54 baseweed-admin systemd[1]: Mounting Kernel Trace File System...
Oct 03 16:39:54 baseweed-admin systemd[1]: tmp.mount: Directory /tmp to mount over is not empty, mounting anyway.
Oct 03 16:39:54 baseweed-admin systemd[1]: Mounting Temporary Directory /tmp...
Oct 03 16:39:54 baseweed-admin systemd[1]: Starting Create List of Static Device Nodes...
Oct 03 16:39:54 baseweed-admin systemd[1]: Load Kernel Module configfs skipped, unmet condition check ConditionKernelModuleLoaded=!configfs
Oct 03 16:39:54 baseweed-admin systemd[1]: Load Kernel Module drm skipped, unmet condition check ConditionKernelModuleLoaded=!drm
Oct 03 16:39:54 baseweed-admin systemd[1]: Starting Load Kernel Module efi_pstore...
Oct 03 16:39:54 baseweed-admin systemd[1]: Load Kernel Module fuse skipped, unmet condition check ConditionKernelModuleLoaded=!fuse
Oct 03 16:39:54 baseweed-admin systemd[1]: Mounting FUSE Control File System...
Oct 03 16:39:54 baseweed-admin systemd[1]: Clear Stale Hibernate Storage Info skipped, unmet condition check ConditionPathExists=/sys/firmware/efi/efivars/HibernateLocation-8cf2644b-4b0b-428f-9387-6d876050dc67
Oct 03 16:39:54 baseweed-admin systemd[1]: Starting Journal Service...
Oct 03 16:39:54 baseweed-admin systemd[1]: Starting Load Kernel Modules...
Oct 03 16:39:54 baseweed-admin systemd[1]: Starting Remount Root and Kernel File Systems...
Oct 03 16:39:54 baseweed-admin systemd[1]: Starting Load udev Rules from Credentials...
Oct 03 16:39:54 baseweed-admin systemd[1]: Starting Coldplug All udev Devices...
Oct 03 16:39:54 baseweed-admin systemd[1]: Mounted Huge Pages File System.
Oct 03 16:39:54 baseweed-admin systemd[1]: Mounted POSIX Message Queue File System.
Oct 03 16:39:54 baseweed-admin systemd[1]: Mounted Kernel Debug File System.
Oct 03 16:39:54 baseweed-admin systemd[1]: Mounted Kernel Trace File System.
Oct 03 16:39:54 baseweed-admin systemd[1]: Mounted Temporary Directory /tmp.
Oct 03 16:39:54 baseweed-admin systemd[1]: Finished Create List of Static Device Nodes.
Oct 03 16:39:54 baseweed-admin systemd[1]: modprobe@efi_pstore.service: Deactivated successfully.
Oct 03 16:39:54 baseweed-admin systemd[1]: Finished Load Kernel Module efi_pstore.
Oct 03 16:39:54 baseweed-admin systemd[1]: Mounted FUSE Control File System.
Oct 03 16:39:54 baseweed-admin systemd[1]: Finished Load Kernel Modules.
Oct 03 16:39:54 baseweed-admin systemd[1]: Finished Remount Root and Kernel File Systems.
Oct 03 16:39:54 baseweed-admin systemd[1]: Apply Kernel Variables for 7.2.8-1-default from /boot skipped, unmet condition check ConditionPathExists=!/usr/lib/modules/7.2.8-1-default/sysctl.conf
Oct 03 16:39:54 baseweed-admin systemd[1]: One time configuration for iscsi.service skipped, unmet condition check ConditionPathExists=!/etc/iscsi/initiatorname.iscsi
Oct 03 16:39:54 baseweed-admin systemd[1]: Starting Apply Kernel Variables for 7.2.8-1-default...
Oct 03 16:39:54 baseweed-admin systemd[1]: Rebuild Hardware Database skipped, unmet condition check ConditionNeedsUpdate=/etc
Oct 03 16:39:54 baseweed-admin systemd[1]: Platform Persistent Storage Archival skipped, unmet condition check ConditionDirectoryNotEmpty=/sys/fs/pstore
Oct 03 16:39:54 baseweed-admin systemd[1]: Starting Load/Save OS Random Seed...
Oct 03 16:39:54 baseweed-admin systemd[1]: Starting Create Static Device Nodes in /dev gracefully...
Oct 03 16:39:54 baseweed-admin systemd[1]: Finished Load udev Rules from Credentials.
Oct 03 16:39:54 baseweed-admin systemd[1]: Finished Apply Kernel Variables for 7.2.8-1-default.
Oct 03 16:39:54 baseweed-admin systemd-journald[526]: Collecting audit messages is disabled.
Oct 03 16:39:54 baseweed-admin systemd[1]: Starting Apply Kernel Variables...
Oct 03 16:39:54 baseweed-admin systemd-journald[526]: Journal started
Oct 03 16:39:54 baseweed-admin systemd-journald[526]: Runtime Journal (/run/log/journal/d2037ee89a1343ec91c002548ec46c32) is 8M, max 78.2M, 70.2M free.
Oct 03 16:39:54 baseweed-admin systemd[1]: Queued start job for default target Multi-User System.
Oct 03 16:39:54 baseweed-admin systemd[1]: systemd-journald.service: Deactivated successfully.
Oct 03 16:39:54 baseweed-admin systemd[1]: Started Journal Service.
Oct 03 16:39:54 baseweed-admin systemd-modules-load[527]: Using 3 probe threads
Oct 03 16:39:54 baseweed-admin systemd-modules-load[527]: Inserted module 'uinput'
Oct 03 16:39:54 baseweed-admin systemd[1]: Finished Load/Save OS Random Seed.
Oct 03 16:39:54 baseweed-admin systemd[1]: First Boot Complete skipped, unmet condition check ConditionFirstBoot=yes
Oct 03 16:39:54 baseweed-admin systemd[1]: Starting Flush Journal to Persistent Storage...
Oct 03 16:39:54 baseweed-admin systemd[1]: Finished Coldplug All udev Devices.
Oct 03 16:39:54 baseweed-admin systemd-journald[526]: Time spent on flushing to /var/log/journal/d2037ee89a1343ec91c002548ec46c32 is 74.431ms for 795 entries.
Oct 03 16:39:54 baseweed-admin systemd-journald[526]: System Journal (/var/log/journal/d2037ee89a1343ec91c002548ec46c32) is 16M, max 2.4G, 2.4G free.
Oct 03 16:39:54 baseweed-admin systemd-journald[526]: Received client request to flush runtime journal.
Oct 03 16:39:54 baseweed-admin systemd[1]: Finished Create Static Device Nodes in /dev gracefully.
Oct 03 16:39:54 baseweed-admin systemd[1]: Finished Apply Kernel Variables.
Oct 03 16:39:54 baseweed-admin systemd[1]: Create System Users skipped, no trigger condition checks were met.
Oct 03 16:39:54 baseweed-admin systemd[1]: Starting Create Static Device Nodes in /dev...
Oct 03 16:39:54 baseweed-admin systemd[1]: Finished Create Static Device Nodes in /dev.
Oct 03 16:39:54 baseweed-admin systemd[1]: Reached target Preparation for Local File Systems.
Oct 03 16:39:54 baseweed-admin systemd[1]: Repartition Root Disk skipped, no trigger condition checks were met.
Oct 03 16:39:54 baseweed-admin systemd[1]: Starting Rule-based Manager for Device Events and Files...
Oct 03 16:39:54 baseweed-admin systemd[1]: Finished Flush Journal to Persistent Storage.
Oct 03 16:39:54 baseweed-admin systemd-udevd[561]: Using default interface naming scheme 'v261'.
Oct 03 16:39:54 baseweed-admin systemd[1]: Started Rule-based Manager for Device Events and Files.
Oct 03 16:39:54 baseweed-admin systemd[1]: Load Kernel Module configfs skipped, unmet condition check ConditionKernelModuleLoaded=!configfs
Oct 03 16:39:54 baseweed-admin systemd[1]: Load Kernel Module fuse skipped, unmet condition check ConditionKernelModuleLoaded=!fuse
Oct 03 16:39:54 baseweed-admin systemd[1]: Found device /dev/disk/by-uuid/851C-222C.
Oct 03 16:39:54 baseweed-admin systemd[1]: Condition check resulted in /dev/ttyS0 being skipped.
Oct 03 16:39:55 baseweed-admin kernel: input: Power Button as /devices/platform/LNXPWRBN:00/input/input5
Oct 03 16:39:55 baseweed-admin kernel: ACPI: button: Power Button [PWRF]
Oct 03 16:39:55 baseweed-admin kernel: piix4_smbus 0000:00:01.3: SMBus Host Controller at 0x700, revision 0
Oct 03 16:39:55 baseweed-admin kernel: i2c i2c-0: Memory type 0x07 not supported yet, not instantiating SPD
Oct 03 16:39:55 baseweed-admin kernel: [drm] pci: virtio-gpu-pci detected at 0000:00:10.0
Oct 03 16:39:55 baseweed-admin kernel: [drm] Host memory window: 0xe0000000000 +0x8000000
Oct 03 16:39:55 baseweed-admin kernel: [drm] features: -virgl +edid -resource_blob +host_visible
Oct 03 16:39:55 baseweed-admin kernel: [drm] features: -context_init -blob_alignment
Oct 03 16:39:55 baseweed-admin systemd[1]: Condition check resulted in /dev/virtio-ports/org.qemu.guest_agent.0 being skipped.
Oct 03 16:39:55 baseweed-admin systemd[1]: Load Kernel Module efi_pstore skipped, unmet condition check ConditionKernelModuleLoaded=!efi_pstore
Oct 03 16:39:55 baseweed-admin systemd[1]: Clear Stale Hibernate Storage Info skipped, unmet condition check ConditionPathExists=/sys/firmware/efi/efivars/HibernateLocation-8cf2644b-4b0b-428f-9387-6d876050dc67
Oct 03 16:39:55 baseweed-admin systemd[1]: Rebuild Hardware Database skipped, unmet condition check ConditionNeedsUpdate=/etc
Oct 03 16:39:55 baseweed-admin systemd[1]: Platform Persistent Storage Archival skipped, unmet condition check ConditionDirectoryNotEmpty=/sys/fs/pstore
Oct 03 16:39:55 baseweed-admin systemd[1]: Repartition Root Disk skipped, no trigger condition checks were met.
Oct 03 16:39:55 baseweed-admin systemd[1]: Create System Users skipped, no trigger condition checks were met.
Oct 03 16:39:55 baseweed-admin kernel: [drm] number of scanouts: 1
Oct 03 16:39:55 baseweed-admin kernel: [drm] number of cap sets: 0
Oct 03 16:39:55 baseweed-admin kernel: virtio-pci 0000:00:10.0: [drm] Registered 1 planes with drm panic
Oct 03 16:39:55 baseweed-admin kernel: input: PC Speaker as /devices/platform/pcspkr/input/input6
Oct 03 16:39:55 baseweed-admin kernel: [drm] Initialized virtio_gpu 0.1.0 for 0000:00:10.0 on minor 0
Oct 03 16:39:55 baseweed-admin kernel: FDC 0 is a S82078B
Oct 03 16:39:55 baseweed-admin systemd[1]: Started Entropy Daemon based on the HAVEGE algorithm.
Oct 03 16:39:55 baseweed-admin kernel: Console: switching to colour frame buffer device 160x50
Oct 03 16:39:55 baseweed-admin kernel: virtio-pci 0000:00:10.0: [drm] fb0: virtio_gpudrmfb frame buffer device
Oct 03 16:39:55 baseweed-admin systemd[1]: Mounting /boot/efi...
Oct 03 16:39:55 baseweed-admin systemd[1]: Virtual Machine and Container Storage (Compatibility) skipped, unmet condition check ConditionPathExists=/var/lib/machines.raw
Oct 03 16:39:55 baseweed-admin systemd[1]: Listening on Disk Image Download Service Socket.
Oct 03 16:39:55 baseweed-admin systemd[1]: Starting Virtual Console Setup...
Oct 03 16:39:55 baseweed-admin systemd[1]: systemd-vconsole-setup.service: Deactivated successfully.
Oct 03 16:39:55 baseweed-admin systemd[1]: Stopped Virtual Console Setup.
Oct 03 16:39:55 baseweed-admin systemd[1]: Starting Virtual Console Setup...
Oct 03 16:39:55 baseweed-admin systemd[1]: proc-sys-fs-binfmt_misc.automount: Got automount request for /proc/sys/fs/binfmt_misc, triggered by 598 ((haveged))
Oct 03 16:39:55 baseweed-admin systemd[1]: Mounting Arbitrary Executable File Formats File System...
Oct 03 16:39:55 baseweed-admin kernel: kvm_amd: TSC scaling supported
Oct 03 16:39:55 baseweed-admin kernel: kvm_amd: Nested Virtualization enabled
Oct 03 16:39:55 baseweed-admin kernel: kvm_amd: Nested Paging enabled
Oct 03 16:39:55 baseweed-admin kernel: kvm_amd: LBR virtualization supported
Oct 03 16:39:55 baseweed-admin kernel: kvm_amd: Virtual VMLOAD VMSAVE supported
Oct 03 16:39:55 baseweed-admin kernel: kvm_amd: Virtual GIF supported
Oct 03 16:39:55 baseweed-admin kernel: kvm_amd: Virtual NMI enabled
Oct 03 16:39:55 baseweed-admin systemd[1]: Mounted Arbitrary Executable File Formats File System.
Oct 03 16:39:55 baseweed-admin kernel: snd_hda_codec_generic hdaudioC0D0: autoconfig for Generic: line_outs=1 (0x3/0x0/0x0/0x0/0x0) type:line
Oct 03 16:39:55 baseweed-admin kernel: snd_hda_codec_generic hdaudioC0D0:    speaker_outs=0 (0x0/0x0/0x0/0x0/0x0)
Oct 03 16:39:55 baseweed-admin kernel: snd_hda_codec_generic hdaudioC0D0:    hp_outs=0 (0x0/0x0/0x0/0x0/0x0)
Oct 03 16:39:55 baseweed-admin kernel: snd_hda_codec_generic hdaudioC0D0:    mono: mono_out=0x0
Oct 03 16:39:55 baseweed-admin kernel: snd_hda_codec_generic hdaudioC0D0:    inputs:
Oct 03 16:39:55 baseweed-admin kernel: snd_hda_codec_generic hdaudioC0D0:      Line=0x5
Oct 03 16:39:55 baseweed-admin systemd[1]: Reached target Sound Card.
Oct 03 16:39:55 baseweed-admin systemd[1]: Mounted /boot/efi.
Oct 03 16:39:55 baseweed-admin systemd[1]: Reached target Local File Systems.
Oct 03 16:39:55 baseweed-admin systemd[1]: Listening on Boot Loader Control Service Socket.
Oct 03 16:39:55 baseweed-admin haveged[598]: haveged: command socket is listening at fd 3
Oct 03 16:39:55 baseweed-admin systemd[1]: Listening on System Extension Image Management.
Oct 03 16:39:55 baseweed-admin systemd[1]: Set Up Additional Binary Formats skipped, no trigger condition checks were met.
Oct 03 16:39:55 baseweed-admin systemd[1]: Save Transient machine-id to Disk skipped, unmet condition check ConditionPathIsMountPoint=/etc/machine-id
Oct 03 16:39:55 baseweed-admin systemd[1]: Starting Create System Files and Directories...
Oct 03 16:39:55 baseweed-admin systemd-tmpfiles[612]: /usr/lib/tmpfiles.d/qdistro-templates.conf:8: Duplicate line for path "/run/qdistro", ignoring.
Oct 03 16:39:55 baseweed-admin systemd[1]: Finished Virtual Console Setup.
Oct 03 16:39:55 baseweed-admin systemd[1]: Finished Create System Files and Directories.
Oct 03 16:39:55 baseweed-admin systemd[1]: Starting Load Audit Rules...
Oct 03 16:39:55 baseweed-admin systemd[1]: Rebuild Journal Catalog skipped, unmet condition check ConditionNeedsUpdate=/var
Oct 03 16:39:55 baseweed-admin systemd[1]: Update is Completed skipped, no trigger condition checks were met.
Oct 03 16:39:55 baseweed-admin augenrules[617]: /usr/sbin/augenrules: No change
Oct 03 16:39:55 baseweed-admin augenrules[632]: No rules
Oct 03 16:39:55 baseweed-admin systemd[1]: audit-rules.service: Deactivated successfully.
Oct 03 16:39:55 baseweed-admin systemd[1]: Finished Load Audit Rules.
Oct 03 16:39:55 baseweed-admin systemd[1]: Starting Security Audit Logging Service...
Oct 03 16:39:55 baseweed-admin auditd[638]: No plugins found, not dispatching events
Oct 03 16:39:55 baseweed-admin auditd[638]: Init complete, auditd 4.0.2 listening for events (startup state enable)
Oct 03 16:39:56 baseweed-admin augenrules[642]: /usr/sbin/augenrules: No change
Oct 03 16:39:56 baseweed-admin augenrules[657]: No rules
Oct 03 16:39:56 baseweed-admin systemd[1]: Started Security Audit Logging Service.
Oct 03 16:39:56 baseweed-admin systemd[1]: Reached target System Initialization.
Oct 03 16:39:56 baseweed-admin systemd[1]: Started Watch for changes in CA certificates.
Oct 03 16:39:56 baseweed-admin systemd[1]: Started Daily Cleanup of Temporary Directories.
Oct 03 16:39:56 baseweed-admin systemd[1]: Reached target Path Units.
Oct 03 16:39:56 baseweed-admin systemd[1]: Listening on D-Bus System Message Bus Socket.
Oct 03 16:39:56 baseweed-admin systemd[1]: Listening on Open-iSCSI iscsid Socket.
Oct 03 16:39:56 baseweed-admin systemd[1]: Listening on Authorization Manager Agent Helper.
Oct 03 16:39:56 baseweed-admin systemd[1]: Listening on qdistro removable-media brokered mount/unmount listen socket.
Oct 03 16:39:56 baseweed-admin systemd[1]: Listening on qdistro privileged-exec listen socket.
Oct 03 16:39:56 baseweed-admin systemd[1]: Listening on User Login Management Varlink Socket.
Oct 03 16:39:56 baseweed-admin systemd[1]: Listening on Virtual Machine and Container Registration Service Socket.
Oct 03 16:39:56 baseweed-admin systemd[1]: Listening on libvirt locking daemon socket.
Oct 03 16:39:56 baseweed-admin systemd[1]: Listening on libvirt locking daemon admin socket.
Oct 03 16:39:56 baseweed-admin systemd[1]: Listening on libvirt logging daemon socket.
Oct 03 16:39:56 baseweed-admin systemd[1]: Listening on libvirt logging daemon admin socket.
Oct 03 16:39:56 baseweed-admin systemd[1]: Listening on libvirt network daemon socket.
Oct 03 16:39:56 baseweed-admin systemd[1]: Listening on libvirt network daemon admin socket.
Oct 03 16:39:56 baseweed-admin systemd[1]: Listening on libvirt network daemon read-only socket.
Oct 03 16:39:56 baseweed-admin systemd[1]: Listening on libvirt nodedev daemon socket.
Oct 03 16:39:56 baseweed-admin systemd[1]: Listening on libvirt nodedev daemon admin socket.
Oct 03 16:39:56 baseweed-admin systemd[1]: Listening on libvirt nodedev daemon read-only socket.
Oct 03 16:39:56 baseweed-admin systemd[1]: Listening on libvirt QEMU daemon socket.
Oct 03 16:39:56 baseweed-admin systemd[1]: Listening on libvirt QEMU daemon admin socket.
Oct 03 16:39:56 baseweed-admin systemd[1]: Listening on libvirt QEMU daemon read-only socket.
Oct 03 16:39:56 baseweed-admin systemd[1]: Listening on libvirt secret daemon socket.
Oct 03 16:39:56 baseweed-admin systemd[1]: Listening on libvirt secret daemon admin socket.
Oct 03 16:39:56 baseweed-admin systemd[1]: Listening on libvirt secret daemon read-only socket.
Oct 03 16:39:56 baseweed-admin systemd[1]: Listening on libvirt storage daemon socket.
Oct 03 16:39:56 baseweed-admin systemd[1]: Listening on libvirt storage daemon admin socket.
Oct 03 16:39:56 baseweed-admin systemd[1]: Listening on libvirt storage daemon read-only socket.
Oct 03 16:39:56 baseweed-admin systemd[1]: libvirt Xen daemon socket skipped, unmet condition check ConditionPathExists=/proc/xen/capabilities
Oct 03 16:39:56 baseweed-admin systemd[1]: libvirt Xen daemon admin socket skipped, unmet condition check ConditionPathExists=/proc/xen/capabilities
Oct 03 16:39:56 baseweed-admin systemd[1]: libvirt Xen daemon read-only socket skipped, unmet condition check ConditionPathExists=/proc/xen/capabilities
Oct 03 16:39:56 baseweed-admin systemd[1]: Listening on wtmpdb daemon socket.
Oct 03 16:39:56 baseweed-admin systemd[1]: Reached target Socket Units.
Oct 03 16:39:56 baseweed-admin systemd[1]: Starting D-Bus System Message Bus...
Oct 03 16:39:56 baseweed-admin systemd[1]: Starting Write boot and shutdown times into wtmpdb...
Oct 03 16:39:56 baseweed-admin systemd[1]: Started D-Bus System Message Bus.
Oct 03 16:39:56 baseweed-admin systemd[1]: Reached target Basic System.
Oct 03 16:39:56 baseweed-admin systemd[1]: Starting Run SELinux Script on boot to check if it is safe to delete /var/lib/selinux after migration to /etc...
Oct 03 16:39:56 baseweed-admin systemd[1]: Finished Restore /run/initramfs on shutdown.
Oct 03 16:39:56 baseweed-admin systemd[1]: Starting Apply settings from /etc/sysconfig/keyboard...
Oct 03 16:39:56 baseweed-admin systemd[1]: Starting Monitoring of LVM2 mirrors, snapshots etc. using dmeventd or progress polling...
Oct 03 16:39:56 baseweed-admin dbus-broker-launch[662]: Ready
Oct 03 16:39:56 baseweed-admin systemd[1]: Starting Refresh dbus-broker policy with qdistro additions...
Oct 03 16:39:56 baseweed-admin systemd[1]: Started QEMU Guest Agent.
Oct 03 16:39:56 baseweed-admin systemd[1]: Starting Cleanup system data after soft-reboot...
Oct 03 16:39:56 baseweed-admin systemd[1]: Starting User Login Management...
Oct 03 16:39:56 baseweed-admin systemd[1]: Starting Virtual Machine and Container Registration Service...
Oct 03 16:39:56 baseweed-admin systemd[1]: Purge old kernels skipped, unmet condition check ConditionPathExists=/boot/do_purge_kernels
Oct 03 16:39:56 baseweed-admin systemd[1]: Starting wtmpdb daemon...
Oct 03 16:39:56 baseweed-admin systemd[1]: Started Virtual Machine and Container Registration Service.
Oct 03 16:39:56 baseweed-admin systemd[1]: Finished Refresh dbus-broker policy with qdistro additions.
Oct 03 16:39:56 baseweed-admin systemd[1]: Starting qdistro admin broker (Phase 1 prototype)...
Oct 03 16:39:56 baseweed-admin kernel: device-mapper: uevent: version 1.0.3
Oct 03 16:39:56 baseweed-admin kernel: device-mapper: ioctl: 4.50.0-ioctl (2025-04-28) initialised: dm-devel@lists.linux.dev
Oct 03 16:39:56 baseweed-admin systemd[1]: Starting qdistro password-manager daemon (spec/13 Phase-8 MVP)...
Oct 03 16:39:56 baseweed-admin cleanoldsepoldir.sh[665]: INFO: snapper not found and root is not Btrfs (xfs). Checking marker file age...
Oct 03 16:39:56 baseweed-admin systemd[1]: Starting qdistro session manager (user-silo lifecycle)...
Oct 03 16:39:56 baseweed-admin cleanoldsepoldir.sh[665]: INFO: Migration markers are only 2 days old. Waiting for 30 days.
Oct 03 16:39:56 baseweed-admin cleanoldsepoldir.sh[665]: ---
Oct 03 16:39:56 baseweed-admin cleanoldsepoldir.sh[665]: WARNING: Cannot delete /var/lib/selinux. One or more checks failed:
Oct 03 16:39:56 baseweed-admin cleanoldsepoldir.sh[665]:  - Migration markers are only 2 days old. Waiting for 30 days (root is xfs).
Oct 03 16:39:56 baseweed-admin systemd[1]: cleanoldsepoldir.service: Deactivated successfully.
Oct 03 16:39:56 baseweed-admin systemd[1]: Finished Run SELinux Script on boot to check if it is safe to delete /var/lib/selinux after migration to /etc.
Oct 03 16:39:56 baseweed-admin systemd[1]: Finished Monitoring of LVM2 mirrors, snapshots etc. using dmeventd or progress polling.
Oct 03 16:39:56 baseweed-admin systemd[1]: Finished Cleanup system data after soft-reboot.
Oct 03 16:39:56 baseweed-admin systemd[1]: Finished Apply settings from /etc/sysconfig/keyboard.
Oct 03 16:39:56 baseweed-admin systemd[1]: Reached target Preparation for Network.
Oct 03 16:39:56 baseweed-admin systemd[1]: Starting Network Manager...
Oct 03 16:39:56 baseweed-admin systemd[1]: Started wtmpdb daemon.
Oct 03 16:39:56 baseweed-admin systemd-logind[679]: New seat seat0.
Oct 03 16:39:56 baseweed-admin systemd-logind[679]: Watching system buttons on /dev/input/event4 (Power Button)
Oct 03 16:39:56 baseweed-admin systemd-logind[679]: Watching system buttons on /dev/input/event0 (AT Translated Set 2 keyboard)
Oct 03 16:39:56 baseweed-admin systemd[1]: Created slice User Slice of UID 1000.
Oct 03 16:39:56 baseweed-admin systemd[1]: Finished Write boot and shutdown times into wtmpdb.
Oct 03 16:39:56 baseweed-admin systemd[1]: Started User Login Management.
Oct 03 16:39:56 baseweed-admin systemd[1]: Starting User Runtime Directory /run/user/1000...
Oct 03 16:39:56 baseweed-admin NetworkManager[739]: <info>  [1791045596.7178] NetworkManager (version 1.56.1) is starting... (boot:b99db3c3-092f-4526-95e8-a28f8a8d559f)
Oct 03 16:39:56 baseweed-admin NetworkManager[739]: <info>  [1791045596.7182] Read config: /etc/NetworkManager/NetworkManager.conf, /usr/lib/NetworkManager/conf.d/conncheck-openSUSE.conf, /run/NetworkManager/conf.d/15-carrier-timeout.conf
Oct 03 16:39:56 baseweed-admin NetworkManager[739]: <info>  [1791045596.7283] manager[0x5616db3d1200]: monitoring kernel firmware directory '/usr/lib/firmware'.
Oct 03 16:39:56 baseweed-admin systemd[1]: Starting Hostname Service...
Oct 03 16:39:56 baseweed-admin systemd-user-runtime-dir[741]: Successfully configured disk quota for UID 1000 on /tmp to 1.5G
Oct 03 16:39:56 baseweed-admin systemd-user-runtime-dir[741]: Successfully configured disk quota for UID 1000 on /dev/shm to 1.5G
Oct 03 16:39:56 baseweed-admin systemd[1]: Finished User Runtime Directory /run/user/1000.
Oct 03 16:39:56 baseweed-admin systemd[1]: Started Hostname Service.
Oct 03 16:39:56 baseweed-admin NetworkManager[739]: <info>  [1791045596.9421] hostname: hostname: using hostnamed
Oct 03 16:39:56 baseweed-admin NetworkManager[739]: <info>  [1791045596.9424] hostname: static hostname changed from (none) to "baseweed-admin"
Oct 03 16:39:56 baseweed-admin NetworkManager[739]: <info>  [1791045596.9431] dns-mgr: init: dns=default,systemd-resolved rc-manager=symlink (auto)
Oct 03 16:39:56 baseweed-admin NetworkManager[739]: <info>  [1791045596.9602] manager[0x5616db3d1200]: rfkill: Wi-Fi hardware radio set enabled
Oct 03 16:39:56 baseweed-admin NetworkManager[739]: <info>  [1791045596.9603] manager[0x5616db3d1200]: rfkill: WWAN hardware radio set enabled
Oct 03 16:39:56 baseweed-admin NetworkManager[739]: <info>  [1791045596.9699] Loaded device plugin: NMWifiFactory (/usr/lib64/NetworkManager/1.56.1/libnm-device-plugin-wifi.so)
Oct 03 16:39:56 baseweed-admin NetworkManager[739]: <info>  [1791045596.9700] manager: rfkill: Wi-Fi enabled by radio killswitch; enabled by state file
Oct 03 16:39:56 baseweed-admin NetworkManager[739]: <info>  [1791045596.9701] manager: rfkill: WWAN enabled by radio killswitch; enabled by state file
Oct 03 16:39:56 baseweed-admin NetworkManager[739]: <info>  [1791045596.9702] manager: Networking is enabled by state file
Oct 03 16:39:56 baseweed-admin NetworkManager[739]: <info>  [1791045596.9713] settings: Loaded settings plugin: keyfile (internal)
Oct 03 16:39:56 baseweed-admin NetworkManager[739]: <info>  [1791045596.9735] dhcp: init: Using DHCP client 'internal'
Oct 03 16:39:56 baseweed-admin NetworkManager[739]: <info>  [1791045596.9746] manager: (lo): new Loopback device (/org/freedesktop/NetworkManager/Devices/1)
Oct 03 16:39:56 baseweed-admin NetworkManager[739]: <info>  [1791045596.9797] device (lo): state change: unmanaged -> unavailable (reason 'connection-assumed', managed-type: 'external')
Oct 03 16:39:56 baseweed-admin NetworkManager[739]: <info>  [1791045596.9806] device (lo): state change: unavailable -> disconnected (reason 'connection-assumed', managed-type: 'external')
Oct 03 16:39:56 baseweed-admin NetworkManager[739]: <info>  [1791045596.9816] device (lo): Activation: starting connection 'lo' (f9743f19-9c1e-4b12-b434-74586e805566)
Oct 03 16:39:56 baseweed-admin NetworkManager[739]: <info>  [1791045596.9831] manager: (ens2): new Ethernet device (/org/freedesktop/NetworkManager/Devices/2)
Oct 03 16:39:56 baseweed-admin NetworkManager[739]: <info>  [1791045596.9845] settings: (ens2): created default wired connection 'Wired connection 1'
Oct 03 16:39:56 baseweed-admin NetworkManager[739]: <info>  [1791045596.9846] device (ens2): state change: unmanaged -> unavailable (reason 'managed', managed-type: 'external')
Oct 03 16:39:56 baseweed-admin systemd[1]: Listening on Load/Save RF Kill Switch Status /dev/rfkill Watch.
Oct 03 16:39:56 baseweed-admin NetworkManager[739]: <info>  [1791045596.9885] bus-manager: acquired D-Bus service "org.freedesktop.NetworkManager"
Oct 03 16:39:56 baseweed-admin NetworkManager[739]: <info>  [1791045596.9890] device (lo): state change: disconnected -> prepare (reason 'none', managed-type: 'external')
Oct 03 16:39:56 baseweed-admin NetworkManager[739]: <info>  [1791045596.9892] device (lo): state change: prepare -> config (reason 'none', managed-type: 'external')
Oct 03 16:39:56 baseweed-admin NetworkManager[739]: <info>  [1791045596.9893] device (lo): state change: config -> ip-config (reason 'none', managed-type: 'external')
Oct 03 16:39:56 baseweed-admin NetworkManager[739]: <info>  [1791045596.9894] device (ens2): carrier: link connected
Oct 03 16:39:56 baseweed-admin NetworkManager[739]: <info>  [1791045596.9897] device (lo): state change: ip-config -> ip-check (reason 'none', managed-type: 'external')
Oct 03 16:39:56 baseweed-admin NetworkManager[739]: <info>  [1791045596.9903] device (ens2): state change: unavailable -> disconnected (reason 'carrier-changed', managed-type: 'full')
Oct 03 16:39:56 baseweed-admin systemd[1]: Starting Network Manager Script Dispatcher Service...
Oct 03 16:39:56 baseweed-admin NetworkManager[739]: <info>  [1791045596.9910] policy: auto-activating connection 'Wired connection 1' (4b090998-2e11-33a8-a332-68acfe72ea0c)
Oct 03 16:39:56 baseweed-admin systemd[1]: Started Network Manager.
Oct 03 16:39:56 baseweed-admin systemd[1]: Reached target Network.
Oct 03 16:39:56 baseweed-admin NetworkManager[739]: <info>  [1791045596.9920] device (ens2): Activation: starting connection 'Wired connection 1' (4b090998-2e11-33a8-a332-68acfe72ea0c)
Oct 03 16:39:56 baseweed-admin NetworkManager[739]: <info>  [1791045596.9920] device (ens2): state change: disconnected -> prepare (reason 'none', managed-type: 'full')
Oct 03 16:39:56 baseweed-admin NetworkManager[739]: <info>  [1791045596.9921] manager: NetworkManager state is now CONNECTING
Oct 03 16:39:56 baseweed-admin NetworkManager[739]: <info>  [1791045596.9922] device (ens2): state change: prepare -> config (reason 'none', managed-type: 'full')
Oct 03 16:39:56 baseweed-admin NetworkManager[739]: <info>  [1791045596.9927] device (ens2): state change: config -> ip-config (reason 'none', managed-type: 'full')
Oct 03 16:39:56 baseweed-admin NetworkManager[739]: <info>  [1791045596.9932] dhcp4 (ens2): activation: beginning transaction (timeout in 45 seconds)
Oct 03 16:39:56 baseweed-admin systemd[1]: Starting Network Manager Wait Online...
Oct 03 16:39:57 baseweed-admin kernel: NET: Registered PF_PACKET protocol family
Oct 03 16:39:57 baseweed-admin NetworkManager[739]: <info>  [1791045597.0085] dhcp4 (ens2): state changed new lease, address=10.0.2.15, acd pending
Oct 03 16:39:57 baseweed-admin systemd[1]: Starting NTP client/server...
Oct 03 16:39:57 baseweed-admin systemd[1]: Started qdistro IPP proxy → CUPS-in-VM (spec/20 Phase-9 skeleton).
Oct 03 16:39:57 baseweed-admin systemd[1]: Starting OpenSSH Daemon...
Oct 03 16:39:57 baseweed-admin NetworkManager[739]: <info>  [1791045597.0405] device (lo): state change: ip-check -> secondaries (reason 'none', managed-type: 'external')
Oct 03 16:39:57 baseweed-admin NetworkManager[739]: <info>  [1791045597.0408] device (lo): state change: secondaries -> activated (reason 'none', managed-type: 'external')
Oct 03 16:39:57 baseweed-admin NetworkManager[739]: <info>  [1791045597.0414] device (lo): Activation: successful, device activated.
Oct 03 16:39:57 baseweed-admin systemd[1]: Started Network Manager Script Dispatcher Service.
Oct 03 16:39:57 baseweed-admin sshd-gen-keys-start[759]: Checking for missing server keys in /etc/ssh
Oct 03 16:39:57 baseweed-admin chronyd[752]: chronyd version 4.9 starting (+CMDMON +REFCLOCK +RTC +PRIVDROP +SCFILTER +SIGND +NTS +SECHASH +IPV6 -DEBUG)
Oct 03 16:39:57 baseweed-admin systemd[1]: Started qdistro session manager (user-silo lifecycle).
Oct 03 16:39:57 baseweed-admin chronyd[752]: Frequency -83.231 +/- 535.590 ppm read from /var/lib/chrony/drift
Oct 03 16:39:57 baseweed-admin NetworkManager[739]: <info>  [1791045597.1851] dhcp4 (ens2): state changed new lease, address=10.0.2.15
Oct 03 16:39:57 baseweed-admin NetworkManager[739]: <info>  [1791045597.1954] policy: set 'Wired connection 1' (ens2) as default for IPv4 routing and DNS
Oct 03 16:39:57 baseweed-admin NetworkManager[739]: <info>  [1791045597.2311] device (ens2): state change: ip-config -> ip-check (reason 'none', managed-type: 'full')
Oct 03 16:39:57 baseweed-admin qdistro-print-proxy[753]: [qdistro-print-proxy] listening on /run/qdistro-print/ipp.sock → backend=vsock
Oct 03 16:39:57 baseweed-admin NetworkManager[739]: <info>  [1791045597.2460] device (ens2): state change: ip-check -> secondaries (reason 'none', managed-type: 'full')
Oct 03 16:39:57 baseweed-admin NetworkManager[739]: <info>  [1791045597.2463] device (ens2): state change: secondaries -> activated (reason 'none', managed-type: 'full')
Oct 03 16:39:57 baseweed-admin NetworkManager[739]: <info>  [1791045597.2501] manager: NetworkManager state is now CONNECTED_SITE
Oct 03 16:39:57 baseweed-admin NetworkManager[739]: <info>  [1791045597.2506] device (ens2): Activation: successful, device activated.
Oct 03 16:39:57 baseweed-admin NetworkManager[739]: <info>  [1791045597.2533] manager: startup complete
Oct 03 16:39:57 baseweed-admin systemd[1]: Finished Network Manager Wait Online.
Oct 03 16:39:57 baseweed-admin systemd[1]: Reached target Network is Online.
Oct 03 16:39:57 baseweed-admin systemd[1]: Starting Login and scanning of iSCSI devices...
Oct 03 16:39:57 baseweed-admin iscsiadm[804]: iscsiadm: No records found
Oct 03 16:39:57 baseweed-admin iscsiadm[817]: iscsiadm: No records found
Oct 03 16:39:57 baseweed-admin systemd[1]: Started NTP client/server.
Oct 03 16:39:57 baseweed-admin NetworkManager[739]: <info>  [1791045597.4086] manager: NetworkManager state is now CONNECTED_GLOBAL
Oct 03 16:39:57 baseweed-admin systemd[1]: Reached target System Time Synchronized.
Oct 03 16:39:57 baseweed-admin systemd[1]: Started Backup of RPM database.
Oct 03 16:39:57 baseweed-admin systemd[1]: Started Backup of /etc/sysconfig.
Oct 03 16:39:57 baseweed-admin systemd[1]: Started Check if mainboard battery is Ok.
Oct 03 16:39:57 baseweed-admin systemd[1]: Started Discard unused filesystem blocks once a week.
Oct 03 16:39:57 baseweed-admin qdistro_admin_broker.py[706]: [broker] hooks: enabled, executor socket at /run/qdistro/hook-executor.sock
Oct 03 16:39:57 baseweed-admin qdistro_admin_broker.py[706]: [broker] secctx_launcher_gated=True
Oct 03 16:39:57 baseweed-admin qdistro_admin_broker.py[706]: [broker] require_silo_active=True (fail-closed)
Oct 03 16:39:57 baseweed-admin qdistro_admin_broker.py[706]: [broker] lineage_enforce=False (False=shadow/audit-only)
Oct 03 16:39:57 baseweed-admin systemd[1]: Started Daily rotation of log files.
Oct 03 16:39:57 baseweed-admin systemd[1]: Started daily update of the root trust anchor for DNSSEC.
Oct 03 16:39:57 baseweed-admin systemd[1]: Started Monthly rotation of wtmpdb.
Oct 03 16:39:57 baseweed-admin qdistro_admin_broker.py[706]: /usr/libexec/qdistro/qdistro_admin_broker.py:1124: PyGIDeprecationWarning: GLib.unix_signal_add is deprecated; use GLibUnix.signal_add instead
Oct 03 16:39:57 baseweed-admin qdistro_admin_broker.py[706]:   GLib.unix_signal_add(
Oct 03 16:39:57 baseweed-admin systemd[1]: Reached target Timer Units.
Oct 03 16:39:57 baseweed-admin iscsiadm[828]: iscsiadm: Could not get list of targets from firmware. (err 21)
Oct 03 16:39:57 baseweed-admin systemd[1]: Finished Login and scanning of iSCSI devices.
Oct 03 16:39:57 baseweed-admin qdistro_admin_broker.py[706]: [broker] inotify watching /etc/qdistro/rules.d for hot reload
Oct 03 16:39:57 baseweed-admin systemd[1]: Started qdistro password-manager daemon (spec/13 Phase-8 MVP).
Oct 03 16:39:57 baseweed-admin systemd[1]: Reached target Remote File Systems.
Oct 03 16:39:57 baseweed-admin qdistro_pwd_daemon.py[710]: logind lifecycle hooks unavailable
Oct 03 16:39:57 baseweed-admin qdistro_pwd_daemon.py[710]: Traceback (most recent call last):
Oct 03 16:39:57 baseweed-admin qdistro_pwd_daemon.py[710]:   File "/usr/libexec/qdistro/qdistro_pwd_daemon.py", line 661, in _install_lifecycle_hooks
Oct 03 16:39:57 baseweed-admin qdistro_pwd_daemon.py[710]:     session_path = str(mgr.GetSessionByPID(os.getpid()))
Oct 03 16:39:57 baseweed-admin qdistro_pwd_daemon.py[710]:                        ~~~~~~~~~~~~~~~~~~~^^^^^^^^^^^^^
Oct 03 16:39:57 baseweed-admin qdistro_pwd_daemon.py[710]:   File "/usr/lib/python3.13/site-packages/dbus/proxies.py", line 72, in __call__
Oct 03 16:39:57 baseweed-admin qdistro_pwd_daemon.py[710]:     return self._proxy_method(*args, **keywords)
Oct 03 16:39:57 baseweed-admin qdistro_pwd_daemon.py[710]:            ~~~~~~~~~~~~~~~~~~^^^^^^^^^^^^^^^^^^^
Oct 03 16:39:57 baseweed-admin qdistro_pwd_daemon.py[710]:   File "/usr/lib/python3.13/site-packages/dbus/proxies.py", line 141, in __call__
Oct 03 16:39:57 baseweed-admin qdistro_pwd_daemon.py[710]:     return self._connection.call_blocking(self._named_service,
Oct 03 16:39:57 baseweed-admin qdistro_pwd_daemon.py[710]:            ~~~~~~~~~~~~~~~~~~~~~~~~~~~~~~^^^^^^^^^^^^^^^^^^^^^
Oct 03 16:39:57 baseweed-admin qdistro_pwd_daemon.py[710]:                                           self._object_path,
Oct 03 16:39:57 baseweed-admin qdistro_pwd_daemon.py[710]:                                           ^^^^^^^^^^^^^^^^^^
Oct 03 16:39:57 baseweed-admin qdistro_pwd_daemon.py[710]:     ...<3 lines>...
Oct 03 16:39:57 baseweed-admin qdistro_pwd_daemon.py[710]:                                           args,
Oct 03 16:39:57 baseweed-admin qdistro_pwd_daemon.py[710]:                                           ^^^^^
Oct 03 16:39:57 baseweed-admin qdistro_pwd_daemon.py[710]:                                           **keywords)
Oct 03 16:39:57 baseweed-admin qdistro_pwd_daemon.py[710]:                                           ^^^^^^^^^^^
Oct 03 16:39:57 baseweed-admin qdistro_pwd_daemon.py[710]:   File "/usr/lib/python3.13/site-packages/dbus/connection.py", line 696, in call_blocking
Oct 03 16:39:57 baseweed-admin qdistro_pwd_daemon.py[710]:     reply_message = self.send_message_with_reply_and_block(
Oct 03 16:39:57 baseweed-admin qdistro_pwd_daemon.py[710]:         message, timeout)
Oct 03 16:39:57 baseweed-admin qdistro_pwd_daemon.py[710]: dbus.exceptions.DBusException: org.freedesktop.login1.NoSessionForPID: PID 710 does not belong to any known session
Oct 03 16:39:57 baseweed-admin qdistro_pwd_daemon.py[710]: [qdistro-pwd] listening on org.qdistro.Pwd1 /org/qdistro/Pwd1
Oct 03 16:39:57 baseweed-admin qdistro_pwd_daemon.py[710]: /usr/libexec/qdistro/qdistro_pwd_daemon.py:2030: PyGIDeprecationWarning: GLib.unix_signal_add is deprecated; use GLibUnix.signal_add instead
Oct 03 16:39:57 baseweed-admin qdistro_pwd_daemon.py[710]:   GLib.unix_signal_add(GLib.PRIORITY_HIGH, signal.SIGTERM, _on_term, None)
Oct 03 16:39:57 baseweed-admin qdistro_pwd_daemon.py[710]: /usr/libexec/qdistro/qdistro_pwd_daemon.py:2031: PyGIDeprecationWarning: GLib.unix_signal_add is deprecated; use GLibUnix.signal_add instead
Oct 03 16:39:57 baseweed-admin qdistro_pwd_daemon.py[710]:   GLib.unix_signal_add(GLib.PRIORITY_HIGH, signal.SIGINT, _on_term, None)
Oct 03 16:39:57 baseweed-admin systemd[1]: Starting Availability of block devices...
Oct 03 16:39:57 baseweed-admin systemd[1]: Starting Permit User Sessions...
Oct 03 16:39:57 baseweed-admin systemd[1]: Starting libvirt QEMU daemon...
Oct 03 16:39:57 baseweed-admin systemd[1]: libvirt Xen daemon skipped, unmet condition check ConditionPathExists=/proc/xen/capabilities
Oct 03 16:39:57 baseweed-admin runuser[816]: pam_unix(runuser:session): session opened for user admin(uid=1000) by (uid=0)
Oct 03 16:39:57 baseweed-admin sshd[824]: Server listening on 0.0.0.0 port 22.
Oct 03 16:39:57 baseweed-admin sshd[824]: Server listening on :: port 22.
Oct 03 16:39:57 baseweed-admin systemd[1]: Started OpenSSH Daemon.
Oct 03 16:39:57 baseweed-admin systemd[1]: Finished Availability of block devices.
Oct 03 16:39:57 baseweed-admin qdistro_admin_broker.py[706]: [broker] workflow engine: 0 workflow(s) loaded
Oct 03 16:39:57 baseweed-admin qdistro_admin_broker.py[706]: [qdistro-admin-broker] listening on org.qdistro.AdminBroker1 /org/qdistro/AdminBroker1
Oct 03 16:39:57 baseweed-admin systemd[1]: Started qdistro admin broker (Phase 1 prototype).
Oct 03 16:39:57 baseweed-admin systemd[1]: Finished Permit User Sessions.
Oct 03 16:39:57 baseweed-admin systemd[1]: Started Getty on tty1.
Oct 03 16:39:57 baseweed-admin systemd[1]: Started Seat management daemon.
Oct 03 16:39:57 baseweed-admin systemd[1]: Started Serial Getty on ttyS0.
Oct 03 16:39:57 baseweed-admin systemd[1]: Reached target Login Prompts.
Oct 03 16:39:57 baseweed-admin systemd[1]: Starting User Manager for UID 1000...
Oct 03 16:39:57 baseweed-admin seatd[860]: 00:00:00.000 [INFO] [seatd/seat.c:48] Created VT-bound seat seat0
Oct 03 16:39:57 baseweed-admin seatd[860]: 00:00:00.000 [INFO] [seatd/seatd.c:194] seatd started
Oct 03 16:39:57 baseweed-admin systemd[1]: Started libvirt QEMU daemon.
Oct 03 16:39:57 baseweed-admin systemd[1]: Reached target Multi-User System.
Oct 03 16:39:57 baseweed-admin systemd-logind[679]: New session '1' of user 'admin' with class 'manager' and type 'unspecified'.
Oct 03 16:39:57 baseweed-admin (systemd)[872]: pam_unix(systemd-user:session): session opened for user admin(uid=1000) by admin(uid=0)
Oct 03 16:39:58 baseweed-admin systemd[872]: Queued start job for default target Main User Target.
Oct 03 16:39:58 baseweed-admin systemd[872]: Created slice User Application Slice.
Oct 03 16:39:58 baseweed-admin systemd[872]: Created slice User Core Session Slice.
Oct 03 16:39:58 baseweed-admin systemd[872]: Started Daily Cleanup of User's Temporary Directories.
Oct 03 16:39:58 baseweed-admin systemd[872]: Reached target Paths.
Oct 03 16:39:58 baseweed-admin systemd[872]: Reached target Timers.
Oct 03 16:39:58 baseweed-admin systemd[872]: Starting D-Bus User Message Bus Socket...
Oct 03 16:39:58 baseweed-admin systemd[872]: Listening on PipeWire Multimedia System Sockets.
Oct 03 16:39:58 baseweed-admin systemd[872]: Listening on Query the User Interactively for a Password.
Oct 03 16:39:58 baseweed-admin systemd[872]: Listening on Disk Image Download Service Socket.
Oct 03 16:39:58 baseweed-admin systemd[872]: Listening on Virtual Machine and Container Registration Service Socket.
Oct 03 16:39:58 baseweed-admin systemd[872]: Starting Create User Files and Directories...
Oct 03 16:39:58 baseweed-admin systemd[872]: Listening on D-Bus User Message Bus Socket.
Oct 03 16:39:58 baseweed-admin systemd[872]: Reached target Sockets.
Oct 03 16:39:58 baseweed-admin systemd[872]: Starting D-Bus User Message Bus...
Oct 03 16:39:58 baseweed-admin dbus-broker-launch[901]: Policy to allow eavesdropping in /usr/share/dbus-1/session.conf +31: Eavesdropping is deprecated and ignored
Oct 03 16:39:58 baseweed-admin systemd[872]: Started D-Bus User Message Bus.
Oct 03 16:39:58 baseweed-admin dbus-broker-launch[901]: Ready
Oct 03 16:39:58 baseweed-admin systemd[872]: Finished Create User Files and Directories.
Oct 03 16:39:58 baseweed-admin systemd[872]: Reached target Basic System.
Oct 03 16:39:58 baseweed-admin systemd[872]: Reached target Current graphical user session.
Oct 03 16:39:58 baseweed-admin systemd[1]: Started User Manager for UID 1000.
Oct 03 16:39:58 baseweed-admin systemd[1]: Startup finished in 1.745s (kernel) + 2.065s (initrd) + 4.729s (userspace) = 8.540s.
Oct 03 16:39:58 baseweed-admin systemd[872]: Started PipeWire Multimedia Service.
Oct 03 16:39:58 baseweed-admin systemd[872]: Starting qdistro browser screen-lock inhibit daemon (Bridge Phase-9e)...
Oct 03 16:39:58 baseweed-admin systemd[872]: Starting qdistro browser download-notification daemon (Bridge Phase-9e)...
Oct 03 16:39:58 baseweed-admin systemd[872]: Starting qdistro browser MPRIS republisher (Bridge Phase-9e)...
Oct 03 16:39:58 baseweed-admin systemd[872]: Starting qdistro browser web-notification relay (Bridge Phase-9e)...
Oct 03 16:39:58 baseweed-admin systemd[872]: qdistro-polkit-agent.service: unit configures an IP firewall, but not running as root.
Oct 03 16:39:58 baseweed-admin systemd[872]: qdistro-polkit-agent.service: (This warning is only shown for the first unit using IP firewalling.)
Oct 03 16:39:58 baseweed-admin systemd[872]: Started qdistro polkit authentication agent (PAM / fprintd / broker).
Oct 03 16:39:58 baseweed-admin systemd[872]: Starting qdistro pwd XDG portal Secret backend (spec/13 Phase-8.3)...
Oct 03 16:39:58 baseweed-admin systemd[872]: Started qdwin compositor (libweston + qdwin-shell.so).
Oct 03 16:39:58 baseweed-admin systemd[872]: Starting qdistro screen locker (qdlocker)...
Oct 03 16:39:58 baseweed-admin systemd[872]: Starting qdshell desktop (Quickshell QML on top of qdwin)...
Oct 03 16:39:58 baseweed-admin systemd[872]: Started Multimedia Service Session Manager.
Oct 03 16:39:58 baseweed-admin systemd[872]: Starting ydotool synthetic input daemon for qdistro VM tests...
Oct 03 16:39:58 baseweed-admin systemd[1]: Starting RealtimeKit Scheduling Policy Service...
Oct 03 16:39:58 baseweed-admin weston[927]: Date: 2026-10-03 UTC
Oct 03 16:39:58 baseweed-admin weston[927]: [16:39:58.498] weston 16.0.0
Oct 03 16:39:58 baseweed-admin weston[927]:                https://wayland.freedesktop.org
Oct 03 16:39:58 baseweed-admin weston[927]:                Bug reports to: https://gitlab.freedesktop.org/wayland/weston/issues/
Oct 03 16:39:58 baseweed-admin weston[927]:                Build: 16.0.0
Oct 03 16:39:58 baseweed-admin weston[927]: [16:39:58.498] Command line: /usr/bin/weston --config=/home/admin/weston.ini --socket=wayland-1
Oct 03 16:39:58 baseweed-admin weston[927]: [16:39:58.498] OS: Linux, 7.2.8-1-default, #1 SMP PREEMPT_DYNAMIC Sat Sep 26 07:00:58 UTC 2026 (9b36732), x86_64
Oct 03 16:39:58 baseweed-admin weston[927]: [16:39:58.498] Flight recorder: enabled, scopes subscribed: log
Oct 03 16:39:58 baseweed-admin weston[927]: [16:39:58.506] Using config file '/home/admin/weston.ini'
Oct 03 16:39:58 baseweed-admin weston[927]: [16:39:58.506] Output repaint window is 7 ms maximum.
Oct 03 16:39:58 baseweed-admin weston[927]: [16:39:58.510] Loading module '/usr/libexec/qdistro/qdwin-libweston/lib64/libweston-16/drm-backend.so'
Oct 03 16:39:58 baseweed-admin weston[927]: [16:39:58.526] initializing drm backend
Oct 03 16:39:58 baseweed-admin weston[927]: [16:39:58.526] Trying libseat launcher...
Oct 03 16:39:58 baseweed-admin seatd[860]: 00:00:00.869 [INFO] [seatd/server.c:145] New client connected (pid: 927, uid: 1000, gid: 1000)
Oct 03 16:39:58 baseweed-admin seatd[860]: 00:00:00.869 [INFO] [seatd/seat.c:248] Added client 1 to seat0
Oct 03 16:39:58 baseweed-admin seatd[860]: 00:00:00.869 [INFO] [seatd/seat.c:584] Opened client 1 on seat0
Oct 03 16:39:58 baseweed-admin weston[927]: [16:39:58.556] [libseat/libseat.c:73] Seat opened with backend 'seatd'
Oct 03 16:39:58 baseweed-admin weston[927]: [16:39:58.556] [libseat/backend/seatd.c:218] Enabling seat
Oct 03 16:39:58 baseweed-admin weston[927]: [16:39:58.556] libseat: session control granted
Oct 03 16:39:58 baseweed-admin weston[927]: [16:39:58.566] using /dev/dri/card0
Oct 03 16:39:58 baseweed-admin weston[927]: [16:39:58.566] DRM: supports atomic modesetting
Oct 03 16:39:58 baseweed-admin weston[927]: [16:39:58.566] DRM: supports cursor-plane hotspot (virtualized cursor)
Oct 03 16:39:58 baseweed-admin weston[927]: [16:39:58.566] DRM: does not support GBM modifiers
Oct 03 16:39:58 baseweed-admin weston[927]: [16:39:58.566] DRM: does not support Atomic async page flip
Oct 03 16:39:58 baseweed-admin weston[927]: [16:39:58.566] DRM: supports picture aspect ratio
Oct 03 16:39:58 baseweed-admin weston[927]: [16:39:58.572] DRM: EDID for the following head fails conformity:
Oct 03 16:39:58 baseweed-admin weston[927]: Block 1, CTA-861 Extension Block:
Oct 03 16:39:58 baseweed-admin weston[927]:   Padding: Contains non-zero bytes.
Oct 03 16:39:58 baseweed-admin weston[927]: [16:39:58.572] DRM: head 'Virtual-1' found, connector 40 is connected, EDID make 'Red Hat, Inc.', model 'QEMU Monitor', serial ''
Oct 03 16:39:58 baseweed-admin weston[927]:                Supported EOTF modes: SDR
Oct 03 16:39:58 baseweed-admin weston[927]:                Supported colorimetry modes: default
Oct 03 16:39:58 baseweed-admin weston[927]:                Supported VRR modes: (none),
Oct 03 16:39:58 baseweed-admin weston[927]:                Supported color formats: AUTO
Oct 03 16:39:58 baseweed-admin systemd[872]: Started ydotool synthetic input daemon for qdistro VM tests.
Oct 03 16:39:58 baseweed-admin kernel: input: ydotoold virtual device as /devices/virtual/input/input7
Oct 03 16:39:58 baseweed-admin systemd-logind[679]: Watching system buttons on /dev/input/event6 (ydotoold virtual device)
Oct 03 16:39:59 baseweed-admin systemd[1]: Started RealtimeKit Scheduling Policy Service.
Oct 03 16:39:59 baseweed-admin rtkit-daemon[941]: Handling system-suspend using logind.
Oct 03 16:39:59 baseweed-admin systemd[1]: Starting Authorization Manager...
Oct 03 16:39:59 baseweed-admin kernel: evm: overlay not supported
Oct 03 16:39:59 baseweed-admin weston[927]: [16:39:59.149] Loading module '/usr/libexec/qdistro/qdwin-libweston/lib64/libweston-16/gl-renderer.so'
Oct 03 16:39:59 baseweed-admin systemd[872]: Started qdistro pwd XDG portal Secret backend (spec/13 Phase-8.3).
Oct 03 16:39:59 baseweed-admin systemd[872]: Auto-unlock the qdistro portal-keys vault at login skipped, unmet condition check ConditionPathExists=/var/lib/qdistro/vaults/portal-keys-pin.tpm
Oct 03 16:39:59 baseweed-admin systemd[872]: Started qdistro browser MPRIS republisher (Bridge Phase-9e).
Oct 03 16:39:59 baseweed-admin qdistro_pwd_portal.py[921]: [qdistro-pwd-portal] listening on org.qdistro.PortalSecret /org/freedesktop/portal/desktop
Oct 03 16:39:59 baseweed-admin NetworkManager[739]: <info>  [1791045599.2353] policy: set 'Wired connection 1' (ens2) as default for IPv6 routing and DNS
Oct 03 16:39:59 baseweed-admin qdistro_pwd_portal.py[921]: /usr/libexec/qdistro/qdistro_pwd_portal.py:201: PyGIDeprecationWarning: GLib.unix_signal_add is deprecated; use GLibUnix.signal_add instead
Oct 03 16:39:59 baseweed-admin qdistro_pwd_portal.py[921]:   GLib.unix_signal_add(GLib.PRIORITY_HIGH, signal.SIGTERM, _on_term, None)
Oct 03 16:39:59 baseweed-admin qdistro_pwd_portal.py[921]: /usr/libexec/qdistro/qdistro_pwd_portal.py:202: PyGIDeprecationWarning: GLib.unix_signal_add is deprecated; use GLibUnix.signal_add instead
Oct 03 16:39:59 baseweed-admin qdistro_pwd_portal.py[921]:   GLib.unix_signal_add(GLib.PRIORITY_HIGH, signal.SIGINT,  _on_term, None)
Oct 03 16:39:59 baseweed-admin weston[927]: [16:39:59.285] warning: failed to query rendering device from EGL
Oct 03 16:39:59 baseweed-admin weston[927]: [16:39:59.285] EGL version: 1.5
Oct 03 16:39:59 baseweed-admin weston[927]: [16:39:59.285] EGL vendor: Mesa Project
Oct 03 16:39:59 baseweed-admin weston[927]: [16:39:59.285] EGL client APIs: OpenGL OpenGL_ES
Oct 03 16:39:59 baseweed-admin weston[927]: [16:39:59.285] EGL features:
Oct 03 16:39:59 baseweed-admin weston[927]:                EGL Wayland extension: no
Oct 03 16:39:59 baseweed-admin weston[927]:                context priority: no
Oct 03 16:39:59 baseweed-admin weston[927]:                buffer age: yes
Oct 03 16:39:59 baseweed-admin weston[927]:                partial update: no
Oct 03 16:39:59 baseweed-admin weston[927]:                swap buffers with damage: no
Oct 03 16:39:59 baseweed-admin weston[927]:                configless context: yes
Oct 03 16:39:59 baseweed-admin weston[927]:                surfaceless context: yes
Oct 03 16:39:59 baseweed-admin weston[927]:                dmabuf support: modifiers
Oct 03 16:39:59 baseweed-admin weston[927]:                fence sync: yes (wait)
Oct 03 16:39:59 baseweed-admin systemd[872]: Started qdistro browser screen-lock inhibit daemon (Bridge Phase-9e).
Oct 03 16:39:59 baseweed-admin systemd[872]: Started qdistro browser web-notification relay (Bridge Phase-9e).
Oct 03 16:39:59 baseweed-admin podman[910]: 2026-10-03 16:39:59.492593349 +0000 UTC m=+1.028794894 system refresh
Oct 03 16:39:59 baseweed-admin systemd[872]: Started qdistro browser download-notification daemon (Bridge Phase-9e).
Oct 03 16:39:59 baseweed-admin systemd[872]: selinux: avc:  denied  { start } for auid=n/a uid=1000 gid=1000 cmdline="podman ps -a --filter label=qdistro_disposable=1 --format {{.Names}}" function="method_start_transient_unit" scontext=system_u:system_r:qdistro_sessmgr_t:s0 tcontext=unconfined_u:unconfined_r:unconfined_t:s0-s0:c0.c1023 tclass=system permissive=1
Oct 03 16:39:59 baseweed-admin systemd[872]: Created slice Slice /user.
Oct 03 16:39:59 baseweed-admin systemd[872]: Started podman-910.scope.
Oct 03 16:39:59 baseweed-admin polkitd[961]: Started polkitd version 127
Oct 03 16:39:59 baseweed-admin systemd[872]: Started podman-pause-ac52e8e7.scope.
Oct 03 16:39:59 baseweed-admin systemd[1]: Started Authorization Manager.
Oct 03 16:39:59 baseweed-admin runuser[816]: pam_unix(runuser:session): session closed for user admin
Oct 03 16:39:59 baseweed-admin weston[927]: [16:39:59.603] GL version: OpenGL ES 3.2 Mesa 26.2.3
Oct 03 16:39:59 baseweed-admin weston[927]: [16:39:59.604] GLSL version: OpenGL ES GLSL ES 3.20
Oct 03 16:39:59 baseweed-admin weston[927]: [16:39:59.604] GL vendor: Mesa
Oct 03 16:39:59 baseweed-admin weston[927]: [16:39:59.604] GL renderer: llvmpipe (LLVM 23.1.1, 256 bits)
Oct 03 16:39:59 baseweed-admin runuser[991]: pam_unix(runuser:session): session opened for user admin(uid=1000) by (uid=0)
Oct 03 16:39:59 baseweed-admin qdistro-polkit-agent[917]: registration failed: org.freedesktop.PolicyKit1.Error.Failed: Cannot determine session the caller is in
Oct 03 16:39:59 baseweed-admin python3[917]: qdistro-polkit-agent: registration failed: org.freedesktop.PolicyKit1.Error.Failed: Cannot determine session the caller is in
Oct 03 16:39:59 baseweed-admin weston[927]: [16:39:59.659] GL ES 3.2 - renderer features:
Oct 03 16:39:59 baseweed-admin weston[927]:                read-back format: ARGB8888
Oct 03 16:39:59 baseweed-admin weston[927]:                glReadPixels supports y-flip: yes
Oct 03 16:39:59 baseweed-admin weston[927]:                glReadPixels supports PBO: yes
Oct 03 16:39:59 baseweed-admin weston[927]:                wl_shm 10 bpc formats: yes
Oct 03 16:39:59 baseweed-admin weston[927]:                wl_shm 16 bpc formats: yes
Oct 03 16:39:59 baseweed-admin weston[927]:                wl_shm half-float formats: yes
Oct 03 16:39:59 baseweed-admin weston[927]:                internal R and RG formats: yes
Oct 03 16:39:59 baseweed-admin weston[927]:                OES_EGL_image_external: yes
Oct 03 16:39:59 baseweed-admin weston[927]:                GPU timeline: no
Oct 03 16:39:59 baseweed-admin weston[927]:                Texture immutability: yes
Oct 03 16:39:59 baseweed-admin weston[927]:                Required precision: yes
Oct 03 16:39:59 baseweed-admin weston[927]:                In-shader blending: yes
Oct 03 16:39:59 baseweed-admin weston[927]: [16:39:59.660] Using GL renderer
Oct 03 16:39:59 baseweed-admin systemd[872]: qdistro-polkit-agent.service: Main process exited, code=exited, status=1/FAILURE
Oct 03 16:39:59 baseweed-admin systemd[872]: qdistro-polkit-agent.service: Failed with result 'exit-code'.
Oct 03 16:39:59 baseweed-admin wireplumber[932]: [0:00:10.073681284] [932]  INFO Camera camera_manager.cpp:340 libcamera v0.7.2
Oct 03 16:39:59 baseweed-admin wireplumber[932]: [0:00:10.074140423] [1004]  WARN IPAManager ipa_manager.cpp:159 No IPA found in '/usr/lib64/libcamera/ipa'
Oct 03 16:39:59 baseweed-admin wireplumber[932]: [0:00:10.074649038] [1004] ERROR DmaBufAllocator dma_buf_allocator.cpp:119 Could not open any dma-buf provider
Oct 03 16:39:59 baseweed-admin systemd[872]: Started podman-1006.scope.
Oct 03 16:39:59 baseweed-admin runuser[991]: pam_unix(runuser:session): session closed for user admin
Oct 03 16:39:59 baseweed-admin weston[927]: [16:39:59.850] event3  - QEMU QEMU USB Tablet: is tagged by udev as: Mouse
Oct 03 16:39:59 baseweed-admin weston[927]: [16:39:59.850] event3  - QEMU QEMU USB Tablet: device is a pointer
Oct 03 16:39:59 baseweed-admin weston[927]: [16:39:59.851] event4  - Power Button: is tagged by udev as: Keyboard
Oct 03 16:39:59 baseweed-admin weston[927]: [16:39:59.851] event4  - Power Button: device is a keyboard
Oct 03 16:39:59 baseweed-admin weston[927]: [16:39:59.852] event0  - AT Translated Set 2 keyboard: is tagged by udev as: Keyboard
Oct 03 16:39:59 baseweed-admin weston[927]: [16:39:59.853] event0  - AT Translated Set 2 keyboard: device is a keyboard
Oct 03 16:39:59 baseweed-admin weston[927]: [16:39:59.854] event2  - VirtualPS/2 VMware VMMouse: is tagged by udev as: Mouse
Oct 03 16:39:59 baseweed-admin weston[927]: [16:39:59.854] event2  - VirtualPS/2 VMware VMMouse: emulating high-resolution scroll wheel events.
Oct 03 16:39:59 baseweed-admin weston[927]: [16:39:59.854] event2  - VirtualPS/2 VMware VMMouse: device is a pointer
Oct 03 16:39:59 baseweed-admin weston[927]: [16:39:59.855] event1  - VirtualPS/2 VMware VMMouse: is tagged by udev as: Mouse
Oct 03 16:39:59 baseweed-admin weston[927]: [16:39:59.855] event1  - VirtualPS/2 VMware VMMouse: device is a pointer
Oct 03 16:39:59 baseweed-admin weston[927]: [16:39:59.856] event5  - PC Speaker: not tagged as supported input device
Oct 03 16:39:59 baseweed-admin qdistro_session_manager.py[716]: 2026-10-03 16:39:59,861 INFO qdistro_session_manager: disposable lease sweeps (TTL + proctree-empty) every 60s
Oct 03 16:39:59 baseweed-admin weston[927]: [16:39:59.872] event5  - not using input device '/dev/input/event5'
Oct 03 16:39:59 baseweed-admin weston[927]: [16:39:59.873] event6  - ydotoold virtual device: is tagged by udev as: Keyboard
Oct 03 16:39:59 baseweed-admin weston[927]: [16:39:59.873] event6  - ydotoold virtual device: emulating high-resolution scroll wheel events.
Oct 03 16:39:59 baseweed-admin weston[927]: [16:39:59.873] event6  - ydotoold virtual device: device is a keyboard
Oct 03 16:39:59 baseweed-admin weston[927]: [16:39:59.873] libinput: configuring device "QEMU QEMU USB Tablet".
Oct 03 16:39:59 baseweed-admin weston[927]: [16:39:59.873] input device event3 has no enabled output associated (none named), skipping calibration for now.
Oct 03 16:39:59 baseweed-admin weston[927]: [16:39:59.883] libinput: configuring device "Power Button".
Oct 03 16:39:59 baseweed-admin weston[927]: [16:39:59.883] libinput: configuring device "AT Translated Set 2 keyboard".
Oct 03 16:39:59 baseweed-admin weston[927]: [16:39:59.883] libinput: configuring device "VirtualPS/2 VMware VMMouse".
Oct 03 16:39:59 baseweed-admin weston[927]: [16:39:59.883] libinput: configuring device "VirtualPS/2 VMware VMMouse".
Oct 03 16:39:59 baseweed-admin weston[927]: [16:39:59.883] input device event1 has no enabled output associated (none named), skipping calibration for now.
Oct 03 16:39:59 baseweed-admin weston[927]: [16:39:59.883] libinput: configuring device "ydotoold virtual device".
Oct 03 16:39:59 baseweed-admin weston[927]: [16:39:59.883] Registered plugin API 'weston_drm_output_api_v1' of size 40
Oct 03 16:39:59 baseweed-admin weston[927]: [16:39:59.883] Loading module '/usr/libexec/qdistro/qdwin-libweston/lib64/libweston-16/pipewire-backend.so'
Oct 03 16:39:59 baseweed-admin weston[927]: [16:39:59.884] Initializing PipeWire backend
Oct 03 16:39:59 baseweed-admin weston[927]: [16:39:59.890] Registered plugin API 'weston_pipewire_output_api_v2' of size 24
Oct 03 16:39:59 baseweed-admin weston[927]: [16:39:59.890] Color manager: no-op
Oct 03 16:39:59 baseweed-admin weston[927]:                  protocol support: no
Oct 03 16:39:59 baseweed-admin weston[927]: [16:39:59.890] Setting output 'Virtual-1' to color AUTO format
Oct 03 16:39:59 baseweed-admin weston[927]: [16:39:59.890] Output 'Virtual-1' attempts EOTF mode SDR and colorimetry mode default.
Oct 03 16:39:59 baseweed-admin weston[927]: [16:39:59.890] Output 'Virtual-1' using color profile: stock sRGB color profile
Oct 03 16:39:59 baseweed-admin weston[927]: [16:39:59.890] Chosen EGL config details: id:  46 rgba: 8 8 8 0 buf: 24 dep:  0 stcl: 0 int: 1-1 type: win val: fix vis_id: XRGB8888 (0x34325258)
Oct 03 16:39:59 baseweed-admin weston[927]: [16:39:59.890] Output Virtual-1 (crtc 39) video modes:
Oct 03 16:39:59 baseweed-admin weston[927]:                1280x800@75.0, preferred, 107.3 MHz
Oct 03 16:39:59 baseweed-admin weston[927]:                5120x2160@50.0 64:27, 742.5 MHz
Oct 03 16:39:59 baseweed-admin weston[927]:                4096x2160@50.0 256:135, 594.0 MHz
Oct 03 16:39:59 baseweed-admin weston[927]:                3840x2160@60.0 16:9, 594.0 MHz
Oct 03 16:39:59 baseweed-admin weston[927]:                3840x2160@59.9 16:9, 593.4 MHz
Oct 03 16:39:59 baseweed-admin weston[927]:                3840x2160@50.0 16:9, 594.0 MHz
Oct 03 16:39:59 baseweed-admin weston[927]:                1920x1440@60.0, 234.0 MHz
Oct 03 16:39:59 baseweed-admin weston[927]:                2560x1080@50.0 64:27, 185.6 MHz
Oct 03 16:39:59 baseweed-admin weston[927]:                1856x1392@60.0, 218.2 MHz
Oct 03 16:39:59 baseweed-admin weston[927]:                1792x1344@60.0, 204.8 MHz
Oct 03 16:39:59 baseweed-admin weston[927]:                2048x1152@60.0, 162.0 MHz
Oct 03 16:39:59 baseweed-admin weston[927]:                1920x1200@59.9, 193.2 MHz
Oct 03 16:39:59 baseweed-admin weston[927]:                1920x1080@60.0, current, 148.5 MHz
Oct 03 16:39:59 baseweed-admin weston[927]:                1920x1080@50.0 16:9, 148.5 MHz
Oct 03 16:39:59 baseweed-admin weston[927]:                1600x1200@60.0, 162.0 MHz
Oct 03 16:39:59 baseweed-admin weston[927]:                1680x1050@60.0, 146.2 MHz
Oct 03 16:39:59 baseweed-admin weston[927]:                1400x1050@60.0, 121.8 MHz
Oct 03 16:39:59 baseweed-admin weston[927]:                1280x1024@60.0, 108.0 MHz
Oct 03 16:39:59 baseweed-admin weston[927]:                1440x900@59.9, 106.5 MHz
Oct 03 16:39:59 baseweed-admin weston[927]:                1280x960@60.0, 108.0 MHz
Oct 03 16:39:59 baseweed-admin weston[927]:                1360x768@60.0, 85.5 MHz
Oct 03 16:39:59 baseweed-admin weston[927]:                1280x768@59.9, 79.5 MHz
Oct 03 16:39:59 baseweed-admin weston[927]:                1024x768@60.0, 65.0 MHz
Oct 03 16:39:59 baseweed-admin weston[927]:                800x600@60.3, 40.0 MHz
Oct 03 16:39:59 baseweed-admin weston[927]:                640x480@60.0 4:3, 25.2 MHz
Oct 03 16:39:59 baseweed-admin weston[927]:                640x480@59.9, 25.2 MHz
Oct 03 16:39:59 baseweed-admin weston[927]: [16:39:59.891] associating input device event3 with output Virtual-1 (none by udev)
Oct 03 16:39:59 baseweed-admin weston[927]: [16:39:59.891] associating input device event4 with output Virtual-1 (none by udev)
Oct 03 16:39:59 baseweed-admin weston[927]: [16:39:59.891] associating input device event0 with output Virtual-1 (none by udev)
Oct 03 16:39:59 baseweed-admin weston[927]: [16:39:59.891] associating input device event2 with output Virtual-1 (none by udev)
Oct 03 16:39:59 baseweed-admin weston[927]: [16:39:59.891] associating input device event1 with output Virtual-1 (none by udev)
Oct 03 16:39:59 baseweed-admin weston[927]: [16:39:59.891] associating input device event6 with output Virtual-1 (none by udev)
Oct 03 16:39:59 baseweed-admin weston[927]: [16:39:59.891] Output 'Virtual-1' enabled with head(s) Virtual-1
Oct 03 16:39:59 baseweed-admin weston[927]: [16:39:59.891] pipewire_backend_output_configure.. Done
Oct 03 16:39:59 baseweed-admin weston[927]: [16:39:59.891] Output 'pipewire-0' attempts EOTF mode SDR and colorimetry mode default.
Oct 03 16:39:59 baseweed-admin weston[927]: [16:39:59.891] Output 'pipewire-0' using color profile: stock sRGB color profile
Oct 03 16:39:59 baseweed-admin weston[927]: [16:39:59.939] Output 'pipewire-0' enabled with head(s) pipewire-0
Oct 03 16:39:59 baseweed-admin weston[927]: [16:39:59.939] pipewire_backend_output_configure.. Done
Oct 03 16:39:59 baseweed-admin weston[927]: [16:39:59.939] Output 'pipewire-1' attempts EOTF mode SDR and colorimetry mode default.
Oct 03 16:39:59 baseweed-admin weston[927]: [16:39:59.939] Output 'pipewire-1' using color profile: stock sRGB color profile
Oct 03 16:39:59 baseweed-admin weston[927]: [16:39:59.939] Output 'pipewire-1' enabled with head(s) pipewire-1
Oct 03 16:39:59 baseweed-admin weston[927]: [16:39:59.939] Compositor capabilities:
Oct 03 16:39:59 baseweed-admin weston[927]:                arbitrary surface rotation: yes
Oct 03 16:39:59 baseweed-admin weston[927]:                screen capture uses y-flip: yes
Oct 03 16:39:59 baseweed-admin weston[927]:                cursor planes: yes
Oct 03 16:39:59 baseweed-admin weston[927]:                arbitrary resolutions: yes
Oct 03 16:39:59 baseweed-admin weston[927]:                view mask clipping: yes
Oct 03 16:39:59 baseweed-admin weston[927]:                explicit sync: no
Oct 03 16:39:59 baseweed-admin weston[927]:                color operations: yes
Oct 03 16:39:59 baseweed-admin weston[927]:                color representation: yes
Oct 03 16:39:59 baseweed-admin weston[927]:                in-shader blending: yes
Oct 03 16:39:59 baseweed-admin weston[927]:                presentation clock: CLOCK_MONOTONIC, id 1
Oct 03 16:39:59 baseweed-admin weston[927]:                presentation clock resolution: 0.000000001 s
Oct 03 16:39:59 baseweed-admin weston[927]: [16:39:59.939] Loading module '/usr/lib64/weston/qdwin-shell.so'
Oct 03 16:39:59 baseweed-admin weston[927]: [16:39:59.940] qdwin: locker bind policy defaulting to entrypoint=/usr/local/bin/qdlocker:/usr/bin/qdlocker (system interpreter + root-owned entrypoint; no explicit policy configured); set --qdwin-allowed-locker-any to override to uid-only
Oct 03 16:39:59 baseweed-admin weston[927]: [16:39:59.940] qdwin: locker bind policy uid=1000 entrypoint=/usr/local/bin/qdlocker:/usr/bin/qdlocker exe=(any) label=(any)
Oct 03 16:39:59 baseweed-admin weston[927]: [16:39:59.940] qdwin: ext-idle-notify idle_time=0 internal_mode=1
Oct 03 16:39:59 baseweed-admin weston[927]: [16:39:59.941] qdwin: cursor-shape theme=(default) size=24 loaded=0/36
Oct 03 16:39:59 baseweed-admin weston[927]: [16:39:59.941] qdwin: layer-popup grab handler registered
Oct 03 16:39:59 baseweed-admin weston[927]: [16:39:59.941] qdwin/nested-proxy: default keyboard grab installed on seat 'default'
Oct 03 16:39:59 baseweed-admin weston[927]: [16:39:59.941] qdwin: background curtain 3200x1080 installed
Oct 03 16:39:59 baseweed-admin weston[927]: [16:39:59.941] qdwin: WARNING shell-authorized output capture enabled via QDWIN_ENABLE_SHELL_CAPTURE — dev/test only, do not use in production
Oct 03 16:39:59 baseweed-admin weston[927]: [16:39:59.941] qdwin: retained-frame capture armed on output=Virtual-1
Oct 03 16:39:59 baseweed-admin weston[927]: [16:39:59.941] qdwin: shell loaded (allowed_uid=1000); desktop + qdwin_shell_v1 ready
Oct 03 16:39:59 baseweed-admin weston[927]: [16:39:59.941] Loading module '/usr/lib64/libweston-16/xwayland.so'
Oct 03 16:39:59 baseweed-admin weston[927]: [16:39:59.942] Registered plugin API 'weston_xwayland_v3' of size 32
Oct 03 16:39:59 baseweed-admin weston[927]: [16:39:59.942] Registered plugin API 'weston_xwayland_surface_v2' of size 24
Oct 03 16:39:59 baseweed-admin weston[927]: [16:39:59.943] xserver listening on display :0
Oct 03 16:40:00 baseweed-admin systemd[872]: Started qdistro screen locker (qdlocker).
Oct 03 16:40:00 baseweed-admin systemd[872]: Started qdshell desktop (Quickshell QML on top of qdwin).
Oct 03 16:40:00 baseweed-admin systemd[872]: Reached target qdistro desktop session (qdwin compositor + qdshell).
Oct 03 16:40:00 baseweed-admin systemd[872]: Reached target Main User Target.
Oct 03 16:40:00 baseweed-admin systemd[872]: Started qdistro cursor sprite supplier for qdwin.
Oct 03 16:40:00 baseweed-admin systemd[872]: Startup finished in 2.357s.
Oct 03 16:40:00 baseweed-admin weston[927]: [16:40:00.147] qdwin: bind attempt pid=1029 uid=1000 (allowed_uid=1000)
Oct 03 16:40:00 baseweed-admin weston[927]: [16:40:00.147] qdwin: bind accepted for uid=1000, hello sent
Oct 03 16:40:00 baseweed-admin qdistro-cursor-sprites[1029]: [cursor-sprites 1029] registered shape=1 via=xcursor
Oct 03 16:40:00 baseweed-admin qdistro-cursor-sprites[1029]: [cursor-sprites 1029] registered shape=2 via=xcursor
Oct 03 16:40:00 baseweed-admin weston[927]: [16:40:00.150] qdwin: cursor-sprite registered shape=default hotspot=3,1
Oct 03 16:40:00 baseweed-admin weston[927]: [16:40:00.150] qdwin: cursor_retry_install: scheduling first retry in 1000ms
Oct 03 16:40:00 baseweed-admin weston[927]: [16:40:00.151] qdwin: cursor-sprite registered shape=context-menu hotspot=3,1
Oct 03 16:40:00 baseweed-admin qdistro-cursor-sprites[1029]: [cursor-sprites 1029] registered shape=3 via=xcursor
Oct 03 16:40:00 baseweed-admin weston[927]: [16:40:00.152] qdwin: cursor-sprite registered shape=help hotspot=12,21
Oct 03 16:40:00 baseweed-admin qdistro-cursor-sprites[1029]: [cursor-sprites 1029] registered shape=4 via=xcursor
Oct 03 16:40:00 baseweed-admin weston[927]: [16:40:00.152] qdwin: cursor-sprite registered shape=pointer hotspot=7,5
Oct 03 16:40:00 baseweed-admin qdistro-cursor-sprites[1029]: [cursor-sprites 1029] registered shape=5 via=xcursor
Oct 03 16:40:00 baseweed-admin weston[927]: [16:40:00.176] qdwin: cursor-sprite registered shape=progress hotspot=3,1
Oct 03 16:40:00 baseweed-admin qdistro-cursor-sprites[1029]: [cursor-sprites 1029] registered shape=6 via=xcursor
Oct 03 16:40:00 baseweed-admin qdistro-cursor-sprites[1029]: [cursor-sprites 1029] registered shape=7 via=xcursor
Oct 03 16:40:00 baseweed-admin weston[927]: [16:40:00.191] qdwin: cursor-sprite registered shape=wait hotspot=11,11
Oct 03 16:40:00 baseweed-admin qdistro-cursor-sprites[1029]: [cursor-sprites 1029] registered shape=8 via=xcursor
Oct 03 16:40:00 baseweed-admin weston[927]: [16:40:00.192] qdwin: cursor-sprite registered shape=cell hotspot=11,11
Oct 03 16:40:00 baseweed-admin qdistro-cursor-sprites[1029]: [cursor-sprites 1029] registered shape=9 via=xcursor
Oct 03 16:40:00 baseweed-admin weston[927]: [16:40:00.192] qdwin: cursor-sprite registered shape=crosshair hotspot=11,11
Oct 03 16:40:00 baseweed-admin weston[927]: [16:40:00.192] qdwin: cursor-sprite registered shape=text hotspot=11,12
Oct 03 16:40:00 baseweed-admin qdistro-cursor-sprites[1029]: [cursor-sprites 1029] registered shape=10 via=xcursor
Oct 03 16:40:00 baseweed-admin qdistro-cursor-sprites[1029]: [cursor-sprites 1029] registered shape=11 via=xcursor
Oct 03 16:40:00 baseweed-admin qdistro-cursor-sprites[1029]: [cursor-sprites 1029] registered shape=12 via=xcursor
Oct 03 16:40:00 baseweed-admin qdistro-cursor-sprites[1029]: [cursor-sprites 1029] registered shape=13 via=xcursor
Oct 03 16:40:00 baseweed-admin qdistro-cursor-sprites[1029]: [cursor-sprites 1029] registered shape=14 via=xcursor
Oct 03 16:40:00 baseweed-admin qdistro-cursor-sprites[1029]: [cursor-sprites 1029] registered shape=15 via=xcursor
Oct 03 16:40:00 baseweed-admin qdistro-cursor-sprites[1029]: [cursor-sprites 1029] registered shape=16 via=xcursor
Oct 03 16:40:00 baseweed-admin weston[927]: [16:40:00.192] qdwin: cursor-sprite registered shape=vertical-text hotspot=12,11
Oct 03 16:40:00 baseweed-admin weston[927]: [16:40:00.192] qdwin: cursor-sprite registered shape=alias hotspot=18,5
Oct 03 16:40:00 baseweed-admin weston[927]: [16:40:00.192] qdwin: cursor-sprite registered shape=copy hotspot=3,1
Oct 03 16:40:00 baseweed-admin weston[927]: [16:40:00.192] qdwin: cursor-sprite registered shape=move hotspot=3,1
Oct 03 16:40:00 baseweed-admin qdistro-cursor-sprites[1029]: [cursor-sprites 1029] registered shape=17 via=xcursor
Oct 03 16:40:00 baseweed-admin qdistro-cursor-sprites[1029]: [cursor-sprites 1029] registered shape=18 via=xcursor
Oct 03 16:40:00 baseweed-admin qdistro-cursor-sprites[1029]: [cursor-sprites 1029] registered shape=19 via=xcursor
Oct 03 16:40:00 baseweed-admin weston[927]: [16:40:00.193] qdwin: cursor-sprite registered shape=no-drop hotspot=3,1
Oct 03 16:40:00 baseweed-admin weston[927]: [16:40:00.193] qdwin: cursor-sprite registered shape=not-allowed hotspot=12,12
Oct 03 16:40:00 baseweed-admin weston[927]: [16:40:00.193] qdwin: cursor-sprite registered shape=grab hotspot=11,2
Oct 03 16:40:00 baseweed-admin weston[927]: [16:40:00.193] qdwin: cursor-sprite registered shape=grabbing hotspot=9,5
Oct 03 16:40:00 baseweed-admin weston[927]: [16:40:00.193] qdwin: cursor-sprite registered shape=e-resize hotspot=19,13
Oct 03 16:40:00 baseweed-admin weston[927]: [16:40:00.193] qdwin: cursor-sprite registered shape=n-resize hotspot=13,6
Oct 03 16:40:00 baseweed-admin qdistro-cursor-sprites[1029]: [cursor-sprites 1029] registered shape=20 via=xcursor
Oct 03 16:40:00 baseweed-admin qdistro-cursor-sprites[1029]: [cursor-sprites 1029] registered shape=21 via=xcursor
Oct 03 16:40:00 baseweed-admin weston[927]: [16:40:00.194] qdwin: cursor-sprite registered shape=ne-resize hotspot=15,10
Oct 03 16:40:00 baseweed-admin weston[927]: [16:40:00.194] qdwin: cursor-sprite registered shape=nw-resize hotspot=10,10
Oct 03 16:40:00 baseweed-admin weston[927]: [16:40:00.194] qdwin: cursor-sprite registered shape=s-resize hotspot=13,18
Oct 03 16:40:00 baseweed-admin qdistro-cursor-sprites[1029]: [cursor-sprites 1029] registered shape=22 via=xcursor
Oct 03 16:40:00 baseweed-admin qdistro-cursor-sprites[1029]: [cursor-sprites 1029] registered shape=23 via=xcursor
Oct 03 16:40:00 baseweed-admin qdistro-cursor-sprites[1029]: [cursor-sprites 1029] registered shape=24 via=xcursor
Oct 03 16:40:00 baseweed-admin qdistro-cursor-sprites[1029]: [cursor-sprites 1029] registered shape=25 via=xcursor
Oct 03 16:40:00 baseweed-admin qdistro-cursor-sprites[1029]: [cursor-sprites 1029] registered shape=26 via=xcursor
Oct 03 16:40:00 baseweed-admin qdistro-cursor-sprites[1029]: [cursor-sprites 1029] registered shape=27 via=xcursor
Oct 03 16:40:00 baseweed-admin weston[927]: [16:40:00.196] qdwin: cursor-sprite registered shape=se-resize hotspot=15,15
Oct 03 16:40:00 baseweed-admin weston[927]: [16:40:00.196] qdwin: cursor-sprite registered shape=sw-resize hotspot=10,15
Oct 03 16:40:00 baseweed-admin weston[927]: [16:40:00.196] qdwin: cursor-sprite registered shape=w-resize hotspot=6,13
Oct 03 16:40:00 baseweed-admin weston[927]: [16:40:00.196] qdwin: cursor-sprite registered shape=ew-resize hotspot=12,12
Oct 03 16:40:00 baseweed-admin qdistro-cursor-sprites[1029]: [cursor-sprites 1029] registered shape=28 via=xcursor
Oct 03 16:40:00 baseweed-admin weston[927]: [16:40:00.197] qdwin: cursor-sprite registered shape=ns-resize hotspot=12,13
Oct 03 16:40:00 baseweed-admin weston[927]: [16:40:00.197] qdwin: cursor-sprite registered shape=nesw-resize hotspot=11,11
Oct 03 16:40:00 baseweed-admin qdistro-cursor-sprites[1029]: [cursor-sprites 1029] registered shape=29 via=xcursor
Oct 03 16:40:00 baseweed-admin weston[927]: [16:40:00.197] qdwin: cursor-sprite registered shape=nwse-resize hotspot=11,11
Oct 03 16:40:00 baseweed-admin weston[927]: [16:40:00.197] qdwin: cursor-sprite registered shape=col-resize hotspot=12,12
Oct 03 16:40:00 baseweed-admin qdistro-cursor-sprites[1029]: [cursor-sprites 1029] registered shape=30 via=xcursor
Oct 03 16:40:00 baseweed-admin qdistro-cursor-sprites[1029]: [cursor-sprites 1029] registered shape=31 via=xcursor
Oct 03 16:40:00 baseweed-admin weston[927]: [16:40:00.198] qdwin: cursor-sprite registered shape=row-resize hotspot=12,13
Oct 03 16:40:00 baseweed-admin weston[927]: [16:40:00.198] qdwin: cursor-sprite registered shape=all-scroll hotspot=11,11
Oct 03 16:40:00 baseweed-admin qdistro-cursor-sprites[1029]: [cursor-sprites 1029] registered shape=32 via=xcursor
Oct 03 16:40:00 baseweed-admin qdistro-cursor-sprites[1029]: [cursor-sprites 1029] registered shape=33 via=xcursor
Oct 03 16:40:00 baseweed-admin weston[927]: [16:40:00.199] qdwin: cursor-sprite registered shape=zoom-in hotspot=11,10
Oct 03 16:40:00 baseweed-admin weston[927]: [16:40:00.199] qdwin: cursor-sprite registered shape=zoom-out hotspot=11,10
Oct 03 16:40:00 baseweed-admin qdistro-cursor-sprites[1029]: [cursor-sprites 1029] registered shape=34 via=xcursor
Oct 03 16:40:00 baseweed-admin qdistro-cursor-sprites[1029]: [cursor-sprites 1029] registered shape=35 via=xcursor
Oct 03 16:40:00 baseweed-admin weston[927]: [16:40:00.200] qdwin: cursor-sprite registered shape=dnd-ask hotspot=3,1
Oct 03 16:40:00 baseweed-admin weston[927]: [16:40:00.200] qdwin: cursor-sprite registered shape=all-resize hotspot=12,11
Oct 03 16:40:00 baseweed-admin qdistro-cursor-sprites[1029]: [cursor-sprites 1029] registered shape=36 via=xcursor
Oct 03 16:40:00 baseweed-admin qdistro-cursor-sprites[1029]: [cursor-sprites 1029] theme summary: xcursor=36 synthetic=0
Oct 03 16:40:00 baseweed-admin qdistro-cursor-sprites[1029]: [cursor-sprites 1029] registration complete; pausing on signalfd (SIGTERM exits cleanly)
Oct 03 16:40:00 baseweed-admin dbus-run-session[1031]: No running instances for "/usr/share/quickshell/qdshell/shell.qml"
Oct 03 16:40:00 baseweed-admin dbus-run-session[1031]:   INFO: Launching config: "/usr/share/quickshell/qdshell/shell.qml"
Oct 03 16:40:00 baseweed-admin dbus-run-session[1031]:   INFO: Shell ID: "0d0d1ceeb7f0392fec595c8531945b05" Path ID "0d0d1ceeb7f0392fec595c8531945b05"
Oct 03 16:40:00 baseweed-admin dbus-run-session[1031]:   INFO: Saving logs to "/run/user/1000/quickshell/by-id/nsombcmt/log.qslog"
Oct 03 16:40:00 baseweed-admin qdlocker[1026]: 2026-10-03 16:40:00,338 qdlocker.app INFO using built-in defaults (no trusted config file found)
Oct 03 16:40:00 baseweed-admin qdlocker[1026]: 2026-10-03 16:40:00,356 qdlocker.auth INFO PAM service from env: qdlocker
Oct 03 16:40:00 baseweed-admin qemu-ga[669]: info: guest-exec called: "/bin/sh -c [ -S /run/user/1000/wayland-1 ] && echo yes || echo no"
Oct 03 16:40:00 baseweed-admin qemu-ga[669]: info: guest-exec called: "/bin/sh -c qd_startof() {
                                               awk 'match($0,/\)[^)]*$/){s=substr($0,RSTART+2);split(s,f," ");print f[20]}' "/proc/$1/stat" 2>/dev/null
                                             }
                                             qd_ident_s=$(qd_startof 1038)
                                             # The guest's boot id rides along: a (pid, start time) pair is unique only
                                             # WITHIN one boot, and the orphan registry must never match it against a later
                                             # incarnation of the same VM name. "boot=" with nothing after it means the id
                                             # was unreadable; the host then does not register the command.
                                             qd_ident_b=$(cat /proc/sys/kernel/random/boot_id 2>/dev/null)
                                             if [ -n "$qd_ident_s" ]; then printf 'start=%s boot=%s\n' "$qd_ident_s" "$qd_ident_b"; else printf 'gone\n'; fi"
Oct 03 16:40:00 baseweed-admin qemu-ga[669]: info: guest-exec-status called, pid: 1041
Oct 03 16:40:00 baseweed-admin qemu-ga[669]: info: guest-exec-status called, pid: 1038
Oct 03 16:40:00 baseweed-admin dbus-run-session[1031]: MESA-EGL: warning: failed to get driver name for fd -1
Oct 03 16:40:00 baseweed-admin dbus-run-session[1031]: MESA-EGL: warning: MESA-LOADER: failed to retrieve device information
Oct 03 16:40:00 baseweed-admin dbus-run-session[1031]: MESA-EGL: warning: failed to get driver name for fd -1
Oct 03 16:40:00 baseweed-admin dbus-run-session[1031]: MESA: error: ZINK: failed to choose pdev
Oct 03 16:40:00 baseweed-admin dbus-run-session[1031]: MESA-EGL: warning: egl: failed to create dri2 screen
Oct 03 16:40:00 baseweed-admin qemu-ga[669]: info: guest-exec called: "/bin/sh -c echo list | socat - UNIX-CONNECT:/run/user/1000/qdshell.sock 2>&1 | head -1"
Oct 03 16:40:00 baseweed-admin weston[927]: [16:40:00.749] qdwin: locker bind attempt pid=1026 uid=1000 (allowed_locker_uid=1000)
Oct 03 16:40:00 baseweed-admin weston[927]: [16:40:00.749] qdwin: locker bound pid=1026 uid=1000 (initially_locked=0)
Oct 03 16:40:00 baseweed-admin qdlocker[1026]: 2026-10-03 16:40:00,752 qdlocker.wayland INFO locker connected
Oct 03 16:40:00 baseweed-admin qdlocker[1026]: 2026-10-03 16:40:00,758 qdlocker.idle INFO idle watcher started; timeout=300000ms
Oct 03 16:40:00 baseweed-admin qdlocker[1026]: 2026-10-03 16:40:00,761 qdlocker.ctrl INFO ctrl socket at /run/user/1000/qdlocker.sock
Oct 03 16:40:00 baseweed-admin qdlocker[1026]: 2026-10-03 16:40:00,765 qdlocker.app INFO locker bound; initially_locked=False
Oct 03 16:40:00 baseweed-admin qemu-ga[669]: info: guest-exec called: "/bin/sh -c qd_startof() {
                                               awk 'match($0,/\)[^)]*$/){s=substr($0,RSTART+2);split(s,f," ");print f[20]}' "/proc/$1/stat" 2>/dev/null
                                             }
                                             qd_ident_s=$(qd_startof 1047)
                                             # The guest's boot id rides along: a (pid, start time) pair is unique only
                                             # WITHIN one boot, and the orphan registry must never match it against a later
                                             # incarnation of the same VM name. "boot=" with nothing after it means the id
                                             # was unreadable; the host then does not register the command.
                                             qd_ident_b=$(cat /proc/sys/kernel/random/boot_id 2>/dev/null)
                                             if [ -n "$qd_ident_s" ]; then printf 'start=%s boot=%s\n' "$qd_ident_s" "$qd_ident_b"; else printf 'gone\n'; fi"
Oct 03 16:40:00 baseweed-admin qemu-ga[669]: info: guest-exec-status called, pid: 1056
Oct 03 16:40:00 baseweed-admin qdlocker[1026]: 2026-10-03 16:40:00,966 qdlocker.logind INFO logind sleep delay-inhibitor acquired (fd=20)
Oct 03 16:40:00 baseweed-admin qdlocker[1026]: 2026-10-03 16:40:00,970 qdlocker.logind WARNING cannot identify one owned active Wayland session (0 candidates); session lock unavailable
Oct 03 16:40:00 baseweed-admin qdlocker[1026]: 2026-10-03 16:40:00,971 qdlocker.logind INFO logind automatic sleep locking ready; session=None
Oct 03 16:40:01 baseweed-admin qemu-ga[669]: info: guest-exec-status called, pid: 1047
Oct 03 16:40:01 baseweed-admin qemu-ga[669]: info: guest-exec called: "/bin/sh -c [ -S /run/user/1000/qdlocker.sock ] && echo yes || echo no"
Oct 03 16:40:01 baseweed-admin qemu-ga[669]: info: guest-exec called: "/bin/sh -c qd_startof() {
                                               awk 'match($0,/\)[^)]*$/){s=substr($0,RSTART+2);split(s,f," ");print f[20]}' "/proc/$1/stat" 2>/dev/null
                                             }
                                             qd_ident_s=$(qd_startof 1063)
                                             # The guest's boot id rides along: a (pid, start time) pair is unique only
                                             # WITHIN one boot, and the orphan registry must never match it against a later
                                             # incarnation of the same VM name. "boot=" with nothing after it means the id
                                             # was unreadable; the host then does not register the command.
                                             qd_ident_b=$(cat /proc/sys/kernel/random/boot_id 2>/dev/null)
                                             if [ -n "$qd_ident_s" ]; then printf 'start=%s boot=%s\n' "$qd_ident_s" "$qd_ident_b"; else printf 'gone\n'; fi"
Oct 03 16:40:01 baseweed-admin qemu-ga[669]: info: guest-exec-status called, pid: 1065
Oct 03 16:40:01 baseweed-admin qemu-ga[669]: info: guest-exec-status called, pid: 1063
Oct 03 16:40:02 baseweed-admin dbus-run-session[1031]:   INFO qml: [20261003-164002]           I18n Service started
Oct 03 16:40:02 baseweed-admin dbus-run-session[1031]:   INFO qml: [20261003-164002]           I18n Loading "en" (locale: "en-Latn-US")
Oct 03 16:40:02 baseweed-admin dbus-run-session[1031]:   INFO qml: [20261003-164002]          Shell ---------------------------
Oct 03 16:40:02 baseweed-admin dbus-run-session[1031]:   INFO qml: [20261003-164002]          Shell Qdshell Hello!
Oct 03 16:40:02 baseweed-admin dbus-run-session[1031]:   WARN scene: @Commons/I18n.qml[104:5]: Unable to assign QJSValue to QObject*
Oct 03 16:40:02 baseweed-admin dbus-run-session[1031]:   INFO: Configuration Loaded
Oct 03 16:40:02 baseweed-admin chronyd[752]: Selected source 93.99.104.53 (2.opensuse.pool.ntp.org)
Oct 03 16:40:02 baseweed-admin chronyd[752]: System clock wrong by 16.074058 seconds
Oct 03 16:40:18 baseweed-admin chronyd[752]: System clock was stepped by 16.074058 seconds
Oct 03 16:40:18 baseweed-admin dbus-run-session[1031]:   WARN scene: @Commons/I18n.qml[104:5]: Unable to assign QJSValue to QObject*
Oct 03 16:40:18 baseweed-admin dbus-run-session[1031]:   INFO qml: [20261003-164018]       Settings Settings loaded
Oct 03 16:40:18 baseweed-admin dbus-run-session[1031]:   INFO qml: [20261003-164018]           I18n Loaded translations for "en"
Oct 03 16:40:18 baseweed-admin dbus-run-session[1031]:   INFO qml: [20261003-164018] PluginRegistry Loaded plugin states from: /home/admin/.config/qdshell/plugins.json
Oct 03 16:40:18 baseweed-admin dbus-run-session[1031]:   INFO qml: [20261003-164018] PluginRegistry Scanning plugin folder: /home/admin/.config/qdshell/plugins
Oct 03 16:40:18 baseweed-admin dbus-run-session[1031]:   INFO qml: [20261003-164018]          Icons Service started
Oct 03 16:40:18 baseweed-admin dbus-run-session[1031]:   INFO: ctrl-server: listening on /run/user/1000/qdshell.sock
Oct 03 16:40:18 baseweed-admin dbus-run-session[1031]:   WARN scene: QML Connections at @Services/Hardware/BrightnessService.qml[66:3]: Detected function "onEnableDdcSupportChanged" in Connections element. This is probably intended to be a signal handler but no signal of the target matches the name.
Oct 03 16:40:18 baseweed-admin dbus-run-session[1031]:   INFO qml: [20261003-164018]     Brightness Service started
Oct 03 16:40:18 baseweed-admin dbus-run-session[1031]:   INFO qml: [20261003-164018] DesktopWidgetR Service started
Oct 03 16:40:18 baseweed-admin dbus-run-session[1031]:   WARN scene: QML Connections at @Services/UI/BarService.qml[147:3]: Detected function "onDisplayModeChanged" in Connections element. This is probably intended to be a signal handler but no signal of the target matches the name.
Oct 03 16:40:18 baseweed-admin dbus-run-session[1031]:   WARN scene: QML Connections at @Services/UI/BarService.qml[147:3]: Detected function "onScreenOverridesChanged" in Connections element. This is probably intended to be a signal handler but no signal of the target matches the name.
Oct 03 16:40:18 baseweed-admin dbus-run-session[1031]:   INFO qml: [20261003-164018]     BarService Service started
Oct 03 16:40:18 baseweed-admin dbus-run-session[1031]:   WARN scene: QML Connections at @Services/Networking/NetworkService.qml[73:3]: Detected function "onWifiEnabledChanged" in Connections element. This is probably intended to be a signal handler but no signal of the target matches the name.
Oct 03 16:40:18 baseweed-admin dbus-run-session[1031]:   INFO qml: [20261003-164018]        Network Service started
Oct 03 16:40:18 baseweed-admin dbus-run-session[1031]:   WARN scene: QML Connections at @Modules/Panels/Dock/StaticDockPanel.qml[350:3]: Detected function "onPinnedAppsChanged" in Connections element. This is probably intended to be a signal handler but no signal of the target matches the name.
Oct 03 16:40:18 baseweed-admin dbus-run-session[1031]:   WARN scene: QML Connections at @Modules/Panels/Dock/StaticDockPanel.qml[350:3]: Detected function "onOnlySameOutputChanged" in Connections element. This is probably intended to be a signal handler but no signal of the target matches the name.
Oct 03 16:40:18 baseweed-admin dbus-run-session[1031]:   WARN scene: QML Connections at @Services/System/SystemStatService.qml[320:3]: Detected function "onEnableDgpuMonitoringChanged" in Connections element. This is probably intended to be a signal handler but no signal of the target matches the name.
Oct 03 16:40:18 baseweed-admin dbus-run-session[1031]:   INFO qml: [20261003-164018]     SystemStat Service started (polling deferred until a consumer registers).
Oct 03 16:40:18 baseweed-admin dbus-run-session[1031]:   WARN scene: QML Connections at @Modules/Panels/Dock/StaticDockPanel.qml[350:3]: Detected function "onPinnedAppsChanged" in Connections element. This is probably intended to be a signal handler but no signal of the target matches the name.
Oct 03 16:40:18 baseweed-admin dbus-run-session[1031]:   WARN scene: QML Connections at @Modules/Panels/Dock/StaticDockPanel.qml[350:3]: Detected function "onOnlySameOutputChanged" in Connections element. This is probably intended to be a signal handler but no signal of the target matches the name.
Oct 03 16:40:18 baseweed-admin dbus-run-session[1031]:   WARN scene: QML Connections at @Modules/Panels/Dock/StaticDockPanel.qml[350:3]: Detected function "onPinnedAppsChanged" in Connections element. This is probably intended to be a signal handler but no signal of the target matches the name.
Oct 03 16:40:18 baseweed-admin dbus-run-session[1031]:   WARN scene: QML Connections at @Modules/Panels/Dock/StaticDockPanel.qml[350:3]: Detected function "onOnlySameOutputChanged" in Connections element. This is probably intended to be a signal handler but no signal of the target matches the name.
Oct 03 16:40:18 baseweed-admin dbus-run-session[1031]:   WARN scene: QML Connections at @Services/UI/WallpaperService.qml[140:3]: Detected function "onWallpaperDownloaded" in Connections element. This is probably intended to be a signal handler but no signal of the target matches the name.
Oct 03 16:40:18 baseweed-admin dbus-run-session[1031]:   WARN scene: QML Connections at @Services/UI/WallpaperService.qml[61:3]: Detected function "onDirectoryChanged" in Connections element. This is probably intended to be a signal handler but no signal of the target matches the name.
Oct 03 16:40:18 baseweed-admin dbus-run-session[1031]:   WARN scene: QML Connections at @Services/UI/WallpaperService.qml[61:3]: Detected function "onEnableMultiMonitorDirectoriesChanged" in Connections element. This is probably intended to be a signal handler but no signal of the target matches the name.
Oct 03 16:40:18 baseweed-admin dbus-run-session[1031]:   WARN scene: QML Connections at @Services/UI/WallpaperService.qml[61:3]: Detected function "onAutomationEnabledChanged" in Connections element. This is probably intended to be a signal handler but no signal of the target matches the name.
Oct 03 16:40:18 baseweed-admin dbus-run-session[1031]:   WARN scene: QML Connections at @Services/UI/WallpaperService.qml[61:3]: Detected function "onRandomIntervalSecChanged" in Connections element. This is probably intended to be a signal handler but no signal of the target matches the name.
Oct 03 16:40:18 baseweed-admin dbus-run-session[1031]:   WARN scene: QML Connections at @Services/UI/WallpaperService.qml[61:3]: Detected function "onWallpaperChangeModeChanged" in Connections element. This is probably intended to be a signal handler but no signal of the target matches the name.
Oct 03 16:40:18 baseweed-admin dbus-run-session[1031]:   WARN scene: QML Connections at @Services/UI/WallpaperService.qml[61:3]: Detected function "onViewModeChanged" in Connections element. This is probably intended to be a signal handler but no signal of the target matches the name.
Oct 03 16:40:18 baseweed-admin dbus-run-session[1031]:   WARN scene: QML Connections at @Services/UI/WallpaperService.qml[61:3]: Detected function "onShowHiddenFilesChanged" in Connections element. This is probably intended to be a signal handler but no signal of the target matches the name.
Oct 03 16:40:18 baseweed-admin dbus-run-session[1031]:   WARN scene: QML Connections at @Services/UI/WallpaperService.qml[61:3]: Detected function "onUseSolidColorChanged" in Connections element. This is probably intended to be a signal handler but no signal of the target matches the name.
Oct 03 16:40:18 baseweed-admin dbus-run-session[1031]:   WARN scene: QML Connections at @Services/UI/WallpaperService.qml[61:3]: Detected function "onSolidColorChanged" in Connections element. This is probably intended to be a signal handler but no signal of the target matches the name.
Oct 03 16:40:18 baseweed-admin dbus-run-session[1031]:   WARN scene: QML Connections at @Services/UI/WallpaperService.qml[61:3]: Detected function "onSortOrderChanged" in Connections element. This is probably intended to be a signal handler but no signal of the target matches the name.
Oct 03 16:40:18 baseweed-admin dbus-run-session[1031]:   WARN scene: QML Connections at @Modules/Background/Background.qml[80:7]: Detected function "onFillModeChanged" in Connections element. This is probably intended to be a signal handler but no signal of the target matches the name.
Oct 03 16:40:18 baseweed-admin dbus-run-session[1031]:   WARN scene: QML Connections at @Modules/Background/Background.qml[80:7]: Detected function "onFillModeChanged" in Connections element. This is probably intended to be a signal handler but no signal of the target matches the name.
Oct 03 16:40:18 baseweed-admin dbus-run-session[1031]:   WARN scene: QML Connections at @Modules/Background/Background.qml[80:7]: Detected function "onFillModeChanged" in Connections element. This is probably intended to be a signal handler but no signal of the target matches the name.
Oct 03 16:40:18 baseweed-admin dbus-run-session[1031]:   WARN scene: QML Connections at @Modules/Dock/Dock.qml[45:7]: Detected function "onPinnedAppsChanged" in Connections element. This is probably intended to be a signal handler but no signal of the target matches the name.
Oct 03 16:40:18 baseweed-admin dbus-run-session[1031]:   WARN scene: QML Connections at @Modules/Dock/Dock.qml[45:7]: Detected function "onOnlySameOutputChanged" in Connections element. This is probably intended to be a signal handler but no signal of the target matches the name.
Oct 03 16:40:18 baseweed-admin dbus-run-session[1031]:   WARN scene: QML Connections at @Modules/Dock/Dock.qml[45:7]: Detected function "onPinnedAppsChanged" in Connections element. This is probably intended to be a signal handler but no signal of the target matches the name.
Oct 03 16:40:18 baseweed-admin dbus-run-session[1031]:   WARN scene: QML Connections at @Modules/Dock/Dock.qml[45:7]: Detected function "onOnlySameOutputChanged" in Connections element. This is probably intended to be a signal handler but no signal of the target matches the name.
Oct 03 16:40:18 baseweed-admin dbus-run-session[1031]:   WARN scene: QML Connections at @Modules/Dock/Dock.qml[45:7]: Detected function "onPinnedAppsChanged" in Connections element. This is probably intended to be a signal handler but no signal of the target matches the name.
Oct 03 16:40:18 baseweed-admin dbus-run-session[1031]:   WARN scene: QML Connections at @Modules/Dock/Dock.qml[45:7]: Detected function "onOnlySameOutputChanged" in Connections element. This is probably intended to be a signal handler but no signal of the target matches the name.
Oct 03 16:40:18 baseweed-admin dbus-run-session[1031]:   INFO qml: [20261003-164018]          Shell ---------------------------
Oct 03 16:40:18 baseweed-admin dbus-run-session[1031]:   INFO qml: [20261003-164018]      Wallpaper Service started
Oct 03 16:40:18 baseweed-admin dbus-run-session[1031]:   INFO qml: [20261003-164018]     ImageCache Service started
Oct 03 16:40:18 baseweed-admin systemd[872]: qdistro-polkit-agent.service: Scheduled restart job, restart counter is at 1.
Oct 03 16:40:18 baseweed-admin systemd[872]: Started qdistro polkit authentication agent (PAM / fprintd / broker).
Oct 03 16:40:19 baseweed-admin dbus-run-session[1031]:   WARN scene: QML Connections at @Services/Theming/AppThemeService.qml[30:3]: Detected function "onDarkModeChanged" in Connections element. This is probably intended to be a signal handler but no signal of the target matches the name.
Oct 03 16:40:19 baseweed-admin dbus-run-session[1031]:   WARN scene: QML Connections at @Services/Theming/AppThemeService.qml[30:3]: Detected function "onMonitorForColorsChanged" in Connections element. This is probably intended to be a signal handler but no signal of the target matches the name.
Oct 03 16:40:19 baseweed-admin dbus-run-session[1031]:   WARN scene: QML Connections at @Services/Theming/AppThemeService.qml[30:3]: Detected function "onGenerationMethodChanged" in Connections element. This is probably intended to be a signal handler but no signal of the target matches the name.
Oct 03 16:40:19 baseweed-admin dbus-run-session[1031]:   INFO qml: [20261003-164019] AppThemeServic Service started
Oct 03 16:40:19 baseweed-admin dbus-run-session[1031]:   WARN scene: QML Connections at @Services/Theming/ColorSchemeService.qml[20:3]: Detected function "onDarkModeChanged" in Connections element. This is probably intended to be a signal handler but no signal of the target matches the name.
Oct 03 16:40:19 baseweed-admin dbus-run-session[1031]:   INFO qml: [20261003-164019]    ColorScheme Service started
Oct 03 16:40:19 baseweed-admin dbus-run-session[1031]:   INFO qml: [20261003-164019] AppPresentatio Service started
Oct 03 16:40:19 baseweed-admin dbus-run-session[1031]:   WARN scene: QML Connections at @Services/Location/DarkModeService.qml[43:3]: Detected function "onSchedulingModeChanged" in Connections element. This is probably intended to be a signal handler but no signal of the target matches the name.
Oct 03 16:40:19 baseweed-admin dbus-run-session[1031]:   WARN scene: QML Connections at @Services/Location/DarkModeService.qml[28:3]: Detected function "onManualSunriseChanged" in Connections element. This is probably intended to be a signal handler but no signal of the target matches the name.
Oct 03 16:40:19 baseweed-admin dbus-run-session[1031]:   WARN scene: QML Connections at @Services/Location/DarkModeService.qml[28:3]: Detected function "onManualSunsetChanged" in Connections element. This is probably intended to be a signal handler but no signal of the target matches the name.
Oct 03 16:40:19 baseweed-admin dbus-run-session[1031]:   INFO qml: [20261003-164019] DarkModeServic Service started
Oct 03 16:40:19 baseweed-admin dbus-run-session[1031]:   WARN scene: @Services/Location/DarkModeService.qml[29:5]: Unable to assign QJSValue to QObject*
Oct 03 16:40:19 baseweed-admin dbus-run-session[1031]:   WARN scene: @Services/Location/DarkModeService.qml[44:5]: Unable to assign QJSValue to QObject*
Oct 03 16:40:19 baseweed-admin dbus-run-session[1031]:   WARN scene: @Services/Theming/ColorSchemeService.qml[21:5]: Unable to assign QJSValue to QObject*
Oct 03 16:40:19 baseweed-admin dbus-run-session[1031]:   WARN scene: @Services/Theming/AppThemeService.qml[31:5]: Unable to assign QJSValue to QObject*
Oct 03 16:40:19 baseweed-admin dbus-run-session[1031]:   WARN scene: @Modules/Dock/Dock.qml[46:9]: Unable to assign QJSValue to QObject*
Oct 03 16:40:19 baseweed-admin dbus-run-session[1031]:   WARN scene: @Modules/Dock/Dock.qml[46:9]: Unable to assign QJSValue to QObject*
Oct 03 16:40:19 baseweed-admin dbus-run-session[1031]:   WARN scene: @Modules/Dock/Dock.qml[46:9]: Unable to assign QJSValue to QObject*
Oct 03 16:40:19 baseweed-admin dbus-run-session[1031]:   WARN scene: @Modules/Background/Background.qml[81:9]: Unable to assign QJSValue to QObject*
Oct 03 16:40:19 baseweed-admin dbus-run-session[1031]:   WARN scene: @Modules/Background/Background.qml[81:9]: Unable to assign QJSValue to QObject*
Oct 03 16:40:19 baseweed-admin dbus-run-session[1031]:   WARN scene: @Modules/Background/Background.qml[81:9]: Unable to assign QJSValue to QObject*
Oct 03 16:40:19 baseweed-admin dbus-run-session[1031]:   WARN scene: @Services/UI/WallpaperService.qml[62:5]: Unable to assign QJSValue to QObject*
Oct 03 16:40:19 baseweed-admin dbus-run-session[1031]:   WARN scene: @Modules/Panels/SessionMenu/SessionMenu.qml[152:5]: Unable to assign QJSValue to QObject*
Oct 03 16:40:19 baseweed-admin dbus-run-session[1031]:   WARN scene: @Modules/Panels/Dock/StaticDockPanel.qml[351:5]: Unable to assign QJSValue to QObject*
Oct 03 16:40:19 baseweed-admin dbus-run-session[1031]:   WARN scene: @Modules/Panels/SessionMenu/SessionMenu.qml[152:5]: Unable to assign QJSValue to QObject*
Oct 03 16:40:19 baseweed-admin dbus-run-session[1031]:   WARN scene: @Modules/Panels/Dock/StaticDockPanel.qml[351:5]: Unable to assign QJSValue to QObject*
Oct 03 16:40:19 baseweed-admin dbus-run-session[1031]:   WARN scene: @Services/System/SystemStatService.qml[321:5]: Unable to assign QJSValue to QObject*
Oct 03 16:40:19 baseweed-admin dbus-run-session[1031]:   WARN scene: @Modules/Panels/SessionMenu/SessionMenu.qml[152:5]: Unable to assign QJSValue to QObject*
Oct 03 16:40:19 baseweed-admin dbus-run-session[1031]:   WARN scene: @Services/Networking/NetworkService.qml[74:5]: Unable to assign QJSValue to QObject*
Oct 03 16:40:19 baseweed-admin dbus-run-session[1031]:   WARN scene: @Modules/Panels/Dock/StaticDockPanel.qml[351:5]: Unable to assign QJSValue to QObject*
Oct 03 16:40:19 baseweed-admin dbus-run-session[1031]:   WARN scene: @Services/UI/BarService.qml[148:5]: Unable to assign QJSValue to QObject*
Oct 03 16:40:19 baseweed-admin dbus-run-session[1031]:   WARN scene: @Services/Hardware/BrightnessService.qml[67:5]: Unable to assign QJSValue to QObject*
Oct 03 16:40:19 baseweed-admin dbus-run-session[1031]:   INFO qml: [20261003-164019]      Wallpaper Starting scan for Virtual-1 in /home/admin/Pictures/Wallpapers recursive: false
Oct 03 16:40:19 baseweed-admin dbus-run-session[1031]:   INFO qml: [20261003-164019]      Wallpaper Starting scan for pipewire-0 in /home/admin/Pictures/Wallpapers recursive: false
Oct 03 16:40:19 baseweed-admin dbus-run-session[1031]:   INFO qml: [20261003-164019]      Wallpaper Starting scan for pipewire-1 in /home/admin/Pictures/Wallpapers recursive: false
Oct 03 16:40:19 baseweed-admin qdistro-polkit-agent[1095]: registration failed: org.freedesktop.PolicyKit1.Error.Failed: Cannot determine session the caller is in
Oct 03 16:40:19 baseweed-admin python3[1095]: qdistro-polkit-agent: registration failed: org.freedesktop.PolicyKit1.Error.Failed: Cannot determine session the caller is in
Oct 03 16:40:19 baseweed-admin dbus-run-session[1031]:   INFO qml: [20261003-164019]       Location Service started
Oct 03 16:40:19 baseweed-admin dbus-run-session[1031]:   WARN scene: QML Connections at @Services/Location/NightLightService.qml[96:3]: Detected function "onEnabledChanged" in Connections element. This is probably intended to be a signal handler but no signal of the target matches the name.
Oct 03 16:40:19 baseweed-admin dbus-run-session[1031]:   WARN scene: QML Connections at @Services/Location/NightLightService.qml[96:3]: Detected function "onForcedChanged" in Connections element. This is probably intended to be a signal handler but no signal of the target matches the name.
Oct 03 16:40:19 baseweed-admin dbus-run-session[1031]:   WARN scene: QML Connections at @Services/Location/NightLightService.qml[96:3]: Detected function "onNightTempChanged" in Connections element. This is probably intended to be a signal handler but no signal of the target matches the name.
Oct 03 16:40:19 baseweed-admin dbus-run-session[1031]:   WARN scene: QML Connections at @Services/Location/NightLightService.qml[96:3]: Detected function "onDayTempChanged" in Connections element. This is probably intended to be a signal handler but no signal of the target matches the name.
Oct 03 16:40:19 baseweed-admin dbus-run-session[1031]:   WARN scene: QML Connections at @Services/Control/HooksService.qml[16:3]: Detected function "onDarkModeChanged" in Connections element. This is probably intended to be a signal handler but no signal of the target matches the name.
Oct 03 16:40:19 baseweed-admin dbus-run-session[1031]:   INFO qml: [20261003-164019]   HooksService Service started
Oct 03 16:40:19 baseweed-admin systemd[872]: qdistro-polkit-agent.service: Main process exited, code=exited, status=1/FAILURE
Oct 03 16:40:19 baseweed-admin systemd[872]: qdistro-polkit-agent.service: Failed with result 'exit-code'.
Oct 03 16:40:19 baseweed-admin dbus-run-session[1031]:   WARN quickshell.dbus.objectmanager: Failed to create DBusObjectManagerInterface for "org.bluez" "/" : QDBusError("org.freedesktop.DBus.Error.ServiceUnknown", "The name is not activatable")
Oct 03 16:40:19 baseweed-admin dbus-run-session[1031]:   INFO qml: [20261003-164019]      Bluetooth Service started
Oct 03 16:40:19 baseweed-admin dbus-run-session[1031]:   INFO qml: [20261003-164019]  IdleInhibitor Service started
Oct 03 16:40:19 baseweed-admin dbus-run-session[1031]:   INFO qml: [20261003-164019] CapabilityServ qdwin live-apply capabilities: pointer=false xkb=false wm=false output=false workspace=false idleDpms=false keybind=false
Oct 03 16:40:19 baseweed-admin dbus-run-session[1031]:   INFO qml: [20261003-164019]   PowerService Service started
Oct 03 16:40:19 baseweed-admin dbus-run-session[1031]:   INFO qml: [20261003-164019] AccessibilityS Service started
Oct 03 16:40:19 baseweed-admin dbus-run-session[1031]:   INFO qml: [20261003-164019]  KeyboardInput Service started
Oct 03 16:40:19 baseweed-admin dbus-run-session[1031]:   INFO qml: [20261003-164019] PointerInputSe Service started (qdwin live-apply: persist-only until shell binds >= v28)
Oct 03 16:40:19 baseweed-admin dbus-run-session[1031]:   INFO qml: [20261003-164019] WindowManagerS Service started (qdwin v25 live-apply: false, shortcuts: false)
Oct 03 16:40:19 baseweed-admin dbus-run-session[1031]:   INFO qml: [20261003-164019] SessionService started; saved=0 canApplyPlacement=false
Oct 03 16:40:19 baseweed-admin dbus-run-session[1031]:   INFO qml: [20261003-164019]    HostService Service started
Oct 03 16:40:19 baseweed-admin dbus-run-session[1031]:   INFO qml: [20261003-164019] CustomButtonIP Service started
Oct 03 16:40:19 baseweed-admin dbus-run-session[1031]:   INFO qml: [20261003-164019]     IPCService Service started
Oct 03 16:40:19 baseweed-admin dbus-run-session[1031]:   INFO qml: [20261003-164019]        PodApps service started
Oct 03 16:40:19 baseweed-admin dbus-run-session[1031]:   INFO qml: [20261003-164019]         VMApps service started
Oct 03 16:40:19 baseweed-admin dbus-run-session[1031]:   INFO qml: [20261003-164019]      Tier3Apps service started
Oct 03 16:40:19 baseweed-admin dbus-run-session[1031]:   INFO qml: [20261003-164019]     Tier3sApps service started
Oct 03 16:40:19 baseweed-admin dbus-run-session[1031]:   INFO qml: [20261003-164019]      Tier4Apps service started
Oct 03 16:40:19 baseweed-admin dbus-run-session[1031]:   INFO qml: [20261003-164019] RemoteMachineW service started
Oct 03 16:40:19 baseweed-admin dbus-run-session[1031]:   INFO qml: [20261003-164019]  Tier3FocusIPC service started
Oct 03 16:40:19 baseweed-admin dbus-run-session[1031]:   WARN quickshell.dbus: Could not launch service org.freedesktop.UPower.PowerProfiles: QDBusError(org.freedesktop.DBus.Error.ServiceUnknown, The name is not activatable)
Oct 03 16:40:19 baseweed-admin dbus-run-session[1031]:   WARN quickshell.service.powerprofiles: Could not start PowerProfilesDaemon. The PowerProfiles service will not work.
Oct 03 16:40:19 baseweed-admin weston[927]: [16:40:19.490] qdwin: bind attempt pid=1031 uid=1000 (allowed_uid=1000)
Oct 03 16:40:19 baseweed-admin weston[927]: [16:40:19.490] qdwin: bind accepted for uid=1000, hello sent
Oct 03 16:40:19 baseweed-admin weston[927]: [16:40:19.490] qdwin: ext_workspace_manager bound (count=4 active=0)
Oct 03 16:40:19 baseweed-admin weston[927]: [16:40:19.490] qdwin: zwlr_output_manager bound (serial=1)
Oct 03 16:40:19 baseweed-admin weston[927]: [16:40:19.490] qdwin: shell bound (uid=1000 pid=1031); replaying 0 toplevels
Oct 03 16:40:19 baseweed-admin weston[927]: [16:40:19.490] qdwin: seat_focus_changed seat=default handle=4294967295
Oct 03 16:40:19 baseweed-admin dbus-run-session[1031]:   INFO qml: [20261003-164019]          Qdwin qdwin_shell_v1 bound v34
Oct 03 16:40:19 baseweed-admin dbus-run-session[1031]:   INFO qml: [20261003-164019]  ClipboardGate wired to qdwin_shell_v1; broker default=deny
Oct 03 16:40:19 baseweed-admin weston[927]: [16:40:19.493] qdwin: workspace 0 name="1"
Oct 03 16:40:19 baseweed-admin weston[927]: [16:40:19.494] qdwin: workspace 1 name="2"
Oct 03 16:40:19 baseweed-admin weston[927]: [16:40:19.494] qdwin: workspace 2 name="3"
Oct 03 16:40:19 baseweed-admin weston[927]: [16:40:19.494] qdwin: workspace 3 name="4"
Oct 03 16:40:19 baseweed-admin weston[927]: [16:40:19.494] qdwin: set_wm_policy focus=0 ffm_delay=0 raise_click=1 raise_hover=0 placement=2 snap=1 dist=16
Oct 03 16:40:19 baseweed-admin dbus-run-session[1031]:   INFO qml: [20261003-164019] WindowManagerS applied WM policy focus=click placement=smart snap=true/16
Oct 03 16:40:19 baseweed-admin dbus-run-session[1031]:   INFO qml: [20261003-164019] CapabilityServ wmPolicy -> true
Oct 03 16:40:19 baseweed-admin weston[927]: [16:40:19.495] qdwin: register_hotkey id=7101 mods=0x2 key=62
Oct 03 16:40:19 baseweed-admin weston[927]: [16:40:19.495] qdwin: register_hotkey id=7102 mods=0x4 key=103
Oct 03 16:40:19 baseweed-admin weston[927]: [16:40:19.495] qdwin: register_hotkey id=7103 mods=0x4 key=33
Oct 03 16:40:19 baseweed-admin weston[927]: [16:40:19.495] qdwin: register_hotkey id=7104 mods=0x4 key=105
Oct 03 16:40:19 baseweed-admin weston[927]: [16:40:19.495] qdwin: register_hotkey id=7105 mods=0x4 key=106
Oct 03 16:40:19 baseweed-admin dbus-run-session[1031]:   INFO qml: [20261003-164019] WindowManagerS registered WM shortcuts (5 active)
Oct 03 16:40:19 baseweed-admin dbus-run-session[1031]:   INFO qml: [20261003-164019] CapabilityServ keybindRegistration -> true
Oct 03 16:40:19 baseweed-admin weston[927]: [16:40:19.496] qdwin: set_pointer_config accel=0 profile=0 natural=0 tap=1 left=0 middle=0 dwt=1 scroll=1 (6 devices)
Oct 03 16:40:19 baseweed-admin dbus-run-session[1031]:   INFO qml: [20261003-164019] PointerInputSe applied pointer config accelSpeed=0 profile=0 natural=0 tap=1 scroll=1
Oct 03 16:40:19 baseweed-admin dbus-run-session[1031]:   INFO qml: [20261003-164019] CapabilityServ pointerConfig -> true
Oct 03 16:40:19 baseweed-admin weston[927]: [16:40:19.496] qdwin: set_key_repeat rate=25 delay=500
Oct 03 16:40:19 baseweed-admin dbus-run-session[1031]:   INFO qml: [20261003-164019]  KeyboardInput applied qdwin key-repeat rate=25 delay=500
Oct 03 16:40:19 baseweed-admin dbus-run-session[1031]:   INFO qml: [20261003-164019] CapabilityServ xkbRepeat -> true
Oct 03 16:40:19 baseweed-admin dbus-run-session[1031]:   INFO qml: [20261003-164019]   PowerService idle policy armed: inactivity=0ms (nothing), displayOff=0ms, presentation=false
Oct 03 16:40:19 baseweed-admin dbus-run-session[1031]:   INFO qml: [20261003-164019] CapabilityServ idleDpms -> true
Oct 03 16:40:19 baseweed-admin dbus-run-session[1031]:   INFO qml: [20261003-164019] CapabilityServ outputManagement -> true
Oct 03 16:40:19 baseweed-admin qemu-ga[669]: info: guest-exec called: "/bin/sh -c loginctl enable-linger admin >/dev/null 2>&1 || true"
Oct 03 16:40:19 baseweed-admin chronyd[752]: Selected source 176.118.170.235 (2.opensuse.pool.ntp.org)
Oct 03 16:40:19 baseweed-admin qemu-ga[669]: info: guest-exec called: "/bin/sh -c qd_startof() {
                                               awk 'match($0,/\)[^)]*$/){s=substr($0,RSTART+2);split(s,f," ");print f[20]}' "/proc/$1/stat" 2>/dev/null
                                             }
                                             qd_ident_s=$(qd_startof 1173)
                                             # The guest's boot id rides along: a (pid, start time) pair is unique only
                                             # WITHIN one boot, and the orphan registry must never match it against a later
                                             # incarnation of the same VM name. "boot=" with nothing after it means the id
                                             # was unreadable; the host then does not register the command.
                                             qd_ident_b=$(cat /proc/sys/kernel/random/boot_id 2>/dev/null)
                                             if [ -n "$qd_ident_s" ]; then printf 'start=%s boot=%s\n' "$qd_ident_s" "$qd_ident_b"; else printf 'gone\n'; fi"
Oct 03 16:40:19 baseweed-admin qemu-ga[669]: info: guest-exec-status called, pid: 1176
Oct 03 16:40:19 baseweed-admin dbus-run-session[1031]:   WARN qml: [20261003-164019]       Location Weather is still fetching
Oct 03 16:40:19 baseweed-admin dbus-run-session[1031]:   WARN quickshell.dbus: Could not launch service org.freedesktop.UPower: QDBusError(org.freedesktop.DBus.Error.ServiceUnknown, The name is not activatable)
Oct 03 16:40:19 baseweed-admin dbus-run-session[1031]:   WARN quickshell.service.upower: Could not start UPower. The UPower service will not work.
Oct 03 16:40:19 baseweed-admin dbus-run-session[1031]:   INFO qml: [20261003-164019]    HostService Detected openSUSE Tumbleweed
Oct 03 16:40:19 baseweed-admin dbus-run-session[1031]:   INFO qml: [20261003-164019]    HostService Looking for logo icon: distributor-logo-Tumbleweed
Oct 03 16:40:19 baseweed-admin dbus-run-session[1031]:   INFO qml: [20261003-164019]    HostService resolved hostname baseweed-admin
Oct 03 16:40:19 baseweed-admin dbus-run-session[1031]:   WARN: Process failed to start, likely because the binary could not be found. Command: QList("bluetoothctl", "show")
Oct 03 16:40:19 baseweed-admin dbus-run-session[1031]:   WARN: Process failed to start, likely because the binary could not be found. Command: QList("udisksctl", "monitor")
Oct 03 16:40:19 baseweed-admin weston[927]: [16:40:19.782] qdwin: layer-shell get_layer_surface ns=qdshell-background-Virtual-1 layer=2 output=0x561f051a9ac0
Oct 03 16:40:19 baseweed-admin weston[927]: [16:40:19.783] qdwin: layer-shell configure ns=qdshell-background-Virtual-1 layer=2 box=0,0 1920x1080 serial=1
Oct 03 16:40:19 baseweed-admin weston[927]: [16:40:19.783] qdwin: layer-shell get_layer_surface ns=qdshell-bar-content-Virtual-1 layer=2 output=0x561f051a9ac0
Oct 03 16:40:19 baseweed-admin weston[927]: [16:40:19.783] qdwin: layer-shell configure ns=qdshell-bar-content-Virtual-1 layer=2 box=0,0 1920x31 serial=2
Oct 03 16:40:19 baseweed-admin weston[927]: [16:40:19.783] qdwin: layer-shell get_layer_surface ns=qdshell-bar-exclusion-top-Virtual-1 layer=2 output=0x561f051a9ac0
Oct 03 16:40:19 baseweed-admin weston[927]: [16:40:19.783] qdwin: layer-shell configure ns=qdshell-bar-exclusion-top-Virtual-1 layer=2 box=0,0 1920x31 serial=3
Oct 03 16:40:19 baseweed-admin weston[927]: [16:40:19.783] qdwin: layer-shell get_layer_surface ns=qdshell-background-pipewire-0 layer=2 output=0x561f051ab020
Oct 03 16:40:19 baseweed-admin weston[927]: [16:40:19.783] qdwin: layer-shell configure ns=qdshell-background-pipewire-0 layer=2 box=1920,0 640x480 serial=4
Oct 03 16:40:19 baseweed-admin weston[927]: [16:40:19.783] qdwin: layer-shell get_layer_surface ns=qdshell-bar-content-pipewire-0 layer=2 output=0x561f051ab020
Oct 03 16:40:19 baseweed-admin weston[927]: [16:40:19.783] qdwin: layer-shell configure ns=qdshell-bar-content-pipewire-0 layer=2 box=1920,0 640x31 serial=5
Oct 03 16:40:19 baseweed-admin weston[927]: [16:40:19.783] qdwin: layer-shell get_layer_surface ns=qdshell-bar-exclusion-top-pipewire-0 layer=2 output=0x561f051ab020
Oct 03 16:40:19 baseweed-admin weston[927]: [16:40:19.783] qdwin: layer-shell configure ns=qdshell-bar-exclusion-top-pipewire-0 layer=2 box=1920,0 640x31 serial=6
Oct 03 16:40:19 baseweed-admin weston[927]: [16:40:19.783] qdwin: layer-shell get_layer_surface ns=qdshell-background-pipewire-1 layer=2 output=0x561f051d0cd0
Oct 03 16:40:19 baseweed-admin weston[927]: [16:40:19.783] qdwin: layer-shell configure ns=qdshell-background-pipewire-1 layer=2 box=2560,0 640x480 serial=7
Oct 03 16:40:19 baseweed-admin weston[927]: [16:40:19.783] qdwin: layer-shell get_layer_surface ns=qdshell-bar-content-pipewire-1 layer=2 output=0x561f051d0cd0
Oct 03 16:40:19 baseweed-admin weston[927]: [16:40:19.783] qdwin: layer-shell configure ns=qdshell-bar-content-pipewire-1 layer=2 box=2560,0 640x31 serial=8
Oct 03 16:40:19 baseweed-admin weston[927]: [16:40:19.783] qdwin: layer-shell get_layer_surface ns=qdshell-bar-exclusion-top-pipewire-1 layer=2 output=0x561f051d0cd0
Oct 03 16:40:19 baseweed-admin weston[927]: [16:40:19.783] qdwin: layer-shell configure ns=qdshell-bar-exclusion-top-pipewire-1 layer=2 box=2560,0 640x31 serial=9
Oct 03 16:40:19 baseweed-admin weston[927]: [16:40:19.783] qdwin: layer-shell get_layer_surface ns=qdshell-dock-peek-Virtual-1 layer=2 output=0x561f051a9ac0
Oct 03 16:40:19 baseweed-admin weston[927]: [16:40:19.783] qdwin: layer-shell configure ns=qdshell-dock-peek-Virtual-1 layer=2 box=0,1079 1920x1 serial=10
Oct 03 16:40:19 baseweed-admin weston[927]: [16:40:19.783] qdwin: layer-shell get_layer_surface ns=qdshell-dock-peek-pipewire-0 layer=2 output=0x561f051ab020
Oct 03 16:40:19 baseweed-admin weston[927]: [16:40:19.783] qdwin: layer-shell configure ns=qdshell-dock-peek-pipewire-0 layer=2 box=1920,479 640x1 serial=11
Oct 03 16:40:19 baseweed-admin weston[927]: [16:40:19.783] qdwin: layer-shell get_layer_surface ns=qdshell-dock-peek-pipewire-1 layer=2 output=0x561f051d0cd0
Oct 03 16:40:19 baseweed-admin weston[927]: [16:40:19.783] qdwin: layer-shell configure ns=qdshell-dock-peek-pipewire-1 layer=2 box=2560,479 640x1 serial=12
Oct 03 16:40:19 baseweed-admin weston[927]: [16:40:19.783] qdwin: layer-shell get_layer_surface ns=qdshell-image-cache-renderer layer=2 output=(nil)
Oct 03 16:40:19 baseweed-admin weston[927]: [16:40:19.783] qdwin: layer-shell configure ns=qdshell-image-cache-renderer layer=2 box=960,540 1x1 serial=13
Oct 03 16:40:19 baseweed-admin dbus-run-session[1031]:  ERROR qml: [20261003-164019]       Location Geocoding error: 0
Oct 03 16:40:19 baseweed-admin qemu-ga[669]: info: guest-exec-status called, pid: 1173
Oct 03 16:40:19 baseweed-admin dbus-run-session[1031]:   WARN scene: QML Connections at qs:/usr/share/quickshell/qdshell/Modules/Bar/Widgets/Taskbar.qml[981:3]: Detected function "onPinnedAppsChanged" in Connections element. This is probably intended to be a signal handler but no signal of the target matches the name.
Oct 03 16:40:19 baseweed-admin dbus-run-session[1031]:   WARN scene: QML Connections at qs:/usr/share/quickshell/qdshell/Modules/Bar/Widgets/Taskbar.qml[981:3]: Detected function "onPinnedAppsChanged" in Connections element. This is probably intended to be a signal handler but no signal of the target matches the name.
Oct 03 16:40:19 baseweed-admin dbus-run-session[1031]:   WARN scene: QML Connections at qs:/usr/share/quickshell/qdshell/Modules/Bar/Widgets/Taskbar.qml[981:3]: Detected function "onPinnedAppsChanged" in Connections element. This is probably intended to be a signal handler but no signal of the target matches the name.
Oct 03 16:40:19 baseweed-admin dbus-run-session[1031]:   INFO qml: [20261003-164019] PluginRegistry All plugin manifests loaded. Total plugins: 0
Oct 03 16:40:19 baseweed-admin dbus-run-session[1031]:   INFO qml: [20261003-164019]  PluginService Initializing plugin system
Oct 03 16:40:19 baseweed-admin dbus-run-session[1031]:   INFO qml: [20261003-164019]  PluginService Found 0 enabled plugins: []
Oct 03 16:40:19 baseweed-admin dbus-run-session[1031]:   INFO qml: [20261003-164019]  PluginService No plugins to load
Oct 03 16:40:19 baseweed-admin dbus-run-session[1031]:   INFO qml: [20261003-164019]  PluginService Refreshing available plugins
Oct 03 16:40:19 baseweed-admin qemu-ga[669]: info: guest-exec called: "/bin/sh -c runuser -l admin -c 'systemctl --user start qdwin-session.target'"
Oct 03 16:40:19 baseweed-admin dbus-run-session[1031]:   WARN qml: [20261003-164019]     ImageCache ImageMagick not found, using Qt fallback
Oct 03 16:40:19 baseweed-admin dbus-run-session[1031]:   WARN qml: [20261003-164019]      Wallpaper Scan failed for Virtual-1 exit code: 1 (directory might not exist)
Oct 03 16:40:19 baseweed-admin dbus-run-session[1031]:   WARN qml: [20261003-164019]      Wallpaper Scan failed for pipewire-0 exit code: 1 (directory might not exist)
Oct 03 16:40:19 baseweed-admin dbus-run-session[1031]:   WARN qml: [20261003-164019]      Wallpaper Scan failed for pipewire-1 exit code: 1 (directory might not exist)
Oct 03 16:40:19 baseweed-admin dbus-run-session[1031]:   WARN qml: [20261003-164019]   PowerService Button monitor unavailable (exit 1); releasing key inhibitors, logind will handle power/sleep keys
Oct 03 16:40:19 baseweed-admin weston[927]: [16:40:19.919] qdwin: set_key_repeat rate=25 delay=500
Oct 03 16:40:19 baseweed-admin dbus-run-session[1031]:   INFO qml: [20261003-164019]  KeyboardInput applied qdwin key-repeat rate=25 delay=500
Oct 03 16:40:19 baseweed-admin dbus-run-session[1031]:   INFO qml: [20261003-164019] PointerInputSe enumerated 3 pointer device(s) via proc
Oct 03 16:40:19 baseweed-admin dbus-run-session[1031]:   INFO qml: [20261003-164019]        PodApps cache refresh loaded 0 apps
Oct 03 16:40:19 baseweed-admin qdlocker[1026]: 2026-10-03 16:40:19,928 qdlocker.logind INFO logind session rebound in place; session=None
Oct 03 16:40:19 baseweed-admin systemd[1]: Started Session c1 of User admin.
Oct 03 16:40:19 baseweed-admin runuser[1208]: pam_unix(runuser-l:session): session opened for user admin(uid=1000) by (uid=0)
Oct 03 16:40:19 baseweed-admin qemu-ga[669]: info: guest-exec called: "/bin/sh -c qd_startof() {
                                               awk 'match($0,/\)[^)]*$/){s=substr($0,RSTART+2);split(s,f," ");print f[20]}' "/proc/$1/stat" 2>/dev/null
                                             }
                                             qd_ident_s=$(qd_startof 1208)
                                             # The guest's boot id rides along: a (pid, start time) pair is unique only
                                             # WITHIN one boot, and the orphan registry must never match it against a later
                                             # incarnation of the same VM name. "boot=" with nothing after it means the id
                                             # was unreadable; the host then does not register the command.
                                             qd_ident_b=$(cat /proc/sys/kernel/random/boot_id 2>/dev/null)
                                             if [ -n "$qd_ident_s" ]; then printf 'start=%s boot=%s\n' "$qd_ident_s" "$qd_ident_b"; else printf 'gone\n'; fi"
Oct 03 16:40:19 baseweed-admin systemd[872]: qdistro-polkit-agent.service: Scheduled restart job immediately on client request, restart counter is at 2.
Oct 03 16:40:19 baseweed-admin systemd[872]: Started qdistro polkit authentication agent (PAM / fprintd / broker).
Oct 03 16:40:19 baseweed-admin systemd[872]: Auto-unlock the qdistro portal-keys vault at login skipped, unmet condition check ConditionPathExists=/var/lib/qdistro/vaults/portal-keys-pin.tpm
Oct 03 16:40:19 baseweed-admin runuser[1208]: pam_unix(runuser-l:session): session closed for user admin
Oct 03 16:40:19 baseweed-admin systemd[1]: session-c1.scope: Deactivated successfully.
Oct 03 16:40:20 baseweed-admin qemu-ga[669]: info: guest-exec-status called, pid: 1253
Oct 03 16:40:20 baseweed-admin weston[927]: [16:40:20.127] qdwin: layer-shell mapped ns=qdshell-background-Virtual-1 layer=2 at 0,0 1920x1080
Oct 03 16:40:20 baseweed-admin qdistro-polkit-agent[1262]: registration failed: org.freedesktop.PolicyKit1.Error.Failed: Cannot determine session the caller is in
Oct 03 16:40:20 baseweed-admin python3[1262]: qdistro-polkit-agent: registration failed: org.freedesktop.PolicyKit1.Error.Failed: Cannot determine session the caller is in
Oct 03 16:40:20 baseweed-admin qemu-ga[669]: info: guest-exec-status called, pid: 1208
Oct 03 16:40:20 baseweed-admin systemd[872]: qdistro-polkit-agent.service: Main process exited, code=exited, status=1/FAILURE
Oct 03 16:40:20 baseweed-admin systemd[872]: qdistro-polkit-agent.service: Failed with result 'exit-code'.
Oct 03 16:40:20 baseweed-admin weston[927]: [16:40:20.194] qdwin: layer-shell mapped ns=qdshell-bar-content-Virtual-1 layer=2 at 0,0 1920x31
Oct 03 16:40:20 baseweed-admin weston[927]: [16:40:20.244] qdwin: layer-shell mapped ns=qdshell-bar-exclusion-top-Virtual-1 layer=2 at 0,0 1920x31
Oct 03 16:40:20 baseweed-admin qemu-ga[669]: info: guest-exec called: "/bin/sh -c test -S '/run/user/1000/wayland-1'"
Oct 03 16:40:20 baseweed-admin weston[927]: [16:40:20.314] qdwin: layer-shell mapped ns=qdshell-background-pipewire-0 layer=2 at 1920,0 640x480
Oct 03 16:40:20 baseweed-admin qemu-ga[669]: info: guest-exec called: "/bin/sh -c qd_startof() {
                                               awk 'match($0,/\)[^)]*$/){s=substr($0,RSTART+2);split(s,f," ");print f[20]}' "/proc/$1/stat" 2>/dev/null
                                             }
                                             qd_ident_s=$(qd_startof 1272)
                                             # The guest's boot id rides along: a (pid, start time) pair is unique only
                                             # WITHIN one boot, and the orphan registry must never match it against a later
                                             # incarnation of the same VM name. "boot=" with nothing after it means the id
                                             # was unreadable; the host then does not register the command.
                                             qd_ident_b=$(cat /proc/sys/kernel/random/boot_id 2>/dev/null)
                                             if [ -n "$qd_ident_s" ]; then printf 'start=%s boot=%s\n' "$qd_ident_s" "$qd_ident_b"; else printf 'gone\n'; fi"
Oct 03 16:40:20 baseweed-admin weston[927]: [16:40:20.366] qdwin: layer-shell mapped ns=qdshell-bar-content-pipewire-0 layer=2 at 1920,0 640x31
Oct 03 16:40:20 baseweed-admin qemu-ga[669]: info: guest-exec-status called, pid: 1275
Oct 03 16:40:20 baseweed-admin qemu-ga[669]: info: guest-exec-status called, pid: 1272
Oct 03 16:40:20 baseweed-admin qemu-ga[669]: info: guest-exec called: "/bin/sh -c mkdir -p /var/tmp/t3s-dl && cd /var/tmp/t3s-dl && for f in tier3s-guest-lib.sh tier3s-guest-setup.sh; do curl -fsS -o $f http://10.0.2.2:60911/$f || exit 97; done && bash tier3s-guest-setup.sh http://10.0.2.2:60911 --expect-fresh --gui weston-terminal"
Oct 03 16:40:20 baseweed-admin qemu-ga[669]: info: guest-exec called: "/bin/sh -c qd_startof() {
                                               awk 'match($0,/\)[^)]*$/){s=substr($0,RSTART+2);split(s,f," ");print f[20]}' "/proc/$1/stat" 2>/dev/null
                                             }
                                             qd_ident_s=$(qd_startof 1283)
                                             # The guest's boot id rides along: a (pid, start time) pair is unique only
                                             # WITHIN one boot, and the orphan registry must never match it against a later
                                             # incarnation of the same VM name. "boot=" with nothing after it means the id
                                             # was unreadable; the host then does not register the command.
                                             qd_ident_b=$(cat /proc/sys/kernel/random/boot_id 2>/dev/null)
                                             if [ -n "$qd_ident_s" ]; then printf 'start=%s boot=%s\n' "$qd_ident_s" "$qd_ident_b"; else printf 'gone\n'; fi"
Oct 03 16:40:20 baseweed-admin qemu-ga[669]: info: guest-exec-status called, pid: 1295
Oct 03 16:40:20 baseweed-admin weston[927]: [16:40:20.790] qdwin: layer-shell mapped ns=qdshell-bar-exclusion-top-pipewire-0 layer=2 at 1920,0 640x31
Oct 03 16:40:20 baseweed-admin qemu-ga[669]: info: guest-exec-status called, pid: 1283
Oct 03 16:40:21 baseweed-admin weston[927]: [16:40:21.215] qdwin: layer-shell mapped ns=qdshell-background-pipewire-1 layer=2 at 2560,0 640x480
Oct 03 16:40:21 baseweed-admin weston[927]: [16:40:21.597] qdwin: layer-shell mapped ns=qdshell-bar-content-pipewire-1 layer=2 at 2560,0 640x31
Oct 03 16:40:21 baseweed-admin weston[927]: [16:40:21.880] qdwin: layer-shell mapped ns=qdshell-bar-exclusion-top-pipewire-1 layer=2 at 2560,0 640x31
Oct 03 16:40:21 baseweed-admin qemu-ga[669]: info: guest-exec-status called, pid: 1283
Oct 03 16:40:22 baseweed-admin dbus-broker-launch[662]: Noticed file-system modification, trigger reload.
Oct 03 16:40:22 baseweed-admin dbus-broker-launch[662]: Noticed file-system modification, trigger reload.
Oct 03 16:40:22 baseweed-admin weston[927]: [16:40:22.158] qdwin: layer-shell mapped ns=qdshell-dock-peek-Virtual-1 layer=2 at 0,1079 1920x1
Oct 03 16:40:22 baseweed-admin dbus-broker-launch[662]: Caught SIGHUP, trigger reload.
Oct 03 16:40:22 baseweed-admin systemd[1]: Reloading D-Bus System Message Bus...
Oct 03 16:40:22 baseweed-admin systemd[1]: Reloaded D-Bus System Message Bus.
Oct 03 16:40:22 baseweed-admin systemd[1]: Reload requested from client PID 1372 ('systemctl') (unit qemu-guest-agent.service)...
Oct 03 16:40:22 baseweed-admin systemd[1]: Reloading...
Oct 03 16:40:22 baseweed-admin systemd[1]: Reloading finished in 338 ms.
Oct 03 16:40:22 baseweed-admin systemd[1]: Reload requested from client PID 1443 ('systemctl') (unit qemu-guest-agent.service)...
Oct 03 16:40:22 baseweed-admin systemd[1]: Reloading...
Oct 03 16:40:22 baseweed-admin weston[927]: [16:40:22.631] qdwin: layer-shell mapped ns=qdshell-dock-peek-pipewire-0 layer=2 at 1920,479 640x1
Oct 03 16:40:22 baseweed-admin systemd[1]: Reloading finished in 228 ms.
Oct 03 16:40:22 baseweed-admin weston[927]: [16:40:22.939] qdwin: layer-shell mapped ns=qdshell-dock-peek-pipewire-1 layer=2 at 2560,479 640x1
Oct 03 16:40:22 baseweed-admin systemd[1]: Stopping qdistro session manager (user-silo lifecycle)...
Oct 03 16:40:22 baseweed-admin systemd[1]: qdistro-session-manager.service: Deactivated successfully.
Oct 03 16:40:22 baseweed-admin systemd[1]: Stopped qdistro session manager (user-silo lifecycle).
Oct 03 16:40:22 baseweed-admin systemd[1]: qdistro-session-manager.service: Consumed 1.260s CPU time over 10.419s wall clock time.
Oct 03 16:40:22 baseweed-admin systemd[1]: Starting qdistro session manager (user-silo lifecycle)...
Oct 03 16:40:23 baseweed-admin qemu-ga[669]: info: guest-exec-status called, pid: 1283
Oct 03 16:40:23 baseweed-admin weston[927]: [16:40:23.226] qdwin: layer-shell mapped ns=qdshell-image-cache-renderer layer=2 at 960,540 1x1
Oct 03 16:40:23 baseweed-admin systemd[1]: Started qdistro session manager (user-silo lifecycle).
Oct 03 16:40:23 baseweed-admin dbus-run-session[1031]:   WARN: Could not load icon "user-desktop?fallback=application-x-executable" at size QSize(19, 19) from request
Oct 03 16:40:23 baseweed-admin dbus-run-session[1031]:   WARN: Could not load icon "user-desktop?fallback=application-x-executable" at size QSize(2, 2) from request
Oct 03 16:40:23 baseweed-admin runuser[1525]: pam_unix(runuser:session): session opened for user admin(uid=1000) by (uid=0)
Oct 03 16:40:23 baseweed-admin dbus-run-session[1031]:   WARN scene: qs:/usr/share/quickshell/qdshell/Modules/Bar/Widgets/Taskbar.qml[982:5]: Unable to assign QJSValue to QObject*
Oct 03 16:40:23 baseweed-admin dbus-run-session[1031]:   WARN scene: qs:/usr/share/quickshell/qdshell/Modules/Bar/Widgets/Taskbar.qml[982:5]: Unable to assign QJSValue to QObject*
Oct 03 16:40:23 baseweed-admin dbus-run-session[1031]:   WARN scene: qs:/usr/share/quickshell/qdshell/Modules/Bar/Widgets/Taskbar.qml[982:5]: Unable to assign QJSValue to QObject*
Oct 03 16:40:23 baseweed-admin dbus-run-session[1031]:   WARN scene: @Services/Control/HooksService.qml[17:5]: Unable to assign QJSValue to QObject*
Oct 03 16:40:23 baseweed-admin dbus-run-session[1031]:   WARN scene: @Services/Location/NightLightService.qml[97:5]: Unable to assign QJSValue to QObject*
Oct 03 16:40:23 baseweed-admin dbus-run-session[1031]:   INFO qml: [20261003-164023]    ColorScheme Applying color scheme: Qdshell (default)
Oct 03 16:40:23 baseweed-admin systemd[872]: qdistro-polkit-agent.service: Scheduled restart job, restart counter is at 3.
Oct 03 16:40:23 baseweed-admin systemd[872]: Started qdistro polkit authentication agent (PAM / fprintd / broker).
Oct 03 16:40:23 baseweed-admin dbus-run-session[1031]:   INFO qml: [20261003-164023]           Time Time jump detected (21s) - likely system resume
Oct 03 16:40:23 baseweed-admin dbus-run-session[1031]:   INFO qml: [20261003-164023]        Network System resumed - forcing state poll
Oct 03 16:40:23 baseweed-admin dbus-run-session[1031]:   INFO qml: [20261003-164023]     SystemStat System resumed - resetting differential state
Oct 03 16:40:23 baseweed-admin dbus-run-session[1031]:   INFO qml: [20261003-164023] DarkModeServic System resumed - re-evaluating dark mode
Oct 03 16:40:23 baseweed-admin dbus-run-session[1031]:   INFO qml: [20261003-164023]     NightLight System resumed - re-applying night light
Oct 03 16:40:23 baseweed-admin dbus-run-session[1031]:   INFO qml: [20261003-164023]      Bluetooth System resumed - forcing state poll
Oct 03 16:40:23 baseweed-admin dbus-run-session[1031]:   INFO qml: [20261003-164023]           Font Service started
Oct 03 16:40:23 baseweed-admin dbus-run-session[1031]:  ERROR qml: [20261003-164023]  PluginService Empty response from Qdshell Plugins
Oct 03 16:40:23 baseweed-admin dbus-run-session[1031]:  ERROR qml: [20261003-164023]  PluginService Failed to fetch registry from Qdshell Plugins - exit code: 1
Oct 03 16:40:23 baseweed-admin systemd[872]: Started podman-1554.scope.
Oct 03 16:40:23 baseweed-admin runuser[1525]: pam_unix(runuser:session): session closed for user admin
Oct 03 16:40:23 baseweed-admin runuser[1592]: pam_unix(runuser:session): session opened for user admin(uid=1000) by (uid=0)
Oct 03 16:40:23 baseweed-admin systemd[1]: NetworkManager-dispatcher.service: Deactivated successfully.
Oct 03 16:40:23 baseweed-admin dbus-broker-launch[662]: Noticed file-system modification, trigger reload.
Oct 03 16:40:23 baseweed-admin systemd[872]: Started podman-1615.scope.
Oct 03 16:40:23 baseweed-admin runuser[1592]: pam_unix(runuser:session): session closed for user admin
Oct 03 16:40:23 baseweed-admin qdistro_session_manager.py[1518]: 2026-10-03 16:40:23,798 INFO qdistro_session_manager: disposable lease sweeps (TTL + proctree-empty) every 60s
Oct 03 16:40:23 baseweed-admin qdistro-polkit-agent[1564]: registration failed: org.freedesktop.PolicyKit1.Error.Failed: Cannot determine session the caller is in
Oct 03 16:40:23 baseweed-admin python3[1564]: qdistro-polkit-agent: registration failed: org.freedesktop.PolicyKit1.Error.Failed: Cannot determine session the caller is in
Oct 03 16:40:23 baseweed-admin systemd[872]: qdistro-polkit-agent.service: Main process exited, code=exited, status=1/FAILURE
Oct 03 16:40:23 baseweed-admin systemd[872]: qdistro-polkit-agent.service: Failed with result 'exit-code'.
Oct 03 16:40:24 baseweed-admin dbus-run-session[1031]:   INFO qml: [20261003-164024]        PodApps cache refresh loaded 0 apps
Oct 03 16:40:24 baseweed-admin qemu-ga[669]: info: guest-exec-status called, pid: 1283
Oct 03 16:40:24 baseweed-admin dbus-run-session[1031]:   WARN qml: [20261003-164024]        Network Connectivity check error: Error: Not authorized to recheck connectivity.
Oct 03 16:40:24 baseweed-admin weston[927]: [16:40:24.112] qdwin: layer-shell get_layer_surface ns=qdshell-osd-Virtual-1 layer=3 output=0x561f051a9ac0
Oct 03 16:40:24 baseweed-admin weston[927]: [16:40:24.112] qdwin: layer-shell configure ns=qdshell-osd-Virtual-1 layer=3 box=1591,40 320x72 serial=14
Oct 03 16:40:24 baseweed-admin weston[927]: [16:40:24.112] qdwin: layer-shell get_layer_surface ns=qdshell-osd-pipewire-0 layer=3 output=0x561f051ab020
Oct 03 16:40:24 baseweed-admin weston[927]: [16:40:24.112] qdwin: layer-shell configure ns=qdshell-osd-pipewire-0 layer=3 box=2231,40 320x72 serial=15
Oct 03 16:40:24 baseweed-admin weston[927]: [16:40:24.112] qdwin: layer-shell get_layer_surface ns=qdshell-osd-pipewire-1 layer=3 output=0x561f051d0cd0
Oct 03 16:40:24 baseweed-admin weston[927]: [16:40:24.112] qdwin: layer-shell configure ns=qdshell-osd-pipewire-1 layer=3 box=2871,40 320x72 serial=16
Oct 03 16:40:24 baseweed-admin dbus-broker-launch[662]: Caught SIGHUP, trigger reload.
Oct 03 16:40:24 baseweed-admin systemd[1]: Reloading D-Bus System Message Bus...
Oct 03 16:40:24 baseweed-admin systemd[1]: Reloaded D-Bus System Message Bus.
Oct 03 16:40:24 baseweed-admin systemd[1]: Reload requested from client PID 1694 ('systemctl') (unit qemu-guest-agent.service)...
Oct 03 16:40:24 baseweed-admin systemd[1]: Reloading...
Oct 03 16:40:24 baseweed-admin systemd[1]: Reloading finished in 258 ms.
Oct 03 16:40:24 baseweed-admin systemd[1]: Reload requested from client PID 1765 ('systemctl') (unit qemu-guest-agent.service)...
Oct 03 16:40:24 baseweed-admin systemd[1]: Reloading...
Oct 03 16:40:24 baseweed-admin weston[927]: [16:40:24.696] qdwin: layer-shell mapped ns=qdshell-osd-Virtual-1 layer=3 at 1591,40 320x72
Oct 03 16:40:24 baseweed-admin systemd[1]: Reloading finished in 271 ms.
Oct 03 16:40:24 baseweed-admin systemd[1]: Stopping qdistro session manager (user-silo lifecycle)...
Oct 03 16:40:24 baseweed-admin systemd[1]: qdistro-session-manager.service: Deactivated successfully.
Oct 03 16:40:24 baseweed-admin systemd[1]: Stopped qdistro session manager (user-silo lifecycle).
Oct 03 16:40:24 baseweed-admin weston[927]: [16:40:24.914] qdwin: layer-shell mapped ns=qdshell-osd-pipewire-0 layer=3 at 2231,40 320x72
Oct 03 16:40:24 baseweed-admin systemd[1]: Starting qdistro session manager (user-silo lifecycle)...
Oct 03 16:40:25 baseweed-admin qemu-ga[669]: info: guest-exec-status called, pid: 1283
Oct 03 16:40:25 baseweed-admin systemd[1]: Started qdistro session manager (user-silo lifecycle).
Oct 03 16:40:25 baseweed-admin runuser[1841]: pam_unix(runuser:session): session opened for user admin(uid=1000) by (uid=0)
Oct 03 16:40:25 baseweed-admin systemd[1]: Reload requested from client PID 1978 ('systemctl') (unit qemu-guest-agent.service)...
Oct 03 16:40:25 baseweed-admin systemd[1]: Reloading...
Oct 03 16:40:25 baseweed-admin weston[927]: [16:40:25.856] qdwin: layer-shell mapped ns=qdshell-osd-pipewire-1 layer=3 at 2871,40 320x72
Oct 03 16:40:25 baseweed-admin dbus-run-session[1031]:   INFO qml: [20261003-164025]           Font Loaded 11 fonts, 3 monospace
Oct 03 16:40:25 baseweed-admin systemd[1]: Reloading finished in 375 ms.
Oct 03 16:40:25 baseweed-admin systemd[872]: Started podman-1937.scope.
Oct 03 16:40:25 baseweed-admin runuser[1841]: pam_unix(runuser:session): session closed for user admin
Oct 03 16:40:25 baseweed-admin weston[927]: [16:40:25.952] qdwin: layer-shell get_layer_surface ns=qdshell-wallpaper-Virtual-1 layer=0 output=0x561f051a9ac0
Oct 03 16:40:25 baseweed-admin weston[927]: [16:40:25.952] qdwin: layer-shell configure ns=qdshell-wallpaper-Virtual-1 layer=0 box=0,0 1920x1080 serial=17
Oct 03 16:40:25 baseweed-admin weston[927]: [16:40:25.952] qdwin: layer-shell get_layer_surface ns=qdshell-wallpaper-pipewire-0 layer=0 output=0x561f051ab020
Oct 03 16:40:25 baseweed-admin weston[927]: [16:40:25.952] qdwin: layer-shell configure ns=qdshell-wallpaper-pipewire-0 layer=0 box=1920,0 640x480 serial=18
Oct 03 16:40:25 baseweed-admin weston[927]: [16:40:25.952] qdwin: layer-shell get_layer_surface ns=qdshell-wallpaper-pipewire-1 layer=0 output=0x561f051d0cd0
Oct 03 16:40:25 baseweed-admin weston[927]: [16:40:25.952] qdwin: layer-shell configure ns=qdshell-wallpaper-pipewire-1 layer=0 box=2560,0 640x480 serial=19
Oct 03 16:40:25 baseweed-admin runuser[2060]: pam_unix(runuser:session): session opened for user admin(uid=1000) by (uid=0)
Oct 03 16:40:26 baseweed-admin systemd[1]: Stopping qdistro session manager (user-silo lifecycle)...
Oct 03 16:40:26 baseweed-admin runuser[2060]: pam_unix(runuser:session): session closed for user admin
Oct 03 16:40:26 baseweed-admin systemd[1]: qdistro-session-manager.service: Deactivated successfully.
Oct 03 16:40:26 baseweed-admin systemd[1]: Stopped qdistro session manager (user-silo lifecycle).
Oct 03 16:40:26 baseweed-admin systemd[1]: Starting qdistro session manager (user-silo lifecycle)...
Oct 03 16:40:26 baseweed-admin qemu-ga[669]: info: guest-exec-status called, pid: 1283
Oct 03 16:40:26 baseweed-admin systemd[1]: Started qdistro session manager (user-silo lifecycle).
Oct 03 16:40:26 baseweed-admin runuser[2077]: pam_unix(runuser:session): session opened for user admin(uid=1000) by (uid=0)
Oct 03 16:40:26 baseweed-admin weston[927]: [16:40:26.592] qdwin: layer-shell mapped ns=qdshell-wallpaper-Virtual-1 layer=0 at 0,0 1920x1080
Oct 03 16:40:26 baseweed-admin systemd[872]: Started podman-2090.scope.
Oct 03 16:40:26 baseweed-admin runuser[2077]: pam_unix(runuser:session): session closed for user admin
Oct 03 16:40:26 baseweed-admin runuser[2101]: pam_unix(runuser:session): session opened for user admin(uid=1000) by (uid=0)
Oct 03 16:40:26 baseweed-admin systemd[872]: Started podman-2111.scope.
Oct 03 16:40:26 baseweed-admin runuser[2101]: pam_unix(runuser:session): session closed for user admin
Oct 03 16:40:26 baseweed-admin systemd[1]: Started [systemd-run] /usr/sbin/runuser -u admin -- env -i PATH=/usr/bin:/bin HOME=/home/admin USER=admin LOGNAME=admin XDG_RUNTIME_DIR=/run/user/1000 podman ps -a --filter label=qdistro_tier3s_token --format json.
Oct 03 16:40:26 baseweed-admin runuser[2140]: pam_unix(runuser:session): session opened for user admin(uid=1000) by (uid=0)
Oct 03 16:40:26 baseweed-admin systemd[872]: qdistro-polkit-agent.service: Scheduled restart job, restart counter is at 4.
Oct 03 16:40:26 baseweed-admin systemd[872]: Started podman-2141.scope.
Oct 03 16:40:26 baseweed-admin systemd[872]: Started qdistro polkit authentication agent (PAM / fprintd / broker).
Oct 03 16:40:26 baseweed-admin runuser[2140]: pam_unix(runuser:session): session closed for user admin
Oct 03 16:40:26 baseweed-admin systemd[1]: qdistro-t3s-call-2125-1-582084731.scope: Deactivated successfully.
Oct 03 16:40:27 baseweed-admin qdistro_session_manager.py[2071]: 2026-10-03 16:40:27,111 INFO qdistro_session_manager: disposable lease sweeps (TTL + proctree-empty) every 60s
Oct 03 16:40:27 baseweed-admin weston[927]: [16:40:27.120] qdwin: layer-shell mapped ns=qdshell-wallpaper-pipewire-0 layer=0 at 1920,0 640x480
Oct 03 16:40:27 baseweed-admin qdistro-polkit-agent[2149]: registration failed: org.freedesktop.PolicyKit1.Error.Failed: Cannot determine session the caller is in
Oct 03 16:40:27 baseweed-admin python3[2149]: qdistro-polkit-agent: registration failed: org.freedesktop.PolicyKit1.Error.Failed: Cannot determine session the caller is in
Oct 03 16:40:27 baseweed-admin systemd[872]: qdistro-polkit-agent.service: Main process exited, code=exited, status=1/FAILURE
Oct 03 16:40:27 baseweed-admin systemd[872]: qdistro-polkit-agent.service: Failed with result 'exit-code'.
Oct 03 16:40:27 baseweed-admin qemu-ga[669]: info: guest-exec-status called, pid: 1283
Oct 03 16:40:27 baseweed-admin weston[927]: [16:40:27.655] qdwin: layer-shell mapped ns=qdshell-wallpaper-pipewire-1 layer=0 at 2560,0 640x480
Oct 03 16:40:27 baseweed-admin dbus-run-session[1031]:   WARN: Process failed to start, likely because the binary could not be found. Command: QList("bluetoothctl", "show")
Oct 03 16:40:28 baseweed-admin dbus-run-session[1031]:   INFO qml: [20261003-164028] DarkModeServic Resume retry - re-evaluating dark mode again
Oct 03 16:40:28 baseweed-admin dbus-run-session[1031]:   INFO qml: [20261003-164028]     NightLight Resume retry - re-applying night light again
Oct 03 16:40:28 baseweed-admin dbus-run-session[1031]:   WARN qml: [20261003-164028]     SystemStat No supported temperature sensor found
Oct 03 16:40:28 baseweed-admin qemu-ga[669]: info: guest-exec-status called, pid: 1283
Oct 03 16:40:29 baseweed-admin qemu-ga[669]: info: guest-exec-status called, pid: 1283
Oct 03 16:40:29 baseweed-admin dbus-run-session[1031]:   WARN: Process failed to start, likely because the binary could not be found. Command: QList("bluetoothctl", "show")
Oct 03 16:40:30 baseweed-admin systemd[872]: qdistro-polkit-agent.service: Scheduled restart job, restart counter is at 5.
Oct 03 16:40:30 baseweed-admin systemd[872]: Started qdistro polkit authentication agent (PAM / fprintd / broker).
Oct 03 16:40:30 baseweed-admin qemu-ga[669]: info: guest-exec-status called, pid: 1283
Oct 03 16:40:30 baseweed-admin qdistro-polkit-agent[2277]: registration failed: org.freedesktop.PolicyKit1.Error.Failed: Cannot determine session the caller is in
Oct 03 16:40:30 baseweed-admin python3[2277]: qdistro-polkit-agent: registration failed: org.freedesktop.PolicyKit1.Error.Failed: Cannot determine session the caller is in
Oct 03 16:40:30 baseweed-admin systemd[872]: qdistro-polkit-agent.service: Main process exited, code=exited, status=1/FAILURE
Oct 03 16:40:30 baseweed-admin systemd[872]: qdistro-polkit-agent.service: Failed with result 'exit-code'.
Oct 03 16:40:31 baseweed-admin dbus-run-session[1031]:   WARN: Process failed to start, likely because the binary could not be found. Command: QList("bluetoothctl", "show")
Oct 03 16:40:31 baseweed-admin qemu-ga[669]: info: guest-exec-status called, pid: 1283
Oct 03 16:40:32 baseweed-admin qemu-ga[669]: info: guest-exec-status called, pid: 1283
Oct 03 16:40:33 baseweed-admin dbus-run-session[1031]:   WARN: Process failed to start, likely because the binary could not be found. Command: QList("bluetoothctl", "show")
Oct 03 16:40:33 baseweed-admin qemu-ga[669]: info: guest-exec-status called, pid: 1283
Oct 03 16:40:34 baseweed-admin systemd[872]: qdistro-polkit-agent.service: Scheduled restart job, restart counter is at 6.
Oct 03 16:40:34 baseweed-admin systemd[872]: Started qdistro polkit authentication agent (PAM / fprintd / broker).
Oct 03 16:40:34 baseweed-admin qdistro-polkit-agent[2494]: registration failed: org.freedesktop.PolicyKit1.Error.Failed: Cannot determine session the caller is in
Oct 03 16:40:34 baseweed-admin python3[2494]: qdistro-polkit-agent: registration failed: org.freedesktop.PolicyKit1.Error.Failed: Cannot determine session the caller is in
Oct 03 16:40:34 baseweed-admin systemd[872]: qdistro-polkit-agent.service: Main process exited, code=exited, status=1/FAILURE
Oct 03 16:40:34 baseweed-admin systemd[872]: qdistro-polkit-agent.service: Failed with result 'exit-code'.
Oct 03 16:40:34 baseweed-admin runuser[2547]: pam_unix(runuser:session): session opened for user admin(uid=1000) by (uid=0)
Oct 03 16:40:34 baseweed-admin runuser[2547]: pam_unix(runuser:session): session closed for user admin
Oct 03 16:40:34 baseweed-admin runuser[2566]: pam_unix(runuser:session): session opened for user admin(uid=1000) by (uid=0)
Oct 03 16:40:34 baseweed-admin systemd[872]: selinux: avc:  denied  { start } for auid=n/a uid=1000 gid=1000 cmdline="podman image exists localhost/tier3s-probe:empty" function="method_start_transient_unit" scontext=system_u:system_r:virt_qemu_ga_t:s0 tcontext=unconfined_u:unconfined_r:unconfined_t:s0-s0:c0.c1023 tclass=system permissive=1
Oct 03 16:40:34 baseweed-admin systemd[872]: Started podman-2567.scope.
Oct 03 16:40:34 baseweed-admin runuser[2566]: pam_unix(runuser:session): session closed for user admin
Oct 03 16:40:34 baseweed-admin runuser[2581]: pam_unix(runuser:session): session opened for user admin(uid=1000) by (uid=0)
Oct 03 16:40:34 baseweed-admin systemd[872]: Started podman-2582.scope.
Oct 03 16:40:34 baseweed-admin qemu-ga[669]: info: guest-exec-status called, pid: 1283
Oct 03 16:40:35 baseweed-admin podman[2582]: 2026-10-03 16:40:35.003091188 +0000 UTC m=+0.378819224 image tag 08e00cef6eab3fcbbba6dc64bb737adf134f6df64c4b925e5f15259dd1ed1b9e localhost/tier3s-probe:empty
Oct 03 16:40:35 baseweed-admin runuser[2581]: pam_unix(runuser:session): session closed for user admin
Oct 03 16:40:35 baseweed-admin runuser[2603]: pam_unix(runuser:session): session opened for user admin(uid=1000) by (uid=0)
Oct 03 16:40:35 baseweed-admin systemd[872]: Started podman-2604.scope.
Oct 03 16:40:35 baseweed-admin podman[2604]: 2026-10-03 16:40:35.082946655 +0000 UTC m=+0.032267062 image pull 08e00cef6eab3fcbbba6dc64bb737adf134f6df64c4b925e5f15259dd1ed1b9e localhost/tier3s-probe:empty
Oct 03 16:40:35 baseweed-admin podman[2604]: 2026-10-03 16:40:35.236728592 +0000 UTC m=+0.186048978 container create a590be4a3c9e8eb06c6b52cb4868afdc799abfe32a2d23b1871aa98753f0a188 (image=localhost/tier3s-probe:empty, name=tier3s-probe-2417)
Oct 03 16:40:35 baseweed-admin runuser[2603]: pam_unix(runuser:session): session closed for user admin
Oct 03 16:40:35 baseweed-admin runuser[2614]: pam_unix(runuser:session): session opened for user admin(uid=1000) by (uid=0)
Oct 03 16:40:35 baseweed-admin systemd[872]: Started podman-2615.scope.
Oct 03 16:40:35 baseweed-admin runuser[2614]: pam_unix(runuser:session): session closed for user admin
Oct 03 16:40:35 baseweed-admin runuser[2625]: pam_unix(runuser:session): session opened for user admin(uid=1000) by (uid=0)
Oct 03 16:40:35 baseweed-admin dbus-run-session[1031]:   WARN: Process failed to start, likely because the binary could not be found. Command: QList("bluetoothctl", "show")
Oct 03 16:40:35 baseweed-admin systemd[872]: Started podman-2626.scope.
Oct 03 16:40:35 baseweed-admin runuser[2625]: pam_unix(runuser:session): session closed for user admin
Oct 03 16:40:35 baseweed-admin runuser[2637]: pam_unix(runuser:session): session opened for user admin(uid=1000) by (uid=0)
Oct 03 16:40:35 baseweed-admin systemd[872]: Started podman-2638.scope.
Oct 03 16:40:35 baseweed-admin podman[2638]: 2026-10-03 16:40:35.536824655 +0000 UTC m=+0.190408583 container remove a590be4a3c9e8eb06c6b52cb4868afdc799abfe32a2d23b1871aa98753f0a188 (image=localhost/tier3s-probe:empty, name=tier3s-probe-2417)
Oct 03 16:40:35 baseweed-admin runuser[2637]: pam_unix(runuser:session): session closed for user admin
Oct 03 16:40:35 baseweed-admin qemu-ga[669]: info: guest-exec-status called, pid: 1283
Oct 03 16:40:36 baseweed-admin runuser[2704]: pam_unix(runuser:session): session opened for user admin(uid=1000) by (uid=0)
Oct 03 16:40:36 baseweed-admin systemd[872]: Started podman-2705.scope.
Oct 03 16:40:36 baseweed-admin runuser[2704]: pam_unix(runuser:session): session closed for user admin
Oct 03 16:40:36 baseweed-admin runuser[2715]: pam_unix(runuser:session): session opened for user admin(uid=1000) by (uid=0)
Oct 03 16:40:36 baseweed-admin systemd[872]: Started podman-2716.scope.
Oct 03 16:40:37 baseweed-admin qemu-ga[669]: info: guest-exec-status called, pid: 1283
Oct 03 16:40:37 baseweed-admin dbus-run-session[1031]:   WARN: Process failed to start, likely because the binary could not be found. Command: QList("bluetoothctl", "show")
Oct 03 16:40:37 baseweed-admin systemd[872]: qdistro-polkit-agent.service: Scheduled restart job, restart counter is at 7.
Oct 03 16:40:37 baseweed-admin systemd[872]: Started qdistro polkit authentication agent (PAM / fprintd / broker).
Oct 03 16:40:37 baseweed-admin qdistro-polkit-agent[2774]: registration failed: org.freedesktop.PolicyKit1.Error.Failed: Cannot determine session the caller is in
Oct 03 16:40:37 baseweed-admin python3[2774]: qdistro-polkit-agent: registration failed: org.freedesktop.PolicyKit1.Error.Failed: Cannot determine session the caller is in
Oct 03 16:40:37 baseweed-admin systemd[872]: qdistro-polkit-agent.service: Main process exited, code=exited, status=1/FAILURE
Oct 03 16:40:37 baseweed-admin systemd[872]: qdistro-polkit-agent.service: Failed with result 'exit-code'.
Oct 03 16:40:38 baseweed-admin qemu-ga[669]: info: guest-exec-status called, pid: 1283
Oct 03 16:40:38 baseweed-admin dbus-run-session[1031]:   WARN qml: [20261003-164038]        Network Connectivity check error: Error: Not authorized to recheck connectivity.
Oct 03 16:40:39 baseweed-admin qemu-ga[669]: info: guest-exec-status called, pid: 1283
Oct 03 16:40:39 baseweed-admin dbus-run-session[1031]:   WARN: Process failed to start, likely because the binary could not be found. Command: QList("bluetoothctl", "show")
Oct 03 16:40:39 baseweed-admin dbus-run-session[1031]:   WARN qml: [20261003-164039]       Location Weather is still fetching
Oct 03 16:40:39 baseweed-admin dbus-run-session[1031]:  ERROR qml: [20261003-164039]       Location Geocoding error: 0
Oct 03 16:40:40 baseweed-admin qemu-ga[669]: info: guest-exec-status called, pid: 1283
Oct 03 16:40:40 baseweed-admin systemd[872]: qdistro-polkit-agent.service: Scheduled restart job, restart counter is at 8.
Oct 03 16:40:40 baseweed-admin systemd[872]: Started qdistro polkit authentication agent (PAM / fprintd / broker).
Oct 03 16:40:41 baseweed-admin qdistro-polkit-agent[2794]: registration failed: org.freedesktop.PolicyKit1.Error.Failed: Cannot determine session the caller is in
Oct 03 16:40:41 baseweed-admin python3[2794]: qdistro-polkit-agent: registration failed: org.freedesktop.PolicyKit1.Error.Failed: Cannot determine session the caller is in
Oct 03 16:40:41 baseweed-admin systemd[872]: qdistro-polkit-agent.service: Main process exited, code=exited, status=1/FAILURE
Oct 03 16:40:41 baseweed-admin systemd[872]: qdistro-polkit-agent.service: Failed with result 'exit-code'.
Oct 03 16:40:41 baseweed-admin qemu-ga[669]: info: guest-exec-status called, pid: 1283
Oct 03 16:40:41 baseweed-admin dbus-run-session[1031]:   WARN: Process failed to start, likely because the binary could not be found. Command: QList("bluetoothctl", "show")
Oct 03 16:40:42 baseweed-admin qemu-ga[669]: info: guest-exec-status called, pid: 1283
Oct 03 16:40:42 baseweed-admin systemd[1]: wtmpdbd.service: Deactivated successfully.
Oct 03 16:40:43 baseweed-admin systemd[1]: systemd-hostnamed.service: Deactivated successfully.
Oct 03 16:40:43 baseweed-admin dbus-run-session[1031]:   WARN: Process failed to start, likely because the binary could not be found. Command: QList("bluetoothctl", "show")
Oct 03 16:40:43 baseweed-admin qemu-ga[669]: info: guest-exec-status called, pid: 1283
Oct 03 16:40:44 baseweed-admin systemd[872]: qdistro-polkit-agent.service: Scheduled restart job, restart counter is at 9.
Oct 03 16:40:44 baseweed-admin systemd[872]: Started qdistro polkit authentication agent (PAM / fprintd / broker).
Oct 03 16:40:44 baseweed-admin qemu-ga[669]: info: guest-exec-status called, pid: 1283
Oct 03 16:40:44 baseweed-admin qdistro-polkit-agent[2815]: registration failed: org.freedesktop.PolicyKit1.Error.Failed: Cannot determine session the caller is in
Oct 03 16:40:44 baseweed-admin python3[2815]: qdistro-polkit-agent: registration failed: org.freedesktop.PolicyKit1.Error.Failed: Cannot determine session the caller is in
Oct 03 16:40:44 baseweed-admin systemd[872]: qdistro-polkit-agent.service: Main process exited, code=exited, status=1/FAILURE
Oct 03 16:40:44 baseweed-admin systemd[872]: qdistro-polkit-agent.service: Failed with result 'exit-code'.
Oct 03 16:40:45 baseweed-admin dbus-run-session[1031]:   WARN: Process failed to start, likely because the binary could not be found. Command: QList("bluetoothctl", "show")
Oct 03 16:40:45 baseweed-admin qemu-ga[669]: info: guest-exec-status called, pid: 1283
Oct 03 16:40:46 baseweed-admin qemu-ga[669]: info: guest-exec-status called, pid: 1283
Oct 03 16:40:47 baseweed-admin dbus-run-session[1031]:   WARN: Process failed to start, likely because the binary could not be found. Command: QList("bluetoothctl", "show")
Oct 03 16:40:47 baseweed-admin qemu-ga[669]: info: guest-exec-status called, pid: 1283
Oct 03 16:40:47 baseweed-admin systemd[872]: qdistro-polkit-agent.service: Scheduled restart job, restart counter is at 10.
Oct 03 16:40:47 baseweed-admin systemd[872]: Started qdistro polkit authentication agent (PAM / fprintd / broker).
Oct 03 16:40:47 baseweed-admin qdistro-polkit-agent[2849]: registration failed: org.freedesktop.PolicyKit1.Error.Failed: Cannot determine session the caller is in
Oct 03 16:40:47 baseweed-admin python3[2849]: qdistro-polkit-agent: registration failed: org.freedesktop.PolicyKit1.Error.Failed: Cannot determine session the caller is in
Oct 03 16:40:47 baseweed-admin systemd[872]: qdistro-polkit-agent.service: Main process exited, code=exited, status=1/FAILURE
Oct 03 16:40:47 baseweed-admin systemd[872]: qdistro-polkit-agent.service: Failed with result 'exit-code'.
Oct 03 16:40:48 baseweed-admin qemu-ga[669]: info: guest-exec-status called, pid: 1283
Oct 03 16:40:49 baseweed-admin dbus-run-session[1031]:   WARN: Process failed to start, likely because the binary could not be found. Command: QList("bluetoothctl", "show")
Oct 03 16:40:49 baseweed-admin dbus-run-session[1031]:   INFO qml: [20261003-164049]        PodApps cache refresh loaded 0 apps
Oct 03 16:40:49 baseweed-admin qemu-ga[669]: info: guest-exec-status called, pid: 1283
Oct 03 16:40:50 baseweed-admin podman[2716]: 2026-10-03 16:40:50.664255228 +0000 UTC m=+14.542552038 image loadfromarchive 1eee52a21ad86f065d227988b4ff8e279fe838e4ed84ee77f2aed0d372deae92 /var/tmp/t3s-img/image.oci.tar
Oct 03 16:40:50 baseweed-admin systemd[872]: podman-2716.scope: Consumed 3.750s CPU time over 14.522s wall clock time.
Oct 03 16:40:50 baseweed-admin runuser[2715]: pam_unix(runuser:session): session closed for user admin
Oct 03 16:40:50 baseweed-admin runuser[2937]: pam_unix(runuser:session): session opened for user admin(uid=1000) by (uid=0)
Oct 03 16:40:50 baseweed-admin systemd[872]: Started podman-2938.scope.
Oct 03 16:40:50 baseweed-admin runuser[2937]: pam_unix(runuser:session): session closed for user admin
Oct 03 16:40:50 baseweed-admin runuser[2949]: pam_unix(runuser:session): session opened for user admin(uid=1000) by (uid=0)
Oct 03 16:40:50 baseweed-admin qemu-ga[669]: info: guest-exec-status called, pid: 1283
Oct 03 16:40:50 baseweed-admin systemd[872]: Started podman-2950.scope.
Oct 03 16:40:50 baseweed-admin runuser[2949]: pam_unix(runuser:session): session closed for user admin
Oct 03 16:40:50 baseweed-admin runuser[2960]: pam_unix(runuser:session): session opened for user admin(uid=1000) by (uid=0)
Oct 03 16:40:50 baseweed-admin systemd[872]: Started podman-2961.scope.
Oct 03 16:40:50 baseweed-admin runuser[2960]: pam_unix(runuser:session): session closed for user admin
Oct 03 16:40:50 baseweed-admin systemd[872]: qdistro-polkit-agent.service: Scheduled restart job, restart counter is at 11.
Oct 03 16:40:50 baseweed-admin systemd[872]: Started qdistro polkit authentication agent (PAM / fprintd / broker).
Oct 03 16:40:51 baseweed-admin qdistro-polkit-agent[2975]: registration failed: org.freedesktop.PolicyKit1.Error.Failed: Cannot determine session the caller is in
Oct 03 16:40:51 baseweed-admin python3[2975]: qdistro-polkit-agent: registration failed: org.freedesktop.PolicyKit1.Error.Failed: Cannot determine session the caller is in
Oct 03 16:40:51 baseweed-admin systemd[872]: qdistro-polkit-agent.service: Main process exited, code=exited, status=1/FAILURE
Oct 03 16:40:51 baseweed-admin systemd[872]: qdistro-polkit-agent.service: Failed with result 'exit-code'.
Oct 03 16:40:51 baseweed-admin dbus-run-session[1031]:   WARN: Process failed to start, likely because the binary could not be found. Command: QList("bluetoothctl", "show")
Oct 03 16:40:51 baseweed-admin qemu-ga[669]: info: guest-exec-status called, pid: 1283
Oct 03 16:40:51 baseweed-admin runuser[2984]: pam_unix(runuser:session): session opened for user admin(uid=1000) by (uid=0)
Oct 03 16:40:51 baseweed-admin systemd[872]: Started podman-2985.scope.
Oct 03 16:40:51 baseweed-admin runuser[2984]: pam_unix(runuser:session): session closed for user admin
Oct 03 16:40:52 baseweed-admin runuser[2995]: pam_unix(runuser:session): session opened for user admin(uid=1000) by (uid=0)
Oct 03 16:40:52 baseweed-admin systemd[872]: Started podman-2996.scope.
Oct 03 16:40:52 baseweed-admin qemu-ga[669]: info: guest-exec-status called, pid: 1283
Oct 03 16:40:53 baseweed-admin dbus-run-session[1031]:   WARN: Process failed to start, likely because the binary could not be found. Command: QList("bluetoothctl", "show")
Oct 03 16:40:53 baseweed-admin dbus-run-session[1031]:   WARN qml: [20261003-164053]        Network Connectivity check error: Error: Not authorized to recheck connectivity.
Oct 03 16:40:53 baseweed-admin qemu-ga[669]: info: guest-exec-status called, pid: 1283
Oct 03 16:40:54 baseweed-admin systemd[872]: qdistro-polkit-agent.service: Scheduled restart job, restart counter is at 12.
Oct 03 16:40:54 baseweed-admin systemd[872]: Started qdistro polkit authentication agent (PAM / fprintd / broker).
Oct 03 16:40:54 baseweed-admin qdistro-polkit-agent[3058]: registration failed: org.freedesktop.PolicyKit1.Error.Failed: Cannot determine session the caller is in
Oct 03 16:40:54 baseweed-admin python3[3058]: qdistro-polkit-agent: registration failed: org.freedesktop.PolicyKit1.Error.Failed: Cannot determine session the caller is in
Oct 03 16:40:54 baseweed-admin systemd[872]: qdistro-polkit-agent.service: Main process exited, code=exited, status=1/FAILURE
Oct 03 16:40:54 baseweed-admin systemd[872]: qdistro-polkit-agent.service: Failed with result 'exit-code'.
Oct 03 16:40:54 baseweed-admin qemu-ga[669]: info: guest-exec-status called, pid: 1283
Oct 03 16:40:55 baseweed-admin dbus-run-session[1031]:   WARN: Process failed to start, likely because the binary could not be found. Command: QList("bluetoothctl", "show")
Oct 03 16:40:56 baseweed-admin qemu-ga[669]: info: guest-exec-status called, pid: 1283
Oct 03 16:40:57 baseweed-admin qemu-ga[669]: info: guest-exec-status called, pid: 1283
Oct 03 16:40:57 baseweed-admin dbus-run-session[1031]:   WARN: Process failed to start, likely because the binary could not be found. Command: QList("bluetoothctl", "show")
Oct 03 16:40:57 baseweed-admin systemd[872]: qdistro-polkit-agent.service: Scheduled restart job, restart counter is at 13.
Oct 03 16:40:57 baseweed-admin systemd[872]: Started qdistro polkit authentication agent (PAM / fprintd / broker).
Oct 03 16:40:57 baseweed-admin qdistro-polkit-agent[3106]: registration failed: org.freedesktop.PolicyKit1.Error.Failed: Cannot determine session the caller is in
Oct 03 16:40:57 baseweed-admin python3[3106]: qdistro-polkit-agent: registration failed: org.freedesktop.PolicyKit1.Error.Failed: Cannot determine session the caller is in
Oct 03 16:40:57 baseweed-admin systemd[872]: qdistro-polkit-agent.service: Main process exited, code=exited, status=1/FAILURE
Oct 03 16:40:57 baseweed-admin systemd[872]: qdistro-polkit-agent.service: Failed with result 'exit-code'.
Oct 03 16:40:58 baseweed-admin qemu-ga[669]: info: guest-exec-status called, pid: 1283
Oct 03 16:40:59 baseweed-admin qemu-ga[669]: info: guest-exec-status called, pid: 1283
Oct 03 16:40:59 baseweed-admin dbus-run-session[1031]:   WARN: Process failed to start, likely because the binary could not be found. Command: QList("bluetoothctl", "show")
Oct 03 16:41:00 baseweed-admin qemu-ga[669]: info: guest-exec-status called, pid: 1283
Oct 03 16:41:00 baseweed-admin systemd[872]: qdistro-polkit-agent.service: Scheduled restart job, restart counter is at 14.
Oct 03 16:41:00 baseweed-admin systemd[872]: Started qdistro polkit authentication agent (PAM / fprintd / broker).
Oct 03 16:41:01 baseweed-admin qemu-ga[669]: info: guest-exec-status called, pid: 1283
Oct 03 16:41:02 baseweed-admin qemu-ga[669]: info: guest-exec-status called, pid: 1283
Oct 03 16:41:03 baseweed-admin qemu-ga[669]: info: guest-exec-status called, pid: 1283
Oct 03 16:41:04 baseweed-admin qemu-ga[669]: info: guest-exec-status called, pid: 1283
Oct 03 16:41:05 baseweed-admin qemu-ga[669]: info: guest-exec-status called, pid: 1283
Oct 03 16:41:06 baseweed-admin qemu-ga[669]: info: guest-exec-status called, pid: 1283
Oct 03 16:41:07 baseweed-admin qemu-ga[669]: info: guest-exec-status called, pid: 1283
Oct 03 16:41:08 baseweed-admin qemu-ga[669]: info: guest-exec-status called, pid: 1283
Oct 03 16:41:09 baseweed-admin qemu-ga[669]: info: guest-exec-status called, pid: 1283
Oct 03 16:41:10 baseweed-admin qemu-ga[669]: info: guest-exec-status called, pid: 1283
Oct 03 16:41:11 baseweed-admin qemu-ga[669]: info: guest-exec-status called, pid: 1283
Oct 03 16:41:12 baseweed-admin qemu-ga[669]: info: guest-exec-status called, pid: 1283
Oct 03 16:41:13 baseweed-admin qemu-ga[669]: info: guest-exec-status called, pid: 1283
Oct 03 16:41:15 baseweed-admin qemu-ga[669]: info: guest-exec-status called, pid: 1283
Oct 03 16:41:16 baseweed-admin qemu-ga[669]: info: guest-exec-status called, pid: 1283
Oct 03 16:41:17 baseweed-admin qemu-ga[669]: info: guest-exec-status called, pid: 1283
Oct 03 16:41:18 baseweed-admin qemu-ga[669]: info: guest-exec-status called, pid: 1283
Oct 03 16:41:19 baseweed-admin qemu-ga[669]: info: guest-exec-status called, pid: 1283
Oct 03 16:41:20 baseweed-admin qemu-ga[669]: info: guest-exec-status called, pid: 1283
Oct 03 16:41:21 baseweed-admin qemu-ga[669]: info: guest-exec-status called, pid: 1283
Oct 03 16:41:21 baseweed-admin dbus-run-session[1031]:   WARN qml: [20261003-164121]       Location Weather is still fetching
Oct 03 16:41:21 baseweed-admin dbus-run-session[1031]:   WARN qml: [20261003-164121]       Location Location update already in progress
Oct 03 16:41:21 baseweed-admin dbus-run-session[1031]:   WARN qml: [20261003-164121]       Location Weather is still fetching
Oct 03 16:41:21 baseweed-admin dbus-run-session[1031]:   INFO qml: [20261003-164121]           Time Time jump detected (22s) - likely system resume
Oct 03 16:41:21 baseweed-admin dbus-run-session[1031]:   INFO qml: [20261003-164121]        Network System resumed - forcing state poll
Oct 03 16:41:21 baseweed-admin dbus-run-session[1031]:   INFO qml: [20261003-164121]     SystemStat System resumed - resetting differential state
Oct 03 16:41:21 baseweed-admin dbus-run-session[1031]:   INFO qml: [20261003-164121] DarkModeServic System resumed - re-evaluating dark mode
Oct 03 16:41:21 baseweed-admin dbus-run-session[1031]:   INFO qml: [20261003-164121]     NightLight System resumed - re-applying night light
Oct 03 16:41:21 baseweed-admin dbus-run-session[1031]:   INFO qml: [20261003-164121]      Bluetooth System resumed - forcing state poll
Oct 03 16:41:21 baseweed-admin dbus-run-session[1031]:  ERROR qml: [20261003-164121]       Location Geocoding error: 0
Oct 03 16:41:21 baseweed-admin dbus-run-session[1031]:   WARN: Process failed to start, likely because the binary could not be found. Command: QList("bluetoothctl", "show")
Oct 03 16:41:21 baseweed-admin dbus-run-session[1031]:   INFO qml: [20261003-164121]        PodApps cache refresh loaded 0 apps
Oct 03 16:41:21 baseweed-admin dbus-run-session[1031]:   WARN qml: [20261003-164121]        Network Connectivity check error: Error: Not authorized to recheck connectivity.
Oct 03 16:41:21 baseweed-admin qdistro-polkit-agent[3123]: registration failed: org.freedesktop.PolicyKit1.Error.Failed: Cannot determine session the caller is in
Oct 03 16:41:21 baseweed-admin python3[3123]: qdistro-polkit-agent: registration failed: org.freedesktop.PolicyKit1.Error.Failed: Cannot determine session the caller is in
Oct 03 16:41:21 baseweed-admin systemd[872]: qdistro-polkit-agent.service: Main process exited, code=exited, status=1/FAILURE
Oct 03 16:41:21 baseweed-admin systemd[872]: qdistro-polkit-agent.service: Failed with result 'exit-code'.
Oct 03 16:41:21 baseweed-admin dbus-run-session[1031]:   WARN qml: [20261003-164121]        Network Connectivity check error: Error: Not authorized to recheck connectivity.
Oct 03 16:41:21 baseweed-admin dbus-run-session[1031]:   WARN: Process failed to start, likely because the binary could not be found. Command: QList("bluetoothctl", "show")
Oct 03 16:41:22 baseweed-admin qemu-ga[669]: info: guest-exec-status called, pid: 1283
Oct 03 16:41:23 baseweed-admin dbus-run-session[1031]:   WARN qml: [20261003-164123]        Network Connectivity check error: Error: Not authorized to recheck connectivity.
Oct 03 16:41:23 baseweed-admin qemu-ga[669]: info: guest-exec-status called, pid: 1283
Oct 03 16:41:23 baseweed-admin dbus-run-session[1031]:   INFO qml: [20261003-164123] DarkModeServic Resume retry - re-evaluating dark mode again
Oct 03 16:41:23 baseweed-admin dbus-run-session[1031]:   INFO qml: [20261003-164123]     NightLight Resume retry - re-applying night light again
Oct 03 16:41:23 baseweed-admin dbus-run-session[1031]:   WARN: Process failed to start, likely because the binary could not be found. Command: QList("bluetoothctl", "show")
Oct 03 16:41:24 baseweed-admin qemu-ga[669]: info: guest-exec-status called, pid: 1283
Oct 03 16:41:24 baseweed-admin systemd[872]: qdistro-polkit-agent.service: Scheduled restart job, restart counter is at 15.
Oct 03 16:41:31 baseweed-admin dbus-run-session[1031]:   WARN: Process failed to start, likely because the binary could not be found. Command: QList("bluetoothctl", "show")
Oct 03 16:41:31 baseweed-admin dbus-run-session[1031]:   WARN: Process failed to start, likely because the binary could not be found. Command: QList("bluetoothctl", "show")
Oct 03 16:41:31 baseweed-admin dbus-run-session[1031]:   WARN: Process failed to start, likely because the binary could not be found. Command: QList("bluetoothctl", "show")
Oct 03 16:41:24 baseweed-admin systemd[872]: Started qdistro polkit authentication agent (PAM / fprintd / broker).
Oct 03 16:41:24 baseweed-admin qdistro-polkit-agent[3236]: registration failed: org.freedesktop.PolicyKit1.Error.Failed: Cannot determine session the caller is in
Oct 03 16:41:31 baseweed-admin python3[3236]: qdistro-polkit-agent: registration failed: org.freedesktop.PolicyKit1.Error.Failed: Cannot determine session the caller is in
Oct 03 16:41:24 baseweed-admin systemd[872]: qdistro-polkit-agent.service: Main process exited, code=exited, status=1/FAILURE
Oct 03 16:41:25 baseweed-admin qemu-ga[669]: info: guest-exec-status called, pid: 1283
Oct 03 16:41:31 baseweed-admin python3[3252]: qdistro-polkit-agent: registration failed: org.freedesktop.PolicyKit1.Error.Failed: Cannot determine session the caller is in
Oct 03 16:41:24 baseweed-admin systemd[872]: qdistro-polkit-agent.service: Failed with result 'exit-code'.
Oct 03 16:41:26 baseweed-admin qemu-ga[669]: info: guest-exec-status called, pid: 1283
Oct 03 16:41:28 baseweed-admin systemd[872]: qdistro-polkit-agent.service: Scheduled restart job, restart counter is at 16.
Oct 03 16:41:27 baseweed-admin qemu-ga[669]: info: guest-exec-status called, pid: 1283
Oct 03 16:41:28 baseweed-admin systemd[872]: Started qdistro polkit authentication agent (PAM / fprintd / broker).
Oct 03 16:41:28 baseweed-admin qdistro-polkit-agent[3252]: registration failed: org.freedesktop.PolicyKit1.Error.Failed: Cannot determine session the caller is in
Oct 03 16:41:28 baseweed-admin systemd[872]: qdistro-polkit-agent.service: Main process exited, code=exited, status=1/FAILURE
Oct 03 16:41:28 baseweed-admin qemu-ga[669]: info: guest-exec-status called, pid: 1283
Oct 03 16:41:28 baseweed-admin systemd[872]: qdistro-polkit-agent.service: Failed with result 'exit-code'.
Oct 03 16:41:29 baseweed-admin qemu-ga[669]: info: guest-exec-status called, pid: 1283
Oct 03 16:41:30 baseweed-admin qemu-ga[669]: info: guest-exec-status called, pid: 1283
Oct 03 16:41:31 baseweed-admin runuser[3251]: pam_unix(runuser:session): session opened for user admin(uid=1000) by (uid=0)
Oct 03 16:41:31 baseweed-admin systemd[872]: qdistro-polkit-agent.service: Scheduled restart job, restart counter is at 17.
Oct 03 16:41:31 baseweed-admin systemd[872]: Started podman-3275.scope.
Oct 03 16:41:31 baseweed-admin systemd[872]: Started qdistro polkit authentication agent (PAM / fprintd / broker).
Oct 03 16:41:31 baseweed-admin runuser[3251]: pam_unix(runuser:session): session closed for user admin
Oct 03 16:41:31 baseweed-admin runuser[3303]: pam_unix(runuser:session): session opened for user admin(uid=1000) by (uid=0)
Oct 03 16:41:31 baseweed-admin systemd[872]: Started podman-3313.scope.
Oct 03 16:41:31 baseweed-admin runuser[3303]: pam_unix(runuser:session): session closed for user admin
Oct 03 16:41:31 baseweed-admin qdistro-polkit-agent[3300]: registration failed: org.freedesktop.PolicyKit1.Error.Failed: Cannot determine session the caller is in
Oct 03 16:41:31 baseweed-admin python3[3300]: qdistro-polkit-agent: registration failed: org.freedesktop.PolicyKit1.Error.Failed: Cannot determine session the caller is in
Oct 03 16:41:31 baseweed-admin systemd[872]: qdistro-polkit-agent.service: Main process exited, code=exited, status=1/FAILURE
Oct 03 16:41:31 baseweed-admin systemd[872]: qdistro-polkit-agent.service: Failed with result 'exit-code'.
Oct 03 16:41:31 baseweed-admin dbus-run-session[1031]:   WARN: Process failed to start, likely because the binary could not be found. Command: QList("bluetoothctl", "show")
Oct 03 16:41:31 baseweed-admin qemu-ga[669]: info: guest-exec-status called, pid: 1283
Oct 03 16:41:32 baseweed-admin qemu-ga[669]: info: guest-exec-status called, pid: 1283
Oct 03 16:41:33 baseweed-admin dbus-run-session[1031]:   WARN: Process failed to start, likely because the binary could not be found. Command: QList("bluetoothctl", "show")
Oct 03 16:41:33 baseweed-admin qemu-ga[669]: info: guest-exec-status called, pid: 1283
Oct 03 16:41:34 baseweed-admin podman[2996]: 2026-10-03 16:41:34.402105471 +0000 UTC m=+42.396679587 image loadfromarchive c1cfa112ea7171ba1c62d14d9adda09e40b530bd9f5b3e76cfaf4e29ff0b345e /var/tmp/t3s-img/tier3s-weston-terminal.oci.tar
Oct 03 16:41:34 baseweed-admin runuser[2995]: pam_unix(runuser:session): session closed for user admin
Oct 03 16:41:34 baseweed-admin systemd[872]: podman-2996.scope: Consumed 11.438s CPU time over 42.374s wall clock time.
Oct 03 16:41:34 baseweed-admin runuser[3374]: pam_unix(runuser:session): session opened for user admin(uid=1000) by (uid=0)
Oct 03 16:41:34 baseweed-admin systemd[872]: Started podman-3375.scope.
Oct 03 16:41:34 baseweed-admin runuser[3374]: pam_unix(runuser:session): session closed for user admin
Oct 03 16:41:34 baseweed-admin runuser[3386]: pam_unix(runuser:session): session opened for user admin(uid=1000) by (uid=0)
Oct 03 16:41:34 baseweed-admin systemd[872]: Started podman-3388.scope.
Oct 03 16:41:34 baseweed-admin runuser[3386]: pam_unix(runuser:session): session closed for user admin
Oct 03 16:41:34 baseweed-admin runuser[3407]: pam_unix(runuser:session): session opened for user admin(uid=1000) by (uid=0)
Oct 03 16:41:34 baseweed-admin systemd[872]: qdistro-polkit-agent.service: Scheduled restart job, restart counter is at 18.
Oct 03 16:41:34 baseweed-admin systemd[872]: Started podman-3408.scope.
Oct 03 16:41:34 baseweed-admin systemd[872]: Started qdistro polkit authentication agent (PAM / fprintd / broker).
Oct 03 16:41:34 baseweed-admin runuser[3407]: pam_unix(runuser:session): session closed for user admin
Oct 03 16:41:34 baseweed-admin runuser[3423]: pam_unix(runuser:session): session opened for user admin(uid=1000) by (uid=0)
Oct 03 16:41:34 baseweed-admin systemd[872]: selinux: avc:  denied  { status } for auid=n/a uid=1000 gid=1000 path="/home/admin/.config/systemd/user/qdshell.service" cmdline="" function="mac_selinux_filter" scontext=system_u:system_r:virt_qemu_ga_t:s0 tcontext=system_u:object_r:config_home_t:s0 tclass=service permissive=1
Oct 03 16:41:34 baseweed-admin runuser[3423]: pam_unix(runuser:session): session closed for user admin
Oct 03 16:41:34 baseweed-admin runuser[3432]: pam_unix(runuser:session): session opened for user admin(uid=1000) by (uid=0)
Oct 03 16:41:34 baseweed-admin runuser[3432]: pam_unix(runuser:session): session closed for user admin
Oct 03 16:41:34 baseweed-admin runuser[3435]: pam_unix(runuser:session): session opened for user admin(uid=1000) by (uid=0)
Oct 03 16:41:34 baseweed-admin runuser[3435]: pam_unix(runuser:session): session closed for user admin
Oct 03 16:41:34 baseweed-admin runuser[3439]: pam_unix(runuser:session): session opened for user admin(uid=1000) by (uid=0)
Oct 03 16:41:34 baseweed-admin qdistro-polkit-agent[3416]: registration failed: org.freedesktop.PolicyKit1.Error.Failed: Cannot determine session the caller is in
Oct 03 16:41:34 baseweed-admin python3[3416]: qdistro-polkit-agent: registration failed: org.freedesktop.PolicyKit1.Error.Failed: Cannot determine session the caller is in
Oct 03 16:41:34 baseweed-admin systemd[872]: qdistro-polkit-agent.service: Main process exited, code=exited, status=1/FAILURE
Oct 03 16:41:34 baseweed-admin systemd[872]: qdistro-polkit-agent.service: Failed with result 'exit-code'.
Oct 03 16:41:34 baseweed-admin runuser[3439]: pam_unix(runuser:session): session closed for user admin
Oct 03 16:41:34 baseweed-admin runuser[3447]: pam_unix(runuser:session): session opened for user admin(uid=1000) by (uid=0)
Oct 03 16:41:34 baseweed-admin runuser[3447]: pam_unix(runuser:session): session closed for user admin
Oct 03 16:41:34 baseweed-admin runuser[3450]: pam_unix(runuser:session): session opened for user admin(uid=1000) by (uid=0)
Oct 03 16:41:34 baseweed-admin runuser[3450]: pam_unix(runuser:session): session closed for user admin
Oct 03 16:41:34 baseweed-admin runuser[3457]: pam_unix(runuser:session): session opened for user admin(uid=1000) by (uid=0)
Oct 03 16:41:34 baseweed-admin runuser[3457]: pam_unix(runuser:session): session closed for user admin
Oct 03 16:41:35 baseweed-admin qemu-ga[669]: info: guest-exec-status called, pid: 1283
Oct 03 16:41:35 baseweed-admin qdistro_admin_broker.py[706]: [broker] rules reloaded (inotify): 1 rule(s), 0 error(s)
Oct 03 16:41:35 baseweed-admin runuser[3462]: pam_unix(runuser:session): session opened for user admin(uid=1000) by (uid=0)
Oct 03 16:41:35 baseweed-admin runuser[3462]: pam_unix(runuser:session): session closed for user admin
Oct 03 16:41:35 baseweed-admin runuser[3466]: pam_unix(runuser:session): session opened for user admin(uid=1000) by (uid=0)
Oct 03 16:41:35 baseweed-admin runuser[3466]: pam_unix(runuser:session): session closed for user admin
Oct 03 16:41:35 baseweed-admin runuser[3482]: pam_unix(runuser:session): session opened for user admin(uid=1000) by (uid=0)
Oct 03 16:41:35 baseweed-admin systemd[872]: Started podman-3483.scope.
Oct 03 16:41:35 baseweed-admin runuser[3482]: pam_unix(runuser:session): session closed for user admin
Oct 03 16:41:35 baseweed-admin dbus-run-session[1031]:   WARN: Process failed to start, likely because the binary could not be found. Command: QList("bluetoothctl", "show")
Oct 03 16:41:36 baseweed-admin qemu-ga[669]: info: guest-exec-status called, pid: 1283
Oct 03 16:41:36 baseweed-admin qemu-ga[669]: info: guest-exec called: "/bin/sh -c cd /var/tmp/t3s-dl && for f in tier3s-guest-lib.sh s129-tier3s-hostile-stream.sh; do curl -fsS -o $f http://10.0.2.2:60911/$f || exit 97; done && bash s129-tier3s-hostile-stream.sh"
Oct 03 16:41:36 baseweed-admin qemu-ga[669]: info: guest-exec called: "/bin/sh -c qd_startof() {
                                               awk 'match($0,/\)[^)]*$/){s=substr($0,RSTART+2);split(s,f," ");print f[20]}' "/proc/$1/stat" 2>/dev/null
                                             }
                                             qd_ident_s=$(qd_startof 3878)
                                             # The guest's boot id rides along: a (pid, start time) pair is unique only
                                             # WITHIN one boot, and the orphan registry must never match it against a later
                                             # incarnation of the same VM name. "boot=" with nothing after it means the id
                                             # was unreadable; the host then does not register the command.
                                             qd_ident_b=$(cat /proc/sys/kernel/random/boot_id 2>/dev/null)
                                             if [ -n "$qd_ident_s" ]; then printf 'start=%s boot=%s\n' "$qd_ident_s" "$qd_ident_b"; else printf 'gone\n'; fi"
Oct 03 16:41:36 baseweed-admin qemu-ga[669]: info: guest-exec-status called, pid: 3895
Oct 03 16:41:36 baseweed-admin qemu-ga[669]: info: guest-exec-status called, pid: 3878
Oct 03 16:41:36 baseweed-admin runuser[4017]: pam_unix(runuser:session): session opened for user admin(uid=1000) by (uid=0)
Oct 03 16:41:36 baseweed-admin runuser[4017]: pam_unix(runuser:session): session closed for user admin
Oct 03 16:41:37 baseweed-admin runuser[4027]: pam_unix(runuser:session): session opened for user admin(uid=1000) by (uid=0)
Oct 03 16:41:37 baseweed-admin systemd[872]: Started podman-4028.scope.
Oct 03 16:41:37 baseweed-admin runuser[4027]: pam_unix(runuser:session): session closed for user admin
Oct 03 16:41:37 baseweed-admin runuser[4038]: pam_unix(runuser:session): session opened for user admin(uid=1000) by (uid=0)
Oct 03 16:41:37 baseweed-admin systemd[872]: Started podman-4039.scope.
Oct 03 16:41:37 baseweed-admin podman[4039]: 2026-10-03 16:41:37.060124393 +0000 UTC m=+0.020660818 image pull 08e00cef6eab3fcbbba6dc64bb737adf134f6df64c4b925e5f15259dd1ed1b9e localhost/tier3s-probe:empty
Oct 03 16:41:37 baseweed-admin qemu-ga[669]: info: guest-exec-status called, pid: 3878
Oct 03 16:41:37 baseweed-admin dbus-run-session[1031]:   WARN: Process failed to start, likely because the binary could not be found. Command: QList("bluetoothctl", "show")
Oct 03 16:41:37 baseweed-admin podman[4039]: 2026-10-03 16:41:37.803320855 +0000 UTC m=+0.763857280 container create d6aa687e455c299a99e28bcb1790ff1c8185ecbba87daab146c053bc74ebb902 (image=localhost/tier3s-probe:empty, name=tier3s-probe-3885)
Oct 03 16:41:37 baseweed-admin runuser[4038]: pam_unix(runuser:session): session closed for user admin
Oct 03 16:41:37 baseweed-admin runuser[4061]: pam_unix(runuser:session): session opened for user admin(uid=1000) by (uid=0)
Oct 03 16:41:37 baseweed-admin systemd[872]: qdistro-polkit-agent.service: Scheduled restart job, restart counter is at 19.
Oct 03 16:41:37 baseweed-admin systemd[872]: Started podman-4062.scope.
Oct 03 16:41:37 baseweed-admin systemd[872]: Started qdistro polkit authentication agent (PAM / fprintd / broker).
Oct 03 16:41:37 baseweed-admin runuser[4061]: pam_unix(runuser:session): session closed for user admin
Oct 03 16:41:37 baseweed-admin runuser[4075]: pam_unix(runuser:session): session opened for user admin(uid=1000) by (uid=0)
Oct 03 16:41:37 baseweed-admin systemd[872]: Started podman-4076.scope.
Oct 03 16:41:37 baseweed-admin runuser[4075]: pam_unix(runuser:session): session closed for user admin
Oct 03 16:41:37 baseweed-admin runuser[4085]: pam_unix(runuser:session): session opened for user admin(uid=1000) by (uid=0)
Oct 03 16:41:37 baseweed-admin systemd[872]: Started podman-4086.scope.
Oct 03 16:41:37 baseweed-admin qdistro-polkit-agent[4071]: registration failed: org.freedesktop.PolicyKit1.Error.Failed: Cannot determine session the caller is in
Oct 03 16:41:37 baseweed-admin python3[4071]: qdistro-polkit-agent: registration failed: org.freedesktop.PolicyKit1.Error.Failed: Cannot determine session the caller is in
Oct 03 16:41:38 baseweed-admin systemd[872]: qdistro-polkit-agent.service: Main process exited, code=exited, status=1/FAILURE
Oct 03 16:41:38 baseweed-admin systemd[872]: qdistro-polkit-agent.service: Failed with result 'exit-code'.
Oct 03 16:41:38 baseweed-admin podman[4086]: 2026-10-03 16:41:38.357078063 +0000 UTC m=+0.415401214 container remove d6aa687e455c299a99e28bcb1790ff1c8185ecbba87daab146c053bc74ebb902 (image=localhost/tier3s-probe:empty, name=tier3s-probe-3885)
Oct 03 16:41:38 baseweed-admin runuser[4085]: pam_unix(runuser:session): session closed for user admin
Oct 03 16:41:38 baseweed-admin dbus-run-session[1031]:   WARN qml: [20261003-164138]        Network Connectivity check error: Error: Not authorized to recheck connectivity.
Oct 03 16:41:38 baseweed-admin runuser[4105]: pam_unix(runuser:session): session opened for user admin(uid=1000) by (uid=0)
Oct 03 16:41:38 baseweed-admin systemd[872]: Started podman-4106.scope.
Oct 03 16:41:38 baseweed-admin runuser[4105]: pam_unix(runuser:session): session closed for user admin
Oct 03 16:41:38 baseweed-admin runuser[4117]: pam_unix(runuser:session): session opened for user admin(uid=1000) by (uid=0)
Oct 03 16:41:38 baseweed-admin runuser[4117]: pam_unix(runuser:session): session closed for user admin
Oct 03 16:41:38 baseweed-admin runuser[4136]: pam_unix(runuser:session): session opened for user admin(uid=1000) by (uid=0)
Oct 03 16:41:38 baseweed-admin systemd[872]: Started podman-4137.scope.
Oct 03 16:41:38 baseweed-admin runuser[4136]: pam_unix(runuser:session): session closed for user admin
Oct 03 16:41:38 baseweed-admin qemu-ga[669]: info: guest-exec-status called, pid: 3878
Oct 03 16:41:38 baseweed-admin runuser[4530]: pam_unix(runuser:session): session opened for user admin(uid=1000) by (uid=0)
Oct 03 16:41:39 baseweed-admin dbus-run-session[1031]:   WARN qml: [20261003-164139]       Location Weather is still fetching
Oct 03 16:41:39 baseweed-admin dbus-run-session[1031]:  ERROR qml: [20261003-164139]       Location Geocoding error: 0
Oct 03 16:41:39 baseweed-admin qemu-ga[669]: info: guest-exec-status called, pid: 3878
Oct 03 16:41:39 baseweed-admin dbus-run-session[1031]:   WARN: Process failed to start, likely because the binary could not be found. Command: QList("bluetoothctl", "show")
Oct 03 16:41:40 baseweed-admin qemu-ga[669]: info: guest-exec-status called, pid: 3878
Oct 03 16:41:40 baseweed-admin qdistro_session_manager.py[2071]: 2026-10-03 16:41:40,922 INFO qdistro_session_manager: CreateTier3sSilo name=s129a workload=weston-terminal binding=s129a
Oct 03 16:41:40 baseweed-admin runuser[4530]: pam_unix(runuser:session): session closed for user admin
Oct 03 16:41:40 baseweed-admin runuser[4546]: pam_unix(runuser:session): session opened for user admin(uid=1000) by (uid=0)
Oct 03 16:41:40 baseweed-admin runuser[4546]: pam_unix(runuser:session): session closed for user admin
Oct 03 16:41:40 baseweed-admin runuser[4548]: pam_unix(runuser:session): session opened for user admin(uid=1000) by (uid=0)
Oct 03 16:41:41 baseweed-admin systemd[872]: qdistro-polkit-agent.service: Scheduled restart job, restart counter is at 20.
Oct 03 16:41:41 baseweed-admin systemd[872]: Started qdistro polkit authentication agent (PAM / fprintd / broker).
Oct 03 16:41:41 baseweed-admin qdistro-polkit-agent[4550]: registration failed: org.freedesktop.PolicyKit1.Error.Failed: Cannot determine session the caller is in
Oct 03 16:41:41 baseweed-admin python3[4550]: qdistro-polkit-agent: registration failed: org.freedesktop.PolicyKit1.Error.Failed: Cannot determine session the caller is in
Oct 03 16:41:41 baseweed-admin systemd[872]: qdistro-polkit-agent.service: Main process exited, code=exited, status=1/FAILURE
Oct 03 16:41:41 baseweed-admin systemd[872]: qdistro-polkit-agent.service: Failed with result 'exit-code'.
Oct 03 16:41:41 baseweed-admin qdistro_session_manager.py[2071]: 2026-10-03 16:41:41,502 INFO qdistro_session_manager: CreateTier3sSilo name=s129b workload=weston-terminal binding=s129b
Oct 03 16:41:41 baseweed-admin runuser[4548]: pam_unix(runuser:session): session closed for user admin
Oct 03 16:41:41 baseweed-admin runuser[4556]: pam_unix(runuser:session): session opened for user admin(uid=1000) by (uid=0)
Oct 03 16:41:41 baseweed-admin runuser[4556]: pam_unix(runuser:session): session closed for user admin
Oct 03 16:41:41 baseweed-admin runuser[4562]: pam_unix(runuser:session): session opened for user admin(uid=1000) by (uid=0)
Oct 03 16:41:41 baseweed-admin runuser[4562]: pam_unix(runuser:session): session closed for user admin
Oct 03 16:41:41 baseweed-admin dbus-run-session[1031]:   WARN: Process failed to start, likely because the binary could not be found. Command: QList("bluetoothctl", "show")
Oct 03 16:41:41 baseweed-admin qemu-ga[669]: info: guest-exec-status called, pid: 3878
Oct 03 16:41:41 baseweed-admin qdistro_admin_broker.py[706]: [broker] rules reloaded (inotify): 1 rule(s), 0 error(s)
Oct 03 16:41:41 baseweed-admin runuser[4568]: pam_unix(runuser:session): session opened for user admin(uid=1000) by (uid=0)
Oct 03 16:41:42 baseweed-admin runuser[4568]: pam_unix(runuser:session): session closed for user admin
Oct 03 16:41:42 baseweed-admin runuser[4572]: pam_unix(runuser:session): session opened for user admin(uid=1000) by (uid=0)
Oct 03 16:41:42 baseweed-admin runuser[4572]: pam_unix(runuser:session): session closed for user admin
Oct 03 16:41:42 baseweed-admin runuser[4579]: pam_unix(runuser:session): session opened for user admin(uid=1000) by (uid=0)
Oct 03 16:41:42 baseweed-admin systemd[1]: Created slice Slice /system/qdistro-tier3s-silo.
Oct 03 16:41:42 baseweed-admin systemd[1]: Starting qdistro tier-3s (gVisor) silo s129a (Experimental, dev profile only)...
Oct 03 16:41:42 baseweed-admin qemu-ga[669]: info: guest-exec-status called, pid: 3878
Oct 03 16:41:43 baseweed-admin runuser[4736]: pam_unix(runuser:session): session opened for user admin(uid=1000) by (uid=0)
Oct 03 16:41:43 baseweed-admin runuser[4736]: pam_unix(runuser:session): session closed for user admin
Oct 03 16:41:43 baseweed-admin runuser[4745]: pam_unix(runuser:session): session opened for user admin(uid=1000) by (uid=0)
Oct 03 16:41:43 baseweed-admin systemd[872]: Started podman-4746.scope.
Oct 03 16:41:43 baseweed-admin runuser[4745]: pam_unix(runuser:session): session closed for user admin
Oct 03 16:41:43 baseweed-admin runuser[4756]: pam_unix(runuser:session): session opened for user admin(uid=1000) by (uid=0)
Oct 03 16:41:43 baseweed-admin systemd[872]: Started podman-4757.scope.
Oct 03 16:41:43 baseweed-admin podman[4757]: 2026-10-03 16:41:43.200187302 +0000 UTC m=+0.032724023 image pull 08e00cef6eab3fcbbba6dc64bb737adf134f6df64c4b925e5f15259dd1ed1b9e localhost/tier3s-probe:empty
Oct 03 16:41:43 baseweed-admin podman[4757]: 2026-10-03 16:41:43.401341683 +0000 UTC m=+0.233878384 container create 57e16732bb790ddc596d9bc764eebc9e098e73fff9e215b712befdc8572b8096 (image=localhost/tier3s-probe:empty, name=tier3s-probe-4610)
Oct 03 16:41:43 baseweed-admin runuser[4756]: pam_unix(runuser:session): session closed for user admin
Oct 03 16:41:43 baseweed-admin runuser[4768]: pam_unix(runuser:session): session opened for user admin(uid=1000) by (uid=0)
Oct 03 16:41:43 baseweed-admin systemd[872]: Started podman-4769.scope.
Oct 03 16:41:43 baseweed-admin runuser[4768]: pam_unix(runuser:session): session closed for user admin
Oct 03 16:41:43 baseweed-admin runuser[4779]: pam_unix(runuser:session): session opened for user admin(uid=1000) by (uid=0)
Oct 03 16:41:43 baseweed-admin systemd[872]: Started podman-4780.scope.
Oct 03 16:41:43 baseweed-admin runuser[4779]: pam_unix(runuser:session): session closed for user admin
Oct 03 16:41:43 baseweed-admin runuser[4798]: pam_unix(runuser:session): session opened for user admin(uid=1000) by (uid=0)
Oct 03 16:41:43 baseweed-admin systemd[872]: Started podman-4800.scope.
Oct 03 16:41:43 baseweed-admin dbus-run-session[1031]:   WARN: Process failed to start, likely because the binary could not be found. Command: QList("bluetoothctl", "show")
Oct 03 16:41:43 baseweed-admin podman[4800]: 2026-10-03 16:41:43.712288222 +0000 UTC m=+0.138461201 container remove 57e16732bb790ddc596d9bc764eebc9e098e73fff9e215b712befdc8572b8096 (image=localhost/tier3s-probe:empty, name=tier3s-probe-4610)
Oct 03 16:41:43 baseweed-admin runuser[4798]: pam_unix(runuser:session): session closed for user admin
Oct 03 16:41:43 baseweed-admin runuser[4813]: pam_unix(runuser:session): session opened for user admin(uid=1000) by (uid=0)
Oct 03 16:41:43 baseweed-admin qdistro-tier3s-silo-launch[4814]: [resolve-binding] silo 's129a' is untemplated (no binding)
Oct 03 16:41:43 baseweed-admin qemu-ga[669]: info: guest-exec-status called, pid: 3878
Oct 03 16:41:43 baseweed-admin runuser[4813]: pam_unix(runuser:session): session closed for user admin
Oct 03 16:41:43 baseweed-admin qdistro-tier3s-silo-launch[4582]: spawn-tier3s: silo s129a runs UNTEMPLATED (no binding); image localhost/qdistro/tier3s-weston-terminal:latest
Oct 03 16:41:43 baseweed-admin runuser[4822]: pam_unix(runuser:session): session opened for user admin(uid=1000) by (uid=0)
Oct 03 16:41:43 baseweed-admin runuser[4822]: pam_unix(runuser:session): session closed for user admin
Oct 03 16:41:43 baseweed-admin systemd[1]: Started [systemd-run] /usr/sbin/runuser -u admin -- env -i PATH=/usr/bin:/bin HOME=/home/admin USER=admin LOGNAME=admin XDG_RUNTIME_DIR=/run/user/1000 podman ps -a --filter label=qdistro_tier3s_token --format json.
Oct 03 16:41:43 baseweed-admin runuser[4844]: pam_unix(runuser:session): session opened for user admin(uid=1000) by (uid=0)
Oct 03 16:41:43 baseweed-admin systemd[872]: Started podman-4845.scope.
Oct 03 16:41:43 baseweed-admin runuser[4844]: pam_unix(runuser:session): session closed for user admin
Oct 03 16:41:43 baseweed-admin systemd[1]: qdistro-t3s-call-4829-1-2931357128.scope: Deactivated successfully.
Oct 03 16:41:44 baseweed-admin runuser[4876]: pam_unix(runuser:session): session opened for user admin(uid=1000) by (uid=0)
Oct 03 16:41:44 baseweed-admin systemd[872]: Started podman-4877.scope.
Oct 03 16:41:44 baseweed-admin runuser[4876]: pam_unix(runuser:session): session closed for user admin
Oct 03 16:41:44 baseweed-admin runuser[4887]: pam_unix(runuser:session): session opened for user admin(uid=1000) by (uid=0)
Oct 03 16:41:44 baseweed-admin weston[927]: [16:41:44.063] qdwin/secctx: helper pid=4896 launcher parent pid=4887 exe unreadable; falling back to verified root-parent + stable-starttime attestation
Oct 03 16:41:44 baseweed-admin weston[927]: [16:41:44.063] qdwin/secctx: helper pid=4896 launcher parent pid=4887 exe unreadable; falling back to verified root-parent + stable-starttime attestation
Oct 03 16:41:44 baseweed-admin weston[927]: [16:41:44.064] qdwin/secctx: helper pid=4896 launcher parent pid=4887 exe unreadable; falling back to verified root-parent + stable-starttime attestation
Oct 03 16:41:44 baseweed-admin weston[927]: [16:41:44.064] qdwin/secctx: helper pid=4896 launcher parent pid=4887 exe unreadable; falling back to verified root-parent + stable-starttime attestation
Oct 03 16:41:44 baseweed-admin weston[927]: [16:41:44.064] qdwin/secctx: manager bound by uid=1000 pid=4896 (helper)
Oct 03 16:41:44 baseweed-admin weston[927]: [16:41:44.064] qdwin/secctx: committed engine=qdistro.tier3s app_id=qdistro.tier3s.s129a instance_id=c57484e3da8349abaa37a970c3cf1c6b listen_fd=72 close_fd=73
Oct 03 16:41:44 baseweed-admin weston[927]: [16:41:44.067] qdwin/secctx: client accepted engine=qdistro.tier3s app_id=qdistro.tier3s.s129a instance_id=c57484e3da8349abaa37a970c3cf1c6b (total tagged: 1)
Oct 03 16:41:44 baseweed-admin qdistro-tier3s-silo-launch[4582]: LAUNCH_TOKEN=c57484e3da8349abaa37a970c3cf1c6b
Oct 03 16:41:44 baseweed-admin qdistro-tier3s-silo-launch[4582]: CONTAINER=qdistro-tier3s-s129a
Oct 03 16:41:44 baseweed-admin qdistro-tier3s-silo-launch[4582]: IMAGE=localhost/qdistro/tier3s-weston-terminal:latest
Oct 03 16:41:44 baseweed-admin qdistro-tier3s-silo-launch[4582]: SCOPE_UNIT=qdistro-tier3s-c57484e3da8349abaa37a970c3cf1c6b.scope
Oct 03 16:41:44 baseweed-admin systemd[1]: Started [systemd-run] /usr/libexec/qdistro/qdistro-tier3s-scope enter c57484e3da8349abaa37a970c3cf1c6b 1000 -- podman --runtime /usr/libexec/qdistro/tier3s-runsc --runtime-flag=network=none --runtime-flag=host-uds=open --cgroup-manager=cgroupfs run --rm --name qdistro-tier3s-s129a --label qdistro_tier3s_token=c57484e3da8349abaa37a970c3cf1c6b --label qdistro_tier3s_unit=qdistro-tier3s-silo@s129a.service --security-opt label=disable --security-opt no-new-privileges --cap-drop=ALL --security-opt seccomp=/usr/lib/qdistro/tier3s/seccomp/weston-terminal.json --userns=keep-id --user 1000:1000 --read-only --tmpfs /tmp:rw,size=64m,mode=1777 --tmpfs /run/user/1000:rw,U,mode=0700 --tmpfs /home/admin/.cache:rw,U,mode=0700 -v /run/qdistro-tier3s/c57484e3da8349abaa37a970c3cf1c6b:/run/qdistro/link:rw --pids-limit=512 --network=none --env HOME=/home/admin --env XDG_RUNTIME_DIR=/run/user/1000 --env LANG=C.UTF-8 localhost/qdistro/tier3s-weston-terminal:latest weston-terminal.
Oct 03 16:41:44 baseweed-admin qdistro-tier3s-silo-launch[4910]: Running as unit: qdistro-tier3s-c57484e3da8349abaa37a970c3cf1c6b.scope; invocation ID: 809ad396bb144f4d8d45d79c1db72087
Oct 03 16:41:44 baseweed-admin runuser[4912]: pam_unix(runuser:session): session opened for user admin(uid=1000) by (uid=0)
Oct 03 16:41:44 baseweed-admin qdistro-tier3s-silo-launch[4910]: qdistro-tier3s-scope: /system.slice/qdistro-tier3s-c57484e3da8349abaa37a970c3cf1c6b.scope delegated to uid 1000 (dir, cgroup.procs, cgroup.subtree_control, cgroup.threads)
Oct 03 16:41:44 baseweed-admin runuser[4910]: pam_unix(runuser:session): session opened for user admin(uid=1000) by (uid=0)
Oct 03 16:41:44 baseweed-admin systemd[872]: Started podman-4916.scope.
Oct 03 16:41:44 baseweed-admin runuser[4912]: pam_unix(runuser:session): session closed for user admin
Oct 03 16:41:44 baseweed-admin systemd[872]: qdistro-polkit-agent.service: Scheduled restart job, restart counter is at 21.
Oct 03 16:41:44 baseweed-admin systemd[872]: Started qdistro polkit authentication agent (PAM / fprintd / broker).
Oct 03 16:41:44 baseweed-admin podman[4938]: 2026-10-03 16:41:44.265428925 +0000 UTC m=+0.020524871 image pull c1cfa112ea7171ba1c62d14d9adda09e40b530bd9f5b3e76cfaf4e29ff0b345e localhost/qdistro/tier3s-weston-terminal:latest
Oct 03 16:41:44 baseweed-admin qdistro-polkit-agent[4947]: registration failed: org.freedesktop.PolicyKit1.Error.Failed: Cannot determine session the caller is in
Oct 03 16:41:44 baseweed-admin python3[4947]: qdistro-polkit-agent: registration failed: org.freedesktop.PolicyKit1.Error.Failed: Cannot determine session the caller is in
Oct 03 16:41:44 baseweed-admin systemd[872]: qdistro-polkit-agent.service: Main process exited, code=exited, status=1/FAILURE
Oct 03 16:41:44 baseweed-admin systemd[872]: qdistro-polkit-agent.service: Failed with result 'exit-code'.
Oct 03 16:41:44 baseweed-admin runuser[4969]: pam_unix(runuser:session): session opened for user admin(uid=1000) by (uid=0)
Oct 03 16:41:44 baseweed-admin qemu-ga[669]: info: guest-exec-status called, pid: 3878
Oct 03 16:41:45 baseweed-admin dbus-run-session[1031]:   WARN: Process failed to start, likely because the binary could not be found. Command: QList("bluetoothctl", "show")
Oct 03 16:41:45 baseweed-admin qemu-ga[669]: info: guest-exec-status called, pid: 3878
Oct 03 16:41:46 baseweed-admin qemu-ga[669]: info: guest-exec-status called, pid: 3878
Oct 03 16:41:47 baseweed-admin systemd[872]: qdistro-polkit-agent.service: Scheduled restart job, restart counter is at 22.
Oct 03 16:41:47 baseweed-admin systemd[872]: Started qdistro polkit authentication agent (PAM / fprintd / broker).
Oct 03 16:41:47 baseweed-admin dbus-run-session[1031]:   WARN: Process failed to start, likely because the binary could not be found. Command: QList("bluetoothctl", "show")
Oct 03 16:41:47 baseweed-admin qdistro-polkit-agent[5007]: registration failed: org.freedesktop.PolicyKit1.Error.Failed: Cannot determine session the caller is in
Oct 03 16:41:47 baseweed-admin python3[5007]: qdistro-polkit-agent: registration failed: org.freedesktop.PolicyKit1.Error.Failed: Cannot determine session the caller is in
Oct 03 16:41:47 baseweed-admin systemd[872]: qdistro-polkit-agent.service: Main process exited, code=exited, status=1/FAILURE
Oct 03 16:41:47 baseweed-admin systemd[872]: qdistro-polkit-agent.service: Failed with result 'exit-code'.
Oct 03 16:41:48 baseweed-admin qemu-ga[669]: info: guest-exec-status called, pid: 3878
Oct 03 16:41:49 baseweed-admin qemu-ga[669]: info: guest-exec-status called, pid: 3878
Oct 03 16:41:49 baseweed-admin dbus-run-session[1031]:   INFO qml: [20261003-164149]        PodApps cache refresh loaded 0 apps
Oct 03 16:41:49 baseweed-admin runuser[4969]: pam_unix(runuser:session): session closed for user admin
Oct 03 16:41:49 baseweed-admin dbus-run-session[1031]:   WARN: Process failed to start, likely because the binary could not be found. Command: QList("bluetoothctl", "show")
Oct 03 16:41:50 baseweed-admin qemu-ga[669]: info: guest-exec-status called, pid: 3878
Oct 03 16:41:50 baseweed-admin systemd[872]: qdistro-polkit-agent.service: Scheduled restart job, restart counter is at 23.
Oct 03 16:41:50 baseweed-admin systemd[872]: Started qdistro polkit authentication agent (PAM / fprintd / broker).
Oct 03 16:41:50 baseweed-admin qdistro-polkit-agent[5029]: registration failed: org.freedesktop.PolicyKit1.Error.Failed: Cannot determine session the caller is in
Oct 03 16:41:50 baseweed-admin python3[5029]: qdistro-polkit-agent: registration failed: org.freedesktop.PolicyKit1.Error.Failed: Cannot determine session the caller is in
Oct 03 16:41:51 baseweed-admin systemd[872]: qdistro-polkit-agent.service: Main process exited, code=exited, status=1/FAILURE
Oct 03 16:41:51 baseweed-admin systemd[872]: qdistro-polkit-agent.service: Failed with result 'exit-code'.
Oct 03 16:41:51 baseweed-admin qemu-ga[669]: info: guest-exec-status called, pid: 3878
Oct 03 16:41:51 baseweed-admin dbus-run-session[1031]:   WARN: Process failed to start, likely because the binary could not be found. Command: QList("bluetoothctl", "show")
Oct 03 16:41:51 baseweed-admin runuser[5036]: pam_unix(runuser:session): session opened for user admin(uid=1000) by (uid=0)
Oct 03 16:41:52 baseweed-admin qemu-ga[669]: info: guest-exec-status called, pid: 3878
Oct 03 16:41:52 baseweed-admin systemd[872]: Started podman-5037.scope.
Oct 03 16:41:53 baseweed-admin podman[4938]: 2026-10-03 16:41:53.027624701 +0000 UTC m=+8.782720677 container create 998db2c73d14c6e36eedcbfba0b600b5913adb4cef65390fb68deca209bcf3e0 (image=localhost/qdistro/tier3s-weston-terminal:latest, name=qdistro-tier3s-s129a, org.opencontainers.image.title=openSUSE Tumbleweed Base Container, org.opencontainers.image.description=Image containing a minimal environment for containers based on openSUSE Tumbleweed., org.opensuse.base.url=https://www.opensuse.org, org.opensuse.base.source=https://build.opensuse.org/package/show/openSUSE:Factory/opensuse-tumbleweed-image?rev=561f9d4c8e4e1a441f95ad4ec6b5a914, org.opencontainers.image.url=https://www.opensuse.org, org.opensuse.base.lifecycle-url=https://en.opensuse.org/Lifetime, org.opensuse.lifecycle-url=https://en.opensuse.org/Lifetime, org.openbuildservice.disturl=obs://build.opensuse.org/openSUSE:Factory/images/561f9d4c8e4e1a441f95ad4ec6b5a914-opensuse-tumbleweed-image:docker, qdistro_tier3s_token=c57484e3da8349abaa37a970c3cf1c6b, org.qdistro.snapshot=20260930, org.opensuse.base.vendor=openSUSE Project, org.opensuse.base.reference=registry.opensuse.org/opensuse/tumbleweed:20260930.37.208, org.opensuse.base.created=2026-09-30T20:05:54.126624488Z, org.opensuse.base.title=openSUSE Tumbleweed Base Container, io.buildah.version=1.44.1, org.opensuse.base.disturl=obs://build.opensuse.org/openSUSE:Factory/images/561f9d4c8e4e1a441f95ad4ec6b5a914-opensuse-tumbleweed-image:docker, org.opensuse.base.version=20260930.37.208, org.qdistro.tier3s.workload=weston-terminal, qdistro_tier3s_unit=qdistro-tier3s-silo@s129a.service, org.opensuse.reference=registry.opensuse.org/opensuse/tumbleweed:20260930.37.208, org.opencontainers.image.vendor=openSUSE Project, org.opencontainers.image.source=https://build.opensuse.org/package/show/openSUSE:Factory/opensuse-tumbleweed-image?rev=561f9d4c8e4e1a441f95ad4ec6b5a914, org.opensuse.base.description=Image containing a minimal environment for containers based on openSUSE Tumbleweed., org.opencontainers.image.created=2026-09-30T20:05:54.126624488Z, org.opencontainers.image.version=20260930.37.208)
Oct 03 16:41:53 baseweed-admin qemu-ga[669]: info: guest-exec-status called, pid: 3878
Oct 03 16:41:53 baseweed-admin dbus-run-session[1031]:   WARN qml: [20261003-164153]        Network Connectivity check error: Error: Not authorized to recheck connectivity.
Oct 03 16:41:53 baseweed-admin dbus-run-session[1031]:   WARN: Process failed to start, likely because the binary could not be found. Command: QList("bluetoothctl", "show")
Oct 03 16:41:53 baseweed-admin podman[4938]: 2026-10-03 16:41:53.726371854 +0000 UTC m=+9.481467800 container init 998db2c73d14c6e36eedcbfba0b600b5913adb4cef65390fb68deca209bcf3e0 (image=localhost/qdistro/tier3s-weston-terminal:latest, name=qdistro-tier3s-s129a, org.opensuse.base.description=Image containing a minimal environment for containers based on openSUSE Tumbleweed., org.opencontainers.image.created=2026-09-30T20:05:54.126624488Z, org.opensuse.base.title=openSUSE Tumbleweed Base Container, qdistro_tier3s_unit=qdistro-tier3s-silo@s129a.service, org.opencontainers.image.title=openSUSE Tumbleweed Base Container, org.opencontainers.image.source=https://build.opensuse.org/package/show/openSUSE:Factory/opensuse-tumbleweed-image?rev=561f9d4c8e4e1a441f95ad4ec6b5a914, org.opensuse.base.url=https://www.opensuse.org, org.opensuse.base.created=2026-09-30T20:05:54.126624488Z, org.opensuse.base.lifecycle-url=https://en.opensuse.org/Lifetime, org.opencontainers.image.version=20260930.37.208, qdistro_tier3s_token=c57484e3da8349abaa37a970c3cf1c6b, org.opencontainers.image.description=Image containing a minimal environment for containers based on openSUSE Tumbleweed., org.qdistro.snapshot=20260930, org.opensuse.lifecycle-url=https://en.opensuse.org/Lifetime, org.qdistro.tier3s.workload=weston-terminal, org.opensuse.base.version=20260930.37.208, org.opencontainers.image.url=https://www.opensuse.org, org.opensuse.base.vendor=openSUSE Project, io.buildah.version=1.44.1, org.openbuildservice.disturl=obs://build.opensuse.org/openSUSE:Factory/images/561f9d4c8e4e1a441f95ad4ec6b5a914-opensuse-tumbleweed-image:docker, org.opensuse.reference=registry.opensuse.org/opensuse/tumbleweed:20260930.37.208, org.opencontainers.image.vendor=openSUSE Project, org.opensuse.base.reference=registry.opensuse.org/opensuse/tumbleweed:20260930.37.208, org.opensuse.base.disturl=obs://build.opensuse.org/openSUSE:Factory/images/561f9d4c8e4e1a441f95ad4ec6b5a914-opensuse-tumbleweed-image:docker, org.opensuse.base.source=https://build.opensuse.org/package/show/openSUSE:Factory/opensuse-tumbleweed-image?rev=561f9d4c8e4e1a441f95ad4ec6b5a914)
Oct 03 16:41:53 baseweed-admin podman[4938]: 2026-10-03 16:41:53.757879084 +0000 UTC m=+9.512975010 container start 998db2c73d14c6e36eedcbfba0b600b5913adb4cef65390fb68deca209bcf3e0 (image=localhost/qdistro/tier3s-weston-terminal:latest, name=qdistro-tier3s-s129a, org.opencontainers.image.created=2026-09-30T20:05:54.126624488Z, org.opencontainers.image.url=https://www.opensuse.org, org.opencontainers.image.version=20260930.37.208, org.opencontainers.image.title=openSUSE Tumbleweed Base Container, qdistro_tier3s_token=c57484e3da8349abaa37a970c3cf1c6b, org.opencontainers.image.description=Image containing a minimal environment for containers based on openSUSE Tumbleweed., org.opensuse.base.vendor=openSUSE Project, org.opensuse.base.disturl=obs://build.opensuse.org/openSUSE:Factory/images/561f9d4c8e4e1a441f95ad4ec6b5a914-opensuse-tumbleweed-image:docker, org.opensuse.base.version=20260930.37.208, org.opensuse.reference=registry.opensuse.org/opensuse/tumbleweed:20260930.37.208, org.opencontainers.image.source=https://build.opensuse.org/package/show/openSUSE:Factory/opensuse-tumbleweed-image?rev=561f9d4c8e4e1a441f95ad4ec6b5a914, org.opensuse.base.source=https://build.opensuse.org/package/show/openSUSE:Factory/opensuse-tumbleweed-image?rev=561f9d4c8e4e1a441f95ad4ec6b5a914, org.opensuse.base.lifecycle-url=https://en.opensuse.org/Lifetime, org.qdistro.tier3s.workload=weston-terminal, org.openbuildservice.disturl=obs://build.opensuse.org/openSUSE:Factory/images/561f9d4c8e4e1a441f95ad4ec6b5a914-opensuse-tumbleweed-image:docker, qdistro_tier3s_unit=qdistro-tier3s-silo@s129a.service, org.qdistro.snapshot=20260930, io.buildah.version=1.44.1, org.opensuse.base.reference=registry.opensuse.org/opensuse/tumbleweed:20260930.37.208, org.opensuse.base.url=https://www.opensuse.org, org.opensuse.base.description=Image containing a minimal environment for containers based on openSUSE Tumbleweed., org.opensuse.base.created=2026-09-30T20:05:54.126624488Z, org.opensuse.base.title=openSUSE Tumbleweed Base Container, org.opensuse.lifecycle-url=https://en.opensuse.org/Lifetime, org.opencontainers.image.vendor=openSUSE Project)
Oct 03 16:41:54 baseweed-admin podman[4938]: 2026-10-03 16:41:54.118424161 +0000 UTC m=+9.873520107 container attach 998db2c73d14c6e36eedcbfba0b600b5913adb4cef65390fb68deca209bcf3e0 (image=localhost/qdistro/tier3s-weston-terminal:latest, name=qdistro-tier3s-s129a, org.opensuse.base.description=Image containing a minimal environment for containers based on openSUSE Tumbleweed., org.opencontainers.image.created=2026-09-30T20:05:54.126624488Z, org.opensuse.base.created=2026-09-30T20:05:54.126624488Z, org.qdistro.tier3s.workload=weston-terminal, org.openbuildservice.disturl=obs://build.opensuse.org/openSUSE:Factory/images/561f9d4c8e4e1a441f95ad4ec6b5a914-opensuse-tumbleweed-image:docker, org.opencontainers.image.version=20260930.37.208, org.opencontainers.image.description=Image containing a minimal environment for containers based on openSUSE Tumbleweed., org.opensuse.base.vendor=openSUSE Project, io.buildah.version=1.44.1, org.opencontainers.image.url=https://www.opensuse.org, org.opensuse.base.title=openSUSE Tumbleweed Base Container, org.opensuse.base.lifecycle-url=https://en.opensuse.org/Lifetime, org.opencontainers.image.title=openSUSE Tumbleweed Base Container, qdistro_tier3s_token=c57484e3da8349abaa37a970c3cf1c6b, org.opensuse.base.version=20260930.37.208, org.opensuse.base.url=https://www.opensuse.org, org.opensuse.base.source=https://build.opensuse.org/package/show/openSUSE:Factory/opensuse-tumbleweed-image?rev=561f9d4c8e4e1a441f95ad4ec6b5a914, org.opensuse.lifecycle-url=https://en.opensuse.org/Lifetime, org.opencontainers.image.vendor=openSUSE Project, qdistro_tier3s_unit=qdistro-tier3s-silo@s129a.service, org.qdistro.snapshot=20260930, org.opensuse.reference=registry.opensuse.org/opensuse/tumbleweed:20260930.37.208, org.opencontainers.image.source=https://build.opensuse.org/package/show/openSUSE:Factory/opensuse-tumbleweed-image?rev=561f9d4c8e4e1a441f95ad4ec6b5a914, org.opensuse.base.reference=registry.opensuse.org/opensuse/tumbleweed:20260930.37.208, org.opensuse.base.disturl=obs://build.opensuse.org/openSUSE:Factory/images/561f9d4c8e4e1a441f95ad4ec6b5a914-opensuse-tumbleweed-image:docker)
Oct 03 16:41:54 baseweed-admin runuser[5036]: pam_unix(runuser:session): session closed for user admin
Oct 03 16:41:54 baseweed-admin systemd[872]: qdistro-polkit-agent.service: Scheduled restart job, restart counter is at 24.
Oct 03 16:41:54 baseweed-admin systemd[872]: Started qdistro polkit authentication agent (PAM / fprintd / broker).
Oct 03 16:41:54 baseweed-admin qdistro-tier3s-silo-launch[4582]: spawn-tier3s: running: qdistro-tier3s-s129a sentry=5092 conmon=5077 in /system.slice/qdistro-tier3s-c57484e3da8349abaa37a970c3cf1c6b.scope
Oct 03 16:41:54 baseweed-admin systemd[1]: Started qdistro tier-3s (gVisor) silo s129a (Experimental, dev profile only).
Oct 03 16:41:54 baseweed-admin runuser[5170]: pam_unix(runuser:session): session opened for user admin(uid=1000) by (uid=0)
Oct 03 16:41:54 baseweed-admin systemd[872]: Started podman-5172.scope.
Oct 03 16:41:54 baseweed-admin runuser[5170]: pam_unix(runuser:session): session closed for user admin
Oct 03 16:41:54 baseweed-admin qdistro-polkit-agent[5152]: registration failed: org.freedesktop.PolicyKit1.Error.Failed: Cannot determine session the caller is in
Oct 03 16:41:54 baseweed-admin python3[5152]: qdistro-polkit-agent: registration failed: org.freedesktop.PolicyKit1.Error.Failed: Cannot determine session the caller is in
Oct 03 16:41:54 baseweed-admin runuser[5181]: pam_unix(runuser:session): session opened for user admin(uid=1000) by (uid=0)
Oct 03 16:41:54 baseweed-admin systemd[872]: qdistro-polkit-agent.service: Main process exited, code=exited, status=1/FAILURE
Oct 03 16:41:54 baseweed-admin systemd[872]: qdistro-polkit-agent.service: Failed with result 'exit-code'.
Oct 03 16:41:54 baseweed-admin systemd[872]: Started podman-5182.scope.
Oct 03 16:41:54 baseweed-admin runuser[5181]: pam_unix(runuser:session): session closed for user admin
Oct 03 16:41:54 baseweed-admin runuser[5194]: pam_unix(runuser:session): session opened for user admin(uid=1000) by (uid=0)
Oct 03 16:41:54 baseweed-admin qemu-ga[669]: info: guest-exec-status called, pid: 3878
Oct 03 16:41:54 baseweed-admin qdistro-tier3s-s129a[5077]: could not load cursor 'dnd-move'
Oct 03 16:41:54 baseweed-admin qdistro-tier3s-s129a[5077]: could not load cursor 'dnd-copy'
Oct 03 16:41:54 baseweed-admin qdistro-tier3s-silo-launch[4938]: could not load cursor 'dnd-move'
Oct 03 16:41:54 baseweed-admin qdistro-tier3s-silo-launch[4938]: could not load cursor 'dnd-copy'
Oct 03 16:41:54 baseweed-admin qdistro-tier3s-silo-launch[4938]: could not load cursor 'dnd-none'
Oct 03 16:41:54 baseweed-admin qdistro-tier3s-s129a[5077]: could not load cursor 'dnd-none'
Oct 03 16:41:54 baseweed-admin systemd[872]: Started podman-5196.scope.
Oct 03 16:41:54 baseweed-admin runuser[5194]: pam_unix(runuser:session): session closed for user admin
Oct 03 16:41:54 baseweed-admin qdistro_session_manager.py[2071]: 2026-10-03 16:41:54,375 INFO qdistro_session_manager: StartSilo name=s129a
Oct 03 16:41:54 baseweed-admin runuser[4579]: pam_unix(runuser:session): session closed for user admin
Oct 03 16:41:54 baseweed-admin runuser[5237]: pam_unix(runuser:session): session opened for user admin(uid=1000) by (uid=0)
Oct 03 16:41:54 baseweed-admin systemd[872]: Started podman-5238.scope.
Oct 03 16:41:54 baseweed-admin weston[927]: [16:41:54.475] qdwin: toplevel_added handle=1 uid=1000 pid=4898 app_id=(null) title=""
Oct 03 16:41:54 baseweed-admin weston[927]: [16:41:54.475] qdwin: toplevel_security_context handle=1 engine=qdistro.tier3s app_id=qdistro.tier3s.s129a instance=c57484e3da8349abaa37a970c3cf1c6b
Oct 03 16:41:54 baseweed-admin weston[927]: [16:41:54.475] qdwin: toplevel_peer_identity handle=1 pid=4898 starttime=9833 uid=1000 exe=/usr/bin/waypipe label=system_u:system_r:unconfined_service_t:s0
Oct 03 16:41:54 baseweed-admin weston[927]: [16:41:54.475] qdwin: holding_released handle=1 via default_toplevel_policy (held → normal)
Oct 03 16:41:54 baseweed-admin runuser[5237]: pam_unix(runuser:session): session closed for user admin
Oct 03 16:41:54 baseweed-admin weston[927]: [16:41:54.482] Detected an unmapped surface or view in the layer list, which should not occur.
Oct 03 16:41:54 baseweed-admin weston[927]:                Warning: the above message will not be printed again.
Oct 03 16:41:54 baseweed-admin dbus-run-session[1031]:   INFO qml: [20261003-164154]          Qdwin toplevel_security_context handle=1 engine=qdistro.tier3s app_id=qdistro.tier3s.s129a instance=c57484e3da8349abaa37a970c3cf1c6b
Oct 03 16:41:54 baseweed-admin dbus-run-session[1031]:   INFO qml: [20261003-164154]     Tier3sApps [tier3s] toplevel observed silo=s129a secctx=qdistro.tier3s.s129a color=#ce93d8 handle=1
Oct 03 16:41:54 baseweed-admin dbus-run-session[1031]:   INFO qml: [20261003-164154]     Tier3sApps [tier3s] silo=s129a color=#ce93d8
Oct 03 16:41:54 baseweed-admin weston[927]: [16:41:54.567] qdwin: toplevel_title handle=1 title="[3s:s129a] Wayland Terminal"
Oct 03 16:41:54 baseweed-admin weston[927]: [16:41:54.567] qdwin: toplevel_app_id handle=1 app_id="org.freedesktop.weston.wayland-terminal"
Oct 03 16:41:54 baseweed-admin weston[927]: [16:41:54.567] qdwin: mapped handle=1 size=806x491 pos=557,310 (normal)
Oct 03 16:41:54 baseweed-admin weston[927]: [16:41:54.567] qdwin: focus handle=1 (was 4294967295) seat=default
Oct 03 16:41:54 baseweed-admin weston[927]: [16:41:54.567] qdwin: seat_focus_changed seat=default handle=1
Oct 03 16:41:54 baseweed-admin dbus-run-session[1031]:   WARN: Could not load icon "org.freedesktop.weston.wayland-terminal?fallback=application-x-executable" at size QSize(19, 19) from request
Oct 03 16:41:54 baseweed-admin runuser[5279]: pam_unix(runuser:session): session opened for user admin(uid=1000) by (uid=0)
Oct 03 16:41:54 baseweed-admin systemd[1]: Starting qdistro tier-3s (gVisor) silo s129b (Experimental, dev profile only)...
Oct 03 16:41:55 baseweed-admin qemu-ga[669]: info: guest-exec-status called, pid: 3878
Oct 03 16:41:55 baseweed-admin dbus-run-session[1031]:   INFO qml: [20261003-164155]        PodApps auto-scan: qdistro-tier3s-s129a transitioned to running
Oct 03 16:41:55 baseweed-admin dbus-run-session[1031]:   WARN: Process failed to start, likely because the binary could not be found. Command: QList("bluetoothctl", "show")
Oct 03 16:41:55 baseweed-admin runuser[5449]: pam_unix(runuser:session): session opened for user admin(uid=1000) by (uid=0)
Oct 03 16:41:55 baseweed-admin runuser[5449]: pam_unix(runuser:session): session closed for user admin
Oct 03 16:41:55 baseweed-admin runuser[5458]: pam_unix(runuser:session): session opened for user admin(uid=1000) by (uid=0)
Oct 03 16:41:55 baseweed-admin systemd[872]: Started podman-5459.scope.
Oct 03 16:41:55 baseweed-admin runuser[5458]: pam_unix(runuser:session): session closed for user admin
Oct 03 16:41:55 baseweed-admin runuser[5469]: pam_unix(runuser:session): session opened for user admin(uid=1000) by (uid=0)
Oct 03 16:41:55 baseweed-admin systemd[872]: Started podman-5470.scope.
Oct 03 16:41:55 baseweed-admin podman[5470]: 2026-10-03 16:41:55.862550783 +0000 UTC m=+0.029298360 image pull 08e00cef6eab3fcbbba6dc64bb737adf134f6df64c4b925e5f15259dd1ed1b9e localhost/tier3s-probe:empty
Oct 03 16:41:56 baseweed-admin qemu-ga[669]: info: guest-exec-status called, pid: 3878
Oct 03 16:41:57 baseweed-admin systemd[872]: qdistro-polkit-agent.service: Scheduled restart job, restart counter is at 25.
Oct 03 16:41:57 baseweed-admin systemd[872]: Started qdistro polkit authentication agent (PAM / fprintd / broker).
Oct 03 16:41:57 baseweed-admin qdistro-polkit-agent[5479]: registration failed: org.freedesktop.PolicyKit1.Error.Failed: Cannot determine session the caller is in
Oct 03 16:41:57 baseweed-admin python3[5479]: qdistro-polkit-agent: registration failed: org.freedesktop.PolicyKit1.Error.Failed: Cannot determine session the caller is in
Oct 03 16:41:57 baseweed-admin qemu-ga[669]: info: guest-exec-status called, pid: 3878
Oct 03 16:41:57 baseweed-admin systemd[872]: qdistro-polkit-agent.service: Main process exited, code=exited, status=1/FAILURE
Oct 03 16:41:57 baseweed-admin systemd[872]: qdistro-polkit-agent.service: Failed with result 'exit-code'.
Oct 03 16:41:57 baseweed-admin dbus-run-session[1031]:   WARN: Process failed to start, likely because the binary could not be found. Command: QList("bluetoothctl", "show")
Oct 03 16:41:58 baseweed-admin qemu-ga[669]: info: guest-exec-status called, pid: 3878
Oct 03 16:41:58 baseweed-admin podman[5470]: 2026-10-03 16:41:58.912217747 +0000 UTC m=+3.078965314 container create 027a1ac0f6d6cd8b9ce26323e879fa4cc30b5efab5d40ee99840603e56a00757 (image=localhost/tier3s-probe:empty, name=tier3s-probe-5310)
Oct 03 16:41:58 baseweed-admin runuser[5469]: pam_unix(runuser:session): session closed for user admin
Oct 03 16:41:58 baseweed-admin runuser[5503]: pam_unix(runuser:session): session opened for user admin(uid=1000) by (uid=0)
Oct 03 16:41:58 baseweed-admin systemd[872]: Started podman-5504.scope.
Oct 03 16:41:59 baseweed-admin runuser[5503]: pam_unix(runuser:session): session closed for user admin
Oct 03 16:41:59 baseweed-admin runuser[5530]: pam_unix(runuser:session): session opened for user admin(uid=1000) by (uid=0)
Oct 03 16:41:59 baseweed-admin systemd[872]: Started podman-5533.scope.
Oct 03 16:41:59 baseweed-admin podman[5535]: 2026-10-03 16:41:59.374999518 +0000 UTC m=+0.345834567 container exec 998db2c73d14c6e36eedcbfba0b600b5913adb4cef65390fb68deca209bcf3e0 (image=localhost/qdistro/tier3s-weston-terminal:latest, name=qdistro-tier3s-s129a, org.opensuse.base.version=20260930.37.208, org.qdistro.snapshot=20260930, qdistro_tier3s_token=c57484e3da8349abaa37a970c3cf1c6b, org.opencontainers.image.source=https://build.opensuse.org/package/show/openSUSE:Factory/opensuse-tumbleweed-image?rev=561f9d4c8e4e1a441f95ad4ec6b5a914, org.opensuse.base.vendor=openSUSE Project, org.opencontainers.image.description=Image containing a minimal environment for containers based on openSUSE Tumbleweed., org.opensuse.base.created=2026-09-30T20:05:54.126624488Z, org.opensuse.lifecycle-url=https://en.opensuse.org/Lifetime, org.opencontainers.image.created=2026-09-30T20:05:54.126624488Z, org.opencontainers.image.vendor=openSUSE Project, org.opensuse.base.reference=registry.opensuse.org/opensuse/tumbleweed:20260930.37.208, org.opencontainers.image.title=openSUSE Tumbleweed Base Container, org.opensuse.reference=registry.opensuse.org/opensuse/tumbleweed:20260930.37.208, qdistro_tier3s_unit=qdistro-tier3s-silo@s129a.service, org.opensuse.base.disturl=obs://build.opensuse.org/openSUSE:Factory/images/561f9d4c8e4e1a441f95ad4ec6b5a914-opensuse-tumbleweed-image:docker, org.opensuse.base.description=Image containing a minimal environment for containers based on openSUSE Tumbleweed., org.opensuse.base.url=https://www.opensuse.org, org.qdistro.tier3s.workload=weston-terminal, org.openbuildservice.disturl=obs://build.opensuse.org/openSUSE:Factory/images/561f9d4c8e4e1a441f95ad4ec6b5a914-opensuse-tumbleweed-image:docker, org.opencontainers.image.version=20260930.37.208, org.opensuse.base.source=https://build.opensuse.org/package/show/openSUSE:Factory/opensuse-tumbleweed-image?rev=561f9d4c8e4e1a441f95ad4ec6b5a914, io.buildah.version=1.44.1, org.opencontainers.image.url=https://www.opensuse.org, org.opensuse.base.lifecycle-url=https://en.opensuse.org/Lifetime, org.opensuse.base.title=openSUSE Tumbleweed Base Container)
Oct 03 16:41:59 baseweed-admin conmon[5554]: conmon 998db2c73d14c6e36eed <nwarn>: Failed to open cgroups file: /sys/fs/cgroup/user.slice/user-1000.slice/user@1000.service/app.slice/qdshell.service/memory.events
Oct 03 16:41:59 baseweed-admin dbus-run-session[1031]:   WARN qml: [20261003-164159]       Location Weather is still fetching
Oct 03 16:41:59 baseweed-admin podman[5569]: 2026-10-03 16:41:59.471437791 +0000 UTC m=+0.060302673 container exec_died 998db2c73d14c6e36eedcbfba0b600b5913adb4cef65390fb68deca209bcf3e0 (image=localhost/qdistro/tier3s-weston-terminal:latest, name=qdistro-tier3s-s129a, org.opensuse.base.disturl=obs://build.opensuse.org/openSUSE:Factory/images/561f9d4c8e4e1a441f95ad4ec6b5a914-opensuse-tumbleweed-image:docker, qdistro_tier3s_token=c57484e3da8349abaa37a970c3cf1c6b, io.buildah.version=1.44.1, org.opencontainers.image.url=https://www.opensuse.org, org.opensuse.lifecycle-url=https://en.opensuse.org/Lifetime, org.opencontainers.image.title=openSUSE Tumbleweed Base Container, org.opensuse.base.lifecycle-url=https://en.opensuse.org/Lifetime, org.opensuse.base.url=https://www.opensuse.org, org.opensuse.reference=registry.opensuse.org/opensuse/tumbleweed:20260930.37.208, org.qdistro.tier3s.workload=weston-terminal, org.opensuse.base.reference=registry.opensuse.org/opensuse/tumbleweed:20260930.37.208, org.opensuse.base.created=2026-09-30T20:05:54.126624488Z, org.opensuse.base.description=Image containing a minimal environment for containers based on openSUSE Tumbleweed., org.opensuse.base.version=20260930.37.208, execID=7f27920cd74c29e902372ac27ffc04595c56310708518bc652c443fb54ea3bcc, org.opencontainers.image.source=https://build.opensuse.org/package/show/openSUSE:Factory/opensuse-tumbleweed-image?rev=561f9d4c8e4e1a441f95ad4ec6b5a914, org.opencontainers.image.vendor=openSUSE Project, org.opensuse.base.title=openSUSE Tumbleweed Base Container, org.qdistro.snapshot=20260930, qdistro_tier3s_unit=qdistro-tier3s-silo@s129a.service, org.opencontainers.image.created=2026-09-30T20:05:54.126624488Z, org.opencontainers.image.description=Image containing a minimal environment for containers based on openSUSE Tumbleweed., org.opencontainers.image.version=20260930.37.208, org.openbuildservice.disturl=obs://build.opensuse.org/openSUSE:Factory/images/561f9d4c8e4e1a441f95ad4ec6b5a914-opensuse-tumbleweed-image:docker, org.opensuse.base.source=https://build.opensuse.org/package/show/openSUSE:Factory/opensuse-tumbleweed-image?rev=561f9d4c8e4e1a441f95ad4ec6b5a914, org.opensuse.base.vendor=openSUSE Project)
Oct 03 16:41:59 baseweed-admin dbus-run-session[1031]:  ERROR qml: [20261003-164159]       Location Geocoding error: 0
Oct 03 16:41:59 baseweed-admin podman[5535]: 2026-10-03 16:41:59.519496292 +0000 UTC m=+0.490331341 container exec_died 998db2c73d14c6e36eedcbfba0b600b5913adb4cef65390fb68deca209bcf3e0 (image=localhost/qdistro/tier3s-weston-terminal:latest, name=qdistro-tier3s-s129a, org.qdistro.snapshot=20260930, org.opensuse.base.vendor=openSUSE Project, execID=7f27920cd74c29e902372ac27ffc04595c56310708518bc652c443fb54ea3bcc, org.opensuse.base.disturl=obs://build.opensuse.org/openSUSE:Factory/images/561f9d4c8e4e1a441f95ad4ec6b5a914-opensuse-tumbleweed-image:docker, org.opensuse.base.lifecycle-url=https://en.opensuse.org/Lifetime, org.opensuse.base.title=openSUSE Tumbleweed Base Container, org.opensuse.base.description=Image containing a minimal environment for containers based on openSUSE Tumbleweed., org.opensuse.base.source=https://build.opensuse.org/package/show/openSUSE:Factory/opensuse-tumbleweed-image?rev=561f9d4c8e4e1a441f95ad4ec6b5a914, org.opensuse.base.version=20260930.37.208, qdistro_tier3s_token=c57484e3da8349abaa37a970c3cf1c6b, org.opencontainers.image.vendor=openSUSE Project, org.opensuse.base.url=https://www.opensuse.org, org.opencontainers.image.source=https://build.opensuse.org/package/show/openSUSE:Factory/opensuse-tumbleweed-image?rev=561f9d4c8e4e1a441f95ad4ec6b5a914, org.opensuse.base.reference=registry.opensuse.org/opensuse/tumbleweed:20260930.37.208, io.buildah.version=1.44.1, org.opensuse.base.created=2026-09-30T20:05:54.126624488Z, org.opensuse.lifecycle-url=https://en.opensuse.org/Lifetime, org.qdistro.tier3s.workload=weston-terminal, qdistro_tier3s_unit=qdistro-tier3s-silo@s129a.service, org.opencontainers.image.version=20260930.37.208, org.opencontainers.image.description=Image containing a minimal environment for containers based on openSUSE Tumbleweed., org.opencontainers.image.title=openSUSE Tumbleweed Base Container, org.opensuse.reference=registry.opensuse.org/opensuse/tumbleweed:20260930.37.208, org.openbuildservice.disturl=obs://build.opensuse.org/openSUSE:Factory/images/561f9d4c8e4e1a441f95ad4ec6b5a914-opensuse-tumbleweed-image:docker, org.opencontainers.image.url=https://www.opensuse.org, org.opencontainers.image.created=2026-09-30T20:05:54.126624488Z)
Oct 03 16:41:59 baseweed-admin qemu-ga[669]: info: guest-exec-status called, pid: 3878
Oct 03 16:41:59 baseweed-admin runuser[5530]: pam_unix(runuser:session): session closed for user admin
Oct 03 16:41:59 baseweed-admin runuser[5581]: pam_unix(runuser:session): session opened for user admin(uid=1000) by (uid=0)
Oct 03 16:41:59 baseweed-admin dbus-run-session[1031]:   INFO qml: [20261003-164159]        PodApps cache refresh loaded 0 apps
Oct 03 16:41:59 baseweed-admin systemd[872]: Started podman-5582.scope.
Oct 03 16:41:59 baseweed-admin dbus-run-session[1031]:   WARN: Process failed to start, likely because the binary could not be found. Command: QList("bluetoothctl", "show")
Oct 03 16:41:59 baseweed-admin podman[5582]: 2026-10-03 16:41:59.792473193 +0000 UTC m=+0.154517730 container remove 027a1ac0f6d6cd8b9ce26323e879fa4cc30b5efab5d40ee99840603e56a00757 (image=localhost/tier3s-probe:empty, name=tier3s-probe-5310)
Oct 03 16:41:59 baseweed-admin runuser[5581]: pam_unix(runuser:session): session closed for user admin
Oct 03 16:41:59 baseweed-admin runuser[5598]: pam_unix(runuser:session): session opened for user admin(uid=1000) by (uid=0)
Oct 03 16:41:59 baseweed-admin qdistro-tier3s-silo-launch[5599]: [resolve-binding] silo 's129b' is untemplated (no binding)
Oct 03 16:41:59 baseweed-admin runuser[5598]: pam_unix(runuser:session): session closed for user admin
Oct 03 16:41:59 baseweed-admin qdistro-tier3s-silo-launch[5282]: spawn-tier3s: silo s129b runs UNTEMPLATED (no binding); image localhost/qdistro/tier3s-weston-terminal:latest
Oct 03 16:41:59 baseweed-admin runuser[5607]: pam_unix(runuser:session): session opened for user admin(uid=1000) by (uid=0)
Oct 03 16:41:59 baseweed-admin runuser[5607]: pam_unix(runuser:session): session closed for user admin
Oct 03 16:41:59 baseweed-admin systemd[1]: Started [systemd-run] /usr/sbin/runuser -u admin -- env -i PATH=/usr/bin:/bin HOME=/home/admin USER=admin LOGNAME=admin XDG_RUNTIME_DIR=/run/user/1000 podman ps -a --filter label=qdistro_tier3s_token --format json.
Oct 03 16:41:59 baseweed-admin runuser[5641]: pam_unix(runuser:session): session opened for user admin(uid=1000) by (uid=0)
Oct 03 16:42:00 baseweed-admin systemd[872]: Started podman-5642.scope.
Oct 03 16:42:00 baseweed-admin runuser[5641]: pam_unix(runuser:session): session closed for user admin
Oct 03 16:42:00 baseweed-admin systemd[1]: qdistro-t3s-call-5614-1-973545190.scope: Deactivated successfully.
Oct 03 16:42:00 baseweed-admin runuser[5673]: pam_unix(runuser:session): session opened for user admin(uid=1000) by (uid=0)
Oct 03 16:42:00 baseweed-admin systemd[872]: Started podman-5674.scope.
Oct 03 16:42:00 baseweed-admin runuser[5673]: pam_unix(runuser:session): session closed for user admin
Oct 03 16:42:00 baseweed-admin runuser[5684]: pam_unix(runuser:session): session opened for user admin(uid=1000) by (uid=0)
Oct 03 16:42:00 baseweed-admin weston[927]: [16:42:00.143] qdwin/secctx: helper pid=5694 launcher parent pid=5684 exe unreadable; falling back to verified root-parent + stable-starttime attestation
Oct 03 16:42:00 baseweed-admin weston[927]: [16:42:00.144] qdwin/secctx: helper pid=5694 launcher parent pid=5684 exe unreadable; falling back to verified root-parent + stable-starttime attestation
Oct 03 16:42:00 baseweed-admin weston[927]: [16:42:00.144] qdwin/secctx: helper pid=5694 launcher parent pid=5684 exe unreadable; falling back to verified root-parent + stable-starttime attestation
Oct 03 16:42:00 baseweed-admin weston[927]: [16:42:00.144] qdwin/secctx: helper pid=5694 launcher parent pid=5684 exe unreadable; falling back to verified root-parent + stable-starttime attestation
Oct 03 16:42:00 baseweed-admin weston[927]: [16:42:00.144] qdwin/secctx: manager bound by uid=1000 pid=5694 (helper)
Oct 03 16:42:00 baseweed-admin weston[927]: [16:42:00.144] qdwin/secctx: committed engine=qdistro.tier3s app_id=qdistro.tier3s.s129b instance_id=fb9b899f8e1cd4b80a748ff166fc9cc9 listen_fd=80 close_fd=81
Oct 03 16:42:00 baseweed-admin weston[927]: [16:42:00.146] qdwin/secctx: client accepted engine=qdistro.tier3s app_id=qdistro.tier3s.s129b instance_id=fb9b899f8e1cd4b80a748ff166fc9cc9 (total tagged: 2)
Oct 03 16:42:00 baseweed-admin qdistro-tier3s-silo-launch[5282]: LAUNCH_TOKEN=fb9b899f8e1cd4b80a748ff166fc9cc9
Oct 03 16:42:00 baseweed-admin qdistro-tier3s-silo-launch[5282]: CONTAINER=qdistro-tier3s-s129b
Oct 03 16:42:00 baseweed-admin qdistro-tier3s-silo-launch[5282]: IMAGE=localhost/qdistro/tier3s-weston-terminal:latest
Oct 03 16:42:00 baseweed-admin qdistro-tier3s-silo-launch[5282]: SCOPE_UNIT=qdistro-tier3s-fb9b899f8e1cd4b80a748ff166fc9cc9.scope
Oct 03 16:42:00 baseweed-admin systemd[1]: Started [systemd-run] /usr/libexec/qdistro/qdistro-tier3s-scope enter fb9b899f8e1cd4b80a748ff166fc9cc9 1000 -- podman --runtime /usr/libexec/qdistro/tier3s-runsc --runtime-flag=network=none --runtime-flag=host-uds=open --cgroup-manager=cgroupfs run --rm --name qdistro-tier3s-s129b --label qdistro_tier3s_token=fb9b899f8e1cd4b80a748ff166fc9cc9 --label qdistro_tier3s_unit=qdistro-tier3s-silo@s129b.service --security-opt label=disable --security-opt no-new-privileges --cap-drop=ALL --security-opt seccomp=/usr/lib/qdistro/tier3s/seccomp/weston-terminal.json --userns=keep-id --user 1000:1000 --read-only --tmpfs /tmp:rw,size=64m,mode=1777 --tmpfs /run/user/1000:rw,U,mode=0700 --tmpfs /home/admin/.cache:rw,U,mode=0700 -v /run/qdistro-tier3s/fb9b899f8e1cd4b80a748ff166fc9cc9:/run/qdistro/link:rw --pids-limit=512 --network=none --env HOME=/home/admin --env XDG_RUNTIME_DIR=/run/user/1000 --env LANG=C.UTF-8 localhost/qdistro/tier3s-weston-terminal:latest weston-terminal.
Oct 03 16:42:00 baseweed-admin qdistro-tier3s-silo-launch[5707]: Running as unit: qdistro-tier3s-fb9b899f8e1cd4b80a748ff166fc9cc9.scope; invocation ID: a1e8663dc42b4100a37f745af0f53eb4
Oct 03 16:42:00 baseweed-admin runuser[5709]: pam_unix(runuser:session): session opened for user admin(uid=1000) by (uid=0)
Oct 03 16:42:00 baseweed-admin qdistro-tier3s-silo-launch[5707]: qdistro-tier3s-scope: /system.slice/qdistro-tier3s-fb9b899f8e1cd4b80a748ff166fc9cc9.scope delegated to uid 1000 (dir, cgroup.procs, cgroup.subtree_control, cgroup.threads)
Oct 03 16:42:00 baseweed-admin runuser[5707]: pam_unix(runuser:session): session opened for user admin(uid=1000) by (uid=0)
Oct 03 16:42:00 baseweed-admin systemd[872]: Started podman-5712.scope.
Oct 03 16:42:00 baseweed-admin runuser[5709]: pam_unix(runuser:session): session closed for user admin
Oct 03 16:42:00 baseweed-admin podman[5733]: 2026-10-03 16:42:00.322906661 +0000 UTC m=+0.068136052 container create cf04d8e868a4915a805776105bfcdd73a214736c66bdb50c4e196f020d78e0f2 (image=localhost/qdistro/tier3s-weston-terminal:latest, name=qdistro-tier3s-s129b, org.opensuse.base.source=https://build.opensuse.org/package/show/openSUSE:Factory/opensuse-tumbleweed-image?rev=561f9d4c8e4e1a441f95ad4ec6b5a914, org.opencontainers.image.title=openSUSE Tumbleweed Base Container, org.qdistro.snapshot=20260930, qdistro_tier3s_unit=qdistro-tier3s-silo@s129b.service, org.opensuse.reference=registry.opensuse.org/opensuse/tumbleweed:20260930.37.208, org.opencontainers.image.vendor=openSUSE Project, org.opencontainers.image.url=https://www.opensuse.org, org.opensuse.base.version=20260930.37.208, org.opensuse.base.title=openSUSE Tumbleweed Base Container, org.opencontainers.image.source=https://build.opensuse.org/package/show/openSUSE:Factory/opensuse-tumbleweed-image?rev=561f9d4c8e4e1a441f95ad4ec6b5a914, org.qdistro.tier3s.workload=weston-terminal, org.opensuse.lifecycle-url=https://en.opensuse.org/Lifetime, org.opencontainers.image.description=Image containing a minimal environment for containers based on openSUSE Tumbleweed., org.opensuse.base.url=https://www.opensuse.org, org.openbuildservice.disturl=obs://build.opensuse.org/openSUSE:Factory/images/561f9d4c8e4e1a441f95ad4ec6b5a914-opensuse-tumbleweed-image:docker, org.opensuse.base.reference=registry.opensuse.org/opensuse/tumbleweed:20260930.37.208, org.opensuse.base.description=Image containing a minimal environment for containers based on openSUSE Tumbleweed., io.buildah.version=1.44.1, org.opensuse.base.lifecycle-url=https://en.opensuse.org/Lifetime, org.opensuse.base.vendor=openSUSE Project, org.opensuse.base.disturl=obs://build.opensuse.org/openSUSE:Factory/images/561f9d4c8e4e1a441f95ad4ec6b5a914-opensuse-tumbleweed-image:docker, qdistro_tier3s_token=fb9b899f8e1cd4b80a748ff166fc9cc9, org.opencontainers.image.version=20260930.37.208, org.opencontainers.image.created=2026-09-30T20:05:54.126624488Z, org.opensuse.base.created=2026-09-30T20:05:54.126624488Z)
Oct 03 16:42:00 baseweed-admin podman[5733]: 2026-10-03 16:42:00.269531429 +0000 UTC m=+0.014760820 image pull c1cfa112ea7171ba1c62d14d9adda09e40b530bd9f5b3e76cfaf4e29ff0b345e localhost/qdistro/tier3s-weston-terminal:latest
Oct 03 16:42:00 baseweed-admin podman[5733]: 2026-10-03 16:42:00.456168725 +0000 UTC m=+0.201398126 container init cf04d8e868a4915a805776105bfcdd73a214736c66bdb50c4e196f020d78e0f2 (image=localhost/qdistro/tier3s-weston-terminal:latest, name=qdistro-tier3s-s129b, org.qdistro.tier3s.workload=weston-terminal, org.opensuse.base.lifecycle-url=https://en.opensuse.org/Lifetime, org.opencontainers.image.title=openSUSE Tumbleweed Base Container, org.opensuse.base.vendor=openSUSE Project, org.opencontainers.image.description=Image containing a minimal environment for containers based on openSUSE Tumbleweed., org.opensuse.base.disturl=obs://build.opensuse.org/openSUSE:Factory/images/561f9d4c8e4e1a441f95ad4ec6b5a914-opensuse-tumbleweed-image:docker, org.opensuse.base.url=https://www.opensuse.org, org.opensuse.base.description=Image containing a minimal environment for containers based on openSUSE Tumbleweed., org.opensuse.base.created=2026-09-30T20:05:54.126624488Z, org.opensuse.lifecycle-url=https://en.opensuse.org/Lifetime, org.qdistro.snapshot=20260930, org.opensuse.base.title=openSUSE Tumbleweed Base Container, qdistro_tier3s_token=fb9b899f8e1cd4b80a748ff166fc9cc9, qdistro_tier3s_unit=qdistro-tier3s-silo@s129b.service, org.opencontainers.image.version=20260930.37.208, org.opencontainers.image.created=2026-09-30T20:05:54.126624488Z, io.buildah.version=1.44.1, org.opencontainers.image.vendor=openSUSE Project, org.opensuse.base.version=20260930.37.208, org.openbuildservice.disturl=obs://build.opensuse.org/openSUSE:Factory/images/561f9d4c8e4e1a441f95ad4ec6b5a914-opensuse-tumbleweed-image:docker, org.opensuse.reference=registry.opensuse.org/opensuse/tumbleweed:20260930.37.208, org.opencontainers.image.source=https://build.opensuse.org/package/show/openSUSE:Factory/opensuse-tumbleweed-image?rev=561f9d4c8e4e1a441f95ad4ec6b5a914, org.opensuse.base.source=https://build.opensuse.org/package/show/openSUSE:Factory/opensuse-tumbleweed-image?rev=561f9d4c8e4e1a441f95ad4ec6b5a914, org.opencontainers.image.url=https://www.opensuse.org, org.opensuse.base.reference=registry.opensuse.org/opensuse/tumbleweed:20260930.37.208)
Oct 03 16:42:00 baseweed-admin podman[5733]: 2026-10-03 16:42:00.484231269 +0000 UTC m=+0.229460650 container start cf04d8e868a4915a805776105bfcdd73a214736c66bdb50c4e196f020d78e0f2 (image=localhost/qdistro/tier3s-weston-terminal:latest, name=qdistro-tier3s-s129b, org.opensuse.base.version=20260930.37.208, org.qdistro.snapshot=20260930, org.opensuse.base.disturl=obs://build.opensuse.org/openSUSE:Factory/images/561f9d4c8e4e1a441f95ad4ec6b5a914-opensuse-tumbleweed-image:docker, qdistro_tier3s_unit=qdistro-tier3s-silo@s129b.service, org.qdistro.tier3s.workload=weston-terminal, io.buildah.version=1.44.1, org.opensuse.base.title=openSUSE Tumbleweed Base Container, qdistro_tier3s_token=fb9b899f8e1cd4b80a748ff166fc9cc9, org.opencontainers.image.version=20260930.37.208, org.opencontainers.image.created=2026-09-30T20:05:54.126624488Z, org.opensuse.base.reference=registry.opensuse.org/opensuse/tumbleweed:20260930.37.208, org.opencontainers.image.source=https://build.opensuse.org/package/show/openSUSE:Factory/opensuse-tumbleweed-image?rev=561f9d4c8e4e1a441f95ad4ec6b5a914, org.opensuse.base.lifecycle-url=https://en.opensuse.org/Lifetime, org.opencontainers.image.url=https://www.opensuse.org, org.opencontainers.image.description=Image containing a minimal environment for containers based on openSUSE Tumbleweed., org.opensuse.base.description=Image containing a minimal environment for containers based on openSUSE Tumbleweed., org.opensuse.base.created=2026-09-30T20:05:54.126624488Z, org.opensuse.base.source=https://build.opensuse.org/package/show/openSUSE:Factory/opensuse-tumbleweed-image?rev=561f9d4c8e4e1a441f95ad4ec6b5a914, org.opencontainers.image.vendor=openSUSE Project, org.opencontainers.image.title=openSUSE Tumbleweed Base Container, org.opensuse.base.vendor=openSUSE Project, org.opensuse.base.url=https://www.opensuse.org, org.openbuildservice.disturl=obs://build.opensuse.org/openSUSE:Factory/images/561f9d4c8e4e1a441f95ad4ec6b5a914-opensuse-tumbleweed-image:docker, org.opensuse.reference=registry.opensuse.org/opensuse/tumbleweed:20260930.37.208, org.opensuse.lifecycle-url=https://en.opensuse.org/Lifetime)
Oct 03 16:42:00 baseweed-admin podman[5733]: 2026-10-03 16:42:00.519236689 +0000 UTC m=+0.264466080 container attach cf04d8e868a4915a805776105bfcdd73a214736c66bdb50c4e196f020d78e0f2 (image=localhost/qdistro/tier3s-weston-terminal:latest, name=qdistro-tier3s-s129b, org.opencontainers.image.description=Image containing a minimal environment for containers based on openSUSE Tumbleweed., org.opencontainers.image.version=20260930.37.208, org.opencontainers.image.created=2026-09-30T20:05:54.126624488Z, org.opensuse.base.reference=registry.opensuse.org/opensuse/tumbleweed:20260930.37.208, org.opensuse.base.description=Image containing a minimal environment for containers based on openSUSE Tumbleweed., org.opencontainers.image.vendor=openSUSE Project, org.opencontainers.image.title=openSUSE Tumbleweed Base Container, org.opensuse.base.version=20260930.37.208, org.opensuse.base.url=https://www.opensuse.org, org.openbuildservice.disturl=obs://build.opensuse.org/openSUSE:Factory/images/561f9d4c8e4e1a441f95ad4ec6b5a914-opensuse-tumbleweed-image:docker, org.opensuse.reference=registry.opensuse.org/opensuse/tumbleweed:20260930.37.208, org.qdistro.tier3s.workload=weston-terminal, org.opensuse.base.source=https://build.opensuse.org/package/show/openSUSE:Factory/opensuse-tumbleweed-image?rev=561f9d4c8e4e1a441f95ad4ec6b5a914, org.opensuse.base.vendor=openSUSE Project, qdistro_tier3s_token=fb9b899f8e1cd4b80a748ff166fc9cc9, org.opencontainers.image.source=https://build.opensuse.org/package/show/openSUSE:Factory/opensuse-tumbleweed-image?rev=561f9d4c8e4e1a441f95ad4ec6b5a914, io.buildah.version=1.44.1, org.opensuse.base.lifecycle-url=https://en.opensuse.org/Lifetime, org.opencontainers.image.url=https://www.opensuse.org, org.opensuse.lifecycle-url=https://en.opensuse.org/Lifetime, org.qdistro.snapshot=20260930, org.opensuse.base.disturl=obs://build.opensuse.org/openSUSE:Factory/images/561f9d4c8e4e1a441f95ad4ec6b5a914-opensuse-tumbleweed-image:docker, qdistro_tier3s_unit=qdistro-tier3s-silo@s129b.service, org.opensuse.base.created=2026-09-30T20:05:54.126624488Z, org.opensuse.base.title=openSUSE Tumbleweed Base Container)
Oct 03 16:42:00 baseweed-admin runuser[5807]: pam_unix(runuser:session): session opened for user admin(uid=1000) by (uid=0)
Oct 03 16:42:00 baseweed-admin systemd[872]: qdistro-polkit-agent.service: Scheduled restart job, restart counter is at 26.
Oct 03 16:42:00 baseweed-admin systemd[872]: Started podman-5812.scope.
Oct 03 16:42:00 baseweed-admin qdistro-tier3s-s129b[5748]: could not load cursor 'dnd-move'
Oct 03 16:42:00 baseweed-admin qdistro-tier3s-s129b[5748]: could not load cursor 'dnd-copy'
Oct 03 16:42:00 baseweed-admin qdistro-tier3s-silo-launch[5733]: could not load cursor 'dnd-move'
Oct 03 16:42:00 baseweed-admin qdistro-tier3s-silo-launch[5733]: could not load cursor 'dnd-copy'
Oct 03 16:42:00 baseweed-admin qdistro-tier3s-silo-launch[5733]: could not load cursor 'dnd-none'
Oct 03 16:42:00 baseweed-admin qdistro-tier3s-s129b[5748]: could not load cursor 'dnd-none'
Oct 03 16:42:00 baseweed-admin systemd[872]: Started qdistro polkit authentication agent (PAM / fprintd / broker).
Oct 03 16:42:00 baseweed-admin runuser[5807]: pam_unix(runuser:session): session closed for user admin
Oct 03 16:42:00 baseweed-admin qdistro-tier3s-silo-launch[5282]: spawn-tier3s: running: qdistro-tier3s-s129b sentry=5763 conmon=5748 in /system.slice/qdistro-tier3s-fb9b899f8e1cd4b80a748ff166fc9cc9.scope
Oct 03 16:42:00 baseweed-admin systemd[1]: Started qdistro tier-3s (gVisor) silo s129b (Experimental, dev profile only).
Oct 03 16:42:00 baseweed-admin weston[927]: [16:42:00.646] qdwin: toplevel_added handle=2 uid=1000 pid=5695 app_id=(null) title=""
Oct 03 16:42:00 baseweed-admin weston[927]: [16:42:00.646] qdwin: toplevel_security_context handle=2 engine=qdistro.tier3s app_id=qdistro.tier3s.s129b instance=fb9b899f8e1cd4b80a748ff166fc9cc9
Oct 03 16:42:00 baseweed-admin weston[927]: [16:42:00.646] qdwin: toplevel_peer_identity handle=2 pid=5695 starttime=11441 uid=1000 exe=/usr/bin/waypipe label=system_u:system_r:unconfined_service_t:s0
Oct 03 16:42:00 baseweed-admin weston[927]: [16:42:00.646] qdwin: holding_released handle=2 via default_toplevel_policy (held → normal)
Oct 03 16:42:00 baseweed-admin dbus-run-session[1031]:   INFO qml: [20261003-164200]          Qdwin toplevel_security_context handle=2 engine=qdistro.tier3s app_id=qdistro.tier3s.s129b instance=fb9b899f8e1cd4b80a748ff166fc9cc9
Oct 03 16:42:00 baseweed-admin dbus-run-session[1031]:   INFO qml: [20261003-164200]     Tier3sApps [tier3s] toplevel observed silo=s129b secctx=qdistro.tier3s.s129b color=#80deea handle=2
Oct 03 16:42:00 baseweed-admin dbus-run-session[1031]:   INFO qml: [20261003-164200]     Tier3sApps [tier3s] silo=s129b color=#80deea
Oct 03 16:42:00 baseweed-admin weston[927]: [16:42:00.670] qdwin: toplevel_title handle=2 title="[3s:s129b] Wayland Terminal"
Oct 03 16:42:00 baseweed-admin weston[927]: [16:42:00.670] qdwin: toplevel_app_id handle=2 app_id="org.freedesktop.weston.wayland-terminal"
Oct 03 16:42:00 baseweed-admin weston[927]: [16:42:00.670] qdwin: mapped handle=2 size=806x491 pos=0,31 (normal)
Oct 03 16:42:00 baseweed-admin weston[927]: [16:42:00.670] qdwin: focus handle=2 (was 1) seat=default
Oct 03 16:42:00 baseweed-admin weston[927]: [16:42:00.670] qdwin: seat_focus_changed seat=default handle=2
Oct 03 16:42:00 baseweed-admin qemu-ga[669]: info: guest-exec-status called, pid: 3878
Oct 03 16:42:00 baseweed-admin qdistro_session_manager.py[2071]: 2026-10-03 16:42:00,681 INFO qdistro_session_manager: StartSilo name=s129b
Oct 03 16:42:00 baseweed-admin runuser[5279]: pam_unix(runuser:session): session closed for user admin
Oct 03 16:42:00 baseweed-admin qdistro-polkit-agent[5820]: registration failed: org.freedesktop.PolicyKit1.Error.Failed: Cannot determine session the caller is in
Oct 03 16:42:00 baseweed-admin python3[5820]: qdistro-polkit-agent: registration failed: org.freedesktop.PolicyKit1.Error.Failed: Cannot determine session the caller is in
Oct 03 16:42:00 baseweed-admin runuser[5881]: pam_unix(runuser:session): session opened for user admin(uid=1000) by (uid=0)
Oct 03 16:42:00 baseweed-admin systemd[872]: qdistro-polkit-agent.service: Main process exited, code=exited, status=1/FAILURE
Oct 03 16:42:00 baseweed-admin systemd[872]: qdistro-polkit-agent.service: Failed with result 'exit-code'.
Oct 03 16:42:00 baseweed-admin systemd[872]: Started podman-5883.scope.
Oct 03 16:42:00 baseweed-admin runuser[5881]: pam_unix(runuser:session): session closed for user admin
Oct 03 16:42:00 baseweed-admin runuser[5934]: pam_unix(runuser:session): session opened for user admin(uid=1000) by (uid=0)
Oct 03 16:42:00 baseweed-admin systemd[872]: Started podman-5935.scope.
Oct 03 16:42:00 baseweed-admin podman[5935]: 2026-10-03 16:42:00.971863704 +0000 UTC m=+0.128811529 container exec 998db2c73d14c6e36eedcbfba0b600b5913adb4cef65390fb68deca209bcf3e0 (image=localhost/qdistro/tier3s-weston-terminal:latest, name=qdistro-tier3s-s129a, org.qdistro.tier3s.workload=weston-terminal, org.opensuse.base.lifecycle-url=https://en.opensuse.org/Lifetime, io.buildah.version=1.44.1, org.opencontainers.image.url=https://www.opensuse.org, org.qdistro.snapshot=20260930, org.opensuse.reference=registry.opensuse.org/opensuse/tumbleweed:20260930.37.208, org.openbuildservice.disturl=obs://build.opensuse.org/openSUSE:Factory/images/561f9d4c8e4e1a441f95ad4ec6b5a914-opensuse-tumbleweed-image:docker, org.opencontainers.image.created=2026-09-30T20:05:54.126624488Z, org.opensuse.base.title=openSUSE Tumbleweed Base Container, org.opensuse.base.vendor=openSUSE Project, org.opensuse.base.version=20260930.37.208, org.opencontainers.image.version=20260930.37.208, org.opensuse.base.created=2026-09-30T20:05:54.126624488Z, org.opencontainers.image.description=Image containing a minimal environment for containers based on openSUSE Tumbleweed., org.opensuse.base.source=https://build.opensuse.org/package/show/openSUSE:Factory/opensuse-tumbleweed-image?rev=561f9d4c8e4e1a441f95ad4ec6b5a914, org.opencontainers.image.title=openSUSE Tumbleweed Base Container, qdistro_tier3s_token=c57484e3da8349abaa37a970c3cf1c6b, org.opencontainers.image.source=https://build.opensuse.org/package/show/openSUSE:Factory/opensuse-tumbleweed-image?rev=561f9d4c8e4e1a441f95ad4ec6b5a914, org.opensuse.base.description=Image containing a minimal environment for containers based on openSUSE Tumbleweed., org.opensuse.base.disturl=obs://build.opensuse.org/openSUSE:Factory/images/561f9d4c8e4e1a441f95ad4ec6b5a914-opensuse-tumbleweed-image:docker, org.opensuse.lifecycle-url=https://en.opensuse.org/Lifetime, org.opensuse.base.reference=registry.opensuse.org/opensuse/tumbleweed:20260930.37.208, qdistro_tier3s_unit=qdistro-tier3s-silo@s129a.service, org.opensuse.base.url=https://www.opensuse.org, org.opencontainers.image.vendor=openSUSE Project)
Oct 03 16:42:01 baseweed-admin conmon[5947]: conmon 998db2c73d14c6e36eed <nwarn>: Failed to open cgroups file: /sys/fs/cgroup/user.slice/user-1000.slice/user@1000.service/user.slice/podman-5935.scope/memory.events
Oct 03 16:42:01 baseweed-admin podman[5935]: 2026-10-03 16:42:01.062225053 +0000 UTC m=+0.219172889 container exec_died 998db2c73d14c6e36eedcbfba0b600b5913adb4cef65390fb68deca209bcf3e0 (image=localhost/qdistro/tier3s-weston-terminal:latest, name=qdistro-tier3s-s129a, org.opensuse.base.lifecycle-url=https://en.opensuse.org/Lifetime, org.opensuse.base.source=https://build.opensuse.org/package/show/openSUSE:Factory/opensuse-tumbleweed-image?rev=561f9d4c8e4e1a441f95ad4ec6b5a914, org.opensuse.base.reference=registry.opensuse.org/opensuse/tumbleweed:20260930.37.208, qdistro_tier3s_unit=qdistro-tier3s-silo@s129a.service, org.opencontainers.image.vendor=openSUSE Project, org.qdistro.tier3s.workload=weston-terminal, io.buildah.version=1.44.1, org.opencontainers.image.title=openSUSE Tumbleweed Base Container, org.opencontainers.image.url=https://www.opensuse.org, org.qdistro.snapshot=20260930, execID=29bd31b85da82f71ffaa8dd28d92f96b4bb582c3fc8a7f9c39ca916785076c48, org.opencontainers.image.description=Image containing a minimal environment for containers based on openSUSE Tumbleweed., org.opencontainers.image.source=https://build.opensuse.org/package/show/openSUSE:Factory/opensuse-tumbleweed-image?rev=561f9d4c8e4e1a441f95ad4ec6b5a914, org.opensuse.base.version=20260930.37.208, org.opensuse.lifecycle-url=https://en.opensuse.org/Lifetime, qdistro_tier3s_token=c57484e3da8349abaa37a970c3cf1c6b, org.opencontainers.image.version=20260930.37.208, org.opensuse.base.created=2026-09-30T20:05:54.126624488Z, org.opensuse.reference=registry.opensuse.org/opensuse/tumbleweed:20260930.37.208, org.opensuse.base.title=openSUSE Tumbleweed Base Container, org.opensuse.base.disturl=obs://build.opensuse.org/openSUSE:Factory/images/561f9d4c8e4e1a441f95ad4ec6b5a914-opensuse-tumbleweed-image:docker, org.opensuse.base.url=https://www.opensuse.org, org.openbuildservice.disturl=obs://build.opensuse.org/openSUSE:Factory/images/561f9d4c8e4e1a441f95ad4ec6b5a914-opensuse-tumbleweed-image:docker, org.opencontainers.image.created=2026-09-30T20:05:54.126624488Z, org.opensuse.base.vendor=openSUSE Project, org.opensuse.base.description=Image containing a minimal environment for containers based on openSUSE Tumbleweed.)
Oct 03 16:42:01 baseweed-admin runuser[5934]: pam_unix(runuser:session): session closed for user admin
Oct 03 16:42:01 baseweed-admin runuser[6002]: pam_unix(runuser:session): session opened for user admin(uid=1000) by (uid=0)
Oct 03 16:42:01 baseweed-admin systemd[872]: Started podman-6003.scope.
Oct 03 16:42:01 baseweed-admin podman[6003]: 2026-10-03 16:42:01.312084472 +0000 UTC m=+0.125448463 container exec cf04d8e868a4915a805776105bfcdd73a214736c66bdb50c4e196f020d78e0f2 (image=localhost/qdistro/tier3s-weston-terminal:latest, name=qdistro-tier3s-s129b, org.opensuse.base.reference=registry.opensuse.org/opensuse/tumbleweed:20260930.37.208, org.opencontainers.image.title=openSUSE Tumbleweed Base Container, org.opensuse.reference=registry.opensuse.org/opensuse/tumbleweed:20260930.37.208, org.qdistro.tier3s.workload=weston-terminal, org.opensuse.base.disturl=obs://build.opensuse.org/openSUSE:Factory/images/561f9d4c8e4e1a441f95ad4ec6b5a914-opensuse-tumbleweed-image:docker, org.opensuse.base.source=https://build.opensuse.org/package/show/openSUSE:Factory/opensuse-tumbleweed-image?rev=561f9d4c8e4e1a441f95ad4ec6b5a914, org.opensuse.base.title=openSUSE Tumbleweed Base Container, org.qdistro.snapshot=20260930, qdistro_tier3s_token=fb9b899f8e1cd4b80a748ff166fc9cc9, org.opensuse.base.lifecycle-url=https://en.opensuse.org/Lifetime, qdistro_tier3s_unit=qdistro-tier3s-silo@s129b.service, org.opensuse.base.url=https://www.opensuse.org, org.opensuse.lifecycle-url=https://en.opensuse.org/Lifetime, org.openbuildservice.disturl=obs://build.opensuse.org/openSUSE:Factory/images/561f9d4c8e4e1a441f95ad4ec6b5a914-opensuse-tumbleweed-image:docker, org.opencontainers.image.source=https://build.opensuse.org/package/show/openSUSE:Factory/opensuse-tumbleweed-image?rev=561f9d4c8e4e1a441f95ad4ec6b5a914, org.opencontainers.image.vendor=openSUSE Project, org.opencontainers.image.version=20260930.37.208, org.opencontainers.image.description=Image containing a minimal environment for containers based on openSUSE Tumbleweed., org.opensuse.base.created=2026-09-30T20:05:54.126624488Z, org.opensuse.base.version=20260930.37.208, io.buildah.version=1.44.1, org.opencontainers.image.url=https://www.opensuse.org, org.opensuse.base.description=Image containing a minimal environment for containers based on openSUSE Tumbleweed., org.opensuse.base.vendor=openSUSE Project, org.opencontainers.image.created=2026-09-30T20:05:54.126624488Z)
Oct 03 16:42:01 baseweed-admin conmon[6015]: conmon cf04d8e868a4915a8057 <nwarn>: Failed to open cgroups file: /sys/fs/cgroup/user.slice/user-1000.slice/user@1000.service/user.slice/podman-6003.scope/memory.events
Oct 03 16:42:01 baseweed-admin podman[6003]: 2026-10-03 16:42:01.398939333 +0000 UTC m=+0.212303304 container exec_died cf04d8e868a4915a805776105bfcdd73a214736c66bdb50c4e196f020d78e0f2 (image=localhost/qdistro/tier3s-weston-terminal:latest, name=qdistro-tier3s-s129b, org.opencontainers.image.vendor=openSUSE Project, org.qdistro.tier3s.workload=weston-terminal, qdistro_tier3s_unit=qdistro-tier3s-silo@s129b.service, org.opensuse.base.disturl=obs://build.opensuse.org/openSUSE:Factory/images/561f9d4c8e4e1a441f95ad4ec6b5a914-opensuse-tumbleweed-image:docker, org.opensuse.base.url=https://www.opensuse.org, org.opencontainers.image.description=Image containing a minimal environment for containers based on openSUSE Tumbleweed., org.opensuse.base.description=Image containing a minimal environment for containers based on openSUSE Tumbleweed., org.opensuse.base.title=openSUSE Tumbleweed Base Container, qdistro_tier3s_token=fb9b899f8e1cd4b80a748ff166fc9cc9, org.opencontainers.image.title=openSUSE Tumbleweed Base Container, org.opensuse.base.version=20260930.37.208, org.opensuse.base.reference=registry.opensuse.org/opensuse/tumbleweed:20260930.37.208, org.opencontainers.image.created=2026-09-30T20:05:54.126624488Z, org.opensuse.base.lifecycle-url=https://en.opensuse.org/Lifetime, org.opensuse.reference=registry.opensuse.org/opensuse/tumbleweed:20260930.37.208, org.opensuse.base.created=2026-09-30T20:05:54.126624488Z, org.opensuse.lifecycle-url=https://en.opensuse.org/Lifetime, execID=1ee8ed4becabd9134809e34c013d4605339f1304c20882d05f69144ab609ef64, org.openbuildservice.disturl=obs://build.opensuse.org/openSUSE:Factory/images/561f9d4c8e4e1a441f95ad4ec6b5a914-opensuse-tumbleweed-image:docker, org.opencontainers.image.version=20260930.37.208, org.opensuse.base.source=https://build.opensuse.org/package/show/openSUSE:Factory/opensuse-tumbleweed-image?rev=561f9d4c8e4e1a441f95ad4ec6b5a914, org.opensuse.base.vendor=openSUSE Project, org.qdistro.snapshot=20260930, io.buildah.version=1.44.1, org.opencontainers.image.source=https://build.opensuse.org/package/show/openSUSE:Factory/opensuse-tumbleweed-image?rev=561f9d4c8e4e1a441f95ad4ec6b5a914, org.opencontainers.image.url=https://www.opensuse.org)
Oct 03 16:42:01 baseweed-admin runuser[6002]: pam_unix(runuser:session): session closed for user admin
Oct 03 16:42:01 baseweed-admin runuser[6048]: pam_unix(runuser:session): session opened for user admin(uid=1000) by (uid=0)
Oct 03 16:42:01 baseweed-admin runuser[6048]: pam_unix(runuser:session): session closed for user admin
Oct 03 16:42:01 baseweed-admin dbus-run-session[1031]:   INFO qml: [20261003-164201]        PodApps auto-scan: qdistro-tier3s-s129b transitioned to running
Oct 03 16:42:01 baseweed-admin runuser[6074]: pam_unix(runuser:session): session opened for user admin(uid=1000) by (uid=0)
Oct 03 16:42:01 baseweed-admin systemd[872]: Started podman-6075.scope.
Oct 03 16:42:01 baseweed-admin dbus-run-session[1031]:   WARN: Process failed to start, likely because the binary could not be found. Command: QList("bluetoothctl", "show")
Oct 03 16:42:01 baseweed-admin qemu-ga[669]: info: guest-exec-status called, pid: 3878
Oct 03 16:42:01 baseweed-admin podman[6075]: 2026-10-03 16:42:01.743878041 +0000 UTC m=+0.124842629 container exec 998db2c73d14c6e36eedcbfba0b600b5913adb4cef65390fb68deca209bcf3e0 (image=localhost/qdistro/tier3s-weston-terminal:latest, name=qdistro-tier3s-s129a, org.opensuse.reference=registry.opensuse.org/opensuse/tumbleweed:20260930.37.208, org.openbuildservice.disturl=obs://build.opensuse.org/openSUSE:Factory/images/561f9d4c8e4e1a441f95ad4ec6b5a914-opensuse-tumbleweed-image:docker, org.opencontainers.image.vendor=openSUSE Project, io.buildah.version=1.44.1, org.opencontainers.image.url=https://www.opensuse.org, qdistro_tier3s_unit=qdistro-tier3s-silo@s129a.service, org.opensuse.base.lifecycle-url=https://en.opensuse.org/Lifetime, org.opencontainers.image.version=20260930.37.208, org.qdistro.tier3s.workload=weston-terminal, org.opencontainers.image.created=2026-09-30T20:05:54.126624488Z, org.opensuse.base.description=Image containing a minimal environment for containers based on openSUSE Tumbleweed., org.opensuse.base.version=20260930.37.208, org.opencontainers.image.description=Image containing a minimal environment for containers based on openSUSE Tumbleweed., org.opensuse.base.title=openSUSE Tumbleweed Base Container, org.opensuse.lifecycle-url=https://en.opensuse.org/Lifetime, org.qdistro.snapshot=20260930, qdistro_tier3s_token=c57484e3da8349abaa37a970c3cf1c6b, org.opensuse.base.reference=registry.opensuse.org/opensuse/tumbleweed:20260930.37.208, org.opensuse.base.vendor=openSUSE Project, org.opencontainers.image.source=https://build.opensuse.org/package/show/openSUSE:Factory/opensuse-tumbleweed-image?rev=561f9d4c8e4e1a441f95ad4ec6b5a914, org.opencontainers.image.title=openSUSE Tumbleweed Base Container, org.opensuse.base.created=2026-09-30T20:05:54.126624488Z, org.opensuse.base.source=https://build.opensuse.org/package/show/openSUSE:Factory/opensuse-tumbleweed-image?rev=561f9d4c8e4e1a441f95ad4ec6b5a914, org.opensuse.base.url=https://www.opensuse.org, org.opensuse.base.disturl=obs://build.opensuse.org/openSUSE:Factory/images/561f9d4c8e4e1a441f95ad4ec6b5a914-opensuse-tumbleweed-image:docker)
Oct 03 16:42:01 baseweed-admin conmon[6087]: conmon 998db2c73d14c6e36eed <nwarn>: Failed to open cgroups file: /sys/fs/cgroup/user.slice/user-1000.slice/user@1000.service/user.slice/podman-6075.scope/memory.events
Oct 03 16:42:01 baseweed-admin podman[6103]: 2026-10-03 16:42:01.838343592 +0000 UTC m=+0.044893586 container exec_died 998db2c73d14c6e36eedcbfba0b600b5913adb4cef65390fb68deca209bcf3e0 (image=localhost/qdistro/tier3s-weston-terminal:latest, name=qdistro-tier3s-s129a, org.opensuse.base.reference=registry.opensuse.org/opensuse/tumbleweed:20260930.37.208, org.opensuse.base.version=20260930.37.208, org.opensuse.lifecycle-url=https://en.opensuse.org/Lifetime, org.opensuse.base.source=https://build.opensuse.org/package/show/openSUSE:Factory/opensuse-tumbleweed-image?rev=561f9d4c8e4e1a441f95ad4ec6b5a914, org.qdistro.tier3s.workload=weston-terminal, org.opencontainers.image.source=https://build.opensuse.org/package/show/openSUSE:Factory/opensuse-tumbleweed-image?rev=561f9d4c8e4e1a441f95ad4ec6b5a914, org.opensuse.base.disturl=obs://build.opensuse.org/openSUSE:Factory/images/561f9d4c8e4e1a441f95ad4ec6b5a914-opensuse-tumbleweed-image:docker, org.opencontainers.image.created=2026-09-30T20:05:54.126624488Z, org.opencontainers.image.url=https://www.opensuse.org, org.opencontainers.image.vendor=openSUSE Project, qdistro_tier3s_unit=qdistro-tier3s-silo@s129a.service, io.buildah.version=1.44.1, execID=bea8029c89ce223f1bc552bfee17d012be3b37112a57fb10f57c6f625bc2ff27, org.opensuse.base.title=openSUSE Tumbleweed Base Container, org.opensuse.base.vendor=openSUSE Project, org.opencontainers.image.title=openSUSE Tumbleweed Base Container, org.opensuse.base.created=2026-09-30T20:05:54.126624488Z, qdistro_tier3s_token=c57484e3da8349abaa37a970c3cf1c6b, org.opencontainers.image.version=20260930.37.208, org.opensuse.base.url=https://www.opensuse.org, org.opensuse.base.lifecycle-url=https://en.opensuse.org/Lifetime, org.opensuse.reference=registry.opensuse.org/opensuse/tumbleweed:20260930.37.208, org.opencontainers.image.description=Image containing a minimal environment for containers based on openSUSE Tumbleweed., org.qdistro.snapshot=20260930, org.openbuildservice.disturl=obs://build.opensuse.org/openSUSE:Factory/images/561f9d4c8e4e1a441f95ad4ec6b5a914-opensuse-tumbleweed-image:docker, org.opensuse.base.description=Image containing a minimal environment for containers based on openSUSE Tumbleweed.)
Oct 03 16:42:01 baseweed-admin podman[6075]: 2026-10-03 16:42:01.90169368 +0000 UTC m=+0.282658288 container exec_died 998db2c73d14c6e36eedcbfba0b600b5913adb4cef65390fb68deca209bcf3e0 (image=localhost/qdistro/tier3s-weston-terminal:latest, name=qdistro-tier3s-s129a, org.opensuse.base.disturl=obs://build.opensuse.org/openSUSE:Factory/images/561f9d4c8e4e1a441f95ad4ec6b5a914-opensuse-tumbleweed-image:docker, org.opencontainers.image.version=20260930.37.208, org.qdistro.tier3s.workload=weston-terminal, qdistro_tier3s_unit=qdistro-tier3s-silo@s129a.service, execID=bea8029c89ce223f1bc552bfee17d012be3b37112a57fb10f57c6f625bc2ff27, org.opensuse.base.lifecycle-url=https://en.opensuse.org/Lifetime, org.opencontainers.image.vendor=openSUSE Project, org.opensuse.base.source=https://build.opensuse.org/package/show/openSUSE:Factory/opensuse-tumbleweed-image?rev=561f9d4c8e4e1a441f95ad4ec6b5a914, org.opensuse.base.url=https://www.opensuse.org, org.opensuse.base.title=openSUSE Tumbleweed Base Container, qdistro_tier3s_token=c57484e3da8349abaa37a970c3cf1c6b, org.opencontainers.image.created=2026-09-30T20:05:54.126624488Z, org.opensuse.base.description=Image containing a minimal environment for containers based on openSUSE Tumbleweed., org.opensuse.base.version=20260930.37.208, org.opensuse.lifecycle-url=https://en.opensuse.org/Lifetime, org.opensuse.base.reference=registry.opensuse.org/opensuse/tumbleweed:20260930.37.208, org.opensuse.base.vendor=openSUSE Project, org.openbuildservice.disturl=obs://build.opensuse.org/openSUSE:Factory/images/561f9d4c8e4e1a441f95ad4ec6b5a914-opensuse-tumbleweed-image:docker, org.opencontainers.image.source=https://build.opensuse.org/package/show/openSUSE:Factory/opensuse-tumbleweed-image?rev=561f9d4c8e4e1a441f95ad4ec6b5a914, io.buildah.version=1.44.1, org.opencontainers.image.title=openSUSE Tumbleweed Base Container, org.opensuse.base.created=2026-09-30T20:05:54.126624488Z, org.qdistro.snapshot=20260930, org.opencontainers.image.url=https://www.opensuse.org, org.opensuse.reference=registry.opensuse.org/opensuse/tumbleweed:20260930.37.208, org.opencontainers.image.description=Image containing a minimal environment for containers based on openSUSE Tumbleweed.)
Oct 03 16:42:01 baseweed-admin runuser[6074]: pam_unix(runuser:session): session closed for user admin
Oct 03 16:42:02 baseweed-admin runuser[6113]: pam_unix(runuser:session): session opened for user admin(uid=1000) by (uid=0)
Oct 03 16:42:02 baseweed-admin systemd[872]: Started podman-6114.scope.
Oct 03 16:42:02 baseweed-admin podman[6114]: 2026-10-03 16:42:02.142082369 +0000 UTC m=+0.125769634 container exec 998db2c73d14c6e36eedcbfba0b600b5913adb4cef65390fb68deca209bcf3e0 (image=localhost/qdistro/tier3s-weston-terminal:latest, name=qdistro-tier3s-s129a, org.opencontainers.image.url=https://www.opensuse.org, org.opensuse.base.created=2026-09-30T20:05:54.126624488Z, org.openbuildservice.disturl=obs://build.opensuse.org/openSUSE:Factory/images/561f9d4c8e4e1a441f95ad4ec6b5a914-opensuse-tumbleweed-image:docker, org.opensuse.base.source=https://build.opensuse.org/package/show/openSUSE:Factory/opensuse-tumbleweed-image?rev=561f9d4c8e4e1a441f95ad4ec6b5a914, org.qdistro.snapshot=20260930, io.buildah.version=1.44.1, org.opencontainers.image.vendor=openSUSE Project, org.opensuse.base.reference=registry.opensuse.org/opensuse/tumbleweed:20260930.37.208, qdistro_tier3s_token=c57484e3da8349abaa37a970c3cf1c6b, org.opensuse.base.version=20260930.37.208, org.opencontainers.image.version=20260930.37.208, org.opensuse.lifecycle-url=https://en.opensuse.org/Lifetime, org.opensuse.base.lifecycle-url=https://en.opensuse.org/Lifetime, org.opencontainers.image.description=Image containing a minimal environment for containers based on openSUSE Tumbleweed., org.opencontainers.image.title=openSUSE Tumbleweed Base Container, org.opensuse.base.url=https://www.opensuse.org, org.opencontainers.image.source=https://build.opensuse.org/package/show/openSUSE:Factory/opensuse-tumbleweed-image?rev=561f9d4c8e4e1a441f95ad4ec6b5a914, org.opensuse.base.description=Image containing a minimal environment for containers based on openSUSE Tumbleweed., org.opensuse.base.vendor=openSUSE Project, org.opencontainers.image.created=2026-09-30T20:05:54.126624488Z, org.qdistro.tier3s.workload=weston-terminal, org.opensuse.base.title=openSUSE Tumbleweed Base Container, org.opensuse.base.disturl=obs://build.opensuse.org/openSUSE:Factory/images/561f9d4c8e4e1a441f95ad4ec6b5a914-opensuse-tumbleweed-image:docker, org.opensuse.reference=registry.opensuse.org/opensuse/tumbleweed:20260930.37.208, qdistro_tier3s_unit=qdistro-tier3s-silo@s129a.service)
Oct 03 16:42:02 baseweed-admin conmon[6126]: conmon 998db2c73d14c6e36eed <nwarn>: Failed to open cgroups file: /sys/fs/cgroup/user.slice/user-1000.slice/user@1000.service/user.slice/podman-6114.scope/memory.events
Oct 03 16:42:02 baseweed-admin podman[6114]: 2026-10-03 16:42:02.213089421 +0000 UTC m=+0.196776676 container exec_died 998db2c73d14c6e36eedcbfba0b600b5913adb4cef65390fb68deca209bcf3e0 (image=localhost/qdistro/tier3s-weston-terminal:latest, name=qdistro-tier3s-s129a, org.opensuse.base.lifecycle-url=https://en.opensuse.org/Lifetime, org.openbuildservice.disturl=obs://build.opensuse.org/openSUSE:Factory/images/561f9d4c8e4e1a441f95ad4ec6b5a914-opensuse-tumbleweed-image:docker, org.opensuse.base.version=20260930.37.208, org.opensuse.reference=registry.opensuse.org/opensuse/tumbleweed:20260930.37.208, qdistro_tier3s_unit=qdistro-tier3s-silo@s129a.service, org.opencontainers.image.created=2026-09-30T20:05:54.126624488Z, org.opencontainers.image.url=https://www.opensuse.org, org.opensuse.base.source=https://build.opensuse.org/package/show/openSUSE:Factory/opensuse-tumbleweed-image?rev=561f9d4c8e4e1a441f95ad4ec6b5a914, org.opencontainers.image.version=20260930.37.208, org.opensuse.base.description=Image containing a minimal environment for containers based on openSUSE Tumbleweed., org.opensuse.base.title=openSUSE Tumbleweed Base Container, org.opensuse.lifecycle-url=https://en.opensuse.org/Lifetime, org.qdistro.snapshot=20260930, org.opensuse.base.vendor=openSUSE Project, org.opensuse.base.created=2026-09-30T20:05:54.126624488Z, org.opencontainers.image.title=openSUSE Tumbleweed Base Container, org.opensuse.base.disturl=obs://build.opensuse.org/openSUSE:Factory/images/561f9d4c8e4e1a441f95ad4ec6b5a914-opensuse-tumbleweed-image:docker, org.opensuse.base.reference=registry.opensuse.org/opensuse/tumbleweed:20260930.37.208, org.qdistro.tier3s.workload=weston-terminal, qdistro_tier3s_token=c57484e3da8349abaa37a970c3cf1c6b, execID=39862213691abe19a0caf781d907191f789f515dd1be408516e7a44393f6a8bd, org.opencontainers.image.description=Image containing a minimal environment for containers based on openSUSE Tumbleweed., org.opensuse.base.url=https://www.opensuse.org, org.opencontainers.image.source=https://build.opensuse.org/package/show/openSUSE:Factory/opensuse-tumbleweed-image?rev=561f9d4c8e4e1a441f95ad4ec6b5a914, io.buildah.version=1.44.1, org.opencontainers.image.vendor=openSUSE Project)
Oct 03 16:42:02 baseweed-admin runuser[6113]: pam_unix(runuser:session): session closed for user admin
Oct 03 16:42:02 baseweed-admin weston[927]: [16:42:02.353] qdwin/secctx: client accepted engine=qdistro.tier3s app_id=qdistro.tier3s.s129a instance_id=c57484e3da8349abaa37a970c3cf1c6b (total tagged: 3)
Oct 03 16:42:02 baseweed-admin weston[927]: [16:42:02.353] libwayland: error in client communication (pid 6150)
Oct 03 16:42:02 baseweed-admin weston[927]: [16:42:02.403] qdwin/secctx: client accepted engine=qdistro.tier3s app_id=qdistro.tier3s.s129a instance_id=c57484e3da8349abaa37a970c3cf1c6b (total tagged: 3)
Oct 03 16:42:02 baseweed-admin weston[927]: [16:42:02.404] libwayland: error in client communication (pid 6150)
Oct 03 16:42:02 baseweed-admin weston[927]: [16:42:02.454] qdwin/secctx: client accepted engine=qdistro.tier3s app_id=qdistro.tier3s.s129a instance_id=c57484e3da8349abaa37a970c3cf1c6b (total tagged: 3)
Oct 03 16:42:02 baseweed-admin weston[927]: [16:42:02.454] libwayland: error in client communication (pid 6150)
Oct 03 16:42:02 baseweed-admin weston[927]: [16:42:02.504] qdwin/secctx: client accepted engine=qdistro.tier3s app_id=qdistro.tier3s.s129a instance_id=c57484e3da8349abaa37a970c3cf1c6b (total tagged: 3)
Oct 03 16:42:02 baseweed-admin weston[927]: [16:42:02.504] libwayland: error in client communication (pid 6150)
Oct 03 16:42:02 baseweed-admin weston[927]: [16:42:02.555] qdwin/secctx: client accepted engine=qdistro.tier3s app_id=qdistro.tier3s.s129a instance_id=c57484e3da8349abaa37a970c3cf1c6b (total tagged: 3)
Oct 03 16:42:02 baseweed-admin weston[927]: [16:42:02.605] qdwin/secctx: client accepted engine=qdistro.tier3s app_id=qdistro.tier3s.s129a instance_id=c57484e3da8349abaa37a970c3cf1c6b (total tagged: 3)
Oct 03 16:42:02 baseweed-admin weston[927]: [16:42:02.605] libwayland: error in client communication (pid 6150)
Oct 03 16:42:02 baseweed-admin weston[927]: [16:42:02.655] qdwin/secctx: client accepted engine=qdistro.tier3s app_id=qdistro.tier3s.s129a instance_id=c57484e3da8349abaa37a970c3cf1c6b (total tagged: 3)
Oct 03 16:42:02 baseweed-admin weston[927]: [16:42:02.655] libwayland: error in client communication (pid 6150)
Oct 03 16:42:02 baseweed-admin weston[927]: [16:42:02.706] qdwin/secctx: client accepted engine=qdistro.tier3s app_id=qdistro.tier3s.s129a instance_id=c57484e3da8349abaa37a970c3cf1c6b (total tagged: 3)
Oct 03 16:42:02 baseweed-admin weston[927]: [16:42:02.706] libwayland: error in client communication (pid 6150)
Oct 03 16:42:02 baseweed-admin weston[927]: [16:42:02.756] qdwin/secctx: client accepted engine=qdistro.tier3s app_id=qdistro.tier3s.s129a instance_id=c57484e3da8349abaa37a970c3cf1c6b (total tagged: 3)
Oct 03 16:42:02 baseweed-admin weston[927]: [16:42:02.756] libwayland: error in client communication (pid 6150)
Oct 03 16:42:02 baseweed-admin qemu-ga[669]: info: guest-exec-status called, pid: 3878
Oct 03 16:42:02 baseweed-admin weston[927]: [16:42:02.806] qdwin/secctx: client accepted engine=qdistro.tier3s app_id=qdistro.tier3s.s129a instance_id=c57484e3da8349abaa37a970c3cf1c6b (total tagged: 3)
Oct 03 16:42:02 baseweed-admin weston[927]: [16:42:02.807] libwayland: error in client communication (pid 6150)
Oct 03 16:42:02 baseweed-admin weston[927]: [16:42:02.857] qdwin/secctx: client accepted engine=qdistro.tier3s app_id=qdistro.tier3s.s129a instance_id=c57484e3da8349abaa37a970c3cf1c6b (total tagged: 3)
Oct 03 16:42:02 baseweed-admin weston[927]: [16:42:02.857] libwayland: error in client communication (pid 6150)
Oct 03 16:42:02 baseweed-admin weston[927]: [16:42:02.907] qdwin/secctx: client accepted engine=qdistro.tier3s app_id=qdistro.tier3s.s129a instance_id=c57484e3da8349abaa37a970c3cf1c6b (total tagged: 3)
Oct 03 16:42:02 baseweed-admin weston[927]: [16:42:02.907] libwayland: error in client communication (pid 6150)
Oct 03 16:42:02 baseweed-admin weston[927]: [16:42:02.957] qdwin/secctx: client accepted engine=qdistro.tier3s app_id=qdistro.tier3s.s129a instance_id=c57484e3da8349abaa37a970c3cf1c6b (total tagged: 3)
Oct 03 16:42:02 baseweed-admin weston[927]: [16:42:02.958] libwayland: error in client communication (pid 6150)
Oct 03 16:42:03 baseweed-admin weston[927]: [16:42:03.008] qdwin/secctx: client accepted engine=qdistro.tier3s app_id=qdistro.tier3s.s129a instance_id=c57484e3da8349abaa37a970c3cf1c6b (total tagged: 3)
Oct 03 16:42:03 baseweed-admin weston[927]: [16:42:03.008] libwayland: error in client communication (pid 6150)
Oct 03 16:42:03 baseweed-admin weston[927]: [16:42:03.058] qdwin/secctx: client accepted engine=qdistro.tier3s app_id=qdistro.tier3s.s129a instance_id=c57484e3da8349abaa37a970c3cf1c6b (total tagged: 3)
Oct 03 16:42:03 baseweed-admin weston[927]: [16:42:03.058] libwayland: error in client communication (pid 6150)
Oct 03 16:42:03 baseweed-admin weston[927]: [16:42:03.109] qdwin/secctx: client accepted engine=qdistro.tier3s app_id=qdistro.tier3s.s129a instance_id=c57484e3da8349abaa37a970c3cf1c6b (total tagged: 3)
Oct 03 16:42:03 baseweed-admin weston[927]: [16:42:03.109] libwayland: error in client communication (pid 6150)
Oct 03 16:42:03 baseweed-admin weston[927]: [16:42:03.159] qdwin/secctx: client accepted engine=qdistro.tier3s app_id=qdistro.tier3s.s129a instance_id=c57484e3da8349abaa37a970c3cf1c6b (total tagged: 3)
Oct 03 16:42:03 baseweed-admin weston[927]: [16:42:03.159] libwayland: error in client communication (pid 6150)
Oct 03 16:42:03 baseweed-admin weston[927]: [16:42:03.209] qdwin/secctx: client accepted engine=qdistro.tier3s app_id=qdistro.tier3s.s129a instance_id=c57484e3da8349abaa37a970c3cf1c6b (total tagged: 3)
Oct 03 16:42:03 baseweed-admin weston[927]: [16:42:03.209] libwayland: error in client communication (pid 6150)
Oct 03 16:42:03 baseweed-admin weston[927]: [16:42:03.260] qdwin/secctx: client accepted engine=qdistro.tier3s app_id=qdistro.tier3s.s129a instance_id=c57484e3da8349abaa37a970c3cf1c6b (total tagged: 3)
Oct 03 16:42:03 baseweed-admin weston[927]: [16:42:03.260] libwayland: error in client communication (pid 6150)
Oct 03 16:42:03 baseweed-admin weston[927]: [16:42:03.310] qdwin/secctx: client accepted engine=qdistro.tier3s app_id=qdistro.tier3s.s129a instance_id=c57484e3da8349abaa37a970c3cf1c6b (total tagged: 3)
Oct 03 16:42:03 baseweed-admin weston[927]: [16:42:03.310] libwayland: error in client communication (pid 6150)
Oct 03 16:42:03 baseweed-admin weston[927]: [16:42:03.360] qdwin/secctx: client accepted engine=qdistro.tier3s app_id=qdistro.tier3s.s129a instance_id=c57484e3da8349abaa37a970c3cf1c6b (total tagged: 3)
Oct 03 16:42:03 baseweed-admin weston[927]: [16:42:03.360] libwayland: error in client communication (pid 6150)
Oct 03 16:42:03 baseweed-admin weston[927]: [16:42:03.411] qdwin/secctx: client accepted engine=qdistro.tier3s app_id=qdistro.tier3s.s129a instance_id=c57484e3da8349abaa37a970c3cf1c6b (total tagged: 3)
Oct 03 16:42:03 baseweed-admin weston[927]: [16:42:03.411] libwayland: error in client communication (pid 6150)
Oct 03 16:42:03 baseweed-admin dbus-run-session[1031]:   WARN: Process failed to start, likely because the binary could not be found. Command: QList("bluetoothctl", "show")
Oct 03 16:42:03 baseweed-admin podman[6186]: 2026-10-03 16:42:03.780590947 +0000 UTC m=+0.109894108 container exec cf04d8e868a4915a805776105bfcdd73a214736c66bdb50c4e196f020d78e0f2 (image=localhost/qdistro/tier3s-weston-terminal:latest, name=qdistro-tier3s-s129b, org.qdistro.tier3s.workload=weston-terminal, org.opensuse.lifecycle-url=https://en.opensuse.org/Lifetime, org.openbuildservice.disturl=obs://build.opensuse.org/openSUSE:Factory/images/561f9d4c8e4e1a441f95ad4ec6b5a914-opensuse-tumbleweed-image:docker, org.opencontainers.image.url=https://www.opensuse.org, org.opensuse.base.reference=registry.opensuse.org/opensuse/tumbleweed:20260930.37.208, org.opencontainers.image.version=20260930.37.208, qdistro_tier3s_unit=qdistro-tier3s-silo@s129b.service, org.opencontainers.image.vendor=openSUSE Project, org.opensuse.base.vendor=openSUSE Project, org.opencontainers.image.description=Image containing a minimal environment for containers based on openSUSE Tumbleweed., org.opensuse.base.disturl=obs://build.opensuse.org/openSUSE:Factory/images/561f9d4c8e4e1a441f95ad4ec6b5a914-opensuse-tumbleweed-image:docker, org.opensuse.base.title=openSUSE Tumbleweed Base Container, org.opensuse.base.version=20260930.37.208, org.opencontainers.image.title=openSUSE Tumbleweed Base Container, org.opensuse.base.created=2026-09-30T20:05:54.126624488Z, org.opensuse.reference=registry.opensuse.org/opensuse/tumbleweed:20260930.37.208, qdistro_tier3s_token=fb9b899f8e1cd4b80a748ff166fc9cc9, org.opencontainers.image.created=2026-09-30T20:05:54.126624488Z, org.opensuse.base.url=https://www.opensuse.org, org.qdistro.snapshot=20260930, io.buildah.version=1.44.1, org.opensuse.base.description=Image containing a minimal environment for containers based on openSUSE Tumbleweed., org.opensuse.base.source=https://build.opensuse.org/package/show/openSUSE:Factory/opensuse-tumbleweed-image?rev=561f9d4c8e4e1a441f95ad4ec6b5a914, org.opencontainers.image.source=https://build.opensuse.org/package/show/openSUSE:Factory/opensuse-tumbleweed-image?rev=561f9d4c8e4e1a441f95ad4ec6b5a914, org.opensuse.base.lifecycle-url=https://en.opensuse.org/Lifetime)
Oct 03 16:42:03 baseweed-admin conmon[6198]: conmon cf04d8e868a4915a8057 <nwarn>: Failed to open cgroups file: /sys/fs/cgroup/user.slice/user-1000.slice/user@1000.service/app.slice/qdshell.service/memory.events
Oct 03 16:42:03 baseweed-admin qemu-ga[669]: info: guest-exec-status called, pid: 3878
Oct 03 16:42:03 baseweed-admin podman[6213]: 2026-10-03 16:42:03.847742996 +0000 UTC m=+0.049678369 container exec_died cf04d8e868a4915a805776105bfcdd73a214736c66bdb50c4e196f020d78e0f2 (image=localhost/qdistro/tier3s-weston-terminal:latest, name=qdistro-tier3s-s129b, org.opencontainers.image.description=Image containing a minimal environment for containers based on openSUSE Tumbleweed., org.opencontainers.image.created=2026-09-30T20:05:54.126624488Z, org.opencontainers.image.vendor=openSUSE Project, org.opensuse.base.lifecycle-url=https://en.opensuse.org/Lifetime, org.opensuse.base.title=openSUSE Tumbleweed Base Container, execID=902e41a95bdfbc8337c37149a3de68969afd29791cbed376e6c56e2ddf139380, qdistro_tier3s_token=fb9b899f8e1cd4b80a748ff166fc9cc9, org.opencontainers.image.source=https://build.opensuse.org/package/show/openSUSE:Factory/opensuse-tumbleweed-image?rev=561f9d4c8e4e1a441f95ad4ec6b5a914, org.opensuse.base.version=20260930.37.208, org.opensuse.base.created=2026-09-30T20:05:54.126624488Z, org.opencontainers.image.title=openSUSE Tumbleweed Base Container, org.opensuse.base.disturl=obs://build.opensuse.org/openSUSE:Factory/images/561f9d4c8e4e1a441f95ad4ec6b5a914-opensuse-tumbleweed-image:docker, org.opensuse.base.source=https://build.opensuse.org/package/show/openSUSE:Factory/opensuse-tumbleweed-image?rev=561f9d4c8e4e1a441f95ad4ec6b5a914, org.openbuildservice.disturl=obs://build.opensuse.org/openSUSE:Factory/images/561f9d4c8e4e1a441f95ad4ec6b5a914-opensuse-tumbleweed-image:docker, org.opensuse.reference=registry.opensuse.org/opensuse/tumbleweed:20260930.37.208, org.opensuse.base.vendor=openSUSE Project, org.opensuse.lifecycle-url=https://en.opensuse.org/Lifetime, org.qdistro.tier3s.workload=weston-terminal, qdistro_tier3s_unit=qdistro-tier3s-silo@s129b.service, org.opencontainers.image.url=https://www.opensuse.org, org.opensuse.base.reference=registry.opensuse.org/opensuse/tumbleweed:20260930.37.208, org.opensuse.base.url=https://www.opensuse.org, io.buildah.version=1.44.1, org.opencontainers.image.version=20260930.37.208, org.opensuse.base.description=Image containing a minimal environment for containers based on openSUSE Tumbleweed., org.qdistro.snapshot=20260930)
Oct 03 16:42:03 baseweed-admin podman[6186]: 2026-10-03 16:42:03.862632956 +0000 UTC m=+0.191936107 container exec_died cf04d8e868a4915a805776105bfcdd73a214736c66bdb50c4e196f020d78e0f2 (image=localhost/qdistro/tier3s-weston-terminal:latest, name=qdistro-tier3s-s129b, org.opensuse.base.title=openSUSE Tumbleweed Base Container, org.opensuse.base.url=https://www.opensuse.org, org.opensuse.base.lifecycle-url=https://en.opensuse.org/Lifetime, org.opencontainers.image.title=openSUSE Tumbleweed Base Container, org.opensuse.base.vendor=openSUSE Project, org.opensuse.base.source=https://build.opensuse.org/package/show/openSUSE:Factory/opensuse-tumbleweed-image?rev=561f9d4c8e4e1a441f95ad4ec6b5a914, org.opencontainers.image.created=2026-09-30T20:05:54.126624488Z, org.opencontainers.image.version=20260930.37.208, org.opensuse.lifecycle-url=https://en.opensuse.org/Lifetime, org.opensuse.reference=registry.opensuse.org/opensuse/tumbleweed:20260930.37.208, org.qdistro.snapshot=20260930, qdistro_tier3s_token=fb9b899f8e1cd4b80a748ff166fc9cc9, io.buildah.version=1.44.1, org.opencontainers.image.url=https://www.opensuse.org, org.opensuse.base.description=Image containing a minimal environment for containers based on openSUSE Tumbleweed., org.opensuse.base.reference=registry.opensuse.org/opensuse/tumbleweed:20260930.37.208, org.opencontainers.image.source=https://build.opensuse.org/package/show/openSUSE:Factory/opensuse-tumbleweed-image?rev=561f9d4c8e4e1a441f95ad4ec6b5a914, org.opensuse.base.version=20260930.37.208, qdistro_tier3s_unit=qdistro-tier3s-silo@s129b.service, org.opencontainers.image.vendor=openSUSE Project, org.opensuse.base.created=2026-09-30T20:05:54.126624488Z, org.openbuildservice.disturl=obs://build.opensuse.org/openSUSE:Factory/images/561f9d4c8e4e1a441f95ad4ec6b5a914-opensuse-tumbleweed-image:docker, org.qdistro.tier3s.workload=weston-terminal, execID=902e41a95bdfbc8337c37149a3de68969afd29791cbed376e6c56e2ddf139380, org.opencontainers.image.description=Image containing a minimal environment for containers based on openSUSE Tumbleweed., org.opensuse.base.disturl=obs://build.opensuse.org/openSUSE:Factory/images/561f9d4c8e4e1a441f95ad4ec6b5a914-opensuse-tumbleweed-image:docker)
Oct 03 16:42:03 baseweed-admin systemd[872]: qdistro-polkit-agent.service: Scheduled restart job, restart counter is at 27.
Oct 03 16:42:03 baseweed-admin systemd[872]: Started qdistro polkit authentication agent (PAM / fprintd / broker).
Oct 03 16:42:03 baseweed-admin dbus-run-session[1031]:   INFO qml: [20261003-164203]        PodApps cache refresh loaded 0 apps
Oct 03 16:42:04 baseweed-admin qdistro-polkit-agent[6222]: registration failed: org.freedesktop.PolicyKit1.Error.Failed: Cannot determine session the caller is in
Oct 03 16:42:04 baseweed-admin python3[6222]: qdistro-polkit-agent: registration failed: org.freedesktop.PolicyKit1.Error.Failed: Cannot determine session the caller is in
Oct 03 16:42:04 baseweed-admin systemd[872]: qdistro-polkit-agent.service: Main process exited, code=exited, status=1/FAILURE
Oct 03 16:42:04 baseweed-admin systemd[872]: qdistro-polkit-agent.service: Failed with result 'exit-code'.
Oct 03 16:42:04 baseweed-admin runuser[6233]: pam_unix(runuser:session): session opened for user admin(uid=1000) by (uid=0)
Oct 03 16:42:04 baseweed-admin systemd[872]: Started podman-6235.scope.
Oct 03 16:42:04 baseweed-admin runuser[6233]: pam_unix(runuser:session): session closed for user admin
Oct 03 16:42:04 baseweed-admin runuser[6244]: pam_unix(runuser:session): session opened for user admin(uid=1000) by (uid=0)
Oct 03 16:42:04 baseweed-admin systemd[872]: Started podman-6245.scope.
Oct 03 16:42:04 baseweed-admin runuser[6244]: pam_unix(runuser:session): session closed for user admin
Oct 03 16:42:04 baseweed-admin runuser[6256]: pam_unix(runuser:session): session opened for user admin(uid=1000) by (uid=0)
Oct 03 16:42:04 baseweed-admin systemd[872]: Started podman-6264.scope.
Oct 03 16:42:04 baseweed-admin runuser[6256]: pam_unix(runuser:session): session closed for user admin
Oct 03 16:42:04 baseweed-admin runuser[6276]: pam_unix(runuser:session): session opened for user admin(uid=1000) by (uid=0)
Oct 03 16:42:04 baseweed-admin systemd[872]: Started podman-6277.scope.
Oct 03 16:42:04 baseweed-admin runuser[6276]: pam_unix(runuser:session): session closed for user admin
Oct 03 16:42:04 baseweed-admin qemu-ga[669]: info: guest-exec-status called, pid: 3878
Oct 03 16:42:05 baseweed-admin runuser[6289]: pam_unix(runuser:session): session opened for user admin(uid=1000) by (uid=0)
Oct 03 16:42:05 baseweed-admin runuser[6289]: pam_unix(runuser:session): session closed for user admin
Oct 03 16:42:05 baseweed-admin runuser[6292]: pam_unix(runuser:session): session opened for user admin(uid=1000) by (uid=0)
Oct 03 16:42:05 baseweed-admin runuser[6292]: pam_unix(runuser:session): session closed for user admin
Oct 03 16:42:05 baseweed-admin runuser[6295]: pam_unix(runuser:session): session opened for user admin(uid=1000) by (uid=0)
Oct 03 16:42:05 baseweed-admin runuser[6295]: pam_unix(runuser:session): session closed for user admin
Oct 03 16:42:05 baseweed-admin runuser[6308]: pam_unix(runuser:session): session opened for user admin(uid=1000) by (uid=0)
Oct 03 16:42:05 baseweed-admin systemd[872]: Started podman-6309.scope.
Oct 03 16:42:05 baseweed-admin podman[6309]: 2026-10-03 16:42:05.639688613 +0000 UTC m=+0.100598482 container exec 998db2c73d14c6e36eedcbfba0b600b5913adb4cef65390fb68deca209bcf3e0 (image=localhost/qdistro/tier3s-weston-terminal:latest, name=qdistro-tier3s-s129a, qdistro_tier3s_token=c57484e3da8349abaa37a970c3cf1c6b, org.opencontainers.image.source=https://build.opensuse.org/package/show/openSUSE:Factory/opensuse-tumbleweed-image?rev=561f9d4c8e4e1a441f95ad4ec6b5a914, org.opensuse.base.version=20260930.37.208, org.opencontainers.image.title=openSUSE Tumbleweed Base Container, org.opensuse.base.lifecycle-url=https://en.opensuse.org/Lifetime, org.opensuse.lifecycle-url=https://en.opensuse.org/Lifetime, org.opensuse.base.description=Image containing a minimal environment for containers based on openSUSE Tumbleweed., org.opensuse.base.disturl=obs://build.opensuse.org/openSUSE:Factory/images/561f9d4c8e4e1a441f95ad4ec6b5a914-opensuse-tumbleweed-image:docker, org.qdistro.snapshot=20260930, qdistro_tier3s_unit=qdistro-tier3s-silo@s129a.service, org.opensuse.base.reference=registry.opensuse.org/opensuse/tumbleweed:20260930.37.208, org.opensuse.base.source=https://build.opensuse.org/package/show/openSUSE:Factory/opensuse-tumbleweed-image?rev=561f9d4c8e4e1a441f95ad4ec6b5a914, org.opencontainers.image.created=2026-09-30T20:05:54.126624488Z, org.opencontainers.image.description=Image containing a minimal environment for containers based on openSUSE Tumbleweed., org.opencontainers.image.vendor=openSUSE Project, org.opensuse.base.title=openSUSE Tumbleweed Base Container, org.opensuse.base.vendor=openSUSE Project, org.opensuse.reference=registry.opensuse.org/opensuse/tumbleweed:20260930.37.208, org.qdistro.tier3s.workload=weston-terminal, org.opencontainers.image.version=20260930.37.208, org.openbuildservice.disturl=obs://build.opensuse.org/openSUSE:Factory/images/561f9d4c8e4e1a441f95ad4ec6b5a914-opensuse-tumbleweed-image:docker, org.opencontainers.image.url=https://www.opensuse.org, org.opensuse.base.url=https://www.opensuse.org, io.buildah.version=1.44.1, org.opensuse.base.created=2026-09-30T20:05:54.126624488Z)
Oct 03 16:42:05 baseweed-admin dbus-run-session[1031]:   WARN: Process failed to start, likely because the binary could not be found. Command: QList("bluetoothctl", "show")
Oct 03 16:42:05 baseweed-admin conmon[6321]: conmon 998db2c73d14c6e36eed <nwarn>: Failed to open cgroups file: /sys/fs/cgroup/user.slice/user-1000.slice/user@1000.service/user.slice/podman-6309.scope/memory.events
Oct 03 16:42:05 baseweed-admin podman[6336]: 2026-10-03 16:42:05.789229592 +0000 UTC m=+0.047663141 container exec_died 998db2c73d14c6e36eedcbfba0b600b5913adb4cef65390fb68deca209bcf3e0 (image=localhost/qdistro/tier3s-weston-terminal:latest, name=qdistro-tier3s-s129a, org.opencontainers.image.created=2026-09-30T20:05:54.126624488Z, org.opensuse.base.vendor=openSUSE Project, io.buildah.version=1.44.1, org.opencontainers.image.vendor=openSUSE Project, org.opensuse.base.lifecycle-url=https://en.opensuse.org/Lifetime, org.opensuse.base.reference=registry.opensuse.org/opensuse/tumbleweed:20260930.37.208, org.opencontainers.image.url=https://www.opensuse.org, org.qdistro.snapshot=20260930, org.opensuse.lifecycle-url=https://en.opensuse.org/Lifetime, org.qdistro.tier3s.workload=weston-terminal, org.opencontainers.image.source=https://build.opensuse.org/package/show/openSUSE:Factory/opensuse-tumbleweed-image?rev=561f9d4c8e4e1a441f95ad4ec6b5a914, execID=8fd26aeda992328aa264312a100939aee2906b7fb87addee2e9c9ae83efa9b6b, org.opensuse.base.source=https://build.opensuse.org/package/show/openSUSE:Factory/opensuse-tumbleweed-image?rev=561f9d4c8e4e1a441f95ad4ec6b5a914, org.opencontainers.image.title=openSUSE Tumbleweed Base Container, org.opensuse.base.title=openSUSE Tumbleweed Base Container, org.opensuse.base.url=https://www.opensuse.org, org.opensuse.base.version=20260930.37.208, org.opencontainers.image.version=20260930.37.208, org.opensuse.base.created=2026-09-30T20:05:54.126624488Z, org.openbuildservice.disturl=obs://build.opensuse.org/openSUSE:Factory/images/561f9d4c8e4e1a441f95ad4ec6b5a914-opensuse-tumbleweed-image:docker, org.opensuse.base.description=Image containing a minimal environment for containers based on openSUSE Tumbleweed., qdistro_tier3s_token=c57484e3da8349abaa37a970c3cf1c6b, qdistro_tier3s_unit=qdistro-tier3s-silo@s129a.service, org.opensuse.reference=registry.opensuse.org/opensuse/tumbleweed:20260930.37.208, org.opencontainers.image.description=Image containing a minimal environment for containers based on openSUSE Tumbleweed., org.opensuse.base.disturl=obs://build.opensuse.org/openSUSE:Factory/images/561f9d4c8e4e1a441f95ad4ec6b5a914-opensuse-tumbleweed-image:docker)
Oct 03 16:42:05 baseweed-admin podman[6309]: 2026-10-03 16:42:05.803480435 +0000 UTC m=+0.264390304 container exec_died 998db2c73d14c6e36eedcbfba0b600b5913adb4cef65390fb68deca209bcf3e0 (image=localhost/qdistro/tier3s-weston-terminal:latest, name=qdistro-tier3s-s129a, org.openbuildservice.disturl=obs://build.opensuse.org/openSUSE:Factory/images/561f9d4c8e4e1a441f95ad4ec6b5a914-opensuse-tumbleweed-image:docker, org.opensuse.base.reference=registry.opensuse.org/opensuse/tumbleweed:20260930.37.208, org.opencontainers.image.version=20260930.37.208, org.opensuse.base.lifecycle-url=https://en.opensuse.org/Lifetime, org.opencontainers.image.url=https://www.opensuse.org, org.opensuse.base.url=https://www.opensuse.org, org.opensuse.base.vendor=openSUSE Project, org.opencontainers.image.source=https://build.opensuse.org/package/show/openSUSE:Factory/opensuse-tumbleweed-image?rev=561f9d4c8e4e1a441f95ad4ec6b5a914, org.opensuse.base.version=20260930.37.208, io.buildah.version=1.44.1, org.opencontainers.image.vendor=openSUSE Project, org.opensuse.base.description=Image containing a minimal environment for containers based on openSUSE Tumbleweed., org.qdistro.snapshot=20260930, org.opencontainers.image.created=2026-09-30T20:05:54.126624488Z, org.qdistro.tier3s.workload=weston-terminal, org.opencontainers.image.title=openSUSE Tumbleweed Base Container, org.opensuse.base.created=2026-09-30T20:05:54.126624488Z, org.opensuse.lifecycle-url=https://en.opensuse.org/Lifetime, qdistro_tier3s_token=c57484e3da8349abaa37a970c3cf1c6b, org.opencontainers.image.description=Image containing a minimal environment for containers based on openSUSE Tumbleweed., org.opensuse.base.title=openSUSE Tumbleweed Base Container, org.opensuse.base.source=https://build.opensuse.org/package/show/openSUSE:Factory/opensuse-tumbleweed-image?rev=561f9d4c8e4e1a441f95ad4ec6b5a914, org.opensuse.base.disturl=obs://build.opensuse.org/openSUSE:Factory/images/561f9d4c8e4e1a441f95ad4ec6b5a914-opensuse-tumbleweed-image:docker, org.opensuse.reference=registry.opensuse.org/opensuse/tumbleweed:20260930.37.208, qdistro_tier3s_unit=qdistro-tier3s-silo@s129a.service, execID=8fd26aeda992328aa264312a100939aee2906b7fb87addee2e9c9ae83efa9b6b)
Oct 03 16:42:05 baseweed-admin runuser[6308]: pam_unix(runuser:session): session closed for user admin
Oct 03 16:42:05 baseweed-admin runuser[6357]: pam_unix(runuser:session): session opened for user admin(uid=1000) by (uid=0)
Oct 03 16:42:05 baseweed-admin systemd[872]: Started podman-6358.scope.
Oct 03 16:42:05 baseweed-admin qemu-ga[669]: info: guest-exec-status called, pid: 3878
Oct 03 16:42:05 baseweed-admin podman[6358]: 2026-10-03 16:42:05.974889794 +0000 UTC m=+0.106133956 container exec cf04d8e868a4915a805776105bfcdd73a214736c66bdb50c4e196f020d78e0f2 (image=localhost/qdistro/tier3s-weston-terminal:latest, name=qdistro-tier3s-s129b, org.opensuse.base.description=Image containing a minimal environment for containers based on openSUSE Tumbleweed., org.qdistro.snapshot=20260930, org.opencontainers.image.created=2026-09-30T20:05:54.126624488Z, org.opensuse.base.title=openSUSE Tumbleweed Base Container, org.opensuse.base.vendor=openSUSE Project, org.opensuse.reference=registry.opensuse.org/opensuse/tumbleweed:20260930.37.208, org.qdistro.tier3s.workload=weston-terminal, org.opensuse.base.lifecycle-url=https://en.opensuse.org/Lifetime, org.openbuildservice.disturl=obs://build.opensuse.org/openSUSE:Factory/images/561f9d4c8e4e1a441f95ad4ec6b5a914-opensuse-tumbleweed-image:docker, org.opencontainers.image.vendor=openSUSE Project, org.opencontainers.image.title=openSUSE Tumbleweed Base Container, org.opensuse.base.reference=registry.opensuse.org/opensuse/tumbleweed:20260930.37.208, org.opensuse.base.created=2026-09-30T20:05:54.126624488Z, org.opensuse.base.source=https://build.opensuse.org/package/show/openSUSE:Factory/opensuse-tumbleweed-image?rev=561f9d4c8e4e1a441f95ad4ec6b5a914, org.opensuse.lifecycle-url=https://en.opensuse.org/Lifetime, qdistro_tier3s_token=fb9b899f8e1cd4b80a748ff166fc9cc9, org.opencontainers.image.version=20260930.37.208, qdistro_tier3s_unit=qdistro-tier3s-silo@s129b.service, org.opensuse.base.disturl=obs://build.opensuse.org/openSUSE:Factory/images/561f9d4c8e4e1a441f95ad4ec6b5a914-opensuse-tumbleweed-image:docker, io.buildah.version=1.44.1, org.opencontainers.image.url=https://www.opensuse.org, org.opensuse.base.url=https://www.opensuse.org, org.opencontainers.image.source=https://build.opensuse.org/package/show/openSUSE:Factory/opensuse-tumbleweed-image?rev=561f9d4c8e4e1a441f95ad4ec6b5a914, org.opensuse.base.version=20260930.37.208, org.opencontainers.image.description=Image containing a minimal environment for containers based on openSUSE Tumbleweed.)
Oct 03 16:42:06 baseweed-admin conmon[6370]: conmon cf04d8e868a4915a8057 <nwarn>: Failed to open cgroups file: /sys/fs/cgroup/user.slice/user-1000.slice/user@1000.service/user.slice/podman-6358.scope/memory.events
Oct 03 16:42:06 baseweed-admin podman[6358]: 2026-10-03 16:42:06.066911581 +0000 UTC m=+0.198155732 container exec_died cf04d8e868a4915a805776105bfcdd73a214736c66bdb50c4e196f020d78e0f2 (image=localhost/qdistro/tier3s-weston-terminal:latest, name=qdistro-tier3s-s129b, org.opensuse.lifecycle-url=https://en.opensuse.org/Lifetime, org.qdistro.snapshot=20260930, qdistro_tier3s_unit=qdistro-tier3s-silo@s129b.service, org.opensuse.base.created=2026-09-30T20:05:54.126624488Z, org.opensuse.base.url=https://www.opensuse.org, org.opensuse.base.lifecycle-url=https://en.opensuse.org/Lifetime, org.opencontainers.image.source=https://build.opensuse.org/package/show/openSUSE:Factory/opensuse-tumbleweed-image?rev=561f9d4c8e4e1a441f95ad4ec6b5a914, org.opencontainers.image.vendor=openSUSE Project, org.opensuse.base.source=https://build.opensuse.org/package/show/openSUSE:Factory/opensuse-tumbleweed-image?rev=561f9d4c8e4e1a441f95ad4ec6b5a914, org.opensuse.base.vendor=openSUSE Project, org.opensuse.reference=registry.opensuse.org/opensuse/tumbleweed:20260930.37.208, org.qdistro.tier3s.workload=weston-terminal, org.opencontainers.image.version=20260930.37.208, org.opensuse.base.description=Image containing a minimal environment for containers based on openSUSE Tumbleweed., org.opensuse.base.reference=registry.opensuse.org/opensuse/tumbleweed:20260930.37.208, io.buildah.version=1.44.1, org.opencontainers.image.title=openSUSE Tumbleweed Base Container, org.opencontainers.image.url=https://www.opensuse.org, org.opensuse.base.title=openSUSE Tumbleweed Base Container, org.openbuildservice.disturl=obs://build.opensuse.org/openSUSE:Factory/images/561f9d4c8e4e1a441f95ad4ec6b5a914-opensuse-tumbleweed-image:docker, org.opensuse.base.version=20260930.37.208, org.opencontainers.image.description=Image containing a minimal environment for containers based on openSUSE Tumbleweed., execID=15dd28c5ba9e6c0d5d188ce68bcc8d478d52aa98ea39f1667ad78985060ac72b, org.opensuse.base.disturl=obs://build.opensuse.org/openSUSE:Factory/images/561f9d4c8e4e1a441f95ad4ec6b5a914-opensuse-tumbleweed-image:docker, org.opencontainers.image.created=2026-09-30T20:05:54.126624488Z, qdistro_tier3s_token=fb9b899f8e1cd4b80a748ff166fc9cc9)
Oct 03 16:42:06 baseweed-admin runuser[6357]: pam_unix(runuser:session): session closed for user admin
Oct 03 16:42:06 baseweed-admin runuser[6399]: pam_unix(runuser:session): session opened for user admin(uid=1000) by (uid=0)
Oct 03 16:42:06 baseweed-admin qs[6400]: Detected locale "C" with character encoding "ANSI_X3.4-1968", which is not UTF-8.
                                         Qt depends on a UTF-8 locale, and has switched to "C.UTF-8" instead.
                                         If this causes problems, reconfigure your locale. See the locale(1) manual
                                         for more information.
Oct 03 16:42:06 baseweed-admin dbus-run-session[1031]:   INFO qml: [20261003-164206]  Tier3FocusIPC findSiloHandle silo=s129b → HANDLE=2
Oct 03 16:42:06 baseweed-admin runuser[6399]: pam_unix(runuser:session): session closed for user admin
Oct 03 16:42:06 baseweed-admin runuser[6404]: pam_unix(runuser:session): session opened for user admin(uid=1000) by (uid=0)
Oct 03 16:42:06 baseweed-admin systemd[872]: Started podman-6405.scope.
Oct 03 16:42:06 baseweed-admin runuser[6404]: pam_unix(runuser:session): session closed for user admin
Oct 03 16:42:06 baseweed-admin runuser[6419]: pam_unix(runuser:session): session opened for user admin(uid=1000) by (uid=0)
Oct 03 16:42:06 baseweed-admin systemd[1]: Stopping qdistro tier-3s (gVisor) silo s129a (Experimental, dev profile only)...
Oct 03 16:42:06 baseweed-admin weston[927]: [16:42:06.603] qdwin: toplevel_removed handle=1
Oct 03 16:42:06 baseweed-admin runuser[4887]: pam_unix(runuser:session): session closed for user admin
Oct 03 16:42:06 baseweed-admin podman[4938]: 2026-10-03 16:42:06.646719125 +0000 UTC m=+22.401815071 container died 998db2c73d14c6e36eedcbfba0b600b5913adb4cef65390fb68deca209bcf3e0 (image=localhost/qdistro/tier3s-weston-terminal:latest, name=qdistro-tier3s-s129a, org.opencontainers.image.source=https://build.opensuse.org/package/show/openSUSE:Factory/opensuse-tumbleweed-image?rev=561f9d4c8e4e1a441f95ad4ec6b5a914, org.opensuse.base.version=20260930.37.208, org.opensuse.base.source=https://build.opensuse.org/package/show/openSUSE:Factory/opensuse-tumbleweed-image?rev=561f9d4c8e4e1a441f95ad4ec6b5a914, org.opensuse.base.description=Image containing a minimal environment for containers based on openSUSE Tumbleweed., org.opensuse.base.title=openSUSE Tumbleweed Base Container, org.opensuse.base.lifecycle-url=https://en.opensuse.org/Lifetime, org.opensuse.lifecycle-url=https://en.opensuse.org/Lifetime, qdistro_tier3s_unit=qdistro-tier3s-silo@s129a.service, org.opencontainers.image.version=20260930.37.208, org.opencontainers.image.description=Image containing a minimal environment for containers based on openSUSE Tumbleweed., org.qdistro.snapshot=20260930, io.buildah.version=1.44.1, org.opencontainers.image.url=https://www.opensuse.org, org.opencontainers.image.title=openSUSE Tumbleweed Base Container, org.opensuse.base.reference=registry.opensuse.org/opensuse/tumbleweed:20260930.37.208, org.opencontainers.image.created=2026-09-30T20:05:54.126624488Z, org.opensuse.base.created=2026-09-30T20:05:54.126624488Z, org.qdistro.tier3s.workload=weston-terminal, org.openbuildservice.disturl=obs://build.opensuse.org/openSUSE:Factory/images/561f9d4c8e4e1a441f95ad4ec6b5a914-opensuse-tumbleweed-image:docker, qdistro_tier3s_token=c57484e3da8349abaa37a970c3cf1c6b, org.opencontainers.image.vendor=openSUSE Project, org.opensuse.base.disturl=obs://build.opensuse.org/openSUSE:Factory/images/561f9d4c8e4e1a441f95ad4ec6b5a914-opensuse-tumbleweed-image:docker, org.opensuse.base.url=https://www.opensuse.org, org.opensuse.base.vendor=openSUSE Project, org.opensuse.reference=registry.opensuse.org/opensuse/tumbleweed:20260930.37.208)
Oct 03 16:42:06 baseweed-admin podman[4938]: 2026-10-03 16:42:06.759675003 +0000 UTC m=+22.514770929 container remove 998db2c73d14c6e36eedcbfba0b600b5913adb4cef65390fb68deca209bcf3e0 (image=localhost/qdistro/tier3s-weston-terminal:latest, name=qdistro-tier3s-s129a, qdistro_tier3s_unit=qdistro-tier3s-silo@s129a.service, org.qdistro.snapshot=20260930, org.openbuildservice.disturl=obs://build.opensuse.org/openSUSE:Factory/images/561f9d4c8e4e1a441f95ad4ec6b5a914-opensuse-tumbleweed-image:docker, org.opencontainers.image.title=openSUSE Tumbleweed Base Container, org.opensuse.base.created=2026-09-30T20:05:54.126624488Z, qdistro_tier3s_token=c57484e3da8349abaa37a970c3cf1c6b, org.opensuse.base.lifecycle-url=https://en.opensuse.org/Lifetime, org.opensuse.base.reference=registry.opensuse.org/opensuse/tumbleweed:20260930.37.208, org.qdistro.tier3s.workload=weston-terminal, org.opensuse.base.title=openSUSE Tumbleweed Base Container, org.opencontainers.image.created=2026-09-30T20:05:54.126624488Z, org.opencontainers.image.source=https://build.opensuse.org/package/show/openSUSE:Factory/opensuse-tumbleweed-image?rev=561f9d4c8e4e1a441f95ad4ec6b5a914, org.opensuse.base.disturl=obs://build.opensuse.org/openSUSE:Factory/images/561f9d4c8e4e1a441f95ad4ec6b5a914-opensuse-tumbleweed-image:docker, org.opensuse.base.vendor=openSUSE Project, org.opensuse.base.description=Image containing a minimal environment for containers based on openSUSE Tumbleweed., org.opensuse.base.source=https://build.opensuse.org/package/show/openSUSE:Factory/opensuse-tumbleweed-image?rev=561f9d4c8e4e1a441f95ad4ec6b5a914, org.opensuse.base.url=https://www.opensuse.org, org.opencontainers.image.description=Image containing a minimal environment for containers based on openSUSE Tumbleweed., org.opencontainers.image.vendor=openSUSE Project, org.opensuse.lifecycle-url=https://en.opensuse.org/Lifetime, io.buildah.version=1.44.1, org.opencontainers.image.url=https://www.opensuse.org, org.opencontainers.image.version=20260930.37.208, org.opensuse.base.version=20260930.37.208, org.opensuse.reference=registry.opensuse.org/opensuse/tumbleweed:20260930.37.208)
Oct 03 16:42:06 baseweed-admin runuser[4910]: pam_unix(runuser:session): session closed for user admin
Oct 03 16:42:06 baseweed-admin systemd[1]: qdistro-tier3s-c57484e3da8349abaa37a970c3cf1c6b.scope: Deactivated successfully.
Oct 03 16:42:06 baseweed-admin systemd[1]: Stopped [systemd-run] /usr/libexec/qdistro/qdistro-tier3s-scope enter c57484e3da8349abaa37a970c3cf1c6b 1000 -- podman --runtime /usr/libexec/qdistro/tier3s-runsc --runtime-flag=network=none --runtime-flag=host-uds=open --cgroup-manager=cgroupfs run --rm --name qdistro-tier3s-s129a --label qdistro_tier3s_token=c57484e3da8349abaa37a970c3cf1c6b --label qdistro_tier3s_unit=qdistro-tier3s-silo@s129a.service --security-opt label=disable --security-opt no-new-privileges --cap-drop=ALL --security-opt seccomp=/usr/lib/qdistro/tier3s/seccomp/weston-terminal.json --userns=keep-id --user 1000:1000 --read-only --tmpfs /tmp:rw,size=64m,mode=1777 --tmpfs /run/user/1000:rw,U,mode=0700 --tmpfs /home/admin/.cache:rw,U,mode=0700 -v /run/qdistro-tier3s/c57484e3da8349abaa37a970c3cf1c6b:/run/qdistro/link:rw --pids-limit=512 --network=none --env HOME=/home/admin --env XDG_RUNTIME_DIR=/run/user/1000 --env LANG=C.UTF-8 localhost/qdistro/tier3s-weston-terminal:latest weston-terminal.
Oct 03 16:42:06 baseweed-admin systemd[1]: qdistro-tier3s-c57484e3da8349abaa37a970c3cf1c6b.scope: Consumed 5.079s CPU time over 22.581s wall clock time.
Oct 03 16:42:07 baseweed-admin qemu-ga[669]: info: guest-exec-status called, pid: 3878
Oct 03 16:42:07 baseweed-admin systemd[872]: qdistro-polkit-agent.service: Scheduled restart job, restart counter is at 28.
Oct 03 16:42:07 baseweed-admin systemd[872]: Started qdistro polkit authentication agent (PAM / fprintd / broker).
Oct 03 16:42:07 baseweed-admin qdistro-polkit-agent[7175]: registration failed: org.freedesktop.PolicyKit1.Error.Failed: Cannot determine session the caller is in
Oct 03 16:42:07 baseweed-admin python3[7175]: qdistro-polkit-agent: registration failed: org.freedesktop.PolicyKit1.Error.Failed: Cannot determine session the caller is in
Oct 03 16:42:07 baseweed-admin systemd[872]: qdistro-polkit-agent.service: Main process exited, code=exited, status=1/FAILURE
Oct 03 16:42:07 baseweed-admin systemd[872]: qdistro-polkit-agent.service: Failed with result 'exit-code'.
Oct 03 16:42:07 baseweed-admin dbus-run-session[1031]:   WARN: Process failed to start, likely because the binary could not be found. Command: QList("bluetoothctl", "show")
Oct 03 16:42:08 baseweed-admin qemu-ga[669]: info: guest-exec-status called, pid: 3878
Oct 03 16:42:08 baseweed-admin dbus-run-session[1031]:   WARN qml: [20261003-164208]        Network Connectivity check error: Error: Not authorized to recheck connectivity.
Oct 03 16:42:08 baseweed-admin systemd[1]: Started [systemd-run] /usr/sbin/runuser -u admin -- env -i PATH=/usr/bin:/bin HOME=/home/admin USER=admin LOGNAME=admin XDG_RUNTIME_DIR=/run/user/1000 sh -c "podman container exists \"\$1\"; printf \"PMRC=%d\\n\" \"\$?\"" sh qdistro-tier3s-s129a.
Oct 03 16:42:08 baseweed-admin runuser[8050]: pam_unix(runuser:session): session opened for user admin(uid=1000) by (uid=0)
Oct 03 16:42:08 baseweed-admin systemd[872]: Started podman-8052.scope.
Oct 03 16:42:08 baseweed-admin runuser[8050]: pam_unix(runuser:session): session closed for user admin
Oct 03 16:42:08 baseweed-admin systemd[1]: qdistro-t3s-call-6423-1-2112924435.scope: Deactivated successfully.
Oct 03 16:42:08 baseweed-admin qdistro-tier3s-cleanup[6423]: qdistro-tier3s-cleanup: c57484e3da8349abaa37a970c3cf1c6b: torn down (qdistro-tier3s-s129a)
Oct 03 16:42:08 baseweed-admin qdistro-tier3s-silo-launch[4582]: spawn-tier3s: signal: tearing down c57484e3da8349abaa37a970c3cf1c6b
Oct 03 16:42:08 baseweed-admin systemd[1]: qdistro-tier3s-silo@s129a.service: Deactivated successfully.
Oct 03 16:42:08 baseweed-admin systemd[1]: Stopped qdistro tier-3s (gVisor) silo s129a (Experimental, dev profile only).
Oct 03 16:42:08 baseweed-admin systemd[1]: qdistro-tier3s-silo@s129a.service: Consumed 2.603s CPU time over 26.479s wall clock time.
Oct 03 16:42:08 baseweed-admin runuser[8112]: pam_unix(runuser:session): session opened for user admin(uid=1000) by (uid=0)
Oct 03 16:42:08 baseweed-admin systemd[872]: Started podman-8114.scope.
Oct 03 16:42:08 baseweed-admin runuser[8112]: pam_unix(runuser:session): session closed for user admin
Oct 03 16:42:08 baseweed-admin qdistro_session_manager.py[2071]: 2026-10-03 16:42:08,938 INFO qdistro_session_manager: StopSilo name=s129a grace_s=10
Oct 03 16:42:08 baseweed-admin runuser[6419]: pam_unix(runuser:session): session closed for user admin
Oct 03 16:42:08 baseweed-admin runuser[8126]: pam_unix(runuser:session): session opened for user admin(uid=1000) by (uid=0)
Oct 03 16:42:08 baseweed-admin runuser[8126]: pam_unix(runuser:session): session closed for user admin
Oct 03 16:42:08 baseweed-admin runuser[8132]: pam_unix(runuser:session): session opened for user admin(uid=1000) by (uid=0)
Oct 03 16:42:09 baseweed-admin systemd[1]: Stopping qdistro tier-3s (gVisor) silo s129b (Experimental, dev profile only)...
Oct 03 16:42:09 baseweed-admin qemu-ga[669]: info: guest-exec-status called, pid: 3878
Oct 03 16:42:09 baseweed-admin runuser[5684]: pam_unix(runuser:session): session closed for user admin
Oct 03 16:42:09 baseweed-admin weston[927]: [16:42:09.208] qdwin: toplevel_removed handle=2
Oct 03 16:42:09 baseweed-admin weston[927]: [16:42:09.208] qdwin: focus handle=4294967295 (was 2) seat=default
Oct 03 16:42:09 baseweed-admin weston[927]: [16:42:09.208] qdwin: seat_focus_changed seat=default handle=4294967295
Oct 03 16:42:09 baseweed-admin podman[5733]: 2026-10-03 16:42:09.247721358 +0000 UTC m=+8.992950739 container died cf04d8e868a4915a805776105bfcdd73a214736c66bdb50c4e196f020d78e0f2 (image=localhost/qdistro/tier3s-weston-terminal:latest, name=qdistro-tier3s-s129b, org.opensuse.base.created=2026-09-30T20:05:54.126624488Z, org.opensuse.base.lifecycle-url=https://en.opensuse.org/Lifetime, org.opencontainers.image.title=openSUSE Tumbleweed Base Container, org.opensuse.base.title=openSUSE Tumbleweed Base Container, org.opencontainers.image.description=Image containing a minimal environment for containers based on openSUSE Tumbleweed., org.opensuse.base.description=Image containing a minimal environment for containers based on openSUSE Tumbleweed., io.buildah.version=1.44.1, org.opensuse.lifecycle-url=https://en.opensuse.org/Lifetime, org.opensuse.base.version=20260930.37.208, qdistro_tier3s_token=fb9b899f8e1cd4b80a748ff166fc9cc9, qdistro_tier3s_unit=qdistro-tier3s-silo@s129b.service, org.opensuse.base.url=https://www.opensuse.org, org.opencontainers.image.created=2026-09-30T20:05:54.126624488Z, org.openbuildservice.disturl=obs://build.opensuse.org/openSUSE:Factory/images/561f9d4c8e4e1a441f95ad4ec6b5a914-opensuse-tumbleweed-image:docker, org.opencontainers.image.vendor=openSUSE Project, org.opensuse.base.disturl=obs://build.opensuse.org/openSUSE:Factory/images/561f9d4c8e4e1a441f95ad4ec6b5a914-opensuse-tumbleweed-image:docker, org.opencontainers.image.version=20260930.37.208, org.opensuse.reference=registry.opensuse.org/opensuse/tumbleweed:20260930.37.208, org.opensuse.base.source=https://build.opensuse.org/package/show/openSUSE:Factory/opensuse-tumbleweed-image?rev=561f9d4c8e4e1a441f95ad4ec6b5a914, org.opencontainers.image.url=https://www.opensuse.org, org.opensuse.base.vendor=openSUSE Project, org.qdistro.snapshot=20260930, org.opensuse.base.reference=registry.opensuse.org/opensuse/tumbleweed:20260930.37.208, org.opencontainers.image.source=https://build.opensuse.org/package/show/openSUSE:Factory/opensuse-tumbleweed-image?rev=561f9d4c8e4e1a441f95ad4ec6b5a914, org.qdistro.tier3s.workload=weston-terminal)
Oct 03 16:42:09 baseweed-admin podman[5733]: 2026-10-03 16:42:09.376819381 +0000 UTC m=+9.122048772 container remove cf04d8e868a4915a805776105bfcdd73a214736c66bdb50c4e196f020d78e0f2 (image=localhost/qdistro/tier3s-weston-terminal:latest, name=qdistro-tier3s-s129b, org.opencontainers.image.version=20260930.37.208, org.opensuse.base.source=https://build.opensuse.org/package/show/openSUSE:Factory/opensuse-tumbleweed-image?rev=561f9d4c8e4e1a441f95ad4ec6b5a914, org.opensuse.base.version=20260930.37.208, org.opensuse.lifecycle-url=https://en.opensuse.org/Lifetime, io.buildah.version=1.44.1, org.opensuse.reference=registry.opensuse.org/opensuse/tumbleweed:20260930.37.208, org.openbuildservice.disturl=obs://build.opensuse.org/openSUSE:Factory/images/561f9d4c8e4e1a441f95ad4ec6b5a914-opensuse-tumbleweed-image:docker, org.qdistro.snapshot=20260930, org.opencontainers.image.description=Image containing a minimal environment for containers based on openSUSE Tumbleweed., qdistro_tier3s_token=fb9b899f8e1cd4b80a748ff166fc9cc9, org.qdistro.tier3s.workload=weston-terminal, org.opencontainers.image.created=2026-09-30T20:05:54.126624488Z, org.opencontainers.image.source=https://build.opensuse.org/package/show/openSUSE:Factory/opensuse-tumbleweed-image?rev=561f9d4c8e4e1a441f95ad4ec6b5a914, org.opensuse.base.vendor=openSUSE Project, qdistro_tier3s_unit=qdistro-tier3s-silo@s129b.service, org.opensuse.base.title=openSUSE Tumbleweed Base Container, org.opencontainers.image.vendor=openSUSE Project, org.opensuse.base.disturl=obs://build.opensuse.org/openSUSE:Factory/images/561f9d4c8e4e1a441f95ad4ec6b5a914-opensuse-tumbleweed-image:docker, org.opencontainers.image.title=openSUSE Tumbleweed Base Container, org.opensuse.base.description=Image containing a minimal environment for containers based on openSUSE Tumbleweed., org.opencontainers.image.url=https://www.opensuse.org, org.opensuse.base.created=2026-09-30T20:05:54.126624488Z, org.opensuse.base.lifecycle-url=https://en.opensuse.org/Lifetime, org.opensuse.base.url=https://www.opensuse.org, org.opensuse.base.reference=registry.opensuse.org/opensuse/tumbleweed:20260930.37.208)
Oct 03 16:42:09 baseweed-admin runuser[5707]: pam_unix(runuser:session): session closed for user admin
Oct 03 16:42:09 baseweed-admin systemd[1]: qdistro-tier3s-fb9b899f8e1cd4b80a748ff166fc9cc9.scope: Deactivated successfully.
Oct 03 16:42:09 baseweed-admin systemd[1]: Stopped [systemd-run] /usr/libexec/qdistro/qdistro-tier3s-scope enter fb9b899f8e1cd4b80a748ff166fc9cc9 1000 -- podman --runtime /usr/libexec/qdistro/tier3s-runsc --runtime-flag=network=none --runtime-flag=host-uds=open --cgroup-manager=cgroupfs run --rm --name qdistro-tier3s-s129b --label qdistro_tier3s_token=fb9b899f8e1cd4b80a748ff166fc9cc9 --label qdistro_tier3s_unit=qdistro-tier3s-silo@s129b.service --security-opt label=disable --security-opt no-new-privileges --cap-drop=ALL --security-opt seccomp=/usr/lib/qdistro/tier3s/seccomp/weston-terminal.json --userns=keep-id --user 1000:1000 --read-only --tmpfs /tmp:rw,size=64m,mode=1777 --tmpfs /run/user/1000:rw,U,mode=0700 --tmpfs /home/admin/.cache:rw,U,mode=0700 -v /run/qdistro-tier3s/fb9b899f8e1cd4b80a748ff166fc9cc9:/run/qdistro/link:rw --pids-limit=512 --network=none --env HOME=/home/admin --env XDG_RUNTIME_DIR=/run/user/1000 --env LANG=C.UTF-8 localhost/qdistro/tier3s-weston-terminal:latest weston-terminal.
Oct 03 16:42:09 baseweed-admin dbus-run-session[1031]:   WARN: Process failed to start, likely because the binary could not be found. Command: QList("bluetoothctl", "show")
Oct 03 16:42:10 baseweed-admin qemu-ga[669]: info: guest-exec-status called, pid: 3878
Oct 03 16:42:10 baseweed-admin systemd[872]: qdistro-polkit-agent.service: Scheduled restart job, restart counter is at 29.
Oct 03 16:42:10 baseweed-admin systemd[872]: Started qdistro polkit authentication agent (PAM / fprintd / broker).
Oct 03 16:42:10 baseweed-admin qdistro-polkit-agent[9117]: registration failed: org.freedesktop.PolicyKit1.Error.Failed: Cannot determine session the caller is in
Oct 03 16:42:10 baseweed-admin python3[9117]: qdistro-polkit-agent: registration failed: org.freedesktop.PolicyKit1.Error.Failed: Cannot determine session the caller is in
Oct 03 16:42:10 baseweed-admin systemd[872]: qdistro-polkit-agent.service: Main process exited, code=exited, status=1/FAILURE
Oct 03 16:42:10 baseweed-admin systemd[872]: qdistro-polkit-agent.service: Failed with result 'exit-code'.
Oct 03 16:42:11 baseweed-admin qemu-ga[669]: info: guest-exec-status called, pid: 3878
Oct 03 16:42:11 baseweed-admin systemd[1]: Started [systemd-run] /usr/sbin/runuser -u admin -- env -i PATH=/usr/bin:/bin HOME=/home/admin USER=admin LOGNAME=admin XDG_RUNTIME_DIR=/run/user/1000 sh -c "podman container exists \"\$1\"; printf \"PMRC=%d\\n\" \"\$?\"" sh qdistro-tier3s-s129b.
Oct 03 16:42:11 baseweed-admin runuser[9585]: pam_unix(runuser:session): session opened for user admin(uid=1000) by (uid=0)
Oct 03 16:42:11 baseweed-admin systemd[872]: Started podman-9587.scope.
Oct 03 16:42:11 baseweed-admin runuser[9585]: pam_unix(runuser:session): session closed for user admin
Oct 03 16:42:11 baseweed-admin systemd[1]: qdistro-t3s-call-8136-1-3813521438.scope: Deactivated successfully.
Oct 03 16:42:11 baseweed-admin qdistro-tier3s-cleanup[8136]: qdistro-tier3s-cleanup: fb9b899f8e1cd4b80a748ff166fc9cc9: torn down (qdistro-tier3s-s129b)
Oct 03 16:42:11 baseweed-admin qdistro-tier3s-silo-launch[5282]: spawn-tier3s: signal: tearing down fb9b899f8e1cd4b80a748ff166fc9cc9
Oct 03 16:42:11 baseweed-admin systemd[1]: qdistro-tier3s-silo@s129b.service: Deactivated successfully.
Oct 03 16:42:11 baseweed-admin systemd[1]: Stopped qdistro tier-3s (gVisor) silo s129b (Experimental, dev profile only).
Oct 03 16:42:11 baseweed-admin systemd[1]: qdistro-tier3s-silo@s129b.service: Consumed 2.316s CPU time over 16.407s wall clock time.
Oct 03 16:42:11 baseweed-admin runuser[9642]: pam_unix(runuser:session): session opened for user admin(uid=1000) by (uid=0)
Oct 03 16:42:11 baseweed-admin systemd[872]: Started podman-9644.scope.
Oct 03 16:42:11 baseweed-admin runuser[9642]: pam_unix(runuser:session): session closed for user admin
Oct 03 16:42:11 baseweed-admin qdistro_session_manager.py[2071]: 2026-10-03 16:42:11,458 INFO qdistro_session_manager: StopSilo name=s129b grace_s=10
Oct 03 16:42:11 baseweed-admin runuser[8132]: pam_unix(runuser:session): session closed for user admin
Oct 03 16:42:11 baseweed-admin runuser[9656]: pam_unix(runuser:session): session opened for user admin(uid=1000) by (uid=0)
Oct 03 16:42:11 baseweed-admin runuser[9656]: pam_unix(runuser:session): session closed for user admin
Oct 03 16:42:11 baseweed-admin runuser[9712]: pam_unix(runuser:session): session opened for user admin(uid=1000) by (uid=0)
Oct 03 16:42:11 baseweed-admin systemd[872]: Started podman-9713.scope.
Oct 03 16:42:11 baseweed-admin runuser[9712]: pam_unix(runuser:session): session closed for user admin
Oct 03 16:42:11 baseweed-admin runuser[9722]: pam_unix(runuser:session): session opened for user admin(uid=1000) by (uid=0)
Oct 03 16:42:11 baseweed-admin systemd[872]: Started podman-9723.scope.
Oct 03 16:42:11 baseweed-admin runuser[9722]: pam_unix(runuser:session): session closed for user admin
Oct 03 16:42:11 baseweed-admin dbus-run-session[1031]:   WARN: Process failed to start, likely because the binary could not be found. Command: QList("bluetoothctl", "show")
Oct 03 16:42:11 baseweed-admin runuser[9797]: pam_unix(runuser:session): session opened for user admin(uid=1000) by (uid=0)
Oct 03 16:42:11 baseweed-admin systemd[872]: Started podman-9798.scope.
Oct 03 16:42:11 baseweed-admin runuser[9797]: pam_unix(runuser:session): session closed for user admin
Oct 03 16:42:11 baseweed-admin runuser[9807]: pam_unix(runuser:session): session opened for user admin(uid=1000) by (uid=0)
Oct 03 16:42:11 baseweed-admin systemd[872]: Started podman-9808.scope.
Oct 03 16:42:11 baseweed-admin runuser[9807]: pam_unix(runuser:session): session closed for user admin
Oct 03 16:42:11 baseweed-admin runuser[9822]: pam_unix(runuser:session): session opened for user admin(uid=1000) by (uid=0)
Oct 03 16:42:11 baseweed-admin qdistro_session_manager.py[2071]: 2026-10-03 16:42:11,832 INFO qdistro_session_manager: userdel 's129a': already absent (rc=6) — treating as done
Oct 03 16:42:11 baseweed-admin qdistro_session_manager.py[2071]: 2026-10-03 16:42:11,842 INFO qdistro_session_manager: DeleteSilo name=s129a
Oct 03 16:42:11 baseweed-admin runuser[9822]: pam_unix(runuser:session): session closed for user admin
Oct 03 16:42:11 baseweed-admin runuser[9828]: pam_unix(runuser:session): session opened for user admin(uid=1000) by (uid=0)
Oct 03 16:42:11 baseweed-admin runuser[9828]: pam_unix(runuser:session): session closed for user admin
Oct 03 16:42:11 baseweed-admin runuser[9830]: pam_unix(runuser:session): session opened for user admin(uid=1000) by (uid=0)
Oct 03 16:42:11 baseweed-admin qdistro_session_manager.py[2071]: 2026-10-03 16:42:11,895 INFO qdistro_session_manager: userdel 's129b': already absent (rc=6) — treating as done
Oct 03 16:42:11 baseweed-admin qdistro_session_manager.py[2071]: 2026-10-03 16:42:11,903 INFO qdistro_session_manager: DeleteSilo name=s129b
Oct 03 16:42:11 baseweed-admin runuser[9830]: pam_unix(runuser:session): session closed for user admin
Oct 03 16:42:11 baseweed-admin runuser[9836]: pam_unix(runuser:session): session opened for user admin(uid=1000) by (uid=0)
Oct 03 16:42:11 baseweed-admin runuser[9836]: pam_unix(runuser:session): session closed for user admin
Oct 03 16:42:11 baseweed-admin runuser[9853]: pam_unix(runuser:session): session opened for user admin(uid=1000) by (uid=0)
Oct 03 16:42:11 baseweed-admin systemd[872]: Started podman-9854.scope.
Oct 03 16:42:11 baseweed-admin runuser[9853]: pam_unix(runuser:session): session closed for user admin
Oct 03 16:42:12 baseweed-admin qdistro_admin_broker.py[706]: [broker] rules reloaded (inotify): 0 rule(s), 0 error(s)
Oct 03 16:42:12 baseweed-admin qemu-ga[669]: info: guest-exec-status called, pid: 3878
Oct 03 16:42:12 baseweed-admin qemu-ga[669]: info: guest-exec called: "/bin/sh -c rm -f /etc/qdistro/rules.d/50-tier3s-qci.yaml"
Oct 03 16:42:12 baseweed-admin qemu-ga[669]: info: guest-exec called: "/bin/sh -c qd_startof() {
                                               awk 'match($0,/\)[^)]*$/){s=substr($0,RSTART+2);split(s,f," ");print f[20]}' "/proc/$1/stat" 2>/dev/null
                                             }
                                             qd_ident_s=$(qd_startof 10302)
                                             # The guest's boot id rides along: a (pid, start time) pair is unique only
                                             # WITHIN one boot, and the orphan registry must never match it against a later
                                             # incarnation of the same VM name. "boot=" with nothing after it means the id
                                             # was unreadable; the host then does not register the command.
                                             qd_ident_b=$(cat /proc/sys/kernel/random/boot_id 2>/dev/null)
                                             if [ -n "$qd_ident_s" ]; then printf 'start=%s boot=%s\n' "$qd_ident_s" "$qd_ident_b"; else printf 'gone\n'; fi"
Oct 03 16:42:12 baseweed-admin qemu-ga[669]: info: guest-exec-status called, pid: 10304
Oct 03 16:42:12 baseweed-admin qemu-ga[669]: info: guest-exec-status called, pid: 10302
Oct 03 16:42:12 baseweed-admin qemu-ga[669]: info: guest-exec called: "/bin/sh -c journalctl -b --no-pager 2>/dev/null | tail -8000"
