Oct 03 16:42:15 baseweed-admin systemd[870]: Queued start job for default target Main User Target.
Oct 03 16:42:15 baseweed-admin systemd[870]: Created slice User Application Slice.
Oct 03 16:42:15 baseweed-admin systemd[870]: Created slice User Core Session Slice.
Oct 03 16:42:15 baseweed-admin systemd[870]: Started Daily Cleanup of User's Temporary Directories.
Oct 03 16:42:15 baseweed-admin systemd[870]: Reached target Paths.
Oct 03 16:42:15 baseweed-admin systemd[870]: Reached target Timers.
Oct 03 16:42:15 baseweed-admin systemd[870]: Starting D-Bus User Message Bus Socket...
Oct 03 16:42:15 baseweed-admin systemd[870]: Listening on PipeWire Multimedia System Sockets.
Oct 03 16:42:15 baseweed-admin systemd[870]: Listening on Query the User Interactively for a Password.
Oct 03 16:42:15 baseweed-admin systemd[870]: Listening on Disk Image Download Service Socket.
Oct 03 16:42:15 baseweed-admin systemd[870]: Listening on Virtual Machine and Container Registration Service Socket.
Oct 03 16:42:15 baseweed-admin systemd[870]: Starting Create User Files and Directories...
Oct 03 16:42:15 baseweed-admin systemd[870]: Listening on D-Bus User Message Bus Socket.
Oct 03 16:42:15 baseweed-admin systemd[870]: Reached target Sockets.
Oct 03 16:42:15 baseweed-admin systemd[870]: Starting D-Bus User Message Bus...
Oct 03 16:42:15 baseweed-admin dbus-broker-launch[919]: Policy to allow eavesdropping in /usr/share/dbus-1/session.conf +31: Eavesdropping is deprecated and ignored
Oct 03 16:42:15 baseweed-admin systemd[870]: Started D-Bus User Message Bus.
Oct 03 16:42:15 baseweed-admin dbus-broker-launch[919]: Ready
Oct 03 16:42:15 baseweed-admin systemd[870]: Finished Create User Files and Directories.
Oct 03 16:42:15 baseweed-admin systemd[870]: Reached target Basic System.
Oct 03 16:42:15 baseweed-admin systemd[870]: Reached target Current graphical user session.
Oct 03 16:42:15 baseweed-admin systemd[870]: Started PipeWire Multimedia Service.
Oct 03 16:42:15 baseweed-admin systemd[870]: Starting qdistro browser screen-lock inhibit daemon (Bridge Phase-9e)...
Oct 03 16:42:15 baseweed-admin systemd[870]: Starting qdistro browser download-notification daemon (Bridge Phase-9e)...
Oct 03 16:42:15 baseweed-admin systemd[870]: Starting qdistro browser MPRIS republisher (Bridge Phase-9e)...
Oct 03 16:42:15 baseweed-admin systemd[870]: Starting qdistro browser web-notification relay (Bridge Phase-9e)...
Oct 03 16:42:15 baseweed-admin systemd[870]: qdistro-polkit-agent.service: unit configures an IP firewall, but not running as root.
Oct 03 16:42:15 baseweed-admin systemd[870]: qdistro-polkit-agent.service: (This warning is only shown for the first unit using IP firewalling.)
Oct 03 16:42:15 baseweed-admin systemd[870]: Started qdistro polkit authentication agent (PAM / fprintd / broker).
Oct 03 16:42:15 baseweed-admin systemd[870]: Starting qdistro pwd XDG portal Secret backend (spec/13 Phase-8.3)...
Oct 03 16:42:15 baseweed-admin systemd[870]: Started qdwin compositor (libweston + qdwin-shell.so).
Oct 03 16:42:15 baseweed-admin systemd[870]: Starting qdistro screen locker (qdlocker)...
Oct 03 16:42:15 baseweed-admin systemd[870]: Starting qdshell desktop (Quickshell QML on top of qdwin)...
Oct 03 16:42:15 baseweed-admin systemd[870]: Started Multimedia Service Session Manager.
Oct 03 16:42:15 baseweed-admin systemd[870]: Starting ydotool synthetic input daemon for qdistro VM tests...
Oct 03 16:42:15 baseweed-admin systemd[870]: Started ydotool synthetic input daemon for qdistro VM tests.
Oct 03 16:42:15 baseweed-admin podman[902]: 2026-10-03 16:42:15.942562338 +0000 UTC m=+0.580231499 system refresh
Oct 03 16:42:16 baseweed-admin weston[937]: Date: 2026-10-03 UTC
Oct 03 16:42:16 baseweed-admin weston[937]: [16:42:16.068] weston 16.0.0
Oct 03 16:42:16 baseweed-admin weston[937]:                https://wayland.freedesktop.org
Oct 03 16:42:16 baseweed-admin weston[937]:                Bug reports to: https://gitlab.freedesktop.org/wayland/weston/issues/
Oct 03 16:42:16 baseweed-admin weston[937]:                Build: 16.0.0
Oct 03 16:42:16 baseweed-admin weston[937]: [16:42:16.068] Command line: /usr/bin/weston --config=/home/admin/weston.ini --socket=wayland-1
Oct 03 16:42:16 baseweed-admin weston[937]: [16:42:16.068] OS: Linux, 7.2.8-1-default, #1 SMP PREEMPT_DYNAMIC Sat Sep 26 07:00:58 UTC 2026 (9b36732), x86_64
Oct 03 16:42:16 baseweed-admin weston[937]: [16:42:16.068] Flight recorder: enabled, scopes subscribed: log
Oct 03 16:42:16 baseweed-admin systemd[870]: Started qdistro browser screen-lock inhibit daemon (Bridge Phase-9e).
Oct 03 16:42:16 baseweed-admin systemd[870]: Started qdistro browser web-notification relay (Bridge Phase-9e).
Oct 03 16:42:16 baseweed-admin weston[937]: [16:42:16.114] Using config file '/home/admin/weston.ini'
Oct 03 16:42:16 baseweed-admin weston[937]: [16:42:16.115] Output repaint window is 7 ms maximum.
Oct 03 16:42:16 baseweed-admin systemd[870]: selinux: avc:  denied  { start } for auid=n/a uid=1000 gid=1000 cmdline="podman ps -a --filter label=qdistro_disposable=1 --format {{.Names}}" function="method_start_transient_unit" scontext=system_u:system_r:qdistro_sessmgr_t:s0 tcontext=unconfined_u:unconfined_r:unconfined_t:s0-s0:c0.c1023 tclass=system permissive=1
Oct 03 16:42:16 baseweed-admin systemd[870]: Created slice Slice /user.
Oct 03 16:42:16 baseweed-admin systemd[870]: Started podman-902.scope.
Oct 03 16:42:16 baseweed-admin weston[937]: [16:42:16.159] Loading module '/usr/libexec/qdistro/qdwin-libweston/lib64/libweston-16/drm-backend.so'
Oct 03 16:42:16 baseweed-admin weston[937]: [16:42:16.190] initializing drm backend
Oct 03 16:42:16 baseweed-admin weston[937]: [16:42:16.190] Trying libseat launcher...
Oct 03 16:42:16 baseweed-admin weston[937]: [16:42:16.195] [libseat/libseat.c:73] Seat opened with backend 'seatd'
Oct 03 16:42:16 baseweed-admin weston[937]: [16:42:16.195] [libseat/backend/seatd.c:218] Enabling seat
Oct 03 16:42:16 baseweed-admin weston[937]: [16:42:16.195] libseat: session control granted
Oct 03 16:42:16 baseweed-admin weston[937]: [16:42:16.198] using /dev/dri/card0
Oct 03 16:42:16 baseweed-admin weston[937]: [16:42:16.199] DRM: supports atomic modesetting
Oct 03 16:42:16 baseweed-admin weston[937]: [16:42:16.199] DRM: supports cursor-plane hotspot (virtualized cursor)
Oct 03 16:42:16 baseweed-admin weston[937]: [16:42:16.199] DRM: does not support GBM modifiers
Oct 03 16:42:16 baseweed-admin weston[937]: [16:42:16.199] DRM: does not support Atomic async page flip
Oct 03 16:42:16 baseweed-admin weston[937]: [16:42:16.199] DRM: supports picture aspect ratio
Oct 03 16:42:16 baseweed-admin weston[937]: [16:42:16.203] DRM: EDID for the following head fails conformity:
Oct 03 16:42:16 baseweed-admin weston[937]: Block 1, CTA-861 Extension Block:
Oct 03 16:42:16 baseweed-admin weston[937]:   Padding: Contains non-zero bytes.
Oct 03 16:42:16 baseweed-admin weston[937]: [16:42:16.203] DRM: head 'Virtual-1' found, connector 40 is connected, EDID make 'Red Hat, Inc.', model 'QEMU Monitor', serial ''
Oct 03 16:42:16 baseweed-admin weston[937]:                Supported EOTF modes: SDR
Oct 03 16:42:16 baseweed-admin weston[937]:                Supported colorimetry modes: default
Oct 03 16:42:16 baseweed-admin weston[937]:                Supported VRR modes: (none),
Oct 03 16:42:16 baseweed-admin weston[937]:                Supported color formats: AUTO
Oct 03 16:42:16 baseweed-admin systemd[870]: Started podman-pause-af045ae8.scope.
Oct 03 16:42:16 baseweed-admin qdistro_pwd_portal.py[936]: [qdistro-pwd-portal] listening on org.qdistro.PortalSecret /org/freedesktop/portal/desktop
Oct 03 16:42:16 baseweed-admin qdistro_pwd_portal.py[936]: /usr/libexec/qdistro/qdistro_pwd_portal.py:201: PyGIDeprecationWarning: GLib.unix_signal_add is deprecated; use GLibUnix.signal_add instead
Oct 03 16:42:16 baseweed-admin qdistro_pwd_portal.py[936]:   GLib.unix_signal_add(GLib.PRIORITY_HIGH, signal.SIGTERM, _on_term, None)
Oct 03 16:42:16 baseweed-admin qdistro_pwd_portal.py[936]: /usr/libexec/qdistro/qdistro_pwd_portal.py:202: PyGIDeprecationWarning: GLib.unix_signal_add is deprecated; use GLibUnix.signal_add instead
Oct 03 16:42:16 baseweed-admin qdistro_pwd_portal.py[936]:   GLib.unix_signal_add(GLib.PRIORITY_HIGH, signal.SIGINT,  _on_term, None)
Oct 03 16:42:16 baseweed-admin systemd[870]: Started qdistro browser download-notification daemon (Bridge Phase-9e).
Oct 03 16:42:16 baseweed-admin systemd[870]: Started qdistro pwd XDG portal Secret backend (spec/13 Phase-8.3).
Oct 03 16:42:16 baseweed-admin systemd[870]: Auto-unlock the qdistro portal-keys vault at login skipped, unmet condition check ConditionPathExists=/var/lib/qdistro/vaults/portal-keys-pin.tpm
Oct 03 16:42:16 baseweed-admin systemd[870]: Started qdistro browser MPRIS republisher (Bridge Phase-9e).
Oct 03 16:42:16 baseweed-admin wireplumber[943]: [0:00:08.404952930] [943]  INFO Camera camera_manager.cpp:340 libcamera v0.7.2
Oct 03 16:42:16 baseweed-admin wireplumber[943]: [0:00:08.405544759] [989]  WARN IPAManager ipa_manager.cpp:159 No IPA found in '/usr/lib64/libcamera/ipa'
Oct 03 16:42:16 baseweed-admin wireplumber[943]: [0:00:08.406126247] [989] ERROR DmaBufAllocator dma_buf_allocator.cpp:119 Could not open any dma-buf provider
Oct 03 16:42:16 baseweed-admin qdistro-polkit-agent[932]: registration failed: org.freedesktop.PolicyKit1.Error.Failed: Cannot determine session the caller is in
Oct 03 16:42:16 baseweed-admin python3[932]: qdistro-polkit-agent: registration failed: org.freedesktop.PolicyKit1.Error.Failed: Cannot determine session the caller is in
Oct 03 16:42:16 baseweed-admin systemd[870]: qdistro-polkit-agent.service: Main process exited, code=exited, status=1/FAILURE
Oct 03 16:42:16 baseweed-admin systemd[870]: qdistro-polkit-agent.service: Failed with result 'exit-code'.
Oct 03 16:42:16 baseweed-admin systemd[870]: Started podman-995.scope.
Oct 03 16:42:16 baseweed-admin weston[937]: [16:42:16.634] Loading module '/usr/libexec/qdistro/qdwin-libweston/lib64/libweston-16/gl-renderer.so'
Oct 03 16:42:16 baseweed-admin weston[937]: [16:42:16.637] warning: failed to query rendering device from EGL
Oct 03 16:42:16 baseweed-admin weston[937]: [16:42:16.637] EGL version: 1.5
Oct 03 16:42:16 baseweed-admin weston[937]: [16:42:16.637] EGL vendor: Mesa Project
Oct 03 16:42:16 baseweed-admin weston[937]: [16:42:16.637] EGL client APIs: OpenGL OpenGL_ES
Oct 03 16:42:16 baseweed-admin weston[937]: [16:42:16.637] EGL features:
Oct 03 16:42:16 baseweed-admin weston[937]:                EGL Wayland extension: no
Oct 03 16:42:16 baseweed-admin weston[937]:                context priority: no
Oct 03 16:42:16 baseweed-admin weston[937]:                buffer age: yes
Oct 03 16:42:16 baseweed-admin weston[937]:                partial update: no
Oct 03 16:42:16 baseweed-admin weston[937]:                swap buffers with damage: no
Oct 03 16:42:16 baseweed-admin weston[937]:                configless context: yes
Oct 03 16:42:16 baseweed-admin weston[937]:                surfaceless context: yes
Oct 03 16:42:16 baseweed-admin weston[937]:                dmabuf support: modifiers
Oct 03 16:42:16 baseweed-admin weston[937]:                fence sync: yes (wait)
Oct 03 16:42:16 baseweed-admin weston[937]: [16:42:16.676] GL version: OpenGL ES 3.2 Mesa 26.2.3
Oct 03 16:42:16 baseweed-admin weston[937]: [16:42:16.676] GLSL version: OpenGL ES GLSL ES 3.20
Oct 03 16:42:16 baseweed-admin weston[937]: [16:42:16.676] GL vendor: Mesa
Oct 03 16:42:16 baseweed-admin weston[937]: [16:42:16.676] GL renderer: llvmpipe (LLVM 23.1.1, 256 bits)
Oct 03 16:42:16 baseweed-admin weston[937]: [16:42:16.680] GL ES 3.2 - renderer features:
Oct 03 16:42:16 baseweed-admin weston[937]:                read-back format: ARGB8888
Oct 03 16:42:16 baseweed-admin weston[937]:                glReadPixels supports y-flip: yes
Oct 03 16:42:16 baseweed-admin weston[937]:                glReadPixels supports PBO: yes
Oct 03 16:42:16 baseweed-admin weston[937]:                wl_shm 10 bpc formats: yes
Oct 03 16:42:16 baseweed-admin weston[937]:                wl_shm 16 bpc formats: yes
Oct 03 16:42:16 baseweed-admin weston[937]:                wl_shm half-float formats: yes
Oct 03 16:42:16 baseweed-admin weston[937]:                internal R and RG formats: yes
Oct 03 16:42:16 baseweed-admin weston[937]:                OES_EGL_image_external: yes
Oct 03 16:42:16 baseweed-admin weston[937]:                GPU timeline: no
Oct 03 16:42:16 baseweed-admin weston[937]:                Texture immutability: yes
Oct 03 16:42:16 baseweed-admin weston[937]:                Required precision: yes
Oct 03 16:42:16 baseweed-admin weston[937]:                In-shader blending: yes
Oct 03 16:42:16 baseweed-admin weston[937]: [16:42:16.680] Using GL renderer
Oct 03 16:42:16 baseweed-admin weston[937]: [16:42:16.834] event3  - QEMU QEMU USB Tablet: is tagged by udev as: Mouse
Oct 03 16:42:16 baseweed-admin weston[937]: [16:42:16.834] event3  - QEMU QEMU USB Tablet: device is a pointer
Oct 03 16:42:16 baseweed-admin weston[937]: [16:42:16.835] event4  - Power Button: is tagged by udev as: Keyboard
Oct 03 16:42:16 baseweed-admin weston[937]: [16:42:16.835] event4  - Power Button: device is a keyboard
Oct 03 16:42:16 baseweed-admin weston[937]: [16:42:16.835] event0  - AT Translated Set 2 keyboard: is tagged by udev as: Keyboard
Oct 03 16:42:16 baseweed-admin weston[937]: [16:42:16.835] event0  - AT Translated Set 2 keyboard: device is a keyboard
Oct 03 16:42:16 baseweed-admin weston[937]: [16:42:16.836] event2  - VirtualPS/2 VMware VMMouse: is tagged by udev as: Mouse
Oct 03 16:42:16 baseweed-admin weston[937]: [16:42:16.836] event2  - VirtualPS/2 VMware VMMouse: emulating high-resolution scroll wheel events.
Oct 03 16:42:16 baseweed-admin weston[937]: [16:42:16.836] event2  - VirtualPS/2 VMware VMMouse: device is a pointer
Oct 03 16:42:16 baseweed-admin weston[937]: [16:42:16.837] event1  - VirtualPS/2 VMware VMMouse: is tagged by udev as: Mouse
Oct 03 16:42:16 baseweed-admin weston[937]: [16:42:16.837] event1  - VirtualPS/2 VMware VMMouse: device is a pointer
Oct 03 16:42:16 baseweed-admin weston[937]: [16:42:16.837] event5  - PC Speaker: not tagged as supported input device
Oct 03 16:42:16 baseweed-admin weston[937]: [16:42:16.847] event5  - not using input device '/dev/input/event5'
Oct 03 16:42:16 baseweed-admin weston[937]: [16:42:16.848] event6  - ydotoold virtual device: is tagged by udev as: Keyboard
Oct 03 16:42:16 baseweed-admin weston[937]: [16:42:16.848] event6  - ydotoold virtual device: emulating high-resolution scroll wheel events.
Oct 03 16:42:16 baseweed-admin weston[937]: [16:42:16.848] event6  - ydotoold virtual device: device is a keyboard
Oct 03 16:42:16 baseweed-admin weston[937]: [16:42:16.848] libinput: configuring device "QEMU QEMU USB Tablet".
Oct 03 16:42:16 baseweed-admin weston[937]: [16:42:16.848] input device event3 has no enabled output associated (none named), skipping calibration for now.
Oct 03 16:42:16 baseweed-admin weston[937]: [16:42:16.855] libinput: configuring device "Power Button".
Oct 03 16:42:16 baseweed-admin weston[937]: [16:42:16.855] libinput: configuring device "AT Translated Set 2 keyboard".
Oct 03 16:42:16 baseweed-admin weston[937]: [16:42:16.855] libinput: configuring device "VirtualPS/2 VMware VMMouse".
Oct 03 16:42:16 baseweed-admin weston[937]: [16:42:16.855] libinput: configuring device "VirtualPS/2 VMware VMMouse".
Oct 03 16:42:16 baseweed-admin weston[937]: [16:42:16.855] input device event1 has no enabled output associated (none named), skipping calibration for now.
Oct 03 16:42:16 baseweed-admin weston[937]: [16:42:16.855] libinput: configuring device "ydotoold virtual device".
Oct 03 16:42:16 baseweed-admin weston[937]: [16:42:16.855] Registered plugin API 'weston_drm_output_api_v1' of size 40
Oct 03 16:42:16 baseweed-admin weston[937]: [16:42:16.855] Loading module '/usr/libexec/qdistro/qdwin-libweston/lib64/libweston-16/pipewire-backend.so'
Oct 03 16:42:16 baseweed-admin weston[937]: [16:42:16.856] Initializing PipeWire backend
Oct 03 16:42:16 baseweed-admin weston[937]: [16:42:16.860] Registered plugin API 'weston_pipewire_output_api_v2' of size 24
Oct 03 16:42:16 baseweed-admin weston[937]: [16:42:16.860] Color manager: no-op
Oct 03 16:42:16 baseweed-admin weston[937]:                  protocol support: no
Oct 03 16:42:16 baseweed-admin weston[937]: [16:42:16.860] Setting output 'Virtual-1' to color AUTO format
Oct 03 16:42:16 baseweed-admin weston[937]: [16:42:16.860] Output 'Virtual-1' attempts EOTF mode SDR and colorimetry mode default.
Oct 03 16:42:16 baseweed-admin weston[937]: [16:42:16.860] Output 'Virtual-1' using color profile: stock sRGB color profile
Oct 03 16:42:16 baseweed-admin weston[937]: [16:42:16.860] Chosen EGL config details: id:  46 rgba: 8 8 8 0 buf: 24 dep:  0 stcl: 0 int: 1-1 type: win val: fix vis_id: XRGB8888 (0x34325258)
Oct 03 16:42:16 baseweed-admin weston[937]: [16:42:16.860] Output Virtual-1 (crtc 39) video modes:
Oct 03 16:42:16 baseweed-admin weston[937]:                1280x800@75.0, preferred, 107.3 MHz
Oct 03 16:42:16 baseweed-admin weston[937]:                5120x2160@50.0 64:27, 742.5 MHz
Oct 03 16:42:16 baseweed-admin weston[937]:                4096x2160@50.0 256:135, 594.0 MHz
Oct 03 16:42:16 baseweed-admin weston[937]:                3840x2160@60.0 16:9, 594.0 MHz
Oct 03 16:42:16 baseweed-admin weston[937]:                3840x2160@59.9 16:9, 593.4 MHz
Oct 03 16:42:16 baseweed-admin weston[937]:                3840x2160@50.0 16:9, 594.0 MHz
Oct 03 16:42:16 baseweed-admin weston[937]:                1920x1440@60.0, 234.0 MHz
Oct 03 16:42:16 baseweed-admin weston[937]:                2560x1080@50.0 64:27, 185.6 MHz
Oct 03 16:42:16 baseweed-admin weston[937]:                1856x1392@60.0, 218.2 MHz
Oct 03 16:42:16 baseweed-admin weston[937]:                1792x1344@60.0, 204.8 MHz
Oct 03 16:42:16 baseweed-admin weston[937]:                2048x1152@60.0, 162.0 MHz
Oct 03 16:42:16 baseweed-admin weston[937]:                1920x1200@59.9, 193.2 MHz
Oct 03 16:42:16 baseweed-admin weston[937]:                1920x1080@60.0, current, 148.5 MHz
Oct 03 16:42:16 baseweed-admin weston[937]:                1920x1080@50.0 16:9, 148.5 MHz
Oct 03 16:42:16 baseweed-admin weston[937]:                1600x1200@60.0, 162.0 MHz
Oct 03 16:42:16 baseweed-admin weston[937]:                1680x1050@60.0, 146.2 MHz
Oct 03 16:42:16 baseweed-admin weston[937]:                1400x1050@60.0, 121.8 MHz
Oct 03 16:42:16 baseweed-admin weston[937]:                1280x1024@60.0, 108.0 MHz
Oct 03 16:42:16 baseweed-admin weston[937]:                1440x900@59.9, 106.5 MHz
Oct 03 16:42:16 baseweed-admin weston[937]:                1280x960@60.0, 108.0 MHz
Oct 03 16:42:16 baseweed-admin weston[937]:                1360x768@60.0, 85.5 MHz
Oct 03 16:42:16 baseweed-admin weston[937]:                1280x768@59.9, 79.5 MHz
Oct 03 16:42:16 baseweed-admin weston[937]:                1024x768@60.0, 65.0 MHz
Oct 03 16:42:16 baseweed-admin weston[937]:                800x600@60.3, 40.0 MHz
Oct 03 16:42:16 baseweed-admin weston[937]:                640x480@60.0 4:3, 25.2 MHz
Oct 03 16:42:16 baseweed-admin weston[937]:                640x480@59.9, 25.2 MHz
Oct 03 16:42:16 baseweed-admin weston[937]: [16:42:16.861] associating input device event3 with output Virtual-1 (none by udev)
Oct 03 16:42:16 baseweed-admin weston[937]: [16:42:16.861] associating input device event4 with output Virtual-1 (none by udev)
Oct 03 16:42:16 baseweed-admin weston[937]: [16:42:16.861] associating input device event0 with output Virtual-1 (none by udev)
Oct 03 16:42:16 baseweed-admin weston[937]: [16:42:16.861] associating input device event2 with output Virtual-1 (none by udev)
Oct 03 16:42:16 baseweed-admin weston[937]: [16:42:16.861] associating input device event1 with output Virtual-1 (none by udev)
Oct 03 16:42:16 baseweed-admin weston[937]: [16:42:16.861] associating input device event6 with output Virtual-1 (none by udev)
Oct 03 16:42:16 baseweed-admin weston[937]: [16:42:16.861] Output 'Virtual-1' enabled with head(s) Virtual-1
Oct 03 16:42:16 baseweed-admin weston[937]: [16:42:16.861] pipewire_backend_output_configure.. Done
Oct 03 16:42:16 baseweed-admin weston[937]: [16:42:16.861] Output 'pipewire-0' attempts EOTF mode SDR and colorimetry mode default.
Oct 03 16:42:16 baseweed-admin weston[937]: [16:42:16.861] Output 'pipewire-0' using color profile: stock sRGB color profile
Oct 03 16:42:16 baseweed-admin weston[937]: [16:42:16.885] Output 'pipewire-0' enabled with head(s) pipewire-0
Oct 03 16:42:16 baseweed-admin weston[937]: [16:42:16.885] pipewire_backend_output_configure.. Done
Oct 03 16:42:16 baseweed-admin weston[937]: [16:42:16.885] Output 'pipewire-1' attempts EOTF mode SDR and colorimetry mode default.
Oct 03 16:42:16 baseweed-admin weston[937]: [16:42:16.885] Output 'pipewire-1' using color profile: stock sRGB color profile
Oct 03 16:42:16 baseweed-admin weston[937]: [16:42:16.885] Output 'pipewire-1' enabled with head(s) pipewire-1
Oct 03 16:42:16 baseweed-admin weston[937]: [16:42:16.885] Compositor capabilities:
Oct 03 16:42:16 baseweed-admin weston[937]:                arbitrary surface rotation: yes
Oct 03 16:42:16 baseweed-admin weston[937]:                screen capture uses y-flip: yes
Oct 03 16:42:16 baseweed-admin weston[937]:                cursor planes: yes
Oct 03 16:42:16 baseweed-admin weston[937]:                arbitrary resolutions: yes
Oct 03 16:42:16 baseweed-admin weston[937]:                view mask clipping: yes
Oct 03 16:42:16 baseweed-admin weston[937]:                explicit sync: no
Oct 03 16:42:16 baseweed-admin weston[937]:                color operations: yes
Oct 03 16:42:16 baseweed-admin weston[937]:                color representation: yes
Oct 03 16:42:16 baseweed-admin weston[937]:                in-shader blending: yes
Oct 03 16:42:16 baseweed-admin weston[937]:                presentation clock: CLOCK_MONOTONIC, id 1
Oct 03 16:42:16 baseweed-admin weston[937]:                presentation clock resolution: 0.000000001 s
Oct 03 16:42:16 baseweed-admin weston[937]: [16:42:16.885] Loading module '/usr/lib64/weston/qdwin-shell.so'
Oct 03 16:42:16 baseweed-admin weston[937]: [16:42:16.886] qdwin: locker bind policy defaulting to entrypoint=/usr/local/bin/qdlocker:/usr/bin/qdlocker (system interpreter + root-owned entrypoint; no explicit policy configured); set --qdwin-allowed-locker-any to override to uid-only
Oct 03 16:42:16 baseweed-admin weston[937]: [16:42:16.886] qdwin: locker bind policy uid=1000 entrypoint=/usr/local/bin/qdlocker:/usr/bin/qdlocker exe=(any) label=(any)
Oct 03 16:42:16 baseweed-admin weston[937]: [16:42:16.886] qdwin: ext-idle-notify idle_time=0 internal_mode=1
Oct 03 16:42:16 baseweed-admin weston[937]: [16:42:16.886] qdwin: cursor-shape theme=(default) size=24 loaded=0/36
Oct 03 16:42:16 baseweed-admin weston[937]: [16:42:16.886] qdwin: layer-popup grab handler registered
Oct 03 16:42:16 baseweed-admin weston[937]: [16:42:16.886] qdwin/nested-proxy: default keyboard grab installed on seat 'default'
Oct 03 16:42:16 baseweed-admin weston[937]: [16:42:16.887] qdwin: background curtain 3200x1080 installed
Oct 03 16:42:16 baseweed-admin weston[937]: [16:42:16.887] qdwin: WARNING shell-authorized output capture enabled via QDWIN_ENABLE_SHELL_CAPTURE — dev/test only, do not use in production
Oct 03 16:42:16 baseweed-admin weston[937]: [16:42:16.887] qdwin: retained-frame capture armed on output=Virtual-1
Oct 03 16:42:16 baseweed-admin weston[937]: [16:42:16.887] qdwin: shell loaded (allowed_uid=1000); desktop + qdwin_shell_v1 ready
Oct 03 16:42:16 baseweed-admin weston[937]: [16:42:16.887] Loading module '/usr/lib64/libweston-16/xwayland.so'
Oct 03 16:42:16 baseweed-admin weston[937]: [16:42:16.888] Registered plugin API 'weston_xwayland_v3' of size 32
Oct 03 16:42:16 baseweed-admin weston[937]: [16:42:16.888] Registered plugin API 'weston_xwayland_surface_v2' of size 24
Oct 03 16:42:16 baseweed-admin weston[937]: [16:42:16.888] xserver listening on display :0
Oct 03 16:42:17 baseweed-admin systemd[870]: Started qdistro screen locker (qdlocker).
Oct 03 16:42:17 baseweed-admin systemd[870]: Started qdshell desktop (Quickshell QML on top of qdwin).
Oct 03 16:42:17 baseweed-admin systemd[870]: Reached target qdistro desktop session (qdwin compositor + qdshell).
Oct 03 16:42:17 baseweed-admin systemd[870]: Reached target Main User Target.
Oct 03 16:42:17 baseweed-admin systemd[870]: Started qdistro cursor sprite supplier for qdwin.
Oct 03 16:42:17 baseweed-admin systemd[870]: Startup finished in 2.034s.
Oct 03 16:42:17 baseweed-admin weston[937]: [16:42:17.111] qdwin: bind attempt pid=1029 uid=1000 (allowed_uid=1000)
Oct 03 16:42:17 baseweed-admin weston[937]: [16:42:17.111] qdwin: bind accepted for uid=1000, hello sent
Oct 03 16:42:17 baseweed-admin weston[937]: [16:42:17.112] qdwin: cursor-sprite registered shape=default hotspot=3,1
Oct 03 16:42:17 baseweed-admin weston[937]: [16:42:17.112] qdwin: cursor_retry_install: scheduling first retry in 1000ms
Oct 03 16:42:17 baseweed-admin qdistro-cursor-sprites[1029]: [cursor-sprites 1029] registered shape=1 via=xcursor
Oct 03 16:42:17 baseweed-admin qdistro-cursor-sprites[1029]: [cursor-sprites 1029] registered shape=2 via=xcursor
Oct 03 16:42:17 baseweed-admin weston[937]: [16:42:17.112] qdwin: cursor-sprite registered shape=context-menu hotspot=3,1
Oct 03 16:42:17 baseweed-admin qdistro-cursor-sprites[1029]: [cursor-sprites 1029] registered shape=3 via=xcursor
Oct 03 16:42:17 baseweed-admin weston[937]: [16:42:17.113] qdwin: cursor-sprite registered shape=help hotspot=12,21
Oct 03 16:42:17 baseweed-admin weston[937]: [16:42:17.113] qdwin: cursor-sprite registered shape=pointer hotspot=7,5
Oct 03 16:42:17 baseweed-admin qdistro-cursor-sprites[1029]: [cursor-sprites 1029] registered shape=4 via=xcursor
Oct 03 16:42:17 baseweed-admin weston[937]: [16:42:17.125] qdwin: cursor-sprite registered shape=progress hotspot=3,1
Oct 03 16:42:17 baseweed-admin qdistro-cursor-sprites[1029]: [cursor-sprites 1029] registered shape=5 via=xcursor
Oct 03 16:42:17 baseweed-admin qdistro-cursor-sprites[1029]: [cursor-sprites 1029] registered shape=6 via=xcursor
Oct 03 16:42:17 baseweed-admin qdistro-cursor-sprites[1029]: [cursor-sprites 1029] registered shape=7 via=xcursor
Oct 03 16:42:17 baseweed-admin weston[937]: [16:42:17.137] qdwin: cursor-sprite registered shape=wait hotspot=11,11
Oct 03 16:42:17 baseweed-admin qdistro-cursor-sprites[1029]: [cursor-sprites 1029] registered shape=8 via=xcursor
Oct 03 16:42:17 baseweed-admin weston[937]: [16:42:17.137] qdwin: cursor-sprite registered shape=cell hotspot=11,11
Oct 03 16:42:17 baseweed-admin weston[937]: [16:42:17.137] qdwin: cursor-sprite registered shape=crosshair hotspot=11,11
Oct 03 16:42:17 baseweed-admin qdistro-cursor-sprites[1029]: [cursor-sprites 1029] registered shape=9 via=xcursor
Oct 03 16:42:17 baseweed-admin qdistro-cursor-sprites[1029]: [cursor-sprites 1029] registered shape=10 via=xcursor
Oct 03 16:42:17 baseweed-admin weston[937]: [16:42:17.138] qdwin: cursor-sprite registered shape=text hotspot=11,12
Oct 03 16:42:17 baseweed-admin weston[937]: [16:42:17.138] qdwin: cursor-sprite registered shape=vertical-text hotspot=12,11
Oct 03 16:42:17 baseweed-admin qdistro-cursor-sprites[1029]: [cursor-sprites 1029] registered shape=11 via=xcursor
Oct 03 16:42:17 baseweed-admin weston[937]: [16:42:17.139] qdwin: cursor-sprite registered shape=alias hotspot=18,5
Oct 03 16:42:17 baseweed-admin qdistro-cursor-sprites[1029]: [cursor-sprites 1029] registered shape=12 via=xcursor
Oct 03 16:42:17 baseweed-admin qdistro-cursor-sprites[1029]: [cursor-sprites 1029] registered shape=13 via=xcursor
Oct 03 16:42:17 baseweed-admin weston[937]: [16:42:17.139] qdwin: cursor-sprite registered shape=copy hotspot=3,1
Oct 03 16:42:17 baseweed-admin weston[937]: [16:42:17.139] qdwin: cursor-sprite registered shape=move hotspot=3,1
Oct 03 16:42:17 baseweed-admin qdistro-cursor-sprites[1029]: [cursor-sprites 1029] registered shape=14 via=xcursor
Oct 03 16:42:17 baseweed-admin weston[937]: [16:42:17.140] qdwin: cursor-sprite registered shape=no-drop hotspot=3,1
Oct 03 16:42:17 baseweed-admin qdistro-cursor-sprites[1029]: [cursor-sprites 1029] registered shape=15 via=xcursor
Oct 03 16:42:17 baseweed-admin weston[937]: [16:42:17.140] qdwin: cursor-sprite registered shape=not-allowed hotspot=12,12
Oct 03 16:42:17 baseweed-admin qdistro-cursor-sprites[1029]: [cursor-sprites 1029] registered shape=16 via=xcursor
Oct 03 16:42:17 baseweed-admin qdistro-cursor-sprites[1029]: [cursor-sprites 1029] registered shape=17 via=xcursor
Oct 03 16:42:17 baseweed-admin weston[937]: [16:42:17.141] qdwin: cursor-sprite registered shape=grab hotspot=11,2
Oct 03 16:42:17 baseweed-admin weston[937]: [16:42:17.141] qdwin: cursor-sprite registered shape=grabbing hotspot=9,5
Oct 03 16:42:17 baseweed-admin qdistro-cursor-sprites[1029]: [cursor-sprites 1029] registered shape=18 via=xcursor
Oct 03 16:42:17 baseweed-admin weston[937]: [16:42:17.141] qdwin: cursor-sprite registered shape=e-resize hotspot=19,13
Oct 03 16:42:17 baseweed-admin qdistro-cursor-sprites[1029]: [cursor-sprites 1029] registered shape=19 via=xcursor
Oct 03 16:42:17 baseweed-admin qdistro-cursor-sprites[1029]: [cursor-sprites 1029] registered shape=20 via=xcursor
Oct 03 16:42:17 baseweed-admin weston[937]: [16:42:17.142] qdwin: cursor-sprite registered shape=n-resize hotspot=13,6
Oct 03 16:42:17 baseweed-admin weston[937]: [16:42:17.142] qdwin: cursor-sprite registered shape=ne-resize hotspot=15,10
Oct 03 16:42:17 baseweed-admin weston[937]: [16:42:17.142] qdwin: cursor-sprite registered shape=nw-resize hotspot=10,10
Oct 03 16:42:17 baseweed-admin qdistro-cursor-sprites[1029]: [cursor-sprites 1029] registered shape=21 via=xcursor
Oct 03 16:42:17 baseweed-admin weston[937]: [16:42:17.142] qdwin: cursor-sprite registered shape=s-resize hotspot=13,18
Oct 03 16:42:17 baseweed-admin qdistro-cursor-sprites[1029]: [cursor-sprites 1029] registered shape=22 via=xcursor
Oct 03 16:42:17 baseweed-admin qdistro-cursor-sprites[1029]: [cursor-sprites 1029] registered shape=23 via=xcursor
Oct 03 16:42:17 baseweed-admin weston[937]: [16:42:17.143] qdwin: cursor-sprite registered shape=se-resize hotspot=15,15
Oct 03 16:42:17 baseweed-admin weston[937]: [16:42:17.143] qdwin: cursor-sprite registered shape=sw-resize hotspot=10,15
Oct 03 16:42:17 baseweed-admin qdistro-cursor-sprites[1029]: [cursor-sprites 1029] registered shape=24 via=xcursor
Oct 03 16:42:17 baseweed-admin qdistro-cursor-sprites[1029]: [cursor-sprites 1029] registered shape=25 via=xcursor
Oct 03 16:42:17 baseweed-admin weston[937]: [16:42:17.144] qdwin: cursor-sprite registered shape=w-resize hotspot=6,13
Oct 03 16:42:17 baseweed-admin qdistro-cursor-sprites[1029]: [cursor-sprites 1029] registered shape=26 via=xcursor
Oct 03 16:42:17 baseweed-admin qdistro-cursor-sprites[1029]: [cursor-sprites 1029] registered shape=27 via=xcursor
Oct 03 16:42:17 baseweed-admin qdistro-cursor-sprites[1029]: [cursor-sprites 1029] registered shape=28 via=xcursor
Oct 03 16:42:17 baseweed-admin qdistro-cursor-sprites[1029]: [cursor-sprites 1029] registered shape=29 via=xcursor
Oct 03 16:42:17 baseweed-admin weston[937]: [16:42:17.144] qdwin: cursor-sprite registered shape=ew-resize hotspot=12,12
Oct 03 16:42:17 baseweed-admin qdistro-cursor-sprites[1029]: [cursor-sprites 1029] registered shape=30 via=xcursor
Oct 03 16:42:17 baseweed-admin qdistro-cursor-sprites[1029]: [cursor-sprites 1029] registered shape=31 via=xcursor
Oct 03 16:42:17 baseweed-admin weston[937]: [16:42:17.145] qdwin: cursor-sprite registered shape=ns-resize hotspot=12,13
Oct 03 16:42:17 baseweed-admin weston[937]: [16:42:17.145] qdwin: cursor-sprite registered shape=nesw-resize hotspot=11,11
Oct 03 16:42:17 baseweed-admin weston[937]: [16:42:17.145] qdwin: cursor-sprite registered shape=nwse-resize hotspot=11,11
Oct 03 16:42:17 baseweed-admin weston[937]: [16:42:17.145] qdwin: cursor-sprite registered shape=col-resize hotspot=12,12
Oct 03 16:42:17 baseweed-admin weston[937]: [16:42:17.145] qdwin: cursor-sprite registered shape=row-resize hotspot=12,13
Oct 03 16:42:17 baseweed-admin weston[937]: [16:42:17.145] qdwin: cursor-sprite registered shape=all-scroll hotspot=11,11
Oct 03 16:42:17 baseweed-admin qdistro-cursor-sprites[1029]: [cursor-sprites 1029] registered shape=32 via=xcursor
Oct 03 16:42:17 baseweed-admin qdistro-cursor-sprites[1029]: [cursor-sprites 1029] registered shape=33 via=xcursor
Oct 03 16:42:17 baseweed-admin weston[937]: [16:42:17.145] qdwin: cursor-sprite registered shape=zoom-in hotspot=11,10
Oct 03 16:42:17 baseweed-admin weston[937]: [16:42:17.145] qdwin: cursor-sprite registered shape=zoom-out hotspot=11,10
Oct 03 16:42:17 baseweed-admin weston[937]: [16:42:17.145] qdwin: cursor-sprite registered shape=dnd-ask hotspot=3,1
Oct 03 16:42:17 baseweed-admin qdistro-cursor-sprites[1029]: [cursor-sprites 1029] registered shape=34 via=xcursor
Oct 03 16:42:17 baseweed-admin qdistro-cursor-sprites[1029]: [cursor-sprites 1029] registered shape=35 via=xcursor
Oct 03 16:42:17 baseweed-admin qdistro-cursor-sprites[1029]: [cursor-sprites 1029] registered shape=36 via=xcursor
Oct 03 16:42:17 baseweed-admin weston[937]: [16:42:17.146] qdwin: cursor-sprite registered shape=all-resize hotspot=12,11
Oct 03 16:42:17 baseweed-admin qdistro-cursor-sprites[1029]: [cursor-sprites 1029] theme summary: xcursor=36 synthetic=0
Oct 03 16:42:17 baseweed-admin qdistro-cursor-sprites[1029]: [cursor-sprites 1029] registration complete; pausing on signalfd (SIGTERM exits cleanly)
Oct 03 16:42:17 baseweed-admin dbus-run-session[1031]: No running instances for "/usr/share/quickshell/qdshell/shell.qml"
Oct 03 16:42:17 baseweed-admin dbus-run-session[1031]:   INFO: Launching config: "/usr/share/quickshell/qdshell/shell.qml"
Oct 03 16:42:17 baseweed-admin dbus-run-session[1031]:   INFO: Shell ID: "0d0d1ceeb7f0392fec595c8531945b05" Path ID "0d0d1ceeb7f0392fec595c8531945b05"
Oct 03 16:42:17 baseweed-admin dbus-run-session[1031]:   INFO: Saving logs to "/run/user/1000/quickshell/by-id/nshqbcmt/log.qslog"
Oct 03 16:42:17 baseweed-admin qdlocker[1026]: 2026-10-03 16:42:17,515 qdlocker.app INFO using built-in defaults (no trusted config file found)
Oct 03 16:42:17 baseweed-admin qdlocker[1026]: 2026-10-03 16:42:17,552 qdlocker.auth INFO PAM service from env: qdlocker
Oct 03 16:42:17 baseweed-admin dbus-run-session[1031]: MESA-EGL: warning: failed to get driver name for fd -1
Oct 03 16:42:17 baseweed-admin dbus-run-session[1031]: MESA-EGL: warning: MESA-LOADER: failed to retrieve device information
Oct 03 16:42:17 baseweed-admin dbus-run-session[1031]: MESA-EGL: warning: failed to get driver name for fd -1
Oct 03 16:42:17 baseweed-admin dbus-run-session[1031]: MESA: error: ZINK: failed to choose pdev
Oct 03 16:42:17 baseweed-admin dbus-run-session[1031]: MESA-EGL: warning: egl: failed to create dri2 screen
Oct 03 16:42:17 baseweed-admin weston[937]: [16:42:17.879] qdwin: locker bind attempt pid=1026 uid=1000 (allowed_locker_uid=1000)
Oct 03 16:42:17 baseweed-admin weston[937]: [16:42:17.879] qdwin: locker bound pid=1026 uid=1000 (initially_locked=0)
Oct 03 16:42:17 baseweed-admin qdlocker[1026]: 2026-10-03 16:42:17,880 qdlocker.wayland INFO locker connected
Oct 03 16:42:17 baseweed-admin qdlocker[1026]: 2026-10-03 16:42:17,883 qdlocker.idle INFO idle watcher started; timeout=300000ms
Oct 03 16:42:17 baseweed-admin qdlocker[1026]: 2026-10-03 16:42:17,887 qdlocker.ctrl INFO ctrl socket at /run/user/1000/qdlocker.sock
Oct 03 16:42:17 baseweed-admin qdlocker[1026]: 2026-10-03 16:42:17,908 qdlocker.app INFO locker bound; initially_locked=False
Oct 03 16:42:17 baseweed-admin qdlocker[1026]: 2026-10-03 16:42:17,999 qdlocker.logind INFO logind sleep delay-inhibitor acquired (fd=20)
Oct 03 16:42:18 baseweed-admin qdlocker[1026]: 2026-10-03 16:42:18,001 qdlocker.logind WARNING cannot identify one owned active Wayland session (0 candidates); session lock unavailable
Oct 03 16:42:18 baseweed-admin qdlocker[1026]: 2026-10-03 16:42:18,001 qdlocker.logind INFO logind automatic sleep locking ready; session=None
Oct 03 16:42:18 baseweed-admin dbus-run-session[1031]:   INFO qml: [20261003-164218]           I18n Service started
Oct 03 16:42:18 baseweed-admin dbus-run-session[1031]:   INFO qml: [20261003-164218]           I18n Loading "en" (locale: "en-Latn-US")
Oct 03 16:42:18 baseweed-admin dbus-run-session[1031]:   INFO qml: [20261003-164218]          Shell ---------------------------
Oct 03 16:42:18 baseweed-admin dbus-run-session[1031]:   INFO qml: [20261003-164218]          Shell Qdshell Hello!
Oct 03 16:42:18 baseweed-admin dbus-run-session[1031]:   WARN scene: @Commons/I18n.qml[104:5]: Unable to assign QJSValue to QObject*
Oct 03 16:42:18 baseweed-admin dbus-run-session[1031]:   INFO: Configuration Loaded
Oct 03 16:42:19 baseweed-admin dbus-run-session[1031]:   WARN scene: @Commons/I18n.qml[104:5]: Unable to assign QJSValue to QObject*
Oct 03 16:42:19 baseweed-admin dbus-run-session[1031]:   INFO qml: [20261003-164219]       Settings Settings loaded
Oct 03 16:42:19 baseweed-admin dbus-run-session[1031]:   INFO qml: [20261003-164219]           I18n Loaded translations for "en"
Oct 03 16:42:19 baseweed-admin dbus-run-session[1031]:   INFO qml: [20261003-164219] PluginRegistry Loaded plugin states from: /home/admin/.config/qdshell/plugins.json
Oct 03 16:42:19 baseweed-admin dbus-run-session[1031]:   INFO qml: [20261003-164219] PluginRegistry Scanning plugin folder: /home/admin/.config/qdshell/plugins
Oct 03 16:42:19 baseweed-admin dbus-run-session[1031]:   INFO qml: [20261003-164219]          Icons Service started
Oct 03 16:42:19 baseweed-admin dbus-run-session[1031]:   INFO: ctrl-server: listening on /run/user/1000/qdshell.sock
Oct 03 16:42:19 baseweed-admin dbus-run-session[1031]:   WARN scene: QML Connections at @Services/Hardware/BrightnessService.qml[66:3]: Detected function "onEnableDdcSupportChanged" in Connections element. This is probably intended to be a signal handler but no signal of the target matches the name.
Oct 03 16:42:19 baseweed-admin dbus-run-session[1031]:   INFO qml: [20261003-164219]     Brightness Service started
Oct 03 16:42:19 baseweed-admin dbus-run-session[1031]:   INFO qml: [20261003-164219] DesktopWidgetR Service started
Oct 03 16:42:19 baseweed-admin dbus-run-session[1031]:   WARN scene: QML Connections at @Services/UI/BarService.qml[147:3]: Detected function "onDisplayModeChanged" in Connections element. This is probably intended to be a signal handler but no signal of the target matches the name.
Oct 03 16:42:19 baseweed-admin dbus-run-session[1031]:   WARN scene: QML Connections at @Services/UI/BarService.qml[147:3]: Detected function "onScreenOverridesChanged" in Connections element. This is probably intended to be a signal handler but no signal of the target matches the name.
Oct 03 16:42:19 baseweed-admin dbus-run-session[1031]:   INFO qml: [20261003-164219]     BarService Service started
Oct 03 16:42:19 baseweed-admin dbus-run-session[1031]:   WARN scene: QML Connections at @Services/Networking/NetworkService.qml[73:3]: Detected function "onWifiEnabledChanged" in Connections element. This is probably intended to be a signal handler but no signal of the target matches the name.
Oct 03 16:42:19 baseweed-admin dbus-run-session[1031]:   INFO qml: [20261003-164219]        Network Service started
Oct 03 16:42:19 baseweed-admin dbus-run-session[1031]:   WARN scene: QML Connections at @Modules/Panels/Dock/StaticDockPanel.qml[350:3]: Detected function "onPinnedAppsChanged" in Connections element. This is probably intended to be a signal handler but no signal of the target matches the name.
Oct 03 16:42:19 baseweed-admin dbus-run-session[1031]:   WARN scene: QML Connections at @Modules/Panels/Dock/StaticDockPanel.qml[350:3]: Detected function "onOnlySameOutputChanged" in Connections element. This is probably intended to be a signal handler but no signal of the target matches the name.
Oct 03 16:42:19 baseweed-admin dbus-run-session[1031]:   WARN scene: QML Connections at @Services/System/SystemStatService.qml[320:3]: Detected function "onEnableDgpuMonitoringChanged" in Connections element. This is probably intended to be a signal handler but no signal of the target matches the name.
Oct 03 16:42:19 baseweed-admin dbus-run-session[1031]:   INFO qml: [20261003-164219]     SystemStat Service started (polling deferred until a consumer registers).
Oct 03 16:42:19 baseweed-admin dbus-run-session[1031]:   WARN scene: QML Connections at @Modules/Panels/Dock/StaticDockPanel.qml[350:3]: Detected function "onPinnedAppsChanged" in Connections element. This is probably intended to be a signal handler but no signal of the target matches the name.
Oct 03 16:42:19 baseweed-admin dbus-run-session[1031]:   WARN scene: QML Connections at @Modules/Panels/Dock/StaticDockPanel.qml[350:3]: Detected function "onOnlySameOutputChanged" in Connections element. This is probably intended to be a signal handler but no signal of the target matches the name.
Oct 03 16:42:19 baseweed-admin dbus-run-session[1031]:   WARN scene: QML Connections at @Modules/Panels/Dock/StaticDockPanel.qml[350:3]: Detected function "onPinnedAppsChanged" in Connections element. This is probably intended to be a signal handler but no signal of the target matches the name.
Oct 03 16:42:19 baseweed-admin dbus-run-session[1031]:   WARN scene: QML Connections at @Modules/Panels/Dock/StaticDockPanel.qml[350:3]: Detected function "onOnlySameOutputChanged" in Connections element. This is probably intended to be a signal handler but no signal of the target matches the name.
Oct 03 16:42:19 baseweed-admin dbus-run-session[1031]:   WARN scene: QML Connections at @Services/UI/WallpaperService.qml[140:3]: Detected function "onWallpaperDownloaded" in Connections element. This is probably intended to be a signal handler but no signal of the target matches the name.
Oct 03 16:42:19 baseweed-admin dbus-run-session[1031]:   WARN scene: QML Connections at @Services/UI/WallpaperService.qml[61:3]: Detected function "onDirectoryChanged" in Connections element. This is probably intended to be a signal handler but no signal of the target matches the name.
Oct 03 16:42:19 baseweed-admin dbus-run-session[1031]:   WARN scene: QML Connections at @Services/UI/WallpaperService.qml[61:3]: Detected function "onEnableMultiMonitorDirectoriesChanged" in Connections element. This is probably intended to be a signal handler but no signal of the target matches the name.
Oct 03 16:42:19 baseweed-admin dbus-run-session[1031]:   WARN scene: QML Connections at @Services/UI/WallpaperService.qml[61:3]: Detected function "onAutomationEnabledChanged" in Connections element. This is probably intended to be a signal handler but no signal of the target matches the name.
Oct 03 16:42:19 baseweed-admin dbus-run-session[1031]:   WARN scene: QML Connections at @Services/UI/WallpaperService.qml[61:3]: Detected function "onRandomIntervalSecChanged" in Connections element. This is probably intended to be a signal handler but no signal of the target matches the name.
Oct 03 16:42:19 baseweed-admin dbus-run-session[1031]:   WARN scene: QML Connections at @Services/UI/WallpaperService.qml[61:3]: Detected function "onWallpaperChangeModeChanged" in Connections element. This is probably intended to be a signal handler but no signal of the target matches the name.
Oct 03 16:42:19 baseweed-admin dbus-run-session[1031]:   WARN scene: QML Connections at @Services/UI/WallpaperService.qml[61:3]: Detected function "onViewModeChanged" in Connections element. This is probably intended to be a signal handler but no signal of the target matches the name.
Oct 03 16:42:19 baseweed-admin dbus-run-session[1031]:   WARN scene: QML Connections at @Services/UI/WallpaperService.qml[61:3]: Detected function "onShowHiddenFilesChanged" in Connections element. This is probably intended to be a signal handler but no signal of the target matches the name.
Oct 03 16:42:19 baseweed-admin dbus-run-session[1031]:   WARN scene: QML Connections at @Services/UI/WallpaperService.qml[61:3]: Detected function "onUseSolidColorChanged" in Connections element. This is probably intended to be a signal handler but no signal of the target matches the name.
Oct 03 16:42:19 baseweed-admin dbus-run-session[1031]:   WARN scene: QML Connections at @Services/UI/WallpaperService.qml[61:3]: Detected function "onSolidColorChanged" in Connections element. This is probably intended to be a signal handler but no signal of the target matches the name.
Oct 03 16:42:19 baseweed-admin dbus-run-session[1031]:   WARN scene: QML Connections at @Services/UI/WallpaperService.qml[61:3]: Detected function "onSortOrderChanged" in Connections element. This is probably intended to be a signal handler but no signal of the target matches the name.
Oct 03 16:42:19 baseweed-admin dbus-run-session[1031]:   WARN scene: QML Connections at @Modules/Background/Background.qml[80:7]: Detected function "onFillModeChanged" in Connections element. This is probably intended to be a signal handler but no signal of the target matches the name.
Oct 03 16:42:19 baseweed-admin dbus-run-session[1031]:   WARN scene: QML Connections at @Modules/Background/Background.qml[80:7]: Detected function "onFillModeChanged" in Connections element. This is probably intended to be a signal handler but no signal of the target matches the name.
Oct 03 16:42:19 baseweed-admin dbus-run-session[1031]:   WARN scene: QML Connections at @Modules/Background/Background.qml[80:7]: Detected function "onFillModeChanged" in Connections element. This is probably intended to be a signal handler but no signal of the target matches the name.
Oct 03 16:42:19 baseweed-admin dbus-run-session[1031]:   WARN scene: QML Connections at @Modules/Dock/Dock.qml[45:7]: Detected function "onPinnedAppsChanged" in Connections element. This is probably intended to be a signal handler but no signal of the target matches the name.
Oct 03 16:42:19 baseweed-admin dbus-run-session[1031]:   WARN scene: QML Connections at @Modules/Dock/Dock.qml[45:7]: Detected function "onOnlySameOutputChanged" in Connections element. This is probably intended to be a signal handler but no signal of the target matches the name.
Oct 03 16:42:19 baseweed-admin dbus-run-session[1031]:   WARN scene: QML Connections at @Modules/Dock/Dock.qml[45:7]: Detected function "onPinnedAppsChanged" in Connections element. This is probably intended to be a signal handler but no signal of the target matches the name.
Oct 03 16:42:19 baseweed-admin dbus-run-session[1031]:   WARN scene: QML Connections at @Modules/Dock/Dock.qml[45:7]: Detected function "onOnlySameOutputChanged" in Connections element. This is probably intended to be a signal handler but no signal of the target matches the name.
Oct 03 16:42:19 baseweed-admin dbus-run-session[1031]:   WARN scene: QML Connections at @Modules/Dock/Dock.qml[45:7]: Detected function "onPinnedAppsChanged" in Connections element. This is probably intended to be a signal handler but no signal of the target matches the name.
Oct 03 16:42:19 baseweed-admin dbus-run-session[1031]:   WARN scene: QML Connections at @Modules/Dock/Dock.qml[45:7]: Detected function "onOnlySameOutputChanged" in Connections element. This is probably intended to be a signal handler but no signal of the target matches the name.
Oct 03 16:42:19 baseweed-admin dbus-run-session[1031]:   INFO qml: [20261003-164219]          Shell ---------------------------
Oct 03 16:42:19 baseweed-admin dbus-run-session[1031]:   INFO qml: [20261003-164219]      Wallpaper Service started
Oct 03 16:42:19 baseweed-admin dbus-run-session[1031]:   INFO qml: [20261003-164219]     ImageCache Service started
Oct 03 16:42:19 baseweed-admin dbus-run-session[1031]:   WARN scene: QML Connections at @Services/Theming/AppThemeService.qml[30:3]: Detected function "onDarkModeChanged" in Connections element. This is probably intended to be a signal handler but no signal of the target matches the name.
Oct 03 16:42:19 baseweed-admin dbus-run-session[1031]:   WARN scene: QML Connections at @Services/Theming/AppThemeService.qml[30:3]: Detected function "onMonitorForColorsChanged" in Connections element. This is probably intended to be a signal handler but no signal of the target matches the name.
Oct 03 16:42:19 baseweed-admin dbus-run-session[1031]:   WARN scene: QML Connections at @Services/Theming/AppThemeService.qml[30:3]: Detected function "onGenerationMethodChanged" in Connections element. This is probably intended to be a signal handler but no signal of the target matches the name.
Oct 03 16:42:19 baseweed-admin dbus-run-session[1031]:   INFO qml: [20261003-164219] AppThemeServic Service started
Oct 03 16:42:19 baseweed-admin dbus-run-session[1031]:   WARN scene: QML Connections at @Services/Theming/ColorSchemeService.qml[20:3]: Detected function "onDarkModeChanged" in Connections element. This is probably intended to be a signal handler but no signal of the target matches the name.
Oct 03 16:42:19 baseweed-admin dbus-run-session[1031]:   INFO qml: [20261003-164219]    ColorScheme Service started
Oct 03 16:42:19 baseweed-admin dbus-run-session[1031]:   INFO qml: [20261003-164219] AppPresentatio Service started
Oct 03 16:42:19 baseweed-admin dbus-run-session[1031]:   WARN scene: QML Connections at @Services/Location/DarkModeService.qml[43:3]: Detected function "onSchedulingModeChanged" in Connections element. This is probably intended to be a signal handler but no signal of the target matches the name.
Oct 03 16:42:19 baseweed-admin dbus-run-session[1031]:   WARN scene: QML Connections at @Services/Location/DarkModeService.qml[28:3]: Detected function "onManualSunriseChanged" in Connections element. This is probably intended to be a signal handler but no signal of the target matches the name.
Oct 03 16:42:19 baseweed-admin dbus-run-session[1031]:   WARN scene: QML Connections at @Services/Location/DarkModeService.qml[28:3]: Detected function "onManualSunsetChanged" in Connections element. This is probably intended to be a signal handler but no signal of the target matches the name.
Oct 03 16:42:19 baseweed-admin dbus-run-session[1031]:   INFO qml: [20261003-164219] DarkModeServic Service started
Oct 03 16:42:19 baseweed-admin dbus-run-session[1031]:   WARN scene: @Services/Location/DarkModeService.qml[29:5]: Unable to assign QJSValue to QObject*
Oct 03 16:42:19 baseweed-admin dbus-run-session[1031]:   WARN scene: @Services/Location/DarkModeService.qml[44:5]: Unable to assign QJSValue to QObject*
Oct 03 16:42:19 baseweed-admin dbus-run-session[1031]:   WARN scene: @Services/Theming/ColorSchemeService.qml[21:5]: Unable to assign QJSValue to QObject*
Oct 03 16:42:19 baseweed-admin dbus-run-session[1031]:   WARN scene: @Services/Theming/AppThemeService.qml[31:5]: Unable to assign QJSValue to QObject*
Oct 03 16:42:19 baseweed-admin dbus-run-session[1031]:   WARN scene: @Modules/Dock/Dock.qml[46:9]: Unable to assign QJSValue to QObject*
Oct 03 16:42:19 baseweed-admin dbus-run-session[1031]:   WARN scene: @Modules/Dock/Dock.qml[46:9]: Unable to assign QJSValue to QObject*
Oct 03 16:42:19 baseweed-admin dbus-run-session[1031]:   WARN scene: @Modules/Dock/Dock.qml[46:9]: Unable to assign QJSValue to QObject*
Oct 03 16:42:19 baseweed-admin dbus-run-session[1031]:   WARN scene: @Modules/Background/Background.qml[81:9]: Unable to assign QJSValue to QObject*
Oct 03 16:42:19 baseweed-admin dbus-run-session[1031]:   WARN scene: @Modules/Background/Background.qml[81:9]: Unable to assign QJSValue to QObject*
Oct 03 16:42:19 baseweed-admin dbus-run-session[1031]:   WARN scene: @Modules/Background/Background.qml[81:9]: Unable to assign QJSValue to QObject*
Oct 03 16:42:19 baseweed-admin dbus-run-session[1031]:   WARN scene: @Services/UI/WallpaperService.qml[62:5]: Unable to assign QJSValue to QObject*
Oct 03 16:42:19 baseweed-admin dbus-run-session[1031]:   WARN scene: @Modules/Panels/SessionMenu/SessionMenu.qml[152:5]: Unable to assign QJSValue to QObject*
Oct 03 16:42:19 baseweed-admin dbus-run-session[1031]:   WARN scene: @Modules/Panels/Dock/StaticDockPanel.qml[351:5]: Unable to assign QJSValue to QObject*
Oct 03 16:42:19 baseweed-admin dbus-run-session[1031]:   WARN scene: @Modules/Panels/SessionMenu/SessionMenu.qml[152:5]: Unable to assign QJSValue to QObject*
Oct 03 16:42:19 baseweed-admin dbus-run-session[1031]:   WARN scene: @Modules/Panels/Dock/StaticDockPanel.qml[351:5]: Unable to assign QJSValue to QObject*
Oct 03 16:42:19 baseweed-admin dbus-run-session[1031]:   WARN scene: @Services/System/SystemStatService.qml[321:5]: Unable to assign QJSValue to QObject*
Oct 03 16:42:19 baseweed-admin dbus-run-session[1031]:   WARN scene: @Modules/Panels/SessionMenu/SessionMenu.qml[152:5]: Unable to assign QJSValue to QObject*
Oct 03 16:42:19 baseweed-admin dbus-run-session[1031]:   WARN scene: @Services/Networking/NetworkService.qml[74:5]: Unable to assign QJSValue to QObject*
Oct 03 16:42:19 baseweed-admin dbus-run-session[1031]:   WARN scene: @Modules/Panels/Dock/StaticDockPanel.qml[351:5]: Unable to assign QJSValue to QObject*
Oct 03 16:42:19 baseweed-admin dbus-run-session[1031]:   WARN scene: @Services/UI/BarService.qml[148:5]: Unable to assign QJSValue to QObject*
Oct 03 16:42:19 baseweed-admin dbus-run-session[1031]:   WARN scene: @Services/Hardware/BrightnessService.qml[67:5]: Unable to assign QJSValue to QObject*
Oct 03 16:42:19 baseweed-admin dbus-run-session[1031]:   INFO qml: [20261003-164219]      Wallpaper Starting scan for Virtual-1 in /home/admin/Pictures/Wallpapers recursive: false
Oct 03 16:42:35 baseweed-admin systemd[870]: qdistro-polkit-agent.service: Scheduled restart job, restart counter is at 1.
Oct 03 16:42:35 baseweed-admin systemd[870]: Started qdistro polkit authentication agent (PAM / fprintd / broker).
Oct 03 16:42:35 baseweed-admin dbus-run-session[1031]:   INFO qml: [20261003-164235]      Wallpaper Starting scan for pipewire-0 in /home/admin/Pictures/Wallpapers recursive: false
Oct 03 16:42:35 baseweed-admin dbus-run-session[1031]:   INFO qml: [20261003-164235]      Wallpaper Starting scan for pipewire-1 in /home/admin/Pictures/Wallpapers recursive: false
Oct 03 16:42:36 baseweed-admin dbus-run-session[1031]:   INFO qml: [20261003-164236]       Location Service started
Oct 03 16:42:36 baseweed-admin dbus-run-session[1031]:   WARN scene: QML Connections at @Services/Location/NightLightService.qml[96:3]: Detected function "onEnabledChanged" in Connections element. This is probably intended to be a signal handler but no signal of the target matches the name.
Oct 03 16:42:36 baseweed-admin dbus-run-session[1031]:   WARN scene: QML Connections at @Services/Location/NightLightService.qml[96:3]: Detected function "onForcedChanged" in Connections element. This is probably intended to be a signal handler but no signal of the target matches the name.
Oct 03 16:42:36 baseweed-admin dbus-run-session[1031]:   WARN scene: QML Connections at @Services/Location/NightLightService.qml[96:3]: Detected function "onNightTempChanged" in Connections element. This is probably intended to be a signal handler but no signal of the target matches the name.
Oct 03 16:42:36 baseweed-admin dbus-run-session[1031]:   WARN scene: QML Connections at @Services/Location/NightLightService.qml[96:3]: Detected function "onDayTempChanged" in Connections element. This is probably intended to be a signal handler but no signal of the target matches the name.
Oct 03 16:42:36 baseweed-admin dbus-run-session[1031]:   WARN scene: QML Connections at @Services/Control/HooksService.qml[16:3]: Detected function "onDarkModeChanged" in Connections element. This is probably intended to be a signal handler but no signal of the target matches the name.
Oct 03 16:42:36 baseweed-admin dbus-run-session[1031]:   INFO qml: [20261003-164236]   HooksService Service started
Oct 03 16:42:36 baseweed-admin dbus-run-session[1031]:   WARN quickshell.dbus.objectmanager: Failed to create DBusObjectManagerInterface for "org.bluez" "/" : QDBusError("org.freedesktop.DBus.Error.ServiceUnknown", "The name is not activatable")
Oct 03 16:42:36 baseweed-admin dbus-run-session[1031]:   INFO qml: [20261003-164236]      Bluetooth Service started
Oct 03 16:42:36 baseweed-admin dbus-run-session[1031]:   INFO qml: [20261003-164236]  IdleInhibitor Service started
Oct 03 16:42:36 baseweed-admin dbus-run-session[1031]:   INFO qml: [20261003-164236] CapabilityServ qdwin live-apply capabilities: pointer=false xkb=false wm=false output=false workspace=false idleDpms=false keybind=false
Oct 03 16:42:36 baseweed-admin dbus-run-session[1031]:   INFO qml: [20261003-164236]   PowerService Service started
Oct 03 16:42:36 baseweed-admin dbus-run-session[1031]:   INFO qml: [20261003-164236] AccessibilityS Service started
Oct 03 16:42:36 baseweed-admin dbus-run-session[1031]:   INFO qml: [20261003-164236]  KeyboardInput Service started
Oct 03 16:42:36 baseweed-admin dbus-run-session[1031]:   INFO qml: [20261003-164236] PointerInputSe Service started (qdwin live-apply: persist-only until shell binds >= v28)
Oct 03 16:42:36 baseweed-admin dbus-run-session[1031]:   INFO qml: [20261003-164236] WindowManagerS Service started (qdwin v25 live-apply: false, shortcuts: false)
Oct 03 16:42:36 baseweed-admin dbus-run-session[1031]:   INFO qml: [20261003-164236] SessionService started; saved=0 canApplyPlacement=false
Oct 03 16:42:36 baseweed-admin dbus-run-session[1031]:   INFO qml: [20261003-164236]    HostService Service started
Oct 03 16:42:36 baseweed-admin dbus-run-session[1031]:   INFO qml: [20261003-164236] CustomButtonIP Service started
Oct 03 16:42:36 baseweed-admin dbus-run-session[1031]:   INFO qml: [20261003-164236]     IPCService Service started
Oct 03 16:42:36 baseweed-admin dbus-run-session[1031]:   INFO qml: [20261003-164236]        PodApps service started
Oct 03 16:42:36 baseweed-admin dbus-run-session[1031]:   INFO qml: [20261003-164236]         VMApps service started
Oct 03 16:42:36 baseweed-admin dbus-run-session[1031]:   INFO qml: [20261003-164236]      Tier3Apps service started
Oct 03 16:42:36 baseweed-admin dbus-run-session[1031]:   INFO qml: [20261003-164236]     Tier3sApps service started
Oct 03 16:42:36 baseweed-admin dbus-run-session[1031]:   INFO qml: [20261003-164236]      Tier4Apps service started
Oct 03 16:42:36 baseweed-admin dbus-run-session[1031]:   INFO qml: [20261003-164236] RemoteMachineW service started
Oct 03 16:42:36 baseweed-admin dbus-run-session[1031]:   INFO qml: [20261003-164236]  Tier3FocusIPC service started
Oct 03 16:42:36 baseweed-admin dbus-run-session[1031]:   WARN quickshell.dbus: Could not launch service org.freedesktop.UPower.PowerProfiles: QDBusError(org.freedesktop.DBus.Error.ServiceUnknown, The name is not activatable)
Oct 03 16:42:36 baseweed-admin dbus-run-session[1031]:   WARN quickshell.service.powerprofiles: Could not start PowerProfilesDaemon. The PowerProfiles service will not work.
Oct 03 16:42:36 baseweed-admin weston[937]: [16:42:36.383] qdwin: bind attempt pid=1031 uid=1000 (allowed_uid=1000)
Oct 03 16:42:36 baseweed-admin weston[937]: [16:42:36.383] qdwin: bind accepted for uid=1000, hello sent
Oct 03 16:42:36 baseweed-admin weston[937]: [16:42:36.383] qdwin: ext_workspace_manager bound (count=4 active=0)
Oct 03 16:42:36 baseweed-admin weston[937]: [16:42:36.383] qdwin: zwlr_output_manager bound (serial=1)
Oct 03 16:42:36 baseweed-admin weston[937]: [16:42:36.383] qdwin: shell bound (uid=1000 pid=1031); replaying 0 toplevels
Oct 03 16:42:36 baseweed-admin weston[937]: [16:42:36.383] qdwin: seat_focus_changed seat=default handle=4294967295
Oct 03 16:42:36 baseweed-admin dbus-run-session[1031]:   INFO qml: [20261003-164236]          Qdwin qdwin_shell_v1 bound v34
Oct 03 16:42:36 baseweed-admin dbus-run-session[1031]:   INFO qml: [20261003-164236]  ClipboardGate wired to qdwin_shell_v1; broker default=deny
Oct 03 16:42:36 baseweed-admin weston[937]: [16:42:36.385] qdwin: workspace 0 name="1"
Oct 03 16:42:36 baseweed-admin weston[937]: [16:42:36.386] qdwin: workspace 1 name="2"
Oct 03 16:42:36 baseweed-admin weston[937]: [16:42:36.386] qdwin: workspace 2 name="3"
Oct 03 16:42:36 baseweed-admin weston[937]: [16:42:36.386] qdwin: workspace 3 name="4"
Oct 03 16:42:36 baseweed-admin weston[937]: [16:42:36.386] qdwin: set_wm_policy focus=0 ffm_delay=0 raise_click=1 raise_hover=0 placement=2 snap=1 dist=16
Oct 03 16:42:36 baseweed-admin dbus-run-session[1031]:   INFO qml: [20261003-164236] WindowManagerS applied WM policy focus=click placement=smart snap=true/16
Oct 03 16:42:36 baseweed-admin dbus-run-session[1031]:   INFO qml: [20261003-164236] CapabilityServ wmPolicy -> true
Oct 03 16:42:36 baseweed-admin weston[937]: [16:42:36.386] qdwin: register_hotkey id=7101 mods=0x2 key=62
Oct 03 16:42:36 baseweed-admin weston[937]: [16:42:36.387] qdwin: register_hotkey id=7102 mods=0x4 key=103
Oct 03 16:42:36 baseweed-admin weston[937]: [16:42:36.387] qdwin: register_hotkey id=7103 mods=0x4 key=33
Oct 03 16:42:36 baseweed-admin weston[937]: [16:42:36.387] qdwin: register_hotkey id=7104 mods=0x4 key=105
Oct 03 16:42:36 baseweed-admin weston[937]: [16:42:36.387] qdwin: register_hotkey id=7105 mods=0x4 key=106
Oct 03 16:42:36 baseweed-admin dbus-run-session[1031]:   INFO qml: [20261003-164236] WindowManagerS registered WM shortcuts (5 active)
Oct 03 16:42:36 baseweed-admin dbus-run-session[1031]:   INFO qml: [20261003-164236] CapabilityServ keybindRegistration -> true
Oct 03 16:42:36 baseweed-admin weston[937]: [16:42:36.387] qdwin: set_pointer_config accel=0 profile=0 natural=0 tap=1 left=0 middle=0 dwt=1 scroll=1 (6 devices)
Oct 03 16:42:36 baseweed-admin weston[937]: [16:42:36.387] qdwin: set_key_repeat rate=25 delay=500
Oct 03 16:42:36 baseweed-admin dbus-run-session[1031]:   INFO qml: [20261003-164236] PointerInputSe applied pointer config accelSpeed=0 profile=0 natural=0 tap=1 scroll=1
Oct 03 16:42:36 baseweed-admin dbus-run-session[1031]:   INFO qml: [20261003-164236] CapabilityServ pointerConfig -> true
Oct 03 16:42:36 baseweed-admin dbus-run-session[1031]:   INFO qml: [20261003-164236]  KeyboardInput applied qdwin key-repeat rate=25 delay=500
Oct 03 16:42:36 baseweed-admin dbus-run-session[1031]:   INFO qml: [20261003-164236] CapabilityServ xkbRepeat -> true
Oct 03 16:42:36 baseweed-admin dbus-run-session[1031]:   INFO qml: [20261003-164236]   PowerService idle policy armed: inactivity=0ms (nothing), displayOff=0ms, presentation=false
Oct 03 16:42:36 baseweed-admin dbus-run-session[1031]:   INFO qml: [20261003-164236] CapabilityServ idleDpms -> true
Oct 03 16:42:36 baseweed-admin dbus-run-session[1031]:   INFO qml: [20261003-164236] CapabilityServ outputManagement -> true
Oct 03 16:42:36 baseweed-admin qdistro-polkit-agent[1116]: registration failed: org.freedesktop.PolicyKit1.Error.Failed: Cannot determine session the caller is in
Oct 03 16:42:36 baseweed-admin python3[1116]: qdistro-polkit-agent: registration failed: org.freedesktop.PolicyKit1.Error.Failed: Cannot determine session the caller is in
Oct 03 16:42:36 baseweed-admin systemd[870]: qdistro-polkit-agent.service: Main process exited, code=exited, status=1/FAILURE
Oct 03 16:42:36 baseweed-admin systemd[870]: qdistro-polkit-agent.service: Failed with result 'exit-code'.
Oct 03 16:42:36 baseweed-admin qdlocker[1026]: 2026-10-03 16:42:36,559 qdlocker.logind INFO logind session rebound in place; session=None
Oct 03 16:42:36 baseweed-admin dbus-run-session[1031]:   WARN qml: [20261003-164236]       Location Weather is still fetching
Oct 03 16:42:36 baseweed-admin dbus-run-session[1031]:   WARN quickshell.dbus: Could not launch service org.freedesktop.UPower: QDBusError(org.freedesktop.DBus.Error.ServiceUnknown, The name is not activatable)
Oct 03 16:42:36 baseweed-admin dbus-run-session[1031]:   WARN quickshell.service.upower: Could not start UPower. The UPower service will not work.
Oct 03 16:42:36 baseweed-admin dbus-run-session[1031]:   INFO qml: [20261003-164236]    HostService Detected openSUSE Tumbleweed
Oct 03 16:42:36 baseweed-admin dbus-run-session[1031]:   INFO qml: [20261003-164236]    HostService Looking for logo icon: distributor-logo-Tumbleweed
Oct 03 16:42:36 baseweed-admin dbus-run-session[1031]:   INFO qml: [20261003-164236]    HostService resolved hostname baseweed-admin
Oct 03 16:42:36 baseweed-admin dbus-run-session[1031]:   WARN: Process failed to start, likely because the binary could not be found. Command: QList("bluetoothctl", "show")
Oct 03 16:42:36 baseweed-admin dbus-run-session[1031]:   WARN: Process failed to start, likely because the binary could not be found. Command: QList("udisksctl", "monitor")
Oct 03 16:42:36 baseweed-admin weston[937]: [16:42:36.616] qdwin: layer-shell get_layer_surface ns=qdshell-background-Virtual-1 layer=2 output=0x55eaaffb49f0
Oct 03 16:42:36 baseweed-admin weston[937]: [16:42:36.616] qdwin: layer-shell configure ns=qdshell-background-Virtual-1 layer=2 box=0,0 1920x1080 serial=1
Oct 03 16:42:36 baseweed-admin weston[937]: [16:42:36.616] qdwin: layer-shell get_layer_surface ns=qdshell-bar-content-Virtual-1 layer=2 output=0x55eaaffb49f0
Oct 03 16:42:36 baseweed-admin weston[937]: [16:42:36.616] qdwin: layer-shell configure ns=qdshell-bar-content-Virtual-1 layer=2 box=0,0 1920x31 serial=2
Oct 03 16:42:36 baseweed-admin weston[937]: [16:42:36.616] qdwin: layer-shell get_layer_surface ns=qdshell-bar-exclusion-top-Virtual-1 layer=2 output=0x55eaaffb49f0
Oct 03 16:42:36 baseweed-admin weston[937]: [16:42:36.616] qdwin: layer-shell configure ns=qdshell-bar-exclusion-top-Virtual-1 layer=2 box=0,0 1920x31 serial=3
Oct 03 16:42:36 baseweed-admin weston[937]: [16:42:36.616] qdwin: layer-shell get_layer_surface ns=qdshell-background-pipewire-0 layer=2 output=0x55eaaffb5f50
Oct 03 16:42:36 baseweed-admin weston[937]: [16:42:36.616] qdwin: layer-shell configure ns=qdshell-background-pipewire-0 layer=2 box=1920,0 640x480 serial=4
Oct 03 16:42:36 baseweed-admin weston[937]: [16:42:36.616] qdwin: layer-shell get_layer_surface ns=qdshell-bar-content-pipewire-0 layer=2 output=0x55eaaffb5f50
Oct 03 16:42:36 baseweed-admin weston[937]: [16:42:36.616] qdwin: layer-shell configure ns=qdshell-bar-content-pipewire-0 layer=2 box=1920,0 640x31 serial=5
Oct 03 16:42:36 baseweed-admin weston[937]: [16:42:36.616] qdwin: layer-shell get_layer_surface ns=qdshell-bar-exclusion-top-pipewire-0 layer=2 output=0x55eaaffb5f50
Oct 03 16:42:36 baseweed-admin weston[937]: [16:42:36.616] qdwin: layer-shell configure ns=qdshell-bar-exclusion-top-pipewire-0 layer=2 box=1920,0 640x31 serial=6
Oct 03 16:42:36 baseweed-admin weston[937]: [16:42:36.616] qdwin: layer-shell get_layer_surface ns=qdshell-background-pipewire-1 layer=2 output=0x55eaaffdb900
Oct 03 16:42:36 baseweed-admin weston[937]: [16:42:36.616] qdwin: layer-shell configure ns=qdshell-background-pipewire-1 layer=2 box=2560,0 640x480 serial=7
Oct 03 16:42:36 baseweed-admin weston[937]: [16:42:36.616] qdwin: layer-shell get_layer_surface ns=qdshell-bar-content-pipewire-1 layer=2 output=0x55eaaffdb900
Oct 03 16:42:36 baseweed-admin weston[937]: [16:42:36.616] qdwin: layer-shell configure ns=qdshell-bar-content-pipewire-1 layer=2 box=2560,0 640x31 serial=8
Oct 03 16:42:36 baseweed-admin weston[937]: [16:42:36.616] qdwin: layer-shell get_layer_surface ns=qdshell-bar-exclusion-top-pipewire-1 layer=2 output=0x55eaaffdb900
Oct 03 16:42:36 baseweed-admin weston[937]: [16:42:36.616] qdwin: layer-shell configure ns=qdshell-bar-exclusion-top-pipewire-1 layer=2 box=2560,0 640x31 serial=9
Oct 03 16:42:36 baseweed-admin weston[937]: [16:42:36.616] qdwin: layer-shell get_layer_surface ns=qdshell-dock-peek-Virtual-1 layer=2 output=0x55eaaffb49f0
Oct 03 16:42:36 baseweed-admin weston[937]: [16:42:36.616] qdwin: layer-shell configure ns=qdshell-dock-peek-Virtual-1 layer=2 box=0,1079 1920x1 serial=10
Oct 03 16:42:36 baseweed-admin weston[937]: [16:42:36.616] qdwin: layer-shell get_layer_surface ns=qdshell-dock-peek-pipewire-0 layer=2 output=0x55eaaffb5f50
Oct 03 16:42:36 baseweed-admin weston[937]: [16:42:36.616] qdwin: layer-shell configure ns=qdshell-dock-peek-pipewire-0 layer=2 box=1920,479 640x1 serial=11
Oct 03 16:42:36 baseweed-admin weston[937]: [16:42:36.616] qdwin: layer-shell get_layer_surface ns=qdshell-dock-peek-pipewire-1 layer=2 output=0x55eaaffdb900
Oct 03 16:42:36 baseweed-admin weston[937]: [16:42:36.616] qdwin: layer-shell configure ns=qdshell-dock-peek-pipewire-1 layer=2 box=2560,479 640x1 serial=12
Oct 03 16:42:36 baseweed-admin weston[937]: [16:42:36.616] qdwin: layer-shell get_layer_surface ns=qdshell-image-cache-renderer layer=2 output=(nil)
Oct 03 16:42:36 baseweed-admin weston[937]: [16:42:36.616] qdwin: layer-shell configure ns=qdshell-image-cache-renderer layer=2 box=960,540 1x1 serial=13
Oct 03 16:42:36 baseweed-admin dbus-run-session[1031]:   INFO qml: [20261003-164236]           Time Time jump detected (18s) - likely system resume
Oct 03 16:42:36 baseweed-admin dbus-run-session[1031]:   INFO qml: [20261003-164236]        Network System resumed - forcing state poll
Oct 03 16:42:36 baseweed-admin systemd[870]: qdistro-polkit-agent.service: Scheduled restart job immediately on client request, restart counter is at 2.
Oct 03 16:42:36 baseweed-admin dbus-run-session[1031]:   INFO qml: [20261003-164236]     SystemStat System resumed - resetting differential state
Oct 03 16:42:36 baseweed-admin dbus-run-session[1031]:   INFO qml: [20261003-164236] DarkModeServic System resumed - re-evaluating dark mode
Oct 03 16:42:36 baseweed-admin dbus-run-session[1031]:   INFO qml: [20261003-164236]     NightLight System resumed - re-applying night light
Oct 03 16:42:36 baseweed-admin dbus-run-session[1031]:   INFO qml: [20261003-164236]      Bluetooth System resumed - forcing state poll
Oct 03 16:42:36 baseweed-admin dbus-run-session[1031]:  ERROR qml: [20261003-164236]       Location Geocoding error: 0
Oct 03 16:42:36 baseweed-admin systemd[870]: Started qdistro polkit authentication agent (PAM / fprintd / broker).
Oct 03 16:42:36 baseweed-admin systemd[870]: Auto-unlock the qdistro portal-keys vault at login skipped, unmet condition check ConditionPathExists=/var/lib/qdistro/vaults/portal-keys-pin.tpm
Oct 03 16:42:36 baseweed-admin dbus-run-session[1031]:   INFO qml: [20261003-164236] PluginRegistry All plugin manifests loaded. Total plugins: 0
Oct 03 16:42:36 baseweed-admin dbus-run-session[1031]:   INFO qml: [20261003-164236]  PluginService Initializing plugin system
Oct 03 16:42:36 baseweed-admin dbus-run-session[1031]:   INFO qml: [20261003-164236]  PluginService Found 0 enabled plugins: []
Oct 03 16:42:36 baseweed-admin dbus-run-session[1031]:   INFO qml: [20261003-164236]  PluginService No plugins to load
Oct 03 16:42:36 baseweed-admin dbus-run-session[1031]:   INFO qml: [20261003-164236]  PluginService Refreshing available plugins
Oct 03 16:42:36 baseweed-admin dbus-run-session[1031]:   WARN qml: [20261003-164236]     ImageCache ImageMagick not found, using Qt fallback
Oct 03 16:42:36 baseweed-admin dbus-run-session[1031]:   WARN qml: [20261003-164236]      Wallpaper Scan failed for Virtual-1 exit code: 1 (directory might not exist)
Oct 03 16:42:36 baseweed-admin dbus-run-session[1031]:   WARN qml: [20261003-164236]      Wallpaper Scan failed for pipewire-0 exit code: 1 (directory might not exist)
Oct 03 16:42:36 baseweed-admin dbus-run-session[1031]:   WARN qml: [20261003-164236]      Wallpaper Scan failed for pipewire-1 exit code: 1 (directory might not exist)
Oct 03 16:42:36 baseweed-admin dbus-run-session[1031]:   WARN qml: [20261003-164236]   PowerService Button monitor unavailable (exit 1); releasing key inhibitors, logind will handle power/sleep keys
Oct 03 16:42:36 baseweed-admin weston[937]: [16:42:36.786] qdwin: set_key_repeat rate=25 delay=500
Oct 03 16:42:36 baseweed-admin dbus-run-session[1031]:   INFO qml: [20261003-164236]  KeyboardInput applied qdwin key-repeat rate=25 delay=500
Oct 03 16:42:36 baseweed-admin dbus-run-session[1031]:   INFO qml: [20261003-164236] PointerInputSe enumerated 3 pointer device(s) via proc
Oct 03 16:42:36 baseweed-admin dbus-run-session[1031]:   INFO qml: [20261003-164236]        PodApps cache refresh loaded 0 apps
Oct 03 16:42:36 baseweed-admin qdistro-polkit-agent[1213]: registration failed: org.freedesktop.PolicyKit1.Error.Failed: Cannot determine session the caller is in
Oct 03 16:42:36 baseweed-admin python3[1213]: qdistro-polkit-agent: registration failed: org.freedesktop.PolicyKit1.Error.Failed: Cannot determine session the caller is in
Oct 03 16:42:37 baseweed-admin systemd[870]: qdistro-polkit-agent.service: Main process exited, code=exited, status=1/FAILURE
Oct 03 16:42:37 baseweed-admin systemd[870]: qdistro-polkit-agent.service: Failed with result 'exit-code'.
Oct 03 16:42:38 baseweed-admin weston[937]: [16:42:38.314] qdwin: layer-shell mapped ns=qdshell-background-Virtual-1 layer=2 at 0,0 1920x1080
Oct 03 16:42:38 baseweed-admin weston[937]: [16:42:38.525] qdwin: layer-shell mapped ns=qdshell-bar-content-Virtual-1 layer=2 at 0,0 1920x31
Oct 03 16:42:39 baseweed-admin weston[937]: [16:42:39.243] qdwin: layer-shell mapped ns=qdshell-bar-exclusion-top-Virtual-1 layer=2 at 0,0 1920x31
Oct 03 16:42:39 baseweed-admin weston[937]: [16:42:39.745] qdwin: layer-shell mapped ns=qdshell-background-pipewire-0 layer=2 at 1920,0 640x480
Oct 03 16:42:40 baseweed-admin weston[937]: [16:42:40.199] qdwin: layer-shell mapped ns=qdshell-bar-content-pipewire-0 layer=2 at 1920,0 640x31
Oct 03 16:42:40 baseweed-admin systemd[870]: qdistro-polkit-agent.service: Scheduled restart job, restart counter is at 3.
Oct 03 16:42:40 baseweed-admin systemd[870]: Started qdistro polkit authentication agent (PAM / fprintd / broker).
Oct 03 16:42:40 baseweed-admin qdistro-polkit-agent[1356]: registration failed: org.freedesktop.PolicyKit1.Error.Failed: Cannot determine session the caller is in
Oct 03 16:42:40 baseweed-admin python3[1356]: qdistro-polkit-agent: registration failed: org.freedesktop.PolicyKit1.Error.Failed: Cannot determine session the caller is in
Oct 03 16:42:40 baseweed-admin systemd[870]: qdistro-polkit-agent.service: Main process exited, code=exited, status=1/FAILURE
Oct 03 16:42:40 baseweed-admin systemd[870]: qdistro-polkit-agent.service: Failed with result 'exit-code'.
Oct 03 16:42:40 baseweed-admin weston[937]: [16:42:40.766] qdwin: layer-shell mapped ns=qdshell-bar-exclusion-top-pipewire-0 layer=2 at 1920,0 640x31
Oct 03 16:42:41 baseweed-admin weston[937]: [16:42:41.600] qdwin: layer-shell mapped ns=qdshell-background-pipewire-1 layer=2 at 2560,0 640x480
Oct 03 16:42:42 baseweed-admin systemd[870]: Started podman-1554.scope.
Oct 03 16:42:42 baseweed-admin weston[937]: [16:42:42.199] qdwin: layer-shell mapped ns=qdshell-bar-content-pipewire-1 layer=2 at 2560,0 640x31
Oct 03 16:42:42 baseweed-admin systemd[870]: Started podman-1580.scope.
Oct 03 16:42:42 baseweed-admin weston[937]: [16:42:42.498] qdwin: layer-shell mapped ns=qdshell-bar-exclusion-top-pipewire-1 layer=2 at 2560,0 640x31
Oct 03 16:42:42 baseweed-admin weston[937]: [16:42:42.541] qdwin: layer-shell mapped ns=qdshell-dock-peek-Virtual-1 layer=2 at 0,1079 1920x1
Oct 03 16:42:42 baseweed-admin weston[937]: [16:42:42.585] qdwin: layer-shell mapped ns=qdshell-dock-peek-pipewire-0 layer=2 at 1920,479 640x1
Oct 03 16:42:42 baseweed-admin weston[937]: [16:42:42.632] qdwin: layer-shell mapped ns=qdshell-dock-peek-pipewire-1 layer=2 at 2560,479 640x1
Oct 03 16:42:42 baseweed-admin weston[937]: [16:42:42.677] qdwin: layer-shell mapped ns=qdshell-image-cache-renderer layer=2 at 960,540 1x1
Oct 03 16:42:42 baseweed-admin dbus-run-session[1031]:   WARN scene: QML Connections at qs:/usr/share/quickshell/qdshell/Modules/Bar/Widgets/Taskbar.qml[981:3]: Detected function "onPinnedAppsChanged" in Connections element. This is probably intended to be a signal handler but no signal of the target matches the name.
Oct 03 16:42:42 baseweed-admin dbus-run-session[1031]:   WARN scene: QML Connections at qs:/usr/share/quickshell/qdshell/Modules/Bar/Widgets/Taskbar.qml[981:3]: Detected function "onPinnedAppsChanged" in Connections element. This is probably intended to be a signal handler but no signal of the target matches the name.
Oct 03 16:42:42 baseweed-admin dbus-run-session[1031]:   WARN scene: QML Connections at qs:/usr/share/quickshell/qdshell/Modules/Bar/Widgets/Taskbar.qml[981:3]: Detected function "onPinnedAppsChanged" in Connections element. This is probably intended to be a signal handler but no signal of the target matches the name.
Oct 03 16:42:42 baseweed-admin dbus-run-session[1031]:   WARN: Could not load icon "user-desktop?fallback=application-x-executable" at size QSize(19, 19) from request
Oct 03 16:42:42 baseweed-admin dbus-run-session[1031]:   WARN scene: qs:/usr/share/quickshell/qdshell/Modules/Bar/Widgets/Taskbar.qml[982:5]: Unable to assign QJSValue to QObject*
Oct 03 16:42:42 baseweed-admin dbus-run-session[1031]:   WARN scene: qs:/usr/share/quickshell/qdshell/Modules/Bar/Widgets/Taskbar.qml[982:5]: Unable to assign QJSValue to QObject*
Oct 03 16:42:42 baseweed-admin dbus-run-session[1031]:   WARN scene: qs:/usr/share/quickshell/qdshell/Modules/Bar/Widgets/Taskbar.qml[982:5]: Unable to assign QJSValue to QObject*
Oct 03 16:42:42 baseweed-admin dbus-run-session[1031]:   WARN scene: @Services/Control/HooksService.qml[17:5]: Unable to assign QJSValue to QObject*
Oct 03 16:42:42 baseweed-admin dbus-run-session[1031]:   WARN scene: @Services/Location/NightLightService.qml[97:5]: Unable to assign QJSValue to QObject*
Oct 03 16:42:42 baseweed-admin dbus-run-session[1031]:   INFO qml: [20261003-164242]    ColorScheme Applying color scheme: Qdshell (default)
Oct 03 16:42:42 baseweed-admin dbus-run-session[1031]:   INFO qml: [20261003-164242]           Font Service started
Oct 03 16:42:42 baseweed-admin weston[937]: [16:42:42.863] qdwin: layer-shell get_layer_surface ns=qdshell-wallpaper-Virtual-1 layer=0 output=0x55eaaffb49f0
Oct 03 16:42:42 baseweed-admin weston[937]: [16:42:42.863] qdwin: layer-shell configure ns=qdshell-wallpaper-Virtual-1 layer=0 box=0,0 1920x1080 serial=14
Oct 03 16:42:42 baseweed-admin weston[937]: [16:42:42.863] qdwin: layer-shell get_layer_surface ns=qdshell-wallpaper-pipewire-0 layer=0 output=0x55eaaffb5f50
Oct 03 16:42:42 baseweed-admin weston[937]: [16:42:42.863] qdwin: layer-shell configure ns=qdshell-wallpaper-pipewire-0 layer=0 box=1920,0 640x480 serial=15
Oct 03 16:42:42 baseweed-admin weston[937]: [16:42:42.863] qdwin: layer-shell get_layer_surface ns=qdshell-wallpaper-pipewire-1 layer=0 output=0x55eaaffdb900
Oct 03 16:42:42 baseweed-admin weston[937]: [16:42:42.863] qdwin: layer-shell configure ns=qdshell-wallpaper-pipewire-1 layer=0 box=2560,0 640x480 serial=16
Oct 03 16:42:42 baseweed-admin dbus-run-session[1031]:   WARN qml: [20261003-164242]        Network Connectivity check error: Error: Not authorized to recheck connectivity.
Oct 03 16:42:42 baseweed-admin dbus-run-session[1031]:  ERROR qml: [20261003-164242]  PluginService Empty response from Qdshell Plugins
Oct 03 16:42:42 baseweed-admin dbus-run-session[1031]:  ERROR qml: [20261003-164242]  PluginService Failed to fetch registry from Qdshell Plugins - exit code: 1
Oct 03 16:42:43 baseweed-admin dbus-run-session[1031]:   INFO qml: [20261003-164243]        PodApps cache refresh loaded 0 apps
Oct 03 16:42:43 baseweed-admin systemd[870]: qdistro-polkit-agent.service: Scheduled restart job, restart counter is at 4.
Oct 03 16:42:43 baseweed-admin systemd[870]: Started qdistro polkit authentication agent (PAM / fprintd / broker).
Oct 03 16:42:43 baseweed-admin weston[937]: [16:42:43.978] qdwin: layer-shell mapped ns=qdshell-wallpaper-Virtual-1 layer=0 at 0,0 1920x1080
Oct 03 16:42:44 baseweed-admin qdistro-polkit-agent[1830]: registration failed: org.freedesktop.PolicyKit1.Error.Failed: Cannot determine session the caller is in
Oct 03 16:42:44 baseweed-admin python3[1830]: qdistro-polkit-agent: registration failed: org.freedesktop.PolicyKit1.Error.Failed: Cannot determine session the caller is in
Oct 03 16:42:44 baseweed-admin systemd[870]: Started podman-1881.scope.
Oct 03 16:42:44 baseweed-admin systemd[870]: qdistro-polkit-agent.service: Main process exited, code=exited, status=1/FAILURE
Oct 03 16:42:44 baseweed-admin systemd[870]: qdistro-polkit-agent.service: Failed with result 'exit-code'.
Oct 03 16:42:44 baseweed-admin systemd[870]: Started podman-1990.scope.
Oct 03 16:42:45 baseweed-admin weston[937]: [16:42:45.026] qdwin: layer-shell mapped ns=qdshell-wallpaper-pipewire-0 layer=0 at 1920,0 640x480
Oct 03 16:42:45 baseweed-admin weston[937]: [16:42:45.113] qdwin: layer-shell mapped ns=qdshell-wallpaper-pipewire-1 layer=0 at 2560,0 640x480
Oct 03 16:42:45 baseweed-admin weston[937]: [16:42:45.350] qdwin: layer-shell get_layer_surface ns=qdshell-osd-Virtual-1 layer=3 output=0x55eaaffb49f0
Oct 03 16:42:45 baseweed-admin weston[937]: [16:42:45.350] qdwin: layer-shell configure ns=qdshell-osd-Virtual-1 layer=3 box=1591,40 320x72 serial=17
Oct 03 16:42:45 baseweed-admin weston[937]: [16:42:45.350] qdwin: layer-shell get_layer_surface ns=qdshell-osd-pipewire-0 layer=3 output=0x55eaaffb5f50
Oct 03 16:42:45 baseweed-admin weston[937]: [16:42:45.350] qdwin: layer-shell configure ns=qdshell-osd-pipewire-0 layer=3 box=2231,40 320x72 serial=18
Oct 03 16:42:45 baseweed-admin weston[937]: [16:42:45.350] qdwin: layer-shell get_layer_surface ns=qdshell-osd-pipewire-1 layer=3 output=0x55eaaffdb900
Oct 03 16:42:45 baseweed-admin weston[937]: [16:42:45.350] qdwin: layer-shell configure ns=qdshell-osd-pipewire-1 layer=3 box=2871,40 320x72 serial=19
Oct 03 16:42:45 baseweed-admin systemd[870]: Started podman-2103.scope.
Oct 03 16:42:46 baseweed-admin systemd[870]: Started podman-2123.scope.
Oct 03 16:42:46 baseweed-admin weston[937]: [16:42:46.035] qdwin: layer-shell mapped ns=qdshell-osd-Virtual-1 layer=3 at 1591,40 320x72
Oct 03 16:42:46 baseweed-admin systemd[870]: Started podman-2150.scope.
Oct 03 16:42:46 baseweed-admin weston[937]: [16:42:46.433] qdwin: layer-shell mapped ns=qdshell-osd-pipewire-0 layer=3 at 2231,40 320x72
Oct 03 16:42:46 baseweed-admin weston[937]: [16:42:46.996] qdwin: layer-shell mapped ns=qdshell-osd-pipewire-1 layer=3 at 2871,40 320x72
Oct 03 16:42:47 baseweed-admin dbus-run-session[1031]:   INFO qml: [20261003-164247]           Font Loaded 11 fonts, 3 monospace
Oct 03 16:42:47 baseweed-admin systemd[870]: qdistro-polkit-agent.service: Scheduled restart job, restart counter is at 5.
Oct 03 16:42:47 baseweed-admin systemd[870]: Started qdistro polkit authentication agent (PAM / fprintd / broker).
Oct 03 16:42:47 baseweed-admin dbus-run-session[1031]:   WARN: Process failed to start, likely because the binary could not be found. Command: QList("bluetoothctl", "show")
Oct 03 16:42:47 baseweed-admin dbus-run-session[1031]:   INFO qml: [20261003-164247]           Time Time jump detected (11s) - likely system resume
Oct 03 16:42:47 baseweed-admin dbus-run-session[1031]:   INFO qml: [20261003-164247]        Network System resumed - forcing state poll
Oct 03 16:42:47 baseweed-admin dbus-run-session[1031]:   INFO qml: [20261003-164247]     SystemStat System resumed - resetting differential state
Oct 03 16:42:47 baseweed-admin dbus-run-session[1031]:   INFO qml: [20261003-164247] DarkModeServic System resumed - re-evaluating dark mode
Oct 03 16:42:47 baseweed-admin dbus-run-session[1031]:   INFO qml: [20261003-164247]     NightLight System resumed - re-applying night light
Oct 03 16:42:47 baseweed-admin dbus-run-session[1031]:   INFO qml: [20261003-164247]      Bluetooth System resumed - forcing state poll
Oct 03 16:42:47 baseweed-admin qdistro-polkit-agent[2189]: registration failed: org.freedesktop.PolicyKit1.Error.Failed: Cannot determine session the caller is in
Oct 03 16:42:47 baseweed-admin python3[2189]: qdistro-polkit-agent: registration failed: org.freedesktop.PolicyKit1.Error.Failed: Cannot determine session the caller is in
Oct 03 16:42:47 baseweed-admin systemd[870]: qdistro-polkit-agent.service: Main process exited, code=exited, status=1/FAILURE
Oct 03 16:42:47 baseweed-admin systemd[870]: qdistro-polkit-agent.service: Failed with result 'exit-code'.
Oct 03 16:42:48 baseweed-admin dbus-run-session[1031]:   WARN qml: [20261003-164248]        Network Connectivity check error: Error: Not authorized to recheck connectivity.
Oct 03 16:42:48 baseweed-admin dbus-run-session[1031]:   WARN qml: [20261003-164248]     SystemStat No supported temperature sensor found
Oct 03 16:42:48 baseweed-admin dbus-run-session[1031]:   WARN: Process failed to start, likely because the binary could not be found. Command: QList("bluetoothctl", "show")
Oct 03 16:42:48 baseweed-admin dbus-run-session[1031]:   INFO qml: [20261003-164248] DarkModeServic Resume retry - re-evaluating dark mode again
Oct 03 16:42:48 baseweed-admin dbus-run-session[1031]:   INFO qml: [20261003-164248]     NightLight Resume retry - re-applying night light again
Oct 03 16:42:48 baseweed-admin dbus-run-session[1031]:   WARN: Process failed to start, likely because the binary could not be found. Command: QList("bluetoothctl", "show")
Oct 03 16:42:50 baseweed-admin dbus-run-session[1031]:   WARN: Process failed to start, likely because the binary could not be found. Command: QList("bluetoothctl", "show")
Oct 03 16:42:51 baseweed-admin systemd[870]: qdistro-polkit-agent.service: Scheduled restart job, restart counter is at 6.
Oct 03 16:42:51 baseweed-admin systemd[870]: Started qdistro polkit authentication agent (PAM / fprintd / broker).
Oct 03 16:42:51 baseweed-admin qdistro-polkit-agent[2298]: registration failed: org.freedesktop.PolicyKit1.Error.Failed: Cannot determine session the caller is in
Oct 03 16:42:51 baseweed-admin python3[2298]: qdistro-polkit-agent: registration failed: org.freedesktop.PolicyKit1.Error.Failed: Cannot determine session the caller is in
Oct 03 16:42:51 baseweed-admin systemd[870]: qdistro-polkit-agent.service: Main process exited, code=exited, status=1/FAILURE
Oct 03 16:42:51 baseweed-admin systemd[870]: qdistro-polkit-agent.service: Failed with result 'exit-code'.
Oct 03 16:42:52 baseweed-admin dbus-run-session[1031]:   WARN: Process failed to start, likely because the binary could not be found. Command: QList("bluetoothctl", "show")
Oct 03 16:42:54 baseweed-admin dbus-run-session[1031]:   WARN: Process failed to start, likely because the binary could not be found. Command: QList("bluetoothctl", "show")
Oct 03 16:42:54 baseweed-admin systemd[870]: qdistro-polkit-agent.service: Scheduled restart job, restart counter is at 7.
Oct 03 16:42:54 baseweed-admin systemd[870]: Started qdistro polkit authentication agent (PAM / fprintd / broker).
Oct 03 16:42:54 baseweed-admin qdistro-polkit-agent[2422]: registration failed: org.freedesktop.PolicyKit1.Error.Failed: Cannot determine session the caller is in
Oct 03 16:42:54 baseweed-admin python3[2422]: qdistro-polkit-agent: registration failed: org.freedesktop.PolicyKit1.Error.Failed: Cannot determine session the caller is in
Oct 03 16:42:54 baseweed-admin systemd[870]: qdistro-polkit-agent.service: Main process exited, code=exited, status=1/FAILURE
Oct 03 16:42:54 baseweed-admin systemd[870]: qdistro-polkit-agent.service: Failed with result 'exit-code'.
Oct 03 16:42:56 baseweed-admin dbus-run-session[1031]:   WARN: Process failed to start, likely because the binary could not be found. Command: QList("bluetoothctl", "show")
Oct 03 16:42:56 baseweed-admin systemd[870]: selinux: avc:  denied  { start } for auid=n/a uid=1000 gid=1000 cmdline="podman image exists localhost/tier3s-probe:empty" function="method_start_transient_unit" scontext=system_u:system_r:virt_qemu_ga_t:s0 tcontext=unconfined_u:unconfined_r:unconfined_t:s0-s0:c0.c1023 tclass=system permissive=1
Oct 03 16:42:56 baseweed-admin systemd[870]: Started podman-2588.scope.
Oct 03 16:42:56 baseweed-admin systemd[870]: Started podman-2601.scope.
Oct 03 16:42:56 baseweed-admin dbus-run-session[1031]:   WARN qml: [20261003-164256]       Location Weather is still fetching
Oct 03 16:42:56 baseweed-admin dbus-run-session[1031]:  ERROR qml: [20261003-164256]       Location Geocoding error: 0
Oct 03 16:42:56 baseweed-admin podman[2601]: 2026-10-03 16:42:56.659128219 +0000 UTC m=+0.425408188 image tag e554488b3d49a06606a2dec3933710ce585fead3c8fc1eaa2e06da8e3f3d81d2 localhost/tier3s-probe:empty
Oct 03 16:42:56 baseweed-admin systemd[870]: Started podman-2623.scope.
Oct 03 16:42:56 baseweed-admin podman[2623]: 2026-10-03 16:42:56.744296562 +0000 UTC m=+0.035640404 image pull e554488b3d49a06606a2dec3933710ce585fead3c8fc1eaa2e06da8e3f3d81d2 localhost/tier3s-probe:empty
Oct 03 16:42:57 baseweed-admin podman[2623]: 2026-10-03 16:42:57.39110416 +0000 UTC m=+0.682447992 container create a38ce2534dbdaf5d5a017a55fc47bef665c2267e819141e5c82edb486a14de06 (image=localhost/tier3s-probe:empty, name=tier3s-probe-2451)
Oct 03 16:42:57 baseweed-admin systemd[870]: Started podman-2636.scope.
Oct 03 16:42:57 baseweed-admin systemd[870]: Started podman-2655.scope.
Oct 03 16:42:57 baseweed-admin systemd[870]: Started podman-2665.scope.
Oct 03 16:42:57 baseweed-admin dbus-run-session[1031]:   WARN qml: [20261003-164257]        Network Connectivity check error: Error: Not authorized to recheck connectivity.
Oct 03 16:42:57 baseweed-admin systemd[870]: qdistro-polkit-agent.service: Scheduled restart job, restart counter is at 8.
Oct 03 16:42:57 baseweed-admin systemd[870]: Started qdistro polkit authentication agent (PAM / fprintd / broker).
Oct 03 16:42:58 baseweed-admin qdistro-polkit-agent[2681]: registration failed: org.freedesktop.PolicyKit1.Error.Failed: Cannot determine session the caller is in
Oct 03 16:42:58 baseweed-admin python3[2681]: qdistro-polkit-agent: registration failed: org.freedesktop.PolicyKit1.Error.Failed: Cannot determine session the caller is in
Oct 03 16:42:58 baseweed-admin systemd[870]: qdistro-polkit-agent.service: Main process exited, code=exited, status=1/FAILURE
Oct 03 16:42:58 baseweed-admin systemd[870]: qdistro-polkit-agent.service: Failed with result 'exit-code'.
Oct 03 16:42:58 baseweed-admin dbus-run-session[1031]:   WARN: Process failed to start, likely because the binary could not be found. Command: QList("bluetoothctl", "show")
Oct 03 16:42:58 baseweed-admin podman[2665]: 2026-10-03 16:42:58.879075766 +0000 UTC m=+1.272562222 container remove a38ce2534dbdaf5d5a017a55fc47bef665c2267e819141e5c82edb486a14de06 (image=localhost/tier3s-probe:empty, name=tier3s-probe-2451)
Oct 03 16:42:59 baseweed-admin systemd[870]: Started podman-2742.scope.
Oct 03 16:42:59 baseweed-admin systemd[870]: Started podman-2753.scope.
Oct 03 16:43:00 baseweed-admin dbus-run-session[1031]:   WARN: Process failed to start, likely because the binary could not be found. Command: QList("bluetoothctl", "show")
Oct 03 16:43:01 baseweed-admin systemd[870]: qdistro-polkit-agent.service: Scheduled restart job, restart counter is at 9.
Oct 03 16:43:01 baseweed-admin systemd[870]: Started qdistro polkit authentication agent (PAM / fprintd / broker).
Oct 03 16:43:01 baseweed-admin qdistro-polkit-agent[2789]: registration failed: org.freedesktop.PolicyKit1.Error.Failed: Cannot determine session the caller is in
Oct 03 16:43:01 baseweed-admin python3[2789]: qdistro-polkit-agent: registration failed: org.freedesktop.PolicyKit1.Error.Failed: Cannot determine session the caller is in
Oct 03 16:43:01 baseweed-admin systemd[870]: qdistro-polkit-agent.service: Main process exited, code=exited, status=1/FAILURE
Oct 03 16:43:01 baseweed-admin systemd[870]: qdistro-polkit-agent.service: Failed with result 'exit-code'.
Oct 03 16:43:02 baseweed-admin dbus-run-session[1031]:   WARN: Process failed to start, likely because the binary could not be found. Command: QList("bluetoothctl", "show")
Oct 03 16:43:04 baseweed-admin dbus-run-session[1031]:   WARN: Process failed to start, likely because the binary could not be found. Command: QList("bluetoothctl", "show")
Oct 03 16:43:04 baseweed-admin systemd[870]: qdistro-polkit-agent.service: Scheduled restart job, restart counter is at 10.
Oct 03 16:43:04 baseweed-admin systemd[870]: Started qdistro polkit authentication agent (PAM / fprintd / broker).
Oct 03 16:43:04 baseweed-admin qdistro-polkit-agent[2849]: registration failed: org.freedesktop.PolicyKit1.Error.Failed: Cannot determine session the caller is in
Oct 03 16:43:04 baseweed-admin python3[2849]: qdistro-polkit-agent: registration failed: org.freedesktop.PolicyKit1.Error.Failed: Cannot determine session the caller is in
Oct 03 16:43:04 baseweed-admin systemd[870]: qdistro-polkit-agent.service: Main process exited, code=exited, status=1/FAILURE
Oct 03 16:43:04 baseweed-admin systemd[870]: qdistro-polkit-agent.service: Failed with result 'exit-code'.
Oct 03 16:43:06 baseweed-admin dbus-run-session[1031]:   WARN: Process failed to start, likely because the binary could not be found. Command: QList("bluetoothctl", "show")
Oct 03 16:43:06 baseweed-admin dbus-run-session[1031]:   INFO qml: [20261003-164306]        PodApps cache refresh loaded 0 apps
Oct 03 16:43:07 baseweed-admin systemd[870]: qdistro-polkit-agent.service: Scheduled restart job, restart counter is at 11.
Oct 03 16:43:07 baseweed-admin systemd[870]: Started qdistro polkit authentication agent (PAM / fprintd / broker).
Oct 03 16:43:07 baseweed-admin qdistro-polkit-agent[2869]: registration failed: org.freedesktop.PolicyKit1.Error.Failed: Cannot determine session the caller is in
Oct 03 16:43:07 baseweed-admin python3[2869]: qdistro-polkit-agent: registration failed: org.freedesktop.PolicyKit1.Error.Failed: Cannot determine session the caller is in
Oct 03 16:43:07 baseweed-admin systemd[870]: qdistro-polkit-agent.service: Main process exited, code=exited, status=1/FAILURE
Oct 03 16:43:07 baseweed-admin systemd[870]: qdistro-polkit-agent.service: Failed with result 'exit-code'.
Oct 03 16:43:08 baseweed-admin dbus-run-session[1031]:   WARN: Process failed to start, likely because the binary could not be found. Command: QList("bluetoothctl", "show")
Oct 03 16:43:08 baseweed-admin podman[2753]: 2026-10-03 16:43:08.91850786 +0000 UTC m=+9.373831750 image loadfromarchive 1eee52a21ad86f065d227988b4ff8e279fe838e4ed84ee77f2aed0d372deae92 /var/tmp/t3s-img/image.oci.tar
Oct 03 16:43:08 baseweed-admin systemd[870]: podman-2753.scope: Consumed 3.408s CPU time over 9.348s wall clock time.
Oct 03 16:43:08 baseweed-admin systemd[870]: Started podman-2942.scope.
Oct 03 16:43:09 baseweed-admin systemd[870]: Started podman-2954.scope.
Oct 03 16:43:09 baseweed-admin systemd[870]: Started podman-2965.scope.
Oct 03 16:43:10 baseweed-admin dbus-run-session[1031]:   WARN: Process failed to start, likely because the binary could not be found. Command: QList("bluetoothctl", "show")
Oct 03 16:43:10 baseweed-admin systemd[870]: Started podman-2996.scope.
Oct 03 16:43:10 baseweed-admin systemd[870]: Started podman-3007.scope.
Oct 03 16:43:10 baseweed-admin systemd[870]: qdistro-polkit-agent.service: Scheduled restart job, restart counter is at 12.
Oct 03 16:43:10 baseweed-admin systemd[870]: Started qdistro polkit authentication agent (PAM / fprintd / broker).
Oct 03 16:43:11 baseweed-admin qdistro-polkit-agent[3022]: registration failed: org.freedesktop.PolicyKit1.Error.Failed: Cannot determine session the caller is in
Oct 03 16:43:11 baseweed-admin python3[3022]: qdistro-polkit-agent: registration failed: org.freedesktop.PolicyKit1.Error.Failed: Cannot determine session the caller is in
Oct 03 16:43:11 baseweed-admin systemd[870]: qdistro-polkit-agent.service: Main process exited, code=exited, status=1/FAILURE
Oct 03 16:43:11 baseweed-admin systemd[870]: qdistro-polkit-agent.service: Failed with result 'exit-code'.
Oct 03 16:43:12 baseweed-admin dbus-run-session[1031]:   WARN: Process failed to start, likely because the binary could not be found. Command: QList("bluetoothctl", "show")
Oct 03 16:43:12 baseweed-admin dbus-run-session[1031]:   WARN qml: [20261003-164312]        Network Connectivity check error: Error: Not authorized to recheck connectivity.
Oct 03 16:43:14 baseweed-admin dbus-run-session[1031]:   WARN: Process failed to start, likely because the binary could not be found. Command: QList("bluetoothctl", "show")
Oct 03 16:43:14 baseweed-admin systemd[870]: qdistro-polkit-agent.service: Scheduled restart job, restart counter is at 13.
Oct 03 16:43:14 baseweed-admin systemd[870]: Started qdistro polkit authentication agent (PAM / fprintd / broker).
Oct 03 16:43:14 baseweed-admin qdistro-polkit-agent[3061]: registration failed: org.freedesktop.PolicyKit1.Error.Failed: Cannot determine session the caller is in
Oct 03 16:43:14 baseweed-admin python3[3061]: qdistro-polkit-agent: registration failed: org.freedesktop.PolicyKit1.Error.Failed: Cannot determine session the caller is in
Oct 03 16:43:14 baseweed-admin systemd[870]: qdistro-polkit-agent.service: Main process exited, code=exited, status=1/FAILURE
Oct 03 16:43:14 baseweed-admin systemd[870]: qdistro-polkit-agent.service: Failed with result 'exit-code'.
Oct 03 16:43:16 baseweed-admin dbus-run-session[1031]:   WARN: Process failed to start, likely because the binary could not be found. Command: QList("bluetoothctl", "show")
Oct 03 16:43:16 baseweed-admin dbus-run-session[1031]:   WARN qml: [20261003-164316]       Location Weather is still fetching
Oct 03 16:43:16 baseweed-admin dbus-run-session[1031]:  ERROR qml: [20261003-164316]       Location Geocoding error: 0
Oct 03 16:43:17 baseweed-admin systemd[870]: qdistro-polkit-agent.service: Scheduled restart job, restart counter is at 14.
Oct 03 16:43:17 baseweed-admin systemd[870]: Started qdistro polkit authentication agent (PAM / fprintd / broker).
Oct 03 16:43:17 baseweed-admin qdistro-polkit-agent[3075]: registration failed: org.freedesktop.PolicyKit1.Error.Failed: Cannot determine session the caller is in
Oct 03 16:43:17 baseweed-admin python3[3075]: qdistro-polkit-agent: registration failed: org.freedesktop.PolicyKit1.Error.Failed: Cannot determine session the caller is in
Oct 03 16:43:17 baseweed-admin systemd[870]: qdistro-polkit-agent.service: Main process exited, code=exited, status=1/FAILURE
Oct 03 16:43:17 baseweed-admin systemd[870]: qdistro-polkit-agent.service: Failed with result 'exit-code'.
Oct 03 16:43:18 baseweed-admin dbus-run-session[1031]:   WARN: Process failed to start, likely because the binary could not be found. Command: QList("bluetoothctl", "show")
Oct 03 16:43:20 baseweed-admin dbus-run-session[1031]:   WARN: Process failed to start, likely because the binary could not be found. Command: QList("bluetoothctl", "show")
Oct 03 16:43:20 baseweed-admin systemd[870]: qdistro-polkit-agent.service: Scheduled restart job, restart counter is at 15.
Oct 03 16:43:20 baseweed-admin systemd[870]: Started qdistro polkit authentication agent (PAM / fprintd / broker).
Oct 03 16:43:20 baseweed-admin qdistro-polkit-agent[3089]: registration failed: org.freedesktop.PolicyKit1.Error.Failed: Cannot determine session the caller is in
Oct 03 16:43:20 baseweed-admin python3[3089]: qdistro-polkit-agent: registration failed: org.freedesktop.PolicyKit1.Error.Failed: Cannot determine session the caller is in
Oct 03 16:43:20 baseweed-admin systemd[870]: qdistro-polkit-agent.service: Main process exited, code=exited, status=1/FAILURE
Oct 03 16:43:20 baseweed-admin systemd[870]: qdistro-polkit-agent.service: Failed with result 'exit-code'.
Oct 03 16:43:22 baseweed-admin dbus-run-session[1031]:   WARN: Process failed to start, likely because the binary could not be found. Command: QList("bluetoothctl", "show")
Oct 03 16:43:23 baseweed-admin systemd[870]: qdistro-polkit-agent.service: Scheduled restart job, restart counter is at 16.
Oct 03 16:43:23 baseweed-admin systemd[870]: Started qdistro polkit authentication agent (PAM / fprintd / broker).
Oct 03 16:43:24 baseweed-admin qdistro-polkit-agent[3103]: registration failed: org.freedesktop.PolicyKit1.Error.Failed: Cannot determine session the caller is in
Oct 03 16:43:24 baseweed-admin python3[3103]: qdistro-polkit-agent: registration failed: org.freedesktop.PolicyKit1.Error.Failed: Cannot determine session the caller is in
Oct 03 16:43:24 baseweed-admin systemd[870]: qdistro-polkit-agent.service: Main process exited, code=exited, status=1/FAILURE
Oct 03 16:43:24 baseweed-admin systemd[870]: qdistro-polkit-agent.service: Failed with result 'exit-code'.
Oct 03 16:43:24 baseweed-admin dbus-run-session[1031]:   WARN: Process failed to start, likely because the binary could not be found. Command: QList("bluetoothctl", "show")
Oct 03 16:43:26 baseweed-admin dbus-run-session[1031]:   WARN: Process failed to start, likely because the binary could not be found. Command: QList("bluetoothctl", "show")
Oct 03 16:43:27 baseweed-admin systemd[870]: qdistro-polkit-agent.service: Scheduled restart job, restart counter is at 17.
Oct 03 16:43:27 baseweed-admin systemd[870]: Started qdistro polkit authentication agent (PAM / fprintd / broker).
Oct 03 16:43:27 baseweed-admin qdistro-polkit-agent[3118]: registration failed: org.freedesktop.PolicyKit1.Error.Failed: Cannot determine session the caller is in
Oct 03 16:43:27 baseweed-admin python3[3118]: qdistro-polkit-agent: registration failed: org.freedesktop.PolicyKit1.Error.Failed: Cannot determine session the caller is in
Oct 03 16:43:27 baseweed-admin systemd[870]: qdistro-polkit-agent.service: Main process exited, code=exited, status=1/FAILURE
Oct 03 16:43:27 baseweed-admin systemd[870]: qdistro-polkit-agent.service: Failed with result 'exit-code'.
Oct 03 16:43:27 baseweed-admin dbus-run-session[1031]:   WARN qml: [20261003-164327]        Network Connectivity check error: Error: Not authorized to recheck connectivity.
Oct 03 16:43:28 baseweed-admin dbus-run-session[1031]:   WARN: Process failed to start, likely because the binary could not be found. Command: QList("bluetoothctl", "show")
Oct 03 16:43:30 baseweed-admin dbus-run-session[1031]:   WARN: Process failed to start, likely because the binary could not be found. Command: QList("bluetoothctl", "show")
Oct 03 16:43:30 baseweed-admin systemd[870]: qdistro-polkit-agent.service: Scheduled restart job, restart counter is at 18.
Oct 03 16:43:30 baseweed-admin systemd[870]: Started qdistro polkit authentication agent (PAM / fprintd / broker).
Oct 03 16:43:30 baseweed-admin qdistro-polkit-agent[3150]: registration failed: org.freedesktop.PolicyKit1.Error.Failed: Cannot determine session the caller is in
Oct 03 16:43:30 baseweed-admin python3[3150]: qdistro-polkit-agent: registration failed: org.freedesktop.PolicyKit1.Error.Failed: Cannot determine session the caller is in
Oct 03 16:43:30 baseweed-admin systemd[870]: qdistro-polkit-agent.service: Main process exited, code=exited, status=1/FAILURE
Oct 03 16:43:30 baseweed-admin systemd[870]: qdistro-polkit-agent.service: Failed with result 'exit-code'.
Oct 03 16:43:32 baseweed-admin dbus-run-session[1031]:   WARN: Process failed to start, likely because the binary could not be found. Command: QList("bluetoothctl", "show")
Oct 03 16:43:33 baseweed-admin systemd[870]: qdistro-polkit-agent.service: Scheduled restart job, restart counter is at 19.
Oct 03 16:43:33 baseweed-admin systemd[870]: Started qdistro polkit authentication agent (PAM / fprintd / broker).
Oct 03 16:43:33 baseweed-admin qdistro-polkit-agent[3165]: registration failed: org.freedesktop.PolicyKit1.Error.Failed: Cannot determine session the caller is in
Oct 03 16:43:33 baseweed-admin python3[3165]: qdistro-polkit-agent: registration failed: org.freedesktop.PolicyKit1.Error.Failed: Cannot determine session the caller is in
Oct 03 16:43:33 baseweed-admin systemd[870]: qdistro-polkit-agent.service: Main process exited, code=exited, status=1/FAILURE
Oct 03 16:43:33 baseweed-admin systemd[870]: qdistro-polkit-agent.service: Failed with result 'exit-code'.
Oct 03 16:43:34 baseweed-admin dbus-run-session[1031]:   WARN: Process failed to start, likely because the binary could not be found. Command: QList("bluetoothctl", "show")
Oct 03 16:43:36 baseweed-admin dbus-run-session[1031]:   WARN: Process failed to start, likely because the binary could not be found. Command: QList("bluetoothctl", "show")
Oct 03 16:43:36 baseweed-admin dbus-run-session[1031]:   WARN qml: [20261003-164336]       Location Weather is still fetching
Oct 03 16:43:36 baseweed-admin dbus-run-session[1031]:  ERROR qml: [20261003-164336]       Location Geocoding error: 0
Oct 03 16:43:36 baseweed-admin dbus-run-session[1031]:   INFO qml: [20261003-164336]        PodApps cache refresh loaded 0 apps
Oct 03 16:43:36 baseweed-admin systemd[870]: qdistro-polkit-agent.service: Scheduled restart job, restart counter is at 20.
Oct 03 16:43:36 baseweed-admin systemd[870]: Started qdistro polkit authentication agent (PAM / fprintd / broker).
Oct 03 16:43:37 baseweed-admin qdistro-polkit-agent[3185]: registration failed: org.freedesktop.PolicyKit1.Error.Failed: Cannot determine session the caller is in
Oct 03 16:43:37 baseweed-admin python3[3185]: qdistro-polkit-agent: registration failed: org.freedesktop.PolicyKit1.Error.Failed: Cannot determine session the caller is in
Oct 03 16:43:37 baseweed-admin systemd[870]: qdistro-polkit-agent.service: Main process exited, code=exited, status=1/FAILURE
Oct 03 16:43:37 baseweed-admin systemd[870]: qdistro-polkit-agent.service: Failed with result 'exit-code'.
Oct 03 16:43:38 baseweed-admin dbus-run-session[1031]:   WARN: Process failed to start, likely because the binary could not be found. Command: QList("bluetoothctl", "show")
Oct 03 16:43:40 baseweed-admin dbus-run-session[1031]:   WARN: Process failed to start, likely because the binary could not be found. Command: QList("bluetoothctl", "show")
Oct 03 16:43:40 baseweed-admin systemd[870]: qdistro-polkit-agent.service: Scheduled restart job, restart counter is at 21.
Oct 03 16:43:40 baseweed-admin systemd[870]: Started qdistro polkit authentication agent (PAM / fprintd / broker).
Oct 03 16:43:40 baseweed-admin qdistro-polkit-agent[3246]: registration failed: org.freedesktop.PolicyKit1.Error.Failed: Cannot determine session the caller is in
Oct 03 16:43:40 baseweed-admin python3[3246]: qdistro-polkit-agent: registration failed: org.freedesktop.PolicyKit1.Error.Failed: Cannot determine session the caller is in
Oct 03 16:43:40 baseweed-admin systemd[870]: qdistro-polkit-agent.service: Main process exited, code=exited, status=1/FAILURE
Oct 03 16:43:40 baseweed-admin systemd[870]: qdistro-polkit-agent.service: Failed with result 'exit-code'.
Oct 03 16:43:42 baseweed-admin dbus-run-session[1031]:   WARN: Process failed to start, likely because the binary could not be found. Command: QList("bluetoothctl", "show")
Oct 03 16:43:42 baseweed-admin dbus-run-session[1031]:   WARN qml: [20261003-164342]        Network Connectivity check error: Error: Not authorized to recheck connectivity.
Oct 03 16:43:43 baseweed-admin systemd[870]: qdistro-polkit-agent.service: Scheduled restart job, restart counter is at 22.
Oct 03 16:43:43 baseweed-admin systemd[870]: Started qdistro polkit authentication agent (PAM / fprintd / broker).
Oct 03 16:43:43 baseweed-admin qdistro-polkit-agent[3302]: registration failed: org.freedesktop.PolicyKit1.Error.Failed: Cannot determine session the caller is in
Oct 03 16:43:43 baseweed-admin python3[3302]: qdistro-polkit-agent: registration failed: org.freedesktop.PolicyKit1.Error.Failed: Cannot determine session the caller is in
Oct 03 16:43:43 baseweed-admin systemd[870]: qdistro-polkit-agent.service: Main process exited, code=exited, status=1/FAILURE
Oct 03 16:43:43 baseweed-admin systemd[870]: qdistro-polkit-agent.service: Failed with result 'exit-code'.
Oct 03 16:43:44 baseweed-admin dbus-run-session[1031]:   WARN: Process failed to start, likely because the binary could not be found. Command: QList("bluetoothctl", "show")
Oct 03 16:43:46 baseweed-admin dbus-run-session[1031]:   WARN: Process failed to start, likely because the binary could not be found. Command: QList("bluetoothctl", "show")
Oct 03 16:43:46 baseweed-admin systemd[870]: qdistro-polkit-agent.service: Scheduled restart job, restart counter is at 23.
Oct 03 16:43:46 baseweed-admin systemd[870]: Started qdistro polkit authentication agent (PAM / fprintd / broker).
Oct 03 16:43:47 baseweed-admin systemd[870]: Started podman-3335.scope.
Oct 03 16:43:47 baseweed-admin qdistro-polkit-agent[3323]: registration failed: org.freedesktop.PolicyKit1.Error.Failed: Cannot determine session the caller is in
Oct 03 16:43:47 baseweed-admin python3[3323]: qdistro-polkit-agent: registration failed: org.freedesktop.PolicyKit1.Error.Failed: Cannot determine session the caller is in
Oct 03 16:43:47 baseweed-admin systemd[870]: Started podman-3355.scope.
Oct 03 16:43:47 baseweed-admin systemd[870]: qdistro-polkit-agent.service: Main process exited, code=exited, status=1/FAILURE
Oct 03 16:43:47 baseweed-admin systemd[870]: qdistro-polkit-agent.service: Failed with result 'exit-code'.
Oct 03 16:43:48 baseweed-admin dbus-run-session[1031]:   WARN: Process failed to start, likely because the binary could not be found. Command: QList("bluetoothctl", "show")
Oct 03 16:43:49 baseweed-admin podman[3007]: 2026-10-03 16:43:49.551015246 +0000 UTC m=+39.316837848 image loadfromarchive c1cfa112ea7171ba1c62d14d9adda09e40b530bd9f5b3e76cfaf4e29ff0b345e /var/tmp/t3s-img/tier3s-weston-terminal.oci.tar
Oct 03 16:43:49 baseweed-admin systemd[870]: podman-3007.scope: Consumed 11.793s CPU time over 39.292s wall clock time.
Oct 03 16:43:49 baseweed-admin systemd[870]: Started podman-3431.scope.
Oct 03 16:43:49 baseweed-admin systemd[870]: Started podman-3443.scope.
Oct 03 16:43:49 baseweed-admin systemd[870]: Started podman-3454.scope.
Oct 03 16:43:49 baseweed-admin systemd[870]: selinux: avc:  denied  { status } for auid=n/a uid=1000 gid=1000 path="/home/admin/.config/systemd/user/qdshell.service" cmdline="" function="mac_selinux_filter" scontext=system_u:system_r:virt_qemu_ga_t:s0 tcontext=system_u:object_r:config_home_t:s0 tclass=service permissive=1
Oct 03 16:43:50 baseweed-admin dbus-run-session[1031]:   WARN: Process failed to start, likely because the binary could not be found. Command: QList("bluetoothctl", "show")
Oct 03 16:43:50 baseweed-admin systemd[870]: qdistro-polkit-agent.service: Scheduled restart job, restart counter is at 24.
Oct 03 16:43:50 baseweed-admin systemd[870]: Started qdistro polkit authentication agent (PAM / fprintd / broker).
Oct 03 16:43:50 baseweed-admin qdistro-polkit-agent[3508]: registration failed: org.freedesktop.PolicyKit1.Error.Failed: Cannot determine session the caller is in
Oct 03 16:43:50 baseweed-admin python3[3508]: qdistro-polkit-agent: registration failed: org.freedesktop.PolicyKit1.Error.Failed: Cannot determine session the caller is in
Oct 03 16:43:50 baseweed-admin systemd[870]: Started podman-3529.scope.
Oct 03 16:43:50 baseweed-admin systemd[870]: qdistro-polkit-agent.service: Main process exited, code=exited, status=1/FAILURE
Oct 03 16:43:50 baseweed-admin systemd[870]: qdistro-polkit-agent.service: Failed with result 'exit-code'.
Oct 03 16:43:52 baseweed-admin dbus-run-session[1031]:   WARN: Process failed to start, likely because the binary could not be found. Command: QList("bluetoothctl", "show")
Oct 03 16:43:52 baseweed-admin systemd[870]: Started podman-4071.scope.
Oct 03 16:43:52 baseweed-admin systemd[870]: Started podman-4082.scope.
Oct 03 16:43:52 baseweed-admin podman[4082]: 2026-10-03 16:43:52.922523165 +0000 UTC m=+0.112704596 container create e5bd0db05d7f065366e91dfe4ed69548525694b33d5469e0c13e5b982e2ac86f (image=localhost/tier3s-probe:empty, name=tier3s-probe-3918)
Oct 03 16:43:52 baseweed-admin podman[4082]: 2026-10-03 16:43:52.838382712 +0000 UTC m=+0.028564153 image pull e554488b3d49a06606a2dec3933710ce585fead3c8fc1eaa2e06da8e3f3d81d2 localhost/tier3s-probe:empty
Oct 03 16:43:52 baseweed-admin systemd[870]: Started podman-4093.scope.
Oct 03 16:43:53 baseweed-admin systemd[870]: Started podman-4104.scope.
Oct 03 16:43:53 baseweed-admin systemd[870]: Started podman-4114.scope.
Oct 03 16:43:53 baseweed-admin podman[4114]: 2026-10-03 16:43:53.266805411 +0000 UTC m=+0.219946612 container remove e5bd0db05d7f065366e91dfe4ed69548525694b33d5469e0c13e5b982e2ac86f (image=localhost/tier3s-probe:empty, name=tier3s-probe-3918)
Oct 03 16:43:53 baseweed-admin systemd[870]: Started podman-4128.scope.
Oct 03 16:43:53 baseweed-admin systemd[870]: qdistro-polkit-agent.service: Scheduled restart job, restart counter is at 25.
Oct 03 16:43:53 baseweed-admin systemd[870]: Started podman-4160.scope.
Oct 03 16:43:53 baseweed-admin systemd[870]: Started qdistro polkit authentication agent (PAM / fprintd / broker).
Oct 03 16:43:53 baseweed-admin qdistro-polkit-agent[4169]: registration failed: org.freedesktop.PolicyKit1.Error.Failed: Cannot determine session the caller is in
Oct 03 16:43:53 baseweed-admin python3[4169]: qdistro-polkit-agent: registration failed: org.freedesktop.PolicyKit1.Error.Failed: Cannot determine session the caller is in
Oct 03 16:43:53 baseweed-admin systemd[870]: qdistro-polkit-agent.service: Main process exited, code=exited, status=1/FAILURE
Oct 03 16:43:53 baseweed-admin systemd[870]: qdistro-polkit-agent.service: Failed with result 'exit-code'.
Oct 03 16:43:54 baseweed-admin dbus-run-session[1031]:   WARN: Process failed to start, likely because the binary could not be found. Command: QList("bluetoothctl", "show")
Oct 03 16:43:56 baseweed-admin dbus-run-session[1031]:   WARN: Process failed to start, likely because the binary could not be found. Command: QList("bluetoothctl", "show")
Oct 03 16:43:56 baseweed-admin dbus-run-session[1031]:   WARN qml: [20261003-164356]       Location Weather is still fetching
Oct 03 16:43:56 baseweed-admin dbus-run-session[1031]:  ERROR qml: [20261003-164356]       Location Geocoding error: 0
Oct 03 16:43:56 baseweed-admin systemd[870]: qdistro-polkit-agent.service: Scheduled restart job, restart counter is at 26.
Oct 03 16:43:56 baseweed-admin systemd[870]: Started qdistro polkit authentication agent (PAM / fprintd / broker).
Oct 03 16:43:56 baseweed-admin qdistro-polkit-agent[4710]: registration failed: org.freedesktop.PolicyKit1.Error.Failed: Cannot determine session the caller is in
Oct 03 16:43:56 baseweed-admin python3[4710]: qdistro-polkit-agent: registration failed: org.freedesktop.PolicyKit1.Error.Failed: Cannot determine session the caller is in
Oct 03 16:43:56 baseweed-admin systemd[870]: qdistro-polkit-agent.service: Main process exited, code=exited, status=1/FAILURE
Oct 03 16:43:56 baseweed-admin systemd[870]: qdistro-polkit-agent.service: Failed with result 'exit-code'.
Oct 03 16:43:56 baseweed-admin systemd[870]: Started podman-4761.scope.
Oct 03 16:43:56 baseweed-admin systemd[870]: Started podman-4772.scope.
Oct 03 16:43:57 baseweed-admin podman[4772]: 2026-10-03 16:43:56.978148606 +0000 UTC m=+0.022491701 image pull e554488b3d49a06606a2dec3933710ce585fead3c8fc1eaa2e06da8e3f3d81d2 localhost/tier3s-probe:empty
Oct 03 16:43:57 baseweed-admin dbus-run-session[1031]:   WARN qml: [20261003-164357]        Network Connectivity check error: Error: Not authorized to recheck connectivity.
Oct 03 16:43:58 baseweed-admin dbus-run-session[1031]:   WARN: Process failed to start, likely because the binary could not be found. Command: QList("bluetoothctl", "show")
Oct 03 16:43:58 baseweed-admin podman[4772]: 2026-10-03 16:43:58.468295664 +0000 UTC m=+1.512638749 container create 0023af49caa4c63ffa583808e1864e0cc714a3d927417dafd6e94319ff3dce90 (image=localhost/tier3s-probe:empty, name=tier3s-probe-4621)
Oct 03 16:43:58 baseweed-admin systemd[870]: Started podman-4800.scope.
Oct 03 16:43:58 baseweed-admin systemd[870]: Started podman-4811.scope.
Oct 03 16:43:58 baseweed-admin systemd[870]: Started podman-4821.scope.
Oct 03 16:43:58 baseweed-admin podman[4821]: 2026-10-03 16:43:58.740728943 +0000 UTC m=+0.155222626 container remove 0023af49caa4c63ffa583808e1864e0cc714a3d927417dafd6e94319ff3dce90 (image=localhost/tier3s-probe:empty, name=tier3s-probe-4621)
Oct 03 16:43:58 baseweed-admin qdistro-tier3s-silo-launch[4834]: [resolve-binding] silo 's128a' is untemplated (no binding)
Oct 03 16:43:58 baseweed-admin systemd[870]: Started podman-4865.scope.
Oct 03 16:43:59 baseweed-admin systemd[870]: Started podman-4897.scope.
Oct 03 16:43:59 baseweed-admin weston[937]: [16:43:59.018] qdwin/secctx: helper pid=4916 launcher parent pid=4907 exe unreadable; falling back to verified root-parent + stable-starttime attestation
Oct 03 16:43:59 baseweed-admin weston[937]: [16:43:59.018] qdwin/secctx: helper pid=4916 launcher parent pid=4907 exe unreadable; falling back to verified root-parent + stable-starttime attestation
Oct 03 16:43:59 baseweed-admin weston[937]: [16:43:59.019] qdwin/secctx: helper pid=4916 launcher parent pid=4907 exe unreadable; falling back to verified root-parent + stable-starttime attestation
Oct 03 16:43:59 baseweed-admin weston[937]: [16:43:59.019] qdwin/secctx: helper pid=4916 launcher parent pid=4907 exe unreadable; falling back to verified root-parent + stable-starttime attestation
Oct 03 16:43:59 baseweed-admin weston[937]: [16:43:59.019] qdwin/secctx: manager bound by uid=1000 pid=4916 (helper)
Oct 03 16:43:59 baseweed-admin weston[937]: [16:43:59.019] qdwin/secctx: committed engine=qdistro.tier3s app_id=qdistro.tier3s.s128a instance_id=7a0ef08c23d54c438329a8f84d4bcc0b listen_fd=72 close_fd=73
Oct 03 16:43:59 baseweed-admin weston[937]: [16:43:59.021] qdwin/secctx: client accepted engine=qdistro.tier3s app_id=qdistro.tier3s.s128a instance_id=7a0ef08c23d54c438329a8f84d4bcc0b (total tagged: 1)
Oct 03 16:43:59 baseweed-admin systemd[870]: Started podman-4935.scope.
Oct 03 16:43:59 baseweed-admin podman[4957]: 2026-10-03 16:43:59.221794541 +0000 UTC m=+0.021370767 image pull c1cfa112ea7171ba1c62d14d9adda09e40b530bd9f5b3e76cfaf4e29ff0b345e localhost/qdistro/tier3s-weston-terminal:latest
Oct 03 16:43:59 baseweed-admin systemd[870]: qdistro-polkit-agent.service: Scheduled restart job, restart counter is at 27.
Oct 03 16:43:59 baseweed-admin systemd[870]: Started qdistro polkit authentication agent (PAM / fprintd / broker).
Oct 03 16:44:00 baseweed-admin qdistro-polkit-agent[5023]: registration failed: org.freedesktop.PolicyKit1.Error.Failed: Cannot determine session the caller is in
Oct 03 16:44:00 baseweed-admin python3[5023]: qdistro-polkit-agent: registration failed: org.freedesktop.PolicyKit1.Error.Failed: Cannot determine session the caller is in
Oct 03 16:44:00 baseweed-admin systemd[870]: qdistro-polkit-agent.service: Main process exited, code=exited, status=1/FAILURE
Oct 03 16:44:00 baseweed-admin systemd[870]: qdistro-polkit-agent.service: Failed with result 'exit-code'.
Oct 03 16:44:00 baseweed-admin dbus-run-session[1031]:   WARN: Process failed to start, likely because the binary could not be found. Command: QList("bluetoothctl", "show")
Oct 03 16:44:02 baseweed-admin dbus-run-session[1031]:   WARN: Process failed to start, likely because the binary could not be found. Command: QList("bluetoothctl", "show")
Oct 03 16:44:03 baseweed-admin systemd[870]: qdistro-polkit-agent.service: Scheduled restart job, restart counter is at 28.
Oct 03 16:44:03 baseweed-admin systemd[870]: Started qdistro polkit authentication agent (PAM / fprintd / broker).
Oct 03 16:44:03 baseweed-admin qdistro-polkit-agent[5080]: registration failed: org.freedesktop.PolicyKit1.Error.Failed: Cannot determine session the caller is in
Oct 03 16:44:03 baseweed-admin python3[5080]: qdistro-polkit-agent: registration failed: org.freedesktop.PolicyKit1.Error.Failed: Cannot determine session the caller is in
Oct 03 16:44:03 baseweed-admin systemd[870]: qdistro-polkit-agent.service: Main process exited, code=exited, status=1/FAILURE
Oct 03 16:44:03 baseweed-admin systemd[870]: qdistro-polkit-agent.service: Failed with result 'exit-code'.
Oct 03 16:44:04 baseweed-admin dbus-run-session[1031]:   WARN: Process failed to start, likely because the binary could not be found. Command: QList("bluetoothctl", "show")
Oct 03 16:44:04 baseweed-admin podman[4957]: 2026-10-03 16:44:04.973225805 +0000 UTC m=+5.772802021 container create 68623fef0411f3ecd396db1b28125827101074fa5b29bae467cf0d1b3578630f (image=localhost/qdistro/tier3s-weston-terminal:latest, name=qdistro-tier3s-s128a, org.opensuse.base.reference=registry.opensuse.org/opensuse/tumbleweed:20260930.37.208, org.openbuildservice.disturl=obs://build.opensuse.org/openSUSE:Factory/images/561f9d4c8e4e1a441f95ad4ec6b5a914-opensuse-tumbleweed-image:docker, org.opensuse.base.lifecycle-url=https://en.opensuse.org/Lifetime, org.qdistro.snapshot=20260930, org.opensuse.base.title=openSUSE Tumbleweed Base Container, org.opensuse.base.disturl=obs://build.opensuse.org/openSUSE:Factory/images/561f9d4c8e4e1a441f95ad4ec6b5a914-opensuse-tumbleweed-image:docker, org.opensuse.reference=registry.opensuse.org/opensuse/tumbleweed:20260930.37.208, org.opensuse.base.url=https://www.opensuse.org, org.opencontainers.image.url=https://www.opensuse.org, org.opensuse.lifecycle-url=https://en.opensuse.org/Lifetime, org.opensuse.base.version=20260930.37.208, org.opencontainers.image.description=Image containing a minimal environment for containers based on openSUSE Tumbleweed., org.opensuse.base.created=2026-09-30T20:05:54.126624488Z, org.opencontainers.image.version=20260930.37.208, qdistro_tier3s_token=7a0ef08c23d54c438329a8f84d4bcc0b, org.opencontainers.image.title=openSUSE Tumbleweed Base Container, org.opensuse.base.source=https://build.opensuse.org/package/show/openSUSE:Factory/opensuse-tumbleweed-image?rev=561f9d4c8e4e1a441f95ad4ec6b5a914, org.opencontainers.image.source=https://build.opensuse.org/package/show/openSUSE:Factory/opensuse-tumbleweed-image?rev=561f9d4c8e4e1a441f95ad4ec6b5a914, org.qdistro.tier3s.workload=weston-terminal, io.buildah.version=1.44.1, org.opensuse.base.description=Image containing a minimal environment for containers based on openSUSE Tumbleweed., org.opencontainers.image.created=2026-09-30T20:05:54.126624488Z, qdistro_tier3s_unit=qdistro-tier3s-silo@s128a.service, org.opensuse.base.vendor=openSUSE Project, org.opencontainers.image.vendor=openSUSE Project)
Oct 03 16:44:05 baseweed-admin podman[4957]: 2026-10-03 16:44:05.155065647 +0000 UTC m=+5.954641863 container init 68623fef0411f3ecd396db1b28125827101074fa5b29bae467cf0d1b3578630f (image=localhost/qdistro/tier3s-weston-terminal:latest, name=qdistro-tier3s-s128a, org.opensuse.base.reference=registry.opensuse.org/opensuse/tumbleweed:20260930.37.208, org.opencontainers.image.created=2026-09-30T20:05:54.126624488Z, org.opensuse.base.lifecycle-url=https://en.opensuse.org/Lifetime, org.opensuse.base.url=https://www.opensuse.org, org.qdistro.snapshot=20260930, org.qdistro.tier3s.workload=weston-terminal, org.opensuse.base.created=2026-09-30T20:05:54.126624488Z, org.opencontainers.image.version=20260930.37.208, org.opensuse.base.disturl=obs://build.opensuse.org/openSUSE:Factory/images/561f9d4c8e4e1a441f95ad4ec6b5a914-opensuse-tumbleweed-image:docker, qdistro_tier3s_token=7a0ef08c23d54c438329a8f84d4bcc0b, org.opensuse.base.description=Image containing a minimal environment for containers based on openSUSE Tumbleweed., org.opensuse.base.title=openSUSE Tumbleweed Base Container, org.opensuse.reference=registry.opensuse.org/opensuse/tumbleweed:20260930.37.208, org.openbuildservice.disturl=obs://build.opensuse.org/openSUSE:Factory/images/561f9d4c8e4e1a441f95ad4ec6b5a914-opensuse-tumbleweed-image:docker, org.opensuse.lifecycle-url=https://en.opensuse.org/Lifetime, qdistro_tier3s_unit=qdistro-tier3s-silo@s128a.service, org.opensuse.base.version=20260930.37.208, org.opencontainers.image.title=openSUSE Tumbleweed Base Container, org.opencontainers.image.vendor=openSUSE Project, org.opencontainers.image.description=Image containing a minimal environment for containers based on openSUSE Tumbleweed., org.opencontainers.image.url=https://www.opensuse.org, org.opensuse.base.source=https://build.opensuse.org/package/show/openSUSE:Factory/opensuse-tumbleweed-image?rev=561f9d4c8e4e1a441f95ad4ec6b5a914, org.opencontainers.image.source=https://build.opensuse.org/package/show/openSUSE:Factory/opensuse-tumbleweed-image?rev=561f9d4c8e4e1a441f95ad4ec6b5a914, org.opensuse.base.vendor=openSUSE Project, io.buildah.version=1.44.1)
Oct 03 16:44:05 baseweed-admin podman[4957]: 2026-10-03 16:44:05.182447393 +0000 UTC m=+5.982023609 container start 68623fef0411f3ecd396db1b28125827101074fa5b29bae467cf0d1b3578630f (image=localhost/qdistro/tier3s-weston-terminal:latest, name=qdistro-tier3s-s128a, org.opensuse.base.description=Image containing a minimal environment for containers based on openSUSE Tumbleweed., org.opencontainers.image.created=2026-09-30T20:05:54.126624488Z, org.opensuse.lifecycle-url=https://en.opensuse.org/Lifetime, org.opencontainers.image.source=https://build.opensuse.org/package/show/openSUSE:Factory/opensuse-tumbleweed-image?rev=561f9d4c8e4e1a441f95ad4ec6b5a914, org.opensuse.base.vendor=openSUSE Project, org.opencontainers.image.vendor=openSUSE Project, org.qdistro.tier3s.workload=weston-terminal, org.opensuse.reference=registry.opensuse.org/opensuse/tumbleweed:20260930.37.208, org.opencontainers.image.url=https://www.opensuse.org, org.opensuse.base.source=https://build.opensuse.org/package/show/openSUSE:Factory/opensuse-tumbleweed-image?rev=561f9d4c8e4e1a441f95ad4ec6b5a914, org.opencontainers.image.description=Image containing a minimal environment for containers based on openSUSE Tumbleweed., org.opensuse.base.title=openSUSE Tumbleweed Base Container, io.buildah.version=1.44.1, org.opensuse.base.reference=registry.opensuse.org/opensuse/tumbleweed:20260930.37.208, org.opensuse.base.lifecycle-url=https://en.opensuse.org/Lifetime, org.qdistro.snapshot=20260930, org.openbuildservice.disturl=obs://build.opensuse.org/openSUSE:Factory/images/561f9d4c8e4e1a441f95ad4ec6b5a914-opensuse-tumbleweed-image:docker, qdistro_tier3s_unit=qdistro-tier3s-silo@s128a.service, org.opensuse.base.version=20260930.37.208, org.opensuse.base.created=2026-09-30T20:05:54.126624488Z, org.opencontainers.image.version=20260930.37.208, org.opensuse.base.disturl=obs://build.opensuse.org/openSUSE:Factory/images/561f9d4c8e4e1a441f95ad4ec6b5a914-opensuse-tumbleweed-image:docker, qdistro_tier3s_token=7a0ef08c23d54c438329a8f84d4bcc0b, org.opencontainers.image.title=openSUSE Tumbleweed Base Container, org.opensuse.base.url=https://www.opensuse.org)
Oct 03 16:44:05 baseweed-admin podman[4957]: 2026-10-03 16:44:05.251389889 +0000 UTC m=+6.050966105 container attach 68623fef0411f3ecd396db1b28125827101074fa5b29bae467cf0d1b3578630f (image=localhost/qdistro/tier3s-weston-terminal:latest, name=qdistro-tier3s-s128a, org.opencontainers.image.description=Image containing a minimal environment for containers based on openSUSE Tumbleweed., org.opencontainers.image.url=https://www.opensuse.org, org.opensuse.base.version=20260930.37.208, org.opensuse.base.created=2026-09-30T20:05:54.126624488Z, org.opensuse.base.disturl=obs://build.opensuse.org/openSUSE:Factory/images/561f9d4c8e4e1a441f95ad4ec6b5a914-opensuse-tumbleweed-image:docker, org.opencontainers.image.title=openSUSE Tumbleweed Base Container, org.opensuse.base.description=Image containing a minimal environment for containers based on openSUSE Tumbleweed., org.openbuildservice.disturl=obs://build.opensuse.org/openSUSE:Factory/images/561f9d4c8e4e1a441f95ad4ec6b5a914-opensuse-tumbleweed-image:docker, org.opensuse.lifecycle-url=https://en.opensuse.org/Lifetime, org.opencontainers.image.source=https://build.opensuse.org/package/show/openSUSE:Factory/opensuse-tumbleweed-image?rev=561f9d4c8e4e1a441f95ad4ec6b5a914, org.qdistro.snapshot=20260930, org.opencontainers.image.version=20260930.37.208, qdistro_tier3s_token=7a0ef08c23d54c438329a8f84d4bcc0b, org.opensuse.reference=registry.opensuse.org/opensuse/tumbleweed:20260930.37.208, io.buildah.version=1.44.1, org.opensuse.base.reference=registry.opensuse.org/opensuse/tumbleweed:20260930.37.208, qdistro_tier3s_unit=qdistro-tier3s-silo@s128a.service, org.opensuse.base.vendor=openSUSE Project, org.opencontainers.image.vendor=openSUSE Project, org.qdistro.tier3s.workload=weston-terminal, org.opensuse.base.title=openSUSE Tumbleweed Base Container, org.opensuse.base.url=https://www.opensuse.org, org.opencontainers.image.created=2026-09-30T20:05:54.126624488Z, org.opensuse.base.lifecycle-url=https://en.opensuse.org/Lifetime, org.opensuse.base.source=https://build.opensuse.org/package/show/openSUSE:Factory/opensuse-tumbleweed-image?rev=561f9d4c8e4e1a441f95ad4ec6b5a914)
Oct 03 16:44:05 baseweed-admin qdistro-tier3s-s128a[5098]: could not load cursor 'dnd-move'
Oct 03 16:44:05 baseweed-admin qdistro-tier3s-s128a[5098]: could not load cursor 'dnd-copy'
Oct 03 16:44:05 baseweed-admin qdistro-tier3s-silo-launch[4957]: could not load cursor 'dnd-move'
Oct 03 16:44:05 baseweed-admin qdistro-tier3s-silo-launch[4957]: could not load cursor 'dnd-copy'
Oct 03 16:44:05 baseweed-admin qdistro-tier3s-silo-launch[4957]: could not load cursor 'dnd-none'
Oct 03 16:44:05 baseweed-admin qdistro-tier3s-s128a[5098]: could not load cursor 'dnd-none'
Oct 03 16:44:05 baseweed-admin weston[937]: [16:44:05.359] qdwin: toplevel_added handle=1 uid=1000 pid=4918 app_id=(null) title=""
Oct 03 16:44:05 baseweed-admin weston[937]: [16:44:05.359] qdwin: toplevel_security_context handle=1 engine=qdistro.tier3s app_id=qdistro.tier3s.s128a instance=7a0ef08c23d54c438329a8f84d4bcc0b
Oct 03 16:44:05 baseweed-admin weston[937]: [16:44:05.359] qdwin: toplevel_peer_identity handle=1 pid=4918 starttime=9521 uid=1000 exe=/usr/bin/waypipe label=system_u:system_r:unconfined_service_t:s0
Oct 03 16:44:05 baseweed-admin weston[937]: [16:44:05.359] qdwin: holding_released handle=1 via default_toplevel_policy (held → normal)
Oct 03 16:44:05 baseweed-admin dbus-run-session[1031]:   INFO qml: [20261003-164405]          Qdwin toplevel_security_context handle=1 engine=qdistro.tier3s app_id=qdistro.tier3s.s128a instance=7a0ef08c23d54c438329a8f84d4bcc0b
Oct 03 16:44:05 baseweed-admin dbus-run-session[1031]:   INFO qml: [20261003-164405]     Tier3sApps [tier3s] toplevel observed silo=s128a secctx=qdistro.tier3s.s128a color=#64b5f6 handle=1
Oct 03 16:44:05 baseweed-admin dbus-run-session[1031]:   INFO qml: [20261003-164405]     Tier3sApps [tier3s] silo=s128a color=#64b5f6
Oct 03 16:44:05 baseweed-admin weston[937]: [16:44:05.372] Detected an unmapped surface or view in the layer list, which should not occur.
Oct 03 16:44:05 baseweed-admin weston[937]:                Warning: the above message will not be printed again.
Oct 03 16:44:05 baseweed-admin weston[937]: [16:44:05.381] qdwin: toplevel_title handle=1 title="[3s:s128a] Wayland Terminal"
Oct 03 16:44:05 baseweed-admin weston[937]: [16:44:05.381] qdwin: toplevel_app_id handle=1 app_id="org.freedesktop.weston.wayland-terminal"
Oct 03 16:44:05 baseweed-admin weston[937]: [16:44:05.381] qdwin: mapped handle=1 size=806x491 pos=557,310 (normal)
Oct 03 16:44:05 baseweed-admin weston[937]: [16:44:05.382] qdwin: focus handle=1 (was 4294967295) seat=default
Oct 03 16:44:05 baseweed-admin weston[937]: [16:44:05.382] qdwin: seat_focus_changed seat=default handle=1
Oct 03 16:44:05 baseweed-admin dbus-run-session[1031]:   WARN: Could not load icon "org.freedesktop.weston.wayland-terminal?fallback=application-x-executable" at size QSize(19, 19) from request
Oct 03 16:44:06 baseweed-admin dbus-run-session[1031]:   WARN: Process failed to start, likely because the binary could not be found. Command: QList("bluetoothctl", "show")
Oct 03 16:44:06 baseweed-admin dbus-run-session[1031]:   INFO qml: [20261003-164406]        PodApps cache refresh loaded 0 apps
Oct 03 16:44:06 baseweed-admin dbus-run-session[1031]:   INFO qml: [20261003-164406]        PodApps auto-scan: qdistro-tier3s-s128a transitioned to running
Oct 03 16:44:06 baseweed-admin systemd[870]: qdistro-polkit-agent.service: Scheduled restart job, restart counter is at 29.
Oct 03 16:44:06 baseweed-admin systemd[870]: Started qdistro polkit authentication agent (PAM / fprintd / broker).
Oct 03 16:44:06 baseweed-admin qdistro-polkit-agent[5182]: registration failed: org.freedesktop.PolicyKit1.Error.Failed: Cannot determine session the caller is in
Oct 03 16:44:06 baseweed-admin python3[5182]: qdistro-polkit-agent: registration failed: org.freedesktop.PolicyKit1.Error.Failed: Cannot determine session the caller is in
Oct 03 16:44:06 baseweed-admin systemd[870]: qdistro-polkit-agent.service: Main process exited, code=exited, status=1/FAILURE
Oct 03 16:44:06 baseweed-admin systemd[870]: qdistro-polkit-agent.service: Failed with result 'exit-code'.
Oct 03 16:44:06 baseweed-admin systemd[870]: Started podman-5188.scope.
Oct 03 16:44:06 baseweed-admin systemd[870]: Started podman-5229.scope.
Oct 03 16:44:06 baseweed-admin systemd[870]: Started podman-5262.scope.
Oct 03 16:44:06 baseweed-admin systemd[870]: Started podman-5272.scope.
Oct 03 16:44:07 baseweed-admin systemd[870]: Started podman-5329.scope.
Oct 03 16:44:08 baseweed-admin dbus-run-session[1031]:   WARN: Process failed to start, likely because the binary could not be found. Command: QList("bluetoothctl", "show")
Oct 03 16:44:08 baseweed-admin podman[5472]: 2026-10-03 16:44:08.622632648 +0000 UTC m=+0.095816860 container exec 68623fef0411f3ecd396db1b28125827101074fa5b29bae467cf0d1b3578630f (image=localhost/qdistro/tier3s-weston-terminal:latest, name=qdistro-tier3s-s128a, org.qdistro.snapshot=20260930, org.qdistro.tier3s.workload=weston-terminal, io.buildah.version=1.44.1, org.opencontainers.image.url=https://www.opensuse.org, qdistro_tier3s_unit=qdistro-tier3s-silo@s128a.service, org.opensuse.base.reference=registry.opensuse.org/opensuse/tumbleweed:20260930.37.208, org.opensuse.lifecycle-url=https://en.opensuse.org/Lifetime, org.opensuse.reference=registry.opensuse.org/opensuse/tumbleweed:20260930.37.208, org.opencontainers.image.description=Image containing a minimal environment for containers based on openSUSE Tumbleweed., org.opencontainers.image.title=openSUSE Tumbleweed Base Container, org.opensuse.base.source=https://build.opensuse.org/package/show/openSUSE:Factory/opensuse-tumbleweed-image?rev=561f9d4c8e4e1a441f95ad4ec6b5a914, org.opencontainers.image.created=2026-09-30T20:05:54.126624488Z, org.opencontainers.image.vendor=openSUSE Project, org.opencontainers.image.version=20260930.37.208, org.opensuse.base.lifecycle-url=https://en.opensuse.org/Lifetime, org.opensuse.base.version=20260930.37.208, org.opensuse.base.created=2026-09-30T20:05:54.126624488Z, org.opensuse.base.title=openSUSE Tumbleweed Base Container, org.opensuse.base.vendor=openSUSE Project, org.opensuse.base.description=Image containing a minimal environment for containers based on openSUSE Tumbleweed., qdistro_tier3s_token=7a0ef08c23d54c438329a8f84d4bcc0b, org.opensuse.base.url=https://www.opensuse.org, org.openbuildservice.disturl=obs://build.opensuse.org/openSUSE:Factory/images/561f9d4c8e4e1a441f95ad4ec6b5a914-opensuse-tumbleweed-image:docker, org.opensuse.base.disturl=obs://build.opensuse.org/openSUSE:Factory/images/561f9d4c8e4e1a441f95ad4ec6b5a914-opensuse-tumbleweed-image:docker, org.opencontainers.image.source=https://build.opensuse.org/package/show/openSUSE:Factory/opensuse-tumbleweed-image?rev=561f9d4c8e4e1a441f95ad4ec6b5a914)
Oct 03 16:44:08 baseweed-admin conmon[5485]: conmon 68623fef0411f3ecd396 <nwarn>: Failed to open cgroups file: /sys/fs/cgroup/user.slice/user-1000.slice/user@1000.service/app.slice/qdshell.service/memory.events
Oct 03 16:44:08 baseweed-admin podman[5500]: 2026-10-03 16:44:08.681168108 +0000 UTC m=+0.046842970 container exec_died 68623fef0411f3ecd396db1b28125827101074fa5b29bae467cf0d1b3578630f (image=localhost/qdistro/tier3s-weston-terminal:latest, name=qdistro-tier3s-s128a, io.buildah.version=1.44.1, org.opencontainers.image.source=https://build.opensuse.org/package/show/openSUSE:Factory/opensuse-tumbleweed-image?rev=561f9d4c8e4e1a441f95ad4ec6b5a914, org.opensuse.base.title=openSUSE Tumbleweed Base Container, org.opencontainers.image.vendor=openSUSE Project, org.opensuse.base.reference=registry.opensuse.org/opensuse/tumbleweed:20260930.37.208, org.opensuse.reference=registry.opensuse.org/opensuse/tumbleweed:20260930.37.208, org.opencontainers.image.description=Image containing a minimal environment for containers based on openSUSE Tumbleweed., org.opensuse.base.created=2026-09-30T20:05:54.126624488Z, org.opensuse.base.disturl=obs://build.opensuse.org/openSUSE:Factory/images/561f9d4c8e4e1a441f95ad4ec6b5a914-opensuse-tumbleweed-image:docker, execID=5421263f40a5247b6f6a93eb05025b3bde1c2ded7a0631e32d108102e8ff2548, org.qdistro.snapshot=20260930, org.opensuse.base.lifecycle-url=https://en.opensuse.org/Lifetime, qdistro_tier3s_unit=qdistro-tier3s-silo@s128a.service, org.opencontainers.image.url=https://www.opensuse.org, org.opensuse.base.url=https://www.opensuse.org, qdistro_tier3s_token=7a0ef08c23d54c438329a8f84d4bcc0b, org.opencontainers.image.title=openSUSE Tumbleweed Base Container, org.opensuse.base.description=Image containing a minimal environment for containers based on openSUSE Tumbleweed., org.opensuse.base.source=https://build.opensuse.org/package/show/openSUSE:Factory/opensuse-tumbleweed-image?rev=561f9d4c8e4e1a441f95ad4ec6b5a914, org.qdistro.tier3s.workload=weston-terminal, org.opencontainers.image.version=20260930.37.208, org.opensuse.base.vendor=openSUSE Project, org.opensuse.base.version=20260930.37.208, org.opensuse.lifecycle-url=https://en.opensuse.org/Lifetime, org.openbuildservice.disturl=obs://build.opensuse.org/openSUSE:Factory/images/561f9d4c8e4e1a441f95ad4ec6b5a914-opensuse-tumbleweed-image:docker, org.opencontainers.image.created=2026-09-30T20:05:54.126624488Z)
Oct 03 16:44:08 baseweed-admin podman[5472]: 2026-10-03 16:44:08.69477384 +0000 UTC m=+0.167958042 container exec_died 68623fef0411f3ecd396db1b28125827101074fa5b29bae467cf0d1b3578630f (image=localhost/qdistro/tier3s-weston-terminal:latest, name=qdistro-tier3s-s128a, org.opensuse.reference=registry.opensuse.org/opensuse/tumbleweed:20260930.37.208, org.openbuildservice.disturl=obs://build.opensuse.org/openSUSE:Factory/images/561f9d4c8e4e1a441f95ad4ec6b5a914-opensuse-tumbleweed-image:docker, org.opencontainers.image.source=https://build.opensuse.org/package/show/openSUSE:Factory/opensuse-tumbleweed-image?rev=561f9d4c8e4e1a441f95ad4ec6b5a914, org.opencontainers.image.vendor=openSUSE Project, org.opensuse.base.description=Image containing a minimal environment for containers based on openSUSE Tumbleweed., qdistro_tier3s_unit=qdistro-tier3s-silo@s128a.service, org.opencontainers.image.version=20260930.37.208, org.opensuse.base.lifecycle-url=https://en.opensuse.org/Lifetime, io.buildah.version=1.44.1, org.opencontainers.image.description=Image containing a minimal environment for containers based on openSUSE Tumbleweed., org.opensuse.base.disturl=obs://build.opensuse.org/openSUSE:Factory/images/561f9d4c8e4e1a441f95ad4ec6b5a914-opensuse-tumbleweed-image:docker, org.opencontainers.image.created=2026-09-30T20:05:54.126624488Z, org.opencontainers.image.url=https://www.opensuse.org, org.opensuse.base.url=https://www.opensuse.org, org.qdistro.snapshot=20260930, org.qdistro.tier3s.workload=weston-terminal, org.opencontainers.image.title=openSUSE Tumbleweed Base Container, org.opensuse.base.source=https://build.opensuse.org/package/show/openSUSE:Factory/opensuse-tumbleweed-image?rev=561f9d4c8e4e1a441f95ad4ec6b5a914, qdistro_tier3s_token=7a0ef08c23d54c438329a8f84d4bcc0b, org.opensuse.base.version=20260930.37.208, org.opensuse.base.created=2026-09-30T20:05:54.126624488Z, org.opensuse.base.reference=registry.opensuse.org/opensuse/tumbleweed:20260930.37.208, org.opensuse.lifecycle-url=https://en.opensuse.org/Lifetime, execID=5421263f40a5247b6f6a93eb05025b3bde1c2ded7a0631e32d108102e8ff2548, org.opensuse.base.title=openSUSE Tumbleweed Base Container, org.opensuse.base.vendor=openSUSE Project)
Oct 03 16:44:08 baseweed-admin dbus-run-session[1031]:   INFO qml: [20261003-164408]        PodApps cache refresh loaded 0 apps
Oct 03 16:44:09 baseweed-admin systemd[870]: qdistro-polkit-agent.service: Scheduled restart job, restart counter is at 30.
Oct 03 16:44:09 baseweed-admin systemd[870]: Started qdistro polkit authentication agent (PAM / fprintd / broker).
Oct 03 16:44:09 baseweed-admin qdistro-polkit-agent[5549]: registration failed: org.freedesktop.PolicyKit1.Error.Failed: Cannot determine session the caller is in
Oct 03 16:44:09 baseweed-admin python3[5549]: qdistro-polkit-agent: registration failed: org.freedesktop.PolicyKit1.Error.Failed: Cannot determine session the caller is in
Oct 03 16:44:09 baseweed-admin systemd[870]: qdistro-polkit-agent.service: Main process exited, code=exited, status=1/FAILURE
Oct 03 16:44:09 baseweed-admin systemd[870]: qdistro-polkit-agent.service: Failed with result 'exit-code'.
Oct 03 16:44:10 baseweed-admin dbus-run-session[1031]:   WARN: Process failed to start, likely because the binary could not be found. Command: QList("bluetoothctl", "show")
Oct 03 16:44:12 baseweed-admin dbus-run-session[1031]:   WARN: Process failed to start, likely because the binary could not be found. Command: QList("bluetoothctl", "show")
Oct 03 16:44:12 baseweed-admin dbus-run-session[1031]:   WARN qml: [20261003-164412]        Network Connectivity check error: Error: Not authorized to recheck connectivity.
Oct 03 16:44:12 baseweed-admin systemd[870]: qdistro-polkit-agent.service: Scheduled restart job, restart counter is at 31.
Oct 03 16:44:12 baseweed-admin systemd[870]: Started qdistro polkit authentication agent (PAM / fprintd / broker).
Oct 03 16:44:13 baseweed-admin qdistro-polkit-agent[5661]: registration failed: org.freedesktop.PolicyKit1.Error.Failed: Cannot determine session the caller is in
Oct 03 16:44:13 baseweed-admin python3[5661]: qdistro-polkit-agent: registration failed: org.freedesktop.PolicyKit1.Error.Failed: Cannot determine session the caller is in
Oct 03 16:44:13 baseweed-admin systemd[870]: qdistro-polkit-agent.service: Main process exited, code=exited, status=1/FAILURE
Oct 03 16:44:13 baseweed-admin systemd[870]: qdistro-polkit-agent.service: Failed with result 'exit-code'.
Oct 03 16:44:14 baseweed-admin dbus-run-session[1031]:   WARN: Process failed to start, likely because the binary could not be found. Command: QList("bluetoothctl", "show")
Oct 03 16:44:16 baseweed-admin dbus-run-session[1031]:   WARN: Process failed to start, likely because the binary could not be found. Command: QList("bluetoothctl", "show")
Oct 03 16:44:16 baseweed-admin systemd[870]: qdistro-polkit-agent.service: Scheduled restart job, restart counter is at 32.
Oct 03 16:44:16 baseweed-admin systemd[870]: Started qdistro polkit authentication agent (PAM / fprintd / broker).
Oct 03 16:44:16 baseweed-admin qdistro-polkit-agent[5748]: registration failed: org.freedesktop.PolicyKit1.Error.Failed: Cannot determine session the caller is in
Oct 03 16:44:16 baseweed-admin python3[5748]: qdistro-polkit-agent: registration failed: org.freedesktop.PolicyKit1.Error.Failed: Cannot determine session the caller is in
Oct 03 16:44:16 baseweed-admin dbus-run-session[1031]:   WARN qml: [20261003-164416]       Location Weather is still fetching
Oct 03 16:44:16 baseweed-admin dbus-run-session[1031]:  ERROR qml: [20261003-164416]       Location Geocoding error: 0
Oct 03 16:44:16 baseweed-admin systemd[870]: qdistro-polkit-agent.service: Main process exited, code=exited, status=1/FAILURE
Oct 03 16:44:16 baseweed-admin systemd[870]: qdistro-polkit-agent.service: Failed with result 'exit-code'.
Oct 03 16:44:17 baseweed-admin systemd[870]: Started podman-5772.scope.
Oct 03 16:44:17 baseweed-admin systemd[870]: Started podman-5782.scope.
Oct 03 16:44:17 baseweed-admin systemd[870]: Started podman-5800.scope.
Oct 03 16:44:18 baseweed-admin dbus-run-session[1031]:   WARN: Process failed to start, likely because the binary could not be found. Command: QList("bluetoothctl", "show")
Oct 03 16:44:19 baseweed-admin systemd[870]: qdistro-polkit-agent.service: Scheduled restart job, restart counter is at 33.
Oct 03 16:44:19 baseweed-admin systemd[870]: Started qdistro polkit authentication agent (PAM / fprintd / broker).
Oct 03 16:44:19 baseweed-admin qdistro-polkit-agent[5869]: registration failed: org.freedesktop.PolicyKit1.Error.Failed: Cannot determine session the caller is in
Oct 03 16:44:19 baseweed-admin python3[5869]: qdistro-polkit-agent: registration failed: org.freedesktop.PolicyKit1.Error.Failed: Cannot determine session the caller is in
Oct 03 16:44:19 baseweed-admin systemd[870]: qdistro-polkit-agent.service: Main process exited, code=exited, status=1/FAILURE
Oct 03 16:44:19 baseweed-admin systemd[870]: qdistro-polkit-agent.service: Failed with result 'exit-code'.
Oct 03 16:44:20 baseweed-admin dbus-run-session[1031]:   WARN: Process failed to start, likely because the binary could not be found. Command: QList("bluetoothctl", "show")
Oct 03 16:44:22 baseweed-admin dbus-run-session[1031]:   WARN: Process failed to start, likely because the binary could not be found. Command: QList("bluetoothctl", "show")
Oct 03 16:44:22 baseweed-admin systemd[870]: qdistro-polkit-agent.service: Scheduled restart job, restart counter is at 34.
Oct 03 16:44:22 baseweed-admin systemd[870]: Started qdistro polkit authentication agent (PAM / fprintd / broker).
Oct 03 16:44:22 baseweed-admin qdistro-polkit-agent[5956]: registration failed: org.freedesktop.PolicyKit1.Error.Failed: Cannot determine session the caller is in
Oct 03 16:44:22 baseweed-admin python3[5956]: qdistro-polkit-agent: registration failed: org.freedesktop.PolicyKit1.Error.Failed: Cannot determine session the caller is in
Oct 03 16:44:22 baseweed-admin systemd[870]: qdistro-polkit-agent.service: Main process exited, code=exited, status=1/FAILURE
Oct 03 16:44:22 baseweed-admin systemd[870]: qdistro-polkit-agent.service: Failed with result 'exit-code'.
Oct 03 16:44:24 baseweed-admin dbus-run-session[1031]:   WARN: Process failed to start, likely because the binary could not be found. Command: QList("bluetoothctl", "show")
Oct 03 16:44:25 baseweed-admin systemd[870]: qdistro-polkit-agent.service: Scheduled restart job, restart counter is at 35.
Oct 03 16:44:25 baseweed-admin systemd[870]: Started qdistro polkit authentication agent (PAM / fprintd / broker).
Oct 03 16:44:26 baseweed-admin dbus-run-session[1031]:   WARN: Process failed to start, likely because the binary could not be found. Command: QList("bluetoothctl", "show")
Oct 03 16:44:26 baseweed-admin qdistro-polkit-agent[6042]: registration failed: org.freedesktop.PolicyKit1.Error.Failed: Cannot determine session the caller is in
Oct 03 16:44:26 baseweed-admin python3[6042]: qdistro-polkit-agent: registration failed: org.freedesktop.PolicyKit1.Error.Failed: Cannot determine session the caller is in
Oct 03 16:44:26 baseweed-admin systemd[870]: qdistro-polkit-agent.service: Main process exited, code=exited, status=1/FAILURE
Oct 03 16:44:26 baseweed-admin systemd[870]: qdistro-polkit-agent.service: Failed with result 'exit-code'.
Oct 03 16:44:27 baseweed-admin systemd[870]: Started podman-6073.scope.
Oct 03 16:44:27 baseweed-admin systemd[870]: Started podman-6089.scope.
Oct 03 16:44:27 baseweed-admin systemd[870]: Started podman-6111.scope.
Oct 03 16:44:27 baseweed-admin dbus-run-session[1031]:   WARN qml: [20261003-164427]        Network Connectivity check error: Error: Not authorized to recheck connectivity.
Oct 03 16:44:28 baseweed-admin dbus-run-session[1031]:   WARN: Process failed to start, likely because the binary could not be found. Command: QList("bluetoothctl", "show")
Oct 03 16:44:29 baseweed-admin systemd[870]: qdistro-polkit-agent.service: Scheduled restart job, restart counter is at 36.
Oct 03 16:44:29 baseweed-admin systemd[870]: Started qdistro polkit authentication agent (PAM / fprintd / broker).
Oct 03 16:44:29 baseweed-admin qdistro-polkit-agent[6178]: registration failed: org.freedesktop.PolicyKit1.Error.Failed: Cannot determine session the caller is in
Oct 03 16:44:29 baseweed-admin python3[6178]: qdistro-polkit-agent: registration failed: org.freedesktop.PolicyKit1.Error.Failed: Cannot determine session the caller is in
Oct 03 16:44:29 baseweed-admin systemd[870]: qdistro-polkit-agent.service: Main process exited, code=exited, status=1/FAILURE
Oct 03 16:44:29 baseweed-admin systemd[870]: qdistro-polkit-agent.service: Failed with result 'exit-code'.
Oct 03 16:44:29 baseweed-admin weston[937]: [16:44:29.775] qdwin: toplevel_removed handle=1
Oct 03 16:44:29 baseweed-admin weston[937]: [16:44:29.775] qdwin: focus handle=4294967295 (was 1) seat=default
Oct 03 16:44:29 baseweed-admin weston[937]: [16:44:29.775] qdwin: seat_focus_changed seat=default handle=4294967295
Oct 03 16:44:29 baseweed-admin podman[4957]: 2026-10-03 16:44:29.82928931 +0000 UTC m=+30.628865527 container died 68623fef0411f3ecd396db1b28125827101074fa5b29bae467cf0d1b3578630f (image=localhost/qdistro/tier3s-weston-terminal:latest, name=qdistro-tier3s-s128a, org.opensuse.base.version=20260930.37.208, org.opensuse.base.created=2026-09-30T20:05:54.126624488Z, org.opensuse.base.title=openSUSE Tumbleweed Base Container, org.opencontainers.image.version=20260930.37.208, org.opensuse.base.disturl=obs://build.opensuse.org/openSUSE:Factory/images/561f9d4c8e4e1a441f95ad4ec6b5a914-opensuse-tumbleweed-image:docker, org.opencontainers.image.url=https://www.opensuse.org, org.opencontainers.image.created=2026-09-30T20:05:54.126624488Z, org.opensuse.base.lifecycle-url=https://en.opensuse.org/Lifetime, org.opencontainers.image.source=https://build.opensuse.org/package/show/openSUSE:Factory/opensuse-tumbleweed-image?rev=561f9d4c8e4e1a441f95ad4ec6b5a914, qdistro_tier3s_token=7a0ef08c23d54c438329a8f84d4bcc0b, io.buildah.version=1.44.1, org.openbuildservice.disturl=obs://build.opensuse.org/openSUSE:Factory/images/561f9d4c8e4e1a441f95ad4ec6b5a914-opensuse-tumbleweed-image:docker, org.opensuse.lifecycle-url=https://en.opensuse.org/Lifetime, org.qdistro.tier3s.workload=weston-terminal, org.opencontainers.image.description=Image containing a minimal environment for containers based on openSUSE Tumbleweed., org.opencontainers.image.title=openSUSE Tumbleweed Base Container, org.opensuse.base.url=https://www.opensuse.org, org.opensuse.base.reference=registry.opensuse.org/opensuse/tumbleweed:20260930.37.208, qdistro_tier3s_unit=qdistro-tier3s-silo@s128a.service, org.opensuse.base.source=https://build.opensuse.org/package/show/openSUSE:Factory/opensuse-tumbleweed-image?rev=561f9d4c8e4e1a441f95ad4ec6b5a914, org.opensuse.base.vendor=openSUSE Project, org.qdistro.snapshot=20260930, org.opencontainers.image.vendor=openSUSE Project, org.opensuse.reference=registry.opensuse.org/opensuse/tumbleweed:20260930.37.208, org.opensuse.base.description=Image containing a minimal environment for containers based on openSUSE Tumbleweed.)
Oct 03 16:44:30 baseweed-admin podman[4957]: 2026-10-03 16:44:30.081800882 +0000 UTC m=+30.881377078 container remove 68623fef0411f3ecd396db1b28125827101074fa5b29bae467cf0d1b3578630f (image=localhost/qdistro/tier3s-weston-terminal:latest, name=qdistro-tier3s-s128a, org.opensuse.base.title=openSUSE Tumbleweed Base Container, org.qdistro.snapshot=20260930, org.opensuse.reference=registry.opensuse.org/opensuse/tumbleweed:20260930.37.208, org.opencontainers.image.description=Image containing a minimal environment for containers based on openSUSE Tumbleweed., org.opensuse.base.description=Image containing a minimal environment for containers based on openSUSE Tumbleweed., org.opencontainers.image.created=2026-09-30T20:05:54.126624488Z, org.opensuse.base.disturl=obs://build.opensuse.org/openSUSE:Factory/images/561f9d4c8e4e1a441f95ad4ec6b5a914-opensuse-tumbleweed-image:docker, org.opensuse.base.url=https://www.opensuse.org, org.opencontainers.image.url=https://www.opensuse.org, qdistro_tier3s_token=7a0ef08c23d54c438329a8f84d4bcc0b, org.opencontainers.image.source=https://build.opensuse.org/package/show/openSUSE:Factory/opensuse-tumbleweed-image?rev=561f9d4c8e4e1a441f95ad4ec6b5a914, org.opencontainers.image.title=openSUSE Tumbleweed Base Container, org.opensuse.base.version=20260930.37.208, org.opencontainers.image.version=20260930.37.208, io.buildah.version=1.44.1, org.opensuse.base.source=https://build.opensuse.org/package/show/openSUSE:Factory/opensuse-tumbleweed-image?rev=561f9d4c8e4e1a441f95ad4ec6b5a914, org.openbuildservice.disturl=obs://build.opensuse.org/openSUSE:Factory/images/561f9d4c8e4e1a441f95ad4ec6b5a914-opensuse-tumbleweed-image:docker, org.opencontainers.image.vendor=openSUSE Project, org.opensuse.base.created=2026-09-30T20:05:54.126624488Z, org.opensuse.base.lifecycle-url=https://en.opensuse.org/Lifetime, org.opensuse.lifecycle-url=https://en.opensuse.org/Lifetime, org.qdistro.tier3s.workload=weston-terminal, qdistro_tier3s_unit=qdistro-tier3s-silo@s128a.service, org.opensuse.base.vendor=openSUSE Project, org.opensuse.base.reference=registry.opensuse.org/opensuse/tumbleweed:20260930.37.208)
Oct 03 16:44:30 baseweed-admin dbus-run-session[1031]:   WARN: Process failed to start, likely because the binary could not be found. Command: QList("bluetoothctl", "show")
Oct 03 16:44:31 baseweed-admin systemd[870]: Started podman-7876.scope.
Oct 03 16:44:32 baseweed-admin dbus-run-session[1031]:   WARN: Process failed to start, likely because the binary could not be found. Command: QList("bluetoothctl", "show")
Oct 03 16:44:32 baseweed-admin systemd[870]: Started podman-7933.scope.
Oct 03 16:44:32 baseweed-admin systemd[870]: Started podman-8013.scope.
Oct 03 16:44:32 baseweed-admin systemd[870]: Started podman-8023.scope.
Oct 03 16:44:32 baseweed-admin systemd[870]: qdistro-polkit-agent.service: Scheduled restart job, restart counter is at 37.
Oct 03 16:44:32 baseweed-admin systemd[870]: Started qdistro polkit authentication agent (PAM / fprintd / broker).
Oct 03 16:44:32 baseweed-admin systemd[870]: Started podman-8071.scope.
Oct 03 16:44:32 baseweed-admin qdistro-polkit-agent[8048]: registration failed: org.freedesktop.PolicyKit1.Error.Failed: Cannot determine session the caller is in
Oct 03 16:44:32 baseweed-admin python3[8048]: qdistro-polkit-agent: registration failed: org.freedesktop.PolicyKit1.Error.Failed: Cannot determine session the caller is in
Oct 03 16:44:32 baseweed-admin systemd[870]: qdistro-polkit-agent.service: Main process exited, code=exited, status=1/FAILURE
Oct 03 16:44:32 baseweed-admin systemd[870]: qdistro-polkit-agent.service: Failed with result 'exit-code'.
Oct 03 16:44:34 baseweed-admin dbus-run-session[1031]:   WARN: Process failed to start, likely because the binary could not be found. Command: QList("bluetoothctl", "show")
