Oct 03 16:39:58 baseweed-admin systemd[872]: Started qdwin compositor (libweston + qdwin-shell.so).
Oct 03 16:39:58 baseweed-admin systemd[872]: Starting qdistro screen locker (qdlocker)...
Oct 03 16:39:58 baseweed-admin systemd[872]: Starting qdshell desktop (Quickshell QML on top of qdwin)...
Oct 03 16:39:58 baseweed-admin weston[927]: Date: 2026-10-03 UTC
Oct 03 16:39:58 baseweed-admin weston[927]: [16:39:58.498] weston 16.0.0
Oct 03 16:39:58 baseweed-admin weston[927]:                https://wayland.freedesktop.org
Oct 03 16:39:58 baseweed-admin weston[927]:                Bug reports to: https://gitlab.freedesktop.org/wayland/weston/issues/
Oct 03 16:39:58 baseweed-admin weston[927]:                Build: 16.0.0
Oct 03 16:39:58 baseweed-admin weston[927]: [16:39:58.498] Command line: /usr/bin/weston --config=/home/admin/weston.ini --socket=wayland-1
Oct 03 16:39:58 baseweed-admin weston[927]: [16:39:58.498] OS: Linux, 7.2.8-1-default, #1 SMP PREEMPT_DYNAMIC Sat Sep 26 07:00:58 UTC 2026 (9b36732), x86_64
Oct 03 16:39:58 baseweed-admin weston[927]: [16:39:58.498] Flight recorder: enabled, scopes subscribed: log
Oct 03 16:39:58 baseweed-admin weston[927]: [16:39:58.506] Using config file '/home/admin/weston.ini'
Oct 03 16:39:58 baseweed-admin weston[927]: [16:39:58.506] Output repaint window is 7 ms maximum.
Oct 03 16:39:58 baseweed-admin weston[927]: [16:39:58.510] Loading module '/usr/libexec/qdistro/qdwin-libweston/lib64/libweston-16/drm-backend.so'
Oct 03 16:39:58 baseweed-admin weston[927]: [16:39:58.526] initializing drm backend
Oct 03 16:39:58 baseweed-admin weston[927]: [16:39:58.526] Trying libseat launcher...
Oct 03 16:39:58 baseweed-admin weston[927]: [16:39:58.556] [libseat/libseat.c:73] Seat opened with backend 'seatd'
Oct 03 16:39:58 baseweed-admin weston[927]: [16:39:58.556] [libseat/backend/seatd.c:218] Enabling seat
Oct 03 16:39:58 baseweed-admin weston[927]: [16:39:58.556] libseat: session control granted
Oct 03 16:39:58 baseweed-admin weston[927]: [16:39:58.566] using /dev/dri/card0
Oct 03 16:39:58 baseweed-admin weston[927]: [16:39:58.566] DRM: supports atomic modesetting
Oct 03 16:39:58 baseweed-admin weston[927]: [16:39:58.566] DRM: supports cursor-plane hotspot (virtualized cursor)
Oct 03 16:39:58 baseweed-admin weston[927]: [16:39:58.566] DRM: does not support GBM modifiers
Oct 03 16:39:58 baseweed-admin weston[927]: [16:39:58.566] DRM: does not support Atomic async page flip
Oct 03 16:39:58 baseweed-admin weston[927]: [16:39:58.566] DRM: supports picture aspect ratio
Oct 03 16:39:58 baseweed-admin weston[927]: [16:39:58.572] DRM: EDID for the following head fails conformity:
Oct 03 16:39:58 baseweed-admin weston[927]: Block 1, CTA-861 Extension Block:
Oct 03 16:39:58 baseweed-admin weston[927]:   Padding: Contains non-zero bytes.
Oct 03 16:39:58 baseweed-admin weston[927]: [16:39:58.572] DRM: head 'Virtual-1' found, connector 40 is connected, EDID make 'Red Hat, Inc.', model 'QEMU Monitor', serial ''
Oct 03 16:39:58 baseweed-admin weston[927]:                Supported EOTF modes: SDR
Oct 03 16:39:58 baseweed-admin weston[927]:                Supported colorimetry modes: default
Oct 03 16:39:58 baseweed-admin weston[927]:                Supported VRR modes: (none),
Oct 03 16:39:58 baseweed-admin weston[927]:                Supported color formats: AUTO
Oct 03 16:39:59 baseweed-admin weston[927]: [16:39:59.149] Loading module '/usr/libexec/qdistro/qdwin-libweston/lib64/libweston-16/gl-renderer.so'
Oct 03 16:39:59 baseweed-admin weston[927]: [16:39:59.285] warning: failed to query rendering device from EGL
Oct 03 16:39:59 baseweed-admin weston[927]: [16:39:59.285] EGL version: 1.5
Oct 03 16:39:59 baseweed-admin weston[927]: [16:39:59.285] EGL vendor: Mesa Project
Oct 03 16:39:59 baseweed-admin weston[927]: [16:39:59.285] EGL client APIs: OpenGL OpenGL_ES
Oct 03 16:39:59 baseweed-admin weston[927]: [16:39:59.285] EGL features:
Oct 03 16:39:59 baseweed-admin weston[927]:                EGL Wayland extension: no
Oct 03 16:39:59 baseweed-admin weston[927]:                context priority: no
Oct 03 16:39:59 baseweed-admin weston[927]:                buffer age: yes
Oct 03 16:39:59 baseweed-admin weston[927]:                partial update: no
Oct 03 16:39:59 baseweed-admin weston[927]:                swap buffers with damage: no
Oct 03 16:39:59 baseweed-admin weston[927]:                configless context: yes
Oct 03 16:39:59 baseweed-admin weston[927]:                surfaceless context: yes
Oct 03 16:39:59 baseweed-admin weston[927]:                dmabuf support: modifiers
Oct 03 16:39:59 baseweed-admin weston[927]:                fence sync: yes (wait)
Oct 03 16:39:59 baseweed-admin weston[927]: [16:39:59.603] GL version: OpenGL ES 3.2 Mesa 26.2.3
Oct 03 16:39:59 baseweed-admin weston[927]: [16:39:59.604] GLSL version: OpenGL ES GLSL ES 3.20
Oct 03 16:39:59 baseweed-admin weston[927]: [16:39:59.604] GL vendor: Mesa
Oct 03 16:39:59 baseweed-admin weston[927]: [16:39:59.604] GL renderer: llvmpipe (LLVM 23.1.1, 256 bits)
Oct 03 16:39:59 baseweed-admin weston[927]: [16:39:59.659] GL ES 3.2 - renderer features:
Oct 03 16:39:59 baseweed-admin weston[927]:                read-back format: ARGB8888
Oct 03 16:39:59 baseweed-admin weston[927]:                glReadPixels supports y-flip: yes
Oct 03 16:39:59 baseweed-admin weston[927]:                glReadPixels supports PBO: yes
Oct 03 16:39:59 baseweed-admin weston[927]:                wl_shm 10 bpc formats: yes
Oct 03 16:39:59 baseweed-admin weston[927]:                wl_shm 16 bpc formats: yes
Oct 03 16:39:59 baseweed-admin weston[927]:                wl_shm half-float formats: yes
Oct 03 16:39:59 baseweed-admin weston[927]:                internal R and RG formats: yes
Oct 03 16:39:59 baseweed-admin weston[927]:                OES_EGL_image_external: yes
Oct 03 16:39:59 baseweed-admin weston[927]:                GPU timeline: no
Oct 03 16:39:59 baseweed-admin weston[927]:                Texture immutability: yes
Oct 03 16:39:59 baseweed-admin weston[927]:                Required precision: yes
Oct 03 16:39:59 baseweed-admin weston[927]:                In-shader blending: yes
Oct 03 16:39:59 baseweed-admin weston[927]: [16:39:59.660] Using GL renderer
Oct 03 16:39:59 baseweed-admin weston[927]: [16:39:59.850] event3  - QEMU QEMU USB Tablet: is tagged by udev as: Mouse
Oct 03 16:39:59 baseweed-admin weston[927]: [16:39:59.850] event3  - QEMU QEMU USB Tablet: device is a pointer
Oct 03 16:39:59 baseweed-admin weston[927]: [16:39:59.851] event4  - Power Button: is tagged by udev as: Keyboard
Oct 03 16:39:59 baseweed-admin weston[927]: [16:39:59.851] event4  - Power Button: device is a keyboard
Oct 03 16:39:59 baseweed-admin weston[927]: [16:39:59.852] event0  - AT Translated Set 2 keyboard: is tagged by udev as: Keyboard
Oct 03 16:39:59 baseweed-admin weston[927]: [16:39:59.853] event0  - AT Translated Set 2 keyboard: device is a keyboard
Oct 03 16:39:59 baseweed-admin weston[927]: [16:39:59.854] event2  - VirtualPS/2 VMware VMMouse: is tagged by udev as: Mouse
Oct 03 16:39:59 baseweed-admin weston[927]: [16:39:59.854] event2  - VirtualPS/2 VMware VMMouse: emulating high-resolution scroll wheel events.
Oct 03 16:39:59 baseweed-admin weston[927]: [16:39:59.854] event2  - VirtualPS/2 VMware VMMouse: device is a pointer
Oct 03 16:39:59 baseweed-admin weston[927]: [16:39:59.855] event1  - VirtualPS/2 VMware VMMouse: is tagged by udev as: Mouse
Oct 03 16:39:59 baseweed-admin weston[927]: [16:39:59.855] event1  - VirtualPS/2 VMware VMMouse: device is a pointer
Oct 03 16:39:59 baseweed-admin weston[927]: [16:39:59.856] event5  - PC Speaker: not tagged as supported input device
Oct 03 16:39:59 baseweed-admin weston[927]: [16:39:59.872] event5  - not using input device '/dev/input/event5'
Oct 03 16:39:59 baseweed-admin weston[927]: [16:39:59.873] event6  - ydotoold virtual device: is tagged by udev as: Keyboard
Oct 03 16:39:59 baseweed-admin weston[927]: [16:39:59.873] event6  - ydotoold virtual device: emulating high-resolution scroll wheel events.
Oct 03 16:39:59 baseweed-admin weston[927]: [16:39:59.873] event6  - ydotoold virtual device: device is a keyboard
Oct 03 16:39:59 baseweed-admin weston[927]: [16:39:59.873] libinput: configuring device "QEMU QEMU USB Tablet".
Oct 03 16:39:59 baseweed-admin weston[927]: [16:39:59.873] input device event3 has no enabled output associated (none named), skipping calibration for now.
Oct 03 16:39:59 baseweed-admin weston[927]: [16:39:59.883] libinput: configuring device "Power Button".
Oct 03 16:39:59 baseweed-admin weston[927]: [16:39:59.883] libinput: configuring device "AT Translated Set 2 keyboard".
Oct 03 16:39:59 baseweed-admin weston[927]: [16:39:59.883] libinput: configuring device "VirtualPS/2 VMware VMMouse".
Oct 03 16:39:59 baseweed-admin weston[927]: [16:39:59.883] libinput: configuring device "VirtualPS/2 VMware VMMouse".
Oct 03 16:39:59 baseweed-admin weston[927]: [16:39:59.883] input device event1 has no enabled output associated (none named), skipping calibration for now.
Oct 03 16:39:59 baseweed-admin weston[927]: [16:39:59.883] libinput: configuring device "ydotoold virtual device".
Oct 03 16:39:59 baseweed-admin weston[927]: [16:39:59.883] Registered plugin API 'weston_drm_output_api_v1' of size 40
Oct 03 16:39:59 baseweed-admin weston[927]: [16:39:59.883] Loading module '/usr/libexec/qdistro/qdwin-libweston/lib64/libweston-16/pipewire-backend.so'
Oct 03 16:39:59 baseweed-admin weston[927]: [16:39:59.884] Initializing PipeWire backend
Oct 03 16:39:59 baseweed-admin weston[927]: [16:39:59.890] Registered plugin API 'weston_pipewire_output_api_v2' of size 24
Oct 03 16:39:59 baseweed-admin weston[927]: [16:39:59.890] Color manager: no-op
Oct 03 16:39:59 baseweed-admin weston[927]:                  protocol support: no
Oct 03 16:39:59 baseweed-admin weston[927]: [16:39:59.890] Setting output 'Virtual-1' to color AUTO format
Oct 03 16:39:59 baseweed-admin weston[927]: [16:39:59.890] Output 'Virtual-1' attempts EOTF mode SDR and colorimetry mode default.
Oct 03 16:39:59 baseweed-admin weston[927]: [16:39:59.890] Output 'Virtual-1' using color profile: stock sRGB color profile
Oct 03 16:39:59 baseweed-admin weston[927]: [16:39:59.890] Chosen EGL config details: id:  46 rgba: 8 8 8 0 buf: 24 dep:  0 stcl: 0 int: 1-1 type: win val: fix vis_id: XRGB8888 (0x34325258)
Oct 03 16:39:59 baseweed-admin weston[927]: [16:39:59.890] Output Virtual-1 (crtc 39) video modes:
Oct 03 16:39:59 baseweed-admin weston[927]:                1280x800@75.0, preferred, 107.3 MHz
Oct 03 16:39:59 baseweed-admin weston[927]:                5120x2160@50.0 64:27, 742.5 MHz
Oct 03 16:39:59 baseweed-admin weston[927]:                4096x2160@50.0 256:135, 594.0 MHz
Oct 03 16:39:59 baseweed-admin weston[927]:                3840x2160@60.0 16:9, 594.0 MHz
Oct 03 16:39:59 baseweed-admin weston[927]:                3840x2160@59.9 16:9, 593.4 MHz
Oct 03 16:39:59 baseweed-admin weston[927]:                3840x2160@50.0 16:9, 594.0 MHz
Oct 03 16:39:59 baseweed-admin weston[927]:                1920x1440@60.0, 234.0 MHz
Oct 03 16:39:59 baseweed-admin weston[927]:                2560x1080@50.0 64:27, 185.6 MHz
Oct 03 16:39:59 baseweed-admin weston[927]:                1856x1392@60.0, 218.2 MHz
Oct 03 16:39:59 baseweed-admin weston[927]:                1792x1344@60.0, 204.8 MHz
Oct 03 16:39:59 baseweed-admin weston[927]:                2048x1152@60.0, 162.0 MHz
Oct 03 16:39:59 baseweed-admin weston[927]:                1920x1200@59.9, 193.2 MHz
Oct 03 16:39:59 baseweed-admin weston[927]:                1920x1080@60.0, current, 148.5 MHz
Oct 03 16:39:59 baseweed-admin weston[927]:                1920x1080@50.0 16:9, 148.5 MHz
Oct 03 16:39:59 baseweed-admin weston[927]:                1600x1200@60.0, 162.0 MHz
Oct 03 16:39:59 baseweed-admin weston[927]:                1680x1050@60.0, 146.2 MHz
Oct 03 16:39:59 baseweed-admin weston[927]:                1400x1050@60.0, 121.8 MHz
Oct 03 16:39:59 baseweed-admin weston[927]:                1280x1024@60.0, 108.0 MHz
Oct 03 16:39:59 baseweed-admin weston[927]:                1440x900@59.9, 106.5 MHz
Oct 03 16:39:59 baseweed-admin weston[927]:                1280x960@60.0, 108.0 MHz
Oct 03 16:39:59 baseweed-admin weston[927]:                1360x768@60.0, 85.5 MHz
Oct 03 16:39:59 baseweed-admin weston[927]:                1280x768@59.9, 79.5 MHz
Oct 03 16:39:59 baseweed-admin weston[927]:                1024x768@60.0, 65.0 MHz
Oct 03 16:39:59 baseweed-admin weston[927]:                800x600@60.3, 40.0 MHz
Oct 03 16:39:59 baseweed-admin weston[927]:                640x480@60.0 4:3, 25.2 MHz
Oct 03 16:39:59 baseweed-admin weston[927]:                640x480@59.9, 25.2 MHz
Oct 03 16:39:59 baseweed-admin weston[927]: [16:39:59.891] associating input device event3 with output Virtual-1 (none by udev)
Oct 03 16:39:59 baseweed-admin weston[927]: [16:39:59.891] associating input device event4 with output Virtual-1 (none by udev)
Oct 03 16:39:59 baseweed-admin weston[927]: [16:39:59.891] associating input device event0 with output Virtual-1 (none by udev)
Oct 03 16:39:59 baseweed-admin weston[927]: [16:39:59.891] associating input device event2 with output Virtual-1 (none by udev)
Oct 03 16:39:59 baseweed-admin weston[927]: [16:39:59.891] associating input device event1 with output Virtual-1 (none by udev)
Oct 03 16:39:59 baseweed-admin weston[927]: [16:39:59.891] associating input device event6 with output Virtual-1 (none by udev)
Oct 03 16:39:59 baseweed-admin weston[927]: [16:39:59.891] Output 'Virtual-1' enabled with head(s) Virtual-1
Oct 03 16:39:59 baseweed-admin weston[927]: [16:39:59.891] pipewire_backend_output_configure.. Done
Oct 03 16:39:59 baseweed-admin weston[927]: [16:39:59.891] Output 'pipewire-0' attempts EOTF mode SDR and colorimetry mode default.
Oct 03 16:39:59 baseweed-admin weston[927]: [16:39:59.891] Output 'pipewire-0' using color profile: stock sRGB color profile
Oct 03 16:39:59 baseweed-admin weston[927]: [16:39:59.939] Output 'pipewire-0' enabled with head(s) pipewire-0
Oct 03 16:39:59 baseweed-admin weston[927]: [16:39:59.939] pipewire_backend_output_configure.. Done
Oct 03 16:39:59 baseweed-admin weston[927]: [16:39:59.939] Output 'pipewire-1' attempts EOTF mode SDR and colorimetry mode default.
Oct 03 16:39:59 baseweed-admin weston[927]: [16:39:59.939] Output 'pipewire-1' using color profile: stock sRGB color profile
Oct 03 16:39:59 baseweed-admin weston[927]: [16:39:59.939] Output 'pipewire-1' enabled with head(s) pipewire-1
Oct 03 16:39:59 baseweed-admin weston[927]: [16:39:59.939] Compositor capabilities:
Oct 03 16:39:59 baseweed-admin weston[927]:                arbitrary surface rotation: yes
Oct 03 16:39:59 baseweed-admin weston[927]:                screen capture uses y-flip: yes
Oct 03 16:39:59 baseweed-admin weston[927]:                cursor planes: yes
Oct 03 16:39:59 baseweed-admin weston[927]:                arbitrary resolutions: yes
Oct 03 16:39:59 baseweed-admin weston[927]:                view mask clipping: yes
Oct 03 16:39:59 baseweed-admin weston[927]:                explicit sync: no
Oct 03 16:39:59 baseweed-admin weston[927]:                color operations: yes
Oct 03 16:39:59 baseweed-admin weston[927]:                color representation: yes
Oct 03 16:39:59 baseweed-admin weston[927]:                in-shader blending: yes
Oct 03 16:39:59 baseweed-admin weston[927]:                presentation clock: CLOCK_MONOTONIC, id 1
Oct 03 16:39:59 baseweed-admin weston[927]:                presentation clock resolution: 0.000000001 s
Oct 03 16:39:59 baseweed-admin weston[927]: [16:39:59.939] Loading module '/usr/lib64/weston/qdwin-shell.so'
Oct 03 16:39:59 baseweed-admin weston[927]: [16:39:59.940] qdwin: locker bind policy defaulting to entrypoint=/usr/local/bin/qdlocker:/usr/bin/qdlocker (system interpreter + root-owned entrypoint; no explicit policy configured); set --qdwin-allowed-locker-any to override to uid-only
Oct 03 16:39:59 baseweed-admin weston[927]: [16:39:59.940] qdwin: locker bind policy uid=1000 entrypoint=/usr/local/bin/qdlocker:/usr/bin/qdlocker exe=(any) label=(any)
Oct 03 16:39:59 baseweed-admin weston[927]: [16:39:59.940] qdwin: ext-idle-notify idle_time=0 internal_mode=1
Oct 03 16:39:59 baseweed-admin weston[927]: [16:39:59.941] qdwin: cursor-shape theme=(default) size=24 loaded=0/36
Oct 03 16:39:59 baseweed-admin weston[927]: [16:39:59.941] qdwin: layer-popup grab handler registered
Oct 03 16:39:59 baseweed-admin weston[927]: [16:39:59.941] qdwin/nested-proxy: default keyboard grab installed on seat 'default'
Oct 03 16:39:59 baseweed-admin weston[927]: [16:39:59.941] qdwin: background curtain 3200x1080 installed
Oct 03 16:39:59 baseweed-admin weston[927]: [16:39:59.941] qdwin: WARNING shell-authorized output capture enabled via QDWIN_ENABLE_SHELL_CAPTURE — dev/test only, do not use in production
Oct 03 16:39:59 baseweed-admin weston[927]: [16:39:59.941] qdwin: retained-frame capture armed on output=Virtual-1
Oct 03 16:39:59 baseweed-admin weston[927]: [16:39:59.941] qdwin: shell loaded (allowed_uid=1000); desktop + qdwin_shell_v1 ready
Oct 03 16:39:59 baseweed-admin weston[927]: [16:39:59.941] Loading module '/usr/lib64/libweston-16/xwayland.so'
Oct 03 16:39:59 baseweed-admin weston[927]: [16:39:59.942] Registered plugin API 'weston_xwayland_v3' of size 32
Oct 03 16:39:59 baseweed-admin weston[927]: [16:39:59.942] Registered plugin API 'weston_xwayland_surface_v2' of size 24
Oct 03 16:39:59 baseweed-admin weston[927]: [16:39:59.943] xserver listening on display :0
Oct 03 16:40:00 baseweed-admin systemd[872]: Started qdistro screen locker (qdlocker).
Oct 03 16:40:00 baseweed-admin systemd[872]: Started qdshell desktop (Quickshell QML on top of qdwin).
Oct 03 16:40:00 baseweed-admin weston[927]: [16:40:00.147] qdwin: bind attempt pid=1029 uid=1000 (allowed_uid=1000)
Oct 03 16:40:00 baseweed-admin weston[927]: [16:40:00.147] qdwin: bind accepted for uid=1000, hello sent
Oct 03 16:40:00 baseweed-admin weston[927]: [16:40:00.150] qdwin: cursor-sprite registered shape=default hotspot=3,1
Oct 03 16:40:00 baseweed-admin weston[927]: [16:40:00.150] qdwin: cursor_retry_install: scheduling first retry in 1000ms
Oct 03 16:40:00 baseweed-admin weston[927]: [16:40:00.151] qdwin: cursor-sprite registered shape=context-menu hotspot=3,1
Oct 03 16:40:00 baseweed-admin weston[927]: [16:40:00.152] qdwin: cursor-sprite registered shape=help hotspot=12,21
Oct 03 16:40:00 baseweed-admin weston[927]: [16:40:00.152] qdwin: cursor-sprite registered shape=pointer hotspot=7,5
Oct 03 16:40:00 baseweed-admin weston[927]: [16:40:00.176] qdwin: cursor-sprite registered shape=progress hotspot=3,1
Oct 03 16:40:00 baseweed-admin weston[927]: [16:40:00.191] qdwin: cursor-sprite registered shape=wait hotspot=11,11
Oct 03 16:40:00 baseweed-admin weston[927]: [16:40:00.192] qdwin: cursor-sprite registered shape=cell hotspot=11,11
Oct 03 16:40:00 baseweed-admin weston[927]: [16:40:00.192] qdwin: cursor-sprite registered shape=crosshair hotspot=11,11
Oct 03 16:40:00 baseweed-admin weston[927]: [16:40:00.192] qdwin: cursor-sprite registered shape=text hotspot=11,12
Oct 03 16:40:00 baseweed-admin weston[927]: [16:40:00.192] qdwin: cursor-sprite registered shape=vertical-text hotspot=12,11
Oct 03 16:40:00 baseweed-admin weston[927]: [16:40:00.192] qdwin: cursor-sprite registered shape=alias hotspot=18,5
Oct 03 16:40:00 baseweed-admin weston[927]: [16:40:00.192] qdwin: cursor-sprite registered shape=copy hotspot=3,1
Oct 03 16:40:00 baseweed-admin weston[927]: [16:40:00.192] qdwin: cursor-sprite registered shape=move hotspot=3,1
Oct 03 16:40:00 baseweed-admin weston[927]: [16:40:00.193] qdwin: cursor-sprite registered shape=no-drop hotspot=3,1
Oct 03 16:40:00 baseweed-admin weston[927]: [16:40:00.193] qdwin: cursor-sprite registered shape=not-allowed hotspot=12,12
Oct 03 16:40:00 baseweed-admin weston[927]: [16:40:00.193] qdwin: cursor-sprite registered shape=grab hotspot=11,2
Oct 03 16:40:00 baseweed-admin weston[927]: [16:40:00.193] qdwin: cursor-sprite registered shape=grabbing hotspot=9,5
Oct 03 16:40:00 baseweed-admin weston[927]: [16:40:00.193] qdwin: cursor-sprite registered shape=e-resize hotspot=19,13
Oct 03 16:40:00 baseweed-admin weston[927]: [16:40:00.193] qdwin: cursor-sprite registered shape=n-resize hotspot=13,6
Oct 03 16:40:00 baseweed-admin weston[927]: [16:40:00.194] qdwin: cursor-sprite registered shape=ne-resize hotspot=15,10
Oct 03 16:40:00 baseweed-admin weston[927]: [16:40:00.194] qdwin: cursor-sprite registered shape=nw-resize hotspot=10,10
Oct 03 16:40:00 baseweed-admin weston[927]: [16:40:00.194] qdwin: cursor-sprite registered shape=s-resize hotspot=13,18
Oct 03 16:40:00 baseweed-admin weston[927]: [16:40:00.196] qdwin: cursor-sprite registered shape=se-resize hotspot=15,15
Oct 03 16:40:00 baseweed-admin weston[927]: [16:40:00.196] qdwin: cursor-sprite registered shape=sw-resize hotspot=10,15
Oct 03 16:40:00 baseweed-admin weston[927]: [16:40:00.196] qdwin: cursor-sprite registered shape=w-resize hotspot=6,13
Oct 03 16:40:00 baseweed-admin weston[927]: [16:40:00.196] qdwin: cursor-sprite registered shape=ew-resize hotspot=12,12
Oct 03 16:40:00 baseweed-admin weston[927]: [16:40:00.197] qdwin: cursor-sprite registered shape=ns-resize hotspot=12,13
Oct 03 16:40:00 baseweed-admin weston[927]: [16:40:00.197] qdwin: cursor-sprite registered shape=nesw-resize hotspot=11,11
Oct 03 16:40:00 baseweed-admin weston[927]: [16:40:00.197] qdwin: cursor-sprite registered shape=nwse-resize hotspot=11,11
Oct 03 16:40:00 baseweed-admin weston[927]: [16:40:00.197] qdwin: cursor-sprite registered shape=col-resize hotspot=12,12
Oct 03 16:40:00 baseweed-admin weston[927]: [16:40:00.198] qdwin: cursor-sprite registered shape=row-resize hotspot=12,13
Oct 03 16:40:00 baseweed-admin weston[927]: [16:40:00.198] qdwin: cursor-sprite registered shape=all-scroll hotspot=11,11
Oct 03 16:40:00 baseweed-admin weston[927]: [16:40:00.199] qdwin: cursor-sprite registered shape=zoom-in hotspot=11,10
Oct 03 16:40:00 baseweed-admin weston[927]: [16:40:00.199] qdwin: cursor-sprite registered shape=zoom-out hotspot=11,10
Oct 03 16:40:00 baseweed-admin weston[927]: [16:40:00.200] qdwin: cursor-sprite registered shape=dnd-ask hotspot=3,1
Oct 03 16:40:00 baseweed-admin weston[927]: [16:40:00.200] qdwin: cursor-sprite registered shape=all-resize hotspot=12,11
Oct 03 16:40:00 baseweed-admin dbus-run-session[1031]: No running instances for "/usr/share/quickshell/qdshell/shell.qml"
Oct 03 16:40:00 baseweed-admin dbus-run-session[1031]:   INFO: Launching config: "/usr/share/quickshell/qdshell/shell.qml"
Oct 03 16:40:00 baseweed-admin dbus-run-session[1031]:   INFO: Shell ID: "0d0d1ceeb7f0392fec595c8531945b05" Path ID "0d0d1ceeb7f0392fec595c8531945b05"
Oct 03 16:40:00 baseweed-admin dbus-run-session[1031]:   INFO: Saving logs to "/run/user/1000/quickshell/by-id/nsombcmt/log.qslog"
Oct 03 16:40:00 baseweed-admin qdlocker[1026]: 2026-10-03 16:40:00,338 qdlocker.app INFO using built-in defaults (no trusted config file found)
Oct 03 16:40:00 baseweed-admin qdlocker[1026]: 2026-10-03 16:40:00,356 qdlocker.auth INFO PAM service from env: qdlocker
Oct 03 16:40:00 baseweed-admin dbus-run-session[1031]: MESA-EGL: warning: failed to get driver name for fd -1
Oct 03 16:40:00 baseweed-admin dbus-run-session[1031]: MESA-EGL: warning: MESA-LOADER: failed to retrieve device information
Oct 03 16:40:00 baseweed-admin dbus-run-session[1031]: MESA-EGL: warning: failed to get driver name for fd -1
Oct 03 16:40:00 baseweed-admin dbus-run-session[1031]: MESA: error: ZINK: failed to choose pdev
Oct 03 16:40:00 baseweed-admin dbus-run-session[1031]: MESA-EGL: warning: egl: failed to create dri2 screen
Oct 03 16:40:00 baseweed-admin weston[927]: [16:40:00.749] qdwin: locker bind attempt pid=1026 uid=1000 (allowed_locker_uid=1000)
Oct 03 16:40:00 baseweed-admin weston[927]: [16:40:00.749] qdwin: locker bound pid=1026 uid=1000 (initially_locked=0)
Oct 03 16:40:00 baseweed-admin qdlocker[1026]: 2026-10-03 16:40:00,752 qdlocker.wayland INFO locker connected
Oct 03 16:40:00 baseweed-admin qdlocker[1026]: 2026-10-03 16:40:00,758 qdlocker.idle INFO idle watcher started; timeout=300000ms
Oct 03 16:40:00 baseweed-admin qdlocker[1026]: 2026-10-03 16:40:00,761 qdlocker.ctrl INFO ctrl socket at /run/user/1000/qdlocker.sock
Oct 03 16:40:00 baseweed-admin qdlocker[1026]: 2026-10-03 16:40:00,765 qdlocker.app INFO locker bound; initially_locked=False
Oct 03 16:40:00 baseweed-admin qdlocker[1026]: 2026-10-03 16:40:00,966 qdlocker.logind INFO logind sleep delay-inhibitor acquired (fd=20)
Oct 03 16:40:00 baseweed-admin qdlocker[1026]: 2026-10-03 16:40:00,970 qdlocker.logind WARNING cannot identify one owned active Wayland session (0 candidates); session lock unavailable
Oct 03 16:40:00 baseweed-admin qdlocker[1026]: 2026-10-03 16:40:00,971 qdlocker.logind INFO logind automatic sleep locking ready; session=None
Oct 03 16:40:02 baseweed-admin dbus-run-session[1031]:   INFO qml: [20261003-164002]           I18n Service started
Oct 03 16:40:02 baseweed-admin dbus-run-session[1031]:   INFO qml: [20261003-164002]           I18n Loading "en" (locale: "en-Latn-US")
Oct 03 16:40:02 baseweed-admin dbus-run-session[1031]:   INFO qml: [20261003-164002]          Shell ---------------------------
Oct 03 16:40:02 baseweed-admin dbus-run-session[1031]:   INFO qml: [20261003-164002]          Shell Qdshell Hello!
Oct 03 16:40:02 baseweed-admin dbus-run-session[1031]:   WARN scene: @Commons/I18n.qml[104:5]: Unable to assign QJSValue to QObject*
Oct 03 16:40:02 baseweed-admin dbus-run-session[1031]:   INFO: Configuration Loaded
Oct 03 16:40:18 baseweed-admin dbus-run-session[1031]:   WARN scene: @Commons/I18n.qml[104:5]: Unable to assign QJSValue to QObject*
Oct 03 16:40:18 baseweed-admin dbus-run-session[1031]:   INFO qml: [20261003-164018]       Settings Settings loaded
Oct 03 16:40:18 baseweed-admin dbus-run-session[1031]:   INFO qml: [20261003-164018]           I18n Loaded translations for "en"
Oct 03 16:40:18 baseweed-admin dbus-run-session[1031]:   INFO qml: [20261003-164018] PluginRegistry Loaded plugin states from: /home/admin/.config/qdshell/plugins.json
Oct 03 16:40:18 baseweed-admin dbus-run-session[1031]:   INFO qml: [20261003-164018] PluginRegistry Scanning plugin folder: /home/admin/.config/qdshell/plugins
Oct 03 16:40:18 baseweed-admin dbus-run-session[1031]:   INFO qml: [20261003-164018]          Icons Service started
Oct 03 16:40:18 baseweed-admin dbus-run-session[1031]:   INFO: ctrl-server: listening on /run/user/1000/qdshell.sock
Oct 03 16:40:18 baseweed-admin dbus-run-session[1031]:   WARN scene: QML Connections at @Services/Hardware/BrightnessService.qml[66:3]: Detected function "onEnableDdcSupportChanged" in Connections element. This is probably intended to be a signal handler but no signal of the target matches the name.
Oct 03 16:40:18 baseweed-admin dbus-run-session[1031]:   INFO qml: [20261003-164018]     Brightness Service started
Oct 03 16:40:18 baseweed-admin dbus-run-session[1031]:   INFO qml: [20261003-164018] DesktopWidgetR Service started
Oct 03 16:40:18 baseweed-admin dbus-run-session[1031]:   WARN scene: QML Connections at @Services/UI/BarService.qml[147:3]: Detected function "onDisplayModeChanged" in Connections element. This is probably intended to be a signal handler but no signal of the target matches the name.
Oct 03 16:40:18 baseweed-admin dbus-run-session[1031]:   WARN scene: QML Connections at @Services/UI/BarService.qml[147:3]: Detected function "onScreenOverridesChanged" in Connections element. This is probably intended to be a signal handler but no signal of the target matches the name.
Oct 03 16:40:18 baseweed-admin dbus-run-session[1031]:   INFO qml: [20261003-164018]     BarService Service started
Oct 03 16:40:18 baseweed-admin dbus-run-session[1031]:   WARN scene: QML Connections at @Services/Networking/NetworkService.qml[73:3]: Detected function "onWifiEnabledChanged" in Connections element. This is probably intended to be a signal handler but no signal of the target matches the name.
Oct 03 16:40:18 baseweed-admin dbus-run-session[1031]:   INFO qml: [20261003-164018]        Network Service started
Oct 03 16:40:18 baseweed-admin dbus-run-session[1031]:   WARN scene: QML Connections at @Modules/Panels/Dock/StaticDockPanel.qml[350:3]: Detected function "onPinnedAppsChanged" in Connections element. This is probably intended to be a signal handler but no signal of the target matches the name.
Oct 03 16:40:18 baseweed-admin dbus-run-session[1031]:   WARN scene: QML Connections at @Modules/Panels/Dock/StaticDockPanel.qml[350:3]: Detected function "onOnlySameOutputChanged" in Connections element. This is probably intended to be a signal handler but no signal of the target matches the name.
Oct 03 16:40:18 baseweed-admin dbus-run-session[1031]:   WARN scene: QML Connections at @Services/System/SystemStatService.qml[320:3]: Detected function "onEnableDgpuMonitoringChanged" in Connections element. This is probably intended to be a signal handler but no signal of the target matches the name.
Oct 03 16:40:18 baseweed-admin dbus-run-session[1031]:   INFO qml: [20261003-164018]     SystemStat Service started (polling deferred until a consumer registers).
Oct 03 16:40:18 baseweed-admin dbus-run-session[1031]:   WARN scene: QML Connections at @Modules/Panels/Dock/StaticDockPanel.qml[350:3]: Detected function "onPinnedAppsChanged" in Connections element. This is probably intended to be a signal handler but no signal of the target matches the name.
Oct 03 16:40:18 baseweed-admin dbus-run-session[1031]:   WARN scene: QML Connections at @Modules/Panels/Dock/StaticDockPanel.qml[350:3]: Detected function "onOnlySameOutputChanged" in Connections element. This is probably intended to be a signal handler but no signal of the target matches the name.
Oct 03 16:40:18 baseweed-admin dbus-run-session[1031]:   WARN scene: QML Connections at @Modules/Panels/Dock/StaticDockPanel.qml[350:3]: Detected function "onPinnedAppsChanged" in Connections element. This is probably intended to be a signal handler but no signal of the target matches the name.
Oct 03 16:40:18 baseweed-admin dbus-run-session[1031]:   WARN scene: QML Connections at @Modules/Panels/Dock/StaticDockPanel.qml[350:3]: Detected function "onOnlySameOutputChanged" in Connections element. This is probably intended to be a signal handler but no signal of the target matches the name.
Oct 03 16:40:18 baseweed-admin dbus-run-session[1031]:   WARN scene: QML Connections at @Services/UI/WallpaperService.qml[140:3]: Detected function "onWallpaperDownloaded" in Connections element. This is probably intended to be a signal handler but no signal of the target matches the name.
Oct 03 16:40:18 baseweed-admin dbus-run-session[1031]:   WARN scene: QML Connections at @Services/UI/WallpaperService.qml[61:3]: Detected function "onDirectoryChanged" in Connections element. This is probably intended to be a signal handler but no signal of the target matches the name.
Oct 03 16:40:18 baseweed-admin dbus-run-session[1031]:   WARN scene: QML Connections at @Services/UI/WallpaperService.qml[61:3]: Detected function "onEnableMultiMonitorDirectoriesChanged" in Connections element. This is probably intended to be a signal handler but no signal of the target matches the name.
Oct 03 16:40:18 baseweed-admin dbus-run-session[1031]:   WARN scene: QML Connections at @Services/UI/WallpaperService.qml[61:3]: Detected function "onAutomationEnabledChanged" in Connections element. This is probably intended to be a signal handler but no signal of the target matches the name.
Oct 03 16:40:18 baseweed-admin dbus-run-session[1031]:   WARN scene: QML Connections at @Services/UI/WallpaperService.qml[61:3]: Detected function "onRandomIntervalSecChanged" in Connections element. This is probably intended to be a signal handler but no signal of the target matches the name.
Oct 03 16:40:18 baseweed-admin dbus-run-session[1031]:   WARN scene: QML Connections at @Services/UI/WallpaperService.qml[61:3]: Detected function "onWallpaperChangeModeChanged" in Connections element. This is probably intended to be a signal handler but no signal of the target matches the name.
Oct 03 16:40:18 baseweed-admin dbus-run-session[1031]:   WARN scene: QML Connections at @Services/UI/WallpaperService.qml[61:3]: Detected function "onViewModeChanged" in Connections element. This is probably intended to be a signal handler but no signal of the target matches the name.
Oct 03 16:40:18 baseweed-admin dbus-run-session[1031]:   WARN scene: QML Connections at @Services/UI/WallpaperService.qml[61:3]: Detected function "onShowHiddenFilesChanged" in Connections element. This is probably intended to be a signal handler but no signal of the target matches the name.
Oct 03 16:40:18 baseweed-admin dbus-run-session[1031]:   WARN scene: QML Connections at @Services/UI/WallpaperService.qml[61:3]: Detected function "onUseSolidColorChanged" in Connections element. This is probably intended to be a signal handler but no signal of the target matches the name.
Oct 03 16:40:18 baseweed-admin dbus-run-session[1031]:   WARN scene: QML Connections at @Services/UI/WallpaperService.qml[61:3]: Detected function "onSolidColorChanged" in Connections element. This is probably intended to be a signal handler but no signal of the target matches the name.
Oct 03 16:40:18 baseweed-admin dbus-run-session[1031]:   WARN scene: QML Connections at @Services/UI/WallpaperService.qml[61:3]: Detected function "onSortOrderChanged" in Connections element. This is probably intended to be a signal handler but no signal of the target matches the name.
Oct 03 16:40:18 baseweed-admin dbus-run-session[1031]:   WARN scene: QML Connections at @Modules/Background/Background.qml[80:7]: Detected function "onFillModeChanged" in Connections element. This is probably intended to be a signal handler but no signal of the target matches the name.
Oct 03 16:40:18 baseweed-admin dbus-run-session[1031]:   WARN scene: QML Connections at @Modules/Background/Background.qml[80:7]: Detected function "onFillModeChanged" in Connections element. This is probably intended to be a signal handler but no signal of the target matches the name.
Oct 03 16:40:18 baseweed-admin dbus-run-session[1031]:   WARN scene: QML Connections at @Modules/Background/Background.qml[80:7]: Detected function "onFillModeChanged" in Connections element. This is probably intended to be a signal handler but no signal of the target matches the name.
Oct 03 16:40:18 baseweed-admin dbus-run-session[1031]:   WARN scene: QML Connections at @Modules/Dock/Dock.qml[45:7]: Detected function "onPinnedAppsChanged" in Connections element. This is probably intended to be a signal handler but no signal of the target matches the name.
Oct 03 16:40:18 baseweed-admin dbus-run-session[1031]:   WARN scene: QML Connections at @Modules/Dock/Dock.qml[45:7]: Detected function "onOnlySameOutputChanged" in Connections element. This is probably intended to be a signal handler but no signal of the target matches the name.
Oct 03 16:40:18 baseweed-admin dbus-run-session[1031]:   WARN scene: QML Connections at @Modules/Dock/Dock.qml[45:7]: Detected function "onPinnedAppsChanged" in Connections element. This is probably intended to be a signal handler but no signal of the target matches the name.
Oct 03 16:40:18 baseweed-admin dbus-run-session[1031]:   WARN scene: QML Connections at @Modules/Dock/Dock.qml[45:7]: Detected function "onOnlySameOutputChanged" in Connections element. This is probably intended to be a signal handler but no signal of the target matches the name.
Oct 03 16:40:18 baseweed-admin dbus-run-session[1031]:   WARN scene: QML Connections at @Modules/Dock/Dock.qml[45:7]: Detected function "onPinnedAppsChanged" in Connections element. This is probably intended to be a signal handler but no signal of the target matches the name.
Oct 03 16:40:18 baseweed-admin dbus-run-session[1031]:   WARN scene: QML Connections at @Modules/Dock/Dock.qml[45:7]: Detected function "onOnlySameOutputChanged" in Connections element. This is probably intended to be a signal handler but no signal of the target matches the name.
Oct 03 16:40:18 baseweed-admin dbus-run-session[1031]:   INFO qml: [20261003-164018]          Shell ---------------------------
Oct 03 16:40:18 baseweed-admin dbus-run-session[1031]:   INFO qml: [20261003-164018]      Wallpaper Service started
Oct 03 16:40:18 baseweed-admin dbus-run-session[1031]:   INFO qml: [20261003-164018]     ImageCache Service started
Oct 03 16:40:19 baseweed-admin dbus-run-session[1031]:   WARN scene: QML Connections at @Services/Theming/AppThemeService.qml[30:3]: Detected function "onDarkModeChanged" in Connections element. This is probably intended to be a signal handler but no signal of the target matches the name.
Oct 03 16:40:19 baseweed-admin dbus-run-session[1031]:   WARN scene: QML Connections at @Services/Theming/AppThemeService.qml[30:3]: Detected function "onMonitorForColorsChanged" in Connections element. This is probably intended to be a signal handler but no signal of the target matches the name.
Oct 03 16:40:19 baseweed-admin dbus-run-session[1031]:   WARN scene: QML Connections at @Services/Theming/AppThemeService.qml[30:3]: Detected function "onGenerationMethodChanged" in Connections element. This is probably intended to be a signal handler but no signal of the target matches the name.
Oct 03 16:40:19 baseweed-admin dbus-run-session[1031]:   INFO qml: [20261003-164019] AppThemeServic Service started
Oct 03 16:40:19 baseweed-admin dbus-run-session[1031]:   WARN scene: QML Connections at @Services/Theming/ColorSchemeService.qml[20:3]: Detected function "onDarkModeChanged" in Connections element. This is probably intended to be a signal handler but no signal of the target matches the name.
Oct 03 16:40:19 baseweed-admin dbus-run-session[1031]:   INFO qml: [20261003-164019]    ColorScheme Service started
Oct 03 16:40:19 baseweed-admin dbus-run-session[1031]:   INFO qml: [20261003-164019] AppPresentatio Service started
Oct 03 16:40:19 baseweed-admin dbus-run-session[1031]:   WARN scene: QML Connections at @Services/Location/DarkModeService.qml[43:3]: Detected function "onSchedulingModeChanged" in Connections element. This is probably intended to be a signal handler but no signal of the target matches the name.
Oct 03 16:40:19 baseweed-admin dbus-run-session[1031]:   WARN scene: QML Connections at @Services/Location/DarkModeService.qml[28:3]: Detected function "onManualSunriseChanged" in Connections element. This is probably intended to be a signal handler but no signal of the target matches the name.
Oct 03 16:40:19 baseweed-admin dbus-run-session[1031]:   WARN scene: QML Connections at @Services/Location/DarkModeService.qml[28:3]: Detected function "onManualSunsetChanged" in Connections element. This is probably intended to be a signal handler but no signal of the target matches the name.
Oct 03 16:40:19 baseweed-admin dbus-run-session[1031]:   INFO qml: [20261003-164019] DarkModeServic Service started
Oct 03 16:40:19 baseweed-admin dbus-run-session[1031]:   WARN scene: @Services/Location/DarkModeService.qml[29:5]: Unable to assign QJSValue to QObject*
Oct 03 16:40:19 baseweed-admin dbus-run-session[1031]:   WARN scene: @Services/Location/DarkModeService.qml[44:5]: Unable to assign QJSValue to QObject*
Oct 03 16:40:19 baseweed-admin dbus-run-session[1031]:   WARN scene: @Services/Theming/ColorSchemeService.qml[21:5]: Unable to assign QJSValue to QObject*
Oct 03 16:40:19 baseweed-admin dbus-run-session[1031]:   WARN scene: @Services/Theming/AppThemeService.qml[31:5]: Unable to assign QJSValue to QObject*
Oct 03 16:40:19 baseweed-admin dbus-run-session[1031]:   WARN scene: @Modules/Dock/Dock.qml[46:9]: Unable to assign QJSValue to QObject*
Oct 03 16:40:19 baseweed-admin dbus-run-session[1031]:   WARN scene: @Modules/Dock/Dock.qml[46:9]: Unable to assign QJSValue to QObject*
Oct 03 16:40:19 baseweed-admin dbus-run-session[1031]:   WARN scene: @Modules/Dock/Dock.qml[46:9]: Unable to assign QJSValue to QObject*
Oct 03 16:40:19 baseweed-admin dbus-run-session[1031]:   WARN scene: @Modules/Background/Background.qml[81:9]: Unable to assign QJSValue to QObject*
Oct 03 16:40:19 baseweed-admin dbus-run-session[1031]:   WARN scene: @Modules/Background/Background.qml[81:9]: Unable to assign QJSValue to QObject*
Oct 03 16:40:19 baseweed-admin dbus-run-session[1031]:   WARN scene: @Modules/Background/Background.qml[81:9]: Unable to assign QJSValue to QObject*
Oct 03 16:40:19 baseweed-admin dbus-run-session[1031]:   WARN scene: @Services/UI/WallpaperService.qml[62:5]: Unable to assign QJSValue to QObject*
Oct 03 16:40:19 baseweed-admin dbus-run-session[1031]:   WARN scene: @Modules/Panels/SessionMenu/SessionMenu.qml[152:5]: Unable to assign QJSValue to QObject*
Oct 03 16:40:19 baseweed-admin dbus-run-session[1031]:   WARN scene: @Modules/Panels/Dock/StaticDockPanel.qml[351:5]: Unable to assign QJSValue to QObject*
Oct 03 16:40:19 baseweed-admin dbus-run-session[1031]:   WARN scene: @Modules/Panels/SessionMenu/SessionMenu.qml[152:5]: Unable to assign QJSValue to QObject*
Oct 03 16:40:19 baseweed-admin dbus-run-session[1031]:   WARN scene: @Modules/Panels/Dock/StaticDockPanel.qml[351:5]: Unable to assign QJSValue to QObject*
Oct 03 16:40:19 baseweed-admin dbus-run-session[1031]:   WARN scene: @Services/System/SystemStatService.qml[321:5]: Unable to assign QJSValue to QObject*
Oct 03 16:40:19 baseweed-admin dbus-run-session[1031]:   WARN scene: @Modules/Panels/SessionMenu/SessionMenu.qml[152:5]: Unable to assign QJSValue to QObject*
Oct 03 16:40:19 baseweed-admin dbus-run-session[1031]:   WARN scene: @Services/Networking/NetworkService.qml[74:5]: Unable to assign QJSValue to QObject*
Oct 03 16:40:19 baseweed-admin dbus-run-session[1031]:   WARN scene: @Modules/Panels/Dock/StaticDockPanel.qml[351:5]: Unable to assign QJSValue to QObject*
Oct 03 16:40:19 baseweed-admin dbus-run-session[1031]:   WARN scene: @Services/UI/BarService.qml[148:5]: Unable to assign QJSValue to QObject*
Oct 03 16:40:19 baseweed-admin dbus-run-session[1031]:   WARN scene: @Services/Hardware/BrightnessService.qml[67:5]: Unable to assign QJSValue to QObject*
Oct 03 16:40:19 baseweed-admin dbus-run-session[1031]:   INFO qml: [20261003-164019]      Wallpaper Starting scan for Virtual-1 in /home/admin/Pictures/Wallpapers recursive: false
Oct 03 16:40:19 baseweed-admin dbus-run-session[1031]:   INFO qml: [20261003-164019]      Wallpaper Starting scan for pipewire-0 in /home/admin/Pictures/Wallpapers recursive: false
Oct 03 16:40:19 baseweed-admin dbus-run-session[1031]:   INFO qml: [20261003-164019]      Wallpaper Starting scan for pipewire-1 in /home/admin/Pictures/Wallpapers recursive: false
Oct 03 16:40:19 baseweed-admin dbus-run-session[1031]:   INFO qml: [20261003-164019]       Location Service started
Oct 03 16:40:19 baseweed-admin dbus-run-session[1031]:   WARN scene: QML Connections at @Services/Location/NightLightService.qml[96:3]: Detected function "onEnabledChanged" in Connections element. This is probably intended to be a signal handler but no signal of the target matches the name.
Oct 03 16:40:19 baseweed-admin dbus-run-session[1031]:   WARN scene: QML Connections at @Services/Location/NightLightService.qml[96:3]: Detected function "onForcedChanged" in Connections element. This is probably intended to be a signal handler but no signal of the target matches the name.
Oct 03 16:40:19 baseweed-admin dbus-run-session[1031]:   WARN scene: QML Connections at @Services/Location/NightLightService.qml[96:3]: Detected function "onNightTempChanged" in Connections element. This is probably intended to be a signal handler but no signal of the target matches the name.
Oct 03 16:40:19 baseweed-admin dbus-run-session[1031]:   WARN scene: QML Connections at @Services/Location/NightLightService.qml[96:3]: Detected function "onDayTempChanged" in Connections element. This is probably intended to be a signal handler but no signal of the target matches the name.
Oct 03 16:40:19 baseweed-admin dbus-run-session[1031]:   WARN scene: QML Connections at @Services/Control/HooksService.qml[16:3]: Detected function "onDarkModeChanged" in Connections element. This is probably intended to be a signal handler but no signal of the target matches the name.
Oct 03 16:40:19 baseweed-admin dbus-run-session[1031]:   INFO qml: [20261003-164019]   HooksService Service started
Oct 03 16:40:19 baseweed-admin dbus-run-session[1031]:   WARN quickshell.dbus.objectmanager: Failed to create DBusObjectManagerInterface for "org.bluez" "/" : QDBusError("org.freedesktop.DBus.Error.ServiceUnknown", "The name is not activatable")
Oct 03 16:40:19 baseweed-admin dbus-run-session[1031]:   INFO qml: [20261003-164019]      Bluetooth Service started
Oct 03 16:40:19 baseweed-admin dbus-run-session[1031]:   INFO qml: [20261003-164019]  IdleInhibitor Service started
Oct 03 16:40:19 baseweed-admin dbus-run-session[1031]:   INFO qml: [20261003-164019] CapabilityServ qdwin live-apply capabilities: pointer=false xkb=false wm=false output=false workspace=false idleDpms=false keybind=false
Oct 03 16:40:19 baseweed-admin dbus-run-session[1031]:   INFO qml: [20261003-164019]   PowerService Service started
Oct 03 16:40:19 baseweed-admin dbus-run-session[1031]:   INFO qml: [20261003-164019] AccessibilityS Service started
Oct 03 16:40:19 baseweed-admin dbus-run-session[1031]:   INFO qml: [20261003-164019]  KeyboardInput Service started
Oct 03 16:40:19 baseweed-admin dbus-run-session[1031]:   INFO qml: [20261003-164019] PointerInputSe Service started (qdwin live-apply: persist-only until shell binds >= v28)
Oct 03 16:40:19 baseweed-admin dbus-run-session[1031]:   INFO qml: [20261003-164019] WindowManagerS Service started (qdwin v25 live-apply: false, shortcuts: false)
Oct 03 16:40:19 baseweed-admin dbus-run-session[1031]:   INFO qml: [20261003-164019] SessionService started; saved=0 canApplyPlacement=false
Oct 03 16:40:19 baseweed-admin dbus-run-session[1031]:   INFO qml: [20261003-164019]    HostService Service started
Oct 03 16:40:19 baseweed-admin dbus-run-session[1031]:   INFO qml: [20261003-164019] CustomButtonIP Service started
Oct 03 16:40:19 baseweed-admin dbus-run-session[1031]:   INFO qml: [20261003-164019]     IPCService Service started
Oct 03 16:40:19 baseweed-admin dbus-run-session[1031]:   INFO qml: [20261003-164019]        PodApps service started
Oct 03 16:40:19 baseweed-admin dbus-run-session[1031]:   INFO qml: [20261003-164019]         VMApps service started
Oct 03 16:40:19 baseweed-admin dbus-run-session[1031]:   INFO qml: [20261003-164019]      Tier3Apps service started
Oct 03 16:40:19 baseweed-admin dbus-run-session[1031]:   INFO qml: [20261003-164019]     Tier3sApps service started
Oct 03 16:40:19 baseweed-admin dbus-run-session[1031]:   INFO qml: [20261003-164019]      Tier4Apps service started
Oct 03 16:40:19 baseweed-admin dbus-run-session[1031]:   INFO qml: [20261003-164019] RemoteMachineW service started
Oct 03 16:40:19 baseweed-admin dbus-run-session[1031]:   INFO qml: [20261003-164019]  Tier3FocusIPC service started
Oct 03 16:40:19 baseweed-admin dbus-run-session[1031]:   WARN quickshell.dbus: Could not launch service org.freedesktop.UPower.PowerProfiles: QDBusError(org.freedesktop.DBus.Error.ServiceUnknown, The name is not activatable)
Oct 03 16:40:19 baseweed-admin dbus-run-session[1031]:   WARN quickshell.service.powerprofiles: Could not start PowerProfilesDaemon. The PowerProfiles service will not work.
Oct 03 16:40:19 baseweed-admin weston[927]: [16:40:19.490] qdwin: bind attempt pid=1031 uid=1000 (allowed_uid=1000)
Oct 03 16:40:19 baseweed-admin weston[927]: [16:40:19.490] qdwin: bind accepted for uid=1000, hello sent
Oct 03 16:40:19 baseweed-admin weston[927]: [16:40:19.490] qdwin: ext_workspace_manager bound (count=4 active=0)
Oct 03 16:40:19 baseweed-admin weston[927]: [16:40:19.490] qdwin: zwlr_output_manager bound (serial=1)
Oct 03 16:40:19 baseweed-admin weston[927]: [16:40:19.490] qdwin: shell bound (uid=1000 pid=1031); replaying 0 toplevels
Oct 03 16:40:19 baseweed-admin weston[927]: [16:40:19.490] qdwin: seat_focus_changed seat=default handle=4294967295
Oct 03 16:40:19 baseweed-admin dbus-run-session[1031]:   INFO qml: [20261003-164019]          Qdwin qdwin_shell_v1 bound v34
Oct 03 16:40:19 baseweed-admin dbus-run-session[1031]:   INFO qml: [20261003-164019]  ClipboardGate wired to qdwin_shell_v1; broker default=deny
Oct 03 16:40:19 baseweed-admin weston[927]: [16:40:19.493] qdwin: workspace 0 name="1"
Oct 03 16:40:19 baseweed-admin weston[927]: [16:40:19.494] qdwin: workspace 1 name="2"
Oct 03 16:40:19 baseweed-admin weston[927]: [16:40:19.494] qdwin: workspace 2 name="3"
Oct 03 16:40:19 baseweed-admin weston[927]: [16:40:19.494] qdwin: workspace 3 name="4"
Oct 03 16:40:19 baseweed-admin weston[927]: [16:40:19.494] qdwin: set_wm_policy focus=0 ffm_delay=0 raise_click=1 raise_hover=0 placement=2 snap=1 dist=16
Oct 03 16:40:19 baseweed-admin dbus-run-session[1031]:   INFO qml: [20261003-164019] WindowManagerS applied WM policy focus=click placement=smart snap=true/16
Oct 03 16:40:19 baseweed-admin dbus-run-session[1031]:   INFO qml: [20261003-164019] CapabilityServ wmPolicy -> true
Oct 03 16:40:19 baseweed-admin weston[927]: [16:40:19.495] qdwin: register_hotkey id=7101 mods=0x2 key=62
Oct 03 16:40:19 baseweed-admin weston[927]: [16:40:19.495] qdwin: register_hotkey id=7102 mods=0x4 key=103
Oct 03 16:40:19 baseweed-admin weston[927]: [16:40:19.495] qdwin: register_hotkey id=7103 mods=0x4 key=33
Oct 03 16:40:19 baseweed-admin weston[927]: [16:40:19.495] qdwin: register_hotkey id=7104 mods=0x4 key=105
Oct 03 16:40:19 baseweed-admin weston[927]: [16:40:19.495] qdwin: register_hotkey id=7105 mods=0x4 key=106
Oct 03 16:40:19 baseweed-admin dbus-run-session[1031]:   INFO qml: [20261003-164019] WindowManagerS registered WM shortcuts (5 active)
Oct 03 16:40:19 baseweed-admin dbus-run-session[1031]:   INFO qml: [20261003-164019] CapabilityServ keybindRegistration -> true
Oct 03 16:40:19 baseweed-admin weston[927]: [16:40:19.496] qdwin: set_pointer_config accel=0 profile=0 natural=0 tap=1 left=0 middle=0 dwt=1 scroll=1 (6 devices)
Oct 03 16:40:19 baseweed-admin dbus-run-session[1031]:   INFO qml: [20261003-164019] PointerInputSe applied pointer config accelSpeed=0 profile=0 natural=0 tap=1 scroll=1
Oct 03 16:40:19 baseweed-admin dbus-run-session[1031]:   INFO qml: [20261003-164019] CapabilityServ pointerConfig -> true
Oct 03 16:40:19 baseweed-admin weston[927]: [16:40:19.496] qdwin: set_key_repeat rate=25 delay=500
Oct 03 16:40:19 baseweed-admin dbus-run-session[1031]:   INFO qml: [20261003-164019]  KeyboardInput applied qdwin key-repeat rate=25 delay=500
Oct 03 16:40:19 baseweed-admin dbus-run-session[1031]:   INFO qml: [20261003-164019] CapabilityServ xkbRepeat -> true
Oct 03 16:40:19 baseweed-admin dbus-run-session[1031]:   INFO qml: [20261003-164019]   PowerService idle policy armed: inactivity=0ms (nothing), displayOff=0ms, presentation=false
Oct 03 16:40:19 baseweed-admin dbus-run-session[1031]:   INFO qml: [20261003-164019] CapabilityServ idleDpms -> true
Oct 03 16:40:19 baseweed-admin dbus-run-session[1031]:   INFO qml: [20261003-164019] CapabilityServ outputManagement -> true
Oct 03 16:40:19 baseweed-admin dbus-run-session[1031]:   WARN qml: [20261003-164019]       Location Weather is still fetching
Oct 03 16:40:19 baseweed-admin dbus-run-session[1031]:   WARN quickshell.dbus: Could not launch service org.freedesktop.UPower: QDBusError(org.freedesktop.DBus.Error.ServiceUnknown, The name is not activatable)
Oct 03 16:40:19 baseweed-admin dbus-run-session[1031]:   WARN quickshell.service.upower: Could not start UPower. The UPower service will not work.
Oct 03 16:40:19 baseweed-admin dbus-run-session[1031]:   INFO qml: [20261003-164019]    HostService Detected openSUSE Tumbleweed
Oct 03 16:40:19 baseweed-admin dbus-run-session[1031]:   INFO qml: [20261003-164019]    HostService Looking for logo icon: distributor-logo-Tumbleweed
Oct 03 16:40:19 baseweed-admin dbus-run-session[1031]:   INFO qml: [20261003-164019]    HostService resolved hostname baseweed-admin
Oct 03 16:40:19 baseweed-admin dbus-run-session[1031]:   WARN: Process failed to start, likely because the binary could not be found. Command: QList("bluetoothctl", "show")
Oct 03 16:40:19 baseweed-admin dbus-run-session[1031]:   WARN: Process failed to start, likely because the binary could not be found. Command: QList("udisksctl", "monitor")
Oct 03 16:40:19 baseweed-admin weston[927]: [16:40:19.782] qdwin: layer-shell get_layer_surface ns=qdshell-background-Virtual-1 layer=2 output=0x561f051a9ac0
Oct 03 16:40:19 baseweed-admin weston[927]: [16:40:19.783] qdwin: layer-shell configure ns=qdshell-background-Virtual-1 layer=2 box=0,0 1920x1080 serial=1
Oct 03 16:40:19 baseweed-admin weston[927]: [16:40:19.783] qdwin: layer-shell get_layer_surface ns=qdshell-bar-content-Virtual-1 layer=2 output=0x561f051a9ac0
Oct 03 16:40:19 baseweed-admin weston[927]: [16:40:19.783] qdwin: layer-shell configure ns=qdshell-bar-content-Virtual-1 layer=2 box=0,0 1920x31 serial=2
Oct 03 16:40:19 baseweed-admin weston[927]: [16:40:19.783] qdwin: layer-shell get_layer_surface ns=qdshell-bar-exclusion-top-Virtual-1 layer=2 output=0x561f051a9ac0
Oct 03 16:40:19 baseweed-admin weston[927]: [16:40:19.783] qdwin: layer-shell configure ns=qdshell-bar-exclusion-top-Virtual-1 layer=2 box=0,0 1920x31 serial=3
Oct 03 16:40:19 baseweed-admin weston[927]: [16:40:19.783] qdwin: layer-shell get_layer_surface ns=qdshell-background-pipewire-0 layer=2 output=0x561f051ab020
Oct 03 16:40:19 baseweed-admin weston[927]: [16:40:19.783] qdwin: layer-shell configure ns=qdshell-background-pipewire-0 layer=2 box=1920,0 640x480 serial=4
Oct 03 16:40:19 baseweed-admin weston[927]: [16:40:19.783] qdwin: layer-shell get_layer_surface ns=qdshell-bar-content-pipewire-0 layer=2 output=0x561f051ab020
Oct 03 16:40:19 baseweed-admin weston[927]: [16:40:19.783] qdwin: layer-shell configure ns=qdshell-bar-content-pipewire-0 layer=2 box=1920,0 640x31 serial=5
Oct 03 16:40:19 baseweed-admin weston[927]: [16:40:19.783] qdwin: layer-shell get_layer_surface ns=qdshell-bar-exclusion-top-pipewire-0 layer=2 output=0x561f051ab020
Oct 03 16:40:19 baseweed-admin weston[927]: [16:40:19.783] qdwin: layer-shell configure ns=qdshell-bar-exclusion-top-pipewire-0 layer=2 box=1920,0 640x31 serial=6
Oct 03 16:40:19 baseweed-admin weston[927]: [16:40:19.783] qdwin: layer-shell get_layer_surface ns=qdshell-background-pipewire-1 layer=2 output=0x561f051d0cd0
Oct 03 16:40:19 baseweed-admin weston[927]: [16:40:19.783] qdwin: layer-shell configure ns=qdshell-background-pipewire-1 layer=2 box=2560,0 640x480 serial=7
Oct 03 16:40:19 baseweed-admin weston[927]: [16:40:19.783] qdwin: layer-shell get_layer_surface ns=qdshell-bar-content-pipewire-1 layer=2 output=0x561f051d0cd0
Oct 03 16:40:19 baseweed-admin weston[927]: [16:40:19.783] qdwin: layer-shell configure ns=qdshell-bar-content-pipewire-1 layer=2 box=2560,0 640x31 serial=8
Oct 03 16:40:19 baseweed-admin weston[927]: [16:40:19.783] qdwin: layer-shell get_layer_surface ns=qdshell-bar-exclusion-top-pipewire-1 layer=2 output=0x561f051d0cd0
Oct 03 16:40:19 baseweed-admin weston[927]: [16:40:19.783] qdwin: layer-shell configure ns=qdshell-bar-exclusion-top-pipewire-1 layer=2 box=2560,0 640x31 serial=9
Oct 03 16:40:19 baseweed-admin weston[927]: [16:40:19.783] qdwin: layer-shell get_layer_surface ns=qdshell-dock-peek-Virtual-1 layer=2 output=0x561f051a9ac0
Oct 03 16:40:19 baseweed-admin weston[927]: [16:40:19.783] qdwin: layer-shell configure ns=qdshell-dock-peek-Virtual-1 layer=2 box=0,1079 1920x1 serial=10
Oct 03 16:40:19 baseweed-admin weston[927]: [16:40:19.783] qdwin: layer-shell get_layer_surface ns=qdshell-dock-peek-pipewire-0 layer=2 output=0x561f051ab020
Oct 03 16:40:19 baseweed-admin weston[927]: [16:40:19.783] qdwin: layer-shell configure ns=qdshell-dock-peek-pipewire-0 layer=2 box=1920,479 640x1 serial=11
Oct 03 16:40:19 baseweed-admin weston[927]: [16:40:19.783] qdwin: layer-shell get_layer_surface ns=qdshell-dock-peek-pipewire-1 layer=2 output=0x561f051d0cd0
Oct 03 16:40:19 baseweed-admin weston[927]: [16:40:19.783] qdwin: layer-shell configure ns=qdshell-dock-peek-pipewire-1 layer=2 box=2560,479 640x1 serial=12
Oct 03 16:40:19 baseweed-admin weston[927]: [16:40:19.783] qdwin: layer-shell get_layer_surface ns=qdshell-image-cache-renderer layer=2 output=(nil)
Oct 03 16:40:19 baseweed-admin weston[927]: [16:40:19.783] qdwin: layer-shell configure ns=qdshell-image-cache-renderer layer=2 box=960,540 1x1 serial=13
Oct 03 16:40:19 baseweed-admin dbus-run-session[1031]:  ERROR qml: [20261003-164019]       Location Geocoding error: 0
Oct 03 16:40:19 baseweed-admin dbus-run-session[1031]:   WARN scene: QML Connections at qs:/usr/share/quickshell/qdshell/Modules/Bar/Widgets/Taskbar.qml[981:3]: Detected function "onPinnedAppsChanged" in Connections element. This is probably intended to be a signal handler but no signal of the target matches the name.
Oct 03 16:40:19 baseweed-admin dbus-run-session[1031]:   WARN scene: QML Connections at qs:/usr/share/quickshell/qdshell/Modules/Bar/Widgets/Taskbar.qml[981:3]: Detected function "onPinnedAppsChanged" in Connections element. This is probably intended to be a signal handler but no signal of the target matches the name.
Oct 03 16:40:19 baseweed-admin dbus-run-session[1031]:   WARN scene: QML Connections at qs:/usr/share/quickshell/qdshell/Modules/Bar/Widgets/Taskbar.qml[981:3]: Detected function "onPinnedAppsChanged" in Connections element. This is probably intended to be a signal handler but no signal of the target matches the name.
Oct 03 16:40:19 baseweed-admin dbus-run-session[1031]:   INFO qml: [20261003-164019] PluginRegistry All plugin manifests loaded. Total plugins: 0
Oct 03 16:40:19 baseweed-admin dbus-run-session[1031]:   INFO qml: [20261003-164019]  PluginService Initializing plugin system
Oct 03 16:40:19 baseweed-admin dbus-run-session[1031]:   INFO qml: [20261003-164019]  PluginService Found 0 enabled plugins: []
Oct 03 16:40:19 baseweed-admin dbus-run-session[1031]:   INFO qml: [20261003-164019]  PluginService No plugins to load
Oct 03 16:40:19 baseweed-admin dbus-run-session[1031]:   INFO qml: [20261003-164019]  PluginService Refreshing available plugins
Oct 03 16:40:19 baseweed-admin dbus-run-session[1031]:   WARN qml: [20261003-164019]     ImageCache ImageMagick not found, using Qt fallback
Oct 03 16:40:19 baseweed-admin dbus-run-session[1031]:   WARN qml: [20261003-164019]      Wallpaper Scan failed for Virtual-1 exit code: 1 (directory might not exist)
Oct 03 16:40:19 baseweed-admin dbus-run-session[1031]:   WARN qml: [20261003-164019]      Wallpaper Scan failed for pipewire-0 exit code: 1 (directory might not exist)
Oct 03 16:40:19 baseweed-admin dbus-run-session[1031]:   WARN qml: [20261003-164019]      Wallpaper Scan failed for pipewire-1 exit code: 1 (directory might not exist)
Oct 03 16:40:19 baseweed-admin dbus-run-session[1031]:   WARN qml: [20261003-164019]   PowerService Button monitor unavailable (exit 1); releasing key inhibitors, logind will handle power/sleep keys
Oct 03 16:40:19 baseweed-admin weston[927]: [16:40:19.919] qdwin: set_key_repeat rate=25 delay=500
Oct 03 16:40:19 baseweed-admin dbus-run-session[1031]:   INFO qml: [20261003-164019]  KeyboardInput applied qdwin key-repeat rate=25 delay=500
Oct 03 16:40:19 baseweed-admin dbus-run-session[1031]:   INFO qml: [20261003-164019] PointerInputSe enumerated 3 pointer device(s) via proc
Oct 03 16:40:19 baseweed-admin dbus-run-session[1031]:   INFO qml: [20261003-164019]        PodApps cache refresh loaded 0 apps
Oct 03 16:40:19 baseweed-admin qdlocker[1026]: 2026-10-03 16:40:19,928 qdlocker.logind INFO logind session rebound in place; session=None
Oct 03 16:40:20 baseweed-admin weston[927]: [16:40:20.127] qdwin: layer-shell mapped ns=qdshell-background-Virtual-1 layer=2 at 0,0 1920x1080
Oct 03 16:40:20 baseweed-admin weston[927]: [16:40:20.194] qdwin: layer-shell mapped ns=qdshell-bar-content-Virtual-1 layer=2 at 0,0 1920x31
Oct 03 16:40:20 baseweed-admin weston[927]: [16:40:20.244] qdwin: layer-shell mapped ns=qdshell-bar-exclusion-top-Virtual-1 layer=2 at 0,0 1920x31
Oct 03 16:40:20 baseweed-admin weston[927]: [16:40:20.314] qdwin: layer-shell mapped ns=qdshell-background-pipewire-0 layer=2 at 1920,0 640x480
Oct 03 16:40:20 baseweed-admin weston[927]: [16:40:20.366] qdwin: layer-shell mapped ns=qdshell-bar-content-pipewire-0 layer=2 at 1920,0 640x31
Oct 03 16:40:20 baseweed-admin weston[927]: [16:40:20.790] qdwin: layer-shell mapped ns=qdshell-bar-exclusion-top-pipewire-0 layer=2 at 1920,0 640x31
Oct 03 16:40:21 baseweed-admin weston[927]: [16:40:21.215] qdwin: layer-shell mapped ns=qdshell-background-pipewire-1 layer=2 at 2560,0 640x480
Oct 03 16:40:21 baseweed-admin weston[927]: [16:40:21.597] qdwin: layer-shell mapped ns=qdshell-bar-content-pipewire-1 layer=2 at 2560,0 640x31
Oct 03 16:40:21 baseweed-admin weston[927]: [16:40:21.880] qdwin: layer-shell mapped ns=qdshell-bar-exclusion-top-pipewire-1 layer=2 at 2560,0 640x31
Oct 03 16:40:22 baseweed-admin weston[927]: [16:40:22.158] qdwin: layer-shell mapped ns=qdshell-dock-peek-Virtual-1 layer=2 at 0,1079 1920x1
Oct 03 16:40:22 baseweed-admin weston[927]: [16:40:22.631] qdwin: layer-shell mapped ns=qdshell-dock-peek-pipewire-0 layer=2 at 1920,479 640x1
Oct 03 16:40:22 baseweed-admin weston[927]: [16:40:22.939] qdwin: layer-shell mapped ns=qdshell-dock-peek-pipewire-1 layer=2 at 2560,479 640x1
Oct 03 16:40:23 baseweed-admin weston[927]: [16:40:23.226] qdwin: layer-shell mapped ns=qdshell-image-cache-renderer layer=2 at 960,540 1x1
Oct 03 16:40:23 baseweed-admin dbus-run-session[1031]:   WARN: Could not load icon "user-desktop?fallback=application-x-executable" at size QSize(19, 19) from request
Oct 03 16:40:23 baseweed-admin dbus-run-session[1031]:   WARN: Could not load icon "user-desktop?fallback=application-x-executable" at size QSize(2, 2) from request
Oct 03 16:40:23 baseweed-admin dbus-run-session[1031]:   WARN scene: qs:/usr/share/quickshell/qdshell/Modules/Bar/Widgets/Taskbar.qml[982:5]: Unable to assign QJSValue to QObject*
Oct 03 16:40:23 baseweed-admin dbus-run-session[1031]:   WARN scene: qs:/usr/share/quickshell/qdshell/Modules/Bar/Widgets/Taskbar.qml[982:5]: Unable to assign QJSValue to QObject*
Oct 03 16:40:23 baseweed-admin dbus-run-session[1031]:   WARN scene: qs:/usr/share/quickshell/qdshell/Modules/Bar/Widgets/Taskbar.qml[982:5]: Unable to assign QJSValue to QObject*
Oct 03 16:40:23 baseweed-admin dbus-run-session[1031]:   WARN scene: @Services/Control/HooksService.qml[17:5]: Unable to assign QJSValue to QObject*
Oct 03 16:40:23 baseweed-admin dbus-run-session[1031]:   WARN scene: @Services/Location/NightLightService.qml[97:5]: Unable to assign QJSValue to QObject*
Oct 03 16:40:23 baseweed-admin dbus-run-session[1031]:   INFO qml: [20261003-164023]    ColorScheme Applying color scheme: Qdshell (default)
Oct 03 16:40:23 baseweed-admin dbus-run-session[1031]:   INFO qml: [20261003-164023]           Time Time jump detected (21s) - likely system resume
Oct 03 16:40:23 baseweed-admin dbus-run-session[1031]:   INFO qml: [20261003-164023]        Network System resumed - forcing state poll
Oct 03 16:40:23 baseweed-admin dbus-run-session[1031]:   INFO qml: [20261003-164023]     SystemStat System resumed - resetting differential state
Oct 03 16:40:23 baseweed-admin dbus-run-session[1031]:   INFO qml: [20261003-164023] DarkModeServic System resumed - re-evaluating dark mode
Oct 03 16:40:23 baseweed-admin dbus-run-session[1031]:   INFO qml: [20261003-164023]     NightLight System resumed - re-applying night light
Oct 03 16:40:23 baseweed-admin dbus-run-session[1031]:   INFO qml: [20261003-164023]      Bluetooth System resumed - forcing state poll
Oct 03 16:40:23 baseweed-admin dbus-run-session[1031]:   INFO qml: [20261003-164023]           Font Service started
Oct 03 16:40:23 baseweed-admin dbus-run-session[1031]:  ERROR qml: [20261003-164023]  PluginService Empty response from Qdshell Plugins
Oct 03 16:40:23 baseweed-admin dbus-run-session[1031]:  ERROR qml: [20261003-164023]  PluginService Failed to fetch registry from Qdshell Plugins - exit code: 1
Oct 03 16:40:24 baseweed-admin dbus-run-session[1031]:   INFO qml: [20261003-164024]        PodApps cache refresh loaded 0 apps
Oct 03 16:40:24 baseweed-admin dbus-run-session[1031]:   WARN qml: [20261003-164024]        Network Connectivity check error: Error: Not authorized to recheck connectivity.
Oct 03 16:40:24 baseweed-admin weston[927]: [16:40:24.112] qdwin: layer-shell get_layer_surface ns=qdshell-osd-Virtual-1 layer=3 output=0x561f051a9ac0
Oct 03 16:40:24 baseweed-admin weston[927]: [16:40:24.112] qdwin: layer-shell configure ns=qdshell-osd-Virtual-1 layer=3 box=1591,40 320x72 serial=14
Oct 03 16:40:24 baseweed-admin weston[927]: [16:40:24.112] qdwin: layer-shell get_layer_surface ns=qdshell-osd-pipewire-0 layer=3 output=0x561f051ab020
Oct 03 16:40:24 baseweed-admin weston[927]: [16:40:24.112] qdwin: layer-shell configure ns=qdshell-osd-pipewire-0 layer=3 box=2231,40 320x72 serial=15
Oct 03 16:40:24 baseweed-admin weston[927]: [16:40:24.112] qdwin: layer-shell get_layer_surface ns=qdshell-osd-pipewire-1 layer=3 output=0x561f051d0cd0
Oct 03 16:40:24 baseweed-admin weston[927]: [16:40:24.112] qdwin: layer-shell configure ns=qdshell-osd-pipewire-1 layer=3 box=2871,40 320x72 serial=16
Oct 03 16:40:24 baseweed-admin weston[927]: [16:40:24.696] qdwin: layer-shell mapped ns=qdshell-osd-Virtual-1 layer=3 at 1591,40 320x72
Oct 03 16:40:24 baseweed-admin weston[927]: [16:40:24.914] qdwin: layer-shell mapped ns=qdshell-osd-pipewire-0 layer=3 at 2231,40 320x72
Oct 03 16:40:25 baseweed-admin weston[927]: [16:40:25.856] qdwin: layer-shell mapped ns=qdshell-osd-pipewire-1 layer=3 at 2871,40 320x72
Oct 03 16:40:25 baseweed-admin dbus-run-session[1031]:   INFO qml: [20261003-164025]           Font Loaded 11 fonts, 3 monospace
Oct 03 16:40:25 baseweed-admin weston[927]: [16:40:25.952] qdwin: layer-shell get_layer_surface ns=qdshell-wallpaper-Virtual-1 layer=0 output=0x561f051a9ac0
Oct 03 16:40:25 baseweed-admin weston[927]: [16:40:25.952] qdwin: layer-shell configure ns=qdshell-wallpaper-Virtual-1 layer=0 box=0,0 1920x1080 serial=17
Oct 03 16:40:25 baseweed-admin weston[927]: [16:40:25.952] qdwin: layer-shell get_layer_surface ns=qdshell-wallpaper-pipewire-0 layer=0 output=0x561f051ab020
Oct 03 16:40:25 baseweed-admin weston[927]: [16:40:25.952] qdwin: layer-shell configure ns=qdshell-wallpaper-pipewire-0 layer=0 box=1920,0 640x480 serial=18
Oct 03 16:40:25 baseweed-admin weston[927]: [16:40:25.952] qdwin: layer-shell get_layer_surface ns=qdshell-wallpaper-pipewire-1 layer=0 output=0x561f051d0cd0
Oct 03 16:40:25 baseweed-admin weston[927]: [16:40:25.952] qdwin: layer-shell configure ns=qdshell-wallpaper-pipewire-1 layer=0 box=2560,0 640x480 serial=19
Oct 03 16:40:26 baseweed-admin weston[927]: [16:40:26.592] qdwin: layer-shell mapped ns=qdshell-wallpaper-Virtual-1 layer=0 at 0,0 1920x1080
Oct 03 16:40:27 baseweed-admin weston[927]: [16:40:27.120] qdwin: layer-shell mapped ns=qdshell-wallpaper-pipewire-0 layer=0 at 1920,0 640x480
Oct 03 16:40:27 baseweed-admin weston[927]: [16:40:27.655] qdwin: layer-shell mapped ns=qdshell-wallpaper-pipewire-1 layer=0 at 2560,0 640x480
Oct 03 16:40:27 baseweed-admin dbus-run-session[1031]:   WARN: Process failed to start, likely because the binary could not be found. Command: QList("bluetoothctl", "show")
Oct 03 16:40:28 baseweed-admin dbus-run-session[1031]:   INFO qml: [20261003-164028] DarkModeServic Resume retry - re-evaluating dark mode again
Oct 03 16:40:28 baseweed-admin dbus-run-session[1031]:   INFO qml: [20261003-164028]     NightLight Resume retry - re-applying night light again
Oct 03 16:40:28 baseweed-admin dbus-run-session[1031]:   WARN qml: [20261003-164028]     SystemStat No supported temperature sensor found
Oct 03 16:40:29 baseweed-admin dbus-run-session[1031]:   WARN: Process failed to start, likely because the binary could not be found. Command: QList("bluetoothctl", "show")
Oct 03 16:40:31 baseweed-admin dbus-run-session[1031]:   WARN: Process failed to start, likely because the binary could not be found. Command: QList("bluetoothctl", "show")
Oct 03 16:40:33 baseweed-admin dbus-run-session[1031]:   WARN: Process failed to start, likely because the binary could not be found. Command: QList("bluetoothctl", "show")
Oct 03 16:40:35 baseweed-admin dbus-run-session[1031]:   WARN: Process failed to start, likely because the binary could not be found. Command: QList("bluetoothctl", "show")
Oct 03 16:40:37 baseweed-admin dbus-run-session[1031]:   WARN: Process failed to start, likely because the binary could not be found. Command: QList("bluetoothctl", "show")
Oct 03 16:40:38 baseweed-admin dbus-run-session[1031]:   WARN qml: [20261003-164038]        Network Connectivity check error: Error: Not authorized to recheck connectivity.
Oct 03 16:40:39 baseweed-admin dbus-run-session[1031]:   WARN: Process failed to start, likely because the binary could not be found. Command: QList("bluetoothctl", "show")
Oct 03 16:40:39 baseweed-admin dbus-run-session[1031]:   WARN qml: [20261003-164039]       Location Weather is still fetching
Oct 03 16:40:39 baseweed-admin dbus-run-session[1031]:  ERROR qml: [20261003-164039]       Location Geocoding error: 0
Oct 03 16:40:41 baseweed-admin dbus-run-session[1031]:   WARN: Process failed to start, likely because the binary could not be found. Command: QList("bluetoothctl", "show")
Oct 03 16:40:43 baseweed-admin dbus-run-session[1031]:   WARN: Process failed to start, likely because the binary could not be found. Command: QList("bluetoothctl", "show")
Oct 03 16:40:45 baseweed-admin dbus-run-session[1031]:   WARN: Process failed to start, likely because the binary could not be found. Command: QList("bluetoothctl", "show")
Oct 03 16:40:47 baseweed-admin dbus-run-session[1031]:   WARN: Process failed to start, likely because the binary could not be found. Command: QList("bluetoothctl", "show")
Oct 03 16:40:49 baseweed-admin dbus-run-session[1031]:   WARN: Process failed to start, likely because the binary could not be found. Command: QList("bluetoothctl", "show")
Oct 03 16:40:49 baseweed-admin dbus-run-session[1031]:   INFO qml: [20261003-164049]        PodApps cache refresh loaded 0 apps
Oct 03 16:40:51 baseweed-admin dbus-run-session[1031]:   WARN: Process failed to start, likely because the binary could not be found. Command: QList("bluetoothctl", "show")
Oct 03 16:40:53 baseweed-admin dbus-run-session[1031]:   WARN: Process failed to start, likely because the binary could not be found. Command: QList("bluetoothctl", "show")
Oct 03 16:40:53 baseweed-admin dbus-run-session[1031]:   WARN qml: [20261003-164053]        Network Connectivity check error: Error: Not authorized to recheck connectivity.
Oct 03 16:40:55 baseweed-admin dbus-run-session[1031]:   WARN: Process failed to start, likely because the binary could not be found. Command: QList("bluetoothctl", "show")
Oct 03 16:40:57 baseweed-admin dbus-run-session[1031]:   WARN: Process failed to start, likely because the binary could not be found. Command: QList("bluetoothctl", "show")
Oct 03 16:40:59 baseweed-admin dbus-run-session[1031]:   WARN: Process failed to start, likely because the binary could not be found. Command: QList("bluetoothctl", "show")
Oct 03 16:41:21 baseweed-admin dbus-run-session[1031]:   WARN qml: [20261003-164121]       Location Weather is still fetching
Oct 03 16:41:21 baseweed-admin dbus-run-session[1031]:   WARN qml: [20261003-164121]       Location Location update already in progress
Oct 03 16:41:21 baseweed-admin dbus-run-session[1031]:   WARN qml: [20261003-164121]       Location Weather is still fetching
Oct 03 16:41:21 baseweed-admin dbus-run-session[1031]:   INFO qml: [20261003-164121]           Time Time jump detected (22s) - likely system resume
Oct 03 16:41:21 baseweed-admin dbus-run-session[1031]:   INFO qml: [20261003-164121]        Network System resumed - forcing state poll
Oct 03 16:41:21 baseweed-admin dbus-run-session[1031]:   INFO qml: [20261003-164121]     SystemStat System resumed - resetting differential state
Oct 03 16:41:21 baseweed-admin dbus-run-session[1031]:   INFO qml: [20261003-164121] DarkModeServic System resumed - re-evaluating dark mode
Oct 03 16:41:21 baseweed-admin dbus-run-session[1031]:   INFO qml: [20261003-164121]     NightLight System resumed - re-applying night light
Oct 03 16:41:21 baseweed-admin dbus-run-session[1031]:   INFO qml: [20261003-164121]      Bluetooth System resumed - forcing state poll
Oct 03 16:41:21 baseweed-admin dbus-run-session[1031]:  ERROR qml: [20261003-164121]       Location Geocoding error: 0
Oct 03 16:41:21 baseweed-admin dbus-run-session[1031]:   WARN: Process failed to start, likely because the binary could not be found. Command: QList("bluetoothctl", "show")
Oct 03 16:41:21 baseweed-admin dbus-run-session[1031]:   INFO qml: [20261003-164121]        PodApps cache refresh loaded 0 apps
Oct 03 16:41:21 baseweed-admin dbus-run-session[1031]:   WARN qml: [20261003-164121]        Network Connectivity check error: Error: Not authorized to recheck connectivity.
Oct 03 16:41:21 baseweed-admin dbus-run-session[1031]:   WARN qml: [20261003-164121]        Network Connectivity check error: Error: Not authorized to recheck connectivity.
Oct 03 16:41:21 baseweed-admin dbus-run-session[1031]:   WARN: Process failed to start, likely because the binary could not be found. Command: QList("bluetoothctl", "show")
Oct 03 16:41:23 baseweed-admin dbus-run-session[1031]:   WARN qml: [20261003-164123]        Network Connectivity check error: Error: Not authorized to recheck connectivity.
Oct 03 16:41:23 baseweed-admin dbus-run-session[1031]:   INFO qml: [20261003-164123] DarkModeServic Resume retry - re-evaluating dark mode again
Oct 03 16:41:23 baseweed-admin dbus-run-session[1031]:   INFO qml: [20261003-164123]     NightLight Resume retry - re-applying night light again
Oct 03 16:41:23 baseweed-admin dbus-run-session[1031]:   WARN: Process failed to start, likely because the binary could not be found. Command: QList("bluetoothctl", "show")
Oct 03 16:41:31 baseweed-admin dbus-run-session[1031]:   WARN: Process failed to start, likely because the binary could not be found. Command: QList("bluetoothctl", "show")
Oct 03 16:41:31 baseweed-admin dbus-run-session[1031]:   WARN: Process failed to start, likely because the binary could not be found. Command: QList("bluetoothctl", "show")
Oct 03 16:41:31 baseweed-admin dbus-run-session[1031]:   WARN: Process failed to start, likely because the binary could not be found. Command: QList("bluetoothctl", "show")
Oct 03 16:41:31 baseweed-admin dbus-run-session[1031]:   WARN: Process failed to start, likely because the binary could not be found. Command: QList("bluetoothctl", "show")
Oct 03 16:41:33 baseweed-admin dbus-run-session[1031]:   WARN: Process failed to start, likely because the binary could not be found. Command: QList("bluetoothctl", "show")
Oct 03 16:41:35 baseweed-admin dbus-run-session[1031]:   WARN: Process failed to start, likely because the binary could not be found. Command: QList("bluetoothctl", "show")
Oct 03 16:41:37 baseweed-admin dbus-run-session[1031]:   WARN: Process failed to start, likely because the binary could not be found. Command: QList("bluetoothctl", "show")
Oct 03 16:41:38 baseweed-admin dbus-run-session[1031]:   WARN qml: [20261003-164138]        Network Connectivity check error: Error: Not authorized to recheck connectivity.
Oct 03 16:41:39 baseweed-admin dbus-run-session[1031]:   WARN qml: [20261003-164139]       Location Weather is still fetching
Oct 03 16:41:39 baseweed-admin dbus-run-session[1031]:  ERROR qml: [20261003-164139]       Location Geocoding error: 0
Oct 03 16:41:39 baseweed-admin dbus-run-session[1031]:   WARN: Process failed to start, likely because the binary could not be found. Command: QList("bluetoothctl", "show")
Oct 03 16:41:41 baseweed-admin dbus-run-session[1031]:   WARN: Process failed to start, likely because the binary could not be found. Command: QList("bluetoothctl", "show")
Oct 03 16:41:43 baseweed-admin dbus-run-session[1031]:   WARN: Process failed to start, likely because the binary could not be found. Command: QList("bluetoothctl", "show")
Oct 03 16:41:44 baseweed-admin weston[927]: [16:41:44.063] qdwin/secctx: helper pid=4896 launcher parent pid=4887 exe unreadable; falling back to verified root-parent + stable-starttime attestation
Oct 03 16:41:44 baseweed-admin weston[927]: [16:41:44.063] qdwin/secctx: helper pid=4896 launcher parent pid=4887 exe unreadable; falling back to verified root-parent + stable-starttime attestation
Oct 03 16:41:44 baseweed-admin weston[927]: [16:41:44.064] qdwin/secctx: helper pid=4896 launcher parent pid=4887 exe unreadable; falling back to verified root-parent + stable-starttime attestation
Oct 03 16:41:44 baseweed-admin weston[927]: [16:41:44.064] qdwin/secctx: helper pid=4896 launcher parent pid=4887 exe unreadable; falling back to verified root-parent + stable-starttime attestation
Oct 03 16:41:44 baseweed-admin weston[927]: [16:41:44.064] qdwin/secctx: manager bound by uid=1000 pid=4896 (helper)
Oct 03 16:41:44 baseweed-admin weston[927]: [16:41:44.064] qdwin/secctx: committed engine=qdistro.tier3s app_id=qdistro.tier3s.s129a instance_id=c57484e3da8349abaa37a970c3cf1c6b listen_fd=72 close_fd=73
Oct 03 16:41:44 baseweed-admin weston[927]: [16:41:44.067] qdwin/secctx: client accepted engine=qdistro.tier3s app_id=qdistro.tier3s.s129a instance_id=c57484e3da8349abaa37a970c3cf1c6b (total tagged: 1)
Oct 03 16:41:45 baseweed-admin dbus-run-session[1031]:   WARN: Process failed to start, likely because the binary could not be found. Command: QList("bluetoothctl", "show")
Oct 03 16:41:47 baseweed-admin dbus-run-session[1031]:   WARN: Process failed to start, likely because the binary could not be found. Command: QList("bluetoothctl", "show")
Oct 03 16:41:49 baseweed-admin dbus-run-session[1031]:   INFO qml: [20261003-164149]        PodApps cache refresh loaded 0 apps
Oct 03 16:41:49 baseweed-admin dbus-run-session[1031]:   WARN: Process failed to start, likely because the binary could not be found. Command: QList("bluetoothctl", "show")
Oct 03 16:41:51 baseweed-admin dbus-run-session[1031]:   WARN: Process failed to start, likely because the binary could not be found. Command: QList("bluetoothctl", "show")
Oct 03 16:41:53 baseweed-admin dbus-run-session[1031]:   WARN qml: [20261003-164153]        Network Connectivity check error: Error: Not authorized to recheck connectivity.
Oct 03 16:41:53 baseweed-admin dbus-run-session[1031]:   WARN: Process failed to start, likely because the binary could not be found. Command: QList("bluetoothctl", "show")
Oct 03 16:41:54 baseweed-admin weston[927]: [16:41:54.475] qdwin: toplevel_added handle=1 uid=1000 pid=4898 app_id=(null) title=""
Oct 03 16:41:54 baseweed-admin weston[927]: [16:41:54.475] qdwin: toplevel_security_context handle=1 engine=qdistro.tier3s app_id=qdistro.tier3s.s129a instance=c57484e3da8349abaa37a970c3cf1c6b
Oct 03 16:41:54 baseweed-admin weston[927]: [16:41:54.475] qdwin: toplevel_peer_identity handle=1 pid=4898 starttime=9833 uid=1000 exe=/usr/bin/waypipe label=system_u:system_r:unconfined_service_t:s0
Oct 03 16:41:54 baseweed-admin weston[927]: [16:41:54.475] qdwin: holding_released handle=1 via default_toplevel_policy (held → normal)
Oct 03 16:41:54 baseweed-admin weston[927]: [16:41:54.482] Detected an unmapped surface or view in the layer list, which should not occur.
Oct 03 16:41:54 baseweed-admin weston[927]:                Warning: the above message will not be printed again.
Oct 03 16:41:54 baseweed-admin dbus-run-session[1031]:   INFO qml: [20261003-164154]          Qdwin toplevel_security_context handle=1 engine=qdistro.tier3s app_id=qdistro.tier3s.s129a instance=c57484e3da8349abaa37a970c3cf1c6b
Oct 03 16:41:54 baseweed-admin dbus-run-session[1031]:   INFO qml: [20261003-164154]     Tier3sApps [tier3s] toplevel observed silo=s129a secctx=qdistro.tier3s.s129a color=#ce93d8 handle=1
Oct 03 16:41:54 baseweed-admin dbus-run-session[1031]:   INFO qml: [20261003-164154]     Tier3sApps [tier3s] silo=s129a color=#ce93d8
Oct 03 16:41:54 baseweed-admin weston[927]: [16:41:54.567] qdwin: toplevel_title handle=1 title="[3s:s129a] Wayland Terminal"
Oct 03 16:41:54 baseweed-admin weston[927]: [16:41:54.567] qdwin: toplevel_app_id handle=1 app_id="org.freedesktop.weston.wayland-terminal"
Oct 03 16:41:54 baseweed-admin weston[927]: [16:41:54.567] qdwin: mapped handle=1 size=806x491 pos=557,310 (normal)
Oct 03 16:41:54 baseweed-admin weston[927]: [16:41:54.567] qdwin: focus handle=1 (was 4294967295) seat=default
Oct 03 16:41:54 baseweed-admin weston[927]: [16:41:54.567] qdwin: seat_focus_changed seat=default handle=1
Oct 03 16:41:54 baseweed-admin dbus-run-session[1031]:   WARN: Could not load icon "org.freedesktop.weston.wayland-terminal?fallback=application-x-executable" at size QSize(19, 19) from request
Oct 03 16:41:55 baseweed-admin dbus-run-session[1031]:   INFO qml: [20261003-164155]        PodApps auto-scan: qdistro-tier3s-s129a transitioned to running
Oct 03 16:41:55 baseweed-admin dbus-run-session[1031]:   WARN: Process failed to start, likely because the binary could not be found. Command: QList("bluetoothctl", "show")
Oct 03 16:41:57 baseweed-admin dbus-run-session[1031]:   WARN: Process failed to start, likely because the binary could not be found. Command: QList("bluetoothctl", "show")
Oct 03 16:41:59 baseweed-admin podman[5535]: 2026-10-03 16:41:59.374999518 +0000 UTC m=+0.345834567 container exec 998db2c73d14c6e36eedcbfba0b600b5913adb4cef65390fb68deca209bcf3e0 (image=localhost/qdistro/tier3s-weston-terminal:latest, name=qdistro-tier3s-s129a, org.opensuse.base.version=20260930.37.208, org.qdistro.snapshot=20260930, qdistro_tier3s_token=c57484e3da8349abaa37a970c3cf1c6b, org.opencontainers.image.source=https://build.opensuse.org/package/show/openSUSE:Factory/opensuse-tumbleweed-image?rev=561f9d4c8e4e1a441f95ad4ec6b5a914, org.opensuse.base.vendor=openSUSE Project, org.opencontainers.image.description=Image containing a minimal environment for containers based on openSUSE Tumbleweed., org.opensuse.base.created=2026-09-30T20:05:54.126624488Z, org.opensuse.lifecycle-url=https://en.opensuse.org/Lifetime, org.opencontainers.image.created=2026-09-30T20:05:54.126624488Z, org.opencontainers.image.vendor=openSUSE Project, org.opensuse.base.reference=registry.opensuse.org/opensuse/tumbleweed:20260930.37.208, org.opencontainers.image.title=openSUSE Tumbleweed Base Container, org.opensuse.reference=registry.opensuse.org/opensuse/tumbleweed:20260930.37.208, qdistro_tier3s_unit=qdistro-tier3s-silo@s129a.service, org.opensuse.base.disturl=obs://build.opensuse.org/openSUSE:Factory/images/561f9d4c8e4e1a441f95ad4ec6b5a914-opensuse-tumbleweed-image:docker, org.opensuse.base.description=Image containing a minimal environment for containers based on openSUSE Tumbleweed., org.opensuse.base.url=https://www.opensuse.org, org.qdistro.tier3s.workload=weston-terminal, org.openbuildservice.disturl=obs://build.opensuse.org/openSUSE:Factory/images/561f9d4c8e4e1a441f95ad4ec6b5a914-opensuse-tumbleweed-image:docker, org.opencontainers.image.version=20260930.37.208, org.opensuse.base.source=https://build.opensuse.org/package/show/openSUSE:Factory/opensuse-tumbleweed-image?rev=561f9d4c8e4e1a441f95ad4ec6b5a914, io.buildah.version=1.44.1, org.opencontainers.image.url=https://www.opensuse.org, org.opensuse.base.lifecycle-url=https://en.opensuse.org/Lifetime, org.opensuse.base.title=openSUSE Tumbleweed Base Container)
Oct 03 16:41:59 baseweed-admin conmon[5554]: conmon 998db2c73d14c6e36eed <nwarn>: Failed to open cgroups file: /sys/fs/cgroup/user.slice/user-1000.slice/user@1000.service/app.slice/qdshell.service/memory.events
Oct 03 16:41:59 baseweed-admin dbus-run-session[1031]:   WARN qml: [20261003-164159]       Location Weather is still fetching
Oct 03 16:41:59 baseweed-admin podman[5569]: 2026-10-03 16:41:59.471437791 +0000 UTC m=+0.060302673 container exec_died 998db2c73d14c6e36eedcbfba0b600b5913adb4cef65390fb68deca209bcf3e0 (image=localhost/qdistro/tier3s-weston-terminal:latest, name=qdistro-tier3s-s129a, org.opensuse.base.disturl=obs://build.opensuse.org/openSUSE:Factory/images/561f9d4c8e4e1a441f95ad4ec6b5a914-opensuse-tumbleweed-image:docker, qdistro_tier3s_token=c57484e3da8349abaa37a970c3cf1c6b, io.buildah.version=1.44.1, org.opencontainers.image.url=https://www.opensuse.org, org.opensuse.lifecycle-url=https://en.opensuse.org/Lifetime, org.opencontainers.image.title=openSUSE Tumbleweed Base Container, org.opensuse.base.lifecycle-url=https://en.opensuse.org/Lifetime, org.opensuse.base.url=https://www.opensuse.org, org.opensuse.reference=registry.opensuse.org/opensuse/tumbleweed:20260930.37.208, org.qdistro.tier3s.workload=weston-terminal, org.opensuse.base.reference=registry.opensuse.org/opensuse/tumbleweed:20260930.37.208, org.opensuse.base.created=2026-09-30T20:05:54.126624488Z, org.opensuse.base.description=Image containing a minimal environment for containers based on openSUSE Tumbleweed., org.opensuse.base.version=20260930.37.208, execID=7f27920cd74c29e902372ac27ffc04595c56310708518bc652c443fb54ea3bcc, org.opencontainers.image.source=https://build.opensuse.org/package/show/openSUSE:Factory/opensuse-tumbleweed-image?rev=561f9d4c8e4e1a441f95ad4ec6b5a914, org.opencontainers.image.vendor=openSUSE Project, org.opensuse.base.title=openSUSE Tumbleweed Base Container, org.qdistro.snapshot=20260930, qdistro_tier3s_unit=qdistro-tier3s-silo@s129a.service, org.opencontainers.image.created=2026-09-30T20:05:54.126624488Z, org.opencontainers.image.description=Image containing a minimal environment for containers based on openSUSE Tumbleweed., org.opencontainers.image.version=20260930.37.208, org.openbuildservice.disturl=obs://build.opensuse.org/openSUSE:Factory/images/561f9d4c8e4e1a441f95ad4ec6b5a914-opensuse-tumbleweed-image:docker, org.opensuse.base.source=https://build.opensuse.org/package/show/openSUSE:Factory/opensuse-tumbleweed-image?rev=561f9d4c8e4e1a441f95ad4ec6b5a914, org.opensuse.base.vendor=openSUSE Project)
Oct 03 16:41:59 baseweed-admin dbus-run-session[1031]:  ERROR qml: [20261003-164159]       Location Geocoding error: 0
Oct 03 16:41:59 baseweed-admin podman[5535]: 2026-10-03 16:41:59.519496292 +0000 UTC m=+0.490331341 container exec_died 998db2c73d14c6e36eedcbfba0b600b5913adb4cef65390fb68deca209bcf3e0 (image=localhost/qdistro/tier3s-weston-terminal:latest, name=qdistro-tier3s-s129a, org.qdistro.snapshot=20260930, org.opensuse.base.vendor=openSUSE Project, execID=7f27920cd74c29e902372ac27ffc04595c56310708518bc652c443fb54ea3bcc, org.opensuse.base.disturl=obs://build.opensuse.org/openSUSE:Factory/images/561f9d4c8e4e1a441f95ad4ec6b5a914-opensuse-tumbleweed-image:docker, org.opensuse.base.lifecycle-url=https://en.opensuse.org/Lifetime, org.opensuse.base.title=openSUSE Tumbleweed Base Container, org.opensuse.base.description=Image containing a minimal environment for containers based on openSUSE Tumbleweed., org.opensuse.base.source=https://build.opensuse.org/package/show/openSUSE:Factory/opensuse-tumbleweed-image?rev=561f9d4c8e4e1a441f95ad4ec6b5a914, org.opensuse.base.version=20260930.37.208, qdistro_tier3s_token=c57484e3da8349abaa37a970c3cf1c6b, org.opencontainers.image.vendor=openSUSE Project, org.opensuse.base.url=https://www.opensuse.org, org.opencontainers.image.source=https://build.opensuse.org/package/show/openSUSE:Factory/opensuse-tumbleweed-image?rev=561f9d4c8e4e1a441f95ad4ec6b5a914, org.opensuse.base.reference=registry.opensuse.org/opensuse/tumbleweed:20260930.37.208, io.buildah.version=1.44.1, org.opensuse.base.created=2026-09-30T20:05:54.126624488Z, org.opensuse.lifecycle-url=https://en.opensuse.org/Lifetime, org.qdistro.tier3s.workload=weston-terminal, qdistro_tier3s_unit=qdistro-tier3s-silo@s129a.service, org.opencontainers.image.version=20260930.37.208, org.opencontainers.image.description=Image containing a minimal environment for containers based on openSUSE Tumbleweed., org.opencontainers.image.title=openSUSE Tumbleweed Base Container, org.opensuse.reference=registry.opensuse.org/opensuse/tumbleweed:20260930.37.208, org.openbuildservice.disturl=obs://build.opensuse.org/openSUSE:Factory/images/561f9d4c8e4e1a441f95ad4ec6b5a914-opensuse-tumbleweed-image:docker, org.opencontainers.image.url=https://www.opensuse.org, org.opencontainers.image.created=2026-09-30T20:05:54.126624488Z)
Oct 03 16:41:59 baseweed-admin dbus-run-session[1031]:   INFO qml: [20261003-164159]        PodApps cache refresh loaded 0 apps
Oct 03 16:41:59 baseweed-admin dbus-run-session[1031]:   WARN: Process failed to start, likely because the binary could not be found. Command: QList("bluetoothctl", "show")
Oct 03 16:42:00 baseweed-admin weston[927]: [16:42:00.143] qdwin/secctx: helper pid=5694 launcher parent pid=5684 exe unreadable; falling back to verified root-parent + stable-starttime attestation
Oct 03 16:42:00 baseweed-admin weston[927]: [16:42:00.144] qdwin/secctx: helper pid=5694 launcher parent pid=5684 exe unreadable; falling back to verified root-parent + stable-starttime attestation
Oct 03 16:42:00 baseweed-admin weston[927]: [16:42:00.144] qdwin/secctx: helper pid=5694 launcher parent pid=5684 exe unreadable; falling back to verified root-parent + stable-starttime attestation
Oct 03 16:42:00 baseweed-admin weston[927]: [16:42:00.144] qdwin/secctx: helper pid=5694 launcher parent pid=5684 exe unreadable; falling back to verified root-parent + stable-starttime attestation
Oct 03 16:42:00 baseweed-admin weston[927]: [16:42:00.144] qdwin/secctx: manager bound by uid=1000 pid=5694 (helper)
Oct 03 16:42:00 baseweed-admin weston[927]: [16:42:00.144] qdwin/secctx: committed engine=qdistro.tier3s app_id=qdistro.tier3s.s129b instance_id=fb9b899f8e1cd4b80a748ff166fc9cc9 listen_fd=80 close_fd=81
Oct 03 16:42:00 baseweed-admin weston[927]: [16:42:00.146] qdwin/secctx: client accepted engine=qdistro.tier3s app_id=qdistro.tier3s.s129b instance_id=fb9b899f8e1cd4b80a748ff166fc9cc9 (total tagged: 2)
Oct 03 16:42:00 baseweed-admin weston[927]: [16:42:00.646] qdwin: toplevel_added handle=2 uid=1000 pid=5695 app_id=(null) title=""
Oct 03 16:42:00 baseweed-admin weston[927]: [16:42:00.646] qdwin: toplevel_security_context handle=2 engine=qdistro.tier3s app_id=qdistro.tier3s.s129b instance=fb9b899f8e1cd4b80a748ff166fc9cc9
Oct 03 16:42:00 baseweed-admin weston[927]: [16:42:00.646] qdwin: toplevel_peer_identity handle=2 pid=5695 starttime=11441 uid=1000 exe=/usr/bin/waypipe label=system_u:system_r:unconfined_service_t:s0
Oct 03 16:42:00 baseweed-admin weston[927]: [16:42:00.646] qdwin: holding_released handle=2 via default_toplevel_policy (held → normal)
Oct 03 16:42:00 baseweed-admin dbus-run-session[1031]:   INFO qml: [20261003-164200]          Qdwin toplevel_security_context handle=2 engine=qdistro.tier3s app_id=qdistro.tier3s.s129b instance=fb9b899f8e1cd4b80a748ff166fc9cc9
Oct 03 16:42:00 baseweed-admin dbus-run-session[1031]:   INFO qml: [20261003-164200]     Tier3sApps [tier3s] toplevel observed silo=s129b secctx=qdistro.tier3s.s129b color=#80deea handle=2
Oct 03 16:42:00 baseweed-admin dbus-run-session[1031]:   INFO qml: [20261003-164200]     Tier3sApps [tier3s] silo=s129b color=#80deea
Oct 03 16:42:00 baseweed-admin weston[927]: [16:42:00.670] qdwin: toplevel_title handle=2 title="[3s:s129b] Wayland Terminal"
Oct 03 16:42:00 baseweed-admin weston[927]: [16:42:00.670] qdwin: toplevel_app_id handle=2 app_id="org.freedesktop.weston.wayland-terminal"
Oct 03 16:42:00 baseweed-admin weston[927]: [16:42:00.670] qdwin: mapped handle=2 size=806x491 pos=0,31 (normal)
Oct 03 16:42:00 baseweed-admin weston[927]: [16:42:00.670] qdwin: focus handle=2 (was 1) seat=default
Oct 03 16:42:00 baseweed-admin weston[927]: [16:42:00.670] qdwin: seat_focus_changed seat=default handle=2
Oct 03 16:42:01 baseweed-admin dbus-run-session[1031]:   INFO qml: [20261003-164201]        PodApps auto-scan: qdistro-tier3s-s129b transitioned to running
Oct 03 16:42:01 baseweed-admin dbus-run-session[1031]:   WARN: Process failed to start, likely because the binary could not be found. Command: QList("bluetoothctl", "show")
Oct 03 16:42:02 baseweed-admin weston[927]: [16:42:02.353] qdwin/secctx: client accepted engine=qdistro.tier3s app_id=qdistro.tier3s.s129a instance_id=c57484e3da8349abaa37a970c3cf1c6b (total tagged: 3)
Oct 03 16:42:02 baseweed-admin weston[927]: [16:42:02.353] libwayland: error in client communication (pid 6150)
Oct 03 16:42:02 baseweed-admin weston[927]: [16:42:02.403] qdwin/secctx: client accepted engine=qdistro.tier3s app_id=qdistro.tier3s.s129a instance_id=c57484e3da8349abaa37a970c3cf1c6b (total tagged: 3)
Oct 03 16:42:02 baseweed-admin weston[927]: [16:42:02.404] libwayland: error in client communication (pid 6150)
Oct 03 16:42:02 baseweed-admin weston[927]: [16:42:02.454] qdwin/secctx: client accepted engine=qdistro.tier3s app_id=qdistro.tier3s.s129a instance_id=c57484e3da8349abaa37a970c3cf1c6b (total tagged: 3)
Oct 03 16:42:02 baseweed-admin weston[927]: [16:42:02.454] libwayland: error in client communication (pid 6150)
Oct 03 16:42:02 baseweed-admin weston[927]: [16:42:02.504] qdwin/secctx: client accepted engine=qdistro.tier3s app_id=qdistro.tier3s.s129a instance_id=c57484e3da8349abaa37a970c3cf1c6b (total tagged: 3)
Oct 03 16:42:02 baseweed-admin weston[927]: [16:42:02.504] libwayland: error in client communication (pid 6150)
Oct 03 16:42:02 baseweed-admin weston[927]: [16:42:02.555] qdwin/secctx: client accepted engine=qdistro.tier3s app_id=qdistro.tier3s.s129a instance_id=c57484e3da8349abaa37a970c3cf1c6b (total tagged: 3)
Oct 03 16:42:02 baseweed-admin weston[927]: [16:42:02.605] qdwin/secctx: client accepted engine=qdistro.tier3s app_id=qdistro.tier3s.s129a instance_id=c57484e3da8349abaa37a970c3cf1c6b (total tagged: 3)
Oct 03 16:42:02 baseweed-admin weston[927]: [16:42:02.605] libwayland: error in client communication (pid 6150)
Oct 03 16:42:02 baseweed-admin weston[927]: [16:42:02.655] qdwin/secctx: client accepted engine=qdistro.tier3s app_id=qdistro.tier3s.s129a instance_id=c57484e3da8349abaa37a970c3cf1c6b (total tagged: 3)
Oct 03 16:42:02 baseweed-admin weston[927]: [16:42:02.655] libwayland: error in client communication (pid 6150)
Oct 03 16:42:02 baseweed-admin weston[927]: [16:42:02.706] qdwin/secctx: client accepted engine=qdistro.tier3s app_id=qdistro.tier3s.s129a instance_id=c57484e3da8349abaa37a970c3cf1c6b (total tagged: 3)
Oct 03 16:42:02 baseweed-admin weston[927]: [16:42:02.706] libwayland: error in client communication (pid 6150)
Oct 03 16:42:02 baseweed-admin weston[927]: [16:42:02.756] qdwin/secctx: client accepted engine=qdistro.tier3s app_id=qdistro.tier3s.s129a instance_id=c57484e3da8349abaa37a970c3cf1c6b (total tagged: 3)
Oct 03 16:42:02 baseweed-admin weston[927]: [16:42:02.756] libwayland: error in client communication (pid 6150)
Oct 03 16:42:02 baseweed-admin weston[927]: [16:42:02.806] qdwin/secctx: client accepted engine=qdistro.tier3s app_id=qdistro.tier3s.s129a instance_id=c57484e3da8349abaa37a970c3cf1c6b (total tagged: 3)
Oct 03 16:42:02 baseweed-admin weston[927]: [16:42:02.807] libwayland: error in client communication (pid 6150)
Oct 03 16:42:02 baseweed-admin weston[927]: [16:42:02.857] qdwin/secctx: client accepted engine=qdistro.tier3s app_id=qdistro.tier3s.s129a instance_id=c57484e3da8349abaa37a970c3cf1c6b (total tagged: 3)
Oct 03 16:42:02 baseweed-admin weston[927]: [16:42:02.857] libwayland: error in client communication (pid 6150)
Oct 03 16:42:02 baseweed-admin weston[927]: [16:42:02.907] qdwin/secctx: client accepted engine=qdistro.tier3s app_id=qdistro.tier3s.s129a instance_id=c57484e3da8349abaa37a970c3cf1c6b (total tagged: 3)
Oct 03 16:42:02 baseweed-admin weston[927]: [16:42:02.907] libwayland: error in client communication (pid 6150)
Oct 03 16:42:02 baseweed-admin weston[927]: [16:42:02.957] qdwin/secctx: client accepted engine=qdistro.tier3s app_id=qdistro.tier3s.s129a instance_id=c57484e3da8349abaa37a970c3cf1c6b (total tagged: 3)
Oct 03 16:42:02 baseweed-admin weston[927]: [16:42:02.958] libwayland: error in client communication (pid 6150)
Oct 03 16:42:03 baseweed-admin weston[927]: [16:42:03.008] qdwin/secctx: client accepted engine=qdistro.tier3s app_id=qdistro.tier3s.s129a instance_id=c57484e3da8349abaa37a970c3cf1c6b (total tagged: 3)
Oct 03 16:42:03 baseweed-admin weston[927]: [16:42:03.008] libwayland: error in client communication (pid 6150)
Oct 03 16:42:03 baseweed-admin weston[927]: [16:42:03.058] qdwin/secctx: client accepted engine=qdistro.tier3s app_id=qdistro.tier3s.s129a instance_id=c57484e3da8349abaa37a970c3cf1c6b (total tagged: 3)
Oct 03 16:42:03 baseweed-admin weston[927]: [16:42:03.058] libwayland: error in client communication (pid 6150)
Oct 03 16:42:03 baseweed-admin weston[927]: [16:42:03.109] qdwin/secctx: client accepted engine=qdistro.tier3s app_id=qdistro.tier3s.s129a instance_id=c57484e3da8349abaa37a970c3cf1c6b (total tagged: 3)
Oct 03 16:42:03 baseweed-admin weston[927]: [16:42:03.109] libwayland: error in client communication (pid 6150)
Oct 03 16:42:03 baseweed-admin weston[927]: [16:42:03.159] qdwin/secctx: client accepted engine=qdistro.tier3s app_id=qdistro.tier3s.s129a instance_id=c57484e3da8349abaa37a970c3cf1c6b (total tagged: 3)
Oct 03 16:42:03 baseweed-admin weston[927]: [16:42:03.159] libwayland: error in client communication (pid 6150)
Oct 03 16:42:03 baseweed-admin weston[927]: [16:42:03.209] qdwin/secctx: client accepted engine=qdistro.tier3s app_id=qdistro.tier3s.s129a instance_id=c57484e3da8349abaa37a970c3cf1c6b (total tagged: 3)
Oct 03 16:42:03 baseweed-admin weston[927]: [16:42:03.209] libwayland: error in client communication (pid 6150)
Oct 03 16:42:03 baseweed-admin weston[927]: [16:42:03.260] qdwin/secctx: client accepted engine=qdistro.tier3s app_id=qdistro.tier3s.s129a instance_id=c57484e3da8349abaa37a970c3cf1c6b (total tagged: 3)
Oct 03 16:42:03 baseweed-admin weston[927]: [16:42:03.260] libwayland: error in client communication (pid 6150)
Oct 03 16:42:03 baseweed-admin weston[927]: [16:42:03.310] qdwin/secctx: client accepted engine=qdistro.tier3s app_id=qdistro.tier3s.s129a instance_id=c57484e3da8349abaa37a970c3cf1c6b (total tagged: 3)
Oct 03 16:42:03 baseweed-admin weston[927]: [16:42:03.310] libwayland: error in client communication (pid 6150)
Oct 03 16:42:03 baseweed-admin weston[927]: [16:42:03.360] qdwin/secctx: client accepted engine=qdistro.tier3s app_id=qdistro.tier3s.s129a instance_id=c57484e3da8349abaa37a970c3cf1c6b (total tagged: 3)
Oct 03 16:42:03 baseweed-admin weston[927]: [16:42:03.360] libwayland: error in client communication (pid 6150)
Oct 03 16:42:03 baseweed-admin weston[927]: [16:42:03.411] qdwin/secctx: client accepted engine=qdistro.tier3s app_id=qdistro.tier3s.s129a instance_id=c57484e3da8349abaa37a970c3cf1c6b (total tagged: 3)
Oct 03 16:42:03 baseweed-admin weston[927]: [16:42:03.411] libwayland: error in client communication (pid 6150)
Oct 03 16:42:03 baseweed-admin dbus-run-session[1031]:   WARN: Process failed to start, likely because the binary could not be found. Command: QList("bluetoothctl", "show")
Oct 03 16:42:03 baseweed-admin podman[6186]: 2026-10-03 16:42:03.780590947 +0000 UTC m=+0.109894108 container exec cf04d8e868a4915a805776105bfcdd73a214736c66bdb50c4e196f020d78e0f2 (image=localhost/qdistro/tier3s-weston-terminal:latest, name=qdistro-tier3s-s129b, org.qdistro.tier3s.workload=weston-terminal, org.opensuse.lifecycle-url=https://en.opensuse.org/Lifetime, org.openbuildservice.disturl=obs://build.opensuse.org/openSUSE:Factory/images/561f9d4c8e4e1a441f95ad4ec6b5a914-opensuse-tumbleweed-image:docker, org.opencontainers.image.url=https://www.opensuse.org, org.opensuse.base.reference=registry.opensuse.org/opensuse/tumbleweed:20260930.37.208, org.opencontainers.image.version=20260930.37.208, qdistro_tier3s_unit=qdistro-tier3s-silo@s129b.service, org.opencontainers.image.vendor=openSUSE Project, org.opensuse.base.vendor=openSUSE Project, org.opencontainers.image.description=Image containing a minimal environment for containers based on openSUSE Tumbleweed., org.opensuse.base.disturl=obs://build.opensuse.org/openSUSE:Factory/images/561f9d4c8e4e1a441f95ad4ec6b5a914-opensuse-tumbleweed-image:docker, org.opensuse.base.title=openSUSE Tumbleweed Base Container, org.opensuse.base.version=20260930.37.208, org.opencontainers.image.title=openSUSE Tumbleweed Base Container, org.opensuse.base.created=2026-09-30T20:05:54.126624488Z, org.opensuse.reference=registry.opensuse.org/opensuse/tumbleweed:20260930.37.208, qdistro_tier3s_token=fb9b899f8e1cd4b80a748ff166fc9cc9, org.opencontainers.image.created=2026-09-30T20:05:54.126624488Z, org.opensuse.base.url=https://www.opensuse.org, org.qdistro.snapshot=20260930, io.buildah.version=1.44.1, org.opensuse.base.description=Image containing a minimal environment for containers based on openSUSE Tumbleweed., org.opensuse.base.source=https://build.opensuse.org/package/show/openSUSE:Factory/opensuse-tumbleweed-image?rev=561f9d4c8e4e1a441f95ad4ec6b5a914, org.opencontainers.image.source=https://build.opensuse.org/package/show/openSUSE:Factory/opensuse-tumbleweed-image?rev=561f9d4c8e4e1a441f95ad4ec6b5a914, org.opensuse.base.lifecycle-url=https://en.opensuse.org/Lifetime)
Oct 03 16:42:03 baseweed-admin conmon[6198]: conmon cf04d8e868a4915a8057 <nwarn>: Failed to open cgroups file: /sys/fs/cgroup/user.slice/user-1000.slice/user@1000.service/app.slice/qdshell.service/memory.events
Oct 03 16:42:03 baseweed-admin podman[6213]: 2026-10-03 16:42:03.847742996 +0000 UTC m=+0.049678369 container exec_died cf04d8e868a4915a805776105bfcdd73a214736c66bdb50c4e196f020d78e0f2 (image=localhost/qdistro/tier3s-weston-terminal:latest, name=qdistro-tier3s-s129b, org.opencontainers.image.description=Image containing a minimal environment for containers based on openSUSE Tumbleweed., org.opencontainers.image.created=2026-09-30T20:05:54.126624488Z, org.opencontainers.image.vendor=openSUSE Project, org.opensuse.base.lifecycle-url=https://en.opensuse.org/Lifetime, org.opensuse.base.title=openSUSE Tumbleweed Base Container, execID=902e41a95bdfbc8337c37149a3de68969afd29791cbed376e6c56e2ddf139380, qdistro_tier3s_token=fb9b899f8e1cd4b80a748ff166fc9cc9, org.opencontainers.image.source=https://build.opensuse.org/package/show/openSUSE:Factory/opensuse-tumbleweed-image?rev=561f9d4c8e4e1a441f95ad4ec6b5a914, org.opensuse.base.version=20260930.37.208, org.opensuse.base.created=2026-09-30T20:05:54.126624488Z, org.opencontainers.image.title=openSUSE Tumbleweed Base Container, org.opensuse.base.disturl=obs://build.opensuse.org/openSUSE:Factory/images/561f9d4c8e4e1a441f95ad4ec6b5a914-opensuse-tumbleweed-image:docker, org.opensuse.base.source=https://build.opensuse.org/package/show/openSUSE:Factory/opensuse-tumbleweed-image?rev=561f9d4c8e4e1a441f95ad4ec6b5a914, org.openbuildservice.disturl=obs://build.opensuse.org/openSUSE:Factory/images/561f9d4c8e4e1a441f95ad4ec6b5a914-opensuse-tumbleweed-image:docker, org.opensuse.reference=registry.opensuse.org/opensuse/tumbleweed:20260930.37.208, org.opensuse.base.vendor=openSUSE Project, org.opensuse.lifecycle-url=https://en.opensuse.org/Lifetime, org.qdistro.tier3s.workload=weston-terminal, qdistro_tier3s_unit=qdistro-tier3s-silo@s129b.service, org.opencontainers.image.url=https://www.opensuse.org, org.opensuse.base.reference=registry.opensuse.org/opensuse/tumbleweed:20260930.37.208, org.opensuse.base.url=https://www.opensuse.org, io.buildah.version=1.44.1, org.opencontainers.image.version=20260930.37.208, org.opensuse.base.description=Image containing a minimal environment for containers based on openSUSE Tumbleweed., org.qdistro.snapshot=20260930)
Oct 03 16:42:03 baseweed-admin podman[6186]: 2026-10-03 16:42:03.862632956 +0000 UTC m=+0.191936107 container exec_died cf04d8e868a4915a805776105bfcdd73a214736c66bdb50c4e196f020d78e0f2 (image=localhost/qdistro/tier3s-weston-terminal:latest, name=qdistro-tier3s-s129b, org.opensuse.base.title=openSUSE Tumbleweed Base Container, org.opensuse.base.url=https://www.opensuse.org, org.opensuse.base.lifecycle-url=https://en.opensuse.org/Lifetime, org.opencontainers.image.title=openSUSE Tumbleweed Base Container, org.opensuse.base.vendor=openSUSE Project, org.opensuse.base.source=https://build.opensuse.org/package/show/openSUSE:Factory/opensuse-tumbleweed-image?rev=561f9d4c8e4e1a441f95ad4ec6b5a914, org.opencontainers.image.created=2026-09-30T20:05:54.126624488Z, org.opencontainers.image.version=20260930.37.208, org.opensuse.lifecycle-url=https://en.opensuse.org/Lifetime, org.opensuse.reference=registry.opensuse.org/opensuse/tumbleweed:20260930.37.208, org.qdistro.snapshot=20260930, qdistro_tier3s_token=fb9b899f8e1cd4b80a748ff166fc9cc9, io.buildah.version=1.44.1, org.opencontainers.image.url=https://www.opensuse.org, org.opensuse.base.description=Image containing a minimal environment for containers based on openSUSE Tumbleweed., org.opensuse.base.reference=registry.opensuse.org/opensuse/tumbleweed:20260930.37.208, org.opencontainers.image.source=https://build.opensuse.org/package/show/openSUSE:Factory/opensuse-tumbleweed-image?rev=561f9d4c8e4e1a441f95ad4ec6b5a914, org.opensuse.base.version=20260930.37.208, qdistro_tier3s_unit=qdistro-tier3s-silo@s129b.service, org.opencontainers.image.vendor=openSUSE Project, org.opensuse.base.created=2026-09-30T20:05:54.126624488Z, org.openbuildservice.disturl=obs://build.opensuse.org/openSUSE:Factory/images/561f9d4c8e4e1a441f95ad4ec6b5a914-opensuse-tumbleweed-image:docker, org.qdistro.tier3s.workload=weston-terminal, execID=902e41a95bdfbc8337c37149a3de68969afd29791cbed376e6c56e2ddf139380, org.opencontainers.image.description=Image containing a minimal environment for containers based on openSUSE Tumbleweed., org.opensuse.base.disturl=obs://build.opensuse.org/openSUSE:Factory/images/561f9d4c8e4e1a441f95ad4ec6b5a914-opensuse-tumbleweed-image:docker)
Oct 03 16:42:03 baseweed-admin dbus-run-session[1031]:   INFO qml: [20261003-164203]        PodApps cache refresh loaded 0 apps
Oct 03 16:42:05 baseweed-admin dbus-run-session[1031]:   WARN: Process failed to start, likely because the binary could not be found. Command: QList("bluetoothctl", "show")
Oct 03 16:42:06 baseweed-admin dbus-run-session[1031]:   INFO qml: [20261003-164206]  Tier3FocusIPC findSiloHandle silo=s129b → HANDLE=2
Oct 03 16:42:06 baseweed-admin weston[927]: [16:42:06.603] qdwin: toplevel_removed handle=1
Oct 03 16:42:07 baseweed-admin dbus-run-session[1031]:   WARN: Process failed to start, likely because the binary could not be found. Command: QList("bluetoothctl", "show")
Oct 03 16:42:08 baseweed-admin dbus-run-session[1031]:   WARN qml: [20261003-164208]        Network Connectivity check error: Error: Not authorized to recheck connectivity.
Oct 03 16:42:09 baseweed-admin weston[927]: [16:42:09.208] qdwin: toplevel_removed handle=2
Oct 03 16:42:09 baseweed-admin weston[927]: [16:42:09.208] qdwin: focus handle=4294967295 (was 2) seat=default
Oct 03 16:42:09 baseweed-admin weston[927]: [16:42:09.208] qdwin: seat_focus_changed seat=default handle=4294967295
Oct 03 16:42:09 baseweed-admin dbus-run-session[1031]:   WARN: Process failed to start, likely because the binary could not be found. Command: QList("bluetoothctl", "show")
Oct 03 16:42:11 baseweed-admin dbus-run-session[1031]:   WARN: Process failed to start, likely because the binary could not be found. Command: QList("bluetoothctl", "show")
Oct 03 16:42:13 baseweed-admin dbus-run-session[1031]:   WARN: Process failed to start, likely because the binary could not be found. Command: QList("bluetoothctl", "show")
