Oct 03 16:39:59 baseweed-admin systemd[858]: Queued start job for default target Main User Target.
Oct 03 16:39:59 baseweed-admin systemd[858]: Created slice User Application Slice.
Oct 03 16:39:59 baseweed-admin systemd[858]: Created slice User Core Session Slice.
Oct 03 16:39:59 baseweed-admin systemd[858]: Started Daily Cleanup of User's Temporary Directories.
Oct 03 16:39:59 baseweed-admin systemd[858]: Reached target Paths.
Oct 03 16:39:59 baseweed-admin systemd[858]: Reached target Timers.
Oct 03 16:39:59 baseweed-admin systemd[858]: Starting D-Bus User Message Bus Socket...
Oct 03 16:39:59 baseweed-admin systemd[858]: Listening on PipeWire Multimedia System Sockets.
Oct 03 16:39:59 baseweed-admin systemd[858]: Listening on Query the User Interactively for a Password.
Oct 03 16:39:59 baseweed-admin systemd[858]: Listening on Disk Image Download Service Socket.
Oct 03 16:39:59 baseweed-admin systemd[858]: Listening on Virtual Machine and Container Registration Service Socket.
Oct 03 16:39:59 baseweed-admin systemd[858]: Starting Create User Files and Directories...
Oct 03 16:39:59 baseweed-admin systemd[858]: Listening on D-Bus User Message Bus Socket.
Oct 03 16:39:59 baseweed-admin systemd[858]: Reached target Sockets.
Oct 03 16:39:59 baseweed-admin systemd[858]: Starting D-Bus User Message Bus...
Oct 03 16:39:59 baseweed-admin systemd[858]: Finished Create User Files and Directories.
Oct 03 16:39:59 baseweed-admin dbus-broker-launch[915]: Policy to allow eavesdropping in /usr/share/dbus-1/session.conf +31: Eavesdropping is deprecated and ignored
Oct 03 16:39:59 baseweed-admin systemd[858]: Started D-Bus User Message Bus.
Oct 03 16:39:59 baseweed-admin systemd[858]: Reached target Basic System.
Oct 03 16:39:59 baseweed-admin systemd[858]: Reached target Current graphical user session.
Oct 03 16:39:59 baseweed-admin dbus-broker-launch[915]: Ready
Oct 03 16:39:59 baseweed-admin systemd[858]: Started PipeWire Multimedia Service.
Oct 03 16:39:59 baseweed-admin systemd[858]: Starting qdistro browser screen-lock inhibit daemon (Bridge Phase-9e)...
Oct 03 16:39:59 baseweed-admin systemd[858]: Starting qdistro browser download-notification daemon (Bridge Phase-9e)...
Oct 03 16:39:59 baseweed-admin systemd[858]: Starting qdistro browser MPRIS republisher (Bridge Phase-9e)...
Oct 03 16:39:59 baseweed-admin systemd[858]: Starting qdistro browser web-notification relay (Bridge Phase-9e)...
Oct 03 16:39:59 baseweed-admin systemd[858]: qdistro-polkit-agent.service: unit configures an IP firewall, but not running as root.
Oct 03 16:39:59 baseweed-admin systemd[858]: qdistro-polkit-agent.service: (This warning is only shown for the first unit using IP firewalling.)
Oct 03 16:39:59 baseweed-admin systemd[858]: Started qdistro polkit authentication agent (PAM / fprintd / broker).
Oct 03 16:39:59 baseweed-admin systemd[858]: Starting qdistro pwd XDG portal Secret backend (spec/13 Phase-8.3)...
Oct 03 16:39:59 baseweed-admin systemd[858]: Started qdwin compositor (libweston + qdwin-shell.so).
Oct 03 16:39:59 baseweed-admin systemd[858]: Starting qdistro screen locker (qdlocker)...
Oct 03 16:39:59 baseweed-admin systemd[858]: Starting qdshell desktop (Quickshell QML on top of qdwin)...
Oct 03 16:39:59 baseweed-admin systemd[858]: Started Multimedia Service Session Manager.
Oct 03 16:39:59 baseweed-admin systemd[858]: Starting ydotool synthetic input daemon for qdistro VM tests...
Oct 03 16:40:00 baseweed-admin systemd[858]: Started ydotool synthetic input daemon for qdistro VM tests.
Oct 03 16:40:00 baseweed-admin weston[929]: Date: 2026-10-03 UTC
Oct 03 16:40:00 baseweed-admin weston[929]: [16:40:00.026] weston 16.0.0
Oct 03 16:40:00 baseweed-admin weston[929]:                https://wayland.freedesktop.org
Oct 03 16:40:00 baseweed-admin weston[929]:                Bug reports to: https://gitlab.freedesktop.org/wayland/weston/issues/
Oct 03 16:40:00 baseweed-admin weston[929]:                Build: 16.0.0
Oct 03 16:40:00 baseweed-admin weston[929]: [16:40:00.026] Command line: /usr/bin/weston --config=/home/admin/weston.ini --socket=wayland-1
Oct 03 16:40:00 baseweed-admin weston[929]: [16:40:00.026] OS: Linux, 7.2.8-1-default, #1 SMP PREEMPT_DYNAMIC Sat Sep 26 07:00:58 UTC 2026 (9b36732), x86_64
Oct 03 16:40:00 baseweed-admin weston[929]: [16:40:00.026] Flight recorder: enabled, scopes subscribed: log
Oct 03 16:40:00 baseweed-admin weston[929]: [16:40:00.027] Using config file '/home/admin/weston.ini'
Oct 03 16:40:00 baseweed-admin weston[929]: [16:40:00.027] Output repaint window is 7 ms maximum.
Oct 03 16:40:00 baseweed-admin weston[929]: [16:40:00.028] Loading module '/usr/libexec/qdistro/qdwin-libweston/lib64/libweston-16/drm-backend.so'
Oct 03 16:40:00 baseweed-admin weston[929]: [16:40:00.110] initializing drm backend
Oct 03 16:40:00 baseweed-admin weston[929]: [16:40:00.111] Trying libseat launcher...
Oct 03 16:40:00 baseweed-admin weston[929]: [16:40:00.116] [libseat/libseat.c:73] Seat opened with backend 'seatd'
Oct 03 16:40:00 baseweed-admin weston[929]: [16:40:00.116] [libseat/backend/seatd.c:218] Enabling seat
Oct 03 16:40:00 baseweed-admin weston[929]: [16:40:00.116] libseat: session control granted
Oct 03 16:40:00 baseweed-admin weston[929]: [16:40:00.133] using /dev/dri/card0
Oct 03 16:40:00 baseweed-admin weston[929]: [16:40:00.133] DRM: supports atomic modesetting
Oct 03 16:40:00 baseweed-admin weston[929]: [16:40:00.133] DRM: supports cursor-plane hotspot (virtualized cursor)
Oct 03 16:40:00 baseweed-admin weston[929]: [16:40:00.133] DRM: does not support GBM modifiers
Oct 03 16:40:00 baseweed-admin weston[929]: [16:40:00.133] DRM: does not support Atomic async page flip
Oct 03 16:40:00 baseweed-admin weston[929]: [16:40:00.133] DRM: supports picture aspect ratio
Oct 03 16:40:00 baseweed-admin weston[929]: [16:40:00.134] DRM: EDID for the following head fails conformity:
Oct 03 16:40:00 baseweed-admin weston[929]: Block 1, CTA-861 Extension Block:
Oct 03 16:40:00 baseweed-admin weston[929]:   Padding: Contains non-zero bytes.
Oct 03 16:40:00 baseweed-admin weston[929]: [16:40:00.134] DRM: head 'Virtual-1' found, connector 40 is connected, EDID make 'Red Hat, Inc.', model 'QEMU Monitor', serial ''
Oct 03 16:40:00 baseweed-admin weston[929]:                Supported EOTF modes: SDR
Oct 03 16:40:00 baseweed-admin weston[929]:                Supported colorimetry modes: default
Oct 03 16:40:00 baseweed-admin weston[929]:                Supported VRR modes: (none),
Oct 03 16:40:00 baseweed-admin weston[929]:                Supported color formats: AUTO
Oct 03 16:40:00 baseweed-admin podman[895]: 2026-10-03 16:40:00.245285328 +0000 UTC m=+0.839276835 system refresh
Oct 03 16:40:00 baseweed-admin systemd[858]: selinux: avc:  denied  { start } for auid=n/a uid=1000 gid=1000 cmdline="podman ps -a --filter label=qdistro_disposable=1 --format {{.Names}}" function="method_start_transient_unit" scontext=system_u:system_r:qdistro_sessmgr_t:s0 tcontext=unconfined_u:unconfined_r:unconfined_t:s0-s0:c0.c1023 tclass=system permissive=1
Oct 03 16:40:00 baseweed-admin systemd[858]: Created slice Slice /user.
Oct 03 16:40:00 baseweed-admin systemd[858]: Started podman-895.scope.
Oct 03 16:40:00 baseweed-admin systemd[858]: Started podman-pause-b7505ae7.scope.
Oct 03 16:40:00 baseweed-admin systemd[858]: Started qdistro browser screen-lock inhibit daemon (Bridge Phase-9e).
Oct 03 16:40:00 baseweed-admin systemd[858]: Started qdistro browser web-notification relay (Bridge Phase-9e).
Oct 03 16:40:00 baseweed-admin wireplumber[935]: [0:00:10.188047974] [935]  INFO Camera camera_manager.cpp:340 libcamera v0.7.2
Oct 03 16:40:00 baseweed-admin wireplumber[935]: [0:00:10.188709278] [965]  WARN IPAManager ipa_manager.cpp:159 No IPA found in '/usr/lib64/libcamera/ipa'
Oct 03 16:40:00 baseweed-admin wireplumber[935]: [0:00:10.189209267] [965] ERROR DmaBufAllocator dma_buf_allocator.cpp:119 Could not open any dma-buf provider
Oct 03 16:40:00 baseweed-admin systemd[858]: Started qdistro pwd XDG portal Secret backend (spec/13 Phase-8.3).
Oct 03 16:40:00 baseweed-admin systemd[858]: Auto-unlock the qdistro portal-keys vault at login skipped, unmet condition check ConditionPathExists=/var/lib/qdistro/vaults/portal-keys-pin.tpm
Oct 03 16:40:00 baseweed-admin qdistro_pwd_portal.py[928]: [qdistro-pwd-portal] listening on org.qdistro.PortalSecret /org/freedesktop/portal/desktop
Oct 03 16:40:00 baseweed-admin qdistro_pwd_portal.py[928]: /usr/libexec/qdistro/qdistro_pwd_portal.py:201: PyGIDeprecationWarning: GLib.unix_signal_add is deprecated; use GLibUnix.signal_add instead
Oct 03 16:40:00 baseweed-admin qdistro_pwd_portal.py[928]:   GLib.unix_signal_add(GLib.PRIORITY_HIGH, signal.SIGTERM, _on_term, None)
Oct 03 16:40:00 baseweed-admin qdistro_pwd_portal.py[928]: /usr/libexec/qdistro/qdistro_pwd_portal.py:202: PyGIDeprecationWarning: GLib.unix_signal_add is deprecated; use GLibUnix.signal_add instead
Oct 03 16:40:00 baseweed-admin qdistro_pwd_portal.py[928]:   GLib.unix_signal_add(GLib.PRIORITY_HIGH, signal.SIGINT,  _on_term, None)
Oct 03 16:40:00 baseweed-admin systemd[858]: Started qdistro browser download-notification daemon (Bridge Phase-9e).
Oct 03 16:40:01 baseweed-admin systemd[858]: Started qdistro browser MPRIS republisher (Bridge Phase-9e).
Oct 03 16:40:01 baseweed-admin qdistro-polkit-agent[926]: registration failed: org.freedesktop.PolicyKit1.Error.Failed: Cannot determine session the caller is in
Oct 03 16:40:01 baseweed-admin python3[926]: qdistro-polkit-agent: registration failed: org.freedesktop.PolicyKit1.Error.Failed: Cannot determine session the caller is in
Oct 03 16:40:01 baseweed-admin systemd[858]: qdistro-polkit-agent.service: Main process exited, code=exited, status=1/FAILURE
Oct 03 16:40:01 baseweed-admin systemd[858]: qdistro-polkit-agent.service: Failed with result 'exit-code'.
Oct 03 16:40:01 baseweed-admin weston[929]: [16:40:01.107] Loading module '/usr/libexec/qdistro/qdwin-libweston/lib64/libweston-16/gl-renderer.so'
Oct 03 16:40:01 baseweed-admin weston[929]: [16:40:01.112] warning: failed to query rendering device from EGL
Oct 03 16:40:01 baseweed-admin weston[929]: [16:40:01.112] EGL version: 1.5
Oct 03 16:40:01 baseweed-admin weston[929]: [16:40:01.112] EGL vendor: Mesa Project
Oct 03 16:40:01 baseweed-admin weston[929]: [16:40:01.112] EGL client APIs: OpenGL OpenGL_ES
Oct 03 16:40:01 baseweed-admin weston[929]: [16:40:01.112] EGL features:
Oct 03 16:40:01 baseweed-admin weston[929]:                EGL Wayland extension: no
Oct 03 16:40:01 baseweed-admin weston[929]:                context priority: no
Oct 03 16:40:01 baseweed-admin weston[929]:                buffer age: yes
Oct 03 16:40:01 baseweed-admin weston[929]:                partial update: no
Oct 03 16:40:01 baseweed-admin weston[929]:                swap buffers with damage: no
Oct 03 16:40:01 baseweed-admin weston[929]:                configless context: yes
Oct 03 16:40:01 baseweed-admin weston[929]:                surfaceless context: yes
Oct 03 16:40:01 baseweed-admin weston[929]:                dmabuf support: modifiers
Oct 03 16:40:01 baseweed-admin weston[929]:                fence sync: yes (wait)
Oct 03 16:40:01 baseweed-admin systemd[858]: Started podman-982.scope.
Oct 03 16:40:01 baseweed-admin weston[929]: [16:40:01.157] GL version: OpenGL ES 3.2 Mesa 26.2.3
Oct 03 16:40:01 baseweed-admin weston[929]: [16:40:01.157] GLSL version: OpenGL ES GLSL ES 3.20
Oct 03 16:40:01 baseweed-admin weston[929]: [16:40:01.157] GL vendor: Mesa
Oct 03 16:40:01 baseweed-admin weston[929]: [16:40:01.157] GL renderer: llvmpipe (LLVM 23.1.1, 256 bits)
Oct 03 16:40:01 baseweed-admin weston[929]: [16:40:01.163] GL ES 3.2 - renderer features:
Oct 03 16:40:01 baseweed-admin weston[929]:                read-back format: ARGB8888
Oct 03 16:40:01 baseweed-admin weston[929]:                glReadPixels supports y-flip: yes
Oct 03 16:40:01 baseweed-admin weston[929]:                glReadPixels supports PBO: yes
Oct 03 16:40:01 baseweed-admin weston[929]:                wl_shm 10 bpc formats: yes
Oct 03 16:40:01 baseweed-admin weston[929]:                wl_shm 16 bpc formats: yes
Oct 03 16:40:01 baseweed-admin weston[929]:                wl_shm half-float formats: yes
Oct 03 16:40:01 baseweed-admin weston[929]:                internal R and RG formats: yes
Oct 03 16:40:01 baseweed-admin weston[929]:                OES_EGL_image_external: yes
Oct 03 16:40:01 baseweed-admin weston[929]:                GPU timeline: no
Oct 03 16:40:01 baseweed-admin weston[929]:                Texture immutability: yes
Oct 03 16:40:01 baseweed-admin weston[929]:                Required precision: yes
Oct 03 16:40:01 baseweed-admin weston[929]:                In-shader blending: yes
Oct 03 16:40:01 baseweed-admin weston[929]: [16:40:01.164] Using GL renderer
Oct 03 16:40:01 baseweed-admin weston[929]: [16:40:01.324] event3  - QEMU QEMU USB Tablet: is tagged by udev as: Mouse
Oct 03 16:40:01 baseweed-admin weston[929]: [16:40:01.324] event3  - QEMU QEMU USB Tablet: device is a pointer
Oct 03 16:40:01 baseweed-admin weston[929]: [16:40:01.325] event4  - Power Button: is tagged by udev as: Keyboard
Oct 03 16:40:01 baseweed-admin weston[929]: [16:40:01.325] event4  - Power Button: device is a keyboard
Oct 03 16:40:01 baseweed-admin weston[929]: [16:40:01.325] event0  - AT Translated Set 2 keyboard: is tagged by udev as: Keyboard
Oct 03 16:40:01 baseweed-admin weston[929]: [16:40:01.326] event0  - AT Translated Set 2 keyboard: device is a keyboard
Oct 03 16:40:01 baseweed-admin weston[929]: [16:40:01.326] event2  - VirtualPS/2 VMware VMMouse: is tagged by udev as: Mouse
Oct 03 16:40:01 baseweed-admin weston[929]: [16:40:01.326] event2  - VirtualPS/2 VMware VMMouse: emulating high-resolution scroll wheel events.
Oct 03 16:40:01 baseweed-admin weston[929]: [16:40:01.326] event2  - VirtualPS/2 VMware VMMouse: device is a pointer
Oct 03 16:40:01 baseweed-admin weston[929]: [16:40:01.327] event1  - VirtualPS/2 VMware VMMouse: is tagged by udev as: Mouse
Oct 03 16:40:01 baseweed-admin weston[929]: [16:40:01.327] event1  - VirtualPS/2 VMware VMMouse: device is a pointer
Oct 03 16:40:01 baseweed-admin weston[929]: [16:40:01.328] event5  - PC Speaker: not tagged as supported input device
Oct 03 16:40:01 baseweed-admin weston[929]: [16:40:01.340] event5  - not using input device '/dev/input/event5'
Oct 03 16:40:01 baseweed-admin weston[929]: [16:40:01.341] event6  - ydotoold virtual device: is tagged by udev as: Keyboard
Oct 03 16:40:01 baseweed-admin weston[929]: [16:40:01.341] event6  - ydotoold virtual device: emulating high-resolution scroll wheel events.
Oct 03 16:40:01 baseweed-admin weston[929]: [16:40:01.341] event6  - ydotoold virtual device: device is a keyboard
Oct 03 16:40:01 baseweed-admin weston[929]: [16:40:01.341] libinput: configuring device "QEMU QEMU USB Tablet".
Oct 03 16:40:01 baseweed-admin weston[929]: [16:40:01.341] input device event3 has no enabled output associated (none named), skipping calibration for now.
Oct 03 16:40:01 baseweed-admin weston[929]: [16:40:01.349] libinput: configuring device "Power Button".
Oct 03 16:40:01 baseweed-admin weston[929]: [16:40:01.349] libinput: configuring device "AT Translated Set 2 keyboard".
Oct 03 16:40:01 baseweed-admin weston[929]: [16:40:01.349] libinput: configuring device "VirtualPS/2 VMware VMMouse".
Oct 03 16:40:01 baseweed-admin weston[929]: [16:40:01.349] libinput: configuring device "VirtualPS/2 VMware VMMouse".
Oct 03 16:40:01 baseweed-admin weston[929]: [16:40:01.350] input device event1 has no enabled output associated (none named), skipping calibration for now.
Oct 03 16:40:01 baseweed-admin weston[929]: [16:40:01.350] libinput: configuring device "ydotoold virtual device".
Oct 03 16:40:01 baseweed-admin weston[929]: [16:40:01.350] Registered plugin API 'weston_drm_output_api_v1' of size 40
Oct 03 16:40:01 baseweed-admin weston[929]: [16:40:01.350] Loading module '/usr/libexec/qdistro/qdwin-libweston/lib64/libweston-16/pipewire-backend.so'
Oct 03 16:40:01 baseweed-admin weston[929]: [16:40:01.351] Initializing PipeWire backend
Oct 03 16:40:01 baseweed-admin weston[929]: [16:40:01.356] Registered plugin API 'weston_pipewire_output_api_v2' of size 24
Oct 03 16:40:01 baseweed-admin weston[929]: [16:40:01.356] Color manager: no-op
Oct 03 16:40:01 baseweed-admin weston[929]:                  protocol support: no
Oct 03 16:40:01 baseweed-admin weston[929]: [16:40:01.357] Setting output 'Virtual-1' to color AUTO format
Oct 03 16:40:01 baseweed-admin weston[929]: [16:40:01.357] Output 'Virtual-1' attempts EOTF mode SDR and colorimetry mode default.
Oct 03 16:40:01 baseweed-admin weston[929]: [16:40:01.357] Output 'Virtual-1' using color profile: stock sRGB color profile
Oct 03 16:40:01 baseweed-admin weston[929]: [16:40:01.357] Chosen EGL config details: id:  46 rgba: 8 8 8 0 buf: 24 dep:  0 stcl: 0 int: 1-1 type: win val: fix vis_id: XRGB8888 (0x34325258)
Oct 03 16:40:01 baseweed-admin weston[929]: [16:40:01.357] Output Virtual-1 (crtc 39) video modes:
Oct 03 16:40:01 baseweed-admin weston[929]:                1280x800@75.0, preferred, 107.3 MHz
Oct 03 16:40:01 baseweed-admin weston[929]:                5120x2160@50.0 64:27, 742.5 MHz
Oct 03 16:40:01 baseweed-admin weston[929]:                4096x2160@50.0 256:135, 594.0 MHz
Oct 03 16:40:01 baseweed-admin weston[929]:                3840x2160@60.0 16:9, 594.0 MHz
Oct 03 16:40:01 baseweed-admin weston[929]:                3840x2160@59.9 16:9, 593.4 MHz
Oct 03 16:40:01 baseweed-admin weston[929]:                3840x2160@50.0 16:9, 594.0 MHz
Oct 03 16:40:01 baseweed-admin weston[929]:                1920x1440@60.0, 234.0 MHz
Oct 03 16:40:01 baseweed-admin weston[929]:                2560x1080@50.0 64:27, 185.6 MHz
Oct 03 16:40:01 baseweed-admin weston[929]:                1856x1392@60.0, 218.2 MHz
Oct 03 16:40:01 baseweed-admin weston[929]:                1792x1344@60.0, 204.8 MHz
Oct 03 16:40:01 baseweed-admin weston[929]:                2048x1152@60.0, 162.0 MHz
Oct 03 16:40:01 baseweed-admin weston[929]:                1920x1200@59.9, 193.2 MHz
Oct 03 16:40:01 baseweed-admin weston[929]:                1920x1080@60.0, current, 148.5 MHz
Oct 03 16:40:01 baseweed-admin weston[929]:                1920x1080@50.0 16:9, 148.5 MHz
Oct 03 16:40:01 baseweed-admin weston[929]:                1600x1200@60.0, 162.0 MHz
Oct 03 16:40:01 baseweed-admin weston[929]:                1680x1050@60.0, 146.2 MHz
Oct 03 16:40:01 baseweed-admin weston[929]:                1400x1050@60.0, 121.8 MHz
Oct 03 16:40:01 baseweed-admin weston[929]:                1280x1024@60.0, 108.0 MHz
Oct 03 16:40:01 baseweed-admin weston[929]:                1440x900@59.9, 106.5 MHz
Oct 03 16:40:01 baseweed-admin weston[929]:                1280x960@60.0, 108.0 MHz
Oct 03 16:40:01 baseweed-admin weston[929]:                1360x768@60.0, 85.5 MHz
Oct 03 16:40:01 baseweed-admin weston[929]:                1280x768@59.9, 79.5 MHz
Oct 03 16:40:01 baseweed-admin weston[929]:                1024x768@60.0, 65.0 MHz
Oct 03 16:40:01 baseweed-admin weston[929]:                800x600@60.3, 40.0 MHz
Oct 03 16:40:01 baseweed-admin weston[929]:                640x480@60.0 4:3, 25.2 MHz
Oct 03 16:40:01 baseweed-admin weston[929]:                640x480@59.9, 25.2 MHz
Oct 03 16:40:01 baseweed-admin weston[929]: [16:40:01.357] associating input device event3 with output Virtual-1 (none by udev)
Oct 03 16:40:01 baseweed-admin weston[929]: [16:40:01.357] associating input device event4 with output Virtual-1 (none by udev)
Oct 03 16:40:01 baseweed-admin weston[929]: [16:40:01.357] associating input device event0 with output Virtual-1 (none by udev)
Oct 03 16:40:01 baseweed-admin weston[929]: [16:40:01.357] associating input device event2 with output Virtual-1 (none by udev)
Oct 03 16:40:01 baseweed-admin weston[929]: [16:40:01.357] associating input device event1 with output Virtual-1 (none by udev)
Oct 03 16:40:01 baseweed-admin weston[929]: [16:40:01.358] associating input device event6 with output Virtual-1 (none by udev)
Oct 03 16:40:01 baseweed-admin weston[929]: [16:40:01.358] Output 'Virtual-1' enabled with head(s) Virtual-1
Oct 03 16:40:01 baseweed-admin weston[929]: [16:40:01.358] pipewire_backend_output_configure.. Done
Oct 03 16:40:01 baseweed-admin weston[929]: [16:40:01.358] Output 'pipewire-0' attempts EOTF mode SDR and colorimetry mode default.
Oct 03 16:40:01 baseweed-admin weston[929]: [16:40:01.358] Output 'pipewire-0' using color profile: stock sRGB color profile
Oct 03 16:40:01 baseweed-admin weston[929]: [16:40:01.475] Output 'pipewire-0' enabled with head(s) pipewire-0
Oct 03 16:40:01 baseweed-admin weston[929]: [16:40:01.475] pipewire_backend_output_configure.. Done
Oct 03 16:40:01 baseweed-admin weston[929]: [16:40:01.475] Output 'pipewire-1' attempts EOTF mode SDR and colorimetry mode default.
Oct 03 16:40:01 baseweed-admin weston[929]: [16:40:01.475] Output 'pipewire-1' using color profile: stock sRGB color profile
Oct 03 16:40:01 baseweed-admin weston[929]: [16:40:01.476] Output 'pipewire-1' enabled with head(s) pipewire-1
Oct 03 16:40:01 baseweed-admin weston[929]: [16:40:01.476] Compositor capabilities:
Oct 03 16:40:01 baseweed-admin weston[929]:                arbitrary surface rotation: yes
Oct 03 16:40:01 baseweed-admin weston[929]:                screen capture uses y-flip: yes
Oct 03 16:40:01 baseweed-admin weston[929]:                cursor planes: yes
Oct 03 16:40:01 baseweed-admin weston[929]:                arbitrary resolutions: yes
Oct 03 16:40:01 baseweed-admin weston[929]:                view mask clipping: yes
Oct 03 16:40:01 baseweed-admin weston[929]:                explicit sync: no
Oct 03 16:40:01 baseweed-admin weston[929]:                color operations: yes
Oct 03 16:40:01 baseweed-admin weston[929]:                color representation: yes
Oct 03 16:40:01 baseweed-admin weston[929]:                in-shader blending: yes
Oct 03 16:40:01 baseweed-admin weston[929]:                presentation clock: CLOCK_MONOTONIC, id 1
Oct 03 16:40:01 baseweed-admin weston[929]:                presentation clock resolution: 0.000000001 s
Oct 03 16:40:01 baseweed-admin weston[929]: [16:40:01.477] Loading module '/usr/lib64/weston/qdwin-shell.so'
Oct 03 16:40:01 baseweed-admin weston[929]: [16:40:01.478] qdwin: locker bind policy defaulting to entrypoint=/usr/local/bin/qdlocker:/usr/bin/qdlocker (system interpreter + root-owned entrypoint; no explicit policy configured); set --qdwin-allowed-locker-any to override to uid-only
Oct 03 16:40:01 baseweed-admin weston[929]: [16:40:01.478] qdwin: locker bind policy uid=1000 entrypoint=/usr/local/bin/qdlocker:/usr/bin/qdlocker exe=(any) label=(any)
Oct 03 16:40:01 baseweed-admin weston[929]: [16:40:01.478] qdwin: ext-idle-notify idle_time=0 internal_mode=1
Oct 03 16:40:01 baseweed-admin weston[929]: [16:40:01.478] qdwin: cursor-shape theme=(default) size=24 loaded=0/36
Oct 03 16:40:01 baseweed-admin weston[929]: [16:40:01.478] qdwin: layer-popup grab handler registered
Oct 03 16:40:01 baseweed-admin weston[929]: [16:40:01.478] qdwin/nested-proxy: default keyboard grab installed on seat 'default'
Oct 03 16:40:01 baseweed-admin weston[929]: [16:40:01.478] qdwin: background curtain 3200x1080 installed
Oct 03 16:40:01 baseweed-admin weston[929]: [16:40:01.478] qdwin: WARNING shell-authorized output capture enabled via QDWIN_ENABLE_SHELL_CAPTURE — dev/test only, do not use in production
Oct 03 16:40:01 baseweed-admin weston[929]: [16:40:01.478] qdwin: retained-frame capture armed on output=Virtual-1
Oct 03 16:40:01 baseweed-admin weston[929]: [16:40:01.478] qdwin: shell loaded (allowed_uid=1000); desktop + qdwin_shell_v1 ready
Oct 03 16:40:01 baseweed-admin weston[929]: [16:40:01.478] Loading module '/usr/lib64/libweston-16/xwayland.so'
Oct 03 16:40:01 baseweed-admin weston[929]: [16:40:01.480] Registered plugin API 'weston_xwayland_v3' of size 32
Oct 03 16:40:01 baseweed-admin weston[929]: [16:40:01.480] Registered plugin API 'weston_xwayland_surface_v2' of size 24
Oct 03 16:40:01 baseweed-admin weston[929]: [16:40:01.480] xserver listening on display :0
Oct 03 16:40:01 baseweed-admin systemd[858]: Started qdshell desktop (Quickshell QML on top of qdwin).
Oct 03 16:40:01 baseweed-admin systemd[858]: Started qdistro cursor sprite supplier for qdwin.
Oct 03 16:40:01 baseweed-admin weston[929]: [16:40:01.570] qdwin: bind attempt pid=1024 uid=1000 (allowed_uid=1000)
Oct 03 16:40:01 baseweed-admin weston[929]: [16:40:01.570] qdwin: bind accepted for uid=1000, hello sent
Oct 03 16:40:01 baseweed-admin qdistro-cursor-sprites[1024]: [cursor-sprites 1024] registered shape=1 via=xcursor
Oct 03 16:40:01 baseweed-admin qdistro-cursor-sprites[1024]: [cursor-sprites 1024] registered shape=2 via=xcursor
Oct 03 16:40:01 baseweed-admin weston[929]: [16:40:01.571] qdwin: cursor-sprite registered shape=default hotspot=3,1
Oct 03 16:40:01 baseweed-admin weston[929]: [16:40:01.571] qdwin: cursor_retry_install: scheduling first retry in 1000ms
Oct 03 16:40:01 baseweed-admin weston[929]: [16:40:01.571] qdwin: cursor-sprite registered shape=context-menu hotspot=3,1
Oct 03 16:40:01 baseweed-admin qdistro-cursor-sprites[1024]: [cursor-sprites 1024] registered shape=3 via=xcursor
Oct 03 16:40:01 baseweed-admin weston[929]: [16:40:01.571] qdwin: cursor-sprite registered shape=help hotspot=12,21
Oct 03 16:40:01 baseweed-admin qdistro-cursor-sprites[1024]: [cursor-sprites 1024] registered shape=4 via=xcursor
Oct 03 16:40:01 baseweed-admin weston[929]: [16:40:01.572] qdwin: cursor-sprite registered shape=pointer hotspot=7,5
Oct 03 16:40:01 baseweed-admin qdistro-cursor-sprites[1024]: [cursor-sprites 1024] registered shape=5 via=xcursor
Oct 03 16:40:01 baseweed-admin weston[929]: [16:40:01.579] qdwin: cursor-sprite registered shape=progress hotspot=3,1
Oct 03 16:40:01 baseweed-admin qdistro-cursor-sprites[1024]: [cursor-sprites 1024] registered shape=6 via=xcursor
Oct 03 16:40:01 baseweed-admin weston[929]: [16:40:01.590] qdwin: cursor-sprite registered shape=wait hotspot=11,11
Oct 03 16:40:01 baseweed-admin qdistro-cursor-sprites[1024]: [cursor-sprites 1024] registered shape=7 via=xcursor
Oct 03 16:40:01 baseweed-admin weston[929]: [16:40:01.591] qdwin: cursor-sprite registered shape=cell hotspot=11,11
Oct 03 16:40:01 baseweed-admin qdistro-cursor-sprites[1024]: [cursor-sprites 1024] registered shape=8 via=xcursor
Oct 03 16:40:01 baseweed-admin weston[929]: [16:40:01.591] qdwin: cursor-sprite registered shape=crosshair hotspot=11,11
Oct 03 16:40:01 baseweed-admin qdistro-cursor-sprites[1024]: [cursor-sprites 1024] registered shape=9 via=xcursor
Oct 03 16:40:01 baseweed-admin weston[929]: [16:40:01.591] qdwin: cursor-sprite registered shape=text hotspot=11,12
Oct 03 16:40:01 baseweed-admin qdistro-cursor-sprites[1024]: [cursor-sprites 1024] registered shape=10 via=xcursor
Oct 03 16:40:01 baseweed-admin weston[929]: [16:40:01.591] qdwin: cursor-sprite registered shape=vertical-text hotspot=12,11
Oct 03 16:40:01 baseweed-admin qdistro-cursor-sprites[1024]: [cursor-sprites 1024] registered shape=11 via=xcursor
Oct 03 16:40:01 baseweed-admin weston[929]: [16:40:01.592] qdwin: cursor-sprite registered shape=alias hotspot=18,5
Oct 03 16:40:01 baseweed-admin qdistro-cursor-sprites[1024]: [cursor-sprites 1024] registered shape=12 via=xcursor
Oct 03 16:40:01 baseweed-admin qdistro-cursor-sprites[1024]: [cursor-sprites 1024] registered shape=13 via=xcursor
Oct 03 16:40:01 baseweed-admin qdistro-cursor-sprites[1024]: [cursor-sprites 1024] registered shape=14 via=xcursor
Oct 03 16:40:01 baseweed-admin weston[929]: [16:40:01.592] qdwin: cursor-sprite registered shape=copy hotspot=3,1
Oct 03 16:40:01 baseweed-admin weston[929]: [16:40:01.592] qdwin: cursor-sprite registered shape=move hotspot=3,1
Oct 03 16:40:01 baseweed-admin weston[929]: [16:40:01.592] qdwin: cursor-sprite registered shape=no-drop hotspot=3,1
Oct 03 16:40:01 baseweed-admin weston[929]: [16:40:01.593] qdwin: cursor-sprite registered shape=not-allowed hotspot=12,12
Oct 03 16:40:01 baseweed-admin qdistro-cursor-sprites[1024]: [cursor-sprites 1024] registered shape=15 via=xcursor
Oct 03 16:40:01 baseweed-admin weston[929]: [16:40:01.593] qdwin: cursor-sprite registered shape=grab hotspot=11,2
Oct 03 16:40:01 baseweed-admin qdistro-cursor-sprites[1024]: [cursor-sprites 1024] registered shape=16 via=xcursor
Oct 03 16:40:01 baseweed-admin qdistro-cursor-sprites[1024]: [cursor-sprites 1024] registered shape=17 via=xcursor
Oct 03 16:40:01 baseweed-admin weston[929]: [16:40:01.593] qdwin: cursor-sprite registered shape=grabbing hotspot=9,5
Oct 03 16:40:01 baseweed-admin qdistro-cursor-sprites[1024]: [cursor-sprites 1024] registered shape=18 via=xcursor
Oct 03 16:40:01 baseweed-admin weston[929]: [16:40:01.593] qdwin: cursor-sprite registered shape=e-resize hotspot=19,13
Oct 03 16:40:01 baseweed-admin qdistro-cursor-sprites[1024]: [cursor-sprites 1024] registered shape=19 via=xcursor
Oct 03 16:40:01 baseweed-admin weston[929]: [16:40:01.594] qdwin: cursor-sprite registered shape=n-resize hotspot=13,6
Oct 03 16:40:01 baseweed-admin qdistro-cursor-sprites[1024]: [cursor-sprites 1024] registered shape=20 via=xcursor
Oct 03 16:40:01 baseweed-admin weston[929]: [16:40:01.594] qdwin: cursor-sprite registered shape=ne-resize hotspot=15,10
Oct 03 16:40:01 baseweed-admin qdistro-cursor-sprites[1024]: [cursor-sprites 1024] registered shape=21 via=xcursor
Oct 03 16:40:01 baseweed-admin weston[929]: [16:40:01.594] qdwin: cursor-sprite registered shape=nw-resize hotspot=10,10
Oct 03 16:40:01 baseweed-admin qdistro-cursor-sprites[1024]: [cursor-sprites 1024] registered shape=22 via=xcursor
Oct 03 16:40:01 baseweed-admin weston[929]: [16:40:01.594] qdwin: cursor-sprite registered shape=s-resize hotspot=13,18
Oct 03 16:40:01 baseweed-admin qdistro-cursor-sprites[1024]: [cursor-sprites 1024] registered shape=23 via=xcursor
Oct 03 16:40:01 baseweed-admin weston[929]: [16:40:01.594] qdwin: cursor-sprite registered shape=se-resize hotspot=15,15
Oct 03 16:40:01 baseweed-admin qdistro-cursor-sprites[1024]: [cursor-sprites 1024] registered shape=24 via=xcursor
Oct 03 16:40:01 baseweed-admin weston[929]: [16:40:01.595] qdwin: cursor-sprite registered shape=sw-resize hotspot=10,15
Oct 03 16:40:01 baseweed-admin qdistro-cursor-sprites[1024]: [cursor-sprites 1024] registered shape=25 via=xcursor
Oct 03 16:40:01 baseweed-admin weston[929]: [16:40:01.595] qdwin: cursor-sprite registered shape=w-resize hotspot=6,13
Oct 03 16:40:01 baseweed-admin qdistro-cursor-sprites[1024]: [cursor-sprites 1024] registered shape=26 via=xcursor
Oct 03 16:40:01 baseweed-admin weston[929]: [16:40:01.595] qdwin: cursor-sprite registered shape=ew-resize hotspot=12,12
Oct 03 16:40:01 baseweed-admin qdistro-cursor-sprites[1024]: [cursor-sprites 1024] registered shape=27 via=xcursor
Oct 03 16:40:01 baseweed-admin qdistro-cursor-sprites[1024]: [cursor-sprites 1024] registered shape=28 via=xcursor
Oct 03 16:40:01 baseweed-admin weston[929]: [16:40:01.595] qdwin: cursor-sprite registered shape=ns-resize hotspot=12,13
Oct 03 16:40:01 baseweed-admin weston[929]: [16:40:01.595] qdwin: cursor-sprite registered shape=nesw-resize hotspot=11,11
Oct 03 16:40:01 baseweed-admin qdistro-cursor-sprites[1024]: [cursor-sprites 1024] registered shape=29 via=xcursor
Oct 03 16:40:01 baseweed-admin weston[929]: [16:40:01.596] qdwin: cursor-sprite registered shape=nwse-resize hotspot=11,11
Oct 03 16:40:01 baseweed-admin weston[929]: [16:40:01.596] qdwin: cursor-sprite registered shape=col-resize hotspot=12,12
Oct 03 16:40:01 baseweed-admin qdistro-cursor-sprites[1024]: [cursor-sprites 1024] registered shape=30 via=xcursor
Oct 03 16:40:01 baseweed-admin qdistro-cursor-sprites[1024]: [cursor-sprites 1024] registered shape=31 via=xcursor
Oct 03 16:40:01 baseweed-admin weston[929]: [16:40:01.596] qdwin: cursor-sprite registered shape=row-resize hotspot=12,13
Oct 03 16:40:01 baseweed-admin qdistro-cursor-sprites[1024]: [cursor-sprites 1024] registered shape=32 via=xcursor
Oct 03 16:40:01 baseweed-admin weston[929]: [16:40:01.596] qdwin: cursor-sprite registered shape=all-scroll hotspot=11,11
Oct 03 16:40:01 baseweed-admin weston[929]: [16:40:01.597] qdwin: cursor-sprite registered shape=zoom-in hotspot=11,10
Oct 03 16:40:01 baseweed-admin qdistro-cursor-sprites[1024]: [cursor-sprites 1024] registered shape=33 via=xcursor
Oct 03 16:40:01 baseweed-admin qdistro-cursor-sprites[1024]: [cursor-sprites 1024] registered shape=34 via=xcursor
Oct 03 16:40:01 baseweed-admin qdistro-cursor-sprites[1024]: [cursor-sprites 1024] registered shape=35 via=xcursor
Oct 03 16:40:01 baseweed-admin weston[929]: [16:40:01.597] qdwin: cursor-sprite registered shape=zoom-out hotspot=11,10
Oct 03 16:40:01 baseweed-admin weston[929]: [16:40:01.597] qdwin: cursor-sprite registered shape=dnd-ask hotspot=3,1
Oct 03 16:40:01 baseweed-admin weston[929]: [16:40:01.597] qdwin: cursor-sprite registered shape=all-resize hotspot=12,11
Oct 03 16:40:01 baseweed-admin qdistro-cursor-sprites[1024]: [cursor-sprites 1024] registered shape=36 via=xcursor
Oct 03 16:40:01 baseweed-admin qdistro-cursor-sprites[1024]: [cursor-sprites 1024] theme summary: xcursor=36 synthetic=0
Oct 03 16:40:01 baseweed-admin qdistro-cursor-sprites[1024]: [cursor-sprites 1024] registration complete; pausing on signalfd (SIGTERM exits cleanly)
Oct 03 16:40:01 baseweed-admin systemd[858]: Started qdistro screen locker (qdlocker).
Oct 03 16:40:01 baseweed-admin systemd[858]: Reached target qdistro desktop session (qdwin compositor + qdshell).
Oct 03 16:40:01 baseweed-admin systemd[858]: Reached target Main User Target.
Oct 03 16:40:01 baseweed-admin systemd[858]: Startup finished in 2.707s.
Oct 03 16:40:01 baseweed-admin dbus-run-session[1026]: No running instances for "/usr/share/quickshell/qdshell/shell.qml"
Oct 03 16:40:01 baseweed-admin dbus-run-session[1026]:   INFO: Launching config: "/usr/share/quickshell/qdshell/shell.qml"
Oct 03 16:40:01 baseweed-admin dbus-run-session[1026]:   INFO: Shell ID: "0d0d1ceeb7f0392fec595c8531945b05" Path ID "0d0d1ceeb7f0392fec595c8531945b05"
Oct 03 16:40:01 baseweed-admin dbus-run-session[1026]:   INFO: Saving logs to "/run/user/1000/quickshell/by-id/ispmbcmt/log.qslog"
Oct 03 16:40:02 baseweed-admin qdlocker[1027]: 2026-10-03 16:40:02,039 qdlocker.app INFO using built-in defaults (no trusted config file found)
Oct 03 16:40:02 baseweed-admin qdlocker[1027]: 2026-10-03 16:40:02,061 qdlocker.auth INFO PAM service from env: qdlocker
Oct 03 16:40:02 baseweed-admin dbus-run-session[1026]: MESA-EGL: warning: failed to get driver name for fd -1
Oct 03 16:40:02 baseweed-admin dbus-run-session[1026]: MESA-EGL: warning: MESA-LOADER: failed to retrieve device information
Oct 03 16:40:02 baseweed-admin dbus-run-session[1026]: MESA-EGL: warning: failed to get driver name for fd -1
Oct 03 16:40:02 baseweed-admin dbus-run-session[1026]: MESA: error: ZINK: failed to choose pdev
Oct 03 16:40:02 baseweed-admin dbus-run-session[1026]: MESA-EGL: warning: egl: failed to create dri2 screen
Oct 03 16:40:02 baseweed-admin weston[929]: [16:40:02.241] qdwin: locker bind attempt pid=1027 uid=1000 (allowed_locker_uid=1000)
Oct 03 16:40:02 baseweed-admin weston[929]: [16:40:02.241] qdwin: locker bound pid=1027 uid=1000 (initially_locked=0)
Oct 03 16:40:02 baseweed-admin qdlocker[1027]: 2026-10-03 16:40:02,242 qdlocker.wayland INFO locker connected
Oct 03 16:40:02 baseweed-admin qdlocker[1027]: 2026-10-03 16:40:02,250 qdlocker.idle INFO idle watcher started; timeout=300000ms
Oct 03 16:40:02 baseweed-admin qdlocker[1027]: 2026-10-03 16:40:02,253 qdlocker.ctrl INFO ctrl socket at /run/user/1000/qdlocker.sock
Oct 03 16:40:02 baseweed-admin qdlocker[1027]: 2026-10-03 16:40:02,267 qdlocker.app INFO locker bound; initially_locked=False
Oct 03 16:40:02 baseweed-admin qdlocker[1027]: 2026-10-03 16:40:02,341 qdlocker.logind INFO logind sleep delay-inhibitor acquired (fd=20)
Oct 03 16:40:02 baseweed-admin qdlocker[1027]: 2026-10-03 16:40:02,346 qdlocker.logind WARNING cannot identify one owned active Wayland session (0 candidates); session lock unavailable
Oct 03 16:40:02 baseweed-admin qdlocker[1027]: 2026-10-03 16:40:02,347 qdlocker.logind INFO logind automatic sleep locking ready; session=None
Oct 03 16:40:19 baseweed-admin dbus-run-session[1026]:   INFO qml: [20261003-164019]           I18n Service started
Oct 03 16:40:19 baseweed-admin dbus-run-session[1026]:   INFO qml: [20261003-164019]           I18n Loading "en" (locale: "en-Latn-US")
Oct 03 16:40:19 baseweed-admin dbus-run-session[1026]:   INFO qml: [20261003-164019]          Shell ---------------------------
Oct 03 16:40:19 baseweed-admin dbus-run-session[1026]:   INFO qml: [20261003-164019]          Shell Qdshell Hello!
Oct 03 16:40:19 baseweed-admin dbus-run-session[1026]:   WARN scene: @Commons/I18n.qml[104:5]: Unable to assign QJSValue to QObject*
Oct 03 16:40:19 baseweed-admin dbus-run-session[1026]:   INFO: Configuration Loaded
Oct 03 16:40:19 baseweed-admin dbus-run-session[1026]:   WARN scene: @Commons/I18n.qml[104:5]: Unable to assign QJSValue to QObject*
Oct 03 16:40:19 baseweed-admin dbus-run-session[1026]:   INFO qml: [20261003-164019]       Settings Settings loaded
Oct 03 16:40:19 baseweed-admin dbus-run-session[1026]:   INFO qml: [20261003-164019]           I18n Loaded translations for "en"
Oct 03 16:40:19 baseweed-admin dbus-run-session[1026]:   INFO qml: [20261003-164019] PluginRegistry Loaded plugin states from: /home/admin/.config/qdshell/plugins.json
Oct 03 16:40:19 baseweed-admin dbus-run-session[1026]:   INFO qml: [20261003-164019] PluginRegistry Scanning plugin folder: /home/admin/.config/qdshell/plugins
Oct 03 16:40:19 baseweed-admin dbus-run-session[1026]:   INFO qml: [20261003-164019]          Icons Service started
Oct 03 16:40:19 baseweed-admin dbus-run-session[1026]:   INFO: ctrl-server: listening on /run/user/1000/qdshell.sock
Oct 03 16:40:19 baseweed-admin dbus-run-session[1026]:   WARN scene: QML Connections at @Services/Hardware/BrightnessService.qml[66:3]: Detected function "onEnableDdcSupportChanged" in Connections element. This is probably intended to be a signal handler but no signal of the target matches the name.
Oct 03 16:40:19 baseweed-admin dbus-run-session[1026]:   INFO qml: [20261003-164019]     Brightness Service started
Oct 03 16:40:20 baseweed-admin dbus-run-session[1026]:   INFO qml: [20261003-164020] DesktopWidgetR Service started
Oct 03 16:40:20 baseweed-admin dbus-run-session[1026]:   WARN scene: QML Connections at @Services/UI/BarService.qml[147:3]: Detected function "onDisplayModeChanged" in Connections element. This is probably intended to be a signal handler but no signal of the target matches the name.
Oct 03 16:40:20 baseweed-admin dbus-run-session[1026]:   WARN scene: QML Connections at @Services/UI/BarService.qml[147:3]: Detected function "onScreenOverridesChanged" in Connections element. This is probably intended to be a signal handler but no signal of the target matches the name.
Oct 03 16:40:20 baseweed-admin dbus-run-session[1026]:   INFO qml: [20261003-164020]     BarService Service started
Oct 03 16:40:20 baseweed-admin dbus-run-session[1026]:   WARN scene: QML Connections at @Services/Networking/NetworkService.qml[73:3]: Detected function "onWifiEnabledChanged" in Connections element. This is probably intended to be a signal handler but no signal of the target matches the name.
Oct 03 16:40:20 baseweed-admin dbus-run-session[1026]:   INFO qml: [20261003-164020]        Network Service started
Oct 03 16:40:20 baseweed-admin dbus-run-session[1026]:   WARN scene: QML Connections at @Modules/Panels/Dock/StaticDockPanel.qml[350:3]: Detected function "onPinnedAppsChanged" in Connections element. This is probably intended to be a signal handler but no signal of the target matches the name.
Oct 03 16:40:20 baseweed-admin dbus-run-session[1026]:   WARN scene: QML Connections at @Modules/Panels/Dock/StaticDockPanel.qml[350:3]: Detected function "onOnlySameOutputChanged" in Connections element. This is probably intended to be a signal handler but no signal of the target matches the name.
Oct 03 16:40:20 baseweed-admin dbus-run-session[1026]:   WARN scene: QML Connections at @Services/System/SystemStatService.qml[320:3]: Detected function "onEnableDgpuMonitoringChanged" in Connections element. This is probably intended to be a signal handler but no signal of the target matches the name.
Oct 03 16:40:20 baseweed-admin dbus-run-session[1026]:   INFO qml: [20261003-164020]     SystemStat Service started (polling deferred until a consumer registers).
Oct 03 16:40:20 baseweed-admin dbus-run-session[1026]:   WARN scene: QML Connections at @Modules/Panels/Dock/StaticDockPanel.qml[350:3]: Detected function "onPinnedAppsChanged" in Connections element. This is probably intended to be a signal handler but no signal of the target matches the name.
Oct 03 16:40:20 baseweed-admin dbus-run-session[1026]:   WARN scene: QML Connections at @Modules/Panels/Dock/StaticDockPanel.qml[350:3]: Detected function "onOnlySameOutputChanged" in Connections element. This is probably intended to be a signal handler but no signal of the target matches the name.
Oct 03 16:40:20 baseweed-admin dbus-run-session[1026]:   WARN scene: QML Connections at @Modules/Panels/Dock/StaticDockPanel.qml[350:3]: Detected function "onPinnedAppsChanged" in Connections element. This is probably intended to be a signal handler but no signal of the target matches the name.
Oct 03 16:40:20 baseweed-admin dbus-run-session[1026]:   WARN scene: QML Connections at @Modules/Panels/Dock/StaticDockPanel.qml[350:3]: Detected function "onOnlySameOutputChanged" in Connections element. This is probably intended to be a signal handler but no signal of the target matches the name.
Oct 03 16:40:20 baseweed-admin dbus-run-session[1026]:   WARN scene: QML Connections at @Services/UI/WallpaperService.qml[140:3]: Detected function "onWallpaperDownloaded" in Connections element. This is probably intended to be a signal handler but no signal of the target matches the name.
Oct 03 16:40:20 baseweed-admin dbus-run-session[1026]:   WARN scene: QML Connections at @Services/UI/WallpaperService.qml[61:3]: Detected function "onDirectoryChanged" in Connections element. This is probably intended to be a signal handler but no signal of the target matches the name.
Oct 03 16:40:20 baseweed-admin dbus-run-session[1026]:   WARN scene: QML Connections at @Services/UI/WallpaperService.qml[61:3]: Detected function "onEnableMultiMonitorDirectoriesChanged" in Connections element. This is probably intended to be a signal handler but no signal of the target matches the name.
Oct 03 16:40:20 baseweed-admin dbus-run-session[1026]:   WARN scene: QML Connections at @Services/UI/WallpaperService.qml[61:3]: Detected function "onAutomationEnabledChanged" in Connections element. This is probably intended to be a signal handler but no signal of the target matches the name.
Oct 03 16:40:20 baseweed-admin dbus-run-session[1026]:   WARN scene: QML Connections at @Services/UI/WallpaperService.qml[61:3]: Detected function "onRandomIntervalSecChanged" in Connections element. This is probably intended to be a signal handler but no signal of the target matches the name.
Oct 03 16:40:20 baseweed-admin dbus-run-session[1026]:   WARN scene: QML Connections at @Services/UI/WallpaperService.qml[61:3]: Detected function "onWallpaperChangeModeChanged" in Connections element. This is probably intended to be a signal handler but no signal of the target matches the name.
Oct 03 16:40:20 baseweed-admin dbus-run-session[1026]:   WARN scene: QML Connections at @Services/UI/WallpaperService.qml[61:3]: Detected function "onViewModeChanged" in Connections element. This is probably intended to be a signal handler but no signal of the target matches the name.
Oct 03 16:40:20 baseweed-admin dbus-run-session[1026]:   WARN scene: QML Connections at @Services/UI/WallpaperService.qml[61:3]: Detected function "onShowHiddenFilesChanged" in Connections element. This is probably intended to be a signal handler but no signal of the target matches the name.
Oct 03 16:40:20 baseweed-admin dbus-run-session[1026]:   WARN scene: QML Connections at @Services/UI/WallpaperService.qml[61:3]: Detected function "onUseSolidColorChanged" in Connections element. This is probably intended to be a signal handler but no signal of the target matches the name.
Oct 03 16:40:20 baseweed-admin dbus-run-session[1026]:   WARN scene: QML Connections at @Services/UI/WallpaperService.qml[61:3]: Detected function "onSolidColorChanged" in Connections element. This is probably intended to be a signal handler but no signal of the target matches the name.
Oct 03 16:40:20 baseweed-admin dbus-run-session[1026]:   WARN scene: QML Connections at @Services/UI/WallpaperService.qml[61:3]: Detected function "onSortOrderChanged" in Connections element. This is probably intended to be a signal handler but no signal of the target matches the name.
Oct 03 16:40:20 baseweed-admin dbus-run-session[1026]:   WARN scene: QML Connections at @Modules/Background/Background.qml[80:7]: Detected function "onFillModeChanged" in Connections element. This is probably intended to be a signal handler but no signal of the target matches the name.
Oct 03 16:40:20 baseweed-admin dbus-run-session[1026]:   WARN scene: QML Connections at @Modules/Background/Background.qml[80:7]: Detected function "onFillModeChanged" in Connections element. This is probably intended to be a signal handler but no signal of the target matches the name.
Oct 03 16:40:20 baseweed-admin dbus-run-session[1026]:   WARN scene: QML Connections at @Modules/Background/Background.qml[80:7]: Detected function "onFillModeChanged" in Connections element. This is probably intended to be a signal handler but no signal of the target matches the name.
Oct 03 16:40:20 baseweed-admin dbus-run-session[1026]:   WARN scene: QML Connections at @Modules/Dock/Dock.qml[45:7]: Detected function "onPinnedAppsChanged" in Connections element. This is probably intended to be a signal handler but no signal of the target matches the name.
Oct 03 16:40:20 baseweed-admin dbus-run-session[1026]:   WARN scene: QML Connections at @Modules/Dock/Dock.qml[45:7]: Detected function "onOnlySameOutputChanged" in Connections element. This is probably intended to be a signal handler but no signal of the target matches the name.
Oct 03 16:40:20 baseweed-admin dbus-run-session[1026]:   WARN scene: QML Connections at @Modules/Dock/Dock.qml[45:7]: Detected function "onPinnedAppsChanged" in Connections element. This is probably intended to be a signal handler but no signal of the target matches the name.
Oct 03 16:40:20 baseweed-admin dbus-run-session[1026]:   WARN scene: QML Connections at @Modules/Dock/Dock.qml[45:7]: Detected function "onOnlySameOutputChanged" in Connections element. This is probably intended to be a signal handler but no signal of the target matches the name.
Oct 03 16:40:20 baseweed-admin dbus-run-session[1026]:   WARN scene: QML Connections at @Modules/Dock/Dock.qml[45:7]: Detected function "onPinnedAppsChanged" in Connections element. This is probably intended to be a signal handler but no signal of the target matches the name.
Oct 03 16:40:20 baseweed-admin dbus-run-session[1026]:   WARN scene: QML Connections at @Modules/Dock/Dock.qml[45:7]: Detected function "onOnlySameOutputChanged" in Connections element. This is probably intended to be a signal handler but no signal of the target matches the name.
Oct 03 16:40:20 baseweed-admin dbus-run-session[1026]:   INFO qml: [20261003-164020]          Shell ---------------------------
Oct 03 16:40:20 baseweed-admin dbus-run-session[1026]:   INFO qml: [20261003-164020]      Wallpaper Service started
Oct 03 16:40:20 baseweed-admin dbus-run-session[1026]:   INFO qml: [20261003-164020]     ImageCache Service started
Oct 03 16:40:20 baseweed-admin systemd[858]: qdistro-polkit-agent.service: Scheduled restart job, restart counter is at 1.
Oct 03 16:40:20 baseweed-admin systemd[858]: Started qdistro polkit authentication agent (PAM / fprintd / broker).
Oct 03 16:40:20 baseweed-admin dbus-run-session[1026]:   WARN scene: QML Connections at @Services/Theming/AppThemeService.qml[30:3]: Detected function "onDarkModeChanged" in Connections element. This is probably intended to be a signal handler but no signal of the target matches the name.
Oct 03 16:40:20 baseweed-admin dbus-run-session[1026]:   WARN scene: QML Connections at @Services/Theming/AppThemeService.qml[30:3]: Detected function "onMonitorForColorsChanged" in Connections element. This is probably intended to be a signal handler but no signal of the target matches the name.
Oct 03 16:40:20 baseweed-admin dbus-run-session[1026]:   WARN scene: QML Connections at @Services/Theming/AppThemeService.qml[30:3]: Detected function "onGenerationMethodChanged" in Connections element. This is probably intended to be a signal handler but no signal of the target matches the name.
Oct 03 16:40:20 baseweed-admin dbus-run-session[1026]:   INFO qml: [20261003-164020] AppThemeServic Service started
Oct 03 16:40:20 baseweed-admin dbus-run-session[1026]:   WARN scene: QML Connections at @Services/Theming/ColorSchemeService.qml[20:3]: Detected function "onDarkModeChanged" in Connections element. This is probably intended to be a signal handler but no signal of the target matches the name.
Oct 03 16:40:20 baseweed-admin dbus-run-session[1026]:   INFO qml: [20261003-164020]    ColorScheme Service started
Oct 03 16:40:20 baseweed-admin dbus-run-session[1026]:   INFO qml: [20261003-164020] AppPresentatio Service started
Oct 03 16:40:20 baseweed-admin dbus-run-session[1026]:   WARN scene: QML Connections at @Services/Location/DarkModeService.qml[43:3]: Detected function "onSchedulingModeChanged" in Connections element. This is probably intended to be a signal handler but no signal of the target matches the name.
Oct 03 16:40:20 baseweed-admin dbus-run-session[1026]:   WARN scene: QML Connections at @Services/Location/DarkModeService.qml[28:3]: Detected function "onManualSunriseChanged" in Connections element. This is probably intended to be a signal handler but no signal of the target matches the name.
Oct 03 16:40:20 baseweed-admin dbus-run-session[1026]:   WARN scene: QML Connections at @Services/Location/DarkModeService.qml[28:3]: Detected function "onManualSunsetChanged" in Connections element. This is probably intended to be a signal handler but no signal of the target matches the name.
Oct 03 16:40:20 baseweed-admin dbus-run-session[1026]:   INFO qml: [20261003-164020] DarkModeServic Service started
Oct 03 16:40:20 baseweed-admin dbus-run-session[1026]:   WARN scene: @Services/Location/DarkModeService.qml[29:5]: Unable to assign QJSValue to QObject*
Oct 03 16:40:20 baseweed-admin dbus-run-session[1026]:   WARN scene: @Services/Location/DarkModeService.qml[44:5]: Unable to assign QJSValue to QObject*
Oct 03 16:40:20 baseweed-admin dbus-run-session[1026]:   WARN scene: @Services/Theming/ColorSchemeService.qml[21:5]: Unable to assign QJSValue to QObject*
Oct 03 16:40:20 baseweed-admin dbus-run-session[1026]:   WARN scene: @Services/Theming/AppThemeService.qml[31:5]: Unable to assign QJSValue to QObject*
Oct 03 16:40:20 baseweed-admin dbus-run-session[1026]:   WARN scene: @Modules/Dock/Dock.qml[46:9]: Unable to assign QJSValue to QObject*
Oct 03 16:40:20 baseweed-admin dbus-run-session[1026]:   WARN scene: @Modules/Dock/Dock.qml[46:9]: Unable to assign QJSValue to QObject*
Oct 03 16:40:20 baseweed-admin dbus-run-session[1026]:   WARN scene: @Modules/Dock/Dock.qml[46:9]: Unable to assign QJSValue to QObject*
Oct 03 16:40:20 baseweed-admin dbus-run-session[1026]:   WARN scene: @Modules/Background/Background.qml[81:9]: Unable to assign QJSValue to QObject*
Oct 03 16:40:20 baseweed-admin dbus-run-session[1026]:   WARN scene: @Modules/Background/Background.qml[81:9]: Unable to assign QJSValue to QObject*
Oct 03 16:40:20 baseweed-admin dbus-run-session[1026]:   WARN scene: @Modules/Background/Background.qml[81:9]: Unable to assign QJSValue to QObject*
Oct 03 16:40:20 baseweed-admin dbus-run-session[1026]:   WARN scene: @Services/UI/WallpaperService.qml[62:5]: Unable to assign QJSValue to QObject*
Oct 03 16:40:20 baseweed-admin dbus-run-session[1026]:   WARN scene: @Modules/Panels/SessionMenu/SessionMenu.qml[152:5]: Unable to assign QJSValue to QObject*
Oct 03 16:40:20 baseweed-admin dbus-run-session[1026]:   WARN scene: @Modules/Panels/Dock/StaticDockPanel.qml[351:5]: Unable to assign QJSValue to QObject*
Oct 03 16:40:20 baseweed-admin dbus-run-session[1026]:   WARN scene: @Modules/Panels/SessionMenu/SessionMenu.qml[152:5]: Unable to assign QJSValue to QObject*
Oct 03 16:40:20 baseweed-admin dbus-run-session[1026]:   WARN scene: @Modules/Panels/Dock/StaticDockPanel.qml[351:5]: Unable to assign QJSValue to QObject*
Oct 03 16:40:20 baseweed-admin dbus-run-session[1026]:   WARN scene: @Services/System/SystemStatService.qml[321:5]: Unable to assign QJSValue to QObject*
Oct 03 16:40:20 baseweed-admin dbus-run-session[1026]:   WARN scene: @Modules/Panels/SessionMenu/SessionMenu.qml[152:5]: Unable to assign QJSValue to QObject*
Oct 03 16:40:20 baseweed-admin dbus-run-session[1026]:   WARN scene: @Services/Networking/NetworkService.qml[74:5]: Unable to assign QJSValue to QObject*
Oct 03 16:40:20 baseweed-admin dbus-run-session[1026]:   WARN scene: @Modules/Panels/Dock/StaticDockPanel.qml[351:5]: Unable to assign QJSValue to QObject*
Oct 03 16:40:20 baseweed-admin dbus-run-session[1026]:   WARN scene: @Services/UI/BarService.qml[148:5]: Unable to assign QJSValue to QObject*
Oct 03 16:40:20 baseweed-admin dbus-run-session[1026]:   WARN scene: @Services/Hardware/BrightnessService.qml[67:5]: Unable to assign QJSValue to QObject*
Oct 03 16:40:20 baseweed-admin dbus-run-session[1026]:   INFO qml: [20261003-164020]      Wallpaper Starting scan for Virtual-1 in /home/admin/Pictures/Wallpapers recursive: false
Oct 03 16:40:20 baseweed-admin qdistro-polkit-agent[1095]: registration failed: org.freedesktop.PolicyKit1.Error.Failed: Cannot determine session the caller is in
Oct 03 16:40:20 baseweed-admin python3[1095]: qdistro-polkit-agent: registration failed: org.freedesktop.PolicyKit1.Error.Failed: Cannot determine session the caller is in
Oct 03 16:40:20 baseweed-admin dbus-run-session[1026]:   INFO qml: [20261003-164020]      Wallpaper Starting scan for pipewire-0 in /home/admin/Pictures/Wallpapers recursive: false
Oct 03 16:40:20 baseweed-admin dbus-run-session[1026]:   INFO qml: [20261003-164020]      Wallpaper Starting scan for pipewire-1 in /home/admin/Pictures/Wallpapers recursive: false
Oct 03 16:40:20 baseweed-admin systemd[858]: qdistro-polkit-agent.service: Main process exited, code=exited, status=1/FAILURE
Oct 03 16:40:20 baseweed-admin systemd[858]: qdistro-polkit-agent.service: Failed with result 'exit-code'.
Oct 03 16:40:20 baseweed-admin dbus-run-session[1026]:   INFO qml: [20261003-164020]       Location Service started
Oct 03 16:40:20 baseweed-admin dbus-run-session[1026]:   WARN scene: QML Connections at @Services/Location/NightLightService.qml[96:3]: Detected function "onEnabledChanged" in Connections element. This is probably intended to be a signal handler but no signal of the target matches the name.
Oct 03 16:40:20 baseweed-admin dbus-run-session[1026]:   WARN scene: QML Connections at @Services/Location/NightLightService.qml[96:3]: Detected function "onForcedChanged" in Connections element. This is probably intended to be a signal handler but no signal of the target matches the name.
Oct 03 16:40:20 baseweed-admin dbus-run-session[1026]:   WARN scene: QML Connections at @Services/Location/NightLightService.qml[96:3]: Detected function "onNightTempChanged" in Connections element. This is probably intended to be a signal handler but no signal of the target matches the name.
Oct 03 16:40:20 baseweed-admin dbus-run-session[1026]:   WARN scene: QML Connections at @Services/Location/NightLightService.qml[96:3]: Detected function "onDayTempChanged" in Connections element. This is probably intended to be a signal handler but no signal of the target matches the name.
Oct 03 16:40:20 baseweed-admin dbus-run-session[1026]:   WARN scene: QML Connections at @Services/Control/HooksService.qml[16:3]: Detected function "onDarkModeChanged" in Connections element. This is probably intended to be a signal handler but no signal of the target matches the name.
Oct 03 16:40:20 baseweed-admin dbus-run-session[1026]:   INFO qml: [20261003-164020]   HooksService Service started
Oct 03 16:40:20 baseweed-admin dbus-run-session[1026]:   WARN quickshell.dbus.objectmanager: Failed to create DBusObjectManagerInterface for "org.bluez" "/" : QDBusError("org.freedesktop.DBus.Error.ServiceUnknown", "The name is not activatable")
Oct 03 16:40:20 baseweed-admin dbus-run-session[1026]:   INFO qml: [20261003-164020]      Bluetooth Service started
Oct 03 16:40:20 baseweed-admin dbus-run-session[1026]:   INFO qml: [20261003-164020]  IdleInhibitor Service started
Oct 03 16:40:20 baseweed-admin dbus-run-session[1026]:   INFO qml: [20261003-164020] CapabilityServ qdwin live-apply capabilities: pointer=false xkb=false wm=false output=false workspace=false idleDpms=false keybind=false
Oct 03 16:40:20 baseweed-admin dbus-run-session[1026]:   INFO qml: [20261003-164020]   PowerService Service started
Oct 03 16:40:20 baseweed-admin dbus-run-session[1026]:   INFO qml: [20261003-164020] AccessibilityS Service started
Oct 03 16:40:20 baseweed-admin dbus-run-session[1026]:   INFO qml: [20261003-164020]  KeyboardInput Service started
Oct 03 16:40:20 baseweed-admin dbus-run-session[1026]:   INFO qml: [20261003-164020] PointerInputSe Service started (qdwin live-apply: persist-only until shell binds >= v28)
Oct 03 16:40:20 baseweed-admin dbus-run-session[1026]:   INFO qml: [20261003-164020] WindowManagerS Service started (qdwin v25 live-apply: false, shortcuts: false)
Oct 03 16:40:20 baseweed-admin dbus-run-session[1026]:   INFO qml: [20261003-164020] SessionService started; saved=0 canApplyPlacement=false
Oct 03 16:40:20 baseweed-admin dbus-run-session[1026]:   INFO qml: [20261003-164020]    HostService Service started
Oct 03 16:40:20 baseweed-admin dbus-run-session[1026]:   INFO qml: [20261003-164020] CustomButtonIP Service started
Oct 03 16:40:20 baseweed-admin dbus-run-session[1026]:   INFO qml: [20261003-164020]     IPCService Service started
Oct 03 16:40:20 baseweed-admin dbus-run-session[1026]:   INFO qml: [20261003-164020]        PodApps service started
Oct 03 16:40:20 baseweed-admin dbus-run-session[1026]:   INFO qml: [20261003-164020]         VMApps service started
Oct 03 16:40:20 baseweed-admin dbus-run-session[1026]:   INFO qml: [20261003-164020]      Tier3Apps service started
Oct 03 16:40:20 baseweed-admin dbus-run-session[1026]:   INFO qml: [20261003-164020]     Tier3sApps service started
Oct 03 16:40:20 baseweed-admin dbus-run-session[1026]:   INFO qml: [20261003-164020]      Tier4Apps service started
Oct 03 16:40:20 baseweed-admin dbus-run-session[1026]:   INFO qml: [20261003-164020] RemoteMachineW service started
Oct 03 16:40:20 baseweed-admin dbus-run-session[1026]:   INFO qml: [20261003-164020]  Tier3FocusIPC service started
Oct 03 16:40:20 baseweed-admin dbus-run-session[1026]:   WARN quickshell.dbus: Could not launch service org.freedesktop.UPower.PowerProfiles: QDBusError(org.freedesktop.DBus.Error.ServiceUnknown, The name is not activatable)
Oct 03 16:40:20 baseweed-admin dbus-run-session[1026]:   WARN quickshell.service.powerprofiles: Could not start PowerProfilesDaemon. The PowerProfiles service will not work.
Oct 03 16:40:20 baseweed-admin weston[929]: [16:40:20.546] qdwin: bind attempt pid=1026 uid=1000 (allowed_uid=1000)
Oct 03 16:40:20 baseweed-admin weston[929]: [16:40:20.546] qdwin: bind accepted for uid=1000, hello sent
Oct 03 16:40:20 baseweed-admin weston[929]: [16:40:20.546] qdwin: ext_workspace_manager bound (count=4 active=0)
Oct 03 16:40:20 baseweed-admin weston[929]: [16:40:20.546] qdwin: zwlr_output_manager bound (serial=1)
Oct 03 16:40:20 baseweed-admin weston[929]: [16:40:20.546] qdwin: shell bound (uid=1000 pid=1026); replaying 0 toplevels
Oct 03 16:40:20 baseweed-admin weston[929]: [16:40:20.546] qdwin: seat_focus_changed seat=default handle=4294967295
Oct 03 16:40:20 baseweed-admin dbus-run-session[1026]:   INFO qml: [20261003-164020]          Qdwin qdwin_shell_v1 bound v34
Oct 03 16:40:20 baseweed-admin dbus-run-session[1026]:   INFO qml: [20261003-164020]  ClipboardGate wired to qdwin_shell_v1; broker default=deny
Oct 03 16:40:20 baseweed-admin weston[929]: [16:40:20.548] qdwin: workspace 0 name="1"
Oct 03 16:40:20 baseweed-admin weston[929]: [16:40:20.548] qdwin: workspace 1 name="2"
Oct 03 16:40:20 baseweed-admin weston[929]: [16:40:20.548] qdwin: workspace 2 name="3"
Oct 03 16:40:20 baseweed-admin weston[929]: [16:40:20.548] qdwin: workspace 3 name="4"
Oct 03 16:40:20 baseweed-admin weston[929]: [16:40:20.548] qdwin: set_wm_policy focus=0 ffm_delay=0 raise_click=1 raise_hover=0 placement=2 snap=1 dist=16
Oct 03 16:40:20 baseweed-admin dbus-run-session[1026]:   INFO qml: [20261003-164020] WindowManagerS applied WM policy focus=click placement=smart snap=true/16
Oct 03 16:40:20 baseweed-admin dbus-run-session[1026]:   INFO qml: [20261003-164020] CapabilityServ wmPolicy -> true
Oct 03 16:40:20 baseweed-admin weston[929]: [16:40:20.548] qdwin: register_hotkey id=7101 mods=0x2 key=62
Oct 03 16:40:20 baseweed-admin weston[929]: [16:40:20.548] qdwin: register_hotkey id=7102 mods=0x4 key=103
Oct 03 16:40:20 baseweed-admin weston[929]: [16:40:20.549] qdwin: register_hotkey id=7103 mods=0x4 key=33
Oct 03 16:40:20 baseweed-admin dbus-run-session[1026]:   INFO qml: [20261003-164020] WindowManagerS registered WM shortcuts (5 active)
Oct 03 16:40:20 baseweed-admin weston[929]: [16:40:20.549] qdwin: register_hotkey id=7104 mods=0x4 key=105
Oct 03 16:40:20 baseweed-admin weston[929]: [16:40:20.549] qdwin: register_hotkey id=7105 mods=0x4 key=106
Oct 03 16:40:20 baseweed-admin dbus-run-session[1026]:   INFO qml: [20261003-164020] CapabilityServ keybindRegistration -> true
Oct 03 16:40:20 baseweed-admin weston[929]: [16:40:20.549] qdwin: set_pointer_config accel=0 profile=0 natural=0 tap=1 left=0 middle=0 dwt=1 scroll=1 (6 devices)
Oct 03 16:40:20 baseweed-admin dbus-run-session[1026]:   INFO qml: [20261003-164020] PointerInputSe applied pointer config accelSpeed=0 profile=0 natural=0 tap=1 scroll=1
Oct 03 16:40:20 baseweed-admin dbus-run-session[1026]:   INFO qml: [20261003-164020] CapabilityServ pointerConfig -> true
Oct 03 16:40:20 baseweed-admin weston[929]: [16:40:20.549] qdwin: set_key_repeat rate=25 delay=500
Oct 03 16:40:20 baseweed-admin dbus-run-session[1026]:   INFO qml: [20261003-164020]  KeyboardInput applied qdwin key-repeat rate=25 delay=500
Oct 03 16:40:20 baseweed-admin dbus-run-session[1026]:   INFO qml: [20261003-164020] CapabilityServ xkbRepeat -> true
Oct 03 16:40:20 baseweed-admin dbus-run-session[1026]:   INFO qml: [20261003-164020]   PowerService idle policy armed: inactivity=0ms (nothing), displayOff=0ms, presentation=false
Oct 03 16:40:20 baseweed-admin dbus-run-session[1026]:   INFO qml: [20261003-164020] CapabilityServ idleDpms -> true
Oct 03 16:40:20 baseweed-admin dbus-run-session[1026]:   INFO qml: [20261003-164020] CapabilityServ outputManagement -> true
Oct 03 16:40:20 baseweed-admin dbus-run-session[1026]:   WARN qml: [20261003-164020]       Location Weather is still fetching
Oct 03 16:40:20 baseweed-admin dbus-run-session[1026]:   WARN quickshell.dbus: Could not launch service org.freedesktop.UPower: QDBusError(org.freedesktop.DBus.Error.ServiceUnknown, The name is not activatable)
Oct 03 16:40:20 baseweed-admin dbus-run-session[1026]:   WARN quickshell.service.upower: Could not start UPower. The UPower service will not work.
Oct 03 16:40:20 baseweed-admin dbus-run-session[1026]:   INFO qml: [20261003-164020]    HostService Detected openSUSE Tumbleweed
Oct 03 16:40:20 baseweed-admin dbus-run-session[1026]:   INFO qml: [20261003-164020]    HostService Looking for logo icon: distributor-logo-Tumbleweed
Oct 03 16:40:20 baseweed-admin dbus-run-session[1026]:   INFO qml: [20261003-164020]    HostService resolved hostname baseweed-admin
Oct 03 16:40:20 baseweed-admin dbus-run-session[1026]:   WARN: Process failed to start, likely because the binary could not be found. Command: QList("bluetoothctl", "show")
Oct 03 16:40:20 baseweed-admin dbus-run-session[1026]:   WARN: Process failed to start, likely because the binary could not be found. Command: QList("udisksctl", "monitor")
Oct 03 16:40:20 baseweed-admin weston[929]: [16:40:20.802] qdwin: layer-shell get_layer_surface ns=qdshell-background-Virtual-1 layer=2 output=0x56254d294ba0
Oct 03 16:40:20 baseweed-admin weston[929]: [16:40:20.802] qdwin: layer-shell configure ns=qdshell-background-Virtual-1 layer=2 box=0,0 1920x1080 serial=1
Oct 03 16:40:20 baseweed-admin weston[929]: [16:40:20.802] qdwin: layer-shell get_layer_surface ns=qdshell-bar-content-Virtual-1 layer=2 output=0x56254d294ba0
Oct 03 16:40:20 baseweed-admin weston[929]: [16:40:20.802] qdwin: layer-shell configure ns=qdshell-bar-content-Virtual-1 layer=2 box=0,0 1920x31 serial=2
Oct 03 16:40:20 baseweed-admin weston[929]: [16:40:20.802] qdwin: layer-shell get_layer_surface ns=qdshell-bar-exclusion-top-Virtual-1 layer=2 output=0x56254d294ba0
Oct 03 16:40:20 baseweed-admin weston[929]: [16:40:20.803] qdwin: layer-shell configure ns=qdshell-bar-exclusion-top-Virtual-1 layer=2 box=0,0 1920x31 serial=3
Oct 03 16:40:20 baseweed-admin weston[929]: [16:40:20.803] qdwin: layer-shell get_layer_surface ns=qdshell-background-pipewire-0 layer=2 output=0x56254d296000
Oct 03 16:40:20 baseweed-admin weston[929]: [16:40:20.803] qdwin: layer-shell configure ns=qdshell-background-pipewire-0 layer=2 box=1920,0 640x480 serial=4
Oct 03 16:40:20 baseweed-admin weston[929]: [16:40:20.803] qdwin: layer-shell get_layer_surface ns=qdshell-bar-content-pipewire-0 layer=2 output=0x56254d296000
Oct 03 16:40:20 baseweed-admin weston[929]: [16:40:20.803] qdwin: layer-shell configure ns=qdshell-bar-content-pipewire-0 layer=2 box=1920,0 640x31 serial=5
Oct 03 16:40:20 baseweed-admin weston[929]: [16:40:20.803] qdwin: layer-shell get_layer_surface ns=qdshell-bar-exclusion-top-pipewire-0 layer=2 output=0x56254d296000
Oct 03 16:40:20 baseweed-admin weston[929]: [16:40:20.803] qdwin: layer-shell configure ns=qdshell-bar-exclusion-top-pipewire-0 layer=2 box=1920,0 640x31 serial=6
Oct 03 16:40:20 baseweed-admin weston[929]: [16:40:20.803] qdwin: layer-shell get_layer_surface ns=qdshell-background-pipewire-1 layer=2 output=0x56254d2bb900
Oct 03 16:40:20 baseweed-admin weston[929]: [16:40:20.803] qdwin: layer-shell configure ns=qdshell-background-pipewire-1 layer=2 box=2560,0 640x480 serial=7
Oct 03 16:40:20 baseweed-admin weston[929]: [16:40:20.803] qdwin: layer-shell get_layer_surface ns=qdshell-bar-content-pipewire-1 layer=2 output=0x56254d2bb900
Oct 03 16:40:20 baseweed-admin weston[929]: [16:40:20.803] qdwin: layer-shell configure ns=qdshell-bar-content-pipewire-1 layer=2 box=2560,0 640x31 serial=8
Oct 03 16:40:20 baseweed-admin weston[929]: [16:40:20.803] qdwin: layer-shell get_layer_surface ns=qdshell-bar-exclusion-top-pipewire-1 layer=2 output=0x56254d2bb900
Oct 03 16:40:20 baseweed-admin weston[929]: [16:40:20.803] qdwin: layer-shell configure ns=qdshell-bar-exclusion-top-pipewire-1 layer=2 box=2560,0 640x31 serial=9
Oct 03 16:40:20 baseweed-admin weston[929]: [16:40:20.803] qdwin: layer-shell get_layer_surface ns=qdshell-dock-peek-Virtual-1 layer=2 output=0x56254d294ba0
Oct 03 16:40:20 baseweed-admin weston[929]: [16:40:20.803] qdwin: layer-shell configure ns=qdshell-dock-peek-Virtual-1 layer=2 box=0,1079 1920x1 serial=10
Oct 03 16:40:20 baseweed-admin weston[929]: [16:40:20.803] qdwin: layer-shell get_layer_surface ns=qdshell-dock-peek-pipewire-0 layer=2 output=0x56254d296000
Oct 03 16:40:20 baseweed-admin weston[929]: [16:40:20.803] qdwin: layer-shell configure ns=qdshell-dock-peek-pipewire-0 layer=2 box=1920,479 640x1 serial=11
Oct 03 16:40:20 baseweed-admin weston[929]: [16:40:20.803] qdwin: layer-shell get_layer_surface ns=qdshell-dock-peek-pipewire-1 layer=2 output=0x56254d2bb900
Oct 03 16:40:20 baseweed-admin weston[929]: [16:40:20.803] qdwin: layer-shell configure ns=qdshell-dock-peek-pipewire-1 layer=2 box=2560,479 640x1 serial=12
Oct 03 16:40:20 baseweed-admin weston[929]: [16:40:20.803] qdwin: layer-shell get_layer_surface ns=qdshell-image-cache-renderer layer=2 output=(nil)
Oct 03 16:40:20 baseweed-admin weston[929]: [16:40:20.803] qdwin: layer-shell configure ns=qdshell-image-cache-renderer layer=2 box=960,540 1x1 serial=13
Oct 03 16:40:20 baseweed-admin dbus-run-session[1026]:  ERROR qml: [20261003-164020]       Location Geocoding error: 0
Oct 03 16:40:20 baseweed-admin dbus-run-session[1026]:   INFO qml: [20261003-164020] PluginRegistry All plugin manifests loaded. Total plugins: 0
Oct 03 16:40:20 baseweed-admin dbus-run-session[1026]:   INFO qml: [20261003-164020]  PluginService Initializing plugin system
Oct 03 16:40:20 baseweed-admin dbus-run-session[1026]:   INFO qml: [20261003-164020]  PluginService Found 0 enabled plugins: []
Oct 03 16:40:20 baseweed-admin dbus-run-session[1026]:   INFO qml: [20261003-164020]  PluginService No plugins to load
Oct 03 16:40:20 baseweed-admin dbus-run-session[1026]:   INFO qml: [20261003-164020]  PluginService Refreshing available plugins
Oct 03 16:40:20 baseweed-admin dbus-run-session[1026]:   WARN qml: [20261003-164020]     ImageCache ImageMagick not found, using Qt fallback
Oct 03 16:40:20 baseweed-admin dbus-run-session[1026]:   WARN qml: [20261003-164020]      Wallpaper Scan failed for Virtual-1 exit code: 1 (directory might not exist)
Oct 03 16:40:20 baseweed-admin dbus-run-session[1026]:   WARN qml: [20261003-164020]      Wallpaper Scan failed for pipewire-0 exit code: 1 (directory might not exist)
Oct 03 16:40:20 baseweed-admin dbus-run-session[1026]:   WARN qml: [20261003-164020]      Wallpaper Scan failed for pipewire-1 exit code: 1 (directory might not exist)
Oct 03 16:40:20 baseweed-admin dbus-run-session[1026]:   WARN qml: [20261003-164020]   PowerService Button monitor unavailable (exit 1); releasing key inhibitors, logind will handle power/sleep keys
Oct 03 16:40:20 baseweed-admin dbus-run-session[1026]:   INFO qml: [20261003-164020]  KeyboardInput applied qdwin key-repeat rate=25 delay=500
Oct 03 16:40:20 baseweed-admin weston[929]: [16:40:20.938] qdwin: set_key_repeat rate=25 delay=500
Oct 03 16:40:20 baseweed-admin dbus-run-session[1026]:   INFO qml: [20261003-164020] PointerInputSe enumerated 3 pointer device(s) via proc
Oct 03 16:40:20 baseweed-admin dbus-run-session[1026]:   INFO qml: [20261003-164020]        PodApps cache refresh loaded 0 apps
Oct 03 16:40:21 baseweed-admin qdlocker[1027]: 2026-10-03 16:40:21,017 qdlocker.logind INFO logind session rebound in place; session=None
Oct 03 16:40:21 baseweed-admin systemd[858]: qdistro-polkit-agent.service: Scheduled restart job immediately on client request, restart counter is at 2.
Oct 03 16:40:21 baseweed-admin systemd[858]: Started qdistro polkit authentication agent (PAM / fprintd / broker).
Oct 03 16:40:21 baseweed-admin systemd[858]: Auto-unlock the qdistro portal-keys vault at login skipped, unmet condition check ConditionPathExists=/var/lib/qdistro/vaults/portal-keys-pin.tpm
Oct 03 16:40:21 baseweed-admin qdistro-polkit-agent[1261]: registration failed: org.freedesktop.PolicyKit1.Error.Failed: Cannot determine session the caller is in
Oct 03 16:40:21 baseweed-admin python3[1261]: qdistro-polkit-agent: registration failed: org.freedesktop.PolicyKit1.Error.Failed: Cannot determine session the caller is in
Oct 03 16:40:21 baseweed-admin systemd[858]: qdistro-polkit-agent.service: Main process exited, code=exited, status=1/FAILURE
Oct 03 16:40:21 baseweed-admin systemd[858]: qdistro-polkit-agent.service: Failed with result 'exit-code'.
Oct 03 16:40:22 baseweed-admin weston[929]: [16:40:22.160] qdwin: layer-shell mapped ns=qdshell-background-Virtual-1 layer=2 at 0,0 1920x1080
Oct 03 16:40:22 baseweed-admin weston[929]: [16:40:22.412] qdwin: layer-shell mapped ns=qdshell-bar-content-Virtual-1 layer=2 at 0,0 1920x31
Oct 03 16:40:23 baseweed-admin weston[929]: [16:40:23.015] qdwin: layer-shell mapped ns=qdshell-bar-exclusion-top-Virtual-1 layer=2 at 0,0 1920x31
Oct 03 16:40:23 baseweed-admin weston[929]: [16:40:23.496] qdwin: layer-shell mapped ns=qdshell-background-pipewire-0 layer=2 at 1920,0 640x480
Oct 03 16:40:24 baseweed-admin weston[929]: [16:40:24.007] qdwin: layer-shell mapped ns=qdshell-bar-content-pipewire-0 layer=2 at 1920,0 640x31
Oct 03 16:40:24 baseweed-admin weston[929]: [16:40:24.405] qdwin: layer-shell mapped ns=qdshell-bar-exclusion-top-pipewire-0 layer=2 at 1920,0 640x31
Oct 03 16:40:24 baseweed-admin systemd[858]: qdistro-polkit-agent.service: Scheduled restart job, restart counter is at 3.
Oct 03 16:40:24 baseweed-admin systemd[858]: Started qdistro polkit authentication agent (PAM / fprintd / broker).
Oct 03 16:40:24 baseweed-admin qdistro-polkit-agent[1511]: registration failed: org.freedesktop.PolicyKit1.Error.Failed: Cannot determine session the caller is in
Oct 03 16:40:24 baseweed-admin python3[1511]: qdistro-polkit-agent: registration failed: org.freedesktop.PolicyKit1.Error.Failed: Cannot determine session the caller is in
Oct 03 16:40:24 baseweed-admin systemd[858]: qdistro-polkit-agent.service: Main process exited, code=exited, status=1/FAILURE
Oct 03 16:40:24 baseweed-admin systemd[858]: qdistro-polkit-agent.service: Failed with result 'exit-code'.
Oct 03 16:40:25 baseweed-admin systemd[858]: Started podman-1550.scope.
Oct 03 16:40:25 baseweed-admin weston[929]: [16:40:25.176] qdwin: layer-shell mapped ns=qdshell-background-pipewire-1 layer=2 at 2560,0 640x480
Oct 03 16:40:25 baseweed-admin systemd[858]: Started podman-1591.scope.
Oct 03 16:40:25 baseweed-admin weston[929]: [16:40:25.770] qdwin: layer-shell mapped ns=qdshell-bar-content-pipewire-1 layer=2 at 2560,0 640x31
Oct 03 16:40:26 baseweed-admin weston[929]: [16:40:26.070] qdwin: layer-shell mapped ns=qdshell-bar-exclusion-top-pipewire-1 layer=2 at 2560,0 640x31
Oct 03 16:40:26 baseweed-admin weston[929]: [16:40:26.508] qdwin: layer-shell mapped ns=qdshell-dock-peek-Virtual-1 layer=2 at 0,1079 1920x1
Oct 03 16:40:26 baseweed-admin weston[929]: [16:40:26.870] qdwin: layer-shell mapped ns=qdshell-dock-peek-pipewire-0 layer=2 at 1920,479 640x1
Oct 03 16:40:27 baseweed-admin weston[929]: [16:40:27.510] qdwin: layer-shell mapped ns=qdshell-dock-peek-pipewire-1 layer=2 at 2560,479 640x1
Oct 03 16:40:27 baseweed-admin systemd[858]: Started podman-1876.scope.
Oct 03 16:40:27 baseweed-admin weston[929]: [16:40:27.759] qdwin: layer-shell mapped ns=qdshell-image-cache-renderer layer=2 at 960,540 1x1
Oct 03 16:40:27 baseweed-admin dbus-run-session[1026]:   WARN scene: QML Connections at qs:/usr/share/quickshell/qdshell/Modules/Bar/Widgets/Taskbar.qml[981:3]: Detected function "onPinnedAppsChanged" in Connections element. This is probably intended to be a signal handler but no signal of the target matches the name.
Oct 03 16:40:27 baseweed-admin dbus-run-session[1026]:   WARN scene: QML Connections at qs:/usr/share/quickshell/qdshell/Modules/Bar/Widgets/Taskbar.qml[981:3]: Detected function "onPinnedAppsChanged" in Connections element. This is probably intended to be a signal handler but no signal of the target matches the name.
Oct 03 16:40:27 baseweed-admin dbus-run-session[1026]:   WARN scene: QML Connections at qs:/usr/share/quickshell/qdshell/Modules/Bar/Widgets/Taskbar.qml[981:3]: Detected function "onPinnedAppsChanged" in Connections element. This is probably intended to be a signal handler but no signal of the target matches the name.
Oct 03 16:40:27 baseweed-admin dbus-run-session[1026]:   WARN: Could not load icon "user-desktop?fallback=application-x-executable" at size QSize(19, 19) from request
Oct 03 16:40:27 baseweed-admin dbus-run-session[1026]:   WARN scene: qs:/usr/share/quickshell/qdshell/Modules/Bar/Widgets/Taskbar.qml[982:5]: Unable to assign QJSValue to QObject*
Oct 03 16:40:27 baseweed-admin dbus-run-session[1026]:   WARN scene: qs:/usr/share/quickshell/qdshell/Modules/Bar/Widgets/Taskbar.qml[982:5]: Unable to assign QJSValue to QObject*
Oct 03 16:40:27 baseweed-admin dbus-run-session[1026]:   WARN scene: qs:/usr/share/quickshell/qdshell/Modules/Bar/Widgets/Taskbar.qml[982:5]: Unable to assign QJSValue to QObject*
Oct 03 16:40:27 baseweed-admin dbus-run-session[1026]:   WARN scene: @Services/Control/HooksService.qml[17:5]: Unable to assign QJSValue to QObject*
Oct 03 16:40:27 baseweed-admin dbus-run-session[1026]:   WARN scene: @Services/Location/NightLightService.qml[97:5]: Unable to assign QJSValue to QObject*
Oct 03 16:40:27 baseweed-admin dbus-run-session[1026]:   INFO qml: [20261003-164027]    ColorScheme Applying color scheme: Qdshell (default)
Oct 03 16:40:28 baseweed-admin dbus-run-session[1026]:   INFO qml: [20261003-164028]           Time Time jump detected (9s) - likely system resume
Oct 03 16:40:28 baseweed-admin dbus-run-session[1026]:   INFO qml: [20261003-164028]        Network System resumed - forcing state poll
Oct 03 16:40:28 baseweed-admin dbus-run-session[1026]:   INFO qml: [20261003-164028]     SystemStat System resumed - resetting differential state
Oct 03 16:40:28 baseweed-admin dbus-run-session[1026]:   INFO qml: [20261003-164028] DarkModeServic System resumed - re-evaluating dark mode
Oct 03 16:40:28 baseweed-admin dbus-run-session[1026]:   INFO qml: [20261003-164028]     NightLight System resumed - re-applying night light
Oct 03 16:40:28 baseweed-admin dbus-run-session[1026]:   INFO qml: [20261003-164028]      Bluetooth System resumed - forcing state poll
Oct 03 16:40:28 baseweed-admin dbus-run-session[1026]:   INFO qml: [20261003-164028]           Font Service started
Oct 03 16:40:28 baseweed-admin systemd[858]: qdistro-polkit-agent.service: Scheduled restart job, restart counter is at 4.
Oct 03 16:40:28 baseweed-admin systemd[858]: Started qdistro polkit authentication agent (PAM / fprintd / broker).
Oct 03 16:40:28 baseweed-admin dbus-run-session[1026]:  ERROR qml: [20261003-164028]  PluginService Empty response from Qdshell Plugins
Oct 03 16:40:28 baseweed-admin dbus-run-session[1026]:  ERROR qml: [20261003-164028]  PluginService Failed to fetch registry from Qdshell Plugins - exit code: 1
Oct 03 16:40:28 baseweed-admin systemd[858]: Started podman-2034.scope.
Oct 03 16:40:28 baseweed-admin qdistro-polkit-agent[2046]: registration failed: org.freedesktop.PolicyKit1.Error.Failed: Cannot determine session the caller is in
Oct 03 16:40:28 baseweed-admin python3[2046]: qdistro-polkit-agent: registration failed: org.freedesktop.PolicyKit1.Error.Failed: Cannot determine session the caller is in
Oct 03 16:40:28 baseweed-admin systemd[858]: qdistro-polkit-agent.service: Main process exited, code=exited, status=1/FAILURE
Oct 03 16:40:28 baseweed-admin systemd[858]: qdistro-polkit-agent.service: Failed with result 'exit-code'.
Oct 03 16:40:28 baseweed-admin systemd[858]: Started podman-2084.scope.
Oct 03 16:40:28 baseweed-admin systemd[858]: Started podman-2114.scope.
Oct 03 16:40:28 baseweed-admin dbus-run-session[1026]:   INFO qml: [20261003-164028]        PodApps cache refresh loaded 0 apps
Oct 03 16:40:28 baseweed-admin weston[929]: [16:40:28.809] qdwin: layer-shell get_layer_surface ns=qdshell-osd-Virtual-1 layer=3 output=0x56254d294ba0
Oct 03 16:40:28 baseweed-admin weston[929]: [16:40:28.809] qdwin: layer-shell configure ns=qdshell-osd-Virtual-1 layer=3 box=1591,40 320x72 serial=14
Oct 03 16:40:28 baseweed-admin weston[929]: [16:40:28.809] qdwin: layer-shell get_layer_surface ns=qdshell-osd-pipewire-0 layer=3 output=0x56254d296000
Oct 03 16:40:28 baseweed-admin weston[929]: [16:40:28.809] qdwin: layer-shell configure ns=qdshell-osd-pipewire-0 layer=3 box=2231,40 320x72 serial=15
Oct 03 16:40:28 baseweed-admin weston[929]: [16:40:28.809] qdwin: layer-shell get_layer_surface ns=qdshell-osd-pipewire-1 layer=3 output=0x56254d2bb900
Oct 03 16:40:28 baseweed-admin weston[929]: [16:40:28.809] qdwin: layer-shell configure ns=qdshell-osd-pipewire-1 layer=3 box=2871,40 320x72 serial=16
Oct 03 16:40:28 baseweed-admin dbus-run-session[1026]:   WARN qml: [20261003-164028]        Network Connectivity check error: Error: Not authorized to recheck connectivity.
Oct 03 16:40:29 baseweed-admin weston[929]: [16:40:29.248] qdwin: layer-shell mapped ns=qdshell-osd-Virtual-1 layer=3 at 1591,40 320x72
Oct 03 16:40:29 baseweed-admin weston[929]: [16:40:29.411] qdwin: layer-shell mapped ns=qdshell-osd-pipewire-0 layer=3 at 2231,40 320x72
Oct 03 16:40:30 baseweed-admin weston[929]: [16:40:30.084] qdwin: layer-shell mapped ns=qdshell-osd-pipewire-1 layer=3 at 2871,40 320x72
Oct 03 16:40:30 baseweed-admin dbus-run-session[1026]:   INFO qml: [20261003-164030]           Font Loaded 11 fonts, 3 monospace
Oct 03 16:40:30 baseweed-admin weston[929]: [16:40:30.182] qdwin: layer-shell get_layer_surface ns=qdshell-wallpaper-Virtual-1 layer=0 output=0x56254d294ba0
Oct 03 16:40:30 baseweed-admin weston[929]: [16:40:30.183] qdwin: layer-shell configure ns=qdshell-wallpaper-Virtual-1 layer=0 box=0,0 1920x1080 serial=17
Oct 03 16:40:30 baseweed-admin weston[929]: [16:40:30.183] qdwin: layer-shell get_layer_surface ns=qdshell-wallpaper-pipewire-0 layer=0 output=0x56254d296000
Oct 03 16:40:30 baseweed-admin weston[929]: [16:40:30.183] qdwin: layer-shell configure ns=qdshell-wallpaper-pipewire-0 layer=0 box=1920,0 640x480 serial=18
Oct 03 16:40:30 baseweed-admin weston[929]: [16:40:30.183] qdwin: layer-shell get_layer_surface ns=qdshell-wallpaper-pipewire-1 layer=0 output=0x56254d2bb900
Oct 03 16:40:30 baseweed-admin weston[929]: [16:40:30.183] qdwin: layer-shell configure ns=qdshell-wallpaper-pipewire-1 layer=0 box=2560,0 640x480 serial=19
Oct 03 16:40:30 baseweed-admin weston[929]: [16:40:30.786] qdwin: layer-shell mapped ns=qdshell-wallpaper-Virtual-1 layer=0 at 0,0 1920x1080
Oct 03 16:40:31 baseweed-admin weston[929]: [16:40:31.272] qdwin: layer-shell mapped ns=qdshell-wallpaper-pipewire-0 layer=0 at 1920,0 640x480
Oct 03 16:40:31 baseweed-admin systemd[858]: qdistro-polkit-agent.service: Scheduled restart job, restart counter is at 5.
Oct 03 16:40:31 baseweed-admin systemd[858]: Started qdistro polkit authentication agent (PAM / fprintd / broker).
Oct 03 16:40:31 baseweed-admin weston[929]: [16:40:31.631] qdwin: layer-shell mapped ns=qdshell-wallpaper-pipewire-1 layer=0 at 2560,0 640x480
Oct 03 16:40:31 baseweed-admin dbus-run-session[1026]:   WARN: Process failed to start, likely because the binary could not be found. Command: QList("bluetoothctl", "show")
Oct 03 16:40:31 baseweed-admin qdistro-polkit-agent[2232]: registration failed: org.freedesktop.PolicyKit1.Error.Failed: Cannot determine session the caller is in
Oct 03 16:40:31 baseweed-admin python3[2232]: qdistro-polkit-agent: registration failed: org.freedesktop.PolicyKit1.Error.Failed: Cannot determine session the caller is in
Oct 03 16:40:31 baseweed-admin systemd[858]: qdistro-polkit-agent.service: Main process exited, code=exited, status=1/FAILURE
Oct 03 16:40:31 baseweed-admin systemd[858]: qdistro-polkit-agent.service: Failed with result 'exit-code'.
Oct 03 16:40:32 baseweed-admin dbus-run-session[1026]:   WARN qml: [20261003-164032]     SystemStat No supported temperature sensor found
Oct 03 16:40:32 baseweed-admin dbus-run-session[1026]:   INFO qml: [20261003-164032] DarkModeServic Resume retry - re-evaluating dark mode again
Oct 03 16:40:32 baseweed-admin dbus-run-session[1026]:   INFO qml: [20261003-164032]     NightLight Resume retry - re-applying night light again
Oct 03 16:40:33 baseweed-admin dbus-run-session[1026]:   WARN: Process failed to start, likely because the binary could not be found. Command: QList("bluetoothctl", "show")
Oct 03 16:40:33 baseweed-admin dbus-run-session[1026]:   WARN: Process failed to start, likely because the binary could not be found. Command: QList("bluetoothctl", "show")
Oct 03 16:40:34 baseweed-admin systemd[858]: selinux: avc:  denied  { start } for auid=n/a uid=1000 gid=1000 cmdline="podman image exists localhost/tier3s-probe:empty" function="method_start_transient_unit" scontext=system_u:system_r:virt_qemu_ga_t:s0 tcontext=unconfined_u:unconfined_r:unconfined_t:s0-s0:c0.c1023 tclass=system permissive=1
Oct 03 16:40:34 baseweed-admin systemd[858]: qdistro-polkit-agent.service: Scheduled restart job, restart counter is at 6.
Oct 03 16:40:34 baseweed-admin systemd[858]: Started podman-2534.scope.
Oct 03 16:40:34 baseweed-admin systemd[858]: Started qdistro polkit authentication agent (PAM / fprintd / broker).
Oct 03 16:40:35 baseweed-admin systemd[858]: Started podman-2550.scope.
Oct 03 16:40:35 baseweed-admin qdistro-polkit-agent[2542]: registration failed: org.freedesktop.PolicyKit1.Error.Failed: Cannot determine session the caller is in
Oct 03 16:40:35 baseweed-admin python3[2542]: qdistro-polkit-agent: registration failed: org.freedesktop.PolicyKit1.Error.Failed: Cannot determine session the caller is in
Oct 03 16:40:35 baseweed-admin systemd[858]: qdistro-polkit-agent.service: Main process exited, code=exited, status=1/FAILURE
Oct 03 16:40:35 baseweed-admin systemd[858]: qdistro-polkit-agent.service: Failed with result 'exit-code'.
Oct 03 16:40:35 baseweed-admin podman[2550]: 2026-10-03 16:40:35.472009371 +0000 UTC m=+0.462229804 image tag 842fb4c0d3eb81da27f0671bcbb9567b796f855e23e72e0c383b9d77dd250af1 localhost/tier3s-probe:empty
Oct 03 16:40:35 baseweed-admin systemd[858]: Started podman-2574.scope.
Oct 03 16:40:35 baseweed-admin podman[2574]: 2026-10-03 16:40:35.527619809 +0000 UTC m=+0.026459229 image pull 842fb4c0d3eb81da27f0671bcbb9567b796f855e23e72e0c383b9d77dd250af1 localhost/tier3s-probe:empty
Oct 03 16:40:35 baseweed-admin podman[2574]: 2026-10-03 16:40:35.644817456 +0000 UTC m=+0.143656866 container create 7caa2e5cdd051bed810320bede9ef76ccaa33d88741d0f61a394dbd32c2850bf (image=localhost/tier3s-probe:empty, name=tier3s-probe-2398)
Oct 03 16:40:35 baseweed-admin dbus-run-session[1026]:   WARN: Process failed to start, likely because the binary could not be found. Command: QList("bluetoothctl", "show")
Oct 03 16:40:35 baseweed-admin systemd[858]: Started podman-2595.scope.
Oct 03 16:40:35 baseweed-admin systemd[858]: Started podman-2608.scope.
Oct 03 16:40:35 baseweed-admin systemd[858]: Started podman-2619.scope.
Oct 03 16:40:35 baseweed-admin podman[2619]: 2026-10-03 16:40:35.946081547 +0000 UTC m=+0.164898139 container remove 7caa2e5cdd051bed810320bede9ef76ccaa33d88741d0f61a394dbd32c2850bf (image=localhost/tier3s-probe:empty, name=tier3s-probe-2398)
Oct 03 16:40:36 baseweed-admin systemd[858]: Started podman-2686.scope.
Oct 03 16:40:36 baseweed-admin systemd[858]: Started podman-2697.scope.
Oct 03 16:40:37 baseweed-admin dbus-run-session[1026]:   WARN: Process failed to start, likely because the binary could not be found. Command: QList("bluetoothctl", "show")
Oct 03 16:40:38 baseweed-admin systemd[858]: qdistro-polkit-agent.service: Scheduled restart job, restart counter is at 7.
Oct 03 16:40:38 baseweed-admin systemd[858]: Started qdistro polkit authentication agent (PAM / fprintd / broker).
Oct 03 16:40:38 baseweed-admin qdistro-polkit-agent[2713]: registration failed: org.freedesktop.PolicyKit1.Error.Failed: Cannot determine session the caller is in
Oct 03 16:40:38 baseweed-admin python3[2713]: qdistro-polkit-agent: registration failed: org.freedesktop.PolicyKit1.Error.Failed: Cannot determine session the caller is in
Oct 03 16:40:38 baseweed-admin systemd[858]: qdistro-polkit-agent.service: Main process exited, code=exited, status=1/FAILURE
Oct 03 16:40:38 baseweed-admin systemd[858]: qdistro-polkit-agent.service: Failed with result 'exit-code'.
Oct 03 16:40:39 baseweed-admin dbus-run-session[1026]:   WARN: Process failed to start, likely because the binary could not be found. Command: QList("bluetoothctl", "show")
Oct 03 16:40:40 baseweed-admin dbus-run-session[1026]:   WARN qml: [20261003-164040]       Location Weather is still fetching
Oct 03 16:40:40 baseweed-admin dbus-run-session[1026]:  ERROR qml: [20261003-164040]       Location Geocoding error: 0
Oct 03 16:40:41 baseweed-admin systemd[858]: qdistro-polkit-agent.service: Scheduled restart job, restart counter is at 8.
Oct 03 16:40:41 baseweed-admin systemd[858]: Started qdistro polkit authentication agent (PAM / fprintd / broker).
Oct 03 16:40:41 baseweed-admin dbus-run-session[1026]:   WARN: Process failed to start, likely because the binary could not be found. Command: QList("bluetoothctl", "show")
Oct 03 16:40:41 baseweed-admin qdistro-polkit-agent[2736]: registration failed: org.freedesktop.PolicyKit1.Error.Failed: Cannot determine session the caller is in
Oct 03 16:40:41 baseweed-admin python3[2736]: qdistro-polkit-agent: registration failed: org.freedesktop.PolicyKit1.Error.Failed: Cannot determine session the caller is in
Oct 03 16:40:41 baseweed-admin systemd[858]: qdistro-polkit-agent.service: Main process exited, code=exited, status=1/FAILURE
Oct 03 16:40:41 baseweed-admin systemd[858]: qdistro-polkit-agent.service: Failed with result 'exit-code'.
Oct 03 16:40:43 baseweed-admin dbus-run-session[1026]:   WARN: Process failed to start, likely because the binary could not be found. Command: QList("bluetoothctl", "show")
Oct 03 16:40:44 baseweed-admin systemd[858]: qdistro-polkit-agent.service: Scheduled restart job, restart counter is at 9.
Oct 03 16:40:44 baseweed-admin systemd[858]: Started qdistro polkit authentication agent (PAM / fprintd / broker).
Oct 03 16:40:44 baseweed-admin qdistro-polkit-agent[2759]: registration failed: org.freedesktop.PolicyKit1.Error.Failed: Cannot determine session the caller is in
Oct 03 16:40:44 baseweed-admin python3[2759]: qdistro-polkit-agent: registration failed: org.freedesktop.PolicyKit1.Error.Failed: Cannot determine session the caller is in
Oct 03 16:40:44 baseweed-admin systemd[858]: qdistro-polkit-agent.service: Main process exited, code=exited, status=1/FAILURE
Oct 03 16:40:44 baseweed-admin systemd[858]: qdistro-polkit-agent.service: Failed with result 'exit-code'.
Oct 03 16:40:45 baseweed-admin dbus-run-session[1026]:   WARN qml: [20261003-164045]        Network Connectivity check error: Error: Not authorized to recheck connectivity.
Oct 03 16:40:45 baseweed-admin dbus-run-session[1026]:   WARN: Process failed to start, likely because the binary could not be found. Command: QList("bluetoothctl", "show")
Oct 03 16:40:47 baseweed-admin dbus-run-session[1026]:   WARN: Process failed to start, likely because the binary could not be found. Command: QList("bluetoothctl", "show")
Oct 03 16:40:48 baseweed-admin systemd[858]: qdistro-polkit-agent.service: Scheduled restart job, restart counter is at 10.
Oct 03 16:40:48 baseweed-admin systemd[858]: Started qdistro polkit authentication agent (PAM / fprintd / broker).
Oct 03 16:40:48 baseweed-admin qdistro-polkit-agent[2829]: registration failed: org.freedesktop.PolicyKit1.Error.Failed: Cannot determine session the caller is in
Oct 03 16:40:48 baseweed-admin python3[2829]: qdistro-polkit-agent: registration failed: org.freedesktop.PolicyKit1.Error.Failed: Cannot determine session the caller is in
Oct 03 16:40:48 baseweed-admin systemd[858]: qdistro-polkit-agent.service: Main process exited, code=exited, status=1/FAILURE
Oct 03 16:40:48 baseweed-admin systemd[858]: qdistro-polkit-agent.service: Failed with result 'exit-code'.
Oct 03 16:40:49 baseweed-admin dbus-run-session[1026]:   WARN: Process failed to start, likely because the binary could not be found. Command: QList("bluetoothctl", "show")
Oct 03 16:40:50 baseweed-admin dbus-run-session[1026]:   INFO qml: [20261003-164050]        PodApps cache refresh loaded 0 apps
Oct 03 16:40:51 baseweed-admin systemd[858]: qdistro-polkit-agent.service: Scheduled restart job, restart counter is at 11.
Oct 03 16:40:51 baseweed-admin systemd[858]: Started qdistro polkit authentication agent (PAM / fprintd / broker).
Oct 03 16:40:51 baseweed-admin dbus-run-session[1026]:   WARN: Process failed to start, likely because the binary could not be found. Command: QList("bluetoothctl", "show")
Oct 03 16:40:51 baseweed-admin qdistro-polkit-agent[2911]: registration failed: org.freedesktop.PolicyKit1.Error.Failed: Cannot determine session the caller is in
Oct 03 16:40:51 baseweed-admin python3[2911]: qdistro-polkit-agent: registration failed: org.freedesktop.PolicyKit1.Error.Failed: Cannot determine session the caller is in
Oct 03 16:40:51 baseweed-admin systemd[858]: qdistro-polkit-agent.service: Main process exited, code=exited, status=1/FAILURE
Oct 03 16:40:51 baseweed-admin systemd[858]: qdistro-polkit-agent.service: Failed with result 'exit-code'.
Oct 03 16:40:53 baseweed-admin dbus-run-session[1026]:   WARN: Process failed to start, likely because the binary could not be found. Command: QList("bluetoothctl", "show")
Oct 03 16:40:54 baseweed-admin systemd[858]: qdistro-polkit-agent.service: Scheduled restart job, restart counter is at 12.
Oct 03 16:40:54 baseweed-admin systemd[858]: Started qdistro polkit authentication agent (PAM / fprintd / broker).
Oct 03 16:40:54 baseweed-admin qdistro-polkit-agent[2926]: registration failed: org.freedesktop.PolicyKit1.Error.Failed: Cannot determine session the caller is in
Oct 03 16:40:54 baseweed-admin python3[2926]: qdistro-polkit-agent: registration failed: org.freedesktop.PolicyKit1.Error.Failed: Cannot determine session the caller is in
Oct 03 16:40:54 baseweed-admin systemd[858]: qdistro-polkit-agent.service: Main process exited, code=exited, status=1/FAILURE
Oct 03 16:40:54 baseweed-admin systemd[858]: qdistro-polkit-agent.service: Failed with result 'exit-code'.
Oct 03 16:40:55 baseweed-admin dbus-run-session[1026]:   WARN: Process failed to start, likely because the binary could not be found. Command: QList("bluetoothctl", "show")
Oct 03 16:40:57 baseweed-admin dbus-run-session[1026]:   WARN: Process failed to start, likely because the binary could not be found. Command: QList("bluetoothctl", "show")
Oct 03 16:40:57 baseweed-admin dbus-run-session[1026]:   WARN qml: [20261003-164057]        Network Connectivity check error: Error: Not authorized to recheck connectivity.
Oct 03 16:40:58 baseweed-admin systemd[858]: qdistro-polkit-agent.service: Scheduled restart job, restart counter is at 13.
Oct 03 16:40:58 baseweed-admin systemd[858]: Started qdistro polkit authentication agent (PAM / fprintd / broker).
Oct 03 16:40:58 baseweed-admin qdistro-polkit-agent[2966]: registration failed: org.freedesktop.PolicyKit1.Error.Failed: Cannot determine session the caller is in
Oct 03 16:40:58 baseweed-admin python3[2966]: qdistro-polkit-agent: registration failed: org.freedesktop.PolicyKit1.Error.Failed: Cannot determine session the caller is in
Oct 03 16:40:58 baseweed-admin systemd[858]: qdistro-polkit-agent.service: Main process exited, code=exited, status=1/FAILURE
Oct 03 16:40:58 baseweed-admin systemd[858]: qdistro-polkit-agent.service: Failed with result 'exit-code'.
Oct 03 16:40:59 baseweed-admin dbus-run-session[1026]:   WARN: Process failed to start, likely because the binary could not be found. Command: QList("bluetoothctl", "show")
Oct 03 16:41:00 baseweed-admin dbus-run-session[1026]:   WARN qml: [20261003-164100]       Location Weather is still fetching
Oct 03 16:41:00 baseweed-admin dbus-run-session[1026]:  ERROR qml: [20261003-164100]       Location Geocoding error: 0
Oct 03 16:41:01 baseweed-admin systemd[858]: qdistro-polkit-agent.service: Scheduled restart job, restart counter is at 14.
Oct 03 16:41:01 baseweed-admin systemd[858]: Started qdistro polkit authentication agent (PAM / fprintd / broker).
Oct 03 16:41:01 baseweed-admin qdistro-polkit-agent[2980]: registration failed: org.freedesktop.PolicyKit1.Error.Failed: Cannot determine session the caller is in
Oct 03 16:41:01 baseweed-admin python3[2980]: qdistro-polkit-agent: registration failed: org.freedesktop.PolicyKit1.Error.Failed: Cannot determine session the caller is in
Oct 03 16:41:01 baseweed-admin systemd[858]: qdistro-polkit-agent.service: Main process exited, code=exited, status=1/FAILURE
Oct 03 16:41:01 baseweed-admin systemd[858]: qdistro-polkit-agent.service: Failed with result 'exit-code'.
Oct 03 16:41:01 baseweed-admin dbus-run-session[1026]:   WARN: Process failed to start, likely because the binary could not be found. Command: QList("bluetoothctl", "show")
Oct 03 16:41:03 baseweed-admin dbus-run-session[1026]:   WARN: Process failed to start, likely because the binary could not be found. Command: QList("bluetoothctl", "show")
Oct 03 16:41:04 baseweed-admin systemd[858]: qdistro-polkit-agent.service: Scheduled restart job, restart counter is at 15.
Oct 03 16:41:04 baseweed-admin systemd[858]: Started qdistro polkit authentication agent (PAM / fprintd / broker).
Oct 03 16:41:04 baseweed-admin qdistro-polkit-agent[2995]: registration failed: org.freedesktop.PolicyKit1.Error.Failed: Cannot determine session the caller is in
Oct 03 16:41:04 baseweed-admin python3[2995]: qdistro-polkit-agent: registration failed: org.freedesktop.PolicyKit1.Error.Failed: Cannot determine session the caller is in
Oct 03 16:41:04 baseweed-admin systemd[858]: qdistro-polkit-agent.service: Main process exited, code=exited, status=1/FAILURE
Oct 03 16:41:04 baseweed-admin systemd[858]: qdistro-polkit-agent.service: Failed with result 'exit-code'.
Oct 03 16:41:05 baseweed-admin podman[2697]: 2026-10-03 16:41:05.487014282 +0000 UTC m=+29.016479397 image loadfromarchive 1eee52a21ad86f065d227988b4ff8e279fe838e4ed84ee77f2aed0d372deae92 /var/tmp/t3s-img/image.oci.tar
Oct 03 16:41:05 baseweed-admin systemd[858]: podman-2697.scope: Consumed 3.796s CPU time over 28.988s wall clock time.
Oct 03 16:41:05 baseweed-admin systemd[858]: Started podman-3003.scope.
Oct 03 16:41:05 baseweed-admin systemd[858]: Started podman-3016.scope.
Oct 03 16:41:05 baseweed-admin dbus-run-session[1026]:   WARN: Process failed to start, likely because the binary could not be found. Command: QList("bluetoothctl", "show")
Oct 03 16:41:05 baseweed-admin systemd[858]: Started podman-3037.scope.
Oct 03 16:41:06 baseweed-admin systemd[858]: Started podman-3058.scope.
Oct 03 16:41:06 baseweed-admin systemd[858]: Started podman-3069.scope.
Oct 03 16:41:07 baseweed-admin dbus-run-session[1026]:   WARN: Process failed to start, likely because the binary could not be found. Command: QList("bluetoothctl", "show")
Oct 03 16:41:07 baseweed-admin systemd[858]: qdistro-polkit-agent.service: Scheduled restart job, restart counter is at 16.
Oct 03 16:41:07 baseweed-admin systemd[858]: Started qdistro polkit authentication agent (PAM / fprintd / broker).
Oct 03 16:41:07 baseweed-admin qdistro-polkit-agent[3085]: registration failed: org.freedesktop.PolicyKit1.Error.Failed: Cannot determine session the caller is in
Oct 03 16:41:07 baseweed-admin python3[3085]: qdistro-polkit-agent: registration failed: org.freedesktop.PolicyKit1.Error.Failed: Cannot determine session the caller is in
Oct 03 16:41:07 baseweed-admin systemd[858]: qdistro-polkit-agent.service: Main process exited, code=exited, status=1/FAILURE
Oct 03 16:41:07 baseweed-admin systemd[858]: qdistro-polkit-agent.service: Failed with result 'exit-code'.
Oct 03 16:41:09 baseweed-admin dbus-run-session[1026]:   WARN: Process failed to start, likely because the binary could not be found. Command: QList("bluetoothctl", "show")
Oct 03 16:41:11 baseweed-admin systemd[858]: qdistro-polkit-agent.service: Scheduled restart job, restart counter is at 17.
Oct 03 16:41:11 baseweed-admin systemd[858]: Started qdistro polkit authentication agent (PAM / fprintd / broker).
Oct 03 16:41:11 baseweed-admin qdistro-polkit-agent[3127]: registration failed: org.freedesktop.PolicyKit1.Error.Failed: Cannot determine session the caller is in
Oct 03 16:41:11 baseweed-admin python3[3127]: qdistro-polkit-agent: registration failed: org.freedesktop.PolicyKit1.Error.Failed: Cannot determine session the caller is in
Oct 03 16:41:11 baseweed-admin systemd[858]: qdistro-polkit-agent.service: Main process exited, code=exited, status=1/FAILURE
Oct 03 16:41:11 baseweed-admin systemd[858]: qdistro-polkit-agent.service: Failed with result 'exit-code'.
Oct 03 16:41:11 baseweed-admin dbus-run-session[1026]:   WARN: Process failed to start, likely because the binary could not be found. Command: QList("bluetoothctl", "show")
Oct 03 16:41:12 baseweed-admin dbus-run-session[1026]:   WARN qml: [20261003-164112]        Network Connectivity check error: Error: Not authorized to recheck connectivity.
Oct 03 16:41:13 baseweed-admin dbus-run-session[1026]:   WARN: Process failed to start, likely because the binary could not be found. Command: QList("bluetoothctl", "show")
Oct 03 16:41:14 baseweed-admin systemd[858]: qdistro-polkit-agent.service: Scheduled restart job, restart counter is at 18.
Oct 03 16:41:14 baseweed-admin systemd[858]: Started qdistro polkit authentication agent (PAM / fprintd / broker).
Oct 03 16:41:14 baseweed-admin qdistro-polkit-agent[3170]: registration failed: org.freedesktop.PolicyKit1.Error.Failed: Cannot determine session the caller is in
Oct 03 16:41:14 baseweed-admin python3[3170]: qdistro-polkit-agent: registration failed: org.freedesktop.PolicyKit1.Error.Failed: Cannot determine session the caller is in
Oct 03 16:41:14 baseweed-admin systemd[858]: qdistro-polkit-agent.service: Main process exited, code=exited, status=1/FAILURE
Oct 03 16:41:14 baseweed-admin systemd[858]: qdistro-polkit-agent.service: Failed with result 'exit-code'.
Oct 03 16:41:15 baseweed-admin dbus-run-session[1026]:   WARN: Process failed to start, likely because the binary could not be found. Command: QList("bluetoothctl", "show")
Oct 03 16:41:17 baseweed-admin systemd[858]: qdistro-polkit-agent.service: Scheduled restart job, restart counter is at 19.
Oct 03 16:41:17 baseweed-admin qdistro-polkit-agent[3217]: registration failed: org.freedesktop.PolicyKit1.Error.Failed: Cannot determine session the caller is in
Oct 03 16:41:17 baseweed-admin systemd[858]: Started qdistro polkit authentication agent (PAM / fprintd / broker).
Oct 03 16:41:18 baseweed-admin dbus-run-session[1026]:   WARN: Process failed to start, likely because the binary could not be found. Command: QList("bluetoothctl", "show")
Oct 03 16:41:18 baseweed-admin python3[3217]: qdistro-polkit-agent: registration failed: org.freedesktop.PolicyKit1.Error.Failed: Cannot determine session the caller is in
Oct 03 16:41:17 baseweed-admin systemd[858]: qdistro-polkit-agent.service: Main process exited, code=exited, status=1/FAILURE
Oct 03 16:41:17 baseweed-admin systemd[858]: qdistro-polkit-agent.service: Failed with result 'exit-code'.
Oct 03 16:41:19 baseweed-admin dbus-run-session[1026]:   WARN: Process failed to start, likely because the binary could not be found. Command: QList("bluetoothctl", "show")
Oct 03 16:41:20 baseweed-admin dbus-run-session[1026]:   WARN qml: [20261003-164120]       Location Weather is still fetching
Oct 03 16:41:20 baseweed-admin dbus-run-session[1026]:  ERROR qml: [20261003-164120]       Location Geocoding error: 0
Oct 03 16:41:20 baseweed-admin systemd[858]: qdistro-polkit-agent.service: Scheduled restart job, restart counter is at 20.
Oct 03 16:41:25 baseweed-admin dbus-run-session[1026]:   WARN: Process failed to start, likely because the binary could not be found. Command: QList("bluetoothctl", "show")
Oct 03 16:41:25 baseweed-admin dbus-run-session[1026]:   WARN: Process failed to start, likely because the binary could not be found. Command: QList("bluetoothctl", "show")
Oct 03 16:41:20 baseweed-admin systemd[858]: Started qdistro polkit authentication agent (PAM / fprintd / broker).
Oct 03 16:41:25 baseweed-admin dbus-run-session[1026]:   INFO qml: [20261003-164125]        PodApps cache refresh loaded 0 apps
Oct 03 16:41:25 baseweed-admin dbus-run-session[1026]:   WARN: Process failed to start, likely because the binary could not be found. Command: QList("bluetoothctl", "show")
Oct 03 16:41:25 baseweed-admin qdistro-polkit-agent[3226]: registration failed: org.freedesktop.PolicyKit1.Error.Failed: Cannot determine session the caller is in
Oct 03 16:41:25 baseweed-admin python3[3226]: qdistro-polkit-agent: registration failed: org.freedesktop.PolicyKit1.Error.Failed: Cannot determine session the caller is in
Oct 03 16:41:25 baseweed-admin systemd[858]: qdistro-polkit-agent.service: Main process exited, code=exited, status=1/FAILURE
Oct 03 16:41:25 baseweed-admin systemd[858]: qdistro-polkit-agent.service: Failed with result 'exit-code'.
Oct 03 16:41:26 baseweed-admin podman[3069]: 2026-10-03 16:41:26.443882695 +0000 UTC m=+19.728432485 image loadfromarchive c1cfa112ea7171ba1c62d14d9adda09e40b530bd9f5b3e76cfaf4e29ff0b345e /var/tmp/t3s-img/tier3s-weston-terminal.oci.tar
Oct 03 16:41:26 baseweed-admin systemd[858]: podman-3069.scope: Consumed 11.132s CPU time over 19.713s wall clock time.
Oct 03 16:41:26 baseweed-admin systemd[858]: Started podman-3298.scope.
Oct 03 16:41:26 baseweed-admin systemd[858]: Started podman-3310.scope.
Oct 03 16:41:26 baseweed-admin systemd[858]: Started podman-3321.scope.
Oct 03 16:41:26 baseweed-admin systemd[858]: selinux: avc:  denied  { status } for auid=n/a uid=1000 gid=1000 path="/home/admin/.config/systemd/user/qdshell.service" cmdline="" function="mac_selinux_filter" scontext=system_u:system_r:virt_qemu_ga_t:s0 tcontext=system_u:object_r:config_home_t:s0 tclass=service permissive=1
Oct 03 16:41:27 baseweed-admin systemd[858]: Started podman-3402.scope.
Oct 03 16:41:27 baseweed-admin dbus-run-session[1026]:   WARN: Process failed to start, likely because the binary could not be found. Command: QList("bluetoothctl", "show")
Oct 03 16:41:27 baseweed-admin dbus-run-session[1026]:   WARN qml: [20261003-164127]        Network Connectivity check error: Error: Not authorized to recheck connectivity.
Oct 03 16:41:28 baseweed-admin systemd[858]: qdistro-polkit-agent.service: Scheduled restart job, restart counter is at 21.
Oct 03 16:41:28 baseweed-admin systemd[858]: Started podman-3976.scope.
Oct 03 16:41:28 baseweed-admin systemd[858]: Started qdistro polkit authentication agent (PAM / fprintd / broker).
Oct 03 16:41:28 baseweed-admin systemd[858]: Started podman-3989.scope.
Oct 03 16:41:28 baseweed-admin qdistro-polkit-agent[3985]: registration failed: org.freedesktop.PolicyKit1.Error.Failed: Cannot determine session the caller is in
Oct 03 16:41:28 baseweed-admin python3[3985]: qdistro-polkit-agent: registration failed: org.freedesktop.PolicyKit1.Error.Failed: Cannot determine session the caller is in
Oct 03 16:41:28 baseweed-admin systemd[858]: qdistro-polkit-agent.service: Main process exited, code=exited, status=1/FAILURE
Oct 03 16:41:28 baseweed-admin systemd[858]: qdistro-polkit-agent.service: Failed with result 'exit-code'.
Oct 03 16:41:28 baseweed-admin podman[3989]: 2026-10-03 16:41:28.817841202 +0000 UTC m=+0.031423747 image pull 842fb4c0d3eb81da27f0671bcbb9567b796f855e23e72e0c383b9d77dd250af1 localhost/tier3s-probe:empty
Oct 03 16:41:28 baseweed-admin podman[3989]: 2026-10-03 16:41:28.907405583 +0000 UTC m=+0.120988118 container create e0bf709dad291d577b0ffc42a6868a5458f17011cb16cad64a6eeb16fb1ba086 (image=localhost/tier3s-probe:empty, name=tier3s-probe-3833)
Oct 03 16:41:28 baseweed-admin systemd[858]: Started podman-4001.scope.
Oct 03 16:41:28 baseweed-admin systemd[858]: Started podman-4012.scope.
Oct 03 16:41:29 baseweed-admin systemd[858]: Started podman-4022.scope.
Oct 03 16:41:29 baseweed-admin podman[4022]: 2026-10-03 16:41:29.141881673 +0000 UTC m=+0.133166624 container remove e0bf709dad291d577b0ffc42a6868a5458f17011cb16cad64a6eeb16fb1ba086 (image=localhost/tier3s-probe:empty, name=tier3s-probe-3833)
Oct 03 16:41:29 baseweed-admin systemd[858]: Started podman-4036.scope.
Oct 03 16:41:29 baseweed-admin systemd[858]: Started podman-4068.scope.
Oct 03 16:41:29 baseweed-admin systemd[858]: Started podman-4479.scope.
Oct 03 16:41:29 baseweed-admin dbus-run-session[1026]:   WARN: Process failed to start, likely because the binary could not be found. Command: QList("bluetoothctl", "show")
Oct 03 16:41:29 baseweed-admin systemd[858]: Started podman-4516.scope.
Oct 03 16:41:30 baseweed-admin systemd[858]: Started podman-4721.scope.
Oct 03 16:41:30 baseweed-admin systemd[858]: Started podman-4733.scope.
Oct 03 16:41:30 baseweed-admin podman[4733]: 2026-10-03 16:41:30.852708129 +0000 UTC m=+0.027024134 image pull 842fb4c0d3eb81da27f0671bcbb9567b796f855e23e72e0c383b9d77dd250af1 localhost/tier3s-probe:empty
Oct 03 16:41:30 baseweed-admin podman[4733]: 2026-10-03 16:41:30.950721713 +0000 UTC m=+0.125037758 container create cdd3d2e7212f2652bc4b8e201f982e66d8504e29c36ac7dad8097072fca0eec0 (image=localhost/tier3s-probe:empty, name=tier3s-probe-4585)
Oct 03 16:41:30 baseweed-admin systemd[858]: Started podman-4744.scope.
Oct 03 16:41:31 baseweed-admin systemd[858]: Started podman-4755.scope.
Oct 03 16:41:31 baseweed-admin systemd[858]: Started podman-4766.scope.
Oct 03 16:41:31 baseweed-admin podman[4766]: 2026-10-03 16:41:31.157319881 +0000 UTC m=+0.120566890 container remove cdd3d2e7212f2652bc4b8e201f982e66d8504e29c36ac7dad8097072fca0eec0 (image=localhost/tier3s-probe:empty, name=tier3s-probe-4585)
Oct 03 16:41:31 baseweed-admin qdistro-tier3s-silo-launch[4778]: [resolve-binding] silo 's127a' is untemplated (no binding)
Oct 03 16:41:31 baseweed-admin systemd[858]: Started podman-4809.scope.
Oct 03 16:41:31 baseweed-admin dbus-run-session[1026]:   WARN: Process failed to start, likely because the binary could not be found. Command: QList("bluetoothctl", "show")
Oct 03 16:41:31 baseweed-admin systemd[858]: Started podman-4845.scope.
Oct 03 16:41:31 baseweed-admin weston[929]: [16:41:31.758] qdwin/secctx: helper pid=4865 launcher parent pid=4856 exe unreadable; falling back to verified root-parent + stable-starttime attestation
Oct 03 16:41:31 baseweed-admin weston[929]: [16:41:31.775] qdwin/secctx: helper pid=4865 launcher parent pid=4856 exe unreadable; falling back to verified root-parent + stable-starttime attestation
Oct 03 16:41:31 baseweed-admin weston[929]: [16:41:31.776] qdwin/secctx: helper pid=4865 launcher parent pid=4856 exe unreadable; falling back to verified root-parent + stable-starttime attestation
Oct 03 16:41:31 baseweed-admin weston[929]: [16:41:31.776] qdwin/secctx: helper pid=4865 launcher parent pid=4856 exe unreadable; falling back to verified root-parent + stable-starttime attestation
Oct 03 16:41:31 baseweed-admin weston[929]: [16:41:31.776] qdwin/secctx: manager bound by uid=1000 pid=4865 (helper)
Oct 03 16:41:31 baseweed-admin weston[929]: [16:41:31.777] qdwin/secctx: committed engine=qdistro.tier3s app_id=qdistro.tier3s.s127a instance_id=4630c4db645ed4e87610b5ba786de85a listen_fd=72 close_fd=73
Oct 03 16:41:31 baseweed-admin weston[929]: [16:41:31.852] qdwin/secctx: client accepted engine=qdistro.tier3s app_id=qdistro.tier3s.s127a instance_id=4630c4db645ed4e87610b5ba786de85a (total tagged: 1)
Oct 03 16:41:32 baseweed-admin systemd[858]: qdistro-polkit-agent.service: Scheduled restart job, restart counter is at 22.
Oct 03 16:41:32 baseweed-admin systemd[858]: Started qdistro polkit authentication agent (PAM / fprintd / broker).
Oct 03 16:41:32 baseweed-admin qdistro-polkit-agent[4880]: registration failed: org.freedesktop.PolicyKit1.Error.Failed: Cannot determine session the caller is in
Oct 03 16:41:32 baseweed-admin python3[4880]: qdistro-polkit-agent: registration failed: org.freedesktop.PolicyKit1.Error.Failed: Cannot determine session the caller is in
Oct 03 16:41:32 baseweed-admin systemd[858]: qdistro-polkit-agent.service: Main process exited, code=exited, status=1/FAILURE
Oct 03 16:41:32 baseweed-admin systemd[858]: qdistro-polkit-agent.service: Failed with result 'exit-code'.
Oct 03 16:41:32 baseweed-admin systemd[858]: Started podman-4888.scope.
Oct 03 16:41:32 baseweed-admin podman[4911]: 2026-10-03 16:41:32.270236752 +0000 UTC m=+0.019934068 image pull c1cfa112ea7171ba1c62d14d9adda09e40b530bd9f5b3e76cfaf4e29ff0b345e localhost/qdistro/tier3s-weston-terminal:latest
Oct 03 16:41:33 baseweed-admin dbus-run-session[1026]:   WARN: Process failed to start, likely because the binary could not be found. Command: QList("bluetoothctl", "show")
Oct 03 16:41:35 baseweed-admin systemd[858]: qdistro-polkit-agent.service: Scheduled restart job, restart counter is at 23.
Oct 03 16:41:35 baseweed-admin systemd[858]: Started qdistro polkit authentication agent (PAM / fprintd / broker).
Oct 03 16:41:35 baseweed-admin qdistro-polkit-agent[4975]: registration failed: org.freedesktop.PolicyKit1.Error.Failed: Cannot determine session the caller is in
Oct 03 16:41:35 baseweed-admin python3[4975]: qdistro-polkit-agent: registration failed: org.freedesktop.PolicyKit1.Error.Failed: Cannot determine session the caller is in
Oct 03 16:41:35 baseweed-admin systemd[858]: qdistro-polkit-agent.service: Main process exited, code=exited, status=1/FAILURE
Oct 03 16:41:35 baseweed-admin systemd[858]: qdistro-polkit-agent.service: Failed with result 'exit-code'.
Oct 03 16:41:35 baseweed-admin dbus-run-session[1026]:   WARN: Process failed to start, likely because the binary could not be found. Command: QList("bluetoothctl", "show")
Oct 03 16:41:37 baseweed-admin dbus-run-session[1026]:   WARN: Process failed to start, likely because the binary could not be found. Command: QList("bluetoothctl", "show")
Oct 03 16:41:38 baseweed-admin podman[4911]: 2026-10-03 16:41:38.243273021 +0000 UTC m=+5.992970317 container create 3d7cf04fed8413c18929c409c6ce6a954018133c2b809822854d39f5150d68f8 (image=localhost/qdistro/tier3s-weston-terminal:latest, name=qdistro-tier3s-s127a, org.opencontainers.image.created=2026-09-30T20:05:54.126624488Z, org.qdistro.snapshot=20260930, org.openbuildservice.disturl=obs://build.opensuse.org/openSUSE:Factory/images/561f9d4c8e4e1a441f95ad4ec6b5a914-opensuse-tumbleweed-image:docker, org.opencontainers.image.url=https://www.opensuse.org, org.opensuse.lifecycle-url=https://en.opensuse.org/Lifetime, org.opensuse.base.created=2026-09-30T20:05:54.126624488Z, org.opensuse.base.version=20260930.37.208, org.opensuse.base.vendor=openSUSE Project, org.opencontainers.image.description=Image containing a minimal environment for containers based on openSUSE Tumbleweed., qdistro_tier3s_token=4630c4db645ed4e87610b5ba786de85a, io.buildah.version=1.44.1, qdistro_tier3s_unit=qdistro-tier3s-silo@s127a.service, org.opensuse.base.title=openSUSE Tumbleweed Base Container, org.opensuse.base.disturl=obs://build.opensuse.org/openSUSE:Factory/images/561f9d4c8e4e1a441f95ad4ec6b5a914-opensuse-tumbleweed-image:docker, org.opensuse.reference=registry.opensuse.org/opensuse/tumbleweed:20260930.37.208, org.opencontainers.image.version=20260930.37.208, org.qdistro.tier3s.workload=weston-terminal, org.opensuse.base.lifecycle-url=https://en.opensuse.org/Lifetime, org.opencontainers.image.vendor=openSUSE Project, org.opencontainers.image.source=https://build.opensuse.org/package/show/openSUSE:Factory/opensuse-tumbleweed-image?rev=561f9d4c8e4e1a441f95ad4ec6b5a914, org.opensuse.base.description=Image containing a minimal environment for containers based on openSUSE Tumbleweed., org.opensuse.base.source=https://build.opensuse.org/package/show/openSUSE:Factory/opensuse-tumbleweed-image?rev=561f9d4c8e4e1a441f95ad4ec6b5a914, org.opencontainers.image.title=openSUSE Tumbleweed Base Container, org.opensuse.base.url=https://www.opensuse.org, org.opensuse.base.reference=registry.opensuse.org/opensuse/tumbleweed:20260930.37.208)
Oct 03 16:41:38 baseweed-admin systemd[858]: qdistro-polkit-agent.service: Scheduled restart job, restart counter is at 24.
Oct 03 16:41:38 baseweed-admin systemd[858]: Started qdistro polkit authentication agent (PAM / fprintd / broker).
Oct 03 16:41:38 baseweed-admin podman[4911]: 2026-10-03 16:41:38.617727204 +0000 UTC m=+6.367424510 container init 3d7cf04fed8413c18929c409c6ce6a954018133c2b809822854d39f5150d68f8 (image=localhost/qdistro/tier3s-weston-terminal:latest, name=qdistro-tier3s-s127a, org.opensuse.base.disturl=obs://build.opensuse.org/openSUSE:Factory/images/561f9d4c8e4e1a441f95ad4ec6b5a914-opensuse-tumbleweed-image:docker, org.opencontainers.image.description=Image containing a minimal environment for containers based on openSUSE Tumbleweed., org.opencontainers.image.vendor=openSUSE Project, qdistro_tier3s_token=4630c4db645ed4e87610b5ba786de85a, io.buildah.version=1.44.1, org.opensuse.base.description=Image containing a minimal environment for containers based on openSUSE Tumbleweed., org.opensuse.base.reference=registry.opensuse.org/opensuse/tumbleweed:20260930.37.208, qdistro_tier3s_unit=qdistro-tier3s-silo@s127a.service, org.opensuse.base.title=openSUSE Tumbleweed Base Container, org.opencontainers.image.source=https://build.opensuse.org/package/show/openSUSE:Factory/opensuse-tumbleweed-image?rev=561f9d4c8e4e1a441f95ad4ec6b5a914, org.opensuse.reference=registry.opensuse.org/opensuse/tumbleweed:20260930.37.208, org.opensuse.base.url=https://www.opensuse.org, org.opencontainers.image.created=2026-09-30T20:05:54.126624488Z, org.opensuse.base.vendor=openSUSE Project, org.opensuse.lifecycle-url=https://en.opensuse.org/Lifetime, org.opencontainers.image.url=https://www.opensuse.org, org.qdistro.tier3s.workload=weston-terminal, org.opencontainers.image.title=openSUSE Tumbleweed Base Container, org.opensuse.base.lifecycle-url=https://en.opensuse.org/Lifetime, org.opensuse.base.source=https://build.opensuse.org/package/show/openSUSE:Factory/opensuse-tumbleweed-image?rev=561f9d4c8e4e1a441f95ad4ec6b5a914, org.qdistro.snapshot=20260930, org.opensuse.base.version=20260930.37.208, org.opencontainers.image.version=20260930.37.208, org.opensuse.base.created=2026-09-30T20:05:54.126624488Z, org.openbuildservice.disturl=obs://build.opensuse.org/openSUSE:Factory/images/561f9d4c8e4e1a441f95ad4ec6b5a914-opensuse-tumbleweed-image:docker)
Oct 03 16:41:38 baseweed-admin podman[4911]: 2026-10-03 16:41:38.662465127 +0000 UTC m=+6.412162443 container start 3d7cf04fed8413c18929c409c6ce6a954018133c2b809822854d39f5150d68f8 (image=localhost/qdistro/tier3s-weston-terminal:latest, name=qdistro-tier3s-s127a, org.opencontainers.image.vendor=openSUSE Project, qdistro_tier3s_token=4630c4db645ed4e87610b5ba786de85a, io.buildah.version=1.44.1, org.opencontainers.image.source=https://build.opensuse.org/package/show/openSUSE:Factory/opensuse-tumbleweed-image?rev=561f9d4c8e4e1a441f95ad4ec6b5a914, org.opencontainers.image.version=20260930.37.208, org.qdistro.snapshot=20260930, org.opensuse.base.version=20260930.37.208, qdistro_tier3s_unit=qdistro-tier3s-silo@s127a.service, org.opensuse.base.title=openSUSE Tumbleweed Base Container, org.opensuse.base.description=Image containing a minimal environment for containers based on openSUSE Tumbleweed., org.opencontainers.image.created=2026-09-30T20:05:54.126624488Z, org.opensuse.base.created=2026-09-30T20:05:54.126624488Z, org.opencontainers.image.url=https://www.opensuse.org, org.opencontainers.image.description=Image containing a minimal environment for containers based on openSUSE Tumbleweed., org.opensuse.base.disturl=obs://build.opensuse.org/openSUSE:Factory/images/561f9d4c8e4e1a441f95ad4ec6b5a914-opensuse-tumbleweed-image:docker, org.opensuse.lifecycle-url=https://en.opensuse.org/Lifetime, org.opensuse.reference=registry.opensuse.org/opensuse/tumbleweed:20260930.37.208, org.opensuse.base.reference=registry.opensuse.org/opensuse/tumbleweed:20260930.37.208, org.opensuse.base.source=https://build.opensuse.org/package/show/openSUSE:Factory/opensuse-tumbleweed-image?rev=561f9d4c8e4e1a441f95ad4ec6b5a914, org.opensuse.base.vendor=openSUSE Project, org.openbuildservice.disturl=obs://build.opensuse.org/openSUSE:Factory/images/561f9d4c8e4e1a441f95ad4ec6b5a914-opensuse-tumbleweed-image:docker, org.opensuse.base.lifecycle-url=https://en.opensuse.org/Lifetime, org.opensuse.base.url=https://www.opensuse.org, org.qdistro.tier3s.workload=weston-terminal, org.opencontainers.image.title=openSUSE Tumbleweed Base Container)
Oct 03 16:41:38 baseweed-admin qdistro-polkit-agent[5038]: registration failed: org.freedesktop.PolicyKit1.Error.Failed: Cannot determine session the caller is in
Oct 03 16:41:38 baseweed-admin python3[5038]: qdistro-polkit-agent: registration failed: org.freedesktop.PolicyKit1.Error.Failed: Cannot determine session the caller is in
Oct 03 16:41:38 baseweed-admin systemd[858]: qdistro-polkit-agent.service: Main process exited, code=exited, status=1/FAILURE
Oct 03 16:41:38 baseweed-admin systemd[858]: qdistro-polkit-agent.service: Failed with result 'exit-code'.
Oct 03 16:41:38 baseweed-admin qdistro-tier3s-s127a[4993]: could not load cursor 'dnd-move'
Oct 03 16:41:38 baseweed-admin qdistro-tier3s-s127a[4993]: could not load cursor 'dnd-copy'
Oct 03 16:41:38 baseweed-admin qdistro-tier3s-s127a[4993]: could not load cursor 'dnd-none'
Oct 03 16:41:38 baseweed-admin weston[929]: [16:41:38.910] qdwin: toplevel_added handle=1 uid=1000 pid=4868 app_id=(null) title=""
Oct 03 16:41:38 baseweed-admin weston[929]: [16:41:38.911] qdwin: toplevel_security_context handle=1 engine=qdistro.tier3s app_id=qdistro.tier3s.s127a instance=4630c4db645ed4e87610b5ba786de85a
Oct 03 16:41:38 baseweed-admin weston[929]: [16:41:38.911] qdwin: toplevel_peer_identity handle=1 pid=4868 starttime=8535 uid=1000 exe=/usr/bin/waypipe label=system_u:system_r:unconfined_service_t:s0
Oct 03 16:41:38 baseweed-admin weston[929]: [16:41:38.911] qdwin: holding_released handle=1 via default_toplevel_policy (held → normal)
Oct 03 16:41:38 baseweed-admin weston[929]: [16:41:38.919] Detected an unmapped surface or view in the layer list, which should not occur.
Oct 03 16:41:38 baseweed-admin weston[929]:                Warning: the above message will not be printed again.
Oct 03 16:41:38 baseweed-admin dbus-run-session[1026]:   INFO qml: [20261003-164138]          Qdwin toplevel_security_context handle=1 engine=qdistro.tier3s app_id=qdistro.tier3s.s127a instance=4630c4db645ed4e87610b5ba786de85a
Oct 03 16:41:38 baseweed-admin dbus-run-session[1026]:   INFO qml: [20261003-164138]     Tier3sApps [tier3s] toplevel observed silo=s127a secctx=qdistro.tier3s.s127a color=#ffe54c handle=1
Oct 03 16:41:38 baseweed-admin dbus-run-session[1026]:   INFO qml: [20261003-164138]     Tier3sApps [tier3s] silo=s127a color=#ffe54c
Oct 03 16:41:38 baseweed-admin weston[929]: [16:41:38.943] qdwin: toplevel_title handle=1 title="[3s:s127a] Wayland Terminal"
Oct 03 16:41:38 baseweed-admin weston[929]: [16:41:38.943] qdwin: toplevel_app_id handle=1 app_id="org.freedesktop.weston.wayland-terminal"
Oct 03 16:41:38 baseweed-admin weston[929]: [16:41:38.943] qdwin: mapped handle=1 size=806x491 pos=557,310 (normal)
Oct 03 16:41:38 baseweed-admin weston[929]: [16:41:38.943] qdwin: focus handle=1 (was 4294967295) seat=default
Oct 03 16:41:38 baseweed-admin weston[929]: [16:41:38.943] qdwin: seat_focus_changed seat=default handle=1
Oct 03 16:41:38 baseweed-admin dbus-run-session[1026]:   WARN: Could not load icon "org.freedesktop.weston.wayland-terminal?fallback=application-x-executable" at size QSize(19, 19) from request
Oct 03 16:41:40 baseweed-admin dbus-run-session[1026]:   WARN: Process failed to start, likely because the binary could not be found. Command: QList("bluetoothctl", "show")
Oct 03 16:41:40 baseweed-admin dbus-run-session[1026]:   WARN qml: [20261003-164140]       Location Weather is still fetching
Oct 03 16:41:40 baseweed-admin dbus-run-session[1026]:  ERROR qml: [20261003-164140]       Location Geocoding error: 0
Oct 03 16:41:41 baseweed-admin qdistro-tier3s-silo-launch[4911]: could not load cursor 'dnd-move'
Oct 03 16:41:41 baseweed-admin qdistro-tier3s-silo-launch[4911]: could not load cursor 'dnd-copy'
Oct 03 16:41:41 baseweed-admin qdistro-tier3s-silo-launch[4911]: could not load cursor 'dnd-none'
Oct 03 16:41:41 baseweed-admin podman[4911]: 2026-10-03 16:41:41.516375146 +0000 UTC m=+9.266072462 container attach 3d7cf04fed8413c18929c409c6ce6a954018133c2b809822854d39f5150d68f8 (image=localhost/qdistro/tier3s-weston-terminal:latest, name=qdistro-tier3s-s127a, io.buildah.version=1.44.1, qdistro_tier3s_unit=qdistro-tier3s-silo@s127a.service, org.opensuse.base.title=openSUSE Tumbleweed Base Container, org.opensuse.base.disturl=obs://build.opensuse.org/openSUSE:Factory/images/561f9d4c8e4e1a441f95ad4ec6b5a914-opensuse-tumbleweed-image:docker, org.opensuse.base.description=Image containing a minimal environment for containers based on openSUSE Tumbleweed., org.opensuse.base.reference=registry.opensuse.org/opensuse/tumbleweed:20260930.37.208, org.opencontainers.image.created=2026-09-30T20:05:54.126624488Z, org.opensuse.base.created=2026-09-30T20:05:54.126624488Z, qdistro_tier3s_token=4630c4db645ed4e87610b5ba786de85a, org.opencontainers.image.source=https://build.opensuse.org/package/show/openSUSE:Factory/opensuse-tumbleweed-image?rev=561f9d4c8e4e1a441f95ad4ec6b5a914, org.opensuse.base.version=20260930.37.208, org.openbuildservice.disturl=obs://build.opensuse.org/openSUSE:Factory/images/561f9d4c8e4e1a441f95ad4ec6b5a914-opensuse-tumbleweed-image:docker, org.opencontainers.image.url=https://www.opensuse.org, org.opencontainers.image.description=Image containing a minimal environment for containers based on openSUSE Tumbleweed., org.opencontainers.image.vendor=openSUSE Project, org.opensuse.lifecycle-url=https://en.opensuse.org/Lifetime, org.opensuse.base.url=https://www.opensuse.org, org.opencontainers.image.version=20260930.37.208, org.opensuse.base.source=https://build.opensuse.org/package/show/openSUSE:Factory/opensuse-tumbleweed-image?rev=561f9d4c8e4e1a441f95ad4ec6b5a914, org.qdistro.snapshot=20260930, org.qdistro.tier3s.workload=weston-terminal, org.opensuse.base.lifecycle-url=https://en.opensuse.org/Lifetime, org.opensuse.reference=registry.opensuse.org/opensuse/tumbleweed:20260930.37.208, org.opensuse.base.vendor=openSUSE Project, org.opencontainers.image.title=openSUSE Tumbleweed Base Container)
Oct 03 16:41:41 baseweed-admin dbus-run-session[1026]:   INFO qml: [20261003-164141]        PodApps auto-scan: qdistro-tier3s-s127a transitioned to running
Oct 03 16:41:41 baseweed-admin systemd[858]: Started podman-5076.scope.
Oct 03 16:41:41 baseweed-admin dbus-run-session[1026]:   WARN: Process failed to start, likely because the binary could not be found. Command: QList("bluetoothctl", "show")
Oct 03 16:41:41 baseweed-admin systemd[858]: Started podman-5120.scope.
Oct 03 16:41:41 baseweed-admin systemd[858]: Started podman-5130.scope.
Oct 03 16:41:41 baseweed-admin systemd[858]: qdistro-polkit-agent.service: Scheduled restart job, restart counter is at 25.
Oct 03 16:41:41 baseweed-admin systemd[858]: Started qdistro polkit authentication agent (PAM / fprintd / broker).
Oct 03 16:41:41 baseweed-admin systemd[858]: Started podman-5145.scope.
Oct 03 16:41:41 baseweed-admin systemd[858]: Started podman-5190.scope.
Oct 03 16:41:41 baseweed-admin qdistro-polkit-agent[5141]: registration failed: org.freedesktop.PolicyKit1.Error.Failed: Cannot determine session the caller is in
Oct 03 16:41:41 baseweed-admin python3[5141]: qdistro-polkit-agent: registration failed: org.freedesktop.PolicyKit1.Error.Failed: Cannot determine session the caller is in
Oct 03 16:41:41 baseweed-admin systemd[858]: qdistro-polkit-agent.service: Main process exited, code=exited, status=1/FAILURE
Oct 03 16:41:41 baseweed-admin systemd[858]: qdistro-polkit-agent.service: Failed with result 'exit-code'.
Oct 03 16:41:42 baseweed-admin systemd[858]: Started podman-5393.scope.
Oct 03 16:41:42 baseweed-admin dbus-run-session[1026]:   WARN qml: [20261003-164142]        Network Connectivity check error: Error: Not authorized to recheck connectivity.
Oct 03 16:41:42 baseweed-admin systemd[858]: Started podman-5409.scope.
Oct 03 16:41:43 baseweed-admin podman[5409]: 2026-10-03 16:41:42.958271443 +0000 UTC m=+0.026044601 image pull 842fb4c0d3eb81da27f0671bcbb9567b796f855e23e72e0c383b9d77dd250af1 localhost/tier3s-probe:empty
Oct 03 16:41:43 baseweed-admin podman[5409]: 2026-10-03 16:41:43.141812133 +0000 UTC m=+0.209585271 container create 2c1e66f8ce5d02e16f8125d2eae7f0a9957139f793d8bb996f2700af35d2e2cb (image=localhost/tier3s-probe:empty, name=tier3s-probe-5255)
Oct 03 16:41:43 baseweed-admin systemd[858]: Started podman-5422.scope.
Oct 03 16:41:43 baseweed-admin systemd[858]: Started podman-5434.scope.
Oct 03 16:41:43 baseweed-admin systemd[858]: Started podman-5444.scope.
Oct 03 16:41:43 baseweed-admin podman[5444]: 2026-10-03 16:41:43.517245268 +0000 UTC m=+0.258675486 container remove 2c1e66f8ce5d02e16f8125d2eae7f0a9957139f793d8bb996f2700af35d2e2cb (image=localhost/tier3s-probe:empty, name=tier3s-probe-5255)
Oct 03 16:41:43 baseweed-admin qdistro-tier3s-silo-launch[5457]: [resolve-binding] silo 's127b' is untemplated (no binding)
Oct 03 16:41:43 baseweed-admin dbus-run-session[1026]:   WARN: Process failed to start, likely because the binary could not be found. Command: QList("bluetoothctl", "show")
Oct 03 16:41:43 baseweed-admin systemd[858]: Started podman-5538.scope.
Oct 03 16:41:43 baseweed-admin podman[5494]: 2026-10-03 16:41:43.877093019 +0000 UTC m=+0.218429621 container exec 3d7cf04fed8413c18929c409c6ce6a954018133c2b809822854d39f5150d68f8 (image=localhost/qdistro/tier3s-weston-terminal:latest, name=qdistro-tier3s-s127a, org.opensuse.base.title=openSUSE Tumbleweed Base Container, org.opensuse.lifecycle-url=https://en.opensuse.org/Lifetime, org.opencontainers.image.title=openSUSE Tumbleweed Base Container, org.opensuse.base.source=https://build.opensuse.org/package/show/openSUSE:Factory/opensuse-tumbleweed-image?rev=561f9d4c8e4e1a441f95ad4ec6b5a914, org.qdistro.tier3s.workload=weston-terminal, org.opencontainers.image.url=https://www.opensuse.org, org.opencontainers.image.version=20260930.37.208, org.opensuse.reference=registry.opensuse.org/opensuse/tumbleweed:20260930.37.208, qdistro_tier3s_unit=qdistro-tier3s-silo@s127a.service, org.opencontainers.image.created=2026-09-30T20:05:54.126624488Z, org.opencontainers.image.vendor=openSUSE Project, org.opensuse.base.disturl=obs://build.opensuse.org/openSUSE:Factory/images/561f9d4c8e4e1a441f95ad4ec6b5a914-opensuse-tumbleweed-image:docker, org.opensuse.base.reference=registry.opensuse.org/opensuse/tumbleweed:20260930.37.208, io.buildah.version=1.44.1, org.openbuildservice.disturl=obs://build.opensuse.org/openSUSE:Factory/images/561f9d4c8e4e1a441f95ad4ec6b5a914-opensuse-tumbleweed-image:docker, org.opensuse.base.description=Image containing a minimal environment for containers based on openSUSE Tumbleweed., org.opencontainers.image.description=Image containing a minimal environment for containers based on openSUSE Tumbleweed., org.opensuse.base.url=https://www.opensuse.org, org.opensuse.base.version=20260930.37.208, org.opensuse.base.lifecycle-url=https://en.opensuse.org/Lifetime, org.opencontainers.image.source=https://build.opensuse.org/package/show/openSUSE:Factory/opensuse-tumbleweed-image?rev=561f9d4c8e4e1a441f95ad4ec6b5a914, org.opensuse.base.vendor=openSUSE Project, org.qdistro.snapshot=20260930, qdistro_tier3s_token=4630c4db645ed4e87610b5ba786de85a, org.opensuse.base.created=2026-09-30T20:05:54.126624488Z)
Oct 03 16:41:43 baseweed-admin conmon[5549]: conmon 3d7cf04fed8413c18929 <nwarn>: Failed to open cgroups file: /sys/fs/cgroup/user.slice/user-1000.slice/user@1000.service/app.slice/qdshell.service/memory.events
Oct 03 16:41:44 baseweed-admin podman[5564]: 2026-10-03 16:41:44.010119124 +0000 UTC m=+0.105933407 container exec_died 3d7cf04fed8413c18929c409c6ce6a954018133c2b809822854d39f5150d68f8 (image=localhost/qdistro/tier3s-weston-terminal:latest, name=qdistro-tier3s-s127a, org.opensuse.base.url=https://www.opensuse.org, org.opencontainers.image.version=20260930.37.208, org.opensuse.base.lifecycle-url=https://en.opensuse.org/Lifetime, io.buildah.version=1.44.1, org.opensuse.base.source=https://build.opensuse.org/package/show/openSUSE:Factory/opensuse-tumbleweed-image?rev=561f9d4c8e4e1a441f95ad4ec6b5a914, org.opensuse.base.reference=registry.opensuse.org/opensuse/tumbleweed:20260930.37.208, org.opensuse.base.title=openSUSE Tumbleweed Base Container, org.opensuse.base.vendor=openSUSE Project, org.qdistro.tier3s.workload=weston-terminal, org.opensuse.base.description=Image containing a minimal environment for containers based on openSUSE Tumbleweed., qdistro_tier3s_token=4630c4db645ed4e87610b5ba786de85a, org.opencontainers.image.url=https://www.opensuse.org, org.opencontainers.image.description=Image containing a minimal environment for containers based on openSUSE Tumbleweed., org.qdistro.snapshot=20260930, org.opencontainers.image.title=openSUSE Tumbleweed Base Container, org.opencontainers.image.created=2026-09-30T20:05:54.126624488Z, org.opencontainers.image.vendor=openSUSE Project, execID=3ac2e0555a29956ca514987dd360535951299ad579e098008bbbaf6fef8f2e8e, org.opensuse.lifecycle-url=https://en.opensuse.org/Lifetime, org.opensuse.base.version=20260930.37.208, org.opensuse.reference=registry.opensuse.org/opensuse/tumbleweed:20260930.37.208, org.opencontainers.image.source=https://build.opensuse.org/package/show/openSUSE:Factory/opensuse-tumbleweed-image?rev=561f9d4c8e4e1a441f95ad4ec6b5a914, org.opensuse.base.disturl=obs://build.opensuse.org/openSUSE:Factory/images/561f9d4c8e4e1a441f95ad4ec6b5a914-opensuse-tumbleweed-image:docker, org.openbuildservice.disturl=obs://build.opensuse.org/openSUSE:Factory/images/561f9d4c8e4e1a441f95ad4ec6b5a914-opensuse-tumbleweed-image:docker, org.opensuse.base.created=2026-09-30T20:05:54.126624488Z, qdistro_tier3s_unit=qdistro-tier3s-silo@s127a.service)
Oct 03 16:41:44 baseweed-admin podman[5494]: 2026-10-03 16:41:44.078533696 +0000 UTC m=+0.419870268 container exec_died 3d7cf04fed8413c18929c409c6ce6a954018133c2b809822854d39f5150d68f8 (image=localhost/qdistro/tier3s-weston-terminal:latest, name=qdistro-tier3s-s127a, org.opencontainers.image.vendor=openSUSE Project, qdistro_tier3s_token=4630c4db645ed4e87610b5ba786de85a, org.opensuse.reference=registry.opensuse.org/opensuse/tumbleweed:20260930.37.208, org.opencontainers.image.created=2026-09-30T20:05:54.126624488Z, org.opensuse.base.version=20260930.37.208, org.opensuse.base.source=https://build.opensuse.org/package/show/openSUSE:Factory/opensuse-tumbleweed-image?rev=561f9d4c8e4e1a441f95ad4ec6b5a914, org.opensuse.base.vendor=openSUSE Project, org.opensuse.base.created=2026-09-30T20:05:54.126624488Z, qdistro_tier3s_unit=qdistro-tier3s-silo@s127a.service, org.opencontainers.image.description=Image containing a minimal environment for containers based on openSUSE Tumbleweed., org.opensuse.base.url=https://www.opensuse.org, org.opensuse.base.lifecycle-url=https://en.opensuse.org/Lifetime, io.buildah.version=1.44.1, org.opencontainers.image.source=https://build.opensuse.org/package/show/openSUSE:Factory/opensuse-tumbleweed-image?rev=561f9d4c8e4e1a441f95ad4ec6b5a914, org.qdistro.tier3s.workload=weston-terminal, org.opensuse.base.reference=registry.opensuse.org/opensuse/tumbleweed:20260930.37.208, org.opensuse.base.title=openSUSE Tumbleweed Base Container, org.openbuildservice.disturl=obs://build.opensuse.org/openSUSE:Factory/images/561f9d4c8e4e1a441f95ad4ec6b5a914-opensuse-tumbleweed-image:docker, org.qdistro.snapshot=20260930, execID=3ac2e0555a29956ca514987dd360535951299ad579e098008bbbaf6fef8f2e8e, org.opensuse.lifecycle-url=https://en.opensuse.org/Lifetime, org.opencontainers.image.url=https://www.opensuse.org, org.opencontainers.image.version=20260930.37.208, org.opensuse.base.description=Image containing a minimal environment for containers based on openSUSE Tumbleweed., org.opensuse.base.disturl=obs://build.opensuse.org/openSUSE:Factory/images/561f9d4c8e4e1a441f95ad4ec6b5a914-opensuse-tumbleweed-image:docker, org.opencontainers.image.title=openSUSE Tumbleweed Base Container)
Oct 03 16:41:44 baseweed-admin systemd[858]: Started podman-5598.scope.
Oct 03 16:41:44 baseweed-admin dbus-run-session[1026]:   INFO qml: [20261003-164144]        PodApps cache refresh loaded 0 apps
Oct 03 16:41:44 baseweed-admin weston[929]: [16:41:44.208] qdwin/secctx: helper pid=5623 launcher parent pid=5611 exe unreadable; falling back to verified root-parent + stable-starttime attestation
Oct 03 16:41:44 baseweed-admin weston[929]: [16:41:44.209] qdwin/secctx: helper pid=5623 launcher parent pid=5611 exe unreadable; falling back to verified root-parent + stable-starttime attestation
Oct 03 16:41:44 baseweed-admin weston[929]: [16:41:44.210] qdwin/secctx: helper pid=5623 launcher parent pid=5611 exe unreadable; falling back to verified root-parent + stable-starttime attestation
Oct 03 16:41:44 baseweed-admin weston[929]: [16:41:44.210] qdwin/secctx: helper pid=5623 launcher parent pid=5611 exe unreadable; falling back to verified root-parent + stable-starttime attestation
Oct 03 16:41:44 baseweed-admin weston[929]: [16:41:44.210] qdwin/secctx: manager bound by uid=1000 pid=5623 (helper)
Oct 03 16:41:44 baseweed-admin weston[929]: [16:41:44.210] qdwin/secctx: committed engine=qdistro.tier3s app_id=qdistro.tier3s.s127b instance_id=6b3642d5b943c035f503719f4e34294e listen_fd=80 close_fd=81
Oct 03 16:41:44 baseweed-admin weston[929]: [16:41:44.213] qdwin/secctx: client accepted engine=qdistro.tier3s app_id=qdistro.tier3s.s127b instance_id=6b3642d5b943c035f503719f4e34294e (total tagged: 2)
Oct 03 16:41:44 baseweed-admin systemd[858]: Started podman-5641.scope.
Oct 03 16:41:44 baseweed-admin podman[5662]: 2026-10-03 16:41:44.360620479 +0000 UTC m=+0.026174319 image pull c1cfa112ea7171ba1c62d14d9adda09e40b530bd9f5b3e76cfaf4e29ff0b345e localhost/qdistro/tier3s-weston-terminal:latest
Oct 03 16:41:44 baseweed-admin podman[5662]: 2026-10-03 16:41:44.465065778 +0000 UTC m=+0.130619588 container create fef0095bec624f88ed3a33c94251b97a6ce537283b6fee602d662ce109f641b8 (image=localhost/qdistro/tier3s-weston-terminal:latest, name=qdistro-tier3s-s127b, org.opensuse.base.title=openSUSE Tumbleweed Base Container, org.qdistro.tier3s.workload=weston-terminal, org.opencontainers.image.url=https://www.opensuse.org, org.opencontainers.image.vendor=openSUSE Project, org.opensuse.base.description=Image containing a minimal environment for containers based on openSUSE Tumbleweed., qdistro_tier3s_unit=qdistro-tier3s-silo@s127b.service, org.opensuse.base.url=https://www.opensuse.org, io.buildah.version=1.44.1, org.opensuse.base.version=20260930.37.208, org.opensuse.reference=registry.opensuse.org/opensuse/tumbleweed:20260930.37.208, org.opensuse.base.lifecycle-url=https://en.opensuse.org/Lifetime, org.qdistro.snapshot=20260930, org.opencontainers.image.title=openSUSE Tumbleweed Base Container, org.opensuse.base.source=https://build.opensuse.org/package/show/openSUSE:Factory/opensuse-tumbleweed-image?rev=561f9d4c8e4e1a441f95ad4ec6b5a914, org.opencontainers.image.description=Image containing a minimal environment for containers based on openSUSE Tumbleweed., org.opensuse.base.created=2026-09-30T20:05:54.126624488Z, org.opensuse.base.reference=registry.opensuse.org/opensuse/tumbleweed:20260930.37.208, org.opencontainers.image.version=20260930.37.208, org.opensuse.base.vendor=openSUSE Project, org.opencontainers.image.source=https://build.opensuse.org/package/show/openSUSE:Factory/opensuse-tumbleweed-image?rev=561f9d4c8e4e1a441f95ad4ec6b5a914, org.opencontainers.image.created=2026-09-30T20:05:54.126624488Z, org.openbuildservice.disturl=obs://build.opensuse.org/openSUSE:Factory/images/561f9d4c8e4e1a441f95ad4ec6b5a914-opensuse-tumbleweed-image:docker, org.opensuse.base.disturl=obs://build.opensuse.org/openSUSE:Factory/images/561f9d4c8e4e1a441f95ad4ec6b5a914-opensuse-tumbleweed-image:docker, qdistro_tier3s_token=6b3642d5b943c035f503719f4e34294e, org.opensuse.lifecycle-url=https://en.opensuse.org/Lifetime)
Oct 03 16:41:44 baseweed-admin systemd[858]: Started podman-5684.scope.
Oct 03 16:41:45 baseweed-admin systemd[858]: qdistro-polkit-agent.service: Scheduled restart job, restart counter is at 26.
Oct 03 16:41:45 baseweed-admin systemd[858]: Started qdistro polkit authentication agent (PAM / fprintd / broker).
Oct 03 16:41:45 baseweed-admin qdistro-polkit-agent[5733]: registration failed: org.freedesktop.PolicyKit1.Error.Failed: Cannot determine session the caller is in
Oct 03 16:41:45 baseweed-admin python3[5733]: qdistro-polkit-agent: registration failed: org.freedesktop.PolicyKit1.Error.Failed: Cannot determine session the caller is in
Oct 03 16:41:45 baseweed-admin systemd[858]: qdistro-polkit-agent.service: Main process exited, code=exited, status=1/FAILURE
Oct 03 16:41:45 baseweed-admin systemd[858]: qdistro-polkit-agent.service: Failed with result 'exit-code'.
Oct 03 16:41:45 baseweed-admin dbus-run-session[1026]:   WARN: Process failed to start, likely because the binary could not be found. Command: QList("bluetoothctl", "show")
Oct 03 16:41:47 baseweed-admin dbus-run-session[1026]:   WARN: Process failed to start, likely because the binary could not be found. Command: QList("bluetoothctl", "show")
Oct 03 16:41:48 baseweed-admin systemd[858]: qdistro-polkit-agent.service: Scheduled restart job, restart counter is at 27.
Oct 03 16:41:48 baseweed-admin systemd[858]: Started qdistro polkit authentication agent (PAM / fprintd / broker).
Oct 03 16:41:48 baseweed-admin qdistro-polkit-agent[5747]: registration failed: org.freedesktop.PolicyKit1.Error.Failed: Cannot determine session the caller is in
Oct 03 16:41:48 baseweed-admin python3[5747]: qdistro-polkit-agent: registration failed: org.freedesktop.PolicyKit1.Error.Failed: Cannot determine session the caller is in
Oct 03 16:41:48 baseweed-admin systemd[858]: qdistro-polkit-agent.service: Main process exited, code=exited, status=1/FAILURE
Oct 03 16:41:48 baseweed-admin systemd[858]: qdistro-polkit-agent.service: Failed with result 'exit-code'.
Oct 03 16:41:49 baseweed-admin dbus-run-session[1026]:   WARN: Process failed to start, likely because the binary could not be found. Command: QList("bluetoothctl", "show")
Oct 03 16:41:50 baseweed-admin dbus-run-session[1026]:   INFO qml: [20261003-164150]        PodApps cache refresh loaded 0 apps
Oct 03 16:41:51 baseweed-admin systemd[858]: qdistro-polkit-agent.service: Scheduled restart job, restart counter is at 28.
Oct 03 16:41:51 baseweed-admin systemd[858]: Started qdistro polkit authentication agent (PAM / fprintd / broker).
Oct 03 16:41:51 baseweed-admin dbus-run-session[1026]:   WARN: Process failed to start, likely because the binary could not be found. Command: QList("bluetoothctl", "show")
Oct 03 16:41:51 baseweed-admin qdistro-polkit-agent[5767]: registration failed: org.freedesktop.PolicyKit1.Error.Failed: Cannot determine session the caller is in
Oct 03 16:41:51 baseweed-admin python3[5767]: qdistro-polkit-agent: registration failed: org.freedesktop.PolicyKit1.Error.Failed: Cannot determine session the caller is in
Oct 03 16:41:51 baseweed-admin systemd[858]: qdistro-polkit-agent.service: Main process exited, code=exited, status=1/FAILURE
Oct 03 16:41:51 baseweed-admin systemd[858]: qdistro-polkit-agent.service: Failed with result 'exit-code'.
Oct 03 16:41:53 baseweed-admin dbus-run-session[1026]:   WARN: Process failed to start, likely because the binary could not be found. Command: QList("bluetoothctl", "show")
Oct 03 16:41:54 baseweed-admin systemd[858]: qdistro-polkit-agent.service: Scheduled restart job, restart counter is at 29.
Oct 03 16:41:54 baseweed-admin systemd[858]: Started qdistro polkit authentication agent (PAM / fprintd / broker).
Oct 03 16:41:54 baseweed-admin qdistro-polkit-agent[5792]: registration failed: org.freedesktop.PolicyKit1.Error.Failed: Cannot determine session the caller is in
Oct 03 16:41:54 baseweed-admin python3[5792]: qdistro-polkit-agent: registration failed: org.freedesktop.PolicyKit1.Error.Failed: Cannot determine session the caller is in
Oct 03 16:41:54 baseweed-admin systemd[858]: qdistro-polkit-agent.service: Main process exited, code=exited, status=1/FAILURE
Oct 03 16:41:54 baseweed-admin systemd[858]: qdistro-polkit-agent.service: Failed with result 'exit-code'.
Oct 03 16:41:55 baseweed-admin dbus-run-session[1026]:   WARN: Process failed to start, likely because the binary could not be found. Command: QList("bluetoothctl", "show")
Oct 03 16:41:57 baseweed-admin dbus-run-session[1026]:   WARN: Process failed to start, likely because the binary could not be found. Command: QList("bluetoothctl", "show")
Oct 03 16:41:57 baseweed-admin dbus-run-session[1026]:   WARN qml: [20261003-164157]        Network Connectivity check error: Error: Not authorized to recheck connectivity.
Oct 03 16:41:58 baseweed-admin systemd[858]: qdistro-polkit-agent.service: Scheduled restart job, restart counter is at 30.
Oct 03 16:41:58 baseweed-admin systemd[858]: Started qdistro polkit authentication agent (PAM / fprintd / broker).
Oct 03 16:41:58 baseweed-admin qdistro-polkit-agent[5831]: registration failed: org.freedesktop.PolicyKit1.Error.Failed: Cannot determine session the caller is in
Oct 03 16:41:58 baseweed-admin python3[5831]: qdistro-polkit-agent: registration failed: org.freedesktop.PolicyKit1.Error.Failed: Cannot determine session the caller is in
Oct 03 16:41:58 baseweed-admin systemd[858]: qdistro-polkit-agent.service: Main process exited, code=exited, status=1/FAILURE
Oct 03 16:41:58 baseweed-admin systemd[858]: qdistro-polkit-agent.service: Failed with result 'exit-code'.
Oct 03 16:41:59 baseweed-admin dbus-run-session[1026]:   WARN: Process failed to start, likely because the binary could not be found. Command: QList("bluetoothctl", "show")
Oct 03 16:42:00 baseweed-admin dbus-run-session[1026]:   WARN qml: [20261003-164200]       Location Weather is still fetching
Oct 03 16:42:00 baseweed-admin dbus-run-session[1026]:  ERROR qml: [20261003-164200]       Location Geocoding error: 0
Oct 03 16:42:01 baseweed-admin systemd[858]: qdistro-polkit-agent.service: Scheduled restart job, restart counter is at 31.
Oct 03 16:42:01 baseweed-admin systemd[858]: Started qdistro polkit authentication agent (PAM / fprintd / broker).
Oct 03 16:42:01 baseweed-admin qdistro-polkit-agent[5855]: registration failed: org.freedesktop.PolicyKit1.Error.Failed: Cannot determine session the caller is in
Oct 03 16:42:01 baseweed-admin python3[5855]: qdistro-polkit-agent: registration failed: org.freedesktop.PolicyKit1.Error.Failed: Cannot determine session the caller is in
Oct 03 16:42:01 baseweed-admin systemd[858]: qdistro-polkit-agent.service: Main process exited, code=exited, status=1/FAILURE
Oct 03 16:42:01 baseweed-admin systemd[858]: qdistro-polkit-agent.service: Failed with result 'exit-code'.
Oct 03 16:42:01 baseweed-admin dbus-run-session[1026]:   WARN: Process failed to start, likely because the binary could not be found. Command: QList("bluetoothctl", "show")
Oct 03 16:42:03 baseweed-admin podman[5662]: 2026-10-03 16:42:03.472338598 +0000 UTC m=+19.137892428 container init fef0095bec624f88ed3a33c94251b97a6ce537283b6fee602d662ce109f641b8 (image=localhost/qdistro/tier3s-weston-terminal:latest, name=qdistro-tier3s-s127b, org.opensuse.base.source=https://build.opensuse.org/package/show/openSUSE:Factory/opensuse-tumbleweed-image?rev=561f9d4c8e4e1a441f95ad4ec6b5a914, org.opensuse.base.vendor=openSUSE Project, org.opensuse.reference=registry.opensuse.org/opensuse/tumbleweed:20260930.37.208, org.opencontainers.image.title=openSUSE Tumbleweed Base Container, org.opencontainers.image.description=Image containing a minimal environment for containers based on openSUSE Tumbleweed., qdistro_tier3s_token=6b3642d5b943c035f503719f4e34294e, org.opensuse.base.description=Image containing a minimal environment for containers based on openSUSE Tumbleweed., org.opensuse.base.disturl=obs://build.opensuse.org/openSUSE:Factory/images/561f9d4c8e4e1a441f95ad4ec6b5a914-opensuse-tumbleweed-image:docker, org.opensuse.base.title=openSUSE Tumbleweed Base Container, org.opensuse.base.version=20260930.37.208, org.opencontainers.image.url=https://www.opensuse.org, org.openbuildservice.disturl=obs://build.opensuse.org/openSUSE:Factory/images/561f9d4c8e4e1a441f95ad4ec6b5a914-opensuse-tumbleweed-image:docker, qdistro_tier3s_unit=qdistro-tier3s-silo@s127b.service, org.opencontainers.image.version=20260930.37.208, org.opencontainers.image.created=2026-09-30T20:05:54.126624488Z, org.opensuse.base.reference=registry.opensuse.org/opensuse/tumbleweed:20260930.37.208, org.opensuse.base.url=https://www.opensuse.org, org.opencontainers.image.source=https://build.opensuse.org/package/show/openSUSE:Factory/opensuse-tumbleweed-image?rev=561f9d4c8e4e1a441f95ad4ec6b5a914, io.buildah.version=1.44.1, org.opensuse.lifecycle-url=https://en.opensuse.org/Lifetime, org.qdistro.snapshot=20260930, org.qdistro.tier3s.workload=weston-terminal, org.opensuse.base.created=2026-09-30T20:05:54.126624488Z, org.opensuse.base.lifecycle-url=https://en.opensuse.org/Lifetime, org.opencontainers.image.vendor=openSUSE Project)
Oct 03 16:42:03 baseweed-admin podman[5662]: 2026-10-03 16:42:03.507670861 +0000 UTC m=+19.173224671 container start fef0095bec624f88ed3a33c94251b97a6ce537283b6fee602d662ce109f641b8 (image=localhost/qdistro/tier3s-weston-terminal:latest, name=qdistro-tier3s-s127b, org.opencontainers.image.url=https://www.opensuse.org, org.opencontainers.image.created=2026-09-30T20:05:54.126624488Z, org.opensuse.base.reference=registry.opensuse.org/opensuse/tumbleweed:20260930.37.208, org.opencontainers.image.description=Image containing a minimal environment for containers based on openSUSE Tumbleweed., org.opensuse.base.version=20260930.37.208, org.qdistro.snapshot=20260930, org.opensuse.base.description=Image containing a minimal environment for containers based on openSUSE Tumbleweed., org.opensuse.base.source=https://build.opensuse.org/package/show/openSUSE:Factory/opensuse-tumbleweed-image?rev=561f9d4c8e4e1a441f95ad4ec6b5a914, org.qdistro.tier3s.workload=weston-terminal, org.opensuse.base.created=2026-09-30T20:05:54.126624488Z, org.openbuildservice.disturl=obs://build.opensuse.org/openSUSE:Factory/images/561f9d4c8e4e1a441f95ad4ec6b5a914-opensuse-tumbleweed-image:docker, org.opensuse.base.disturl=obs://build.opensuse.org/openSUSE:Factory/images/561f9d4c8e4e1a441f95ad4ec6b5a914-opensuse-tumbleweed-image:docker, org.opencontainers.image.title=openSUSE Tumbleweed Base Container, org.opensuse.base.url=https://www.opensuse.org, org.opencontainers.image.source=https://build.opensuse.org/package/show/openSUSE:Factory/opensuse-tumbleweed-image?rev=561f9d4c8e4e1a441f95ad4ec6b5a914, qdistro_tier3s_token=6b3642d5b943c035f503719f4e34294e, io.buildah.version=1.44.1, org.opensuse.lifecycle-url=https://en.opensuse.org/Lifetime, org.opensuse.base.lifecycle-url=https://en.opensuse.org/Lifetime, org.opencontainers.image.vendor=openSUSE Project, qdistro_tier3s_unit=qdistro-tier3s-silo@s127b.service, org.opencontainers.image.version=20260930.37.208, org.opensuse.base.vendor=openSUSE Project, org.opensuse.base.title=openSUSE Tumbleweed Base Container, org.opensuse.reference=registry.opensuse.org/opensuse/tumbleweed:20260930.37.208)
Oct 03 16:42:03 baseweed-admin podman[5662]: 2026-10-03 16:42:03.518777511 +0000 UTC m=+19.184331341 container attach fef0095bec624f88ed3a33c94251b97a6ce537283b6fee602d662ce109f641b8 (image=localhost/qdistro/tier3s-weston-terminal:latest, name=qdistro-tier3s-s127b, qdistro_tier3s_unit=qdistro-tier3s-silo@s127b.service, org.opencontainers.image.title=openSUSE Tumbleweed Base Container, org.opensuse.base.vendor=openSUSE Project, org.opensuse.lifecycle-url=https://en.opensuse.org/Lifetime, org.qdistro.tier3s.workload=weston-terminal, org.opencontainers.image.created=2026-09-30T20:05:54.126624488Z, org.opensuse.base.lifecycle-url=https://en.opensuse.org/Lifetime, org.opencontainers.image.vendor=openSUSE Project, org.opencontainers.image.version=20260930.37.208, org.opensuse.base.url=https://www.opensuse.org, io.buildah.version=1.44.1, org.opensuse.base.created=2026-09-30T20:05:54.126624488Z, org.opensuse.reference=registry.opensuse.org/opensuse/tumbleweed:20260930.37.208, org.opencontainers.image.url=https://www.opensuse.org, org.openbuildservice.disturl=obs://build.opensuse.org/openSUSE:Factory/images/561f9d4c8e4e1a441f95ad4ec6b5a914-opensuse-tumbleweed-image:docker, org.opensuse.base.description=Image containing a minimal environment for containers based on openSUSE Tumbleweed., org.opensuse.base.source=https://build.opensuse.org/package/show/openSUSE:Factory/opensuse-tumbleweed-image?rev=561f9d4c8e4e1a441f95ad4ec6b5a914, org.opensuse.base.version=20260930.37.208, org.opensuse.base.reference=registry.opensuse.org/opensuse/tumbleweed:20260930.37.208, org.opencontainers.image.description=Image containing a minimal environment for containers based on openSUSE Tumbleweed., org.opencontainers.image.source=https://build.opensuse.org/package/show/openSUSE:Factory/opensuse-tumbleweed-image?rev=561f9d4c8e4e1a441f95ad4ec6b5a914, qdistro_tier3s_token=6b3642d5b943c035f503719f4e34294e, org.opensuse.base.title=openSUSE Tumbleweed Base Container, org.qdistro.snapshot=20260930, org.opensuse.base.disturl=obs://build.opensuse.org/openSUSE:Factory/images/561f9d4c8e4e1a441f95ad4ec6b5a914-opensuse-tumbleweed-image:docker)
Oct 03 16:42:03 baseweed-admin systemd[858]: Started podman-5837.scope.
Oct 03 16:42:03 baseweed-admin dbus-run-session[1026]:   INFO qml: [20261003-164203]        PodApps auto-scan: qdistro-tier3s-s127a transitioned to running
Oct 03 16:42:03 baseweed-admin dbus-run-session[1026]:   INFO qml: [20261003-164203]        PodApps auto-scan: qdistro-tier3s-s127b transitioned to running
Oct 03 16:42:03 baseweed-admin dbus-run-session[1026]:   WARN: Process failed to start, likely because the binary could not be found. Command: QList("bluetoothctl", "show")
Oct 03 16:42:03 baseweed-admin systemd[858]: Started podman-5926.scope.
Oct 03 16:42:03 baseweed-admin qdistro-tier3s-s127b[5696]: could not load cursor 'dnd-move'
Oct 03 16:42:03 baseweed-admin qdistro-tier3s-s127b[5696]: could not load cursor 'dnd-copy'
Oct 03 16:42:03 baseweed-admin qdistro-tier3s-s127b[5696]: could not load cursor 'dnd-none'
Oct 03 16:42:03 baseweed-admin qdistro-tier3s-silo-launch[5662]: could not load cursor 'dnd-move'
Oct 03 16:42:03 baseweed-admin qdistro-tier3s-silo-launch[5662]: could not load cursor 'dnd-copy'
Oct 03 16:42:03 baseweed-admin qdistro-tier3s-silo-launch[5662]: could not load cursor 'dnd-none'
Oct 03 16:42:03 baseweed-admin systemd[858]: Started podman-5970.scope.
Oct 03 16:42:03 baseweed-admin systemd[858]: Started podman-5977.scope.
Oct 03 16:42:03 baseweed-admin weston[929]: [16:42:03.817] qdwin: toplevel_added handle=2 uid=1000 pid=5624 app_id=(null) title=""
Oct 03 16:42:03 baseweed-admin weston[929]: [16:42:03.818] qdwin: toplevel_security_context handle=2 engine=qdistro.tier3s app_id=qdistro.tier3s.s127b instance=6b3642d5b943c035f503719f4e34294e
Oct 03 16:42:03 baseweed-admin weston[929]: [16:42:03.818] qdwin: toplevel_peer_identity handle=2 pid=5624 starttime=9778 uid=1000 exe=/usr/bin/waypipe label=system_u:system_r:unconfined_service_t:s0
Oct 03 16:42:03 baseweed-admin weston[929]: [16:42:03.818] qdwin: holding_released handle=2 via default_toplevel_policy (held → normal)
Oct 03 16:42:03 baseweed-admin dbus-run-session[1026]:   INFO qml: [20261003-164203]          Qdwin toplevel_security_context handle=2 engine=qdistro.tier3s app_id=qdistro.tier3s.s127b instance=6b3642d5b943c035f503719f4e34294e
Oct 03 16:42:03 baseweed-admin dbus-run-session[1026]:   INFO qml: [20261003-164203]     Tier3sApps [tier3s] toplevel observed silo=s127b secctx=qdistro.tier3s.s127b color=#64b5f6 handle=2
Oct 03 16:42:03 baseweed-admin dbus-run-session[1026]:   INFO qml: [20261003-164203]     Tier3sApps [tier3s] silo=s127b color=#64b5f6
Oct 03 16:42:03 baseweed-admin systemd[858]: Started podman-6015.scope.
Oct 03 16:42:03 baseweed-admin weston[929]: [16:42:03.855] qdwin: toplevel_title handle=2 title="[3s:s127b] Wayland Terminal"
Oct 03 16:42:03 baseweed-admin weston[929]: [16:42:03.855] qdwin: toplevel_app_id handle=2 app_id="org.freedesktop.weston.wayland-terminal"
Oct 03 16:42:03 baseweed-admin weston[929]: [16:42:03.855] qdwin: mapped handle=2 size=806x491 pos=0,31 (normal)
Oct 03 16:42:03 baseweed-admin weston[929]: [16:42:03.855] qdwin: focus handle=2 (was 1) seat=default
Oct 03 16:42:03 baseweed-admin weston[929]: [16:42:03.855] qdwin: seat_focus_changed seat=default handle=2
Oct 03 16:42:03 baseweed-admin systemd[858]: Started podman-6029.scope.
Oct 03 16:42:04 baseweed-admin qs[6047]: Detected locale "C" with character encoding "ANSI_X3.4-1968", which is not UTF-8.
                                         Qt depends on a UTF-8 locale, and has switched to "C.UTF-8" instead.
                                         If this causes problems, reconfigure your locale. See the locale(1) manual
                                         for more information.
Oct 03 16:42:04 baseweed-admin dbus-run-session[1026]:   INFO qml: [20261003-164204]  Tier3FocusIPC findSiloHandle silo=s127a → HANDLE=1
Oct 03 16:42:04 baseweed-admin qs[6055]: Detected locale "C" with character encoding "ANSI_X3.4-1968", which is not UTF-8.
                                         Qt depends on a UTF-8 locale, and has switched to "C.UTF-8" instead.
                                         If this causes problems, reconfigure your locale. See the locale(1) manual
                                         for more information.
Oct 03 16:42:04 baseweed-admin dbus-run-session[1026]:   INFO qml: [20261003-164204]  Tier3FocusIPC findSiloHandle silo=s127b → HANDLE=2
Oct 03 16:42:04 baseweed-admin qs[6073]: Detected locale "C" with character encoding "ANSI_X3.4-1968", which is not UTF-8.
                                         Qt depends on a UTF-8 locale, and has switched to "C.UTF-8" instead.
                                         If this causes problems, reconfigure your locale. See the locale(1) manual
                                         for more information.
Oct 03 16:42:04 baseweed-admin dbus-run-session[1026]:   INFO qml: [20261003-164204]  Tier3FocusIPC injectFocus handle=2 seat=default
Oct 03 16:42:04 baseweed-admin weston[929]: [16:42:04.239] qdwin: set_keyboard_focus seat=default handle=2
Oct 03 16:42:04 baseweed-admin weston[929]: [16:42:04.239] qdwin: seat_focus_changed seat=default handle=2
Oct 03 16:42:04 baseweed-admin dbus-run-session[1026]:   INFO qml: [20261003-164204]          Qdwin ipc injectFocus handle=2 seat=default
Oct 03 16:42:04 baseweed-admin weston[929]: [16:42:04.261] qdwin/secctx: helper pid=6084 launcher parent pid=6079 exe unreadable; falling back to verified root-parent + stable-starttime attestation
Oct 03 16:42:04 baseweed-admin weston[929]: [16:42:04.262] qdwin/secctx: helper pid=6084 launcher parent pid=6079 exe unreadable; falling back to verified root-parent + stable-starttime attestation
Oct 03 16:42:04 baseweed-admin weston[929]: [16:42:04.262] qdwin/secctx: helper pid=6084 launcher parent pid=6079 exe unreadable; falling back to verified root-parent + stable-starttime attestation
Oct 03 16:42:04 baseweed-admin weston[929]: [16:42:04.262] qdwin/secctx: helper pid=6084 launcher parent pid=6079 exe unreadable; falling back to verified root-parent + stable-starttime attestation
Oct 03 16:42:04 baseweed-admin weston[929]: [16:42:04.262] qdwin/secctx: manager bound by uid=1000 pid=6084 (helper)
Oct 03 16:42:04 baseweed-admin weston[929]: [16:42:04.262] qdwin/secctx: committed engine=qdistro.tier3s app_id=qdistro.tier3s.s127a instance_id=clipsrc-s127a listen_fd=88 close_fd=89
Oct 03 16:42:04 baseweed-admin weston[929]: [16:42:04.264] qdwin/secctx: client accepted engine=qdistro.tier3s app_id=qdistro.tier3s.s127a instance_id=clipsrc-s127a (total tagged: 3)
Oct 03 16:42:04 baseweed-admin weston[929]: [16:42:04.264] qdwin: v15 data_source wrap installed src=0x56254d8a9e10 seat=default
Oct 03 16:42:04 baseweed-admin weston[929]: [16:42:04.264] qdwin: selection_set_source_identity engine=qdistro.tier3s app_id=qdistro.tier3s.s127a instance=clipsrc-s127a
Oct 03 16:42:04 baseweed-admin weston[929]: [16:42:04.264] qdwin: selection_set seat=default handle=2 primary=0 mimes='text/plain'
Oct 03 16:42:04 baseweed-admin dbus-run-session[1026]:   INFO qml: [20261003-164204]  ClipboardGate CLIPBOARD_GATE seat=default src_silo=s127a dst_silo=s127b mime_types=text/plain verdict=deny reason=broker:deny
Oct 03 16:42:04 baseweed-admin weston[929]: [16:42:04.312] qdwin: v15 data_source wrap installed src=0x56254d8a8320 seat=default
Oct 03 16:42:04 baseweed-admin weston[929]: [16:42:04.312] qdwin: selection_set seat=default handle=2 primary=0 mimes='text/plain'
Oct 03 16:42:04 baseweed-admin weston[929]: [16:42:04.312] qdwin: selection_set seat=default handle=2 primary=0 mimes='text/plain'
Oct 03 16:42:04 baseweed-admin weston[929]: [16:42:04.312] qdwin: clear_selection seat=default clipboard cleared
Oct 03 16:42:04 baseweed-admin dbus-run-session[1026]:   INFO qml: [20261003-164204]  ClipboardGate CLIPBOARD_GATE seat=default src_silo=s127b dst_silo=s127b mime_types=text/plain verdict=deny reason=broker:deny
Oct 03 16:42:04 baseweed-admin weston[929]: [16:42:04.348] qdwin: selection_set seat=default handle=2 primary=0 mimes='text/plain'
Oct 03 16:42:04 baseweed-admin weston[929]: [16:42:04.348] qdwin: selection_set seat=default handle=2 primary=0 mimes='text/plain'
Oct 03 16:42:04 baseweed-admin weston[929]: [16:42:04.348] qdwin: clear_selection seat=default clipboard cleared
Oct 03 16:42:04 baseweed-admin dbus-run-session[1026]:   INFO qml: [20261003-164204]  ClipboardGate CLIPBOARD_GATE seat=default src_silo=s127b dst_silo=s127b mime_types=text/plain verdict=deny reason=broker:deny
Oct 03 16:42:04 baseweed-admin dbus-run-session[1026]:   INFO qml: [20261003-164204]  ClipboardGate CLIPBOARD_GATE seat=default src_silo=s127b dst_silo=s127b mime_types=text/plain verdict=deny reason=broker:deny
Oct 03 16:42:04 baseweed-admin dbus-run-session[1026]:   INFO qml: [20261003-164204]  ClipboardGate CLIPBOARD_GATE seat=default src_silo=s127b dst_silo=s127b mime_types=text/plain verdict=deny reason=broker:deny
Oct 03 16:42:04 baseweed-admin weston[929]: [16:42:04.554] qdwin/secctx: helper pid=6122 launcher parent pid=6117 exe unreadable; falling back to verified root-parent + stable-starttime attestation
Oct 03 16:42:04 baseweed-admin weston[929]: [16:42:04.554] qdwin/secctx: helper pid=6122 launcher parent pid=6117 exe unreadable; falling back to verified root-parent + stable-starttime attestation
Oct 03 16:42:04 baseweed-admin weston[929]: [16:42:04.555] qdwin/secctx: helper pid=6122 launcher parent pid=6117 exe unreadable; falling back to verified root-parent + stable-starttime attestation
Oct 03 16:42:04 baseweed-admin weston[929]: [16:42:04.555] qdwin/secctx: helper pid=6122 launcher parent pid=6117 exe unreadable; falling back to verified root-parent + stable-starttime attestation
Oct 03 16:42:04 baseweed-admin weston[929]: [16:42:04.555] qdwin/secctx: manager bound by uid=1000 pid=6122 (helper)
Oct 03 16:42:04 baseweed-admin weston[929]: [16:42:04.555] qdwin/secctx: committed engine=qdistro.tier3s app_id=qdistro.tier3s.s127a instance_id=clipsrc-s127a listen_fd=92 close_fd=93
Oct 03 16:42:04 baseweed-admin weston[929]: [16:42:04.555] qdwin/secctx: client accepted engine=qdistro.tier3s app_id=qdistro.tier3s.s127a instance_id=clipsrc-s127a (total tagged: 3)
Oct 03 16:42:04 baseweed-admin systemd[858]: qdistro-polkit-agent.service: Scheduled restart job, restart counter is at 32.
Oct 03 16:42:04 baseweed-admin systemd[858]: Started qdistro polkit authentication agent (PAM / fprintd / broker).
Oct 03 16:42:04 baseweed-admin qdistro-polkit-agent[6125]: registration failed: org.freedesktop.PolicyKit1.Error.Failed: Cannot determine session the caller is in
Oct 03 16:42:04 baseweed-admin python3[6125]: qdistro-polkit-agent: registration failed: org.freedesktop.PolicyKit1.Error.Failed: Cannot determine session the caller is in
Oct 03 16:42:04 baseweed-admin systemd[858]: qdistro-polkit-agent.service: Main process exited, code=exited, status=1/FAILURE
Oct 03 16:42:04 baseweed-admin systemd[858]: qdistro-polkit-agent.service: Failed with result 'exit-code'.
Oct 03 16:42:05 baseweed-admin dbus-run-session[1026]:   WARN: Process failed to start, likely because the binary could not be found. Command: QList("bluetoothctl", "show")
Oct 03 16:42:05 baseweed-admin podman[6203]: 2026-10-03 16:42:05.897303093 +0000 UTC m=+0.122627527 container exec 3d7cf04fed8413c18929c409c6ce6a954018133c2b809822854d39f5150d68f8 (image=localhost/qdistro/tier3s-weston-terminal:latest, name=qdistro-tier3s-s127a, org.opensuse.reference=registry.opensuse.org/opensuse/tumbleweed:20260930.37.208, org.opensuse.base.source=https://build.opensuse.org/package/show/openSUSE:Factory/opensuse-tumbleweed-image?rev=561f9d4c8e4e1a441f95ad4ec6b5a914, org.opensuse.base.url=https://www.opensuse.org, org.opensuse.lifecycle-url=https://en.opensuse.org/Lifetime, org.qdistro.snapshot=20260930, org.opensuse.base.reference=registry.opensuse.org/opensuse/tumbleweed:20260930.37.208, org.opencontainers.image.title=openSUSE Tumbleweed Base Container, org.opensuse.base.description=Image containing a minimal environment for containers based on openSUSE Tumbleweed., org.opensuse.base.disturl=obs://build.opensuse.org/openSUSE:Factory/images/561f9d4c8e4e1a441f95ad4ec6b5a914-opensuse-tumbleweed-image:docker, org.opensuse.base.lifecycle-url=https://en.opensuse.org/Lifetime, org.opencontainers.image.url=https://www.opensuse.org, org.opencontainers.image.version=20260930.37.208, org.opensuse.base.version=20260930.37.208, org.opensuse.base.title=openSUSE Tumbleweed Base Container, org.opencontainers.image.description=Image containing a minimal environment for containers based on openSUSE Tumbleweed., qdistro_tier3s_unit=qdistro-tier3s-silo@s127a.service, org.openbuildservice.disturl=obs://build.opensuse.org/openSUSE:Factory/images/561f9d4c8e4e1a441f95ad4ec6b5a914-opensuse-tumbleweed-image:docker, org.qdistro.tier3s.workload=weston-terminal, org.opencontainers.image.created=2026-09-30T20:05:54.126624488Z, org.opencontainers.image.vendor=openSUSE Project, org.opensuse.base.created=2026-09-30T20:05:54.126624488Z, org.opensuse.base.vendor=openSUSE Project, org.opencontainers.image.source=https://build.opensuse.org/package/show/openSUSE:Factory/opensuse-tumbleweed-image?rev=561f9d4c8e4e1a441f95ad4ec6b5a914, qdistro_tier3s_token=4630c4db645ed4e87610b5ba786de85a, io.buildah.version=1.44.1)
Oct 03 16:42:05 baseweed-admin conmon[6228]: conmon 3d7cf04fed8413c18929 <nwarn>: Failed to open cgroups file: /sys/fs/cgroup/user.slice/user-1000.slice/user@1000.service/app.slice/qdshell.service/memory.events
Oct 03 16:42:05 baseweed-admin podman[6203]: 2026-10-03 16:42:05.936698429 +0000 UTC m=+0.162022863 container exec_died 3d7cf04fed8413c18929c409c6ce6a954018133c2b809822854d39f5150d68f8 (image=localhost/qdistro/tier3s-weston-terminal:latest, name=qdistro-tier3s-s127a, org.opensuse.base.url=https://www.opensuse.org, org.opencontainers.image.version=20260930.37.208, org.opensuse.base.created=2026-09-30T20:05:54.126624488Z, org.opensuse.lifecycle-url=https://en.opensuse.org/Lifetime, org.qdistro.snapshot=20260930, org.opencontainers.image.source=https://build.opensuse.org/package/show/openSUSE:Factory/opensuse-tumbleweed-image?rev=561f9d4c8e4e1a441f95ad4ec6b5a914, io.buildah.version=1.44.1, org.openbuildservice.disturl=obs://build.opensuse.org/openSUSE:Factory/images/561f9d4c8e4e1a441f95ad4ec6b5a914-opensuse-tumbleweed-image:docker, org.qdistro.tier3s.workload=weston-terminal, org.opencontainers.image.created=2026-09-30T20:05:54.126624488Z, org.opencontainers.image.description=Image containing a minimal environment for containers based on openSUSE Tumbleweed., org.opencontainers.image.vendor=openSUSE Project, org.opensuse.base.description=Image containing a minimal environment for containers based on openSUSE Tumbleweed., qdistro_tier3s_token=4630c4db645ed4e87610b5ba786de85a, org.opensuse.base.version=20260930.37.208, org.opensuse.reference=registry.opensuse.org/opensuse/tumbleweed:20260930.37.208, org.opensuse.base.lifecycle-url=https://en.opensuse.org/Lifetime, org.opencontainers.image.url=https://www.opensuse.org, org.opensuse.base.vendor=openSUSE Project, qdistro_tier3s_unit=qdistro-tier3s-silo@s127a.service, org.opencontainers.image.title=openSUSE Tumbleweed Base Container, org.opensuse.base.disturl=obs://build.opensuse.org/openSUSE:Factory/images/561f9d4c8e4e1a441f95ad4ec6b5a914-opensuse-tumbleweed-image:docker, execID=3d4ca670e3d2b27cbacf8b0558c853e3767e8d6511939e49692b8a6200ad0c4e, org.opensuse.base.reference=registry.opensuse.org/opensuse/tumbleweed:20260930.37.208, org.opensuse.base.title=openSUSE Tumbleweed Base Container, org.opensuse.base.source=https://build.opensuse.org/package/show/openSUSE:Factory/opensuse-tumbleweed-image?rev=561f9d4c8e4e1a441f95ad4ec6b5a914)
Oct 03 16:42:05 baseweed-admin podman[6217]: 2026-10-03 16:42:05.965116592 +0000 UTC m=+0.159075520 container exec fef0095bec624f88ed3a33c94251b97a6ce537283b6fee602d662ce109f641b8 (image=localhost/qdistro/tier3s-weston-terminal:latest, name=qdistro-tier3s-s127b, org.opensuse.base.disturl=obs://build.opensuse.org/openSUSE:Factory/images/561f9d4c8e4e1a441f95ad4ec6b5a914-opensuse-tumbleweed-image:docker, org.opencontainers.image.title=openSUSE Tumbleweed Base Container, org.opensuse.base.version=20260930.37.208, qdistro_tier3s_unit=qdistro-tier3s-silo@s127b.service, org.opensuse.base.description=Image containing a minimal environment for containers based on openSUSE Tumbleweed., org.opensuse.lifecycle-url=https://en.opensuse.org/Lifetime, org.opensuse.base.source=https://build.opensuse.org/package/show/openSUSE:Factory/opensuse-tumbleweed-image?rev=561f9d4c8e4e1a441f95ad4ec6b5a914, org.opensuse.base.title=openSUSE Tumbleweed Base Container, org.opencontainers.image.source=https://build.opensuse.org/package/show/openSUSE:Factory/opensuse-tumbleweed-image?rev=561f9d4c8e4e1a441f95ad4ec6b5a914, qdistro_tier3s_token=6b3642d5b943c035f503719f4e34294e, io.buildah.version=1.44.1, org.opencontainers.image.vendor=openSUSE Project, org.opencontainers.image.created=2026-09-30T20:05:54.126624488Z, org.opensuse.base.url=https://www.opensuse.org, org.opencontainers.image.version=20260930.37.208, org.opensuse.base.created=2026-09-30T20:05:54.126624488Z, org.openbuildservice.disturl=obs://build.opensuse.org/openSUSE:Factory/images/561f9d4c8e4e1a441f95ad4ec6b5a914-opensuse-tumbleweed-image:docker, org.opencontainers.image.description=Image containing a minimal environment for containers based on openSUSE Tumbleweed., org.opensuse.base.lifecycle-url=https://en.opensuse.org/Lifetime, org.opensuse.base.reference=registry.opensuse.org/opensuse/tumbleweed:20260930.37.208, org.opensuse.base.vendor=openSUSE Project, org.qdistro.snapshot=20260930, org.opensuse.reference=registry.opensuse.org/opensuse/tumbleweed:20260930.37.208, org.qdistro.tier3s.workload=weston-terminal, org.opencontainers.image.url=https://www.opensuse.org)
Oct 03 16:42:05 baseweed-admin conmon[6249]: conmon fef0095bec624f88ed3a <nwarn>: Failed to open cgroups file: /sys/fs/cgroup/user.slice/user-1000.slice/user@1000.service/app.slice/qdshell.service/memory.events
Oct 03 16:42:06 baseweed-admin podman[6217]: 2026-10-03 16:42:06.012458408 +0000 UTC m=+0.206417336 container exec_died fef0095bec624f88ed3a33c94251b97a6ce537283b6fee602d662ce109f641b8 (image=localhost/qdistro/tier3s-weston-terminal:latest, name=qdistro-tier3s-s127b, org.opencontainers.image.description=Image containing a minimal environment for containers based on openSUSE Tumbleweed., org.qdistro.tier3s.workload=weston-terminal, org.opensuse.base.reference=registry.opensuse.org/opensuse/tumbleweed:20260930.37.208, org.opencontainers.image.url=https://www.opensuse.org, org.opensuse.base.description=Image containing a minimal environment for containers based on openSUSE Tumbleweed., org.opensuse.base.url=https://www.opensuse.org, org.opensuse.base.vendor=openSUSE Project, org.openbuildservice.disturl=obs://build.opensuse.org/openSUSE:Factory/images/561f9d4c8e4e1a441f95ad4ec6b5a914-opensuse-tumbleweed-image:docker, org.opencontainers.image.created=2026-09-30T20:05:54.126624488Z, org.opensuse.base.source=https://build.opensuse.org/package/show/openSUSE:Factory/opensuse-tumbleweed-image?rev=561f9d4c8e4e1a441f95ad4ec6b5a914, org.opensuse.base.title=openSUSE Tumbleweed Base Container, org.opensuse.base.version=20260930.37.208, org.opensuse.reference=registry.opensuse.org/opensuse/tumbleweed:20260930.37.208, execID=0dc26be4e68db5c8493060a49341cd27f3f2f45f01f388057001ea8e0de29819, org.opensuse.base.lifecycle-url=https://en.opensuse.org/Lifetime, org.opencontainers.image.vendor=openSUSE Project, org.opensuse.lifecycle-url=https://en.opensuse.org/Lifetime, org.opensuse.base.disturl=obs://build.opensuse.org/openSUSE:Factory/images/561f9d4c8e4e1a441f95ad4ec6b5a914-opensuse-tumbleweed-image:docker, org.opencontainers.image.source=https://build.opensuse.org/package/show/openSUSE:Factory/opensuse-tumbleweed-image?rev=561f9d4c8e4e1a441f95ad4ec6b5a914, org.opencontainers.image.title=openSUSE Tumbleweed Base Container, org.opencontainers.image.version=20260930.37.208, qdistro_tier3s_unit=qdistro-tier3s-silo@s127b.service, io.buildah.version=1.44.1, org.qdistro.snapshot=20260930, org.opensuse.base.created=2026-09-30T20:05:54.126624488Z, qdistro_tier3s_token=6b3642d5b943c035f503719f4e34294e)
Oct 03 16:42:06 baseweed-admin dbus-run-session[1026]:   INFO qml: [20261003-164206]        PodApps cache refresh loaded 0 apps
Oct 03 16:42:06 baseweed-admin dbus-run-session[1026]:   INFO qml: [20261003-164206]        PodApps cache refresh loaded 0 apps
Oct 03 16:42:07 baseweed-admin dbus-run-session[1026]:   WARN: Process failed to start, likely because the binary could not be found. Command: QList("bluetoothctl", "show")
Oct 03 16:42:07 baseweed-admin systemd[858]: qdistro-polkit-agent.service: Scheduled restart job, restart counter is at 33.
Oct 03 16:42:07 baseweed-admin systemd[858]: Started qdistro polkit authentication agent (PAM / fprintd / broker).
Oct 03 16:42:07 baseweed-admin qdistro-polkit-agent[6326]: registration failed: org.freedesktop.PolicyKit1.Error.Failed: Cannot determine session the caller is in
Oct 03 16:42:07 baseweed-admin python3[6326]: qdistro-polkit-agent: registration failed: org.freedesktop.PolicyKit1.Error.Failed: Cannot determine session the caller is in
Oct 03 16:42:07 baseweed-admin systemd[858]: qdistro-polkit-agent.service: Main process exited, code=exited, status=1/FAILURE
Oct 03 16:42:07 baseweed-admin systemd[858]: qdistro-polkit-agent.service: Failed with result 'exit-code'.
Oct 03 16:42:09 baseweed-admin dbus-run-session[1026]:   WARN: Process failed to start, likely because the binary could not be found. Command: QList("bluetoothctl", "show")
Oct 03 16:42:11 baseweed-admin systemd[858]: qdistro-polkit-agent.service: Scheduled restart job, restart counter is at 34.
Oct 03 16:42:11 baseweed-admin systemd[858]: Started qdistro polkit authentication agent (PAM / fprintd / broker).
Oct 03 16:42:11 baseweed-admin qdistro-polkit-agent[6392]: registration failed: org.freedesktop.PolicyKit1.Error.Failed: Cannot determine session the caller is in
Oct 03 16:42:11 baseweed-admin python3[6392]: qdistro-polkit-agent: registration failed: org.freedesktop.PolicyKit1.Error.Failed: Cannot determine session the caller is in
Oct 03 16:42:11 baseweed-admin systemd[858]: qdistro-polkit-agent.service: Main process exited, code=exited, status=1/FAILURE
Oct 03 16:42:11 baseweed-admin systemd[858]: qdistro-polkit-agent.service: Failed with result 'exit-code'.
Oct 03 16:42:11 baseweed-admin dbus-run-session[1026]:   WARN: Process failed to start, likely because the binary could not be found. Command: QList("bluetoothctl", "show")
Oct 03 16:42:12 baseweed-admin dbus-run-session[1026]:   WARN qml: [20261003-164212]        Network Connectivity check error: Error: Not authorized to recheck connectivity.
Oct 03 16:42:13 baseweed-admin dbus-run-session[1026]:   WARN: Process failed to start, likely because the binary could not be found. Command: QList("bluetoothctl", "show")
Oct 03 16:42:14 baseweed-admin systemd[858]: Started podman-6460.scope.
Oct 03 16:42:14 baseweed-admin systemd[858]: Started podman-6470.scope.
Oct 03 16:42:14 baseweed-admin systemd[858]: Started podman-6482.scope.
Oct 03 16:42:14 baseweed-admin systemd[858]: Started podman-6492.scope.
Oct 03 16:42:14 baseweed-admin systemd[858]: qdistro-polkit-agent.service: Scheduled restart job, restart counter is at 35.
Oct 03 16:42:14 baseweed-admin systemd[858]: Started qdistro polkit authentication agent (PAM / fprintd / broker).
Oct 03 16:42:14 baseweed-admin qdistro-polkit-agent[6506]: registration failed: org.freedesktop.PolicyKit1.Error.Failed: Cannot determine session the caller is in
Oct 03 16:42:14 baseweed-admin python3[6506]: qdistro-polkit-agent: registration failed: org.freedesktop.PolicyKit1.Error.Failed: Cannot determine session the caller is in
Oct 03 16:42:14 baseweed-admin systemd[858]: qdistro-polkit-agent.service: Main process exited, code=exited, status=1/FAILURE
Oct 03 16:42:14 baseweed-admin systemd[858]: qdistro-polkit-agent.service: Failed with result 'exit-code'.
Oct 03 16:42:15 baseweed-admin dbus-run-session[1026]:   WARN: Process failed to start, likely because the binary could not be found. Command: QList("bluetoothctl", "show")
Oct 03 16:42:17 baseweed-admin systemd[858]: qdistro-polkit-agent.service: Scheduled restart job, restart counter is at 36.
Oct 03 16:42:17 baseweed-admin systemd[858]: Started qdistro polkit authentication agent (PAM / fprintd / broker).
Oct 03 16:42:17 baseweed-admin dbus-run-session[1026]:   WARN: Process failed to start, likely because the binary could not be found. Command: QList("bluetoothctl", "show")
Oct 03 16:42:17 baseweed-admin qdistro-polkit-agent[6580]: registration failed: org.freedesktop.PolicyKit1.Error.Failed: Cannot determine session the caller is in
Oct 03 16:42:17 baseweed-admin python3[6580]: qdistro-polkit-agent: registration failed: org.freedesktop.PolicyKit1.Error.Failed: Cannot determine session the caller is in
Oct 03 16:42:17 baseweed-admin systemd[858]: qdistro-polkit-agent.service: Main process exited, code=exited, status=1/FAILURE
Oct 03 16:42:17 baseweed-admin systemd[858]: qdistro-polkit-agent.service: Failed with result 'exit-code'.
Oct 03 16:42:19 baseweed-admin dbus-run-session[1026]:   WARN: Process failed to start, likely because the binary could not be found. Command: QList("bluetoothctl", "show")
Oct 03 16:42:20 baseweed-admin dbus-run-session[1026]:   WARN qml: [20261003-164220]       Location Weather is still fetching
Oct 03 16:42:20 baseweed-admin dbus-run-session[1026]:  ERROR qml: [20261003-164220]       Location Geocoding error: 0
Oct 03 16:42:20 baseweed-admin dbus-run-session[1026]:   INFO qml: [20261003-164220]        PodApps cache refresh loaded 0 apps
Oct 03 16:42:20 baseweed-admin systemd[858]: qdistro-polkit-agent.service: Scheduled restart job, restart counter is at 37.
Oct 03 16:42:20 baseweed-admin systemd[858]: Started qdistro polkit authentication agent (PAM / fprintd / broker).
Oct 03 16:42:20 baseweed-admin qdistro-polkit-agent[6657]: registration failed: org.freedesktop.PolicyKit1.Error.Failed: Cannot determine session the caller is in
Oct 03 16:42:20 baseweed-admin python3[6657]: qdistro-polkit-agent: registration failed: org.freedesktop.PolicyKit1.Error.Failed: Cannot determine session the caller is in
Oct 03 16:42:20 baseweed-admin systemd[858]: qdistro-polkit-agent.service: Main process exited, code=exited, status=1/FAILURE
Oct 03 16:42:20 baseweed-admin systemd[858]: qdistro-polkit-agent.service: Failed with result 'exit-code'.
Oct 03 16:42:21 baseweed-admin dbus-run-session[1026]:   WARN: Process failed to start, likely because the binary could not be found. Command: QList("bluetoothctl", "show")
Oct 03 16:42:23 baseweed-admin dbus-run-session[1026]:   WARN: Process failed to start, likely because the binary could not be found. Command: QList("bluetoothctl", "show")
Oct 03 16:42:24 baseweed-admin systemd[858]: qdistro-polkit-agent.service: Scheduled restart job, restart counter is at 38.
Oct 03 16:42:24 baseweed-admin systemd[858]: Started qdistro polkit authentication agent (PAM / fprintd / broker).
Oct 03 16:42:24 baseweed-admin qdistro-polkit-agent[6724]: registration failed: org.freedesktop.PolicyKit1.Error.Failed: Cannot determine session the caller is in
Oct 03 16:42:24 baseweed-admin python3[6724]: qdistro-polkit-agent: registration failed: org.freedesktop.PolicyKit1.Error.Failed: Cannot determine session the caller is in
Oct 03 16:42:24 baseweed-admin systemd[858]: qdistro-polkit-agent.service: Main process exited, code=exited, status=1/FAILURE
Oct 03 16:42:24 baseweed-admin systemd[858]: qdistro-polkit-agent.service: Failed with result 'exit-code'.
Oct 03 16:42:24 baseweed-admin systemd[858]: Started podman-6729.scope.
Oct 03 16:42:24 baseweed-admin systemd[858]: Started podman-6740.scope.
Oct 03 16:42:24 baseweed-admin systemd[858]: Started podman-6757.scope.
Oct 03 16:42:24 baseweed-admin systemd[858]: Started podman-6767.scope.
Oct 03 16:42:25 baseweed-admin dbus-run-session[1026]:   WARN: Process failed to start, likely because the binary could not be found. Command: QList("bluetoothctl", "show")
Oct 03 16:42:27 baseweed-admin systemd[858]: qdistro-polkit-agent.service: Scheduled restart job, restart counter is at 39.
Oct 03 16:42:27 baseweed-admin systemd[858]: Started qdistro polkit authentication agent (PAM / fprintd / broker).
Oct 03 16:42:27 baseweed-admin qdistro-polkit-agent[6833]: registration failed: org.freedesktop.PolicyKit1.Error.Failed: Cannot determine session the caller is in
Oct 03 16:42:27 baseweed-admin python3[6833]: qdistro-polkit-agent: registration failed: org.freedesktop.PolicyKit1.Error.Failed: Cannot determine session the caller is in
Oct 03 16:42:27 baseweed-admin systemd[858]: qdistro-polkit-agent.service: Main process exited, code=exited, status=1/FAILURE
Oct 03 16:42:27 baseweed-admin systemd[858]: qdistro-polkit-agent.service: Failed with result 'exit-code'.
Oct 03 16:42:27 baseweed-admin dbus-run-session[1026]:   WARN: Process failed to start, likely because the binary could not be found. Command: QList("bluetoothctl", "show")
Oct 03 16:42:27 baseweed-admin dbus-run-session[1026]:   WARN qml: [20261003-164227]        Network Connectivity check error: Error: Not authorized to recheck connectivity.
Oct 03 16:42:29 baseweed-admin systemd[858]: Started podman-6905.scope.
Oct 03 16:42:29 baseweed-admin systemd[858]: Started podman-6934.scope.
Oct 03 16:42:29 baseweed-admin dbus-run-session[1026]:   WARN: Process failed to start, likely because the binary could not be found. Command: QList("bluetoothctl", "show")
Oct 03 16:42:30 baseweed-admin systemd[858]: qdistro-polkit-agent.service: Scheduled restart job, restart counter is at 40.
Oct 03 16:42:30 baseweed-admin systemd[858]: Started qdistro polkit authentication agent (PAM / fprintd / broker).
Oct 03 16:42:30 baseweed-admin qdistro-polkit-agent[6960]: registration failed: org.freedesktop.PolicyKit1.Error.Failed: Cannot determine session the caller is in
Oct 03 16:42:30 baseweed-admin python3[6960]: qdistro-polkit-agent: registration failed: org.freedesktop.PolicyKit1.Error.Failed: Cannot determine session the caller is in
Oct 03 16:42:30 baseweed-admin systemd[858]: qdistro-polkit-agent.service: Main process exited, code=exited, status=1/FAILURE
Oct 03 16:42:30 baseweed-admin systemd[858]: qdistro-polkit-agent.service: Failed with result 'exit-code'.
Oct 03 16:42:31 baseweed-admin dbus-run-session[1026]:   WARN: Process failed to start, likely because the binary could not be found. Command: QList("bluetoothctl", "show")
Oct 03 16:42:33 baseweed-admin dbus-run-session[1026]:   WARN: Process failed to start, likely because the binary could not be found. Command: QList("bluetoothctl", "show")
Oct 03 16:42:33 baseweed-admin systemd[858]: qdistro-polkit-agent.service: Scheduled restart job, restart counter is at 41.
Oct 03 16:42:33 baseweed-admin systemd[858]: Started qdistro polkit authentication agent (PAM / fprintd / broker).
Oct 03 16:42:33 baseweed-admin qdistro-polkit-agent[7027]: registration failed: org.freedesktop.PolicyKit1.Error.Failed: Cannot determine session the caller is in
Oct 03 16:42:33 baseweed-admin python3[7027]: qdistro-polkit-agent: registration failed: org.freedesktop.PolicyKit1.Error.Failed: Cannot determine session the caller is in
Oct 03 16:42:34 baseweed-admin systemd[858]: qdistro-polkit-agent.service: Main process exited, code=exited, status=1/FAILURE
Oct 03 16:42:34 baseweed-admin systemd[858]: qdistro-polkit-agent.service: Failed with result 'exit-code'.
Oct 03 16:42:34 baseweed-admin systemd[858]: Started podman-7045.scope.
Oct 03 16:42:34 baseweed-admin systemd[858]: Started podman-7055.scope.
Oct 03 16:42:34 baseweed-admin systemd[858]: Started podman-7068.scope.
Oct 03 16:42:34 baseweed-admin systemd[858]: Started podman-7078.scope.
Oct 03 16:42:35 baseweed-admin dbus-run-session[1026]:   WARN: Process failed to start, likely because the binary could not be found. Command: QList("bluetoothctl", "show")
Oct 03 16:42:37 baseweed-admin systemd[858]: qdistro-polkit-agent.service: Scheduled restart job, restart counter is at 42.
Oct 03 16:42:37 baseweed-admin systemd[858]: Started qdistro polkit authentication agent (PAM / fprintd / broker).
Oct 03 16:42:37 baseweed-admin qdistro-polkit-agent[7123]: registration failed: org.freedesktop.PolicyKit1.Error.Failed: Cannot determine session the caller is in
Oct 03 16:42:37 baseweed-admin python3[7123]: qdistro-polkit-agent: registration failed: org.freedesktop.PolicyKit1.Error.Failed: Cannot determine session the caller is in
Oct 03 16:42:37 baseweed-admin systemd[858]: qdistro-polkit-agent.service: Main process exited, code=exited, status=1/FAILURE
Oct 03 16:42:37 baseweed-admin systemd[858]: qdistro-polkit-agent.service: Failed with result 'exit-code'.
Oct 03 16:42:37 baseweed-admin dbus-run-session[1026]:   WARN: Process failed to start, likely because the binary could not be found. Command: QList("bluetoothctl", "show")
Oct 03 16:42:39 baseweed-admin weston[929]: [16:42:39.002] qdwin/secctx: helper pid=7169 launcher parent pid=7163 exe unreadable; falling back to verified root-parent + stable-starttime attestation
Oct 03 16:42:39 baseweed-admin weston[929]: [16:42:39.002] qdwin/secctx: helper pid=7169 launcher parent pid=7163 exe unreadable; falling back to verified root-parent + stable-starttime attestation
Oct 03 16:42:39 baseweed-admin weston[929]: [16:42:39.003] qdwin/secctx: helper pid=7169 launcher parent pid=7163 exe unreadable; falling back to verified root-parent + stable-starttime attestation
Oct 03 16:42:39 baseweed-admin weston[929]: [16:42:39.003] qdwin/secctx: helper pid=7169 launcher parent pid=7163 exe unreadable; falling back to verified root-parent + stable-starttime attestation
Oct 03 16:42:39 baseweed-admin weston[929]: [16:42:39.003] qdwin/secctx: manager bound by uid=1000 pid=7169 (helper)
Oct 03 16:42:39 baseweed-admin weston[929]: [16:42:39.003] qdwin/secctx: committed engine=qdistro.tier3s app_id=qdistro.tier3s.s127a instance_id=clipsrc-s127a listen_fd=98 close_fd=99
Oct 03 16:42:39 baseweed-admin weston[929]: [16:42:39.004] qdwin/secctx: client accepted engine=qdistro.tier3s app_id=qdistro.tier3s.s127a instance_id=clipsrc-s127a (total tagged: 4)
Oct 03 16:42:39 baseweed-admin dbus-run-session[1026]:   WARN: Process failed to start, likely because the binary could not be found. Command: QList("bluetoothctl", "show")
Oct 03 16:42:40 baseweed-admin systemd[858]: qdistro-polkit-agent.service: Scheduled restart job, restart counter is at 43.
Oct 03 16:42:40 baseweed-admin systemd[858]: Started qdistro polkit authentication agent (PAM / fprintd / broker).
Oct 03 16:42:40 baseweed-admin qdistro-polkit-agent[7192]: registration failed: org.freedesktop.PolicyKit1.Error.Failed: Cannot determine session the caller is in
Oct 03 16:42:40 baseweed-admin python3[7192]: qdistro-polkit-agent: registration failed: org.freedesktop.PolicyKit1.Error.Failed: Cannot determine session the caller is in
Oct 03 16:42:40 baseweed-admin systemd[858]: qdistro-polkit-agent.service: Main process exited, code=exited, status=1/FAILURE
Oct 03 16:42:40 baseweed-admin systemd[858]: qdistro-polkit-agent.service: Failed with result 'exit-code'.
Oct 03 16:42:40 baseweed-admin dbus-run-session[1026]:   WARN qml: [20261003-164240]       Location Weather is still fetching
Oct 03 16:42:40 baseweed-admin dbus-run-session[1026]:  ERROR qml: [20261003-164240]       Location Geocoding error: 0
Oct 03 16:42:41 baseweed-admin dbus-run-session[1026]:   WARN: Process failed to start, likely because the binary could not be found. Command: QList("bluetoothctl", "show")
Oct 03 16:42:42 baseweed-admin dbus-run-session[1026]:   WARN qml: [20261003-164242]        Network Connectivity check error: Error: Not authorized to recheck connectivity.
Oct 03 16:42:43 baseweed-admin systemd[858]: qdistro-polkit-agent.service: Scheduled restart job, restart counter is at 44.
Oct 03 16:42:43 baseweed-admin systemd[858]: Started qdistro polkit authentication agent (PAM / fprintd / broker).
Oct 03 16:42:43 baseweed-admin dbus-run-session[1026]:   WARN: Process failed to start, likely because the binary could not be found. Command: QList("bluetoothctl", "show")
Oct 03 16:42:43 baseweed-admin qdistro-polkit-agent[7260]: registration failed: org.freedesktop.PolicyKit1.Error.Failed: Cannot determine session the caller is in
Oct 03 16:42:43 baseweed-admin python3[7260]: qdistro-polkit-agent: registration failed: org.freedesktop.PolicyKit1.Error.Failed: Cannot determine session the caller is in
Oct 03 16:42:43 baseweed-admin systemd[858]: qdistro-polkit-agent.service: Main process exited, code=exited, status=1/FAILURE
Oct 03 16:42:43 baseweed-admin systemd[858]: qdistro-polkit-agent.service: Failed with result 'exit-code'.
Oct 03 16:42:44 baseweed-admin systemd[858]: Started podman-7297.scope.
Oct 03 16:42:44 baseweed-admin systemd[858]: Started podman-7308.scope.
Oct 03 16:42:44 baseweed-admin systemd[858]: Started podman-7321.scope.
Oct 03 16:42:45 baseweed-admin systemd[858]: Started podman-7331.scope.
Oct 03 16:42:45 baseweed-admin dbus-run-session[1026]:   WARN: Process failed to start, likely because the binary could not be found. Command: QList("bluetoothctl", "show")
Oct 03 16:42:46 baseweed-admin systemd[858]: qdistro-polkit-agent.service: Scheduled restart job, restart counter is at 45.
Oct 03 16:42:46 baseweed-admin systemd[858]: Started qdistro polkit authentication agent (PAM / fprintd / broker).
Oct 03 16:42:47 baseweed-admin qdistro-polkit-agent[7374]: registration failed: org.freedesktop.PolicyKit1.Error.Failed: Cannot determine session the caller is in
Oct 03 16:42:47 baseweed-admin python3[7374]: qdistro-polkit-agent: registration failed: org.freedesktop.PolicyKit1.Error.Failed: Cannot determine session the caller is in
Oct 03 16:42:47 baseweed-admin systemd[858]: qdistro-polkit-agent.service: Main process exited, code=exited, status=1/FAILURE
Oct 03 16:42:47 baseweed-admin systemd[858]: qdistro-polkit-agent.service: Failed with result 'exit-code'.
Oct 03 16:42:47 baseweed-admin dbus-run-session[1026]:   WARN: Process failed to start, likely because the binary could not be found. Command: QList("bluetoothctl", "show")
Oct 03 16:42:49 baseweed-admin dbus-run-session[1026]:   WARN: Process failed to start, likely because the binary could not be found. Command: QList("bluetoothctl", "show")
Oct 03 16:42:50 baseweed-admin systemd[858]: qdistro-polkit-agent.service: Scheduled restart job, restart counter is at 46.
Oct 03 16:42:50 baseweed-admin systemd[858]: Started qdistro polkit authentication agent (PAM / fprintd / broker).
Oct 03 16:42:50 baseweed-admin qdistro-polkit-agent[7437]: registration failed: org.freedesktop.PolicyKit1.Error.Failed: Cannot determine session the caller is in
Oct 03 16:42:50 baseweed-admin python3[7437]: qdistro-polkit-agent: registration failed: org.freedesktop.PolicyKit1.Error.Failed: Cannot determine session the caller is in
Oct 03 16:42:50 baseweed-admin systemd[858]: qdistro-polkit-agent.service: Main process exited, code=exited, status=1/FAILURE
Oct 03 16:42:50 baseweed-admin systemd[858]: qdistro-polkit-agent.service: Failed with result 'exit-code'.
Oct 03 16:42:50 baseweed-admin dbus-run-session[1026]:   INFO qml: [20261003-164250]        PodApps cache refresh loaded 0 apps
Oct 03 16:42:51 baseweed-admin dbus-run-session[1026]:   WARN: Process failed to start, likely because the binary could not be found. Command: QList("bluetoothctl", "show")
Oct 03 16:42:53 baseweed-admin systemd[858]: qdistro-polkit-agent.service: Scheduled restart job, restart counter is at 47.
Oct 03 16:42:53 baseweed-admin systemd[858]: Started qdistro polkit authentication agent (PAM / fprintd / broker).
Oct 03 16:42:53 baseweed-admin qdistro-polkit-agent[7508]: registration failed: org.freedesktop.PolicyKit1.Error.Failed: Cannot determine session the caller is in
Oct 03 16:42:53 baseweed-admin python3[7508]: qdistro-polkit-agent: registration failed: org.freedesktop.PolicyKit1.Error.Failed: Cannot determine session the caller is in
Oct 03 16:42:53 baseweed-admin systemd[858]: qdistro-polkit-agent.service: Main process exited, code=exited, status=1/FAILURE
Oct 03 16:42:53 baseweed-admin systemd[858]: qdistro-polkit-agent.service: Failed with result 'exit-code'.
Oct 03 16:42:53 baseweed-admin dbus-run-session[1026]:   WARN: Process failed to start, likely because the binary could not be found. Command: QList("bluetoothctl", "show")
Oct 03 16:42:55 baseweed-admin systemd[858]: Started podman-7553.scope.
Oct 03 16:42:55 baseweed-admin systemd[858]: Started podman-7563.scope.
Oct 03 16:42:55 baseweed-admin systemd[858]: Started podman-7576.scope.
Oct 03 16:42:55 baseweed-admin systemd[858]: Started podman-7590.scope.
Oct 03 16:42:55 baseweed-admin dbus-run-session[1026]:   WARN: Process failed to start, likely because the binary could not be found. Command: QList("bluetoothctl", "show")
Oct 03 16:42:56 baseweed-admin systemd[858]: qdistro-polkit-agent.service: Scheduled restart job, restart counter is at 48.
Oct 03 16:42:56 baseweed-admin systemd[858]: Started qdistro polkit authentication agent (PAM / fprintd / broker).
Oct 03 16:42:56 baseweed-admin qdistro-polkit-agent[7628]: registration failed: org.freedesktop.PolicyKit1.Error.Failed: Cannot determine session the caller is in
Oct 03 16:42:56 baseweed-admin python3[7628]: qdistro-polkit-agent: registration failed: org.freedesktop.PolicyKit1.Error.Failed: Cannot determine session the caller is in
Oct 03 16:42:56 baseweed-admin systemd[858]: qdistro-polkit-agent.service: Main process exited, code=exited, status=1/FAILURE
Oct 03 16:42:56 baseweed-admin systemd[858]: qdistro-polkit-agent.service: Failed with result 'exit-code'.
Oct 03 16:42:57 baseweed-admin dbus-run-session[1026]:   WARN: Process failed to start, likely because the binary could not be found. Command: QList("bluetoothctl", "show")
Oct 03 16:42:57 baseweed-admin dbus-run-session[1026]:   WARN qml: [20261003-164257]        Network Connectivity check error: Error: Not authorized to recheck connectivity.
Oct 03 16:42:59 baseweed-admin dbus-run-session[1026]:   WARN: Process failed to start, likely because the binary could not be found. Command: QList("bluetoothctl", "show")
Oct 03 16:42:59 baseweed-admin systemd[858]: qdistro-polkit-agent.service: Scheduled restart job, restart counter is at 49.
Oct 03 16:42:59 baseweed-admin systemd[858]: Started qdistro polkit authentication agent (PAM / fprintd / broker).
Oct 03 16:42:59 baseweed-admin qdistro-polkit-agent[7719]: registration failed: org.freedesktop.PolicyKit1.Error.Failed: Cannot determine session the caller is in
Oct 03 16:42:59 baseweed-admin python3[7719]: qdistro-polkit-agent: registration failed: org.freedesktop.PolicyKit1.Error.Failed: Cannot determine session the caller is in
Oct 03 16:42:59 baseweed-admin systemd[858]: qdistro-polkit-agent.service: Main process exited, code=exited, status=1/FAILURE
Oct 03 16:42:59 baseweed-admin systemd[858]: qdistro-polkit-agent.service: Failed with result 'exit-code'.
Oct 03 16:43:00 baseweed-admin dbus-run-session[1026]:   WARN qml: [20261003-164300]       Location Weather is still fetching
Oct 03 16:43:00 baseweed-admin dbus-run-session[1026]:  ERROR qml: [20261003-164300]       Location Geocoding error: 0
Oct 03 16:43:01 baseweed-admin dbus-run-session[1026]:   WARN: Process failed to start, likely because the binary could not be found. Command: QList("bluetoothctl", "show")
Oct 03 16:43:03 baseweed-admin systemd[858]: qdistro-polkit-agent.service: Scheduled restart job, restart counter is at 50.
Oct 03 16:43:03 baseweed-admin systemd[858]: Started qdistro polkit authentication agent (PAM / fprintd / broker).
Oct 03 16:43:03 baseweed-admin qdistro-polkit-agent[7781]: registration failed: org.freedesktop.PolicyKit1.Error.Failed: Cannot determine session the caller is in
Oct 03 16:43:03 baseweed-admin python3[7781]: qdistro-polkit-agent: registration failed: org.freedesktop.PolicyKit1.Error.Failed: Cannot determine session the caller is in
Oct 03 16:43:03 baseweed-admin systemd[858]: qdistro-polkit-agent.service: Main process exited, code=exited, status=1/FAILURE
Oct 03 16:43:03 baseweed-admin systemd[858]: qdistro-polkit-agent.service: Failed with result 'exit-code'.
Oct 03 16:43:03 baseweed-admin dbus-run-session[1026]:   WARN: Process failed to start, likely because the binary could not be found. Command: QList("bluetoothctl", "show")
Oct 03 16:43:05 baseweed-admin systemd[858]: Started podman-7824.scope.
Oct 03 16:43:05 baseweed-admin systemd[858]: Started podman-7838.scope.
Oct 03 16:43:05 baseweed-admin systemd[858]: Started podman-7850.scope.
Oct 03 16:43:05 baseweed-admin systemd[858]: Started podman-7860.scope.
Oct 03 16:43:05 baseweed-admin dbus-run-session[1026]:   WARN: Process failed to start, likely because the binary could not be found. Command: QList("bluetoothctl", "show")
Oct 03 16:43:06 baseweed-admin systemd[858]: qdistro-polkit-agent.service: Scheduled restart job, restart counter is at 51.
Oct 03 16:43:06 baseweed-admin systemd[858]: Started qdistro polkit authentication agent (PAM / fprintd / broker).
Oct 03 16:43:06 baseweed-admin qdistro-polkit-agent[7891]: registration failed: org.freedesktop.PolicyKit1.Error.Failed: Cannot determine session the caller is in
Oct 03 16:43:06 baseweed-admin python3[7891]: qdistro-polkit-agent: registration failed: org.freedesktop.PolicyKit1.Error.Failed: Cannot determine session the caller is in
Oct 03 16:43:06 baseweed-admin systemd[858]: qdistro-polkit-agent.service: Main process exited, code=exited, status=1/FAILURE
Oct 03 16:43:06 baseweed-admin systemd[858]: qdistro-polkit-agent.service: Failed with result 'exit-code'.
Oct 03 16:43:07 baseweed-admin dbus-run-session[1026]:   WARN: Process failed to start, likely because the binary could not be found. Command: QList("bluetoothctl", "show")
Oct 03 16:43:09 baseweed-admin systemd[858]: qdistro-polkit-agent.service: Scheduled restart job, restart counter is at 52.
Oct 03 16:43:09 baseweed-admin systemd[858]: Started qdistro polkit authentication agent (PAM / fprintd / broker).
Oct 03 16:43:09 baseweed-admin dbus-run-session[1026]:   WARN: Process failed to start, likely because the binary could not be found. Command: QList("bluetoothctl", "show")
Oct 03 16:43:09 baseweed-admin qdistro-polkit-agent[7954]: registration failed: org.freedesktop.PolicyKit1.Error.Failed: Cannot determine session the caller is in
Oct 03 16:43:09 baseweed-admin python3[7954]: qdistro-polkit-agent: registration failed: org.freedesktop.PolicyKit1.Error.Failed: Cannot determine session the caller is in
Oct 03 16:43:09 baseweed-admin systemd[858]: qdistro-polkit-agent.service: Main process exited, code=exited, status=1/FAILURE
Oct 03 16:43:09 baseweed-admin systemd[858]: qdistro-polkit-agent.service: Failed with result 'exit-code'.
Oct 03 16:43:10 baseweed-admin qs[7981]: Detected locale "C" with character encoding "ANSI_X3.4-1968", which is not UTF-8.
                                         Qt depends on a UTF-8 locale, and has switched to "C.UTF-8" instead.
                                         If this causes problems, reconfigure your locale. See the locale(1) manual
                                         for more information.
Oct 03 16:43:10 baseweed-admin dbus-run-session[1026]:   INFO qml: [20261003-164310]  Tier3FocusIPC injectFocus handle=2 seat=default
Oct 03 16:43:10 baseweed-admin dbus-run-session[1026]:   INFO qml: [20261003-164310]          Qdwin ipc injectFocus handle=2 seat=default
Oct 03 16:43:10 baseweed-admin weston[929]: [16:43:10.427] qdwin: selection_set seat=default handle=2 primary=0 mimes='text/plain'
Oct 03 16:43:10 baseweed-admin weston[929]: [16:43:10.427] qdwin: selection_set seat=default handle=2 primary=0 mimes='text/plain'
Oct 03 16:43:10 baseweed-admin weston[929]: [16:43:10.427] qdwin: set_keyboard_focus seat=default handle=2
Oct 03 16:43:10 baseweed-admin weston[929]: [16:43:10.427] qdwin: seat_focus_changed seat=default handle=2
Oct 03 16:43:10 baseweed-admin dbus-run-session[1026]:   INFO qml: [20261003-164310]  ClipboardGate CLIPBOARD_GATE seat=default src_silo=s127b dst_silo=s127b mime_types=text/plain verdict=deny reason=broker:deny
Oct 03 16:43:10 baseweed-admin weston[929]: [16:43:10.496] qdwin: selection_set seat=default handle=2 primary=0 mimes='text/plain'
Oct 03 16:43:10 baseweed-admin weston[929]: [16:43:10.496] qdwin: selection_set seat=default handle=2 primary=0 mimes='text/plain'
Oct 03 16:43:10 baseweed-admin weston[929]: [16:43:10.496] qdwin: clear_selection seat=default clipboard cleared
Oct 03 16:43:10 baseweed-admin dbus-run-session[1026]:   INFO qml: [20261003-164310]  ClipboardGate CLIPBOARD_GATE seat=default src_silo=s127b dst_silo=s127b mime_types=text/plain verdict=deny reason=broker:deny
Oct 03 16:43:10 baseweed-admin dbus-run-session[1026]:   INFO qml: [20261003-164310]  ClipboardGate CLIPBOARD_GATE seat=default src_silo=s127b dst_silo=s127b mime_types=text/plain verdict=deny reason=broker:deny
Oct 03 16:43:10 baseweed-admin dbus-run-session[1026]:   INFO qml: [20261003-164310]  ClipboardGate CLIPBOARD_GATE seat=default src_silo=s127b dst_silo=s127b mime_types=text/plain verdict=deny reason=broker:deny
Oct 03 16:43:11 baseweed-admin weston[929]: [16:43:11.443] qdwin/secctx: helper pid=7994 launcher parent pid=7989 exe unreadable; falling back to verified root-parent + stable-starttime attestation
Oct 03 16:43:11 baseweed-admin weston[929]: [16:43:11.443] qdwin/secctx: helper pid=7994 launcher parent pid=7989 exe unreadable; falling back to verified root-parent + stable-starttime attestation
Oct 03 16:43:11 baseweed-admin weston[929]: [16:43:11.444] qdwin/secctx: helper pid=7994 launcher parent pid=7989 exe unreadable; falling back to verified root-parent + stable-starttime attestation
Oct 03 16:43:11 baseweed-admin weston[929]: [16:43:11.444] qdwin/secctx: helper pid=7994 launcher parent pid=7989 exe unreadable; falling back to verified root-parent + stable-starttime attestation
Oct 03 16:43:11 baseweed-admin weston[929]: [16:43:11.444] qdwin/secctx: manager bound by uid=1000 pid=7994 (helper)
Oct 03 16:43:11 baseweed-admin weston[929]: [16:43:11.444] qdwin/secctx: committed engine=qdistro.tier3s app_id=qdistro.tier3s.s127b instance_id=clipsrc-s127b listen_fd=106 close_fd=107
Oct 03 16:43:11 baseweed-admin weston[929]: [16:43:11.445] qdwin/secctx: client accepted engine=qdistro.tier3s app_id=qdistro.tier3s.s127b instance_id=clipsrc-s127b (total tagged: 5)
Oct 03 16:43:11 baseweed-admin dbus-run-session[1026]:   WARN: Process failed to start, likely because the binary could not be found. Command: QList("bluetoothctl", "show")
Oct 03 16:43:12 baseweed-admin systemd[858]: qdistro-polkit-agent.service: Scheduled restart job, restart counter is at 53.
Oct 03 16:43:12 baseweed-admin systemd[858]: Started qdistro polkit authentication agent (PAM / fprintd / broker).
Oct 03 16:43:12 baseweed-admin dbus-run-session[1026]:   WARN qml: [20261003-164312]        Network Connectivity check error: Error: Not authorized to recheck connectivity.
Oct 03 16:43:12 baseweed-admin qdistro-polkit-agent[8007]: registration failed: org.freedesktop.PolicyKit1.Error.Failed: Cannot determine session the caller is in
Oct 03 16:43:12 baseweed-admin python3[8007]: qdistro-polkit-agent: registration failed: org.freedesktop.PolicyKit1.Error.Failed: Cannot determine session the caller is in
Oct 03 16:43:12 baseweed-admin systemd[858]: qdistro-polkit-agent.service: Main process exited, code=exited, status=1/FAILURE
Oct 03 16:43:12 baseweed-admin systemd[858]: qdistro-polkit-agent.service: Failed with result 'exit-code'.
Oct 03 16:43:13 baseweed-admin qs[8020]: Detected locale "C" with character encoding "ANSI_X3.4-1968", which is not UTF-8.
                                         Qt depends on a UTF-8 locale, and has switched to "C.UTF-8" instead.
                                         If this causes problems, reconfigure your locale. See the locale(1) manual
                                         for more information.
Oct 03 16:43:13 baseweed-admin dbus-run-session[1026]:   INFO qml: [20261003-164313]  Tier3FocusIPC injectFocus handle=1 seat=default
Oct 03 16:43:13 baseweed-admin dbus-run-session[1026]:   INFO qml: [20261003-164313]          Qdwin ipc injectFocus handle=1 seat=default
Oct 03 16:43:13 baseweed-admin weston[929]: [16:43:13.515] qdwin: selection_set seat=default handle=2 primary=0 mimes='text/plain'
Oct 03 16:43:13 baseweed-admin weston[929]: [16:43:13.515] qdwin: selection_set seat=default handle=2 primary=0 mimes='text/plain'
Oct 03 16:43:13 baseweed-admin weston[929]: [16:43:13.515] qdwin: focus handle=1 (was 2) seat=default
Oct 03 16:43:13 baseweed-admin weston[929]: [16:43:13.515] qdwin: seat_focus_changed seat=default handle=1
Oct 03 16:43:13 baseweed-admin weston[929]: [16:43:13.515] qdwin: set_keyboard_focus seat=default handle=1
Oct 03 16:43:13 baseweed-admin weston[929]: [16:43:13.515] qdwin: seat_focus_changed seat=default handle=1
Oct 03 16:43:13 baseweed-admin dbus-run-session[1026]:   INFO qml: [20261003-164313]  ClipboardGate CLIPBOARD_GATE seat=default src_silo=s127b dst_silo=s127b mime_types=text/plain verdict=deny reason=broker-unavailable
Oct 03 16:43:13 baseweed-admin weston[929]: [16:43:13.749] qdwin: selection_set seat=default handle=1 primary=0 mimes='text/plain'
Oct 03 16:43:13 baseweed-admin weston[929]: [16:43:13.749] qdwin: selection_set seat=default handle=1 primary=0 mimes='text/plain'
Oct 03 16:43:13 baseweed-admin weston[929]: [16:43:13.749] qdwin: clear_selection seat=default clipboard cleared
Oct 03 16:43:13 baseweed-admin dbus-run-session[1026]:   INFO qml: [20261003-164313]  ClipboardGate CLIPBOARD_GATE seat=default src_silo=s127b dst_silo=s127b mime_types=text/plain verdict=deny reason=broker-unavailable
Oct 03 16:43:13 baseweed-admin dbus-run-session[1026]:   INFO qml: [20261003-164313]  ClipboardGate CLIPBOARD_FOCUS_GATE seat=default src_silo=s127b dst_silo=s127a is_primary=0 verdict=deny reason=focus-cross-silo
Oct 03 16:43:13 baseweed-admin weston[929]: [16:43:13.974] qdwin: selection_set seat=default handle=1 primary=0 mimes='text/plain'
Oct 03 16:43:13 baseweed-admin weston[929]: [16:43:13.974] qdwin: selection_set seat=default handle=1 primary=0 mimes='text/plain'
Oct 03 16:43:13 baseweed-admin weston[929]: [16:43:13.974] qdwin: clear_selection seat=default clipboard cleared
Oct 03 16:43:14 baseweed-admin qs[8046]: Detected locale "C" with character encoding "ANSI_X3.4-1968", which is not UTF-8.
                                         Qt depends on a UTF-8 locale, and has switched to "C.UTF-8" instead.
                                         If this causes problems, reconfigure your locale. See the locale(1) manual
                                         for more information.
Oct 03 16:43:14 baseweed-admin dbus-run-session[1026]:   INFO qml: [20261003-164314]  ClipboardGate CLIPBOARD_GATE seat=default src_silo=s127a dst_silo=s127a mime_types=text/plain verdict=deny reason=broker-unavailable
Oct 03 16:43:14 baseweed-admin weston[929]: [16:43:14.217] qdwin: selection_set seat=default handle=1 primary=0 mimes='text/plain'
Oct 03 16:43:14 baseweed-admin weston[929]: [16:43:14.217] qdwin: selection_set seat=default handle=1 primary=0 mimes='text/plain'
Oct 03 16:43:14 baseweed-admin weston[929]: [16:43:14.217] qdwin: clear_selection seat=default clipboard cleared
Oct 03 16:43:14 baseweed-admin dbus-run-session[1026]:   INFO qml: [20261003-164314]  ClipboardGate CLIPBOARD_GATE seat=default src_silo=s127a dst_silo=s127a mime_types=text/plain verdict=deny reason=broker-unavailable
Oct 03 16:43:14 baseweed-admin dbus-run-session[1026]:   INFO qml: [20261003-164314]  ClipboardGate CLIPBOARD_GATE seat=default src_silo=s127a dst_silo=s127a mime_types=text/plain verdict=deny reason=broker-unavailable
Oct 03 16:43:14 baseweed-admin dbus-run-session[1026]:   INFO qml: [20261003-164314]  ClipboardGate CLIPBOARD_GATE seat=default src_silo=s127a dst_silo=s127a mime_types=text/plain verdict=deny reason=broker-unavailable
Oct 03 16:43:14 baseweed-admin weston[929]: [16:43:14.878] qdwin: selection_set seat=default handle=1 primary=0 mimes='text/plain'
Oct 03 16:43:14 baseweed-admin weston[929]: [16:43:14.878] qdwin: selection_set seat=default handle=1 primary=0 mimes='text/plain'
Oct 03 16:43:14 baseweed-admin weston[929]: [16:43:14.878] qdwin: clear_selection seat=default clipboard cleared
Oct 03 16:43:15 baseweed-admin dbus-run-session[1026]:   INFO qml: [20261003-164315]  ClipboardGate CLIPBOARD_GATE seat=default src_silo=s127a dst_silo=s127a mime_types=text/plain verdict=deny reason=broker-unavailable
Oct 03 16:43:15 baseweed-admin dbus-run-session[1026]:   INFO qml: [20261003-164315]  ClipboardGate CLIPBOARD_GATE seat=default src_silo=s127a dst_silo=s127a mime_types=text/plain verdict=deny reason=broker-unavailable
Oct 03 16:43:15 baseweed-admin dbus-run-session[1026]:   INFO qml: [20261003-164315]  ClipboardGate CLIPBOARD_GATE seat=default src_silo=s127a dst_silo=s127a mime_types=text/plain verdict=deny reason=broker-unavailable
Oct 03 16:43:15 baseweed-admin weston[929]: [16:43:15.562] qdwin: selection_set seat=default handle=1 primary=0 mimes='text/plain'
Oct 03 16:43:15 baseweed-admin weston[929]: [16:43:15.562] qdwin: selection_set seat=default handle=1 primary=0 mimes='text/plain'
Oct 03 16:43:15 baseweed-admin weston[929]: [16:43:15.562] qdwin: clear_selection seat=default clipboard cleared
Oct 03 16:43:15 baseweed-admin systemd[858]: Started podman-8069.scope.
Oct 03 16:43:15 baseweed-admin systemd[858]: Started podman-8080.scope.
Oct 03 16:43:15 baseweed-admin systemd[858]: Started podman-8093.scope.
Oct 03 16:43:15 baseweed-admin dbus-run-session[1026]:   INFO qml: [20261003-164315]  ClipboardGate CLIPBOARD_GATE seat=default src_silo=s127a dst_silo=s127a mime_types=text/plain verdict=deny reason=broker-unavailable
Oct 03 16:43:15 baseweed-admin dbus-run-session[1026]:   WARN: Process failed to start, likely because the binary could not be found. Command: QList("bluetoothctl", "show")
Oct 03 16:43:15 baseweed-admin systemd[858]: Started podman-8103.scope.
Oct 03 16:43:16 baseweed-admin dbus-run-session[1026]:   INFO qml: [20261003-164316]  ClipboardGate CLIPBOARD_GATE seat=default src_silo=s127a dst_silo=s127a mime_types=text/plain verdict=deny reason=broker-unavailable
Oct 03 16:43:16 baseweed-admin systemd[858]: qdistro-polkit-agent.service: Scheduled restart job, restart counter is at 54.
Oct 03 16:43:16 baseweed-admin systemd[858]: Started qdistro polkit authentication agent (PAM / fprintd / broker).
Oct 03 16:43:16 baseweed-admin qdistro-polkit-agent[8115]: registration failed: org.freedesktop.PolicyKit1.Error.Failed: Cannot determine session the caller is in
Oct 03 16:43:16 baseweed-admin python3[8115]: qdistro-polkit-agent: registration failed: org.freedesktop.PolicyKit1.Error.Failed: Cannot determine session the caller is in
Oct 03 16:43:16 baseweed-admin systemd[858]: qdistro-polkit-agent.service: Main process exited, code=exited, status=1/FAILURE
Oct 03 16:43:16 baseweed-admin systemd[858]: qdistro-polkit-agent.service: Failed with result 'exit-code'.
Oct 03 16:43:16 baseweed-admin dbus-run-session[1026]:   INFO qml: [20261003-164316]  ClipboardGate CLIPBOARD_GATE seat=default src_silo=s127a dst_silo=s127a mime_types=text/plain verdict=deny reason=broker-unavailable
Oct 03 16:43:16 baseweed-admin weston[929]: [16:43:16.248] qdwin: selection_set seat=default handle=1 primary=0 mimes='text/plain'
Oct 03 16:43:16 baseweed-admin weston[929]: [16:43:16.248] qdwin: selection_set seat=default handle=1 primary=0 mimes='text/plain'
Oct 03 16:43:16 baseweed-admin weston[929]: [16:43:16.248] qdwin: clear_selection seat=default clipboard cleared
Oct 03 16:43:16 baseweed-admin weston[929]: [16:43:16.249] qdwin: selection_set seat=default handle=1 primary=0 mimes='text/plain'
Oct 03 16:43:16 baseweed-admin weston[929]: [16:43:16.249] qdwin: selection_set seat=default handle=1 primary=0 mimes='text/plain'
Oct 03 16:43:16 baseweed-admin weston[929]: [16:43:16.249] qdwin: focus handle=2 (was 1) seat=default
Oct 03 16:43:16 baseweed-admin weston[929]: [16:43:16.249] qdwin: seat_focus_changed seat=default handle=2
Oct 03 16:43:16 baseweed-admin weston[929]: [16:43:16.249] qdwin: set_keyboard_focus seat=default handle=2
Oct 03 16:43:16 baseweed-admin weston[929]: [16:43:16.249] qdwin: seat_focus_changed seat=default handle=2
Oct 03 16:43:16 baseweed-admin dbus-run-session[1026]:   INFO qml: [20261003-164316]  Tier3FocusIPC injectFocus handle=2 seat=default
Oct 03 16:43:16 baseweed-admin dbus-run-session[1026]:   INFO qml: [20261003-164316]          Qdwin ipc injectFocus handle=2 seat=default
Oct 03 16:43:16 baseweed-admin dbus-run-session[1026]:   INFO qml: [20261003-164316]  ClipboardGate CLIPBOARD_GATE seat=default src_silo=s127a dst_silo=s127a mime_types=text/plain verdict=deny reason=broker-unavailable
Oct 03 16:43:16 baseweed-admin dbus-run-session[1026]:   INFO qml: [20261003-164316]  ClipboardGate CLIPBOARD_GATE seat=default src_silo=s127a dst_silo=s127a mime_types=text/plain verdict=deny reason=broker-unavailable
Oct 03 16:43:16 baseweed-admin dbus-run-session[1026]:   INFO qml: [20261003-164316]  ClipboardGate CLIPBOARD_GATE seat=default src_silo=s127a dst_silo=s127a mime_types=text/plain verdict=deny reason=broker-unavailable
Oct 03 16:43:16 baseweed-admin weston[929]: [16:43:16.960] qdwin: selection_set seat=default handle=2 primary=0 mimes='text/plain'
Oct 03 16:43:16 baseweed-admin weston[929]: [16:43:16.960] qdwin: selection_set seat=default handle=2 primary=0 mimes='text/plain'
Oct 03 16:43:16 baseweed-admin weston[929]: [16:43:16.960] qdwin: clear_selection seat=default clipboard cleared
Oct 03 16:43:17 baseweed-admin dbus-run-session[1026]:   INFO qml: [20261003-164317]  ClipboardGate CLIPBOARD_GATE seat=default src_silo=s127a dst_silo=s127a mime_types=text/plain verdict=deny reason=broker-unavailable
Oct 03 16:43:17 baseweed-admin dbus-run-session[1026]:   INFO qml: [20261003-164317]  ClipboardGate CLIPBOARD_FOCUS_GATE seat=default src_silo=s127a dst_silo=s127b is_primary=0 verdict=deny reason=focus-cross-silo
Oct 03 16:43:17 baseweed-admin weston[929]: [16:43:17.188] qdwin: selection_set seat=default handle=2 primary=0 mimes='text/plain'
Oct 03 16:43:17 baseweed-admin weston[929]: [16:43:17.188] qdwin: selection_set seat=default handle=2 primary=0 mimes='text/plain'
Oct 03 16:43:17 baseweed-admin weston[929]: [16:43:17.188] qdwin: clear_selection seat=default clipboard cleared
Oct 03 16:43:17 baseweed-admin dbus-run-session[1026]:   INFO qml: [20261003-164317]  ClipboardGate CLIPBOARD_GATE seat=default src_silo=s127b dst_silo=s127b mime_types=text/plain verdict=deny reason=broker-unavailable
Oct 03 16:43:17 baseweed-admin weston[929]: [16:43:17.415] qdwin: selection_set seat=default handle=2 primary=0 mimes='text/plain'
Oct 03 16:43:17 baseweed-admin weston[929]: [16:43:17.415] qdwin: selection_set seat=default handle=2 primary=0 mimes='text/plain'
Oct 03 16:43:17 baseweed-admin weston[929]: [16:43:17.415] qdwin: clear_selection seat=default clipboard cleared
Oct 03 16:43:17 baseweed-admin dbus-run-session[1026]:   INFO qml: [20261003-164317]  ClipboardGate CLIPBOARD_GATE seat=default src_silo=s127b dst_silo=s127b mime_types=text/plain verdict=deny reason=broker-unavailable
Oct 03 16:43:17 baseweed-admin dbus-run-session[1026]:   INFO qml: [20261003-164317]  ClipboardGate CLIPBOARD_GATE seat=default src_silo=s127b dst_silo=s127b mime_types=text/plain verdict=deny reason=broker-unavailable
Oct 03 16:43:18 baseweed-admin dbus-run-session[1026]:   INFO qml: [20261003-164318]  ClipboardGate CLIPBOARD_GATE seat=default src_silo=s127b dst_silo=s127b mime_types=text/plain verdict=deny reason=broker-unavailable
Oct 03 16:43:18 baseweed-admin dbus-run-session[1026]:   WARN: Process failed to start, likely because the binary could not be found. Command: QList("bluetoothctl", "show")
Oct 03 16:43:18 baseweed-admin weston[929]: [16:43:18.078] qdwin: selection_set seat=default handle=2 primary=0 mimes='text/plain'
Oct 03 16:43:18 baseweed-admin weston[929]: [16:43:18.078] qdwin: selection_set seat=default handle=2 primary=0 mimes='text/plain'
Oct 03 16:43:18 baseweed-admin weston[929]: [16:43:18.078] qdwin: clear_selection seat=default clipboard cleared
Oct 03 16:43:18 baseweed-admin dbus-run-session[1026]:   INFO qml: [20261003-164318]  ClipboardGate CLIPBOARD_GATE seat=default src_silo=s127b dst_silo=s127b mime_types=text/plain verdict=deny reason=broker-unavailable
Oct 03 16:43:18 baseweed-admin dbus-run-session[1026]:   INFO qml: [20261003-164318]  ClipboardGate CLIPBOARD_GATE seat=default src_silo=s127b dst_silo=s127b mime_types=text/plain verdict=deny reason=broker-unavailable
Oct 03 16:43:18 baseweed-admin dbus-run-session[1026]:   INFO qml: [20261003-164318]  ClipboardGate CLIPBOARD_GATE seat=default src_silo=s127b dst_silo=s127b mime_types=text/plain verdict=deny reason=broker-unavailable
Oct 03 16:43:18 baseweed-admin weston[929]: [16:43:18.767] qdwin: selection_set seat=default handle=2 primary=0 mimes='text/plain'
Oct 03 16:43:18 baseweed-admin weston[929]: [16:43:18.767] qdwin: selection_set seat=default handle=2 primary=0 mimes='text/plain'
Oct 03 16:43:18 baseweed-admin weston[929]: [16:43:18.767] qdwin: clear_selection seat=default clipboard cleared
Oct 03 16:43:18 baseweed-admin dbus-run-session[1026]:   INFO qml: [20261003-164318]  ClipboardGate CLIPBOARD_GATE seat=default src_silo=s127b dst_silo=s127b mime_types=text/plain verdict=deny reason=broker-unavailable
Oct 03 16:43:19 baseweed-admin dbus-run-session[1026]:   INFO qml: [20261003-164319]  ClipboardGate CLIPBOARD_GATE seat=default src_silo=s127b dst_silo=s127b mime_types=text/plain verdict=deny reason=broker-unavailable
Oct 03 16:43:19 baseweed-admin systemd[858]: qdistro-polkit-agent.service: Scheduled restart job, restart counter is at 55.
Oct 03 16:43:19 baseweed-admin systemd[858]: Started qdistro polkit authentication agent (PAM / fprintd / broker).
Oct 03 16:43:19 baseweed-admin qdistro-polkit-agent[8138]: registration failed: org.freedesktop.PolicyKit1.Error.Failed: Cannot determine session the caller is in
Oct 03 16:43:19 baseweed-admin python3[8138]: qdistro-polkit-agent: registration failed: org.freedesktop.PolicyKit1.Error.Failed: Cannot determine session the caller is in
Oct 03 16:43:19 baseweed-admin dbus-run-session[1026]:   INFO qml: [20261003-164319]  ClipboardGate CLIPBOARD_GATE seat=default src_silo=s127b dst_silo=s127b mime_types=text/plain verdict=deny reason=broker-unavailable
Oct 03 16:43:19 baseweed-admin weston[929]: [16:43:19.429] qdwin: selection_set seat=default handle=2 primary=0 mimes='text/plain'
Oct 03 16:43:19 baseweed-admin weston[929]: [16:43:19.429] qdwin: selection_set seat=default handle=2 primary=0 mimes='text/plain'
Oct 03 16:43:19 baseweed-admin weston[929]: [16:43:19.429] qdwin: clear_selection seat=default clipboard cleared
Oct 03 16:43:19 baseweed-admin systemd[858]: qdistro-polkit-agent.service: Main process exited, code=exited, status=1/FAILURE
Oct 03 16:43:19 baseweed-admin systemd[858]: qdistro-polkit-agent.service: Failed with result 'exit-code'.
Oct 03 16:43:19 baseweed-admin dbus-run-session[1026]:   INFO qml: [20261003-164319]  ClipboardGate CLIPBOARD_GATE seat=default src_silo=s127b dst_silo=s127b mime_types=text/plain verdict=deny reason=broker-unavailable
Oct 03 16:43:19 baseweed-admin dbus-run-session[1026]:   INFO qml: [20261003-164319]  ClipboardGate CLIPBOARD_GATE seat=default src_silo=s127b dst_silo=s127b mime_types=text/plain verdict=deny reason=broker-unavailable
Oct 03 16:43:19 baseweed-admin dbus-run-session[1026]:   WARN: Process failed to start, likely because the binary could not be found. Command: QList("bluetoothctl", "show")
Oct 03 16:43:20 baseweed-admin dbus-run-session[1026]:   WARN qml: [20261003-164320]       Location Weather is still fetching
Oct 03 16:43:20 baseweed-admin dbus-run-session[1026]:  ERROR qml: [20261003-164320]       Location Geocoding error: 0
Oct 03 16:43:20 baseweed-admin dbus-run-session[1026]:   INFO qml: [20261003-164320]        PodApps cache refresh loaded 0 apps
Oct 03 16:43:21 baseweed-admin dbus-run-session[1026]:   WARN: Process failed to start, likely because the binary could not be found. Command: QList("bluetoothctl", "show")
Oct 03 16:43:22 baseweed-admin systemd[858]: qdistro-polkit-agent.service: Scheduled restart job, restart counter is at 56.
Oct 03 16:43:22 baseweed-admin systemd[858]: Started qdistro polkit authentication agent (PAM / fprintd / broker).
Oct 03 16:43:22 baseweed-admin qdistro-polkit-agent[8174]: registration failed: org.freedesktop.PolicyKit1.Error.Failed: Cannot determine session the caller is in
Oct 03 16:43:22 baseweed-admin python3[8174]: qdistro-polkit-agent: registration failed: org.freedesktop.PolicyKit1.Error.Failed: Cannot determine session the caller is in
Oct 03 16:43:22 baseweed-admin systemd[858]: qdistro-polkit-agent.service: Main process exited, code=exited, status=1/FAILURE
Oct 03 16:43:22 baseweed-admin systemd[858]: qdistro-polkit-agent.service: Failed with result 'exit-code'.
Oct 03 16:43:23 baseweed-admin dbus-run-session[1026]:   WARN: Process failed to start, likely because the binary could not be found. Command: QList("bluetoothctl", "show")
Oct 03 16:43:25 baseweed-admin dbus-run-session[1026]:   WARN: Process failed to start, likely because the binary could not be found. Command: QList("bluetoothctl", "show")
Oct 03 16:43:25 baseweed-admin systemd[858]: qdistro-polkit-agent.service: Scheduled restart job, restart counter is at 57.
Oct 03 16:43:25 baseweed-admin systemd[858]: Started qdistro polkit authentication agent (PAM / fprintd / broker).
Oct 03 16:43:25 baseweed-admin systemd[858]: Started podman-8194.scope.
Oct 03 16:43:25 baseweed-admin systemd[858]: Started podman-8205.scope.
Oct 03 16:43:25 baseweed-admin qdistro-polkit-agent[8193]: registration failed: org.freedesktop.PolicyKit1.Error.Failed: Cannot determine session the caller is in
Oct 03 16:43:25 baseweed-admin python3[8193]: qdistro-polkit-agent: registration failed: org.freedesktop.PolicyKit1.Error.Failed: Cannot determine session the caller is in
Oct 03 16:43:25 baseweed-admin systemd[858]: qdistro-polkit-agent.service: Main process exited, code=exited, status=1/FAILURE
Oct 03 16:43:25 baseweed-admin systemd[858]: qdistro-polkit-agent.service: Failed with result 'exit-code'.
Oct 03 16:43:25 baseweed-admin systemd[858]: Started podman-8218.scope.
Oct 03 16:43:26 baseweed-admin systemd[858]: Started podman-8229.scope.
Oct 03 16:43:27 baseweed-admin dbus-run-session[1026]:   WARN: Process failed to start, likely because the binary could not be found. Command: QList("bluetoothctl", "show")
Oct 03 16:43:27 baseweed-admin dbus-run-session[1026]:   WARN qml: [20261003-164327]        Network Connectivity check error: Error: Not authorized to recheck connectivity.
Oct 03 16:43:29 baseweed-admin systemd[858]: qdistro-polkit-agent.service: Scheduled restart job, restart counter is at 58.
Oct 03 16:43:29 baseweed-admin systemd[858]: Started qdistro polkit authentication agent (PAM / fprintd / broker).
Oct 03 16:43:29 baseweed-admin qdistro-polkit-agent[8275]: registration failed: org.freedesktop.PolicyKit1.Error.Failed: Cannot determine session the caller is in
Oct 03 16:43:29 baseweed-admin python3[8275]: qdistro-polkit-agent: registration failed: org.freedesktop.PolicyKit1.Error.Failed: Cannot determine session the caller is in
Oct 03 16:43:29 baseweed-admin systemd[858]: qdistro-polkit-agent.service: Main process exited, code=exited, status=1/FAILURE
Oct 03 16:43:29 baseweed-admin systemd[858]: qdistro-polkit-agent.service: Failed with result 'exit-code'.
Oct 03 16:43:29 baseweed-admin systemd[858]: Started podman-8288.scope.
Oct 03 16:43:29 baseweed-admin dbus-run-session[1026]:   WARN: Process failed to start, likely because the binary could not be found. Command: QList("bluetoothctl", "show")
Oct 03 16:43:29 baseweed-admin systemd[858]: Started podman-8318.scope.
Oct 03 16:43:31 baseweed-admin dbus-run-session[1026]:   WARN: Process failed to start, likely because the binary could not be found. Command: QList("bluetoothctl", "show")
Oct 03 16:43:32 baseweed-admin systemd[858]: qdistro-polkit-agent.service: Scheduled restart job, restart counter is at 59.
Oct 03 16:43:32 baseweed-admin systemd[858]: Started qdistro polkit authentication agent (PAM / fprintd / broker).
Oct 03 16:43:32 baseweed-admin qdistro-polkit-agent[8331]: registration failed: org.freedesktop.PolicyKit1.Error.Failed: Cannot determine session the caller is in
Oct 03 16:43:32 baseweed-admin python3[8331]: qdistro-polkit-agent: registration failed: org.freedesktop.PolicyKit1.Error.Failed: Cannot determine session the caller is in
Oct 03 16:43:32 baseweed-admin systemd[858]: qdistro-polkit-agent.service: Main process exited, code=exited, status=1/FAILURE
Oct 03 16:43:32 baseweed-admin systemd[858]: qdistro-polkit-agent.service: Failed with result 'exit-code'.
Oct 03 16:43:33 baseweed-admin dbus-run-session[1026]:   WARN: Process failed to start, likely because the binary could not be found. Command: QList("bluetoothctl", "show")
Oct 03 16:43:35 baseweed-admin systemd[858]: qdistro-polkit-agent.service: Scheduled restart job, restart counter is at 60.
Oct 03 16:43:35 baseweed-admin systemd[858]: Started qdistro polkit authentication agent (PAM / fprintd / broker).
Oct 03 16:43:35 baseweed-admin dbus-run-session[1026]:   WARN: Process failed to start, likely because the binary could not be found. Command: QList("bluetoothctl", "show")
Oct 03 16:43:35 baseweed-admin qdistro-polkit-agent[8354]: registration failed: org.freedesktop.PolicyKit1.Error.Failed: Cannot determine session the caller is in
Oct 03 16:43:35 baseweed-admin python3[8354]: qdistro-polkit-agent: registration failed: org.freedesktop.PolicyKit1.Error.Failed: Cannot determine session the caller is in
Oct 03 16:43:35 baseweed-admin systemd[858]: qdistro-polkit-agent.service: Main process exited, code=exited, status=1/FAILURE
Oct 03 16:43:35 baseweed-admin systemd[858]: qdistro-polkit-agent.service: Failed with result 'exit-code'.
Oct 03 16:43:36 baseweed-admin systemd[858]: Started podman-8362.scope.
Oct 03 16:43:36 baseweed-admin systemd[858]: Started podman-8372.scope.
Oct 03 16:43:36 baseweed-admin systemd[858]: Started podman-8384.scope.
Oct 03 16:43:36 baseweed-admin systemd[858]: Started podman-8395.scope.
Oct 03 16:43:37 baseweed-admin dbus-run-session[1026]:   WARN: Process failed to start, likely because the binary could not be found. Command: QList("bluetoothctl", "show")
Oct 03 16:43:38 baseweed-admin systemd[858]: qdistro-polkit-agent.service: Scheduled restart job, restart counter is at 61.
Oct 03 16:43:38 baseweed-admin systemd[858]: Started qdistro polkit authentication agent (PAM / fprintd / broker).
Oct 03 16:43:38 baseweed-admin qdistro-polkit-agent[8416]: registration failed: org.freedesktop.PolicyKit1.Error.Failed: Cannot determine session the caller is in
Oct 03 16:43:38 baseweed-admin python3[8416]: qdistro-polkit-agent: registration failed: org.freedesktop.PolicyKit1.Error.Failed: Cannot determine session the caller is in
Oct 03 16:43:38 baseweed-admin systemd[858]: qdistro-polkit-agent.service: Main process exited, code=exited, status=1/FAILURE
Oct 03 16:43:38 baseweed-admin systemd[858]: qdistro-polkit-agent.service: Failed with result 'exit-code'.
Oct 03 16:43:39 baseweed-admin dbus-run-session[1026]:   WARN: Process failed to start, likely because the binary could not be found. Command: QList("bluetoothctl", "show")
Oct 03 16:43:40 baseweed-admin dbus-run-session[1026]:   WARN qml: [20261003-164340]       Location Weather is still fetching
Oct 03 16:43:40 baseweed-admin dbus-run-session[1026]:  ERROR qml: [20261003-164340]       Location Geocoding error: 0
Oct 03 16:43:41 baseweed-admin dbus-run-session[1026]:   WARN: Process failed to start, likely because the binary could not be found. Command: QList("bluetoothctl", "show")
Oct 03 16:43:41 baseweed-admin weston[929]: [16:43:41.831] qdwin: toplevel_removed handle=1
Oct 03 16:43:41 baseweed-admin dbus-run-session[1026]:   WARN: Could not load icon "user-desktop?fallback=application-x-executable" at size QSize(19, 19) from request
Oct 03 16:43:41 baseweed-admin podman[4911]: 2026-10-03 16:43:41.865262382 +0000 UTC m=+129.614959699 container died 3d7cf04fed8413c18929c409c6ce6a954018133c2b809822854d39f5150d68f8 (image=localhost/qdistro/tier3s-weston-terminal:latest, name=qdistro-tier3s-s127a, org.opencontainers.image.description=Image containing a minimal environment for containers based on openSUSE Tumbleweed., org.opensuse.base.disturl=obs://build.opensuse.org/openSUSE:Factory/images/561f9d4c8e4e1a441f95ad4ec6b5a914-opensuse-tumbleweed-image:docker, org.opensuse.base.created=2026-09-30T20:05:54.126624488Z, org.opensuse.base.source=https://build.opensuse.org/package/show/openSUSE:Factory/opensuse-tumbleweed-image?rev=561f9d4c8e4e1a441f95ad4ec6b5a914, org.qdistro.snapshot=20260930, org.opensuse.base.vendor=openSUSE Project, org.qdistro.tier3s.workload=weston-terminal, org.opensuse.lifecycle-url=https://en.opensuse.org/Lifetime, org.opensuse.base.description=Image containing a minimal environment for containers based on openSUSE Tumbleweed., org.opensuse.base.url=https://www.opensuse.org, org.opencontainers.image.created=2026-09-30T20:05:54.126624488Z, org.opensuse.base.version=20260930.37.208, org.openbuildservice.disturl=obs://build.opensuse.org/openSUSE:Factory/images/561f9d4c8e4e1a441f95ad4ec6b5a914-opensuse-tumbleweed-image:docker, org.opencontainers.image.title=openSUSE Tumbleweed Base Container, qdistro_tier3s_token=4630c4db645ed4e87610b5ba786de85a, org.opensuse.base.title=openSUSE Tumbleweed Base Container, org.opensuse.reference=registry.opensuse.org/opensuse/tumbleweed:20260930.37.208, org.opencontainers.image.version=20260930.37.208, org.opencontainers.image.url=https://www.opensuse.org, org.opensuse.base.lifecycle-url=https://en.opensuse.org/Lifetime, org.opencontainers.image.vendor=openSUSE Project, io.buildah.version=1.44.1, qdistro_tier3s_unit=qdistro-tier3s-silo@s127a.service, org.opencontainers.image.source=https://build.opensuse.org/package/show/openSUSE:Factory/opensuse-tumbleweed-image?rev=561f9d4c8e4e1a441f95ad4ec6b5a914, org.opensuse.base.reference=registry.opensuse.org/opensuse/tumbleweed:20260930.37.208)
Oct 03 16:43:42 baseweed-admin systemd[858]: qdistro-polkit-agent.service: Scheduled restart job, restart counter is at 62.
Oct 03 16:43:42 baseweed-admin systemd[858]: Started qdistro polkit authentication agent (PAM / fprintd / broker).
Oct 03 16:43:42 baseweed-admin qdistro-polkit-agent[9048]: registration failed: org.freedesktop.PolicyKit1.Error.Failed: Cannot determine session the caller is in
Oct 03 16:43:42 baseweed-admin python3[9048]: qdistro-polkit-agent: registration failed: org.freedesktop.PolicyKit1.Error.Failed: Cannot determine session the caller is in
Oct 03 16:43:42 baseweed-admin systemd[858]: qdistro-polkit-agent.service: Main process exited, code=exited, status=1/FAILURE
Oct 03 16:43:42 baseweed-admin systemd[858]: qdistro-polkit-agent.service: Failed with result 'exit-code'.
Oct 03 16:43:42 baseweed-admin dbus-run-session[1026]:   WARN qml: [20261003-164342]        Network Connectivity check error: Error: Not authorized to recheck connectivity.
Oct 03 16:43:43 baseweed-admin dbus-run-session[1026]:   WARN: Process failed to start, likely because the binary could not be found. Command: QList("bluetoothctl", "show")
Oct 03 16:43:44 baseweed-admin podman[4911]: 2026-10-03 16:43:44.024361683 +0000 UTC m=+131.774058969 container remove 3d7cf04fed8413c18929c409c6ce6a954018133c2b809822854d39f5150d68f8 (image=localhost/qdistro/tier3s-weston-terminal:latest, name=qdistro-tier3s-s127a, org.opencontainers.image.source=https://build.opensuse.org/package/show/openSUSE:Factory/opensuse-tumbleweed-image?rev=561f9d4c8e4e1a441f95ad4ec6b5a914, org.qdistro.tier3s.workload=weston-terminal, org.opensuse.base.reference=registry.opensuse.org/opensuse/tumbleweed:20260930.37.208, org.openbuildservice.disturl=obs://build.opensuse.org/openSUSE:Factory/images/561f9d4c8e4e1a441f95ad4ec6b5a914-opensuse-tumbleweed-image:docker, org.opensuse.base.description=Image containing a minimal environment for containers based on openSUSE Tumbleweed., io.buildah.version=1.44.1, org.opensuse.base.title=openSUSE Tumbleweed Base Container, org.opensuse.base.vendor=openSUSE Project, qdistro_tier3s_token=4630c4db645ed4e87610b5ba786de85a, org.opencontainers.image.vendor=openSUSE Project, org.opensuse.base.url=https://www.opensuse.org, org.opencontainers.image.version=20260930.37.208, org.opensuse.base.lifecycle-url=https://en.opensuse.org/Lifetime, org.opencontainers.image.description=Image containing a minimal environment for containers based on openSUSE Tumbleweed., org.opensuse.base.disturl=obs://build.opensuse.org/openSUSE:Factory/images/561f9d4c8e4e1a441f95ad4ec6b5a914-opensuse-tumbleweed-image:docker, org.qdistro.snapshot=20260930, org.opensuse.reference=registry.opensuse.org/opensuse/tumbleweed:20260930.37.208, org.opencontainers.image.title=openSUSE Tumbleweed Base Container, org.opensuse.base.created=2026-09-30T20:05:54.126624488Z, org.opensuse.base.source=https://build.opensuse.org/package/show/openSUSE:Factory/opensuse-tumbleweed-image?rev=561f9d4c8e4e1a441f95ad4ec6b5a914, org.opencontainers.image.url=https://www.opensuse.org, org.opensuse.base.version=20260930.37.208, org.opensuse.lifecycle-url=https://en.opensuse.org/Lifetime, qdistro_tier3s_unit=qdistro-tier3s-silo@s127a.service, org.opencontainers.image.created=2026-09-30T20:05:54.126624488Z)
Oct 03 16:43:44 baseweed-admin systemd[858]: Started podman-10091.scope.
Oct 03 16:43:44 baseweed-admin systemd[858]: Started podman-10172.scope.
Oct 03 16:43:45 baseweed-admin systemd[858]: qdistro-polkit-agent.service: Scheduled restart job, restart counter is at 63.
Oct 03 16:43:45 baseweed-admin systemd[858]: Started qdistro polkit authentication agent (PAM / fprintd / broker).
Oct 03 16:43:45 baseweed-admin weston[929]: [16:43:45.348] qdwin: toplevel_removed handle=2
Oct 03 16:43:45 baseweed-admin weston[929]: [16:43:45.348] qdwin: focus handle=4294967295 (was 2) seat=default
Oct 03 16:43:45 baseweed-admin weston[929]: [16:43:45.348] qdwin: seat_focus_changed seat=default handle=4294967295
Oct 03 16:43:45 baseweed-admin dbus-run-session[1026]:   WARN: Could not load icon "user-desktop?fallback=application-x-executable" at size QSize(19, 19) from request
Oct 03 16:43:45 baseweed-admin dbus-run-session[1026]:   INFO qml: [20261003-164345]  ClipboardGate CLIPBOARD_FOCUS_GATE seat=default src_silo=s127b dst_silo=unknown is_primary=0 verdict=deny reason=focus-cross-silo
Oct 03 16:43:45 baseweed-admin weston[929]: [16:43:45.383] qdwin: selection_set seat=default handle=4294967295 primary=0 mimes='text/plain'
Oct 03 16:43:45 baseweed-admin weston[929]: [16:43:45.383] qdwin: selection_set seat=default handle=4294967295 primary=0 mimes='text/plain'
Oct 03 16:43:45 baseweed-admin weston[929]: [16:43:45.384] qdwin: clear_selection seat=default clipboard cleared
Oct 03 16:43:45 baseweed-admin dbus-run-session[1026]:   INFO qml: [20261003-164345]  ClipboardGate CLIPBOARD_GATE seat=default src_silo=unknown dst_silo=unknown mime_types=text/plain verdict=deny reason=unknown-identity
Oct 03 16:43:45 baseweed-admin dbus-run-session[1026]:   INFO qml: [20261003-164345]  ClipboardGate CLIPBOARD_GATE seat=default src_silo=unknown dst_silo=unknown mime_types=text/plain verdict=deny reason=unknown-identity
Oct 03 16:43:45 baseweed-admin weston[929]: [16:43:45.385] qdwin: selection_set seat=default handle=4294967295 primary=0 mimes='text/plain'
Oct 03 16:43:45 baseweed-admin weston[929]: [16:43:45.385] qdwin: selection_set seat=default handle=4294967295 primary=0 mimes='text/plain'
Oct 03 16:43:45 baseweed-admin weston[929]: [16:43:45.385] qdwin: clear_selection seat=default clipboard cleared
Oct 03 16:43:45 baseweed-admin dbus-run-session[1026]:   INFO qml: [20261003-164345]  ClipboardGate CLIPBOARD_GATE seat=default src_silo=unknown dst_silo=unknown mime_types=text/plain verdict=deny reason=unknown-identity
Oct 03 16:43:45 baseweed-admin dbus-run-session[1026]:   INFO qml: [20261003-164345]  ClipboardGate CLIPBOARD_GATE seat=default src_silo=unknown dst_silo=unknown mime_types=text/plain verdict=deny reason=unknown-identity
Oct 03 16:43:45 baseweed-admin podman[5662]: 2026-10-03 16:43:45.416734796 +0000 UTC m=+121.082288626 container died fef0095bec624f88ed3a33c94251b97a6ce537283b6fee602d662ce109f641b8 (image=localhost/qdistro/tier3s-weston-terminal:latest, name=qdistro-tier3s-s127b, org.opencontainers.image.title=openSUSE Tumbleweed Base Container, org.opensuse.base.url=https://www.opensuse.org, org.opencontainers.image.description=Image containing a minimal environment for containers based on openSUSE Tumbleweed., org.opensuse.lifecycle-url=https://en.opensuse.org/Lifetime, org.opencontainers.image.url=https://www.opensuse.org, org.openbuildservice.disturl=obs://build.opensuse.org/openSUSE:Factory/images/561f9d4c8e4e1a441f95ad4ec6b5a914-opensuse-tumbleweed-image:docker, org.opencontainers.image.version=20260930.37.208, org.opensuse.base.source=https://build.opensuse.org/package/show/openSUSE:Factory/opensuse-tumbleweed-image?rev=561f9d4c8e4e1a441f95ad4ec6b5a914, org.opensuse.base.vendor=openSUSE Project, org.opencontainers.image.source=https://build.opensuse.org/package/show/openSUSE:Factory/opensuse-tumbleweed-image?rev=561f9d4c8e4e1a441f95ad4ec6b5a914, qdistro_tier3s_token=6b3642d5b943c035f503719f4e34294e, io.buildah.version=1.44.1, org.opensuse.base.version=20260930.37.208, org.qdistro.tier3s.workload=weston-terminal, org.opensuse.base.created=2026-09-30T20:05:54.126624488Z, org.opensuse.reference=registry.opensuse.org/opensuse/tumbleweed:20260930.37.208, org.opensuse.base.lifecycle-url=https://en.opensuse.org/Lifetime, org.opencontainers.image.vendor=openSUSE Project, org.opensuse.base.description=Image containing a minimal environment for containers based on openSUSE Tumbleweed., qdistro_tier3s_unit=qdistro-tier3s-silo@s127b.service, org.opensuse.base.title=openSUSE Tumbleweed Base Container, org.opencontainers.image.created=2026-09-30T20:05:54.126624488Z, org.qdistro.snapshot=20260930, org.opensuse.base.reference=registry.opensuse.org/opensuse/tumbleweed:20260930.37.208, org.opensuse.base.disturl=obs://build.opensuse.org/openSUSE:Factory/images/561f9d4c8e4e1a441f95ad4ec6b5a914-opensuse-tumbleweed-image:docker)
Oct 03 16:43:45 baseweed-admin qdistro-polkit-agent[10474]: registration failed: org.freedesktop.PolicyKit1.Error.Failed: Cannot determine session the caller is in
Oct 03 16:43:45 baseweed-admin python3[10474]: qdistro-polkit-agent: registration failed: org.freedesktop.PolicyKit1.Error.Failed: Cannot determine session the caller is in
Oct 03 16:43:45 baseweed-admin systemd[858]: qdistro-polkit-agent.service: Main process exited, code=exited, status=1/FAILURE
Oct 03 16:43:45 baseweed-admin systemd[858]: qdistro-polkit-agent.service: Failed with result 'exit-code'.
Oct 03 16:43:45 baseweed-admin dbus-run-session[1026]:   WARN: Process failed to start, likely because the binary could not be found. Command: QList("bluetoothctl", "show")
Oct 03 16:43:47 baseweed-admin systemd[858]: Started podman-10982.scope.
Oct 03 16:43:47 baseweed-admin dbus-run-session[1026]:   WARN: Process failed to start, likely because the binary could not be found. Command: QList("bluetoothctl", "show")
Oct 03 16:43:47 baseweed-admin podman[5662]: 2026-10-03 16:43:47.842063433 +0000 UTC m=+123.507617253 container remove fef0095bec624f88ed3a33c94251b97a6ce537283b6fee602d662ce109f641b8 (image=localhost/qdistro/tier3s-weston-terminal:latest, name=qdistro-tier3s-s127b, org.opensuse.base.version=20260930.37.208, org.qdistro.tier3s.workload=weston-terminal, org.openbuildservice.disturl=obs://build.opensuse.org/openSUSE:Factory/images/561f9d4c8e4e1a441f95ad4ec6b5a914-opensuse-tumbleweed-image:docker, org.opensuse.base.lifecycle-url=https://en.opensuse.org/Lifetime, org.opensuse.base.title=openSUSE Tumbleweed Base Container, org.opencontainers.image.source=https://build.opensuse.org/package/show/openSUSE:Factory/opensuse-tumbleweed-image?rev=561f9d4c8e4e1a441f95ad4ec6b5a914, org.opensuse.base.created=2026-09-30T20:05:54.126624488Z, org.opensuse.base.description=Image containing a minimal environment for containers based on openSUSE Tumbleweed., org.opensuse.lifecycle-url=https://en.opensuse.org/Lifetime, io.buildah.version=1.44.1, org.opensuse.base.reference=registry.opensuse.org/opensuse/tumbleweed:20260930.37.208, org.opencontainers.image.created=2026-09-30T20:05:54.126624488Z, org.opensuse.reference=registry.opensuse.org/opensuse/tumbleweed:20260930.37.208, qdistro_tier3s_unit=qdistro-tier3s-silo@s127b.service, org.opensuse.base.disturl=obs://build.opensuse.org/openSUSE:Factory/images/561f9d4c8e4e1a441f95ad4ec6b5a914-opensuse-tumbleweed-image:docker, org.opensuse.base.vendor=openSUSE Project, org.qdistro.snapshot=20260930, org.opencontainers.image.description=Image containing a minimal environment for containers based on openSUSE Tumbleweed., org.opencontainers.image.title=openSUSE Tumbleweed Base Container, org.opensuse.base.url=https://www.opensuse.org, org.opencontainers.image.url=https://www.opensuse.org, org.opencontainers.image.version=20260930.37.208, qdistro_tier3s_token=6b3642d5b943c035f503719f4e34294e, org.opencontainers.image.vendor=openSUSE Project, org.opensuse.base.source=https://build.opensuse.org/package/show/openSUSE:Factory/opensuse-tumbleweed-image?rev=561f9d4c8e4e1a441f95ad4ec6b5a914)
Oct 03 16:43:48 baseweed-admin systemd[858]: Started podman-11705.scope.
Oct 03 16:43:48 baseweed-admin systemd[858]: Started podman-11783.scope.
Oct 03 16:43:48 baseweed-admin systemd[858]: qdistro-polkit-agent.service: Scheduled restart job, restart counter is at 64.
Oct 03 16:43:48 baseweed-admin systemd[858]: Started qdistro polkit authentication agent (PAM / fprintd / broker).
Oct 03 16:43:48 baseweed-admin qdistro-polkit-agent[11792]: registration failed: org.freedesktop.PolicyKit1.Error.Failed: Cannot determine session the caller is in
Oct 03 16:43:48 baseweed-admin python3[11792]: qdistro-polkit-agent: registration failed: org.freedesktop.PolicyKit1.Error.Failed: Cannot determine session the caller is in
Oct 03 16:43:48 baseweed-admin systemd[858]: qdistro-polkit-agent.service: Main process exited, code=exited, status=1/FAILURE
Oct 03 16:43:48 baseweed-admin systemd[858]: qdistro-polkit-agent.service: Failed with result 'exit-code'.
Oct 03 16:43:48 baseweed-admin systemd[858]: Started podman-11863.scope.
Oct 03 16:43:48 baseweed-admin systemd[858]: Started podman-11873.scope.
Oct 03 16:43:49 baseweed-admin systemd[858]: Started podman-11939.scope.
Oct 03 16:43:49 baseweed-admin systemd[858]: Started podman-11949.scope.
Oct 03 16:43:49 baseweed-admin systemd[858]: Started podman-11995.scope.
Oct 03 16:43:49 baseweed-admin dbus-run-session[1026]:   WARN: Process failed to start, likely because the binary could not be found. Command: QList("bluetoothctl", "show")
Oct 03 16:43:50 baseweed-admin dbus-run-session[1026]:   INFO qml: [20261003-164350]        PodApps cache refresh loaded 0 apps
