Oct 03 16:42:06 baseweed-admin systemd[862]: Queued start job for default target Main User Target.
Oct 03 16:42:06 baseweed-admin systemd[862]: Created slice User Application Slice.
Oct 03 16:42:06 baseweed-admin systemd[862]: Created slice User Core Session Slice.
Oct 03 16:42:06 baseweed-admin systemd[862]: Started Daily Cleanup of User's Temporary Directories.
Oct 03 16:42:06 baseweed-admin systemd[862]: Reached target Paths.
Oct 03 16:42:06 baseweed-admin systemd[862]: Reached target Timers.
Oct 03 16:42:06 baseweed-admin systemd[862]: Starting D-Bus User Message Bus Socket...
Oct 03 16:42:06 baseweed-admin systemd[862]: Listening on PipeWire Multimedia System Sockets.
Oct 03 16:42:06 baseweed-admin systemd[862]: Listening on Query the User Interactively for a Password.
Oct 03 16:42:06 baseweed-admin systemd[862]: Listening on Disk Image Download Service Socket.
Oct 03 16:42:06 baseweed-admin systemd[862]: Listening on Virtual Machine and Container Registration Service Socket.
Oct 03 16:42:06 baseweed-admin systemd[862]: Starting Create User Files and Directories...
Oct 03 16:42:06 baseweed-admin systemd[862]: Listening on D-Bus User Message Bus Socket.
Oct 03 16:42:06 baseweed-admin systemd[862]: Reached target Sockets.
Oct 03 16:42:06 baseweed-admin systemd[862]: Starting D-Bus User Message Bus...
Oct 03 16:42:06 baseweed-admin systemd[862]: Finished Create User Files and Directories.
Oct 03 16:42:06 baseweed-admin dbus-broker-launch[923]: Policy to allow eavesdropping in /usr/share/dbus-1/session.conf +31: Eavesdropping is deprecated and ignored
Oct 03 16:42:06 baseweed-admin systemd[862]: Started D-Bus User Message Bus.
Oct 03 16:42:06 baseweed-admin systemd[862]: Reached target Basic System.
Oct 03 16:42:06 baseweed-admin systemd[862]: Reached target Current graphical user session.
Oct 03 16:42:06 baseweed-admin systemd[862]: Started PipeWire Multimedia Service.
Oct 03 16:42:06 baseweed-admin dbus-broker-launch[923]: Ready
Oct 03 16:42:06 baseweed-admin systemd[862]: Starting qdistro browser screen-lock inhibit daemon (Bridge Phase-9e)...
Oct 03 16:42:06 baseweed-admin systemd[862]: Starting qdistro browser download-notification daemon (Bridge Phase-9e)...
Oct 03 16:42:06 baseweed-admin systemd[862]: Starting qdistro browser MPRIS republisher (Bridge Phase-9e)...
Oct 03 16:42:06 baseweed-admin systemd[862]: Starting qdistro browser web-notification relay (Bridge Phase-9e)...
Oct 03 16:42:06 baseweed-admin systemd[862]: qdistro-polkit-agent.service: unit configures an IP firewall, but not running as root.
Oct 03 16:42:06 baseweed-admin systemd[862]: qdistro-polkit-agent.service: (This warning is only shown for the first unit using IP firewalling.)
Oct 03 16:42:06 baseweed-admin systemd[862]: Started qdistro polkit authentication agent (PAM / fprintd / broker).
Oct 03 16:42:06 baseweed-admin systemd[862]: Starting qdistro pwd XDG portal Secret backend (spec/13 Phase-8.3)...
Oct 03 16:42:06 baseweed-admin systemd[862]: Started qdwin compositor (libweston + qdwin-shell.so).
Oct 03 16:42:06 baseweed-admin systemd[862]: Starting qdistro screen locker (qdlocker)...
Oct 03 16:42:06 baseweed-admin systemd[862]: Starting qdshell desktop (Quickshell QML on top of qdwin)...
Oct 03 16:42:06 baseweed-admin systemd[862]: Started Multimedia Service Session Manager.
Oct 03 16:42:06 baseweed-admin systemd[862]: Starting ydotool synthetic input daemon for qdistro VM tests...
Oct 03 16:42:06 baseweed-admin systemd[862]: Started ydotool synthetic input daemon for qdistro VM tests.
Oct 03 16:42:06 baseweed-admin weston[938]: Date: 2026-10-03 UTC
Oct 03 16:42:06 baseweed-admin weston[938]: [16:42:06.184] weston 16.0.0
Oct 03 16:42:06 baseweed-admin weston[938]:                https://wayland.freedesktop.org
Oct 03 16:42:06 baseweed-admin weston[938]:                Bug reports to: https://gitlab.freedesktop.org/wayland/weston/issues/
Oct 03 16:42:06 baseweed-admin weston[938]:                Build: 16.0.0
Oct 03 16:42:06 baseweed-admin weston[938]: [16:42:06.184] Command line: /usr/bin/weston --config=/home/admin/weston.ini --socket=wayland-1
Oct 03 16:42:06 baseweed-admin weston[938]: [16:42:06.184] OS: Linux, 7.2.8-1-default, #1 SMP PREEMPT_DYNAMIC Sat Sep 26 07:00:58 UTC 2026 (9b36732), x86_64
Oct 03 16:42:06 baseweed-admin weston[938]: [16:42:06.184] Flight recorder: enabled, scopes subscribed: log
Oct 03 16:42:06 baseweed-admin weston[938]: [16:42:06.184] Using config file '/home/admin/weston.ini'
Oct 03 16:42:06 baseweed-admin weston[938]: [16:42:06.185] Output repaint window is 7 ms maximum.
Oct 03 16:42:06 baseweed-admin weston[938]: [16:42:06.185] Loading module '/usr/libexec/qdistro/qdwin-libweston/lib64/libweston-16/drm-backend.so'
Oct 03 16:42:06 baseweed-admin weston[938]: [16:42:06.194] initializing drm backend
Oct 03 16:42:06 baseweed-admin weston[938]: [16:42:06.194] Trying libseat launcher...
Oct 03 16:42:06 baseweed-admin weston[938]: [16:42:06.197] [libseat/libseat.c:73] Seat opened with backend 'seatd'
Oct 03 16:42:06 baseweed-admin weston[938]: [16:42:06.197] [libseat/backend/seatd.c:218] Enabling seat
Oct 03 16:42:06 baseweed-admin weston[938]: [16:42:06.197] libseat: session control granted
Oct 03 16:42:06 baseweed-admin weston[938]: [16:42:06.198] using /dev/dri/card0
Oct 03 16:42:06 baseweed-admin weston[938]: [16:42:06.198] DRM: supports atomic modesetting
Oct 03 16:42:06 baseweed-admin weston[938]: [16:42:06.198] DRM: supports cursor-plane hotspot (virtualized cursor)
Oct 03 16:42:06 baseweed-admin weston[938]: [16:42:06.198] DRM: does not support GBM modifiers
Oct 03 16:42:06 baseweed-admin weston[938]: [16:42:06.198] DRM: does not support Atomic async page flip
Oct 03 16:42:06 baseweed-admin weston[938]: [16:42:06.198] DRM: supports picture aspect ratio
Oct 03 16:42:06 baseweed-admin weston[938]: [16:42:06.198] DRM: EDID for the following head fails conformity:
Oct 03 16:42:06 baseweed-admin weston[938]: Block 1, CTA-861 Extension Block:
Oct 03 16:42:06 baseweed-admin weston[938]:   Padding: Contains non-zero bytes.
Oct 03 16:42:06 baseweed-admin weston[938]: [16:42:06.198] DRM: head 'Virtual-1' found, connector 40 is connected, EDID make 'Red Hat, Inc.', model 'QEMU Monitor', serial ''
Oct 03 16:42:06 baseweed-admin weston[938]:                Supported EOTF modes: SDR
Oct 03 16:42:06 baseweed-admin weston[938]:                Supported colorimetry modes: default
Oct 03 16:42:06 baseweed-admin weston[938]:                Supported VRR modes: (none),
Oct 03 16:42:06 baseweed-admin weston[938]:                Supported color formats: AUTO
Oct 03 16:42:06 baseweed-admin systemd[862]: Started qdistro browser web-notification relay (Bridge Phase-9e).
Oct 03 16:42:06 baseweed-admin podman[899]: 2026-10-03 16:42:06.292152817 +0000 UTC m=+0.287962175 system refresh
Oct 03 16:42:06 baseweed-admin systemd[862]: selinux: avc:  denied  { start } for auid=n/a uid=1000 gid=1000 cmdline="podman ps -a --filter label=qdistro_disposable=1 --format {{.Names}}" function="method_start_transient_unit" scontext=system_u:system_r:qdistro_sessmgr_t:s0 tcontext=unconfined_u:unconfined_r:unconfined_t:s0-s0:c0.c1023 tclass=system permissive=1
Oct 03 16:42:06 baseweed-admin systemd[862]: Created slice Slice /user.
Oct 03 16:42:06 baseweed-admin systemd[862]: Started podman-899.scope.
Oct 03 16:42:06 baseweed-admin systemd[862]: Started qdistro browser screen-lock inhibit daemon (Bridge Phase-9e).
Oct 03 16:42:06 baseweed-admin systemd[862]: Started qdistro browser download-notification daemon (Bridge Phase-9e).
Oct 03 16:42:06 baseweed-admin systemd[862]: Started qdistro browser MPRIS republisher (Bridge Phase-9e).
Oct 03 16:42:06 baseweed-admin qdistro-polkit-agent[933]: registration failed: org.freedesktop.PolicyKit1.Error.Failed: Cannot determine session the caller is in
Oct 03 16:42:06 baseweed-admin systemd[862]: Started podman-pause-42fd6409.scope.
Oct 03 16:42:06 baseweed-admin python3[933]: qdistro-polkit-agent: registration failed: org.freedesktop.PolicyKit1.Error.Failed: Cannot determine session the caller is in
Oct 03 16:42:06 baseweed-admin qdistro_pwd_portal.py[937]: [qdistro-pwd-portal] listening on org.qdistro.PortalSecret /org/freedesktop/portal/desktop
Oct 03 16:42:06 baseweed-admin systemd[862]: Started qdistro pwd XDG portal Secret backend (spec/13 Phase-8.3).
Oct 03 16:42:06 baseweed-admin qdistro_pwd_portal.py[937]: /usr/libexec/qdistro/qdistro_pwd_portal.py:201: PyGIDeprecationWarning: GLib.unix_signal_add is deprecated; use GLibUnix.signal_add instead
Oct 03 16:42:06 baseweed-admin qdistro_pwd_portal.py[937]:   GLib.unix_signal_add(GLib.PRIORITY_HIGH, signal.SIGTERM, _on_term, None)
Oct 03 16:42:06 baseweed-admin qdistro_pwd_portal.py[937]: /usr/libexec/qdistro/qdistro_pwd_portal.py:202: PyGIDeprecationWarning: GLib.unix_signal_add is deprecated; use GLibUnix.signal_add instead
Oct 03 16:42:06 baseweed-admin qdistro_pwd_portal.py[937]:   GLib.unix_signal_add(GLib.PRIORITY_HIGH, signal.SIGINT,  _on_term, None)
Oct 03 16:42:06 baseweed-admin systemd[862]: Auto-unlock the qdistro portal-keys vault at login skipped, unmet condition check ConditionPathExists=/var/lib/qdistro/vaults/portal-keys-pin.tpm
Oct 03 16:42:06 baseweed-admin systemd[862]: qdistro-polkit-agent.service: Main process exited, code=exited, status=1/FAILURE
Oct 03 16:42:06 baseweed-admin systemd[862]: qdistro-polkit-agent.service: Failed with result 'exit-code'.
Oct 03 16:42:06 baseweed-admin weston[938]: [16:42:06.400] Loading module '/usr/libexec/qdistro/qdwin-libweston/lib64/libweston-16/gl-renderer.so'
Oct 03 16:42:06 baseweed-admin weston[938]: [16:42:06.410] warning: failed to query rendering device from EGL
Oct 03 16:42:06 baseweed-admin weston[938]: [16:42:06.410] EGL version: 1.5
Oct 03 16:42:06 baseweed-admin weston[938]: [16:42:06.410] EGL vendor: Mesa Project
Oct 03 16:42:06 baseweed-admin weston[938]: [16:42:06.410] EGL client APIs: OpenGL OpenGL_ES
Oct 03 16:42:06 baseweed-admin weston[938]: [16:42:06.410] EGL features:
Oct 03 16:42:06 baseweed-admin weston[938]:                EGL Wayland extension: no
Oct 03 16:42:06 baseweed-admin weston[938]:                context priority: no
Oct 03 16:42:06 baseweed-admin weston[938]:                buffer age: yes
Oct 03 16:42:06 baseweed-admin weston[938]:                partial update: no
Oct 03 16:42:06 baseweed-admin weston[938]:                swap buffers with damage: no
Oct 03 16:42:06 baseweed-admin weston[938]:                configless context: yes
Oct 03 16:42:06 baseweed-admin weston[938]:                surfaceless context: yes
Oct 03 16:42:06 baseweed-admin weston[938]:                dmabuf support: modifiers
Oct 03 16:42:06 baseweed-admin weston[938]:                fence sync: yes (wait)
Oct 03 16:42:06 baseweed-admin systemd[862]: Started podman-991.scope.
Oct 03 16:42:06 baseweed-admin wireplumber[941]: [0:00:05.184008976] [941]  INFO Camera camera_manager.cpp:340 libcamera v0.7.2
Oct 03 16:42:06 baseweed-admin wireplumber[941]: [0:00:05.184144932] [1016]  WARN IPAManager ipa_manager.cpp:159 No IPA found in '/usr/lib64/libcamera/ipa'
Oct 03 16:42:06 baseweed-admin wireplumber[941]: [0:00:05.184365143] [1016] ERROR DmaBufAllocator dma_buf_allocator.cpp:119 Could not open any dma-buf provider
Oct 03 16:42:06 baseweed-admin weston[938]: [16:42:06.462] GL version: OpenGL ES 3.2 Mesa 26.2.3
Oct 03 16:42:06 baseweed-admin weston[938]: [16:42:06.462] GLSL version: OpenGL ES GLSL ES 3.20
Oct 03 16:42:06 baseweed-admin weston[938]: [16:42:06.462] GL vendor: Mesa
Oct 03 16:42:06 baseweed-admin weston[938]: [16:42:06.462] GL renderer: llvmpipe (LLVM 23.1.1, 256 bits)
Oct 03 16:42:06 baseweed-admin weston[938]: [16:42:06.468] GL ES 3.2 - renderer features:
Oct 03 16:42:06 baseweed-admin weston[938]:                read-back format: ARGB8888
Oct 03 16:42:06 baseweed-admin weston[938]:                glReadPixels supports y-flip: yes
Oct 03 16:42:06 baseweed-admin weston[938]:                glReadPixels supports PBO: yes
Oct 03 16:42:06 baseweed-admin weston[938]:                wl_shm 10 bpc formats: yes
Oct 03 16:42:06 baseweed-admin weston[938]:                wl_shm 16 bpc formats: yes
Oct 03 16:42:06 baseweed-admin weston[938]:                wl_shm half-float formats: yes
Oct 03 16:42:06 baseweed-admin weston[938]:                internal R and RG formats: yes
Oct 03 16:42:06 baseweed-admin weston[938]:                OES_EGL_image_external: yes
Oct 03 16:42:06 baseweed-admin weston[938]:                GPU timeline: no
Oct 03 16:42:06 baseweed-admin weston[938]:                Texture immutability: yes
Oct 03 16:42:06 baseweed-admin weston[938]:                Required precision: yes
Oct 03 16:42:06 baseweed-admin weston[938]:                In-shader blending: yes
Oct 03 16:42:06 baseweed-admin weston[938]: [16:42:06.468] Using GL renderer
Oct 03 16:42:06 baseweed-admin weston[938]: [16:42:06.531] event3  - QEMU QEMU USB Tablet: is tagged by udev as: Mouse
Oct 03 16:42:06 baseweed-admin weston[938]: [16:42:06.532] event3  - QEMU QEMU USB Tablet: device is a pointer
Oct 03 16:42:06 baseweed-admin weston[938]: [16:42:06.533] event4  - Power Button: is tagged by udev as: Keyboard
Oct 03 16:42:06 baseweed-admin weston[938]: [16:42:06.533] event4  - Power Button: device is a keyboard
Oct 03 16:42:06 baseweed-admin weston[938]: [16:42:06.534] event0  - AT Translated Set 2 keyboard: is tagged by udev as: Keyboard
Oct 03 16:42:06 baseweed-admin weston[938]: [16:42:06.534] event0  - AT Translated Set 2 keyboard: device is a keyboard
Oct 03 16:42:06 baseweed-admin weston[938]: [16:42:06.535] event2  - VirtualPS/2 VMware VMMouse: is tagged by udev as: Mouse
Oct 03 16:42:06 baseweed-admin weston[938]: [16:42:06.535] event2  - VirtualPS/2 VMware VMMouse: emulating high-resolution scroll wheel events.
Oct 03 16:42:06 baseweed-admin weston[938]: [16:42:06.535] event2  - VirtualPS/2 VMware VMMouse: device is a pointer
Oct 03 16:42:06 baseweed-admin weston[938]: [16:42:06.536] event1  - VirtualPS/2 VMware VMMouse: is tagged by udev as: Mouse
Oct 03 16:42:06 baseweed-admin weston[938]: [16:42:06.536] event1  - VirtualPS/2 VMware VMMouse: device is a pointer
Oct 03 16:42:06 baseweed-admin weston[938]: [16:42:06.536] event5  - PC Speaker: not tagged as supported input device
Oct 03 16:42:06 baseweed-admin weston[938]: [16:42:06.551] event5  - not using input device '/dev/input/event5'
Oct 03 16:42:06 baseweed-admin weston[938]: [16:42:06.552] event6  - ydotoold virtual device: is tagged by udev as: Keyboard
Oct 03 16:42:06 baseweed-admin weston[938]: [16:42:06.552] event6  - ydotoold virtual device: emulating high-resolution scroll wheel events.
Oct 03 16:42:06 baseweed-admin weston[938]: [16:42:06.552] event6  - ydotoold virtual device: device is a keyboard
Oct 03 16:42:06 baseweed-admin weston[938]: [16:42:06.552] libinput: configuring device "QEMU QEMU USB Tablet".
Oct 03 16:42:06 baseweed-admin weston[938]: [16:42:06.552] input device event3 has no enabled output associated (none named), skipping calibration for now.
Oct 03 16:42:06 baseweed-admin weston[938]: [16:42:06.562] libinput: configuring device "Power Button".
Oct 03 16:42:06 baseweed-admin weston[938]: [16:42:06.562] libinput: configuring device "AT Translated Set 2 keyboard".
Oct 03 16:42:06 baseweed-admin weston[938]: [16:42:06.562] libinput: configuring device "VirtualPS/2 VMware VMMouse".
Oct 03 16:42:06 baseweed-admin weston[938]: [16:42:06.562] libinput: configuring device "VirtualPS/2 VMware VMMouse".
Oct 03 16:42:06 baseweed-admin weston[938]: [16:42:06.562] input device event1 has no enabled output associated (none named), skipping calibration for now.
Oct 03 16:42:06 baseweed-admin weston[938]: [16:42:06.562] libinput: configuring device "ydotoold virtual device".
Oct 03 16:42:06 baseweed-admin weston[938]: [16:42:06.562] Registered plugin API 'weston_drm_output_api_v1' of size 40
Oct 03 16:42:06 baseweed-admin weston[938]: [16:42:06.562] Loading module '/usr/libexec/qdistro/qdwin-libweston/lib64/libweston-16/pipewire-backend.so'
Oct 03 16:42:06 baseweed-admin weston[938]: [16:42:06.563] Initializing PipeWire backend
Oct 03 16:42:06 baseweed-admin weston[938]: [16:42:06.566] Registered plugin API 'weston_pipewire_output_api_v2' of size 24
Oct 03 16:42:06 baseweed-admin weston[938]: [16:42:06.566] Color manager: no-op
Oct 03 16:42:06 baseweed-admin weston[938]:                  protocol support: no
Oct 03 16:42:06 baseweed-admin weston[938]: [16:42:06.566] Setting output 'Virtual-1' to color AUTO format
Oct 03 16:42:06 baseweed-admin weston[938]: [16:42:06.566] Output 'Virtual-1' attempts EOTF mode SDR and colorimetry mode default.
Oct 03 16:42:06 baseweed-admin weston[938]: [16:42:06.566] Output 'Virtual-1' using color profile: stock sRGB color profile
Oct 03 16:42:06 baseweed-admin weston[938]: [16:42:06.566] Chosen EGL config details: id:  46 rgba: 8 8 8 0 buf: 24 dep:  0 stcl: 0 int: 1-1 type: win val: fix vis_id: XRGB8888 (0x34325258)
Oct 03 16:42:06 baseweed-admin weston[938]: [16:42:06.574] Output Virtual-1 (crtc 39) video modes:
Oct 03 16:42:06 baseweed-admin weston[938]:                1280x800@75.0, preferred, 107.3 MHz
Oct 03 16:42:06 baseweed-admin weston[938]:                5120x2160@50.0 64:27, 742.5 MHz
Oct 03 16:42:06 baseweed-admin weston[938]:                4096x2160@50.0 256:135, 594.0 MHz
Oct 03 16:42:06 baseweed-admin weston[938]:                3840x2160@60.0 16:9, 594.0 MHz
Oct 03 16:42:06 baseweed-admin weston[938]:                3840x2160@59.9 16:9, 593.4 MHz
Oct 03 16:42:06 baseweed-admin weston[938]:                3840x2160@50.0 16:9, 594.0 MHz
Oct 03 16:42:06 baseweed-admin weston[938]:                1920x1440@60.0, 234.0 MHz
Oct 03 16:42:06 baseweed-admin weston[938]:                2560x1080@50.0 64:27, 185.6 MHz
Oct 03 16:42:06 baseweed-admin weston[938]:                1856x1392@60.0, 218.2 MHz
Oct 03 16:42:06 baseweed-admin weston[938]:                1792x1344@60.0, 204.8 MHz
Oct 03 16:42:06 baseweed-admin weston[938]:                2048x1152@60.0, 162.0 MHz
Oct 03 16:42:06 baseweed-admin weston[938]:                1920x1200@59.9, 193.2 MHz
Oct 03 16:42:06 baseweed-admin weston[938]:                1920x1080@60.0, current, 148.5 MHz
Oct 03 16:42:06 baseweed-admin weston[938]:                1920x1080@50.0 16:9, 148.5 MHz
Oct 03 16:42:06 baseweed-admin weston[938]:                1600x1200@60.0, 162.0 MHz
Oct 03 16:42:06 baseweed-admin weston[938]:                1680x1050@60.0, 146.2 MHz
Oct 03 16:42:06 baseweed-admin weston[938]:                1400x1050@60.0, 121.8 MHz
Oct 03 16:42:06 baseweed-admin weston[938]:                1280x1024@60.0, 108.0 MHz
Oct 03 16:42:06 baseweed-admin weston[938]:                1440x900@59.9, 106.5 MHz
Oct 03 16:42:06 baseweed-admin weston[938]:                1280x960@60.0, 108.0 MHz
Oct 03 16:42:06 baseweed-admin weston[938]:                1360x768@60.0, 85.5 MHz
Oct 03 16:42:06 baseweed-admin weston[938]:                1280x768@59.9, 79.5 MHz
Oct 03 16:42:06 baseweed-admin weston[938]:                1024x768@60.0, 65.0 MHz
Oct 03 16:42:06 baseweed-admin weston[938]:                800x600@60.3, 40.0 MHz
Oct 03 16:42:06 baseweed-admin weston[938]:                640x480@60.0 4:3, 25.2 MHz
Oct 03 16:42:06 baseweed-admin weston[938]:                640x480@59.9, 25.2 MHz
Oct 03 16:42:06 baseweed-admin weston[938]: [16:42:06.574] associating input device event3 with output Virtual-1 (none by udev)
Oct 03 16:42:06 baseweed-admin weston[938]: [16:42:06.574] associating input device event4 with output Virtual-1 (none by udev)
Oct 03 16:42:06 baseweed-admin weston[938]: [16:42:06.574] associating input device event0 with output Virtual-1 (none by udev)
Oct 03 16:42:06 baseweed-admin weston[938]: [16:42:06.574] associating input device event2 with output Virtual-1 (none by udev)
Oct 03 16:42:06 baseweed-admin weston[938]: [16:42:06.574] associating input device event1 with output Virtual-1 (none by udev)
Oct 03 16:42:06 baseweed-admin weston[938]: [16:42:06.574] associating input device event6 with output Virtual-1 (none by udev)
Oct 03 16:42:06 baseweed-admin weston[938]: [16:42:06.574] Output 'Virtual-1' enabled with head(s) Virtual-1
Oct 03 16:42:06 baseweed-admin weston[938]: [16:42:06.574] pipewire_backend_output_configure.. Done
Oct 03 16:42:06 baseweed-admin weston[938]: [16:42:06.574] Output 'pipewire-0' attempts EOTF mode SDR and colorimetry mode default.
Oct 03 16:42:06 baseweed-admin weston[938]: [16:42:06.574] Output 'pipewire-0' using color profile: stock sRGB color profile
Oct 03 16:42:06 baseweed-admin weston[938]: [16:42:06.697] Output 'pipewire-0' enabled with head(s) pipewire-0
Oct 03 16:42:06 baseweed-admin weston[938]: [16:42:06.697] pipewire_backend_output_configure.. Done
Oct 03 16:42:06 baseweed-admin weston[938]: [16:42:06.697] Output 'pipewire-1' attempts EOTF mode SDR and colorimetry mode default.
Oct 03 16:42:06 baseweed-admin weston[938]: [16:42:06.697] Output 'pipewire-1' using color profile: stock sRGB color profile
Oct 03 16:42:06 baseweed-admin weston[938]: [16:42:06.697] Output 'pipewire-1' enabled with head(s) pipewire-1
Oct 03 16:42:06 baseweed-admin weston[938]: [16:42:06.697] Compositor capabilities:
Oct 03 16:42:06 baseweed-admin weston[938]:                arbitrary surface rotation: yes
Oct 03 16:42:06 baseweed-admin weston[938]:                screen capture uses y-flip: yes
Oct 03 16:42:06 baseweed-admin weston[938]:                cursor planes: yes
Oct 03 16:42:06 baseweed-admin weston[938]:                arbitrary resolutions: yes
Oct 03 16:42:06 baseweed-admin weston[938]:                view mask clipping: yes
Oct 03 16:42:06 baseweed-admin weston[938]:                explicit sync: no
Oct 03 16:42:06 baseweed-admin weston[938]:                color operations: yes
Oct 03 16:42:06 baseweed-admin weston[938]:                color representation: yes
Oct 03 16:42:06 baseweed-admin weston[938]:                in-shader blending: yes
Oct 03 16:42:06 baseweed-admin weston[938]:                presentation clock: CLOCK_MONOTONIC, id 1
Oct 03 16:42:06 baseweed-admin weston[938]:                presentation clock resolution: 0.000000001 s
Oct 03 16:42:06 baseweed-admin weston[938]: [16:42:06.698] Loading module '/usr/lib64/weston/qdwin-shell.so'
Oct 03 16:42:06 baseweed-admin weston[938]: [16:42:06.702] qdwin: locker bind policy defaulting to entrypoint=/usr/local/bin/qdlocker:/usr/bin/qdlocker (system interpreter + root-owned entrypoint; no explicit policy configured); set --qdwin-allowed-locker-any to override to uid-only
Oct 03 16:42:06 baseweed-admin weston[938]: [16:42:06.702] qdwin: locker bind policy uid=1000 entrypoint=/usr/local/bin/qdlocker:/usr/bin/qdlocker exe=(any) label=(any)
Oct 03 16:42:06 baseweed-admin weston[938]: [16:42:06.702] qdwin: ext-idle-notify idle_time=0 internal_mode=1
Oct 03 16:42:06 baseweed-admin weston[938]: [16:42:06.702] qdwin: cursor-shape theme=(default) size=24 loaded=0/36
Oct 03 16:42:06 baseweed-admin weston[938]: [16:42:06.702] qdwin: layer-popup grab handler registered
Oct 03 16:42:06 baseweed-admin weston[938]: [16:42:06.702] qdwin/nested-proxy: default keyboard grab installed on seat 'default'
Oct 03 16:42:06 baseweed-admin weston[938]: [16:42:06.702] qdwin: background curtain 3200x1080 installed
Oct 03 16:42:06 baseweed-admin weston[938]: [16:42:06.702] qdwin: WARNING shell-authorized output capture enabled via QDWIN_ENABLE_SHELL_CAPTURE — dev/test only, do not use in production
Oct 03 16:42:06 baseweed-admin weston[938]: [16:42:06.702] qdwin: retained-frame capture armed on output=Virtual-1
Oct 03 16:42:06 baseweed-admin weston[938]: [16:42:06.702] qdwin: shell loaded (allowed_uid=1000); desktop + qdwin_shell_v1 ready
Oct 03 16:42:06 baseweed-admin weston[938]: [16:42:06.703] Loading module '/usr/lib64/libweston-16/xwayland.so'
Oct 03 16:42:06 baseweed-admin weston[938]: [16:42:06.705] Registered plugin API 'weston_xwayland_v3' of size 32
Oct 03 16:42:06 baseweed-admin weston[938]: [16:42:06.705] Registered plugin API 'weston_xwayland_surface_v2' of size 24
Oct 03 16:42:06 baseweed-admin weston[938]: [16:42:06.706] xserver listening on display :0
Oct 03 16:42:06 baseweed-admin systemd[862]: Started qdistro screen locker (qdlocker).
Oct 03 16:42:06 baseweed-admin systemd[862]: Started qdshell desktop (Quickshell QML on top of qdwin).
Oct 03 16:42:06 baseweed-admin systemd[862]: Reached target qdistro desktop session (qdwin compositor + qdshell).
Oct 03 16:42:06 baseweed-admin systemd[862]: Reached target Main User Target.
Oct 03 16:42:06 baseweed-admin systemd[862]: Started qdistro cursor sprite supplier for qdwin.
Oct 03 16:42:06 baseweed-admin systemd[862]: Startup finished in 979ms.
Oct 03 16:42:06 baseweed-admin weston[938]: [16:42:06.902] qdwin: bind attempt pid=1024 uid=1000 (allowed_uid=1000)
Oct 03 16:42:06 baseweed-admin weston[938]: [16:42:06.902] qdwin: bind accepted for uid=1000, hello sent
Oct 03 16:42:06 baseweed-admin qdistro-cursor-sprites[1024]: [cursor-sprites 1024] registered shape=1 via=xcursor
Oct 03 16:42:06 baseweed-admin weston[938]: [16:42:06.903] qdwin: cursor-sprite registered shape=default hotspot=3,1
Oct 03 16:42:06 baseweed-admin weston[938]: [16:42:06.903] qdwin: cursor_retry_install: scheduling first retry in 1000ms
Oct 03 16:42:06 baseweed-admin qdistro-cursor-sprites[1024]: [cursor-sprites 1024] registered shape=2 via=xcursor
Oct 03 16:42:06 baseweed-admin weston[938]: [16:42:06.905] qdwin: cursor-sprite registered shape=context-menu hotspot=3,1
Oct 03 16:42:06 baseweed-admin qdistro-cursor-sprites[1024]: [cursor-sprites 1024] registered shape=3 via=xcursor
Oct 03 16:42:06 baseweed-admin weston[938]: [16:42:06.906] qdwin: cursor-sprite registered shape=help hotspot=12,21
Oct 03 16:42:06 baseweed-admin qdistro-cursor-sprites[1024]: [cursor-sprites 1024] registered shape=4 via=xcursor
Oct 03 16:42:06 baseweed-admin weston[938]: [16:42:06.907] qdwin: cursor-sprite registered shape=pointer hotspot=7,5
Oct 03 16:42:07 baseweed-admin qdistro-cursor-sprites[1024]: [cursor-sprites 1024] registered shape=5 via=xcursor
Oct 03 16:42:07 baseweed-admin weston[938]: [16:42:07.017] qdwin: cursor-sprite registered shape=progress hotspot=3,1
Oct 03 16:42:07 baseweed-admin qdistro-cursor-sprites[1024]: [cursor-sprites 1024] registered shape=6 via=xcursor
Oct 03 16:42:07 baseweed-admin weston[938]: [16:42:07.119] qdwin: cursor-sprite registered shape=wait hotspot=11,11
Oct 03 16:42:07 baseweed-admin qdistro-cursor-sprites[1024]: [cursor-sprites 1024] registered shape=7 via=xcursor
Oct 03 16:42:07 baseweed-admin weston[938]: [16:42:07.120] qdwin: cursor-sprite registered shape=cell hotspot=11,11
Oct 03 16:42:07 baseweed-admin qdistro-cursor-sprites[1024]: [cursor-sprites 1024] registered shape=8 via=xcursor
Oct 03 16:42:07 baseweed-admin weston[938]: [16:42:07.121] qdwin: cursor-sprite registered shape=crosshair hotspot=11,11
Oct 03 16:42:07 baseweed-admin qdistro-cursor-sprites[1024]: [cursor-sprites 1024] registered shape=9 via=xcursor
Oct 03 16:42:07 baseweed-admin weston[938]: [16:42:07.123] qdwin: cursor-sprite registered shape=text hotspot=11,12
Oct 03 16:42:07 baseweed-admin qdistro-cursor-sprites[1024]: [cursor-sprites 1024] registered shape=10 via=xcursor
Oct 03 16:42:07 baseweed-admin weston[938]: [16:42:07.124] qdwin: cursor-sprite registered shape=vertical-text hotspot=12,11
Oct 03 16:42:07 baseweed-admin qdistro-cursor-sprites[1024]: [cursor-sprites 1024] registered shape=11 via=xcursor
Oct 03 16:42:07 baseweed-admin weston[938]: [16:42:07.125] qdwin: cursor-sprite registered shape=alias hotspot=18,5
Oct 03 16:42:07 baseweed-admin qdistro-cursor-sprites[1024]: [cursor-sprites 1024] registered shape=12 via=xcursor
Oct 03 16:42:07 baseweed-admin weston[938]: [16:42:07.126] qdwin: cursor-sprite registered shape=copy hotspot=3,1
Oct 03 16:42:07 baseweed-admin qdistro-cursor-sprites[1024]: [cursor-sprites 1024] registered shape=13 via=xcursor
Oct 03 16:42:07 baseweed-admin weston[938]: [16:42:07.127] qdwin: cursor-sprite registered shape=move hotspot=3,1
Oct 03 16:42:07 baseweed-admin qdistro-cursor-sprites[1024]: [cursor-sprites 1024] registered shape=14 via=xcursor
Oct 03 16:42:07 baseweed-admin weston[938]: [16:42:07.129] qdwin: cursor-sprite registered shape=no-drop hotspot=3,1
Oct 03 16:42:07 baseweed-admin qdistro-cursor-sprites[1024]: [cursor-sprites 1024] registered shape=15 via=xcursor
Oct 03 16:42:07 baseweed-admin weston[938]: [16:42:07.130] qdwin: cursor-sprite registered shape=not-allowed hotspot=12,12
Oct 03 16:42:07 baseweed-admin qdistro-cursor-sprites[1024]: [cursor-sprites 1024] registered shape=16 via=xcursor
Oct 03 16:42:07 baseweed-admin weston[938]: [16:42:07.131] qdwin: cursor-sprite registered shape=grab hotspot=11,2
Oct 03 16:42:07 baseweed-admin qdistro-cursor-sprites[1024]: [cursor-sprites 1024] registered shape=17 via=xcursor
Oct 03 16:42:07 baseweed-admin weston[938]: [16:42:07.132] qdwin: cursor-sprite registered shape=grabbing hotspot=9,5
Oct 03 16:42:07 baseweed-admin qdistro-cursor-sprites[1024]: [cursor-sprites 1024] registered shape=18 via=xcursor
Oct 03 16:42:07 baseweed-admin weston[938]: [16:42:07.134] qdwin: cursor-sprite registered shape=e-resize hotspot=19,13
Oct 03 16:42:07 baseweed-admin qdistro-cursor-sprites[1024]: [cursor-sprites 1024] registered shape=19 via=xcursor
Oct 03 16:42:07 baseweed-admin weston[938]: [16:42:07.136] qdwin: cursor-sprite registered shape=n-resize hotspot=13,6
Oct 03 16:42:07 baseweed-admin qdistro-cursor-sprites[1024]: [cursor-sprites 1024] registered shape=20 via=xcursor
Oct 03 16:42:07 baseweed-admin weston[938]: [16:42:07.137] qdwin: cursor-sprite registered shape=ne-resize hotspot=15,10
Oct 03 16:42:07 baseweed-admin qdistro-cursor-sprites[1024]: [cursor-sprites 1024] registered shape=21 via=xcursor
Oct 03 16:42:07 baseweed-admin weston[938]: [16:42:07.138] qdwin: cursor-sprite registered shape=nw-resize hotspot=10,10
Oct 03 16:42:07 baseweed-admin qdistro-cursor-sprites[1024]: [cursor-sprites 1024] registered shape=22 via=xcursor
Oct 03 16:42:07 baseweed-admin weston[938]: [16:42:07.139] qdwin: cursor-sprite registered shape=s-resize hotspot=13,18
Oct 03 16:42:07 baseweed-admin qdistro-cursor-sprites[1024]: [cursor-sprites 1024] registered shape=23 via=xcursor
Oct 03 16:42:07 baseweed-admin weston[938]: [16:42:07.140] qdwin: cursor-sprite registered shape=se-resize hotspot=15,15
Oct 03 16:42:07 baseweed-admin qdistro-cursor-sprites[1024]: [cursor-sprites 1024] registered shape=24 via=xcursor
Oct 03 16:42:07 baseweed-admin weston[938]: [16:42:07.141] qdwin: cursor-sprite registered shape=sw-resize hotspot=10,15
Oct 03 16:42:07 baseweed-admin qdistro-cursor-sprites[1024]: [cursor-sprites 1024] registered shape=25 via=xcursor
Oct 03 16:42:07 baseweed-admin weston[938]: [16:42:07.142] qdwin: cursor-sprite registered shape=w-resize hotspot=6,13
Oct 03 16:42:07 baseweed-admin qdistro-cursor-sprites[1024]: [cursor-sprites 1024] registered shape=26 via=xcursor
Oct 03 16:42:07 baseweed-admin weston[938]: [16:42:07.143] qdwin: cursor-sprite registered shape=ew-resize hotspot=12,12
Oct 03 16:42:07 baseweed-admin qdistro-cursor-sprites[1024]: [cursor-sprites 1024] registered shape=27 via=xcursor
Oct 03 16:42:07 baseweed-admin weston[938]: [16:42:07.144] qdwin: cursor-sprite registered shape=ns-resize hotspot=12,13
Oct 03 16:42:07 baseweed-admin qdistro-cursor-sprites[1024]: [cursor-sprites 1024] registered shape=28 via=xcursor
Oct 03 16:42:07 baseweed-admin weston[938]: [16:42:07.145] qdwin: cursor-sprite registered shape=nesw-resize hotspot=11,11
Oct 03 16:42:07 baseweed-admin qdistro-cursor-sprites[1024]: [cursor-sprites 1024] registered shape=29 via=xcursor
Oct 03 16:42:07 baseweed-admin weston[938]: [16:42:07.146] qdwin: cursor-sprite registered shape=nwse-resize hotspot=11,11
Oct 03 16:42:07 baseweed-admin qdistro-cursor-sprites[1024]: [cursor-sprites 1024] registered shape=30 via=xcursor
Oct 03 16:42:07 baseweed-admin weston[938]: [16:42:07.147] qdwin: cursor-sprite registered shape=col-resize hotspot=12,12
Oct 03 16:42:07 baseweed-admin qdistro-cursor-sprites[1024]: [cursor-sprites 1024] registered shape=31 via=xcursor
Oct 03 16:42:07 baseweed-admin weston[938]: [16:42:07.148] qdwin: cursor-sprite registered shape=row-resize hotspot=12,13
Oct 03 16:42:07 baseweed-admin qdistro-cursor-sprites[1024]: [cursor-sprites 1024] registered shape=32 via=xcursor
Oct 03 16:42:07 baseweed-admin weston[938]: [16:42:07.151] qdwin: cursor-sprite registered shape=all-scroll hotspot=11,11
Oct 03 16:42:07 baseweed-admin qdistro-cursor-sprites[1024]: [cursor-sprites 1024] registered shape=33 via=xcursor
Oct 03 16:42:07 baseweed-admin weston[938]: [16:42:07.152] qdwin: cursor-sprite registered shape=zoom-in hotspot=11,10
Oct 03 16:42:07 baseweed-admin qdistro-cursor-sprites[1024]: [cursor-sprites 1024] registered shape=34 via=xcursor
Oct 03 16:42:07 baseweed-admin weston[938]: [16:42:07.154] qdwin: cursor-sprite registered shape=zoom-out hotspot=11,10
Oct 03 16:42:07 baseweed-admin qdistro-cursor-sprites[1024]: [cursor-sprites 1024] registered shape=35 via=xcursor
Oct 03 16:42:07 baseweed-admin weston[938]: [16:42:07.154] qdwin: cursor-sprite registered shape=dnd-ask hotspot=3,1
Oct 03 16:42:07 baseweed-admin qdistro-cursor-sprites[1024]: [cursor-sprites 1024] registered shape=36 via=xcursor
Oct 03 16:42:07 baseweed-admin qdistro-cursor-sprites[1024]: [cursor-sprites 1024] theme summary: xcursor=36 synthetic=0
Oct 03 16:42:07 baseweed-admin weston[938]: [16:42:07.154] qdwin: cursor-sprite registered shape=all-resize hotspot=12,11
Oct 03 16:42:07 baseweed-admin qdistro-cursor-sprites[1024]: [cursor-sprites 1024] registration complete; pausing on signalfd (SIGTERM exits cleanly)
Oct 03 16:42:07 baseweed-admin dbus-run-session[1026]: No running instances for "/usr/share/quickshell/qdshell/shell.qml"
Oct 03 16:42:07 baseweed-admin dbus-run-session[1026]:   INFO: Launching config: "/usr/share/quickshell/qdshell/shell.qml"
Oct 03 16:42:07 baseweed-admin dbus-run-session[1026]:   INFO: Shell ID: "0d0d1ceeb7f0392fec595c8531945b05" Path ID "0d0d1ceeb7f0392fec595c8531945b05"
Oct 03 16:42:07 baseweed-admin dbus-run-session[1026]:   INFO: Saving logs to "/run/user/1000/quickshell/by-id/is7qbcmt/log.qslog"
Oct 03 16:42:07 baseweed-admin qdlocker[1021]: 2026-10-03 16:42:07,281 qdlocker.app INFO using built-in defaults (no trusted config file found)
Oct 03 16:42:07 baseweed-admin qdlocker[1021]: 2026-10-03 16:42:07,304 qdlocker.auth INFO PAM service from env: qdlocker
Oct 03 16:42:07 baseweed-admin weston[938]: [16:42:07.454] qdwin: locker bind attempt pid=1021 uid=1000 (allowed_locker_uid=1000)
Oct 03 16:42:07 baseweed-admin weston[938]: [16:42:07.454] qdwin: locker bound pid=1021 uid=1000 (initially_locked=0)
Oct 03 16:42:07 baseweed-admin qdlocker[1021]: 2026-10-03 16:42:07,455 qdlocker.wayland INFO locker connected
Oct 03 16:42:07 baseweed-admin qdlocker[1021]: 2026-10-03 16:42:07,464 qdlocker.idle INFO idle watcher started; timeout=300000ms
Oct 03 16:42:07 baseweed-admin qdlocker[1021]: 2026-10-03 16:42:07,466 qdlocker.ctrl INFO ctrl socket at /run/user/1000/qdlocker.sock
Oct 03 16:42:07 baseweed-admin qdlocker[1021]: 2026-10-03 16:42:07,468 qdlocker.app INFO locker bound; initially_locked=False
Oct 03 16:42:07 baseweed-admin dbus-run-session[1026]: MESA-EGL: warning: failed to get driver name for fd -1
Oct 03 16:42:07 baseweed-admin dbus-run-session[1026]: MESA-EGL: warning: MESA-LOADER: failed to retrieve device information
Oct 03 16:42:07 baseweed-admin dbus-run-session[1026]: MESA-EGL: warning: failed to get driver name for fd -1
Oct 03 16:42:07 baseweed-admin qdlocker[1021]: 2026-10-03 16:42:07,512 qdlocker.logind INFO logind sleep delay-inhibitor acquired (fd=20)
Oct 03 16:42:07 baseweed-admin qdlocker[1021]: 2026-10-03 16:42:07,514 qdlocker.logind WARNING cannot identify one owned active Wayland session (0 candidates); session lock unavailable
Oct 03 16:42:07 baseweed-admin qdlocker[1021]: 2026-10-03 16:42:07,514 qdlocker.logind INFO logind automatic sleep locking ready; session=None
Oct 03 16:42:07 baseweed-admin dbus-run-session[1026]: MESA: error: ZINK: failed to choose pdev
Oct 03 16:42:07 baseweed-admin dbus-run-session[1026]: MESA-EGL: warning: egl: failed to create dri2 screen
Oct 03 16:42:08 baseweed-admin dbus-run-session[1026]:   INFO qml: [20261003-164208]           I18n Service started
Oct 03 16:42:08 baseweed-admin dbus-run-session[1026]:   INFO qml: [20261003-164208]           I18n Loading "en" (locale: "en-Latn-US")
Oct 03 16:42:08 baseweed-admin dbus-run-session[1026]:   INFO qml: [20261003-164208]          Shell ---------------------------
Oct 03 16:42:08 baseweed-admin dbus-run-session[1026]:   INFO qml: [20261003-164208]          Shell Qdshell Hello!
Oct 03 16:42:08 baseweed-admin dbus-run-session[1026]:   WARN scene: @Commons/I18n.qml[104:5]: Unable to assign QJSValue to QObject*
Oct 03 16:42:08 baseweed-admin dbus-run-session[1026]:   INFO: Configuration Loaded
Oct 03 16:42:08 baseweed-admin dbus-run-session[1026]:   WARN scene: @Commons/I18n.qml[104:5]: Unable to assign QJSValue to QObject*
Oct 03 16:42:08 baseweed-admin dbus-run-session[1026]:   INFO qml: [20261003-164208]       Settings Settings loaded
Oct 03 16:42:08 baseweed-admin dbus-run-session[1026]:   INFO qml: [20261003-164208]           I18n Loaded translations for "en"
Oct 03 16:42:08 baseweed-admin dbus-run-session[1026]:   INFO qml: [20261003-164208] PluginRegistry Loaded plugin states from: /home/admin/.config/qdshell/plugins.json
Oct 03 16:42:08 baseweed-admin dbus-run-session[1026]:   INFO qml: [20261003-164208] PluginRegistry Scanning plugin folder: /home/admin/.config/qdshell/plugins
Oct 03 16:42:08 baseweed-admin dbus-run-session[1026]:   INFO qml: [20261003-164208]          Icons Service started
Oct 03 16:42:08 baseweed-admin dbus-run-session[1026]:   INFO: ctrl-server: listening on /run/user/1000/qdshell.sock
Oct 03 16:42:08 baseweed-admin dbus-run-session[1026]:   WARN scene: QML Connections at @Services/Hardware/BrightnessService.qml[66:3]: Detected function "onEnableDdcSupportChanged" in Connections element. This is probably intended to be a signal handler but no signal of the target matches the name.
Oct 03 16:42:08 baseweed-admin dbus-run-session[1026]:   INFO qml: [20261003-164208]     Brightness Service started
Oct 03 16:42:09 baseweed-admin systemd[862]: qdistro-polkit-agent.service: Scheduled restart job, restart counter is at 1.
Oct 03 16:42:09 baseweed-admin systemd[862]: Started qdistro polkit authentication agent (PAM / fprintd / broker).
Oct 03 16:42:09 baseweed-admin dbus-run-session[1026]:   INFO qml: [20261003-164209] DesktopWidgetR Service started
Oct 03 16:42:09 baseweed-admin dbus-run-session[1026]:   WARN scene: QML Connections at @Services/UI/BarService.qml[147:3]: Detected function "onDisplayModeChanged" in Connections element. This is probably intended to be a signal handler but no signal of the target matches the name.
Oct 03 16:42:09 baseweed-admin dbus-run-session[1026]:   WARN scene: QML Connections at @Services/UI/BarService.qml[147:3]: Detected function "onScreenOverridesChanged" in Connections element. This is probably intended to be a signal handler but no signal of the target matches the name.
Oct 03 16:42:09 baseweed-admin dbus-run-session[1026]:   INFO qml: [20261003-164209]     BarService Service started
Oct 03 16:42:09 baseweed-admin dbus-run-session[1026]:   WARN scene: QML Connections at @Services/Networking/NetworkService.qml[73:3]: Detected function "onWifiEnabledChanged" in Connections element. This is probably intended to be a signal handler but no signal of the target matches the name.
Oct 03 16:42:09 baseweed-admin dbus-run-session[1026]:   INFO qml: [20261003-164209]        Network Service started
Oct 03 16:42:09 baseweed-admin dbus-run-session[1026]:   WARN scene: QML Connections at @Modules/Panels/Dock/StaticDockPanel.qml[350:3]: Detected function "onPinnedAppsChanged" in Connections element. This is probably intended to be a signal handler but no signal of the target matches the name.
Oct 03 16:42:09 baseweed-admin dbus-run-session[1026]:   WARN scene: QML Connections at @Modules/Panels/Dock/StaticDockPanel.qml[350:3]: Detected function "onOnlySameOutputChanged" in Connections element. This is probably intended to be a signal handler but no signal of the target matches the name.
Oct 03 16:42:09 baseweed-admin dbus-run-session[1026]:   WARN scene: QML Connections at @Services/System/SystemStatService.qml[320:3]: Detected function "onEnableDgpuMonitoringChanged" in Connections element. This is probably intended to be a signal handler but no signal of the target matches the name.
Oct 03 16:42:09 baseweed-admin dbus-run-session[1026]:   INFO qml: [20261003-164209]     SystemStat Service started (polling deferred until a consumer registers).
Oct 03 16:42:09 baseweed-admin qdistro-polkit-agent[1057]: registration failed: org.freedesktop.PolicyKit1.Error.Failed: Cannot determine session the caller is in
Oct 03 16:42:09 baseweed-admin python3[1057]: qdistro-polkit-agent: registration failed: org.freedesktop.PolicyKit1.Error.Failed: Cannot determine session the caller is in
Oct 03 16:42:09 baseweed-admin dbus-run-session[1026]:   WARN scene: QML Connections at @Modules/Panels/Dock/StaticDockPanel.qml[350:3]: Detected function "onPinnedAppsChanged" in Connections element. This is probably intended to be a signal handler but no signal of the target matches the name.
Oct 03 16:42:09 baseweed-admin dbus-run-session[1026]:   WARN scene: QML Connections at @Modules/Panels/Dock/StaticDockPanel.qml[350:3]: Detected function "onOnlySameOutputChanged" in Connections element. This is probably intended to be a signal handler but no signal of the target matches the name.
Oct 03 16:42:09 baseweed-admin systemd[862]: qdistro-polkit-agent.service: Main process exited, code=exited, status=1/FAILURE
Oct 03 16:42:09 baseweed-admin systemd[862]: qdistro-polkit-agent.service: Failed with result 'exit-code'.
Oct 03 16:42:09 baseweed-admin dbus-run-session[1026]:   WARN scene: QML Connections at @Modules/Panels/Dock/StaticDockPanel.qml[350:3]: Detected function "onPinnedAppsChanged" in Connections element. This is probably intended to be a signal handler but no signal of the target matches the name.
Oct 03 16:42:09 baseweed-admin dbus-run-session[1026]:   WARN scene: QML Connections at @Modules/Panels/Dock/StaticDockPanel.qml[350:3]: Detected function "onOnlySameOutputChanged" in Connections element. This is probably intended to be a signal handler but no signal of the target matches the name.
Oct 03 16:42:09 baseweed-admin dbus-run-session[1026]:   WARN scene: QML Connections at @Services/UI/WallpaperService.qml[140:3]: Detected function "onWallpaperDownloaded" in Connections element. This is probably intended to be a signal handler but no signal of the target matches the name.
Oct 03 16:42:09 baseweed-admin dbus-run-session[1026]:   WARN scene: QML Connections at @Services/UI/WallpaperService.qml[61:3]: Detected function "onDirectoryChanged" in Connections element. This is probably intended to be a signal handler but no signal of the target matches the name.
Oct 03 16:42:09 baseweed-admin dbus-run-session[1026]:   WARN scene: QML Connections at @Services/UI/WallpaperService.qml[61:3]: Detected function "onEnableMultiMonitorDirectoriesChanged" in Connections element. This is probably intended to be a signal handler but no signal of the target matches the name.
Oct 03 16:42:09 baseweed-admin dbus-run-session[1026]:   WARN scene: QML Connections at @Services/UI/WallpaperService.qml[61:3]: Detected function "onAutomationEnabledChanged" in Connections element. This is probably intended to be a signal handler but no signal of the target matches the name.
Oct 03 16:42:09 baseweed-admin dbus-run-session[1026]:   WARN scene: QML Connections at @Services/UI/WallpaperService.qml[61:3]: Detected function "onRandomIntervalSecChanged" in Connections element. This is probably intended to be a signal handler but no signal of the target matches the name.
Oct 03 16:42:09 baseweed-admin dbus-run-session[1026]:   WARN scene: QML Connections at @Services/UI/WallpaperService.qml[61:3]: Detected function "onWallpaperChangeModeChanged" in Connections element. This is probably intended to be a signal handler but no signal of the target matches the name.
Oct 03 16:42:09 baseweed-admin dbus-run-session[1026]:   WARN scene: QML Connections at @Services/UI/WallpaperService.qml[61:3]: Detected function "onViewModeChanged" in Connections element. This is probably intended to be a signal handler but no signal of the target matches the name.
Oct 03 16:42:09 baseweed-admin dbus-run-session[1026]:   WARN scene: QML Connections at @Services/UI/WallpaperService.qml[61:3]: Detected function "onShowHiddenFilesChanged" in Connections element. This is probably intended to be a signal handler but no signal of the target matches the name.
Oct 03 16:42:09 baseweed-admin dbus-run-session[1026]:   WARN scene: QML Connections at @Services/UI/WallpaperService.qml[61:3]: Detected function "onUseSolidColorChanged" in Connections element. This is probably intended to be a signal handler but no signal of the target matches the name.
Oct 03 16:42:09 baseweed-admin dbus-run-session[1026]:   WARN scene: QML Connections at @Services/UI/WallpaperService.qml[61:3]: Detected function "onSolidColorChanged" in Connections element. This is probably intended to be a signal handler but no signal of the target matches the name.
Oct 03 16:42:09 baseweed-admin dbus-run-session[1026]:   WARN scene: QML Connections at @Services/UI/WallpaperService.qml[61:3]: Detected function "onSortOrderChanged" in Connections element. This is probably intended to be a signal handler but no signal of the target matches the name.
Oct 03 16:42:09 baseweed-admin dbus-run-session[1026]:   WARN scene: QML Connections at @Modules/Background/Background.qml[80:7]: Detected function "onFillModeChanged" in Connections element. This is probably intended to be a signal handler but no signal of the target matches the name.
Oct 03 16:42:09 baseweed-admin dbus-run-session[1026]:   WARN scene: QML Connections at @Modules/Background/Background.qml[80:7]: Detected function "onFillModeChanged" in Connections element. This is probably intended to be a signal handler but no signal of the target matches the name.
Oct 03 16:42:09 baseweed-admin dbus-run-session[1026]:   WARN scene: QML Connections at @Modules/Background/Background.qml[80:7]: Detected function "onFillModeChanged" in Connections element. This is probably intended to be a signal handler but no signal of the target matches the name.
Oct 03 16:42:09 baseweed-admin dbus-run-session[1026]:   WARN scene: QML Connections at @Modules/Dock/Dock.qml[45:7]: Detected function "onPinnedAppsChanged" in Connections element. This is probably intended to be a signal handler but no signal of the target matches the name.
Oct 03 16:42:09 baseweed-admin dbus-run-session[1026]:   WARN scene: QML Connections at @Modules/Dock/Dock.qml[45:7]: Detected function "onOnlySameOutputChanged" in Connections element. This is probably intended to be a signal handler but no signal of the target matches the name.
Oct 03 16:42:09 baseweed-admin dbus-run-session[1026]:   WARN scene: QML Connections at @Modules/Dock/Dock.qml[45:7]: Detected function "onPinnedAppsChanged" in Connections element. This is probably intended to be a signal handler but no signal of the target matches the name.
Oct 03 16:42:09 baseweed-admin dbus-run-session[1026]:   WARN scene: QML Connections at @Modules/Dock/Dock.qml[45:7]: Detected function "onOnlySameOutputChanged" in Connections element. This is probably intended to be a signal handler but no signal of the target matches the name.
Oct 03 16:42:09 baseweed-admin dbus-run-session[1026]:   WARN scene: QML Connections at @Modules/Dock/Dock.qml[45:7]: Detected function "onPinnedAppsChanged" in Connections element. This is probably intended to be a signal handler but no signal of the target matches the name.
Oct 03 16:42:09 baseweed-admin dbus-run-session[1026]:   WARN scene: QML Connections at @Modules/Dock/Dock.qml[45:7]: Detected function "onOnlySameOutputChanged" in Connections element. This is probably intended to be a signal handler but no signal of the target matches the name.
Oct 03 16:42:09 baseweed-admin dbus-run-session[1026]:   INFO qml: [20261003-164209]          Shell ---------------------------
Oct 03 16:42:09 baseweed-admin dbus-run-session[1026]:   INFO qml: [20261003-164209]      Wallpaper Service started
Oct 03 16:42:09 baseweed-admin dbus-run-session[1026]:   INFO qml: [20261003-164209]     ImageCache Service started
Oct 03 16:42:09 baseweed-admin dbus-run-session[1026]:   WARN scene: QML Connections at @Services/Theming/AppThemeService.qml[30:3]: Detected function "onDarkModeChanged" in Connections element. This is probably intended to be a signal handler but no signal of the target matches the name.
Oct 03 16:42:09 baseweed-admin dbus-run-session[1026]:   WARN scene: QML Connections at @Services/Theming/AppThemeService.qml[30:3]: Detected function "onMonitorForColorsChanged" in Connections element. This is probably intended to be a signal handler but no signal of the target matches the name.
Oct 03 16:42:09 baseweed-admin dbus-run-session[1026]:   WARN scene: QML Connections at @Services/Theming/AppThemeService.qml[30:3]: Detected function "onGenerationMethodChanged" in Connections element. This is probably intended to be a signal handler but no signal of the target matches the name.
Oct 03 16:42:09 baseweed-admin dbus-run-session[1026]:   INFO qml: [20261003-164209] AppThemeServic Service started
Oct 03 16:42:09 baseweed-admin dbus-run-session[1026]:   WARN scene: QML Connections at @Services/Theming/ColorSchemeService.qml[20:3]: Detected function "onDarkModeChanged" in Connections element. This is probably intended to be a signal handler but no signal of the target matches the name.
Oct 03 16:42:09 baseweed-admin dbus-run-session[1026]:   INFO qml: [20261003-164209]    ColorScheme Service started
Oct 03 16:42:09 baseweed-admin dbus-run-session[1026]:   INFO qml: [20261003-164209] AppPresentatio Service started
Oct 03 16:42:09 baseweed-admin dbus-run-session[1026]:   WARN scene: QML Connections at @Services/Location/DarkModeService.qml[43:3]: Detected function "onSchedulingModeChanged" in Connections element. This is probably intended to be a signal handler but no signal of the target matches the name.
Oct 03 16:42:09 baseweed-admin dbus-run-session[1026]:   WARN scene: QML Connections at @Services/Location/DarkModeService.qml[28:3]: Detected function "onManualSunriseChanged" in Connections element. This is probably intended to be a signal handler but no signal of the target matches the name.
Oct 03 16:42:09 baseweed-admin dbus-run-session[1026]:   WARN scene: QML Connections at @Services/Location/DarkModeService.qml[28:3]: Detected function "onManualSunsetChanged" in Connections element. This is probably intended to be a signal handler but no signal of the target matches the name.
Oct 03 16:42:09 baseweed-admin dbus-run-session[1026]:   INFO qml: [20261003-164209] DarkModeServic Service started
Oct 03 16:42:09 baseweed-admin dbus-run-session[1026]:   WARN scene: @Services/Location/DarkModeService.qml[29:5]: Unable to assign QJSValue to QObject*
Oct 03 16:42:09 baseweed-admin dbus-run-session[1026]:   WARN scene: @Services/Location/DarkModeService.qml[44:5]: Unable to assign QJSValue to QObject*
Oct 03 16:42:09 baseweed-admin dbus-run-session[1026]:   WARN scene: @Services/Theming/ColorSchemeService.qml[21:5]: Unable to assign QJSValue to QObject*
Oct 03 16:42:09 baseweed-admin dbus-run-session[1026]:   WARN scene: @Services/Theming/AppThemeService.qml[31:5]: Unable to assign QJSValue to QObject*
Oct 03 16:42:09 baseweed-admin dbus-run-session[1026]:   WARN scene: @Modules/Dock/Dock.qml[46:9]: Unable to assign QJSValue to QObject*
Oct 03 16:42:09 baseweed-admin dbus-run-session[1026]:   WARN scene: @Modules/Dock/Dock.qml[46:9]: Unable to assign QJSValue to QObject*
Oct 03 16:42:09 baseweed-admin dbus-run-session[1026]:   WARN scene: @Modules/Dock/Dock.qml[46:9]: Unable to assign QJSValue to QObject*
Oct 03 16:42:09 baseweed-admin dbus-run-session[1026]:   WARN scene: @Modules/Background/Background.qml[81:9]: Unable to assign QJSValue to QObject*
Oct 03 16:42:09 baseweed-admin dbus-run-session[1026]:   WARN scene: @Modules/Background/Background.qml[81:9]: Unable to assign QJSValue to QObject*
Oct 03 16:42:09 baseweed-admin dbus-run-session[1026]:   WARN scene: @Modules/Background/Background.qml[81:9]: Unable to assign QJSValue to QObject*
Oct 03 16:42:09 baseweed-admin dbus-run-session[1026]:   WARN scene: @Services/UI/WallpaperService.qml[62:5]: Unable to assign QJSValue to QObject*
Oct 03 16:42:09 baseweed-admin dbus-run-session[1026]:   WARN scene: @Modules/Panels/SessionMenu/SessionMenu.qml[152:5]: Unable to assign QJSValue to QObject*
Oct 03 16:42:09 baseweed-admin dbus-run-session[1026]:   WARN scene: @Modules/Panels/Dock/StaticDockPanel.qml[351:5]: Unable to assign QJSValue to QObject*
Oct 03 16:42:09 baseweed-admin dbus-run-session[1026]:   WARN scene: @Modules/Panels/SessionMenu/SessionMenu.qml[152:5]: Unable to assign QJSValue to QObject*
Oct 03 16:42:09 baseweed-admin dbus-run-session[1026]:   WARN scene: @Modules/Panels/Dock/StaticDockPanel.qml[351:5]: Unable to assign QJSValue to QObject*
Oct 03 16:42:09 baseweed-admin dbus-run-session[1026]:   WARN scene: @Services/System/SystemStatService.qml[321:5]: Unable to assign QJSValue to QObject*
Oct 03 16:42:09 baseweed-admin dbus-run-session[1026]:   WARN scene: @Modules/Panels/SessionMenu/SessionMenu.qml[152:5]: Unable to assign QJSValue to QObject*
Oct 03 16:42:09 baseweed-admin dbus-run-session[1026]:   WARN scene: @Services/Networking/NetworkService.qml[74:5]: Unable to assign QJSValue to QObject*
Oct 03 16:42:09 baseweed-admin dbus-run-session[1026]:   WARN scene: @Modules/Panels/Dock/StaticDockPanel.qml[351:5]: Unable to assign QJSValue to QObject*
Oct 03 16:42:09 baseweed-admin dbus-run-session[1026]:   WARN scene: @Services/UI/BarService.qml[148:5]: Unable to assign QJSValue to QObject*
Oct 03 16:42:09 baseweed-admin dbus-run-session[1026]:   WARN scene: @Services/Hardware/BrightnessService.qml[67:5]: Unable to assign QJSValue to QObject*
Oct 03 16:42:09 baseweed-admin dbus-run-session[1026]:   INFO qml: [20261003-164209]      Wallpaper Starting scan for Virtual-1 in /home/admin/Pictures/Wallpapers recursive: false
Oct 03 16:42:09 baseweed-admin dbus-run-session[1026]:   INFO qml: [20261003-164209]      Wallpaper Starting scan for pipewire-0 in /home/admin/Pictures/Wallpapers recursive: false
Oct 03 16:42:09 baseweed-admin dbus-run-session[1026]:   INFO qml: [20261003-164209]      Wallpaper Starting scan for pipewire-1 in /home/admin/Pictures/Wallpapers recursive: false
Oct 03 16:42:09 baseweed-admin dbus-run-session[1026]:   INFO qml: [20261003-164209]       Location Service started
Oct 03 16:42:09 baseweed-admin dbus-run-session[1026]:   WARN scene: QML Connections at @Services/Location/NightLightService.qml[96:3]: Detected function "onEnabledChanged" in Connections element. This is probably intended to be a signal handler but no signal of the target matches the name.
Oct 03 16:42:09 baseweed-admin dbus-run-session[1026]:   WARN scene: QML Connections at @Services/Location/NightLightService.qml[96:3]: Detected function "onForcedChanged" in Connections element. This is probably intended to be a signal handler but no signal of the target matches the name.
Oct 03 16:42:09 baseweed-admin dbus-run-session[1026]:   WARN scene: QML Connections at @Services/Location/NightLightService.qml[96:3]: Detected function "onNightTempChanged" in Connections element. This is probably intended to be a signal handler but no signal of the target matches the name.
Oct 03 16:42:09 baseweed-admin dbus-run-session[1026]:   WARN scene: QML Connections at @Services/Location/NightLightService.qml[96:3]: Detected function "onDayTempChanged" in Connections element. This is probably intended to be a signal handler but no signal of the target matches the name.
Oct 03 16:42:09 baseweed-admin dbus-run-session[1026]:   WARN scene: QML Connections at @Services/Control/HooksService.qml[16:3]: Detected function "onDarkModeChanged" in Connections element. This is probably intended to be a signal handler but no signal of the target matches the name.
Oct 03 16:42:09 baseweed-admin dbus-run-session[1026]:   INFO qml: [20261003-164209]   HooksService Service started
Oct 03 16:42:09 baseweed-admin dbus-run-session[1026]:   WARN quickshell.dbus.objectmanager: Failed to create DBusObjectManagerInterface for "org.bluez" "/" : QDBusError("org.freedesktop.DBus.Error.ServiceUnknown", "The name is not activatable")
Oct 03 16:42:09 baseweed-admin dbus-run-session[1026]:   INFO qml: [20261003-164209]      Bluetooth Service started
Oct 03 16:42:09 baseweed-admin dbus-run-session[1026]:   INFO qml: [20261003-164209]  IdleInhibitor Service started
Oct 03 16:42:09 baseweed-admin dbus-run-session[1026]:   INFO qml: [20261003-164209] CapabilityServ qdwin live-apply capabilities: pointer=false xkb=false wm=false output=false workspace=false idleDpms=false keybind=false
Oct 03 16:42:09 baseweed-admin dbus-run-session[1026]:   INFO qml: [20261003-164209]   PowerService Service started
Oct 03 16:42:10 baseweed-admin dbus-run-session[1026]:   INFO qml: [20261003-164210] AccessibilityS Service started
Oct 03 16:42:10 baseweed-admin dbus-run-session[1026]:   INFO qml: [20261003-164210]  KeyboardInput Service started
Oct 03 16:42:10 baseweed-admin dbus-run-session[1026]:   INFO qml: [20261003-164210] PointerInputSe Service started (qdwin live-apply: persist-only until shell binds >= v28)
Oct 03 16:42:10 baseweed-admin dbus-run-session[1026]:   INFO qml: [20261003-164210] WindowManagerS Service started (qdwin v25 live-apply: false, shortcuts: false)
Oct 03 16:42:10 baseweed-admin dbus-run-session[1026]:   INFO qml: [20261003-164210] SessionService started; saved=0 canApplyPlacement=false
Oct 03 16:42:10 baseweed-admin dbus-run-session[1026]:   INFO qml: [20261003-164210]    HostService Service started
Oct 03 16:42:10 baseweed-admin dbus-run-session[1026]:   INFO qml: [20261003-164210] CustomButtonIP Service started
Oct 03 16:42:10 baseweed-admin dbus-run-session[1026]:   INFO qml: [20261003-164210]     IPCService Service started
Oct 03 16:42:10 baseweed-admin dbus-run-session[1026]:   INFO qml: [20261003-164210]        PodApps service started
Oct 03 16:42:10 baseweed-admin dbus-run-session[1026]:   INFO qml: [20261003-164210]         VMApps service started
Oct 03 16:42:10 baseweed-admin dbus-run-session[1026]:   INFO qml: [20261003-164210]      Tier3Apps service started
Oct 03 16:42:10 baseweed-admin dbus-run-session[1026]:   INFO qml: [20261003-164210]     Tier3sApps service started
Oct 03 16:42:10 baseweed-admin dbus-run-session[1026]:   INFO qml: [20261003-164210]      Tier4Apps service started
Oct 03 16:42:10 baseweed-admin dbus-run-session[1026]:   INFO qml: [20261003-164210] RemoteMachineW service started
Oct 03 16:42:10 baseweed-admin dbus-run-session[1026]:   INFO qml: [20261003-164210]  Tier3FocusIPC service started
Oct 03 16:42:10 baseweed-admin dbus-run-session[1026]:   WARN quickshell.dbus: Could not launch service org.freedesktop.UPower.PowerProfiles: QDBusError(org.freedesktop.DBus.Error.ServiceUnknown, The name is not activatable)
Oct 03 16:42:10 baseweed-admin dbus-run-session[1026]:   WARN quickshell.service.powerprofiles: Could not start PowerProfilesDaemon. The PowerProfiles service will not work.
Oct 03 16:42:10 baseweed-admin weston[938]: [16:42:10.086] qdwin: bind attempt pid=1026 uid=1000 (allowed_uid=1000)
Oct 03 16:42:10 baseweed-admin weston[938]: [16:42:10.086] qdwin: bind accepted for uid=1000, hello sent
Oct 03 16:42:10 baseweed-admin weston[938]: [16:42:10.086] qdwin: ext_workspace_manager bound (count=4 active=0)
Oct 03 16:42:10 baseweed-admin weston[938]: [16:42:10.086] qdwin: zwlr_output_manager bound (serial=1)
Oct 03 16:42:10 baseweed-admin weston[938]: [16:42:10.086] qdwin: shell bound (uid=1000 pid=1026); replaying 0 toplevels
Oct 03 16:42:10 baseweed-admin weston[938]: [16:42:10.086] qdwin: seat_focus_changed seat=default handle=4294967295
Oct 03 16:42:10 baseweed-admin dbus-run-session[1026]:   INFO qml: [20261003-164210]          Qdwin qdwin_shell_v1 bound v34
Oct 03 16:42:10 baseweed-admin dbus-run-session[1026]:   INFO qml: [20261003-164210]  ClipboardGate wired to qdwin_shell_v1; broker default=deny
Oct 03 16:42:10 baseweed-admin weston[938]: [16:42:10.087] qdwin: workspace 0 name="1"
Oct 03 16:42:10 baseweed-admin weston[938]: [16:42:10.087] qdwin: workspace 1 name="2"
Oct 03 16:42:10 baseweed-admin weston[938]: [16:42:10.088] qdwin: workspace 2 name="3"
Oct 03 16:42:10 baseweed-admin weston[938]: [16:42:10.088] qdwin: workspace 3 name="4"
Oct 03 16:42:10 baseweed-admin weston[938]: [16:42:10.088] qdwin: set_wm_policy focus=0 ffm_delay=0 raise_click=1 raise_hover=0 placement=2 snap=1 dist=16
Oct 03 16:42:10 baseweed-admin dbus-run-session[1026]:   INFO qml: [20261003-164210] WindowManagerS applied WM policy focus=click placement=smart snap=true/16
Oct 03 16:42:10 baseweed-admin dbus-run-session[1026]:   INFO qml: [20261003-164210] CapabilityServ wmPolicy -> true
Oct 03 16:42:10 baseweed-admin weston[938]: [16:42:10.088] qdwin: register_hotkey id=7101 mods=0x2 key=62
Oct 03 16:42:10 baseweed-admin weston[938]: [16:42:10.088] qdwin: register_hotkey id=7102 mods=0x4 key=103
Oct 03 16:42:10 baseweed-admin weston[938]: [16:42:10.088] qdwin: register_hotkey id=7103 mods=0x4 key=33
Oct 03 16:42:10 baseweed-admin weston[938]: [16:42:10.088] qdwin: register_hotkey id=7104 mods=0x4 key=105
Oct 03 16:42:10 baseweed-admin weston[938]: [16:42:10.088] qdwin: register_hotkey id=7105 mods=0x4 key=106
Oct 03 16:42:10 baseweed-admin dbus-run-session[1026]:   INFO qml: [20261003-164210] WindowManagerS registered WM shortcuts (5 active)
Oct 03 16:42:10 baseweed-admin dbus-run-session[1026]:   INFO qml: [20261003-164210] CapabilityServ keybindRegistration -> true
Oct 03 16:42:10 baseweed-admin weston[938]: [16:42:10.089] qdwin: set_pointer_config accel=0 profile=0 natural=0 tap=1 left=0 middle=0 dwt=1 scroll=1 (6 devices)
Oct 03 16:42:10 baseweed-admin dbus-run-session[1026]:   INFO qml: [20261003-164210] PointerInputSe applied pointer config accelSpeed=0 profile=0 natural=0 tap=1 scroll=1
Oct 03 16:42:10 baseweed-admin dbus-run-session[1026]:   INFO qml: [20261003-164210] CapabilityServ pointerConfig -> true
Oct 03 16:42:10 baseweed-admin weston[938]: [16:42:10.089] qdwin: set_key_repeat rate=25 delay=500
Oct 03 16:42:10 baseweed-admin dbus-run-session[1026]:   INFO qml: [20261003-164210]  KeyboardInput applied qdwin key-repeat rate=25 delay=500
Oct 03 16:42:10 baseweed-admin dbus-run-session[1026]:   INFO qml: [20261003-164210] CapabilityServ xkbRepeat -> true
Oct 03 16:42:10 baseweed-admin dbus-run-session[1026]:   INFO qml: [20261003-164210]   PowerService idle policy armed: inactivity=0ms (nothing), displayOff=0ms, presentation=false
Oct 03 16:42:10 baseweed-admin dbus-run-session[1026]:   INFO qml: [20261003-164210] CapabilityServ idleDpms -> true
Oct 03 16:42:10 baseweed-admin dbus-run-session[1026]:   INFO qml: [20261003-164210] CapabilityServ outputManagement -> true
Oct 03 16:42:10 baseweed-admin dbus-run-session[1026]:   WARN qml: [20261003-164210]       Location Weather is still fetching
Oct 03 16:42:10 baseweed-admin dbus-run-session[1026]:   WARN quickshell.dbus: Could not launch service org.freedesktop.UPower: QDBusError(org.freedesktop.DBus.Error.ServiceUnknown, The name is not activatable)
Oct 03 16:42:10 baseweed-admin dbus-run-session[1026]:   WARN quickshell.service.upower: Could not start UPower. The UPower service will not work.
Oct 03 16:42:10 baseweed-admin dbus-run-session[1026]:   INFO qml: [20261003-164210]    HostService Detected openSUSE Tumbleweed
Oct 03 16:42:10 baseweed-admin dbus-run-session[1026]:   INFO qml: [20261003-164210]    HostService Looking for logo icon: distributor-logo-Tumbleweed
Oct 03 16:42:10 baseweed-admin dbus-run-session[1026]:   INFO qml: [20261003-164210]    HostService resolved hostname baseweed-admin
Oct 03 16:42:10 baseweed-admin dbus-run-session[1026]:   WARN: Process failed to start, likely because the binary could not be found. Command: QList("bluetoothctl", "show")
Oct 03 16:42:10 baseweed-admin dbus-run-session[1026]:   WARN: Process failed to start, likely because the binary could not be found. Command: QList("udisksctl", "monitor")
Oct 03 16:42:10 baseweed-admin weston[938]: [16:42:10.229] qdwin: layer-shell get_layer_surface ns=qdshell-background-Virtual-1 layer=2 output=0x5559278639a0
Oct 03 16:42:10 baseweed-admin weston[938]: [16:42:10.229] qdwin: layer-shell configure ns=qdshell-background-Virtual-1 layer=2 box=0,0 1920x1080 serial=1
Oct 03 16:42:10 baseweed-admin weston[938]: [16:42:10.229] qdwin: layer-shell get_layer_surface ns=qdshell-bar-content-Virtual-1 layer=2 output=0x5559278639a0
Oct 03 16:42:10 baseweed-admin weston[938]: [16:42:10.229] qdwin: layer-shell configure ns=qdshell-bar-content-Virtual-1 layer=2 box=0,0 1920x31 serial=2
Oct 03 16:42:10 baseweed-admin weston[938]: [16:42:10.229] qdwin: layer-shell get_layer_surface ns=qdshell-bar-exclusion-top-Virtual-1 layer=2 output=0x5559278639a0
Oct 03 16:42:10 baseweed-admin weston[938]: [16:42:10.229] qdwin: layer-shell configure ns=qdshell-bar-exclusion-top-Virtual-1 layer=2 box=0,0 1920x31 serial=3
Oct 03 16:42:10 baseweed-admin weston[938]: [16:42:10.229] qdwin: layer-shell get_layer_surface ns=qdshell-background-pipewire-0 layer=2 output=0x555927864f00
Oct 03 16:42:10 baseweed-admin weston[938]: [16:42:10.229] qdwin: layer-shell configure ns=qdshell-background-pipewire-0 layer=2 box=1920,0 640x480 serial=4
Oct 03 16:42:10 baseweed-admin weston[938]: [16:42:10.229] qdwin: layer-shell get_layer_surface ns=qdshell-bar-content-pipewire-0 layer=2 output=0x555927864f00
Oct 03 16:42:10 baseweed-admin weston[938]: [16:42:10.229] qdwin: layer-shell configure ns=qdshell-bar-content-pipewire-0 layer=2 box=1920,0 640x31 serial=5
Oct 03 16:42:10 baseweed-admin weston[938]: [16:42:10.229] qdwin: layer-shell get_layer_surface ns=qdshell-bar-exclusion-top-pipewire-0 layer=2 output=0x555927864f00
Oct 03 16:42:10 baseweed-admin weston[938]: [16:42:10.229] qdwin: layer-shell configure ns=qdshell-bar-exclusion-top-pipewire-0 layer=2 box=1920,0 640x31 serial=6
Oct 03 16:42:10 baseweed-admin weston[938]: [16:42:10.229] qdwin: layer-shell get_layer_surface ns=qdshell-background-pipewire-1 layer=2 output=0x55592788a8d0
Oct 03 16:42:10 baseweed-admin weston[938]: [16:42:10.229] qdwin: layer-shell configure ns=qdshell-background-pipewire-1 layer=2 box=2560,0 640x480 serial=7
Oct 03 16:42:10 baseweed-admin weston[938]: [16:42:10.229] qdwin: layer-shell get_layer_surface ns=qdshell-bar-content-pipewire-1 layer=2 output=0x55592788a8d0
Oct 03 16:42:10 baseweed-admin weston[938]: [16:42:10.229] qdwin: layer-shell configure ns=qdshell-bar-content-pipewire-1 layer=2 box=2560,0 640x31 serial=8
Oct 03 16:42:10 baseweed-admin weston[938]: [16:42:10.229] qdwin: layer-shell get_layer_surface ns=qdshell-bar-exclusion-top-pipewire-1 layer=2 output=0x55592788a8d0
Oct 03 16:42:10 baseweed-admin weston[938]: [16:42:10.229] qdwin: layer-shell configure ns=qdshell-bar-exclusion-top-pipewire-1 layer=2 box=2560,0 640x31 serial=9
Oct 03 16:42:10 baseweed-admin weston[938]: [16:42:10.229] qdwin: layer-shell get_layer_surface ns=qdshell-dock-peek-Virtual-1 layer=2 output=0x5559278639a0
Oct 03 16:42:10 baseweed-admin weston[938]: [16:42:10.229] qdwin: layer-shell configure ns=qdshell-dock-peek-Virtual-1 layer=2 box=0,1079 1920x1 serial=10
Oct 03 16:42:10 baseweed-admin weston[938]: [16:42:10.229] qdwin: layer-shell get_layer_surface ns=qdshell-dock-peek-pipewire-0 layer=2 output=0x555927864f00
Oct 03 16:42:10 baseweed-admin weston[938]: [16:42:10.229] qdwin: layer-shell configure ns=qdshell-dock-peek-pipewire-0 layer=2 box=1920,479 640x1 serial=11
Oct 03 16:42:10 baseweed-admin weston[938]: [16:42:10.229] qdwin: layer-shell get_layer_surface ns=qdshell-dock-peek-pipewire-1 layer=2 output=0x55592788a8d0
Oct 03 16:42:10 baseweed-admin weston[938]: [16:42:10.229] qdwin: layer-shell configure ns=qdshell-dock-peek-pipewire-1 layer=2 box=2560,479 640x1 serial=12
Oct 03 16:42:10 baseweed-admin weston[938]: [16:42:10.229] qdwin: layer-shell get_layer_surface ns=qdshell-image-cache-renderer layer=2 output=(nil)
Oct 03 16:42:10 baseweed-admin weston[938]: [16:42:10.229] qdwin: layer-shell configure ns=qdshell-image-cache-renderer layer=2 box=960,540 1x1 serial=13
Oct 03 16:42:10 baseweed-admin dbus-run-session[1026]:  ERROR qml: [20261003-164210]       Location Geocoding error: 0
Oct 03 16:42:10 baseweed-admin dbus-run-session[1026]:   WARN scene: QML Connections at qs:/usr/share/quickshell/qdshell/Modules/Bar/Widgets/Taskbar.qml[981:3]: Detected function "onPinnedAppsChanged" in Connections element. This is probably intended to be a signal handler but no signal of the target matches the name.
Oct 03 16:42:10 baseweed-admin dbus-run-session[1026]:   WARN scene: QML Connections at qs:/usr/share/quickshell/qdshell/Modules/Bar/Widgets/Taskbar.qml[981:3]: Detected function "onPinnedAppsChanged" in Connections element. This is probably intended to be a signal handler but no signal of the target matches the name.
Oct 03 16:42:10 baseweed-admin dbus-run-session[1026]:   WARN scene: QML Connections at qs:/usr/share/quickshell/qdshell/Modules/Bar/Widgets/Taskbar.qml[981:3]: Detected function "onPinnedAppsChanged" in Connections element. This is probably intended to be a signal handler but no signal of the target matches the name.
Oct 03 16:42:10 baseweed-admin dbus-run-session[1026]:   WARN: Could not load icon "user-desktop?fallback=application-x-executable" at size QSize(19, 19) from request
Oct 03 16:42:10 baseweed-admin dbus-run-session[1026]:   WARN: Could not load icon "user-desktop?fallback=application-x-executable" at size QSize(2, 2) from request
Oct 03 16:42:10 baseweed-admin dbus-run-session[1026]:   WARN: Could not load icon "user-desktop?fallback=application-x-executable" at size QSize(2, 2) from request
Oct 03 16:42:10 baseweed-admin dbus-run-session[1026]:   WARN scene: qs:/usr/share/quickshell/qdshell/Modules/Bar/Widgets/Taskbar.qml[982:5]: Unable to assign QJSValue to QObject*
Oct 03 16:42:10 baseweed-admin dbus-run-session[1026]:   WARN scene: qs:/usr/share/quickshell/qdshell/Modules/Bar/Widgets/Taskbar.qml[982:5]: Unable to assign QJSValue to QObject*
Oct 03 16:42:10 baseweed-admin dbus-run-session[1026]:   WARN scene: qs:/usr/share/quickshell/qdshell/Modules/Bar/Widgets/Taskbar.qml[982:5]: Unable to assign QJSValue to QObject*
Oct 03 16:42:10 baseweed-admin dbus-run-session[1026]:   WARN scene: @Services/Control/HooksService.qml[17:5]: Unable to assign QJSValue to QObject*
Oct 03 16:42:10 baseweed-admin dbus-run-session[1026]:   WARN scene: @Services/Location/NightLightService.qml[97:5]: Unable to assign QJSValue to QObject*
Oct 03 16:42:10 baseweed-admin dbus-run-session[1026]:   INFO qml: [20261003-164210] PluginRegistry All plugin manifests loaded. Total plugins: 0
Oct 03 16:42:10 baseweed-admin dbus-run-session[1026]:   INFO qml: [20261003-164210]  PluginService Initializing plugin system
Oct 03 16:42:10 baseweed-admin dbus-run-session[1026]:   INFO qml: [20261003-164210]  PluginService Found 0 enabled plugins: []
Oct 03 16:42:10 baseweed-admin dbus-run-session[1026]:   INFO qml: [20261003-164210]  PluginService No plugins to load
Oct 03 16:42:10 baseweed-admin dbus-run-session[1026]:   INFO qml: [20261003-164210]  PluginService Refreshing available plugins
Oct 03 16:42:10 baseweed-admin dbus-run-session[1026]:   WARN qml: [20261003-164210]     ImageCache ImageMagick not found, using Qt fallback
Oct 03 16:42:10 baseweed-admin dbus-run-session[1026]:   WARN qml: [20261003-164210]      Wallpaper Scan failed for Virtual-1 exit code: 1 (directory might not exist)
Oct 03 16:42:10 baseweed-admin dbus-run-session[1026]:   WARN qml: [20261003-164210]      Wallpaper Scan failed for pipewire-0 exit code: 1 (directory might not exist)
Oct 03 16:42:10 baseweed-admin dbus-run-session[1026]:   WARN qml: [20261003-164210]      Wallpaper Scan failed for pipewire-1 exit code: 1 (directory might not exist)
Oct 03 16:42:10 baseweed-admin dbus-run-session[1026]:   WARN qml: [20261003-164210]   PowerService Button monitor unavailable (exit 1); releasing key inhibitors, logind will handle power/sleep keys
Oct 03 16:42:10 baseweed-admin weston[938]: [16:42:10.367] qdwin: set_key_repeat rate=25 delay=500
Oct 03 16:42:10 baseweed-admin dbus-run-session[1026]:   INFO qml: [20261003-164210]  KeyboardInput applied qdwin key-repeat rate=25 delay=500
Oct 03 16:42:10 baseweed-admin dbus-run-session[1026]:   INFO qml: [20261003-164210] PointerInputSe enumerated 3 pointer device(s) via proc
Oct 03 16:42:10 baseweed-admin dbus-run-session[1026]:   INFO qml: [20261003-164210]        PodApps cache refresh loaded 0 apps
Oct 03 16:42:27 baseweed-admin weston[938]: [16:42:27.268] qdwin: layer-shell mapped ns=qdshell-background-Virtual-1 layer=2 at 0,0 1920x1080
Oct 03 16:42:27 baseweed-admin weston[938]: [16:42:27.854] qdwin: layer-shell mapped ns=qdshell-bar-content-Virtual-1 layer=2 at 0,0 1920x31
Oct 03 16:42:28 baseweed-admin weston[938]: [16:42:28.206] qdwin: layer-shell mapped ns=qdshell-bar-exclusion-top-Virtual-1 layer=2 at 0,0 1920x31
Oct 03 16:42:28 baseweed-admin weston[938]: [16:42:28.736] qdwin: layer-shell mapped ns=qdshell-background-pipewire-0 layer=2 at 1920,0 640x480
Oct 03 16:42:28 baseweed-admin systemd[862]: qdistro-polkit-agent.service: Scheduled restart job, restart counter is at 2.
Oct 03 16:42:28 baseweed-admin systemd[862]: Started qdistro polkit authentication agent (PAM / fprintd / broker).
Oct 03 16:42:29 baseweed-admin weston[938]: [16:42:29.068] qdwin: layer-shell mapped ns=qdshell-bar-content-pipewire-0 layer=2 at 1920,0 640x31
Oct 03 16:42:29 baseweed-admin qdistro-polkit-agent[1235]: registration failed: org.freedesktop.PolicyKit1.Error.Failed: Cannot determine session the caller is in
Oct 03 16:42:29 baseweed-admin python3[1235]: qdistro-polkit-agent: registration failed: org.freedesktop.PolicyKit1.Error.Failed: Cannot determine session the caller is in
Oct 03 16:42:29 baseweed-admin systemd[862]: qdistro-polkit-agent.service: Main process exited, code=exited, status=1/FAILURE
Oct 03 16:42:29 baseweed-admin systemd[862]: qdistro-polkit-agent.service: Failed with result 'exit-code'.
Oct 03 16:42:29 baseweed-admin weston[938]: [16:42:29.509] qdwin: layer-shell mapped ns=qdshell-bar-exclusion-top-pipewire-0 layer=2 at 1920,0 640x31
Oct 03 16:42:29 baseweed-admin weston[938]: [16:42:29.963] qdwin: layer-shell mapped ns=qdshell-background-pipewire-1 layer=2 at 2560,0 640x480
Oct 03 16:42:30 baseweed-admin qdlocker[1021]: 2026-10-03 16:42:30,250 qdlocker.logind INFO logind session rebound in place; session=None
Oct 03 16:42:30 baseweed-admin systemd[862]: qdistro-polkit-agent.service: Scheduled restart job immediately on client request, restart counter is at 3.
Oct 03 16:42:30 baseweed-admin systemd[862]: Started qdistro polkit authentication agent (PAM / fprintd / broker).
Oct 03 16:42:30 baseweed-admin systemd[862]: Auto-unlock the qdistro portal-keys vault at login skipped, unmet condition check ConditionPathExists=/var/lib/qdistro/vaults/portal-keys-pin.tpm
Oct 03 16:42:30 baseweed-admin weston[938]: [16:42:30.418] qdwin: layer-shell mapped ns=qdshell-bar-content-pipewire-1 layer=2 at 2560,0 640x31
Oct 03 16:42:30 baseweed-admin qdistro-polkit-agent[1271]: registration failed: org.freedesktop.PolicyKit1.Error.Failed: Cannot determine session the caller is in
Oct 03 16:42:30 baseweed-admin python3[1271]: qdistro-polkit-agent: registration failed: org.freedesktop.PolicyKit1.Error.Failed: Cannot determine session the caller is in
Oct 03 16:42:30 baseweed-admin systemd[862]: qdistro-polkit-agent.service: Main process exited, code=exited, status=1/FAILURE
Oct 03 16:42:30 baseweed-admin systemd[862]: qdistro-polkit-agent.service: Failed with result 'exit-code'.
Oct 03 16:42:30 baseweed-admin weston[938]: [16:42:30.981] qdwin: layer-shell mapped ns=qdshell-bar-exclusion-top-pipewire-1 layer=2 at 2560,0 640x31
Oct 03 16:42:31 baseweed-admin weston[938]: [16:42:31.440] qdwin: layer-shell mapped ns=qdshell-dock-peek-Virtual-1 layer=2 at 0,1079 1920x1
Oct 03 16:42:31 baseweed-admin weston[938]: [16:42:31.900] qdwin: layer-shell mapped ns=qdshell-dock-peek-pipewire-0 layer=2 at 1920,479 640x1
Oct 03 16:42:32 baseweed-admin weston[938]: [16:42:32.265] qdwin: layer-shell mapped ns=qdshell-dock-peek-pipewire-1 layer=2 at 2560,479 640x1
Oct 03 16:42:32 baseweed-admin weston[938]: [16:42:32.629] qdwin: layer-shell mapped ns=qdshell-image-cache-renderer layer=2 at 960,540 1x1
Oct 03 16:42:32 baseweed-admin dbus-run-session[1026]:   INFO qml: [20261003-164232]    ColorScheme Applying color scheme: Qdshell (default)
Oct 03 16:42:32 baseweed-admin dbus-run-session[1026]:   INFO qml: [20261003-164232]           Time Time jump detected (24s) - likely system resume
Oct 03 16:42:32 baseweed-admin dbus-run-session[1026]:   INFO qml: [20261003-164232]        Network System resumed - forcing state poll
Oct 03 16:42:32 baseweed-admin dbus-run-session[1026]:   INFO qml: [20261003-164232]     SystemStat System resumed - resetting differential state
Oct 03 16:42:32 baseweed-admin dbus-run-session[1026]:   INFO qml: [20261003-164232] DarkModeServic System resumed - re-evaluating dark mode
Oct 03 16:42:32 baseweed-admin dbus-run-session[1026]:   INFO qml: [20261003-164232]     NightLight System resumed - re-applying night light
Oct 03 16:42:32 baseweed-admin dbus-run-session[1026]:   INFO qml: [20261003-164232]      Bluetooth System resumed - forcing state poll
Oct 03 16:42:32 baseweed-admin dbus-run-session[1026]:   INFO qml: [20261003-164232]           Font Service started
Oct 03 16:42:32 baseweed-admin weston[938]: [16:42:32.778] qdwin: layer-shell get_layer_surface ns=qdshell-osd-Virtual-1 layer=3 output=0x5559278639a0
Oct 03 16:42:32 baseweed-admin weston[938]: [16:42:32.778] qdwin: layer-shell configure ns=qdshell-osd-Virtual-1 layer=3 box=1591,40 320x72 serial=14
Oct 03 16:42:32 baseweed-admin weston[938]: [16:42:32.778] qdwin: layer-shell get_layer_surface ns=qdshell-osd-pipewire-0 layer=3 output=0x555927864f00
Oct 03 16:42:32 baseweed-admin weston[938]: [16:42:32.778] qdwin: layer-shell configure ns=qdshell-osd-pipewire-0 layer=3 box=2231,40 320x72 serial=15
Oct 03 16:42:32 baseweed-admin weston[938]: [16:42:32.778] qdwin: layer-shell get_layer_surface ns=qdshell-osd-pipewire-1 layer=3 output=0x55592788a8d0
Oct 03 16:42:32 baseweed-admin weston[938]: [16:42:32.778] qdwin: layer-shell configure ns=qdshell-osd-pipewire-1 layer=3 box=2871,40 320x72 serial=16
Oct 03 16:42:32 baseweed-admin dbus-run-session[1026]:  ERROR qml: [20261003-164232]  PluginService Empty response from Qdshell Plugins
Oct 03 16:42:32 baseweed-admin dbus-run-session[1026]:  ERROR qml: [20261003-164232]  PluginService Failed to fetch registry from Qdshell Plugins - exit code: 1
Oct 03 16:42:33 baseweed-admin dbus-run-session[1026]:   INFO qml: [20261003-164233]        PodApps cache refresh loaded 0 apps
Oct 03 16:42:33 baseweed-admin systemd[862]: qdistro-polkit-agent.service: Scheduled restart job, restart counter is at 4.
Oct 03 16:42:33 baseweed-admin systemd[862]: Started qdistro polkit authentication agent (PAM / fprintd / broker).
Oct 03 16:42:33 baseweed-admin weston[938]: [16:42:33.777] qdwin: layer-shell mapped ns=qdshell-osd-Virtual-1 layer=3 at 1591,40 320x72
Oct 03 16:42:33 baseweed-admin weston[938]: [16:42:33.839] qdwin: layer-shell mapped ns=qdshell-osd-pipewire-0 layer=3 at 2231,40 320x72
Oct 03 16:42:33 baseweed-admin qdistro-polkit-agent[1474]: registration failed: org.freedesktop.PolicyKit1.Error.Failed: Cannot determine session the caller is in
Oct 03 16:42:33 baseweed-admin python3[1474]: qdistro-polkit-agent: registration failed: org.freedesktop.PolicyKit1.Error.Failed: Cannot determine session the caller is in
Oct 03 16:42:33 baseweed-admin systemd[862]: qdistro-polkit-agent.service: Main process exited, code=exited, status=1/FAILURE
Oct 03 16:42:33 baseweed-admin systemd[862]: qdistro-polkit-agent.service: Failed with result 'exit-code'.
Oct 03 16:42:34 baseweed-admin weston[938]: [16:42:34.451] qdwin: layer-shell mapped ns=qdshell-osd-pipewire-1 layer=3 at 2871,40 320x72
Oct 03 16:42:34 baseweed-admin systemd[862]: Started podman-1588.scope.
Oct 03 16:42:34 baseweed-admin dbus-run-session[1026]:   WARN qml: [20261003-164234]        Network Connectivity check error: Error: Not authorized to recheck connectivity.
Oct 03 16:42:34 baseweed-admin dbus-run-session[1026]:   INFO qml: [20261003-164234]           Font Loaded 11 fonts, 3 monospace
Oct 03 16:42:34 baseweed-admin systemd[862]: Started podman-1634.scope.
Oct 03 16:42:34 baseweed-admin weston[938]: [16:42:34.596] qdwin: layer-shell get_layer_surface ns=qdshell-wallpaper-Virtual-1 layer=0 output=0x5559278639a0
Oct 03 16:42:34 baseweed-admin weston[938]: [16:42:34.596] qdwin: layer-shell configure ns=qdshell-wallpaper-Virtual-1 layer=0 box=0,0 1920x1080 serial=17
Oct 03 16:42:34 baseweed-admin weston[938]: [16:42:34.703] qdwin: layer-shell get_layer_surface ns=qdshell-wallpaper-pipewire-0 layer=0 output=0x555927864f00
Oct 03 16:42:34 baseweed-admin weston[938]: [16:42:34.703] qdwin: layer-shell configure ns=qdshell-wallpaper-pipewire-0 layer=0 box=1920,0 640x480 serial=18
Oct 03 16:42:34 baseweed-admin weston[938]: [16:42:34.703] qdwin: layer-shell get_layer_surface ns=qdshell-wallpaper-pipewire-1 layer=0 output=0x55592788a8d0
Oct 03 16:42:34 baseweed-admin weston[938]: [16:42:34.703] qdwin: layer-shell configure ns=qdshell-wallpaper-pipewire-1 layer=0 box=2560,0 640x480 serial=19
Oct 03 16:42:34 baseweed-admin weston[938]: [16:42:34.915] qdwin: layer-shell mapped ns=qdshell-wallpaper-Virtual-1 layer=0 at 0,0 1920x1080
Oct 03 16:42:34 baseweed-admin weston[938]: [16:42:34.979] qdwin: layer-shell mapped ns=qdshell-wallpaper-pipewire-0 layer=0 at 1920,0 640x480
Oct 03 16:42:35 baseweed-admin weston[938]: [16:42:35.103] qdwin: layer-shell mapped ns=qdshell-wallpaper-pipewire-1 layer=0 at 2560,0 640x480
Oct 03 16:42:35 baseweed-admin dbus-run-session[1026]:   WARN: Process failed to start, likely because the binary could not be found. Command: QList("bluetoothctl", "show")
Oct 03 16:42:35 baseweed-admin dbus-run-session[1026]:   WARN qml: [20261003-164235]     SystemStat No supported temperature sensor found
Oct 03 16:42:36 baseweed-admin systemd[862]: Started podman-1891.scope.
Oct 03 16:42:36 baseweed-admin systemd[862]: Started podman-1950.scope.
Oct 03 16:42:36 baseweed-admin dbus-run-session[1026]:   INFO qml: [20261003-164236] DarkModeServic Resume retry - re-evaluating dark mode again
Oct 03 16:42:36 baseweed-admin dbus-run-session[1026]:   INFO qml: [20261003-164236]     NightLight Resume retry - re-applying night light again
Oct 03 16:42:36 baseweed-admin dbus-run-session[1026]:   WARN: Process failed to start, likely because the binary could not be found. Command: QList("bluetoothctl", "show")
Oct 03 16:42:37 baseweed-admin systemd[862]: qdistro-polkit-agent.service: Scheduled restart job, restart counter is at 5.
Oct 03 16:42:37 baseweed-admin systemd[862]: Started qdistro polkit authentication agent (PAM / fprintd / broker).
Oct 03 16:42:37 baseweed-admin qdistro-polkit-agent[2133]: registration failed: org.freedesktop.PolicyKit1.Error.Failed: Cannot determine session the caller is in
Oct 03 16:42:37 baseweed-admin python3[2133]: qdistro-polkit-agent: registration failed: org.freedesktop.PolicyKit1.Error.Failed: Cannot determine session the caller is in
Oct 03 16:42:37 baseweed-admin systemd[862]: Started podman-2152.scope.
Oct 03 16:42:37 baseweed-admin systemd[862]: qdistro-polkit-agent.service: Main process exited, code=exited, status=1/FAILURE
Oct 03 16:42:37 baseweed-admin systemd[862]: qdistro-polkit-agent.service: Failed with result 'exit-code'.
Oct 03 16:42:37 baseweed-admin systemd[862]: Started podman-2173.scope.
Oct 03 16:42:37 baseweed-admin dbus-run-session[1026]:   WARN: Process failed to start, likely because the binary could not be found. Command: QList("bluetoothctl", "show")
Oct 03 16:42:37 baseweed-admin systemd[862]: Started podman-2199.scope.
Oct 03 16:42:39 baseweed-admin dbus-run-session[1026]:   WARN: Process failed to start, likely because the binary could not be found. Command: QList("bluetoothctl", "show")
Oct 03 16:42:40 baseweed-admin systemd[862]: qdistro-polkit-agent.service: Scheduled restart job, restart counter is at 6.
Oct 03 16:42:40 baseweed-admin systemd[862]: Started qdistro polkit authentication agent (PAM / fprintd / broker).
Oct 03 16:42:40 baseweed-admin qdistro-polkit-agent[2294]: registration failed: org.freedesktop.PolicyKit1.Error.Failed: Cannot determine session the caller is in
Oct 03 16:42:40 baseweed-admin python3[2294]: qdistro-polkit-agent: registration failed: org.freedesktop.PolicyKit1.Error.Failed: Cannot determine session the caller is in
Oct 03 16:42:40 baseweed-admin systemd[862]: qdistro-polkit-agent.service: Main process exited, code=exited, status=1/FAILURE
Oct 03 16:42:40 baseweed-admin systemd[862]: qdistro-polkit-agent.service: Failed with result 'exit-code'.
Oct 03 16:42:41 baseweed-admin dbus-run-session[1026]:   WARN: Process failed to start, likely because the binary could not be found. Command: QList("bluetoothctl", "show")
Oct 03 16:42:43 baseweed-admin dbus-run-session[1026]:   WARN: Process failed to start, likely because the binary could not be found. Command: QList("bluetoothctl", "show")
Oct 03 16:42:43 baseweed-admin systemd[862]: qdistro-polkit-agent.service: Scheduled restart job, restart counter is at 7.
Oct 03 16:42:43 baseweed-admin systemd[862]: Started qdistro polkit authentication agent (PAM / fprintd / broker).
Oct 03 16:42:43 baseweed-admin qdistro-polkit-agent[2343]: registration failed: org.freedesktop.PolicyKit1.Error.Failed: Cannot determine session the caller is in
Oct 03 16:42:43 baseweed-admin python3[2343]: qdistro-polkit-agent: registration failed: org.freedesktop.PolicyKit1.Error.Failed: Cannot determine session the caller is in
Oct 03 16:42:43 baseweed-admin systemd[862]: qdistro-polkit-agent.service: Main process exited, code=exited, status=1/FAILURE
Oct 03 16:42:43 baseweed-admin systemd[862]: qdistro-polkit-agent.service: Failed with result 'exit-code'.
Oct 03 16:42:45 baseweed-admin dbus-run-session[1026]:   WARN: Process failed to start, likely because the binary could not be found. Command: QList("bluetoothctl", "show")
Oct 03 16:42:46 baseweed-admin dbus-run-session[1026]:   WARN qml: [20261003-164246]       Location Weather is still fetching
Oct 03 16:42:46 baseweed-admin dbus-run-session[1026]:  ERROR qml: [20261003-164246]       Location Geocoding error: 0
Oct 03 16:42:46 baseweed-admin systemd[862]: qdistro-polkit-agent.service: Scheduled restart job, restart counter is at 8.
Oct 03 16:42:46 baseweed-admin systemd[862]: Started qdistro polkit authentication agent (PAM / fprintd / broker).
Oct 03 16:42:47 baseweed-admin qdistro-polkit-agent[2558]: registration failed: org.freedesktop.PolicyKit1.Error.Failed: Cannot determine session the caller is in
Oct 03 16:42:47 baseweed-admin python3[2558]: qdistro-polkit-agent: registration failed: org.freedesktop.PolicyKit1.Error.Failed: Cannot determine session the caller is in
Oct 03 16:42:47 baseweed-admin systemd[862]: qdistro-polkit-agent.service: Main process exited, code=exited, status=1/FAILURE
Oct 03 16:42:47 baseweed-admin systemd[862]: qdistro-polkit-agent.service: Failed with result 'exit-code'.
Oct 03 16:42:47 baseweed-admin systemd[862]: selinux: avc:  denied  { start } for auid=n/a uid=1000 gid=1000 cmdline="podman image exists localhost/tier3s-probe:empty" function="method_start_transient_unit" scontext=system_u:system_r:virt_qemu_ga_t:s0 tcontext=unconfined_u:unconfined_r:unconfined_t:s0-s0:c0.c1023 tclass=system permissive=1
Oct 03 16:42:47 baseweed-admin systemd[862]: Started podman-2621.scope.
Oct 03 16:42:47 baseweed-admin systemd[862]: Started podman-2634.scope.
Oct 03 16:42:47 baseweed-admin dbus-run-session[1026]:   WARN: Process failed to start, likely because the binary could not be found. Command: QList("bluetoothctl", "show")
Oct 03 16:42:47 baseweed-admin podman[2634]: 2026-10-03 16:42:47.530321685 +0000 UTC m=+0.198771085 image tag fbb9565707338825319f889ed216cf4c5a0ea00ec1b92816dbac9d1ecff21df3 localhost/tier3s-probe:empty
Oct 03 16:42:47 baseweed-admin systemd[862]: Started podman-2657.scope.
Oct 03 16:42:47 baseweed-admin podman[2657]: 2026-10-03 16:42:47.650856542 +0000 UTC m=+0.098390124 container create aa2c87c392f968d4991975af9af653e1e0a7ae06d8ff831744c648d19d42de14 (image=localhost/tier3s-probe:empty, name=tier3s-probe-2470)
Oct 03 16:42:47 baseweed-admin podman[2657]: 2026-10-03 16:42:47.593193342 +0000 UTC m=+0.040726934 image pull fbb9565707338825319f889ed216cf4c5a0ea00ec1b92816dbac9d1ecff21df3 localhost/tier3s-probe:empty
Oct 03 16:42:47 baseweed-admin dbus-run-session[1026]:   WARN qml: [20261003-164247]        Network Connectivity check error: Error: Not authorized to recheck connectivity.
Oct 03 16:42:47 baseweed-admin systemd[862]: Started podman-2669.scope.
Oct 03 16:42:47 baseweed-admin systemd[862]: Started podman-2685.scope.
Oct 03 16:42:47 baseweed-admin systemd[862]: Started podman-2696.scope.
Oct 03 16:42:47 baseweed-admin podman[2696]: 2026-10-03 16:42:47.888290789 +0000 UTC m=+0.087365471 container remove aa2c87c392f968d4991975af9af653e1e0a7ae06d8ff831744c648d19d42de14 (image=localhost/tier3s-probe:empty, name=tier3s-probe-2470)
Oct 03 16:42:48 baseweed-admin systemd[862]: Started podman-2763.scope.
Oct 03 16:42:48 baseweed-admin systemd[862]: Started podman-2774.scope.
Oct 03 16:42:49 baseweed-admin dbus-run-session[1026]:   WARN: Process failed to start, likely because the binary could not be found. Command: QList("bluetoothctl", "show")
Oct 03 16:42:50 baseweed-admin systemd[862]: qdistro-polkit-agent.service: Scheduled restart job, restart counter is at 9.
Oct 03 16:42:50 baseweed-admin systemd[862]: Started qdistro polkit authentication agent (PAM / fprintd / broker).
Oct 03 16:42:50 baseweed-admin qdistro-polkit-agent[2852]: registration failed: org.freedesktop.PolicyKit1.Error.Failed: Cannot determine session the caller is in
Oct 03 16:42:50 baseweed-admin python3[2852]: qdistro-polkit-agent: registration failed: org.freedesktop.PolicyKit1.Error.Failed: Cannot determine session the caller is in
Oct 03 16:42:50 baseweed-admin systemd[862]: qdistro-polkit-agent.service: Main process exited, code=exited, status=1/FAILURE
Oct 03 16:42:50 baseweed-admin systemd[862]: qdistro-polkit-agent.service: Failed with result 'exit-code'.
Oct 03 16:42:50 baseweed-admin podman[2774]: 2026-10-03 16:42:50.96794999 +0000 UTC m=+2.458968806 image loadfromarchive 1eee52a21ad86f065d227988b4ff8e279fe838e4ed84ee77f2aed0d372deae92 /var/tmp/t3s-img/image.oci.tar
Oct 03 16:42:50 baseweed-admin systemd[862]: podman-2774.scope: Consumed 3.697s CPU time over 2.429s wall clock time.
Oct 03 16:42:51 baseweed-admin systemd[862]: Started podman-2924.scope.
Oct 03 16:42:51 baseweed-admin systemd[862]: Started podman-2936.scope.
Oct 03 16:42:51 baseweed-admin systemd[862]: Started podman-2947.scope.
Oct 03 16:42:51 baseweed-admin dbus-run-session[1026]:   WARN: Process failed to start, likely because the binary could not be found. Command: QList("bluetoothctl", "show")
Oct 03 16:42:52 baseweed-admin systemd[862]: Started podman-2974.scope.
Oct 03 16:42:52 baseweed-admin systemd[862]: Started podman-2985.scope.
Oct 03 16:42:53 baseweed-admin dbus-run-session[1026]:   WARN: Process failed to start, likely because the binary could not be found. Command: QList("bluetoothctl", "show")
Oct 03 16:42:53 baseweed-admin systemd[862]: qdistro-polkit-agent.service: Scheduled restart job, restart counter is at 10.
Oct 03 16:42:53 baseweed-admin systemd[862]: Started qdistro polkit authentication agent (PAM / fprintd / broker).
Oct 03 16:42:53 baseweed-admin qdistro-polkit-agent[3043]: registration failed: org.freedesktop.PolicyKit1.Error.Failed: Cannot determine session the caller is in
Oct 03 16:42:53 baseweed-admin python3[3043]: qdistro-polkit-agent: registration failed: org.freedesktop.PolicyKit1.Error.Failed: Cannot determine session the caller is in
Oct 03 16:42:53 baseweed-admin systemd[862]: qdistro-polkit-agent.service: Main process exited, code=exited, status=1/FAILURE
Oct 03 16:42:53 baseweed-admin systemd[862]: qdistro-polkit-agent.service: Failed with result 'exit-code'.
Oct 03 16:42:55 baseweed-admin dbus-run-session[1026]:   WARN: Process failed to start, likely because the binary could not be found. Command: QList("bluetoothctl", "show")
Oct 03 16:42:56 baseweed-admin dbus-run-session[1026]:   INFO qml: [20261003-164256]        PodApps cache refresh loaded 0 apps
Oct 03 16:42:56 baseweed-admin systemd[862]: qdistro-polkit-agent.service: Scheduled restart job, restart counter is at 11.
Oct 03 16:42:56 baseweed-admin systemd[862]: Started qdistro polkit authentication agent (PAM / fprintd / broker).
Oct 03 16:42:57 baseweed-admin qdistro-polkit-agent[3093]: registration failed: org.freedesktop.PolicyKit1.Error.Failed: Cannot determine session the caller is in
Oct 03 16:42:57 baseweed-admin python3[3093]: qdistro-polkit-agent: registration failed: org.freedesktop.PolicyKit1.Error.Failed: Cannot determine session the caller is in
Oct 03 16:42:57 baseweed-admin systemd[862]: qdistro-polkit-agent.service: Main process exited, code=exited, status=1/FAILURE
Oct 03 16:42:57 baseweed-admin systemd[862]: qdistro-polkit-agent.service: Failed with result 'exit-code'.
Oct 03 16:42:57 baseweed-admin dbus-run-session[1026]:   WARN: Process failed to start, likely because the binary could not be found. Command: QList("bluetoothctl", "show")
Oct 03 16:42:59 baseweed-admin dbus-run-session[1026]:   WARN: Process failed to start, likely because the binary could not be found. Command: QList("bluetoothctl", "show")
Oct 03 16:43:00 baseweed-admin systemd[862]: qdistro-polkit-agent.service: Scheduled restart job, restart counter is at 12.
Oct 03 16:43:00 baseweed-admin systemd[862]: Started qdistro polkit authentication agent (PAM / fprintd / broker).
Oct 03 16:43:00 baseweed-admin qdistro-polkit-agent[3135]: registration failed: org.freedesktop.PolicyKit1.Error.Failed: Cannot determine session the caller is in
Oct 03 16:43:00 baseweed-admin python3[3135]: qdistro-polkit-agent: registration failed: org.freedesktop.PolicyKit1.Error.Failed: Cannot determine session the caller is in
Oct 03 16:43:00 baseweed-admin systemd[862]: qdistro-polkit-agent.service: Main process exited, code=exited, status=1/FAILURE
Oct 03 16:43:00 baseweed-admin systemd[862]: qdistro-polkit-agent.service: Failed with result 'exit-code'.
Oct 03 16:43:01 baseweed-admin dbus-run-session[1026]:   WARN: Process failed to start, likely because the binary could not be found. Command: QList("bluetoothctl", "show")
Oct 03 16:43:02 baseweed-admin dbus-run-session[1026]:   WARN qml: [20261003-164302]        Network Connectivity check error: Error: Not authorized to recheck connectivity.
Oct 03 16:43:03 baseweed-admin systemd[862]: qdistro-polkit-agent.service: Scheduled restart job, restart counter is at 13.
Oct 03 16:43:03 baseweed-admin systemd[862]: Started qdistro polkit authentication agent (PAM / fprintd / broker).
Oct 03 16:43:03 baseweed-admin dbus-run-session[1026]:   WARN: Process failed to start, likely because the binary could not be found. Command: QList("bluetoothctl", "show")
Oct 03 16:43:03 baseweed-admin qdistro-polkit-agent[3210]: registration failed: org.freedesktop.PolicyKit1.Error.Failed: Cannot determine session the caller is in
Oct 03 16:43:03 baseweed-admin python3[3210]: qdistro-polkit-agent: registration failed: org.freedesktop.PolicyKit1.Error.Failed: Cannot determine session the caller is in
Oct 03 16:43:03 baseweed-admin systemd[862]: qdistro-polkit-agent.service: Main process exited, code=exited, status=1/FAILURE
Oct 03 16:43:03 baseweed-admin systemd[862]: qdistro-polkit-agent.service: Failed with result 'exit-code'.
Oct 03 16:43:05 baseweed-admin dbus-run-session[1026]:   WARN: Process failed to start, likely because the binary could not be found. Command: QList("bluetoothctl", "show")
Oct 03 16:43:06 baseweed-admin dbus-run-session[1026]:   WARN qml: [20261003-164306]       Location Weather is still fetching
Oct 03 16:43:06 baseweed-admin dbus-run-session[1026]:  ERROR qml: [20261003-164306]       Location Geocoding error: 0
Oct 03 16:43:06 baseweed-admin systemd[862]: qdistro-polkit-agent.service: Scheduled restart job, restart counter is at 14.
Oct 03 16:43:06 baseweed-admin systemd[862]: Started qdistro polkit authentication agent (PAM / fprintd / broker).
Oct 03 16:43:06 baseweed-admin qdistro-polkit-agent[3238]: registration failed: org.freedesktop.PolicyKit1.Error.Failed: Cannot determine session the caller is in
Oct 03 16:43:06 baseweed-admin python3[3238]: qdistro-polkit-agent: registration failed: org.freedesktop.PolicyKit1.Error.Failed: Cannot determine session the caller is in
Oct 03 16:43:06 baseweed-admin systemd[862]: qdistro-polkit-agent.service: Main process exited, code=exited, status=1/FAILURE
Oct 03 16:43:06 baseweed-admin systemd[862]: qdistro-polkit-agent.service: Failed with result 'exit-code'.
Oct 03 16:43:07 baseweed-admin dbus-run-session[1026]:   WARN: Process failed to start, likely because the binary could not be found. Command: QList("bluetoothctl", "show")
Oct 03 16:43:07 baseweed-admin podman[2985]: 2026-10-03 16:43:07.976249449 +0000 UTC m=+15.378505452 image loadfromarchive c1cfa112ea7171ba1c62d14d9adda09e40b530bd9f5b3e76cfaf4e29ff0b345e /var/tmp/t3s-img/tier3s-weston-terminal.oci.tar
Oct 03 16:43:07 baseweed-admin systemd[862]: podman-2985.scope: Consumed 12.842s CPU time over 15.355s wall clock time.
Oct 03 16:43:08 baseweed-admin systemd[862]: Started podman-3247.scope.
Oct 03 16:43:08 baseweed-admin systemd[862]: Started podman-3259.scope.
Oct 03 16:43:08 baseweed-admin systemd[862]: Started podman-3277.scope.
Oct 03 16:43:08 baseweed-admin systemd[862]: selinux: avc:  denied  { status } for auid=n/a uid=1000 gid=1000 path="/home/admin/.config/systemd/user/qdshell.service" cmdline="" function="mac_selinux_filter" scontext=system_u:system_r:virt_qemu_ga_t:s0 tcontext=system_u:object_r:config_home_t:s0 tclass=service permissive=1
Oct 03 16:43:08 baseweed-admin systemd[862]: Started podman-3353.scope.
Oct 03 16:43:09 baseweed-admin dbus-run-session[1026]:   WARN: Process failed to start, likely because the binary could not be found. Command: QList("bluetoothctl", "show")
Oct 03 16:43:09 baseweed-admin systemd[862]: qdistro-polkit-agent.service: Scheduled restart job, restart counter is at 15.
Oct 03 16:43:09 baseweed-admin systemd[862]: Started qdistro polkit authentication agent (PAM / fprintd / broker).
Oct 03 16:43:10 baseweed-admin qdistro-polkit-agent[3897]: registration failed: org.freedesktop.PolicyKit1.Error.Failed: Cannot determine session the caller is in
Oct 03 16:43:10 baseweed-admin python3[3897]: qdistro-polkit-agent: registration failed: org.freedesktop.PolicyKit1.Error.Failed: Cannot determine session the caller is in
Oct 03 16:43:10 baseweed-admin systemd[862]: qdistro-polkit-agent.service: Main process exited, code=exited, status=1/FAILURE
Oct 03 16:43:10 baseweed-admin systemd[862]: qdistro-polkit-agent.service: Failed with result 'exit-code'.
Oct 03 16:43:10 baseweed-admin systemd[862]: Started podman-3958.scope.
Oct 03 16:43:10 baseweed-admin systemd[862]: Started podman-3969.scope.
Oct 03 16:43:10 baseweed-admin podman[3969]: 2026-10-03 16:43:10.44524837 +0000 UTC m=+0.031632009 image pull fbb9565707338825319f889ed216cf4c5a0ea00ec1b92816dbac9d1ecff21df3 localhost/tier3s-probe:empty
Oct 03 16:43:10 baseweed-admin podman[3969]: 2026-10-03 16:43:10.56264334 +0000 UTC m=+0.149026959 container create c7629e9e7caf12a7d85e6cbbb78350a9810b0c2a62f08aa7a0d80898707d19e0 (image=localhost/tier3s-probe:empty, name=tier3s-probe-3814)
Oct 03 16:43:10 baseweed-admin systemd[862]: Started podman-3980.scope.
Oct 03 16:43:10 baseweed-admin systemd[862]: Started podman-3992.scope.
Oct 03 16:43:10 baseweed-admin systemd[862]: Started podman-4002.scope.
Oct 03 16:43:11 baseweed-admin dbus-run-session[1026]:   WARN: Process failed to start, likely because the binary could not be found. Command: QList("bluetoothctl", "show")
Oct 03 16:43:13 baseweed-admin systemd[862]: qdistro-polkit-agent.service: Scheduled restart job, restart counter is at 16.
Oct 03 16:43:13 baseweed-admin systemd[862]: Started qdistro polkit authentication agent (PAM / fprintd / broker).
Oct 03 16:43:13 baseweed-admin qdistro-polkit-agent[4021]: registration failed: org.freedesktop.PolicyKit1.Error.Failed: Cannot determine session the caller is in
Oct 03 16:43:13 baseweed-admin python3[4021]: qdistro-polkit-agent: registration failed: org.freedesktop.PolicyKit1.Error.Failed: Cannot determine session the caller is in
Oct 03 16:43:13 baseweed-admin systemd[862]: qdistro-polkit-agent.service: Main process exited, code=exited, status=1/FAILURE
Oct 03 16:43:13 baseweed-admin systemd[862]: qdistro-polkit-agent.service: Failed with result 'exit-code'.
Oct 03 16:43:13 baseweed-admin dbus-run-session[1026]:   WARN: Process failed to start, likely because the binary could not be found. Command: QList("bluetoothctl", "show")
Oct 03 16:43:15 baseweed-admin dbus-run-session[1026]:   WARN: Process failed to start, likely because the binary could not be found. Command: QList("bluetoothctl", "show")
Oct 03 16:43:16 baseweed-admin systemd[862]: qdistro-polkit-agent.service: Scheduled restart job, restart counter is at 17.
Oct 03 16:43:16 baseweed-admin systemd[862]: Started qdistro polkit authentication agent (PAM / fprintd / broker).
Oct 03 16:43:16 baseweed-admin qdistro-polkit-agent[4035]: registration failed: org.freedesktop.PolicyKit1.Error.Failed: Cannot determine session the caller is in
Oct 03 16:43:16 baseweed-admin python3[4035]: qdistro-polkit-agent: registration failed: org.freedesktop.PolicyKit1.Error.Failed: Cannot determine session the caller is in
Oct 03 16:43:16 baseweed-admin systemd[862]: qdistro-polkit-agent.service: Main process exited, code=exited, status=1/FAILURE
Oct 03 16:43:16 baseweed-admin systemd[862]: qdistro-polkit-agent.service: Failed with result 'exit-code'.
Oct 03 16:43:17 baseweed-admin dbus-run-session[1026]:   WARN: Process failed to start, likely because the binary could not be found. Command: QList("bluetoothctl", "show")
Oct 03 16:43:17 baseweed-admin dbus-run-session[1026]:   WARN qml: [20261003-164317]        Network Connectivity check error: Error: Not authorized to recheck connectivity.
Oct 03 16:43:19 baseweed-admin dbus-run-session[1026]:   WARN: Process failed to start, likely because the binary could not be found. Command: QList("bluetoothctl", "show")
Oct 03 16:43:19 baseweed-admin systemd[862]: qdistro-polkit-agent.service: Scheduled restart job, restart counter is at 18.
Oct 03 16:43:19 baseweed-admin systemd[862]: Started qdistro polkit authentication agent (PAM / fprintd / broker).
Oct 03 16:43:19 baseweed-admin qdistro-polkit-agent[4055]: registration failed: org.freedesktop.PolicyKit1.Error.Failed: Cannot determine session the caller is in
Oct 03 16:43:19 baseweed-admin python3[4055]: qdistro-polkit-agent: registration failed: org.freedesktop.PolicyKit1.Error.Failed: Cannot determine session the caller is in
Oct 03 16:43:19 baseweed-admin systemd[862]: qdistro-polkit-agent.service: Main process exited, code=exited, status=1/FAILURE
Oct 03 16:43:19 baseweed-admin systemd[862]: qdistro-polkit-agent.service: Failed with result 'exit-code'.
Oct 03 16:43:21 baseweed-admin dbus-run-session[1026]:   WARN: Process failed to start, likely because the binary could not be found. Command: QList("bluetoothctl", "show")
Oct 03 16:43:22 baseweed-admin systemd[862]: qdistro-polkit-agent.service: Scheduled restart job, restart counter is at 19.
Oct 03 16:43:22 baseweed-admin systemd[862]: Started qdistro polkit authentication agent (PAM / fprintd / broker).
Oct 03 16:43:22 baseweed-admin qdistro-polkit-agent[4069]: registration failed: org.freedesktop.PolicyKit1.Error.Failed: Cannot determine session the caller is in
Oct 03 16:43:22 baseweed-admin python3[4069]: qdistro-polkit-agent: registration failed: org.freedesktop.PolicyKit1.Error.Failed: Cannot determine session the caller is in
Oct 03 16:43:22 baseweed-admin systemd[862]: qdistro-polkit-agent.service: Main process exited, code=exited, status=1/FAILURE
Oct 03 16:43:22 baseweed-admin systemd[862]: qdistro-polkit-agent.service: Failed with result 'exit-code'.
Oct 03 16:43:23 baseweed-admin dbus-run-session[1026]:   WARN: Process failed to start, likely because the binary could not be found. Command: QList("bluetoothctl", "show")
Oct 03 16:43:25 baseweed-admin dbus-run-session[1026]:   WARN: Process failed to start, likely because the binary could not be found. Command: QList("bluetoothctl", "show")
Oct 03 16:43:26 baseweed-admin dbus-run-session[1026]:   WARN qml: [20261003-164326]       Location Weather is still fetching
Oct 03 16:43:26 baseweed-admin dbus-run-session[1026]:  ERROR qml: [20261003-164326]       Location Geocoding error: 0
Oct 03 16:43:26 baseweed-admin dbus-run-session[1026]:   INFO qml: [20261003-164326]        PodApps cache refresh loaded 0 apps
Oct 03 16:43:26 baseweed-admin systemd[862]: qdistro-polkit-agent.service: Scheduled restart job, restart counter is at 20.
Oct 03 16:43:26 baseweed-admin systemd[862]: Started qdistro polkit authentication agent (PAM / fprintd / broker).
Oct 03 16:43:26 baseweed-admin qdistro-polkit-agent[4099]: registration failed: org.freedesktop.PolicyKit1.Error.Failed: Cannot determine session the caller is in
Oct 03 16:43:26 baseweed-admin python3[4099]: qdistro-polkit-agent: registration failed: org.freedesktop.PolicyKit1.Error.Failed: Cannot determine session the caller is in
Oct 03 16:43:26 baseweed-admin systemd[862]: qdistro-polkit-agent.service: Main process exited, code=exited, status=1/FAILURE
Oct 03 16:43:26 baseweed-admin systemd[862]: qdistro-polkit-agent.service: Failed with result 'exit-code'.
Oct 03 16:43:27 baseweed-admin dbus-run-session[1026]:   WARN: Process failed to start, likely because the binary could not be found. Command: QList("bluetoothctl", "show")
Oct 03 16:43:29 baseweed-admin systemd[862]: qdistro-polkit-agent.service: Scheduled restart job, restart counter is at 21.
Oct 03 16:43:29 baseweed-admin systemd[862]: Started qdistro polkit authentication agent (PAM / fprintd / broker).
Oct 03 16:43:29 baseweed-admin dbus-run-session[1026]:   WARN: Process failed to start, likely because the binary could not be found. Command: QList("bluetoothctl", "show")
Oct 03 16:43:29 baseweed-admin qdistro-polkit-agent[4112]: registration failed: org.freedesktop.PolicyKit1.Error.Failed: Cannot determine session the caller is in
Oct 03 16:43:29 baseweed-admin python3[4112]: qdistro-polkit-agent: registration failed: org.freedesktop.PolicyKit1.Error.Failed: Cannot determine session the caller is in
Oct 03 16:43:29 baseweed-admin systemd[862]: qdistro-polkit-agent.service: Main process exited, code=exited, status=1/FAILURE
Oct 03 16:43:29 baseweed-admin systemd[862]: qdistro-polkit-agent.service: Failed with result 'exit-code'.
Oct 03 16:43:31 baseweed-admin dbus-run-session[1026]:   WARN: Process failed to start, likely because the binary could not be found. Command: QList("bluetoothctl", "show")
Oct 03 16:43:32 baseweed-admin systemd[862]: qdistro-polkit-agent.service: Scheduled restart job, restart counter is at 22.
Oct 03 16:43:32 baseweed-admin systemd[862]: Started qdistro polkit authentication agent (PAM / fprintd / broker).
Oct 03 16:43:32 baseweed-admin dbus-run-session[1026]:   WARN qml: [20261003-164332]        Network Connectivity check error: Error: Not authorized to recheck connectivity.
Oct 03 16:43:32 baseweed-admin qdistro-polkit-agent[4144]: registration failed: org.freedesktop.PolicyKit1.Error.Failed: Cannot determine session the caller is in
Oct 03 16:43:32 baseweed-admin python3[4144]: qdistro-polkit-agent: registration failed: org.freedesktop.PolicyKit1.Error.Failed: Cannot determine session the caller is in
Oct 03 16:43:32 baseweed-admin systemd[862]: qdistro-polkit-agent.service: Main process exited, code=exited, status=1/FAILURE
Oct 03 16:43:32 baseweed-admin systemd[862]: qdistro-polkit-agent.service: Failed with result 'exit-code'.
Oct 03 16:43:33 baseweed-admin dbus-run-session[1026]:   WARN: Process failed to start, likely because the binary could not be found. Command: QList("bluetoothctl", "show")
Oct 03 16:43:35 baseweed-admin dbus-run-session[1026]:   WARN: Process failed to start, likely because the binary could not be found. Command: QList("bluetoothctl", "show")
Oct 03 16:43:35 baseweed-admin systemd[862]: qdistro-polkit-agent.service: Scheduled restart job, restart counter is at 23.
Oct 03 16:43:35 baseweed-admin systemd[862]: Started qdistro polkit authentication agent (PAM / fprintd / broker).
Oct 03 16:43:35 baseweed-admin qdistro-polkit-agent[4183]: registration failed: org.freedesktop.PolicyKit1.Error.Failed: Cannot determine session the caller is in
Oct 03 16:43:35 baseweed-admin python3[4183]: qdistro-polkit-agent: registration failed: org.freedesktop.PolicyKit1.Error.Failed: Cannot determine session the caller is in
Oct 03 16:43:36 baseweed-admin systemd[862]: qdistro-polkit-agent.service: Main process exited, code=exited, status=1/FAILURE
Oct 03 16:43:36 baseweed-admin systemd[862]: qdistro-polkit-agent.service: Failed with result 'exit-code'.
Oct 03 16:43:37 baseweed-admin dbus-run-session[1026]:   WARN: Process failed to start, likely because the binary could not be found. Command: QList("bluetoothctl", "show")
Oct 03 16:43:39 baseweed-admin systemd[862]: qdistro-polkit-agent.service: Scheduled restart job, restart counter is at 24.
Oct 03 16:43:39 baseweed-admin systemd[862]: Started qdistro polkit authentication agent (PAM / fprintd / broker).
Oct 03 16:43:39 baseweed-admin podman[4002]: 2026-10-03 16:43:39.166746972 +0000 UTC m=+28.479435184 container remove c7629e9e7caf12a7d85e6cbbb78350a9810b0c2a62f08aa7a0d80898707d19e0 (image=localhost/tier3s-probe:empty, name=tier3s-probe-3814)
Oct 03 16:43:39 baseweed-admin systemd[862]: Started podman-4209.scope.
Oct 03 16:43:39 baseweed-admin systemd[862]: Started podman-4225.scope.
Oct 03 16:43:39 baseweed-admin systemd[862]: Started podman-4245.scope.
Oct 03 16:43:39 baseweed-admin qdistro-polkit-agent[4207]: registration failed: org.freedesktop.PolicyKit1.Error.Failed: Cannot determine session the caller is in
Oct 03 16:43:39 baseweed-admin python3[4207]: qdistro-polkit-agent: registration failed: org.freedesktop.PolicyKit1.Error.Failed: Cannot determine session the caller is in
Oct 03 16:43:39 baseweed-admin systemd[862]: qdistro-polkit-agent.service: Main process exited, code=exited, status=1/FAILURE
Oct 03 16:43:39 baseweed-admin systemd[862]: qdistro-polkit-agent.service: Failed with result 'exit-code'.
Oct 03 16:43:39 baseweed-admin systemd[862]: Started podman-4281.scope.
Oct 03 16:43:39 baseweed-admin dbus-run-session[1026]:   WARN: Process failed to start, likely because the binary could not be found. Command: QList("bluetoothctl", "show")
Oct 03 16:43:41 baseweed-admin dbus-run-session[1026]:   WARN: Process failed to start, likely because the binary could not be found. Command: QList("bluetoothctl", "show")
Oct 03 16:43:42 baseweed-admin systemd[862]: qdistro-polkit-agent.service: Scheduled restart job, restart counter is at 25.
Oct 03 16:43:42 baseweed-admin systemd[862]: Started qdistro polkit authentication agent (PAM / fprintd / broker).
Oct 03 16:43:42 baseweed-admin qdistro-polkit-agent[4818]: registration failed: org.freedesktop.PolicyKit1.Error.Failed: Cannot determine session the caller is in
Oct 03 16:43:42 baseweed-admin python3[4818]: qdistro-polkit-agent: registration failed: org.freedesktop.PolicyKit1.Error.Failed: Cannot determine session the caller is in
Oct 03 16:43:42 baseweed-admin systemd[862]: qdistro-polkit-agent.service: Main process exited, code=exited, status=1/FAILURE
Oct 03 16:43:42 baseweed-admin systemd[862]: qdistro-polkit-agent.service: Failed with result 'exit-code'.
Oct 03 16:43:43 baseweed-admin dbus-run-session[1026]:   WARN: Process failed to start, likely because the binary could not be found. Command: QList("bluetoothctl", "show")
Oct 03 16:43:43 baseweed-admin systemd[862]: Started podman-4989.scope.
Oct 03 16:43:43 baseweed-admin systemd[862]: Started podman-5000.scope.
Oct 03 16:43:43 baseweed-admin podman[5000]: 2026-10-03 16:43:43.866557271 +0000 UTC m=+0.033225446 image pull fbb9565707338825319f889ed216cf4c5a0ea00ec1b92816dbac9d1ecff21df3 localhost/tier3s-probe:empty
Oct 03 16:43:44 baseweed-admin podman[5000]: 2026-10-03 16:43:44.09782982 +0000 UTC m=+0.264497985 container create 7e3f39f6a63e27a7385d37004b056ba6a5992a3443c0d7fd093cad1e63a115b1 (image=localhost/tier3s-probe:empty, name=tier3s-probe-4852)
Oct 03 16:43:44 baseweed-admin systemd[862]: Started podman-5020.scope.
Oct 03 16:43:44 baseweed-admin systemd[862]: Started podman-5032.scope.
Oct 03 16:43:44 baseweed-admin systemd[862]: Started podman-5043.scope.
Oct 03 16:43:45 baseweed-admin podman[5043]: 2026-10-03 16:43:45.064609161 +0000 UTC m=+0.810096957 container remove 7e3f39f6a63e27a7385d37004b056ba6a5992a3443c0d7fd093cad1e63a115b1 (image=localhost/tier3s-probe:empty, name=tier3s-probe-4852)
Oct 03 16:43:45 baseweed-admin qdistro-tier3s-silo-launch[5056]: [resolve-binding] silo 's125a' is untemplated (no binding)
Oct 03 16:43:45 baseweed-admin systemd[862]: Started podman-5073.scope.
Oct 03 16:43:45 baseweed-admin dbus-run-session[1026]:   WARN: Process failed to start, likely because the binary could not be found. Command: QList("bluetoothctl", "show")
Oct 03 16:43:45 baseweed-admin systemd[862]: qdistro-polkit-agent.service: Scheduled restart job, restart counter is at 26.
Oct 03 16:43:45 baseweed-admin systemd[862]: Started qdistro polkit authentication agent (PAM / fprintd / broker).
Oct 03 16:43:45 baseweed-admin qdistro-polkit-agent[5098]: registration failed: org.freedesktop.PolicyKit1.Error.Failed: Cannot determine session the caller is in
Oct 03 16:43:45 baseweed-admin python3[5098]: qdistro-polkit-agent: registration failed: org.freedesktop.PolicyKit1.Error.Failed: Cannot determine session the caller is in
Oct 03 16:43:45 baseweed-admin systemd[862]: qdistro-polkit-agent.service: Main process exited, code=exited, status=1/FAILURE
Oct 03 16:43:45 baseweed-admin systemd[862]: qdistro-polkit-agent.service: Failed with result 'exit-code'.
Oct 03 16:43:46 baseweed-admin dbus-run-session[1026]:   WARN qml: [20261003-164346]       Location Weather is still fetching
Oct 03 16:43:46 baseweed-admin dbus-run-session[1026]:  ERROR qml: [20261003-164346]       Location Geocoding error: 0
Oct 03 16:43:46 baseweed-admin systemd[862]: Started podman-5119.scope.
Oct 03 16:43:46 baseweed-admin systemd[862]: Started podman-5137.scope.
Oct 03 16:43:46 baseweed-admin systemd[862]: Started podman-5166.scope.
Oct 03 16:43:47 baseweed-admin dbus-run-session[1026]:   WARN: Process failed to start, likely because the binary could not be found. Command: QList("bluetoothctl", "show")
Oct 03 16:43:47 baseweed-admin dbus-run-session[1026]:   WARN qml: [20261003-164347]        Network Connectivity check error: Error: Not authorized to recheck connectivity.
Oct 03 16:43:48 baseweed-admin systemd[862]: qdistro-polkit-agent.service: Scheduled restart job, restart counter is at 27.
Oct 03 16:43:48 baseweed-admin systemd[862]: Started podman-5381.scope.
Oct 03 16:43:48 baseweed-admin systemd[862]: Started qdistro polkit authentication agent (PAM / fprintd / broker).
Oct 03 16:43:48 baseweed-admin systemd[862]: Started podman-5394.scope.
Oct 03 16:43:48 baseweed-admin qdistro-polkit-agent[5390]: registration failed: org.freedesktop.PolicyKit1.Error.Failed: Cannot determine session the caller is in
Oct 03 16:43:48 baseweed-admin python3[5390]: qdistro-polkit-agent: registration failed: org.freedesktop.PolicyKit1.Error.Failed: Cannot determine session the caller is in
Oct 03 16:43:48 baseweed-admin systemd[862]: qdistro-polkit-agent.service: Main process exited, code=exited, status=1/FAILURE
Oct 03 16:43:48 baseweed-admin systemd[862]: qdistro-polkit-agent.service: Failed with result 'exit-code'.
Oct 03 16:43:48 baseweed-admin podman[5394]: 2026-10-03 16:43:48.870389197 +0000 UTC m=+0.025287194 image pull fbb9565707338825319f889ed216cf4c5a0ea00ec1b92816dbac9d1ecff21df3 localhost/tier3s-probe:empty
Oct 03 16:43:49 baseweed-admin podman[5394]: 2026-10-03 16:43:49.110532347 +0000 UTC m=+0.265430334 container create 691a095ef1fded95d3dfb5af89e149e49e135ecf007b484ebaaca68d43436884 (image=localhost/tier3s-probe:empty, name=tier3s-probe-5244)
Oct 03 16:43:49 baseweed-admin systemd[862]: Started podman-5406.scope.
Oct 03 16:43:49 baseweed-admin systemd[862]: Started podman-5417.scope.
Oct 03 16:43:49 baseweed-admin systemd[862]: Started podman-5428.scope.
Oct 03 16:43:49 baseweed-admin dbus-run-session[1026]:   WARN: Process failed to start, likely because the binary could not be found. Command: QList("bluetoothctl", "show")
Oct 03 16:43:49 baseweed-admin podman[5428]: 2026-10-03 16:43:49.459310866 +0000 UTC m=+0.235395447 container remove 691a095ef1fded95d3dfb5af89e149e49e135ecf007b484ebaaca68d43436884 (image=localhost/tier3s-probe:empty, name=tier3s-probe-5244)
Oct 03 16:43:49 baseweed-admin qdistro-tier3s-silo-launch[5442]: [resolve-binding] silo 's125a' is untemplated (no binding)
Oct 03 16:43:49 baseweed-admin systemd[862]: Started podman-5473.scope.
Oct 03 16:43:49 baseweed-admin systemd[862]: Started podman-5505.scope.
Oct 03 16:43:51 baseweed-admin dbus-run-session[1026]:   WARN: Process failed to start, likely because the binary could not be found. Command: QList("bluetoothctl", "show")
Oct 03 16:43:52 baseweed-admin systemd[862]: qdistro-polkit-agent.service: Scheduled restart job, restart counter is at 28.
Oct 03 16:43:52 baseweed-admin systemd[862]: Started qdistro polkit authentication agent (PAM / fprintd / broker).
Oct 03 16:43:52 baseweed-admin qdistro-polkit-agent[5583]: registration failed: org.freedesktop.PolicyKit1.Error.Failed: Cannot determine session the caller is in
Oct 03 16:43:52 baseweed-admin python3[5583]: qdistro-polkit-agent: registration failed: org.freedesktop.PolicyKit1.Error.Failed: Cannot determine session the caller is in
Oct 03 16:43:52 baseweed-admin systemd[862]: qdistro-polkit-agent.service: Main process exited, code=exited, status=1/FAILURE
Oct 03 16:43:52 baseweed-admin systemd[862]: qdistro-polkit-agent.service: Failed with result 'exit-code'.
Oct 03 16:43:53 baseweed-admin dbus-run-session[1026]:   WARN: Process failed to start, likely because the binary could not be found. Command: QList("bluetoothctl", "show")
Oct 03 16:43:55 baseweed-admin systemd[862]: qdistro-polkit-agent.service: Scheduled restart job, restart counter is at 29.
Oct 03 16:43:55 baseweed-admin systemd[862]: Started qdistro polkit authentication agent (PAM / fprintd / broker).
Oct 03 16:43:55 baseweed-admin dbus-run-session[1026]:   WARN: Process failed to start, likely because the binary could not be found. Command: QList("bluetoothctl", "show")
Oct 03 16:43:55 baseweed-admin qdistro-polkit-agent[6175]: registration failed: org.freedesktop.PolicyKit1.Error.Failed: Cannot determine session the caller is in
Oct 03 16:43:55 baseweed-admin python3[6175]: qdistro-polkit-agent: registration failed: org.freedesktop.PolicyKit1.Error.Failed: Cannot determine session the caller is in
Oct 03 16:43:55 baseweed-admin systemd[862]: qdistro-polkit-agent.service: Main process exited, code=exited, status=1/FAILURE
Oct 03 16:43:55 baseweed-admin systemd[862]: qdistro-polkit-agent.service: Failed with result 'exit-code'.
Oct 03 16:43:56 baseweed-admin dbus-run-session[1026]:   INFO qml: [20261003-164356]        PodApps cache refresh loaded 0 apps
Oct 03 16:43:57 baseweed-admin systemd[862]: Started podman-7394.scope.
Oct 03 16:43:57 baseweed-admin systemd[862]: Started podman-7445.scope.
Oct 03 16:43:57 baseweed-admin dbus-run-session[1026]:   WARN: Process failed to start, likely because the binary could not be found. Command: QList("bluetoothctl", "show")
Oct 03 16:43:58 baseweed-admin systemd[862]: Started podman-7459.scope.
Oct 03 16:43:58 baseweed-admin systemd[862]: Started podman-7484.scope.
Oct 03 16:43:58 baseweed-admin systemd[862]: qdistro-polkit-agent.service: Scheduled restart job, restart counter is at 30.
Oct 03 16:43:58 baseweed-admin systemd[862]: Started qdistro polkit authentication agent (PAM / fprintd / broker).
Oct 03 16:43:58 baseweed-admin qdistro-polkit-agent[7493]: registration failed: org.freedesktop.PolicyKit1.Error.Failed: Cannot determine session the caller is in
Oct 03 16:43:58 baseweed-admin python3[7493]: qdistro-polkit-agent: registration failed: org.freedesktop.PolicyKit1.Error.Failed: Cannot determine session the caller is in
Oct 03 16:43:58 baseweed-admin systemd[862]: qdistro-polkit-agent.service: Main process exited, code=exited, status=1/FAILURE
Oct 03 16:43:58 baseweed-admin systemd[862]: qdistro-polkit-agent.service: Failed with result 'exit-code'.
Oct 03 16:43:59 baseweed-admin dbus-run-session[1026]:   WARN: Process failed to start, likely because the binary could not be found. Command: QList("bluetoothctl", "show")
Oct 03 16:43:59 baseweed-admin systemd[862]: Started podman-7525.scope.
Oct 03 16:43:59 baseweed-admin systemd[862]: Started podman-7543.scope.
Oct 03 16:43:59 baseweed-admin systemd[862]: Started podman-7572.scope.
Oct 03 16:44:01 baseweed-admin dbus-run-session[1026]:   WARN: Process failed to start, likely because the binary could not be found. Command: QList("bluetoothctl", "show")
Oct 03 16:44:01 baseweed-admin systemd[862]: qdistro-polkit-agent.service: Scheduled restart job, restart counter is at 31.
Oct 03 16:44:01 baseweed-admin systemd[862]: Started qdistro polkit authentication agent (PAM / fprintd / broker).
Oct 03 16:44:01 baseweed-admin qdistro-polkit-agent[7608]: registration failed: org.freedesktop.PolicyKit1.Error.Failed: Cannot determine session the caller is in
Oct 03 16:44:01 baseweed-admin python3[7608]: qdistro-polkit-agent: registration failed: org.freedesktop.PolicyKit1.Error.Failed: Cannot determine session the caller is in
Oct 03 16:44:01 baseweed-admin systemd[862]: qdistro-polkit-agent.service: Main process exited, code=exited, status=1/FAILURE
Oct 03 16:44:01 baseweed-admin systemd[862]: qdistro-polkit-agent.service: Failed with result 'exit-code'.
Oct 03 16:44:02 baseweed-admin dbus-run-session[1026]:   WARN qml: [20261003-164402]        Network Connectivity check error: Error: Not authorized to recheck connectivity.
Oct 03 16:44:03 baseweed-admin dbus-run-session[1026]:   WARN: Process failed to start, likely because the binary could not be found. Command: QList("bluetoothctl", "show")
Oct 03 16:44:04 baseweed-admin systemd[862]: Started podman-7813.scope.
Oct 03 16:44:04 baseweed-admin systemd[862]: Started podman-7824.scope.
Oct 03 16:44:04 baseweed-admin podman[7824]: 2026-10-03 16:44:04.488956901 +0000 UTC m=+0.027371916 image pull fbb9565707338825319f889ed216cf4c5a0ea00ec1b92816dbac9d1ecff21df3 localhost/tier3s-probe:empty
Oct 03 16:44:04 baseweed-admin podman[7824]: 2026-10-03 16:44:04.632939354 +0000 UTC m=+0.171354349 container create b605f6da70b7e955e3bc0976c265848c62da00b79209a4cdaaf3370be585301d (image=localhost/tier3s-probe:empty, name=tier3s-probe-7676)
Oct 03 16:44:04 baseweed-admin systemd[862]: Started podman-7835.scope.
Oct 03 16:44:04 baseweed-admin systemd[862]: Started podman-7847.scope.
Oct 03 16:44:04 baseweed-admin systemd[862]: Started podman-7858.scope.
Oct 03 16:44:04 baseweed-admin podman[7858]: 2026-10-03 16:44:04.968388687 +0000 UTC m=+0.228465419 container remove b605f6da70b7e955e3bc0976c265848c62da00b79209a4cdaaf3370be585301d (image=localhost/tier3s-probe:empty, name=tier3s-probe-7676)
Oct 03 16:44:05 baseweed-admin qdistro-tier3s-silo-launch[7871]: [resolve-binding] silo 's125a' is untemplated (no binding)
Oct 03 16:44:05 baseweed-admin systemd[862]: qdistro-polkit-agent.service: Scheduled restart job, restart counter is at 32.
Oct 03 16:44:05 baseweed-admin systemd[862]: Started qdistro polkit authentication agent (PAM / fprintd / broker).
Oct 03 16:44:05 baseweed-admin systemd[862]: Started podman-7912.scope.
Oct 03 16:44:05 baseweed-admin systemd[862]: Started podman-7946.scope.
Oct 03 16:44:05 baseweed-admin weston[938]: [16:44:05.269] qdwin/secctx: helper pid=7966 launcher parent pid=7956 exe unreadable; falling back to verified root-parent + stable-starttime attestation
Oct 03 16:44:05 baseweed-admin weston[938]: [16:44:05.270] qdwin/secctx: helper pid=7966 launcher parent pid=7956 exe unreadable; falling back to verified root-parent + stable-starttime attestation
Oct 03 16:44:05 baseweed-admin weston[938]: [16:44:05.270] qdwin/secctx: helper pid=7966 launcher parent pid=7956 exe unreadable; falling back to verified root-parent + stable-starttime attestation
Oct 03 16:44:05 baseweed-admin weston[938]: [16:44:05.270] qdwin/secctx: helper pid=7966 launcher parent pid=7956 exe unreadable; falling back to verified root-parent + stable-starttime attestation
Oct 03 16:44:05 baseweed-admin weston[938]: [16:44:05.270] qdwin/secctx: manager bound by uid=1000 pid=7966 (helper)
Oct 03 16:44:05 baseweed-admin weston[938]: [16:44:05.270] qdwin/secctx: committed engine=qdistro.tier3s app_id=qdistro.tier3s.s125a instance_id=b3d34d612dd2a866b37166b4b972596b listen_fd=72 close_fd=73
Oct 03 16:44:05 baseweed-admin qdistro-polkit-agent[7920]: registration failed: org.freedesktop.PolicyKit1.Error.Failed: Cannot determine session the caller is in
Oct 03 16:44:05 baseweed-admin python3[7920]: qdistro-polkit-agent: registration failed: org.freedesktop.PolicyKit1.Error.Failed: Cannot determine session the caller is in
Oct 03 16:44:05 baseweed-admin weston[938]: [16:44:05.279] qdwin/secctx: client accepted engine=qdistro.tier3s app_id=qdistro.tier3s.s125a instance_id=b3d34d612dd2a866b37166b4b972596b (total tagged: 1)
Oct 03 16:44:05 baseweed-admin systemd[862]: qdistro-polkit-agent.service: Main process exited, code=exited, status=1/FAILURE
Oct 03 16:44:05 baseweed-admin systemd[862]: qdistro-polkit-agent.service: Failed with result 'exit-code'.
Oct 03 16:44:05 baseweed-admin dbus-run-session[1026]:   WARN: Process failed to start, likely because the binary could not be found. Command: QList("bluetoothctl", "show")
Oct 03 16:44:06 baseweed-admin dbus-run-session[1026]:   WARN qml: [20261003-164406]       Location Weather is still fetching
Oct 03 16:44:06 baseweed-admin dbus-run-session[1026]:  ERROR qml: [20261003-164406]       Location Geocoding error: 0
Oct 03 16:44:07 baseweed-admin dbus-run-session[1026]:   WARN: Process failed to start, likely because the binary could not be found. Command: QList("bluetoothctl", "show")
Oct 03 16:44:08 baseweed-admin systemd[862]: qdistro-polkit-agent.service: Scheduled restart job, restart counter is at 33.
Oct 03 16:44:08 baseweed-admin systemd[862]: Started qdistro polkit authentication agent (PAM / fprintd / broker).
Oct 03 16:44:08 baseweed-admin qdistro-polkit-agent[9477]: registration failed: org.freedesktop.PolicyKit1.Error.Failed: Cannot determine session the caller is in
Oct 03 16:44:08 baseweed-admin python3[9477]: qdistro-polkit-agent: registration failed: org.freedesktop.PolicyKit1.Error.Failed: Cannot determine session the caller is in
Oct 03 16:44:08 baseweed-admin systemd[862]: qdistro-polkit-agent.service: Main process exited, code=exited, status=1/FAILURE
Oct 03 16:44:08 baseweed-admin systemd[862]: qdistro-polkit-agent.service: Failed with result 'exit-code'.
Oct 03 16:44:08 baseweed-admin systemd[862]: Started podman-9724.scope.
Oct 03 16:44:08 baseweed-admin systemd[862]: Started podman-9776.scope.
Oct 03 16:44:08 baseweed-admin systemd[862]: Started podman-9798.scope.
Oct 03 16:44:08 baseweed-admin systemd[862]: Started podman-9815.scope.
Oct 03 16:44:09 baseweed-admin dbus-run-session[1026]:   WARN: Process failed to start, likely because the binary could not be found. Command: QList("bluetoothctl", "show")
Oct 03 16:44:09 baseweed-admin systemd[862]: Started podman-9843.scope.
Oct 03 16:44:09 baseweed-admin systemd[862]: Started podman-9861.scope.
Oct 03 16:44:09 baseweed-admin systemd[862]: Started podman-9890.scope.
Oct 03 16:44:10 baseweed-admin systemd[862]: Started podman-10085.scope.
Oct 03 16:44:10 baseweed-admin systemd[862]: Started podman-10096.scope.
Oct 03 16:44:10 baseweed-admin podman[10096]: 2026-10-03 16:44:10.868263295 +0000 UTC m=+0.105412172 container create 95347e555cb580f73197fba65fa81faba8e62ce80c41285b454b97bdddcb111e (image=localhost/tier3s-probe:empty, name=tier3s-probe-9948)
Oct 03 16:44:10 baseweed-admin podman[10096]: 2026-10-03 16:44:10.788816994 +0000 UTC m=+0.025965871 image pull fbb9565707338825319f889ed216cf4c5a0ea00ec1b92816dbac9d1ecff21df3 localhost/tier3s-probe:empty
Oct 03 16:44:10 baseweed-admin systemd[862]: Started podman-10108.scope.
Oct 03 16:44:10 baseweed-admin systemd[862]: Started podman-10119.scope.
Oct 03 16:44:10 baseweed-admin systemd[862]: Started podman-10129.scope.
Oct 03 16:44:11 baseweed-admin podman[10129]: 2026-10-03 16:44:11.14179855 +0000 UTC m=+0.180383047 container remove 95347e555cb580f73197fba65fa81faba8e62ce80c41285b454b97bdddcb111e (image=localhost/tier3s-probe:empty, name=tier3s-probe-9948)
Oct 03 16:44:11 baseweed-admin qdistro-tier3s-silo-launch[10152]: [resolve-binding] silo 's125a' is untemplated (no binding)
Oct 03 16:44:11 baseweed-admin systemd[862]: Started podman-10183.scope.
Oct 03 16:44:11 baseweed-admin systemd[862]: Started podman-10215.scope.
Oct 03 16:44:11 baseweed-admin dbus-run-session[1026]:   WARN: Process failed to start, likely because the binary could not be found. Command: QList("bluetoothctl", "show")
Oct 03 16:44:11 baseweed-admin weston[938]: [16:44:11.454] qdwin/secctx: helper pid=10236 launcher parent pid=10226 exe unreadable; falling back to verified root-parent + stable-starttime attestation
Oct 03 16:44:11 baseweed-admin weston[938]: [16:44:11.454] qdwin/secctx: helper pid=10236 launcher parent pid=10226 exe unreadable; falling back to verified root-parent + stable-starttime attestation
Oct 03 16:44:11 baseweed-admin weston[938]: [16:44:11.455] qdwin/secctx: helper pid=10236 launcher parent pid=10226 exe unreadable; falling back to verified root-parent + stable-starttime attestation
Oct 03 16:44:11 baseweed-admin weston[938]: [16:44:11.455] qdwin/secctx: helper pid=10236 launcher parent pid=10226 exe unreadable; falling back to verified root-parent + stable-starttime attestation
Oct 03 16:44:11 baseweed-admin weston[938]: [16:44:11.455] qdwin/secctx: manager bound by uid=1000 pid=10236 (helper)
Oct 03 16:44:11 baseweed-admin weston[938]: [16:44:11.455] qdwin/secctx: committed engine=qdistro.tier3s app_id=qdistro.tier3s.s125a instance_id=8fc09bf0670fb19121c72fca9f1d0456 listen_fd=76 close_fd=77
Oct 03 16:44:11 baseweed-admin weston[938]: [16:44:11.457] qdwin/secctx: client accepted engine=qdistro.tier3s app_id=qdistro.tier3s.s125a instance_id=8fc09bf0670fb19121c72fca9f1d0456 (total tagged: 1)
Oct 03 16:44:11 baseweed-admin systemd[862]: qdistro-polkit-agent.service: Scheduled restart job, restart counter is at 34.
Oct 03 16:44:11 baseweed-admin systemd[862]: Started podman-10253.scope.
Oct 03 16:44:11 baseweed-admin systemd[862]: Started qdistro polkit authentication agent (PAM / fprintd / broker).
Oct 03 16:44:11 baseweed-admin podman[10277]: 2026-10-03 16:44:11.613114203 +0000 UTC m=+0.019984272 image pull c1cfa112ea7171ba1c62d14d9adda09e40b530bd9f5b3e76cfaf4e29ff0b345e localhost/qdistro/tier3s-weston-terminal:latest
Oct 03 16:44:11 baseweed-admin qdistro-polkit-agent[10285]: registration failed: org.freedesktop.PolicyKit1.Error.Failed: Cannot determine session the caller is in
Oct 03 16:44:11 baseweed-admin python3[10285]: qdistro-polkit-agent: registration failed: org.freedesktop.PolicyKit1.Error.Failed: Cannot determine session the caller is in
Oct 03 16:44:11 baseweed-admin systemd[862]: qdistro-polkit-agent.service: Main process exited, code=exited, status=1/FAILURE
Oct 03 16:44:11 baseweed-admin systemd[862]: qdistro-polkit-agent.service: Failed with result 'exit-code'.
Oct 03 16:44:13 baseweed-admin dbus-run-session[1026]:   WARN: Process failed to start, likely because the binary could not be found. Command: QList("bluetoothctl", "show")
Oct 03 16:44:14 baseweed-admin systemd[862]: Started podman-10308.scope.
Oct 03 16:44:14 baseweed-admin podman[10277]: 2026-10-03 16:44:14.207504075 +0000 UTC m=+2.614374134 container create 4173df604303bbca370422e023a2dbd508d3fb2b41760b93eff902992a94ee76 (image=localhost/qdistro/tier3s-weston-terminal:latest, name=qdistro-tier3s-s125a, org.opencontainers.image.version=20260930.37.208, org.opencontainers.image.source=https://build.opensuse.org/package/show/openSUSE:Factory/opensuse-tumbleweed-image?rev=561f9d4c8e4e1a441f95ad4ec6b5a914, org.opencontainers.image.created=2026-09-30T20:05:54.126624488Z, org.opensuse.base.disturl=obs://build.opensuse.org/openSUSE:Factory/images/561f9d4c8e4e1a441f95ad4ec6b5a914-opensuse-tumbleweed-image:docker, org.qdistro.snapshot=20260930, qdistro_tier3s_unit=qdistro-tier3s-silo@s125a.service, org.opensuse.base.created=2026-09-30T20:05:54.126624488Z, org.opensuse.base.url=https://www.opensuse.org, org.opensuse.base.lifecycle-url=https://en.opensuse.org/Lifetime, qdistro_tier3s_token=8fc09bf0670fb19121c72fca9f1d0456, org.opensuse.base.source=https://build.opensuse.org/package/show/openSUSE:Factory/opensuse-tumbleweed-image?rev=561f9d4c8e4e1a441f95ad4ec6b5a914, org.opencontainers.image.title=openSUSE Tumbleweed Base Container, org.openbuildservice.disturl=obs://build.opensuse.org/openSUSE:Factory/images/561f9d4c8e4e1a441f95ad4ec6b5a914-opensuse-tumbleweed-image:docker, org.qdistro.tier3s.workload=weston-terminal, org.opensuse.lifecycle-url=https://en.opensuse.org/Lifetime, org.opensuse.base.version=20260930.37.208, org.opensuse.base.title=openSUSE Tumbleweed Base Container, io.buildah.version=1.44.1, org.opensuse.base.description=Image containing a minimal environment for containers based on openSUSE Tumbleweed., org.opencontainers.image.vendor=openSUSE Project, org.opencontainers.image.url=https://www.opensuse.org, org.opensuse.base.vendor=openSUSE Project, org.opensuse.reference=registry.opensuse.org/opensuse/tumbleweed:20260930.37.208, org.opensuse.base.reference=registry.opensuse.org/opensuse/tumbleweed:20260930.37.208, org.opencontainers.image.description=Image containing a minimal environment for containers based on openSUSE Tumbleweed.)
Oct 03 16:44:14 baseweed-admin podman[10277]: 2026-10-03 16:44:14.341624816 +0000 UTC m=+2.748494885 container init 4173df604303bbca370422e023a2dbd508d3fb2b41760b93eff902992a94ee76 (image=localhost/qdistro/tier3s-weston-terminal:latest, name=qdistro-tier3s-s125a, org.opencontainers.image.version=20260930.37.208, org.opencontainers.image.source=https://build.opensuse.org/package/show/openSUSE:Factory/opensuse-tumbleweed-image?rev=561f9d4c8e4e1a441f95ad4ec6b5a914, org.opensuse.base.created=2026-09-30T20:05:54.126624488Z, org.opensuse.base.disturl=obs://build.opensuse.org/openSUSE:Factory/images/561f9d4c8e4e1a441f95ad4ec6b5a914-opensuse-tumbleweed-image:docker, org.opencontainers.image.vendor=openSUSE Project, org.opencontainers.image.url=https://www.opensuse.org, org.qdistro.tier3s.workload=weston-terminal, org.opensuse.reference=registry.opensuse.org/opensuse/tumbleweed:20260930.37.208, org.opensuse.base.title=openSUSE Tumbleweed Base Container, qdistro_tier3s_unit=qdistro-tier3s-silo@s125a.service, io.buildah.version=1.44.1, org.opensuse.base.description=Image containing a minimal environment for containers based on openSUSE Tumbleweed., org.openbuildservice.disturl=obs://build.opensuse.org/openSUSE:Factory/images/561f9d4c8e4e1a441f95ad4ec6b5a914-opensuse-tumbleweed-image:docker, org.opensuse.base.vendor=openSUSE Project, org.opensuse.lifecycle-url=https://en.opensuse.org/Lifetime, org.opensuse.base.lifecycle-url=https://en.opensuse.org/Lifetime, qdistro_tier3s_token=8fc09bf0670fb19121c72fca9f1d0456, org.opencontainers.image.created=2026-09-30T20:05:54.126624488Z, org.qdistro.snapshot=20260930, org.opensuse.base.url=https://www.opensuse.org, org.opencontainers.image.description=Image containing a minimal environment for containers based on openSUSE Tumbleweed., org.opensuse.base.source=https://build.opensuse.org/package/show/openSUSE:Factory/opensuse-tumbleweed-image?rev=561f9d4c8e4e1a441f95ad4ec6b5a914, org.opencontainers.image.title=openSUSE Tumbleweed Base Container, org.opensuse.base.version=20260930.37.208, org.opensuse.base.reference=registry.opensuse.org/opensuse/tumbleweed:20260930.37.208)
Oct 03 16:44:14 baseweed-admin podman[10277]: 2026-10-03 16:44:14.37323265 +0000 UTC m=+2.780102699 container start 4173df604303bbca370422e023a2dbd508d3fb2b41760b93eff902992a94ee76 (image=localhost/qdistro/tier3s-weston-terminal:latest, name=qdistro-tier3s-s125a, org.qdistro.tier3s.workload=weston-terminal, org.opensuse.lifecycle-url=https://en.opensuse.org/Lifetime, org.opensuse.base.url=https://www.opensuse.org, org.opensuse.base.reference=registry.opensuse.org/opensuse/tumbleweed:20260930.37.208, org.opencontainers.image.description=Image containing a minimal environment for containers based on openSUSE Tumbleweed., qdistro_tier3s_token=8fc09bf0670fb19121c72fca9f1d0456, qdistro_tier3s_unit=qdistro-tier3s-silo@s125a.service, org.opensuse.base.disturl=obs://build.opensuse.org/openSUSE:Factory/images/561f9d4c8e4e1a441f95ad4ec6b5a914-opensuse-tumbleweed-image:docker, org.opensuse.base.vendor=openSUSE Project, org.opencontainers.image.version=20260930.37.208, org.opensuse.base.lifecycle-url=https://en.opensuse.org/Lifetime, org.opencontainers.image.created=2026-09-30T20:05:54.126624488Z, org.openbuildservice.disturl=obs://build.opensuse.org/openSUSE:Factory/images/561f9d4c8e4e1a441f95ad4ec6b5a914-opensuse-tumbleweed-image:docker, org.opensuse.reference=registry.opensuse.org/opensuse/tumbleweed:20260930.37.208, org.opensuse.base.title=openSUSE Tumbleweed Base Container, org.opencontainers.image.source=https://build.opensuse.org/package/show/openSUSE:Factory/opensuse-tumbleweed-image?rev=561f9d4c8e4e1a441f95ad4ec6b5a914, org.opensuse.base.source=https://build.opensuse.org/package/show/openSUSE:Factory/opensuse-tumbleweed-image?rev=561f9d4c8e4e1a441f95ad4ec6b5a914, org.opensuse.base.created=2026-09-30T20:05:54.126624488Z, org.opencontainers.image.title=openSUSE Tumbleweed Base Container, org.qdistro.snapshot=20260930, org.opensuse.base.version=20260930.37.208, io.buildah.version=1.44.1, org.opensuse.base.description=Image containing a minimal environment for containers based on openSUSE Tumbleweed., org.opencontainers.image.vendor=openSUSE Project, org.opencontainers.image.url=https://www.opensuse.org)
Oct 03 16:44:14 baseweed-admin podman[10277]: 2026-10-03 16:44:14.418703476 +0000 UTC m=+2.825573545 container attach 4173df604303bbca370422e023a2dbd508d3fb2b41760b93eff902992a94ee76 (image=localhost/qdistro/tier3s-weston-terminal:latest, name=qdistro-tier3s-s125a, org.opencontainers.image.title=openSUSE Tumbleweed Base Container, org.opensuse.base.disturl=obs://build.opensuse.org/openSUSE:Factory/images/561f9d4c8e4e1a441f95ad4ec6b5a914-opensuse-tumbleweed-image:docker, org.opensuse.base.description=Image containing a minimal environment for containers based on openSUSE Tumbleweed., org.qdistro.tier3s.workload=weston-terminal, org.opensuse.base.url=https://www.opensuse.org, org.opensuse.base.source=https://build.opensuse.org/package/show/openSUSE:Factory/opensuse-tumbleweed-image?rev=561f9d4c8e4e1a441f95ad4ec6b5a914, org.opensuse.base.created=2026-09-30T20:05:54.126624488Z, org.opencontainers.image.created=2026-09-30T20:05:54.126624488Z, org.openbuildservice.disturl=obs://build.opensuse.org/openSUSE:Factory/images/561f9d4c8e4e1a441f95ad4ec6b5a914-opensuse-tumbleweed-image:docker, org.opensuse.lifecycle-url=https://en.opensuse.org/Lifetime, io.buildah.version=1.44.1, org.opencontainers.image.url=https://www.opensuse.org, org.opensuse.base.vendor=openSUSE Project, org.opensuse.base.version=20260930.37.208, org.opensuse.base.reference=registry.opensuse.org/opensuse/tumbleweed:20260930.37.208, org.opencontainers.image.description=Image containing a minimal environment for containers based on openSUSE Tumbleweed., qdistro_tier3s_token=8fc09bf0670fb19121c72fca9f1d0456, qdistro_tier3s_unit=qdistro-tier3s-silo@s125a.service, org.opencontainers.image.vendor=openSUSE Project, org.qdistro.snapshot=20260930, org.opensuse.reference=registry.opensuse.org/opensuse/tumbleweed:20260930.37.208, org.opensuse.base.title=openSUSE Tumbleweed Base Container, org.opencontainers.image.version=20260930.37.208, org.opensuse.base.lifecycle-url=https://en.opensuse.org/Lifetime, org.opencontainers.image.source=https://build.opensuse.org/package/show/openSUSE:Factory/opensuse-tumbleweed-image?rev=561f9d4c8e4e1a441f95ad4ec6b5a914)
Oct 03 16:44:14 baseweed-admin qdistro-tier3s-s125a[10333]: could not load cursor 'dnd-move'
Oct 03 16:44:14 baseweed-admin qdistro-tier3s-s125a[10333]: could not load cursor 'dnd-copy'
Oct 03 16:44:14 baseweed-admin qdistro-tier3s-silo-launch[10277]: could not load cursor 'dnd-move'
Oct 03 16:44:14 baseweed-admin qdistro-tier3s-silo-launch[10277]: could not load cursor 'dnd-copy'
Oct 03 16:44:14 baseweed-admin qdistro-tier3s-silo-launch[10277]: could not load cursor 'dnd-none'
Oct 03 16:44:14 baseweed-admin qdistro-tier3s-s125a[10333]: could not load cursor 'dnd-none'
Oct 03 16:44:14 baseweed-admin systemd[862]: Started podman-10441.scope.
Oct 03 16:44:14 baseweed-admin weston[938]: [16:44:14.640] qdwin: toplevel_added handle=1 uid=1000 pid=10237 app_id=(null) title=""
Oct 03 16:44:14 baseweed-admin weston[938]: [16:44:14.641] qdwin: toplevel_security_context handle=1 engine=qdistro.tier3s app_id=qdistro.tier3s.s125a instance=8fc09bf0670fb19121c72fca9f1d0456
Oct 03 16:44:14 baseweed-admin weston[938]: [16:44:14.641] qdwin: toplevel_peer_identity handle=1 pid=10237 starttime=11418 uid=1000 exe=/usr/bin/waypipe label=system_u:system_r:unconfined_service_t:s0
Oct 03 16:44:14 baseweed-admin weston[938]: [16:44:14.641] qdwin: holding_released handle=1 via default_toplevel_policy (held → normal)
Oct 03 16:44:14 baseweed-admin dbus-run-session[1026]:   INFO qml: [20261003-164414]          Qdwin toplevel_security_context handle=1 engine=qdistro.tier3s app_id=qdistro.tier3s.s125a instance=8fc09bf0670fb19121c72fca9f1d0456
Oct 03 16:44:14 baseweed-admin dbus-run-session[1026]:   INFO qml: [20261003-164414]     Tier3sApps [tier3s] toplevel observed silo=s125a secctx=qdistro.tier3s.s125a color=#26c6da handle=1
Oct 03 16:44:14 baseweed-admin dbus-run-session[1026]:   INFO qml: [20261003-164414]     Tier3sApps [tier3s] silo=s125a color=#26c6da
Oct 03 16:44:14 baseweed-admin weston[938]: [16:44:14.656] Detected an unmapped surface or view in the layer list, which should not occur.
Oct 03 16:44:14 baseweed-admin weston[938]:                Warning: the above message will not be printed again.
Oct 03 16:44:14 baseweed-admin weston[938]: [16:44:14.671] qdwin: toplevel_title handle=1 title="[3s:s125a] Wayland Terminal"
Oct 03 16:44:14 baseweed-admin weston[938]: [16:44:14.671] qdwin: toplevel_app_id handle=1 app_id="org.freedesktop.weston.wayland-terminal"
Oct 03 16:44:14 baseweed-admin weston[938]: [16:44:14.671] qdwin: mapped handle=1 size=806x491 pos=557,310 (normal)
Oct 03 16:44:14 baseweed-admin weston[938]: [16:44:14.671] qdwin: focus handle=1 (was 4294967295) seat=default
Oct 03 16:44:14 baseweed-admin weston[938]: [16:44:14.671] qdwin: seat_focus_changed seat=default handle=1
Oct 03 16:44:14 baseweed-admin dbus-run-session[1026]:   WARN: Could not load icon "org.freedesktop.weston.wayland-terminal?fallback=application-x-executable" at size QSize(19, 19) from request
Oct 03 16:44:14 baseweed-admin systemd[862]: qdistro-polkit-agent.service: Scheduled restart job, restart counter is at 35.
Oct 03 16:44:14 baseweed-admin systemd[862]: Started qdistro polkit authentication agent (PAM / fprintd / broker).
Oct 03 16:44:15 baseweed-admin qdistro-polkit-agent[10477]: registration failed: org.freedesktop.PolicyKit1.Error.Failed: Cannot determine session the caller is in
Oct 03 16:44:15 baseweed-admin python3[10477]: qdistro-polkit-agent: registration failed: org.freedesktop.PolicyKit1.Error.Failed: Cannot determine session the caller is in
Oct 03 16:44:15 baseweed-admin systemd[862]: qdistro-polkit-agent.service: Main process exited, code=exited, status=1/FAILURE
Oct 03 16:44:15 baseweed-admin systemd[862]: qdistro-polkit-agent.service: Failed with result 'exit-code'.
Oct 03 16:44:15 baseweed-admin weston[938]: [16:44:15.194] qdwin: toplevel_removed handle=1
Oct 03 16:44:15 baseweed-admin weston[938]: [16:44:15.194] qdwin: focus handle=4294967295 (was 1) seat=default
Oct 03 16:44:15 baseweed-admin weston[938]: [16:44:15.194] qdwin: seat_focus_changed seat=default handle=4294967295
Oct 03 16:44:15 baseweed-admin podman[10277]: 2026-10-03 16:44:15.23645272 +0000 UTC m=+3.643322779 container died 4173df604303bbca370422e023a2dbd508d3fb2b41760b93eff902992a94ee76 (image=localhost/qdistro/tier3s-weston-terminal:latest, name=qdistro-tier3s-s125a, org.opencontainers.image.vendor=openSUSE Project, org.opensuse.base.lifecycle-url=https://en.opensuse.org/Lifetime, qdistro_tier3s_token=8fc09bf0670fb19121c72fca9f1d0456, org.opensuse.base.disturl=obs://build.opensuse.org/openSUSE:Factory/images/561f9d4c8e4e1a441f95ad4ec6b5a914-opensuse-tumbleweed-image:docker, org.opensuse.base.title=openSUSE Tumbleweed Base Container, org.opensuse.base.url=https://www.opensuse.org, org.opencontainers.image.url=https://www.opensuse.org, org.opensuse.base.vendor=openSUSE Project, org.qdistro.snapshot=20260930, org.opensuse.lifecycle-url=https://en.opensuse.org/Lifetime, org.opensuse.reference=registry.opensuse.org/opensuse/tumbleweed:20260930.37.208, org.opensuse.base.version=20260930.37.208, org.opensuse.base.description=Image containing a minimal environment for containers based on openSUSE Tumbleweed., org.opencontainers.image.description=Image containing a minimal environment for containers based on openSUSE Tumbleweed., org.opencontainers.image.version=20260930.37.208, org.opencontainers.image.source=https://build.opensuse.org/package/show/openSUSE:Factory/opensuse-tumbleweed-image?rev=561f9d4c8e4e1a441f95ad4ec6b5a914, io.buildah.version=1.44.1, org.opensuse.base.source=https://build.opensuse.org/package/show/openSUSE:Factory/opensuse-tumbleweed-image?rev=561f9d4c8e4e1a441f95ad4ec6b5a914, org.opensuse.base.created=2026-09-30T20:05:54.126624488Z, org.opensuse.base.reference=registry.opensuse.org/opensuse/tumbleweed:20260930.37.208, org.openbuildservice.disturl=obs://build.opensuse.org/openSUSE:Factory/images/561f9d4c8e4e1a441f95ad4ec6b5a914-opensuse-tumbleweed-image:docker, org.qdistro.tier3s.workload=weston-terminal, qdistro_tier3s_unit=qdistro-tier3s-silo@s125a.service, org.opencontainers.image.title=openSUSE Tumbleweed Base Container, org.opencontainers.image.created=2026-09-30T20:05:54.126624488Z)
Oct 03 16:44:15 baseweed-admin dbus-run-session[1026]:   WARN: Process failed to start, likely because the binary could not be found. Command: QList("bluetoothctl", "show")
Oct 03 16:44:15 baseweed-admin podman[10277]: 2026-10-03 16:44:15.463580711 +0000 UTC m=+3.870450770 container remove 4173df604303bbca370422e023a2dbd508d3fb2b41760b93eff902992a94ee76 (image=localhost/qdistro/tier3s-weston-terminal:latest, name=qdistro-tier3s-s125a, org.opencontainers.image.url=https://www.opensuse.org, org.opencontainers.image.version=20260930.37.208, org.opensuse.base.lifecycle-url=https://en.opensuse.org/Lifetime, org.openbuildservice.disturl=obs://build.opensuse.org/openSUSE:Factory/images/561f9d4c8e4e1a441f95ad4ec6b5a914-opensuse-tumbleweed-image:docker, org.opensuse.base.title=openSUSE Tumbleweed Base Container, qdistro_tier3s_token=8fc09bf0670fb19121c72fca9f1d0456, qdistro_tier3s_unit=qdistro-tier3s-silo@s125a.service, io.buildah.version=1.44.1, org.opencontainers.image.vendor=openSUSE Project, org.opensuse.base.created=2026-09-30T20:05:54.126624488Z, org.opensuse.base.description=Image containing a minimal environment for containers based on openSUSE Tumbleweed., org.opensuse.base.vendor=openSUSE Project, org.qdistro.tier3s.workload=weston-terminal, org.opencontainers.image.description=Image containing a minimal environment for containers based on openSUSE Tumbleweed., org.opensuse.base.version=20260930.37.208, org.opencontainers.image.source=https://build.opensuse.org/package/show/openSUSE:Factory/opensuse-tumbleweed-image?rev=561f9d4c8e4e1a441f95ad4ec6b5a914, org.opensuse.base.reference=registry.opensuse.org/opensuse/tumbleweed:20260930.37.208, org.opensuse.base.source=https://build.opensuse.org/package/show/openSUSE:Factory/opensuse-tumbleweed-image?rev=561f9d4c8e4e1a441f95ad4ec6b5a914, org.opensuse.reference=registry.opensuse.org/opensuse/tumbleweed:20260930.37.208, org.opensuse.base.disturl=obs://build.opensuse.org/openSUSE:Factory/images/561f9d4c8e4e1a441f95ad4ec6b5a914-opensuse-tumbleweed-image:docker, org.opensuse.lifecycle-url=https://en.opensuse.org/Lifetime, org.opencontainers.image.created=2026-09-30T20:05:54.126624488Z, org.opensuse.base.url=https://www.opensuse.org, org.qdistro.snapshot=20260930, org.opencontainers.image.title=openSUSE Tumbleweed Base Container)
Oct 03 16:44:17 baseweed-admin systemd[862]: Started podman-12071.scope.
Oct 03 16:44:17 baseweed-admin dbus-run-session[1026]:   WARN: Process failed to start, likely because the binary could not be found. Command: QList("bluetoothctl", "show")
Oct 03 16:44:17 baseweed-admin systemd[862]: Started podman-12130.scope.
Oct 03 16:44:17 baseweed-admin systemd[862]: Started podman-12188.scope.
Oct 03 16:44:17 baseweed-admin systemd[862]: Started podman-12198.scope.
Oct 03 16:44:17 baseweed-admin dbus-run-session[1026]:   WARN qml: [20261003-164417]        Network Connectivity check error: Error: Not authorized to recheck connectivity.
Oct 03 16:44:18 baseweed-admin systemd[862]: qdistro-polkit-agent.service: Scheduled restart job, restart counter is at 36.
Oct 03 16:44:18 baseweed-admin systemd[862]: Started qdistro polkit authentication agent (PAM / fprintd / broker).
Oct 03 16:44:18 baseweed-admin qdistro-polkit-agent[12340]: registration failed: org.freedesktop.PolicyKit1.Error.Failed: Cannot determine session the caller is in
Oct 03 16:44:18 baseweed-admin python3[12340]: qdistro-polkit-agent: registration failed: org.freedesktop.PolicyKit1.Error.Failed: Cannot determine session the caller is in
Oct 03 16:44:18 baseweed-admin systemd[862]: qdistro-polkit-agent.service: Main process exited, code=exited, status=1/FAILURE
Oct 03 16:44:18 baseweed-admin systemd[862]: qdistro-polkit-agent.service: Failed with result 'exit-code'.
Oct 03 16:44:18 baseweed-admin systemd[862]: Started podman-12402.scope.
Oct 03 16:44:18 baseweed-admin systemd[862]: Started podman-12413.scope.
Oct 03 16:44:18 baseweed-admin podman[12413]: 2026-10-03 16:44:18.572855061 +0000 UTC m=+0.028705295 image pull fbb9565707338825319f889ed216cf4c5a0ea00ec1b92816dbac9d1ecff21df3 localhost/tier3s-probe:empty
Oct 03 16:44:18 baseweed-admin podman[12413]: 2026-10-03 16:44:18.660822321 +0000 UTC m=+0.116672535 container create e718cbea8912bf4b39ff78b603b32df30edc1ba8699b88638999fd2ffcab1c9b (image=localhost/tier3s-probe:empty, name=tier3s-probe-12263)
Oct 03 16:44:18 baseweed-admin systemd[862]: Started podman-12425.scope.
Oct 03 16:44:18 baseweed-admin systemd[862]: Started podman-12437.scope.
Oct 03 16:44:18 baseweed-admin systemd[862]: Started podman-12447.scope.
Oct 03 16:44:18 baseweed-admin podman[12447]: 2026-10-03 16:44:18.890205743 +0000 UTC m=+0.124236127 container remove e718cbea8912bf4b39ff78b603b32df30edc1ba8699b88638999fd2ffcab1c9b (image=localhost/tier3s-probe:empty, name=tier3s-probe-12263)
Oct 03 16:44:18 baseweed-admin qdistro-tier3s-silo-launch[12460]: [resolve-binding] silo 's125a' is untemplated (no binding)
Oct 03 16:44:19 baseweed-admin systemd[862]: Started podman-12491.scope.
Oct 03 16:44:19 baseweed-admin systemd[862]: Started podman-12523.scope.
Oct 03 16:44:19 baseweed-admin weston[938]: [16:44:19.149] qdwin/secctx: helper pid=12541 launcher parent pid=12533 exe unreadable; falling back to verified root-parent + stable-starttime attestation
Oct 03 16:44:19 baseweed-admin weston[938]: [16:44:19.149] qdwin/secctx: helper pid=12541 launcher parent pid=12533 exe unreadable; falling back to verified root-parent + stable-starttime attestation
Oct 03 16:44:19 baseweed-admin weston[938]: [16:44:19.150] qdwin/secctx: helper pid=12541 launcher parent pid=12533 exe unreadable; falling back to verified root-parent + stable-starttime attestation
Oct 03 16:44:19 baseweed-admin weston[938]: [16:44:19.150] qdwin/secctx: helper pid=12541 launcher parent pid=12533 exe unreadable; falling back to verified root-parent + stable-starttime attestation
Oct 03 16:44:19 baseweed-admin weston[938]: [16:44:19.150] qdwin/secctx: manager bound by uid=1000 pid=12541 (helper)
Oct 03 16:44:19 baseweed-admin weston[938]: [16:44:19.150] qdwin/secctx: committed engine=qdistro.tier3s app_id=qdistro.tier3s.s125a instance_id=687c12461869c1afb331a3a87210c2f5 listen_fd=80 close_fd=81
Oct 03 16:44:19 baseweed-admin weston[938]: [16:44:19.152] qdwin/secctx: client accepted engine=qdistro.tier3s app_id=qdistro.tier3s.s125a instance_id=687c12461869c1afb331a3a87210c2f5 (total tagged: 1)
Oct 03 16:44:19 baseweed-admin systemd[862]: Started podman-12561.scope.
Oct 03 16:44:19 baseweed-admin podman[12582]: 2026-10-03 16:44:19.366141331 +0000 UTC m=+0.070471064 container create 2c2c557d8858fca472b8169556a90e3f064f1c43e7528a6f2faf79f03a8bf9ca (image=localhost/qdistro/tier3s-weston-terminal:latest, name=qdistro-tier3s-s125a, org.opensuse.base.disturl=obs://build.opensuse.org/openSUSE:Factory/images/561f9d4c8e4e1a441f95ad4ec6b5a914-opensuse-tumbleweed-image:docker, org.opensuse.lifecycle-url=https://en.opensuse.org/Lifetime, org.opensuse.base.reference=registry.opensuse.org/opensuse/tumbleweed:20260930.37.208, org.opensuse.base.title=openSUSE Tumbleweed Base Container, org.opencontainers.image.url=https://www.opensuse.org, org.opencontainers.image.title=openSUSE Tumbleweed Base Container, org.opencontainers.image.description=Image containing a minimal environment for containers based on openSUSE Tumbleweed., org.opencontainers.image.vendor=openSUSE Project, org.opencontainers.image.created=2026-09-30T20:05:54.126624488Z, org.opensuse.base.vendor=openSUSE Project, qdistro_tier3s_token=687c12461869c1afb331a3a87210c2f5, org.openbuildservice.disturl=obs://build.opensuse.org/openSUSE:Factory/images/561f9d4c8e4e1a441f95ad4ec6b5a914-opensuse-tumbleweed-image:docker, org.qdistro.tier3s.workload=weston-terminal, org.opensuse.base.description=Image containing a minimal environment for containers based on openSUSE Tumbleweed., qdistro_tier3s_unit=qdistro-tier3s-silo@s125a.service, org.opensuse.base.url=https://www.opensuse.org, io.buildah.version=1.44.1, org.qdistro.snapshot=20260930, org.opencontainers.image.version=20260930.37.208, org.opencontainers.image.source=https://build.opensuse.org/package/show/openSUSE:Factory/opensuse-tumbleweed-image?rev=561f9d4c8e4e1a441f95ad4ec6b5a914, org.opensuse.reference=registry.opensuse.org/opensuse/tumbleweed:20260930.37.208, org.opensuse.base.lifecycle-url=https://en.opensuse.org/Lifetime, org.opensuse.base.version=20260930.37.208, org.opensuse.base.source=https://build.opensuse.org/package/show/openSUSE:Factory/opensuse-tumbleweed-image?rev=561f9d4c8e4e1a441f95ad4ec6b5a914, org.opensuse.base.created=2026-09-30T20:05:54.126624488Z)
Oct 03 16:44:19 baseweed-admin podman[12582]: 2026-10-03 16:44:19.308812495 +0000 UTC m=+0.013142238 image pull c1cfa112ea7171ba1c62d14d9adda09e40b530bd9f5b3e76cfaf4e29ff0b345e localhost/qdistro/tier3s-weston-terminal:latest
Oct 03 16:44:19 baseweed-admin dbus-run-session[1026]:   WARN: Process failed to start, likely because the binary could not be found. Command: QList("bluetoothctl", "show")
Oct 03 16:44:19 baseweed-admin podman[12582]: 2026-10-03 16:44:19.491939433 +0000 UTC m=+0.196269196 container init 2c2c557d8858fca472b8169556a90e3f064f1c43e7528a6f2faf79f03a8bf9ca (image=localhost/qdistro/tier3s-weston-terminal:latest, name=qdistro-tier3s-s125a, org.opensuse.base.source=https://build.opensuse.org/package/show/openSUSE:Factory/opensuse-tumbleweed-image?rev=561f9d4c8e4e1a441f95ad4ec6b5a914, org.opencontainers.image.url=https://www.opensuse.org, org.opensuse.reference=registry.opensuse.org/opensuse/tumbleweed:20260930.37.208, qdistro_tier3s_unit=qdistro-tier3s-silo@s125a.service, org.opensuse.lifecycle-url=https://en.opensuse.org/Lifetime, io.buildah.version=1.44.1, org.opencontainers.image.created=2026-09-30T20:05:54.126624488Z, qdistro_tier3s_token=687c12461869c1afb331a3a87210c2f5, org.qdistro.tier3s.workload=weston-terminal, org.opencontainers.image.source=https://build.opensuse.org/package/show/openSUSE:Factory/opensuse-tumbleweed-image?rev=561f9d4c8e4e1a441f95ad4ec6b5a914, org.opensuse.base.disturl=obs://build.opensuse.org/openSUSE:Factory/images/561f9d4c8e4e1a441f95ad4ec6b5a914-opensuse-tumbleweed-image:docker, org.opencontainers.image.description=Image containing a minimal environment for containers based on openSUSE Tumbleweed., org.opensuse.base.lifecycle-url=https://en.opensuse.org/Lifetime, org.opensuse.base.version=20260930.37.208, org.opensuse.base.vendor=openSUSE Project, org.openbuildservice.disturl=obs://build.opensuse.org/openSUSE:Factory/images/561f9d4c8e4e1a441f95ad4ec6b5a914-opensuse-tumbleweed-image:docker, org.opensuse.base.description=Image containing a minimal environment for containers based on openSUSE Tumbleweed., org.opensuse.base.url=https://www.opensuse.org, org.qdistro.snapshot=20260930, org.opensuse.base.reference=registry.opensuse.org/opensuse/tumbleweed:20260930.37.208, org.opensuse.base.title=openSUSE Tumbleweed Base Container, org.opensuse.base.created=2026-09-30T20:05:54.126624488Z, org.opencontainers.image.title=openSUSE Tumbleweed Base Container, org.opencontainers.image.vendor=openSUSE Project, org.opencontainers.image.version=20260930.37.208)
Oct 03 16:44:19 baseweed-admin podman[12582]: 2026-10-03 16:44:19.522454036 +0000 UTC m=+0.226783769 container start 2c2c557d8858fca472b8169556a90e3f064f1c43e7528a6f2faf79f03a8bf9ca (image=localhost/qdistro/tier3s-weston-terminal:latest, name=qdistro-tier3s-s125a, org.opensuse.base.url=https://www.opensuse.org, org.opencontainers.image.vendor=openSUSE Project, org.opencontainers.image.created=2026-09-30T20:05:54.126624488Z, qdistro_tier3s_token=687c12461869c1afb331a3a87210c2f5, org.openbuildservice.disturl=obs://build.opensuse.org/openSUSE:Factory/images/561f9d4c8e4e1a441f95ad4ec6b5a914-opensuse-tumbleweed-image:docker, org.opensuse.base.version=20260930.37.208, org.opensuse.lifecycle-url=https://en.opensuse.org/Lifetime, org.qdistro.snapshot=20260930, org.opensuse.base.title=openSUSE Tumbleweed Base Container, org.opensuse.base.disturl=obs://build.opensuse.org/openSUSE:Factory/images/561f9d4c8e4e1a441f95ad4ec6b5a914-opensuse-tumbleweed-image:docker, org.opensuse.base.description=Image containing a minimal environment for containers based on openSUSE Tumbleweed., org.opensuse.reference=registry.opensuse.org/opensuse/tumbleweed:20260930.37.208, qdistro_tier3s_unit=qdistro-tier3s-silo@s125a.service, org.opencontainers.image.version=20260930.37.208, org.opensuse.base.vendor=openSUSE Project, org.opencontainers.image.url=https://www.opensuse.org, org.opencontainers.image.source=https://build.opensuse.org/package/show/openSUSE:Factory/opensuse-tumbleweed-image?rev=561f9d4c8e4e1a441f95ad4ec6b5a914, org.opensuse.base.lifecycle-url=https://en.opensuse.org/Lifetime, io.buildah.version=1.44.1, org.opensuse.base.reference=registry.opensuse.org/opensuse/tumbleweed:20260930.37.208, org.opensuse.base.source=https://build.opensuse.org/package/show/openSUSE:Factory/opensuse-tumbleweed-image?rev=561f9d4c8e4e1a441f95ad4ec6b5a914, org.opensuse.base.created=2026-09-30T20:05:54.126624488Z, org.qdistro.tier3s.workload=weston-terminal, org.opencontainers.image.title=openSUSE Tumbleweed Base Container, org.opencontainers.image.description=Image containing a minimal environment for containers based on openSUSE Tumbleweed.)
Oct 03 16:44:19 baseweed-admin podman[12582]: 2026-10-03 16:44:19.550770013 +0000 UTC m=+0.255099776 container attach 2c2c557d8858fca472b8169556a90e3f064f1c43e7528a6f2faf79f03a8bf9ca (image=localhost/qdistro/tier3s-weston-terminal:latest, name=qdistro-tier3s-s125a, org.opencontainers.image.version=20260930.37.208, org.opensuse.base.title=openSUSE Tumbleweed Base Container, org.opencontainers.image.url=https://www.opensuse.org, qdistro_tier3s_token=687c12461869c1afb331a3a87210c2f5, org.opensuse.base.created=2026-09-30T20:05:54.126624488Z, org.qdistro.tier3s.workload=weston-terminal, org.opensuse.base.lifecycle-url=https://en.opensuse.org/Lifetime, io.buildah.version=1.44.1, org.opensuse.base.vendor=openSUSE Project, org.opensuse.base.source=https://build.opensuse.org/package/show/openSUSE:Factory/opensuse-tumbleweed-image?rev=561f9d4c8e4e1a441f95ad4ec6b5a914, org.opencontainers.image.source=https://build.opensuse.org/package/show/openSUSE:Factory/opensuse-tumbleweed-image?rev=561f9d4c8e4e1a441f95ad4ec6b5a914, org.opensuse.base.disturl=obs://build.opensuse.org/openSUSE:Factory/images/561f9d4c8e4e1a441f95ad4ec6b5a914-opensuse-tumbleweed-image:docker, org.opensuse.base.description=Image containing a minimal environment for containers based on openSUSE Tumbleweed., org.opencontainers.image.description=Image containing a minimal environment for containers based on openSUSE Tumbleweed., org.opencontainers.image.vendor=openSUSE Project, qdistro_tier3s_unit=qdistro-tier3s-silo@s125a.service, org.opensuse.base.version=20260930.37.208, org.opensuse.lifecycle-url=https://en.opensuse.org/Lifetime, org.qdistro.snapshot=20260930, org.opencontainers.image.created=2026-09-30T20:05:54.126624488Z, org.opensuse.base.reference=registry.opensuse.org/opensuse/tumbleweed:20260930.37.208, org.openbuildservice.disturl=obs://build.opensuse.org/openSUSE:Factory/images/561f9d4c8e4e1a441f95ad4ec6b5a914-opensuse-tumbleweed-image:docker, org.opencontainers.image.title=openSUSE Tumbleweed Base Container, org.opensuse.reference=registry.opensuse.org/opensuse/tumbleweed:20260930.37.208, org.opensuse.base.url=https://www.opensuse.org)
Oct 03 16:44:19 baseweed-admin systemd[862]: Started podman-12661.scope.
Oct 03 16:44:19 baseweed-admin qdistro-tier3s-s125a[12597]: could not load cursor 'dnd-move'
Oct 03 16:44:19 baseweed-admin qdistro-tier3s-s125a[12597]: could not load cursor 'dnd-copy'
Oct 03 16:44:19 baseweed-admin qdistro-tier3s-silo-launch[12582]: could not load cursor 'dnd-move'
Oct 03 16:44:19 baseweed-admin qdistro-tier3s-silo-launch[12582]: could not load cursor 'dnd-copy'
Oct 03 16:44:19 baseweed-admin qdistro-tier3s-silo-launch[12582]: could not load cursor 'dnd-none'
Oct 03 16:44:19 baseweed-admin qdistro-tier3s-s125a[12597]: could not load cursor 'dnd-none'
Oct 03 16:44:19 baseweed-admin weston[938]: [16:44:19.685] qdwin: toplevel_added handle=2 uid=1000 pid=12544 app_id=(null) title=""
Oct 03 16:44:19 baseweed-admin weston[938]: [16:44:19.686] qdwin: toplevel_security_context handle=2 engine=qdistro.tier3s app_id=qdistro.tier3s.s125a instance=687c12461869c1afb331a3a87210c2f5
Oct 03 16:44:19 baseweed-admin weston[938]: [16:44:19.686] qdwin: toplevel_peer_identity handle=2 pid=12544 starttime=12188 uid=1000 exe=/usr/bin/waypipe label=system_u:system_r:unconfined_service_t:s0
Oct 03 16:44:19 baseweed-admin weston[938]: [16:44:19.686] qdwin: holding_released handle=2 via default_toplevel_policy (held → normal)
Oct 03 16:44:19 baseweed-admin dbus-run-session[1026]:   INFO qml: [20261003-164419]          Qdwin toplevel_security_context handle=2 engine=qdistro.tier3s app_id=qdistro.tier3s.s125a instance=687c12461869c1afb331a3a87210c2f5
Oct 03 16:44:19 baseweed-admin dbus-run-session[1026]:   INFO qml: [20261003-164419]     Tier3sApps [tier3s] toplevel observed silo=s125a secctx=qdistro.tier3s.s125a color=#26c6da handle=2
Oct 03 16:44:19 baseweed-admin dbus-run-session[1026]:   INFO qml: [20261003-164419]     Tier3sApps [tier3s] silo=s125a color=#26c6da
Oct 03 16:44:19 baseweed-admin weston[938]: [16:44:19.718] qdwin: toplevel_title handle=2 title="[3s:s125a] Wayland Terminal"
Oct 03 16:44:19 baseweed-admin weston[938]: [16:44:19.719] qdwin: toplevel_app_id handle=2 app_id="org.freedesktop.weston.wayland-terminal"
Oct 03 16:44:19 baseweed-admin weston[938]: [16:44:19.719] qdwin: mapped handle=2 size=806x491 pos=557,310 (normal)
Oct 03 16:44:19 baseweed-admin weston[938]: [16:44:19.719] qdwin: focus handle=2 (was 4294967295) seat=default
Oct 03 16:44:19 baseweed-admin weston[938]: [16:44:19.719] qdwin: seat_focus_changed seat=default handle=2
Oct 03 16:44:19 baseweed-admin systemd[862]: Started podman-12699.scope.
Oct 03 16:44:19 baseweed-admin systemd[862]: Started podman-12741.scope.
Oct 03 16:44:19 baseweed-admin systemd[862]: Started podman-12742.scope.
Oct 03 16:44:19 baseweed-admin systemd[862]: Started podman-12781.scope.
Oct 03 16:44:20 baseweed-admin dbus-run-session[1026]:   INFO qml: [20261003-164420]        PodApps auto-scan: qdistro-tier3s-s125a transitioned to running
Oct 03 16:44:20 baseweed-admin systemd[862]: Started podman-12975.scope.
Oct 03 16:44:20 baseweed-admin systemd[862]: Started podman-12986.scope.
Oct 03 16:44:20 baseweed-admin podman[12986]: 2026-10-03 16:44:20.849392625 +0000 UTC m=+0.110526280 container create b399d1a457d62da20e1fcd331bbdb8420326d4fcb9672917fa00530a3ba87ea1 (image=localhost/tier3s-probe:empty, name=tier3s-probe-12826)
Oct 03 16:44:20 baseweed-admin podman[12986]: 2026-10-03 16:44:20.76592729 +0000 UTC m=+0.027060965 image pull fbb9565707338825319f889ed216cf4c5a0ea00ec1b92816dbac9d1ecff21df3 localhost/tier3s-probe:empty
Oct 03 16:44:20 baseweed-admin systemd[862]: Started podman-12997.scope.
Oct 03 16:44:20 baseweed-admin systemd[862]: Started podman-13009.scope.
Oct 03 16:44:20 baseweed-admin systemd[862]: Started podman-13019.scope.
Oct 03 16:44:21 baseweed-admin podman[13019]: 2026-10-03 16:44:21.085485754 +0000 UTC m=+0.134335383 container remove b399d1a457d62da20e1fcd331bbdb8420326d4fcb9672917fa00530a3ba87ea1 (image=localhost/tier3s-probe:empty, name=tier3s-probe-12826)
Oct 03 16:44:21 baseweed-admin qdistro-tier3s-silo-launch[13031]: [resolve-binding] silo 's125b' is untemplated (no binding)
Oct 03 16:44:21 baseweed-admin systemd[862]: Started podman-13074.scope.
Oct 03 16:44:21 baseweed-admin systemd[862]: qdistro-polkit-agent.service: Scheduled restart job, restart counter is at 37.
Oct 03 16:44:21 baseweed-admin systemd[862]: Started qdistro polkit authentication agent (PAM / fprintd / broker).
Oct 03 16:44:21 baseweed-admin systemd[862]: Started podman-13108.scope.
Oct 03 16:44:21 baseweed-admin weston[938]: [16:44:21.414] qdwin/secctx: helper pid=13127 launcher parent pid=13118 exe unreadable; falling back to verified root-parent + stable-starttime attestation
Oct 03 16:44:21 baseweed-admin weston[938]: [16:44:21.415] qdwin/secctx: helper pid=13127 launcher parent pid=13118 exe unreadable; falling back to verified root-parent + stable-starttime attestation
Oct 03 16:44:21 baseweed-admin weston[938]: [16:44:21.415] qdwin/secctx: helper pid=13127 launcher parent pid=13118 exe unreadable; falling back to verified root-parent + stable-starttime attestation
Oct 03 16:44:21 baseweed-admin weston[938]: [16:44:21.415] qdwin/secctx: helper pid=13127 launcher parent pid=13118 exe unreadable; falling back to verified root-parent + stable-starttime attestation
Oct 03 16:44:21 baseweed-admin weston[938]: [16:44:21.415] qdwin/secctx: manager bound by uid=1000 pid=13127 (helper)
Oct 03 16:44:21 baseweed-admin weston[938]: [16:44:21.415] qdwin/secctx: committed engine=qdistro.tier3s app_id=qdistro.tier3s.s125b instance_id=03f8d3e0b857b4aa4d168fe10d4c4e5b listen_fd=88 close_fd=89
Oct 03 16:44:21 baseweed-admin weston[938]: [16:44:21.417] qdwin/secctx: client accepted engine=qdistro.tier3s app_id=qdistro.tier3s.s125b instance_id=03f8d3e0b857b4aa4d168fe10d4c4e5b (total tagged: 2)
Oct 03 16:44:21 baseweed-admin dbus-run-session[1026]:   WARN: Process failed to start, likely because the binary could not be found. Command: QList("bluetoothctl", "show")
Oct 03 16:44:21 baseweed-admin qdistro-polkit-agent[13087]: registration failed: org.freedesktop.PolicyKit1.Error.Failed: Cannot determine session the caller is in
Oct 03 16:44:21 baseweed-admin python3[13087]: qdistro-polkit-agent: registration failed: org.freedesktop.PolicyKit1.Error.Failed: Cannot determine session the caller is in
Oct 03 16:44:21 baseweed-admin systemd[862]: qdistro-polkit-agent.service: Main process exited, code=exited, status=1/FAILURE
Oct 03 16:44:21 baseweed-admin systemd[862]: qdistro-polkit-agent.service: Failed with result 'exit-code'.
Oct 03 16:44:21 baseweed-admin systemd[862]: Started podman-13147.scope.
Oct 03 16:44:21 baseweed-admin podman[13169]: 2026-10-03 16:44:21.57899316 +0000 UTC m=+0.056418808 container create ff5cf8118f5533a28685596748667115c443c8a83305b4aa72d2ac3ed6309b01 (image=localhost/qdistro/tier3s-weston-terminal:latest, name=qdistro-tier3s-s125b, org.opencontainers.image.title=openSUSE Tumbleweed Base Container, org.qdistro.tier3s.workload=weston-terminal, org.opensuse.base.source=https://build.opensuse.org/package/show/openSUSE:Factory/opensuse-tumbleweed-image?rev=561f9d4c8e4e1a441f95ad4ec6b5a914, org.openbuildservice.disturl=obs://build.opensuse.org/openSUSE:Factory/images/561f9d4c8e4e1a441f95ad4ec6b5a914-opensuse-tumbleweed-image:docker, org.opencontainers.image.version=20260930.37.208, org.opensuse.base.url=https://www.opensuse.org, org.opensuse.reference=registry.opensuse.org/opensuse/tumbleweed:20260930.37.208, org.opensuse.base.vendor=openSUSE Project, org.opensuse.base.title=openSUSE Tumbleweed Base Container, org.opencontainers.image.vendor=openSUSE Project, org.opensuse.base.lifecycle-url=https://en.opensuse.org/Lifetime, org.opencontainers.image.source=https://build.opensuse.org/package/show/openSUSE:Factory/opensuse-tumbleweed-image?rev=561f9d4c8e4e1a441f95ad4ec6b5a914, org.opencontainers.image.created=2026-09-30T20:05:54.126624488Z, org.opensuse.base.version=20260930.37.208, org.opensuse.lifecycle-url=https://en.opensuse.org/Lifetime, org.opencontainers.image.url=https://www.opensuse.org, org.qdistro.snapshot=20260930, org.opencontainers.image.description=Image containing a minimal environment for containers based on openSUSE Tumbleweed., qdistro_tier3s_token=03f8d3e0b857b4aa4d168fe10d4c4e5b, org.opensuse.base.description=Image containing a minimal environment for containers based on openSUSE Tumbleweed., org.opensuse.base.disturl=obs://build.opensuse.org/openSUSE:Factory/images/561f9d4c8e4e1a441f95ad4ec6b5a914-opensuse-tumbleweed-image:docker, io.buildah.version=1.44.1, qdistro_tier3s_unit=qdistro-tier3s-silo@s125b.service, org.opensuse.base.reference=registry.opensuse.org/opensuse/tumbleweed:20260930.37.208, org.opensuse.base.created=2026-09-30T20:05:54.126624488Z)
Oct 03 16:44:21 baseweed-admin podman[13169]: 2026-10-03 16:44:21.543538795 +0000 UTC m=+0.020964463 image pull c1cfa112ea7171ba1c62d14d9adda09e40b530bd9f5b3e76cfaf4e29ff0b345e localhost/qdistro/tier3s-weston-terminal:latest
Oct 03 16:44:21 baseweed-admin podman[13169]: 2026-10-03 16:44:21.707340833 +0000 UTC m=+0.184766481 container init ff5cf8118f5533a28685596748667115c443c8a83305b4aa72d2ac3ed6309b01 (image=localhost/qdistro/tier3s-weston-terminal:latest, name=qdistro-tier3s-s125b, org.opensuse.base.reference=registry.opensuse.org/opensuse/tumbleweed:20260930.37.208, org.opensuse.base.url=https://www.opensuse.org, org.opensuse.base.description=Image containing a minimal environment for containers based on openSUSE Tumbleweed., org.opensuse.base.lifecycle-url=https://en.opensuse.org/Lifetime, org.opensuse.base.version=20260930.37.208, org.qdistro.tier3s.workload=weston-terminal, org.opencontainers.image.source=https://build.opensuse.org/package/show/openSUSE:Factory/opensuse-tumbleweed-image?rev=561f9d4c8e4e1a441f95ad4ec6b5a914, org.opensuse.base.created=2026-09-30T20:05:54.126624488Z, org.opensuse.reference=registry.opensuse.org/opensuse/tumbleweed:20260930.37.208, io.buildah.version=1.44.1, org.qdistro.snapshot=20260930, qdistro_tier3s_unit=qdistro-tier3s-silo@s125b.service, org.openbuildservice.disturl=obs://build.opensuse.org/openSUSE:Factory/images/561f9d4c8e4e1a441f95ad4ec6b5a914-opensuse-tumbleweed-image:docker, org.opencontainers.image.title=openSUSE Tumbleweed Base Container, org.opensuse.base.title=openSUSE Tumbleweed Base Container, org.opencontainers.image.vendor=openSUSE Project, org.opensuse.lifecycle-url=https://en.opensuse.org/Lifetime, org.opensuse.base.source=https://build.opensuse.org/package/show/openSUSE:Factory/opensuse-tumbleweed-image?rev=561f9d4c8e4e1a441f95ad4ec6b5a914, org.opencontainers.image.url=https://www.opensuse.org, org.opencontainers.image.description=Image containing a minimal environment for containers based on openSUSE Tumbleweed., org.opensuse.base.disturl=obs://build.opensuse.org/openSUSE:Factory/images/561f9d4c8e4e1a441f95ad4ec6b5a914-opensuse-tumbleweed-image:docker, org.opensuse.base.vendor=openSUSE Project, org.opencontainers.image.version=20260930.37.208, org.opencontainers.image.created=2026-09-30T20:05:54.126624488Z, qdistro_tier3s_token=03f8d3e0b857b4aa4d168fe10d4c4e5b)
Oct 03 16:44:21 baseweed-admin podman[13169]: 2026-10-03 16:44:21.732894021 +0000 UTC m=+0.210319669 container start ff5cf8118f5533a28685596748667115c443c8a83305b4aa72d2ac3ed6309b01 (image=localhost/qdistro/tier3s-weston-terminal:latest, name=qdistro-tier3s-s125b, org.opencontainers.image.created=2026-09-30T20:05:54.126624488Z, org.opensuse.base.created=2026-09-30T20:05:54.126624488Z, org.opensuse.base.url=https://www.opensuse.org, org.opensuse.base.version=20260930.37.208, org.opencontainers.image.url=https://www.opensuse.org, org.opencontainers.image.description=Image containing a minimal environment for containers based on openSUSE Tumbleweed., org.opensuse.base.reference=registry.opensuse.org/opensuse/tumbleweed:20260930.37.208, org.opencontainers.image.title=openSUSE Tumbleweed Base Container, org.opensuse.base.disturl=obs://build.opensuse.org/openSUSE:Factory/images/561f9d4c8e4e1a441f95ad4ec6b5a914-opensuse-tumbleweed-image:docker, io.buildah.version=1.44.1, org.opensuse.base.title=openSUSE Tumbleweed Base Container, org.qdistro.tier3s.workload=weston-terminal, qdistro_tier3s_unit=qdistro-tier3s-silo@s125b.service, qdistro_tier3s_token=03f8d3e0b857b4aa4d168fe10d4c4e5b, org.opensuse.base.description=Image containing a minimal environment for containers based on openSUSE Tumbleweed., org.opensuse.reference=registry.opensuse.org/opensuse/tumbleweed:20260930.37.208, org.opensuse.base.vendor=openSUSE Project, org.openbuildservice.disturl=obs://build.opensuse.org/openSUSE:Factory/images/561f9d4c8e4e1a441f95ad4ec6b5a914-opensuse-tumbleweed-image:docker, org.opensuse.base.lifecycle-url=https://en.opensuse.org/Lifetime, org.qdistro.snapshot=20260930, org.opencontainers.image.version=20260930.37.208, org.opencontainers.image.source=https://build.opensuse.org/package/show/openSUSE:Factory/opensuse-tumbleweed-image?rev=561f9d4c8e4e1a441f95ad4ec6b5a914, org.opencontainers.image.vendor=openSUSE Project, org.opensuse.lifecycle-url=https://en.opensuse.org/Lifetime, org.opensuse.base.source=https://build.opensuse.org/package/show/openSUSE:Factory/opensuse-tumbleweed-image?rev=561f9d4c8e4e1a441f95ad4ec6b5a914)
Oct 03 16:44:21 baseweed-admin podman[13169]: 2026-10-03 16:44:21.767218297 +0000 UTC m=+0.244643955 container attach ff5cf8118f5533a28685596748667115c443c8a83305b4aa72d2ac3ed6309b01 (image=localhost/qdistro/tier3s-weston-terminal:latest, name=qdistro-tier3s-s125b, org.opensuse.base.source=https://build.opensuse.org/package/show/openSUSE:Factory/opensuse-tumbleweed-image?rev=561f9d4c8e4e1a441f95ad4ec6b5a914, org.qdistro.snapshot=20260930, org.opencontainers.image.description=Image containing a minimal environment for containers based on openSUSE Tumbleweed., org.opencontainers.image.version=20260930.37.208, org.opencontainers.image.source=https://build.opensuse.org/package/show/openSUSE:Factory/opensuse-tumbleweed-image?rev=561f9d4c8e4e1a441f95ad4ec6b5a914, org.opencontainers.image.created=2026-09-30T20:05:54.126624488Z, qdistro_tier3s_token=03f8d3e0b857b4aa4d168fe10d4c4e5b, org.opensuse.base.description=Image containing a minimal environment for containers based on openSUSE Tumbleweed., org.opensuse.reference=registry.opensuse.org/opensuse/tumbleweed:20260930.37.208, org.opencontainers.image.vendor=openSUSE Project, org.opensuse.lifecycle-url=https://en.opensuse.org/Lifetime, org.openbuildservice.disturl=obs://build.opensuse.org/openSUSE:Factory/images/561f9d4c8e4e1a441f95ad4ec6b5a914-opensuse-tumbleweed-image:docker, org.opensuse.base.lifecycle-url=https://en.opensuse.org/Lifetime, org.opensuse.base.reference=registry.opensuse.org/opensuse/tumbleweed:20260930.37.208, org.opensuse.base.created=2026-09-30T20:05:54.126624488Z, org.opensuse.base.version=20260930.37.208, org.opencontainers.image.url=https://www.opensuse.org, qdistro_tier3s_unit=qdistro-tier3s-silo@s125b.service, org.opensuse.base.url=https://www.opensuse.org, org.opencontainers.image.title=openSUSE Tumbleweed Base Container, org.opensuse.base.disturl=obs://build.opensuse.org/openSUSE:Factory/images/561f9d4c8e4e1a441f95ad4ec6b5a914-opensuse-tumbleweed-image:docker, org.opensuse.base.vendor=openSUSE Project, io.buildah.version=1.44.1, org.opensuse.base.title=openSUSE Tumbleweed Base Container, org.qdistro.tier3s.workload=weston-terminal)
Oct 03 16:44:21 baseweed-admin qdistro-tier3s-s125b[13183]: could not load cursor 'dnd-move'
Oct 03 16:44:21 baseweed-admin qdistro-tier3s-silo-launch[13169]: could not load cursor 'dnd-move'
Oct 03 16:44:21 baseweed-admin qdistro-tier3s-silo-launch[13169]: could not load cursor 'dnd-copy'
Oct 03 16:44:21 baseweed-admin qdistro-tier3s-silo-launch[13169]: could not load cursor 'dnd-none'
Oct 03 16:44:21 baseweed-admin qdistro-tier3s-s125b[13183]: could not load cursor 'dnd-copy'
Oct 03 16:44:21 baseweed-admin qdistro-tier3s-s125b[13183]: could not load cursor 'dnd-none'
Oct 03 16:44:21 baseweed-admin systemd[862]: Started podman-13246.scope.
Oct 03 16:44:21 baseweed-admin weston[938]: [16:44:21.882] qdwin: toplevel_added handle=3 uid=1000 pid=13129 app_id=(null) title=""
Oct 03 16:44:21 baseweed-admin weston[938]: [16:44:21.882] qdwin: toplevel_security_context handle=3 engine=qdistro.tier3s app_id=qdistro.tier3s.s125b instance=03f8d3e0b857b4aa4d168fe10d4c4e5b
Oct 03 16:44:21 baseweed-admin weston[938]: [16:44:21.882] qdwin: toplevel_peer_identity handle=3 pid=13129 starttime=12414 uid=1000 exe=/usr/bin/waypipe label=system_u:system_r:unconfined_service_t:s0
Oct 03 16:44:21 baseweed-admin weston[938]: [16:44:21.882] qdwin: holding_released handle=3 via default_toplevel_policy (held → normal)
Oct 03 16:44:21 baseweed-admin dbus-run-session[1026]:   INFO qml: [20261003-164421]          Qdwin toplevel_security_context handle=3 engine=qdistro.tier3s app_id=qdistro.tier3s.s125b instance=03f8d3e0b857b4aa4d168fe10d4c4e5b
Oct 03 16:44:21 baseweed-admin dbus-run-session[1026]:   INFO qml: [20261003-164421]     Tier3sApps [tier3s] toplevel observed silo=s125b secctx=qdistro.tier3s.s125b color=#8bc34a handle=3
Oct 03 16:44:21 baseweed-admin dbus-run-session[1026]:   INFO qml: [20261003-164421]     Tier3sApps [tier3s] silo=s125b color=#8bc34a
Oct 03 16:44:21 baseweed-admin weston[938]: [16:44:21.904] qdwin: toplevel_title handle=3 title="[3s:s125b] Wayland Terminal"
Oct 03 16:44:21 baseweed-admin weston[938]: [16:44:21.904] qdwin: toplevel_app_id handle=3 app_id="org.freedesktop.weston.wayland-terminal"
Oct 03 16:44:21 baseweed-admin weston[938]: [16:44:21.904] qdwin: mapped handle=3 size=806x491 pos=0,31 (normal)
Oct 03 16:44:21 baseweed-admin weston[938]: [16:44:21.904] qdwin: focus handle=3 (was 2) seat=default
Oct 03 16:44:21 baseweed-admin weston[938]: [16:44:21.904] qdwin: seat_focus_changed seat=default handle=3
Oct 03 16:44:22 baseweed-admin systemd[862]: Started podman-13318.scope.
Oct 03 16:44:22 baseweed-admin systemd[862]: Started podman-13362.scope.
Oct 03 16:44:22 baseweed-admin podman[13362]: 2026-10-03 16:44:22.193692308 +0000 UTC m=+0.119623535 container exec 2c2c557d8858fca472b8169556a90e3f064f1c43e7528a6f2faf79f03a8bf9ca (image=localhost/qdistro/tier3s-weston-terminal:latest, name=qdistro-tier3s-s125a, io.buildah.version=1.44.1, org.opencontainers.image.url=https://www.opensuse.org, org.opensuse.base.disturl=obs://build.opensuse.org/openSUSE:Factory/images/561f9d4c8e4e1a441f95ad4ec6b5a914-opensuse-tumbleweed-image:docker, org.opencontainers.image.description=Image containing a minimal environment for containers based on openSUSE Tumbleweed., org.opencontainers.image.vendor=openSUSE Project, org.qdistro.snapshot=20260930, org.opensuse.base.reference=registry.opensuse.org/opensuse/tumbleweed:20260930.37.208, org.openbuildservice.disturl=obs://build.opensuse.org/openSUSE:Factory/images/561f9d4c8e4e1a441f95ad4ec6b5a914-opensuse-tumbleweed-image:docker, org.opencontainers.image.version=20260930.37.208, org.opensuse.base.source=https://build.opensuse.org/package/show/openSUSE:Factory/opensuse-tumbleweed-image?rev=561f9d4c8e4e1a441f95ad4ec6b5a914, org.opensuse.base.vendor=openSUSE Project, qdistro_tier3s_token=687c12461869c1afb331a3a87210c2f5, org.opensuse.reference=registry.opensuse.org/opensuse/tumbleweed:20260930.37.208, org.opensuse.base.title=openSUSE Tumbleweed Base Container, org.opensuse.lifecycle-url=https://en.opensuse.org/Lifetime, org.opensuse.base.lifecycle-url=https://en.opensuse.org/Lifetime, org.opencontainers.image.source=https://build.opensuse.org/package/show/openSUSE:Factory/opensuse-tumbleweed-image?rev=561f9d4c8e4e1a441f95ad4ec6b5a914, org.opencontainers.image.title=openSUSE Tumbleweed Base Container, org.qdistro.tier3s.workload=weston-terminal, org.opensuse.base.url=https://www.opensuse.org, org.opensuse.base.version=20260930.37.208, qdistro_tier3s_unit=qdistro-tier3s-silo@s125a.service, org.opensuse.base.created=2026-09-30T20:05:54.126624488Z, org.opencontainers.image.created=2026-09-30T20:05:54.126624488Z, org.opensuse.base.description=Image containing a minimal environment for containers based on openSUSE Tumbleweed.)
Oct 03 16:44:22 baseweed-admin conmon[13374]: conmon 2c2c557d8858fca472b8 <nwarn>: Failed to open cgroups file: /sys/fs/cgroup/user.slice/user-1000.slice/user@1000.service/user.slice/podman-13362.scope/memory.events
Oct 03 16:44:22 baseweed-admin podman[13423]: 2026-10-03 16:44:22.440640043 +0000 UTC m=+0.150411127 container exec 2c2c557d8858fca472b8169556a90e3f064f1c43e7528a6f2faf79f03a8bf9ca (image=localhost/qdistro/tier3s-weston-terminal:latest, name=qdistro-tier3s-s125a, org.opencontainers.image.version=20260930.37.208, org.opensuse.base.reference=registry.opensuse.org/opensuse/tumbleweed:20260930.37.208, io.buildah.version=1.44.1, org.opensuse.base.vendor=openSUSE Project, org.opencontainers.image.created=2026-09-30T20:05:54.126624488Z, org.opencontainers.image.description=Image containing a minimal environment for containers based on openSUSE Tumbleweed., org.opensuse.base.disturl=obs://build.opensuse.org/openSUSE:Factory/images/561f9d4c8e4e1a441f95ad4ec6b5a914-opensuse-tumbleweed-image:docker, org.opensuse.base.title=openSUSE Tumbleweed Base Container, qdistro_tier3s_token=687c12461869c1afb331a3a87210c2f5, org.opencontainers.image.title=openSUSE Tumbleweed Base Container, org.opencontainers.image.vendor=openSUSE Project, org.opensuse.base.lifecycle-url=https://en.opensuse.org/Lifetime, org.opencontainers.image.url=https://www.opensuse.org, org.opensuse.base.version=20260930.37.208, org.opensuse.base.url=https://www.opensuse.org, org.opensuse.lifecycle-url=https://en.opensuse.org/Lifetime, org.opencontainers.image.source=https://build.opensuse.org/package/show/openSUSE:Factory/opensuse-tumbleweed-image?rev=561f9d4c8e4e1a441f95ad4ec6b5a914, org.qdistro.tier3s.workload=weston-terminal, org.opensuse.base.created=2026-09-30T20:05:54.126624488Z, org.openbuildservice.disturl=obs://build.opensuse.org/openSUSE:Factory/images/561f9d4c8e4e1a441f95ad4ec6b5a914-opensuse-tumbleweed-image:docker, org.opensuse.base.description=Image containing a minimal environment for containers based on openSUSE Tumbleweed., org.opensuse.reference=registry.opensuse.org/opensuse/tumbleweed:20260930.37.208, org.opensuse.base.source=https://build.opensuse.org/package/show/openSUSE:Factory/opensuse-tumbleweed-image?rev=561f9d4c8e4e1a441f95ad4ec6b5a914, org.qdistro.snapshot=20260930, qdistro_tier3s_unit=qdistro-tier3s-silo@s125a.service)
Oct 03 16:44:22 baseweed-admin conmon[13446]: conmon 2c2c557d8858fca472b8 <nwarn>: Failed to open cgroups file: /sys/fs/cgroup/user.slice/user-1000.slice/user@1000.service/app.slice/qdshell.service/memory.events
Oct 03 16:44:22 baseweed-admin podman[13362]: 2026-10-03 16:44:22.475183638 +0000 UTC m=+0.401114865 container exec_died 2c2c557d8858fca472b8169556a90e3f064f1c43e7528a6f2faf79f03a8bf9ca (image=localhost/qdistro/tier3s-weston-terminal:latest, name=qdistro-tier3s-s125a, org.opencontainers.image.vendor=openSUSE Project, org.qdistro.tier3s.workload=weston-terminal, execID=24869762a340f0c5d51b38f852472cba6bafa00d19054afc530284338e15bfd6, org.opencontainers.image.version=20260930.37.208, org.opensuse.base.vendor=openSUSE Project, org.opensuse.reference=registry.opensuse.org/opensuse/tumbleweed:20260930.37.208, org.opensuse.base.reference=registry.opensuse.org/opensuse/tumbleweed:20260930.37.208, io.buildah.version=1.44.1, org.opensuse.lifecycle-url=https://en.opensuse.org/Lifetime, qdistro_tier3s_token=687c12461869c1afb331a3a87210c2f5, org.opensuse.base.disturl=obs://build.opensuse.org/openSUSE:Factory/images/561f9d4c8e4e1a441f95ad4ec6b5a914-opensuse-tumbleweed-image:docker, org.opencontainers.image.created=2026-09-30T20:05:54.126624488Z, org.opensuse.base.url=https://www.opensuse.org, org.opensuse.base.version=20260930.37.208, org.opensuse.base.created=2026-09-30T20:05:54.126624488Z, org.opensuse.base.source=https://build.opensuse.org/package/show/openSUSE:Factory/opensuse-tumbleweed-image?rev=561f9d4c8e4e1a441f95ad4ec6b5a914, org.opensuse.base.title=openSUSE Tumbleweed Base Container, org.opencontainers.image.description=Image containing a minimal environment for containers based on openSUSE Tumbleweed., org.opencontainers.image.source=https://build.opensuse.org/package/show/openSUSE:Factory/opensuse-tumbleweed-image?rev=561f9d4c8e4e1a441f95ad4ec6b5a914, org.qdistro.snapshot=20260930, qdistro_tier3s_unit=qdistro-tier3s-silo@s125a.service, org.opensuse.base.description=Image containing a minimal environment for containers based on openSUSE Tumbleweed., org.openbuildservice.disturl=obs://build.opensuse.org/openSUSE:Factory/images/561f9d4c8e4e1a441f95ad4ec6b5a914-opensuse-tumbleweed-image:docker, org.opencontainers.image.url=https://www.opensuse.org, org.opensuse.base.lifecycle-url=https://en.opensuse.org/Lifetime, org.opencontainers.image.title=openSUSE Tumbleweed Base Container)
Oct 03 16:44:22 baseweed-admin podman[13423]: 2026-10-03 16:44:22.569213207 +0000 UTC m=+0.278984271 container exec_died 2c2c557d8858fca472b8169556a90e3f064f1c43e7528a6f2faf79f03a8bf9ca (image=localhost/qdistro/tier3s-weston-terminal:latest, name=qdistro-tier3s-s125a, org.openbuildservice.disturl=obs://build.opensuse.org/openSUSE:Factory/images/561f9d4c8e4e1a441f95ad4ec6b5a914-opensuse-tumbleweed-image:docker, org.opensuse.base.disturl=obs://build.opensuse.org/openSUSE:Factory/images/561f9d4c8e4e1a441f95ad4ec6b5a914-opensuse-tumbleweed-image:docker, execID=54585545716eb97b121d1361a13d535127ef491ad326f986609d269b7bbc294f, org.opencontainers.image.vendor=openSUSE Project, org.opencontainers.image.description=Image containing a minimal environment for containers based on openSUSE Tumbleweed., org.opensuse.base.source=https://build.opensuse.org/package/show/openSUSE:Factory/opensuse-tumbleweed-image?rev=561f9d4c8e4e1a441f95ad4ec6b5a914, org.qdistro.snapshot=20260930, org.opencontainers.image.version=20260930.37.208, qdistro_tier3s_token=687c12461869c1afb331a3a87210c2f5, org.opencontainers.image.title=openSUSE Tumbleweed Base Container, org.opencontainers.image.url=https://www.opensuse.org, org.opensuse.base.description=Image containing a minimal environment for containers based on openSUSE Tumbleweed., org.opencontainers.image.created=2026-09-30T20:05:54.126624488Z, org.opensuse.base.url=https://www.opensuse.org, org.qdistro.tier3s.workload=weston-terminal, qdistro_tier3s_unit=qdistro-tier3s-silo@s125a.service, org.opensuse.base.lifecycle-url=https://en.opensuse.org/Lifetime, org.opensuse.base.reference=registry.opensuse.org/opensuse/tumbleweed:20260930.37.208, io.buildah.version=1.44.1, org.opensuse.lifecycle-url=https://en.opensuse.org/Lifetime, org.opensuse.reference=registry.opensuse.org/opensuse/tumbleweed:20260930.37.208, org.opencontainers.image.source=https://build.opensuse.org/package/show/openSUSE:Factory/opensuse-tumbleweed-image?rev=561f9d4c8e4e1a441f95ad4ec6b5a914, org.opensuse.base.created=2026-09-30T20:05:54.126624488Z, org.opensuse.base.title=openSUSE Tumbleweed Base Container, org.opensuse.base.vendor=openSUSE Project, org.opensuse.base.version=20260930.37.208)
Oct 03 16:44:22 baseweed-admin systemd[862]: Started podman-13472.scope.
Oct 03 16:44:22 baseweed-admin dbus-run-session[1026]:   INFO qml: [20261003-164422]        PodApps cache refresh loaded 0 apps
Oct 03 16:44:22 baseweed-admin podman[13472]: 2026-10-03 16:44:22.835552807 +0000 UTC m=+0.252375500 container exec ff5cf8118f5533a28685596748667115c443c8a83305b4aa72d2ac3ed6309b01 (image=localhost/qdistro/tier3s-weston-terminal:latest, name=qdistro-tier3s-s125b, qdistro_tier3s_unit=qdistro-tier3s-silo@s125b.service, org.opencontainers.image.version=20260930.37.208, org.opensuse.base.disturl=obs://build.opensuse.org/openSUSE:Factory/images/561f9d4c8e4e1a441f95ad4ec6b5a914-opensuse-tumbleweed-image:docker, org.opensuse.base.source=https://build.opensuse.org/package/show/openSUSE:Factory/opensuse-tumbleweed-image?rev=561f9d4c8e4e1a441f95ad4ec6b5a914, org.opencontainers.image.title=openSUSE Tumbleweed Base Container, org.opensuse.base.created=2026-09-30T20:05:54.126624488Z, org.opencontainers.image.vendor=openSUSE Project, org.opensuse.base.title=openSUSE Tumbleweed Base Container, org.opensuse.reference=registry.opensuse.org/opensuse/tumbleweed:20260930.37.208, org.opensuse.base.description=Image containing a minimal environment for containers based on openSUSE Tumbleweed., org.qdistro.snapshot=20260930, org.opencontainers.image.url=https://www.opensuse.org, org.opensuse.lifecycle-url=https://en.opensuse.org/Lifetime, org.opensuse.base.reference=registry.opensuse.org/opensuse/tumbleweed:20260930.37.208, org.opensuse.base.url=https://www.opensuse.org, org.qdistro.tier3s.workload=weston-terminal, org.openbuildservice.disturl=obs://build.opensuse.org/openSUSE:Factory/images/561f9d4c8e4e1a441f95ad4ec6b5a914-opensuse-tumbleweed-image:docker, org.opencontainers.image.created=2026-09-30T20:05:54.126624488Z, org.opensuse.base.vendor=openSUSE Project, org.opencontainers.image.description=Image containing a minimal environment for containers based on openSUSE Tumbleweed., org.opensuse.base.lifecycle-url=https://en.opensuse.org/Lifetime, qdistro_tier3s_token=03f8d3e0b857b4aa4d168fe10d4c4e5b, io.buildah.version=1.44.1, org.opencontainers.image.source=https://build.opensuse.org/package/show/openSUSE:Factory/opensuse-tumbleweed-image?rev=561f9d4c8e4e1a441f95ad4ec6b5a914, org.opensuse.base.version=20260930.37.208)
Oct 03 16:44:22 baseweed-admin conmon[13489]: conmon ff5cf8118f5533a28685 <nwarn>: Failed to open cgroups file: /sys/fs/cgroup/user.slice/user-1000.slice/user@1000.service/user.slice/podman-13472.scope/memory.events
Oct 03 16:44:22 baseweed-admin podman[13472]: 2026-10-03 16:44:22.905411938 +0000 UTC m=+0.322234621 container exec_died ff5cf8118f5533a28685596748667115c443c8a83305b4aa72d2ac3ed6309b01 (image=localhost/qdistro/tier3s-weston-terminal:latest, name=qdistro-tier3s-s125b, qdistro_tier3s_unit=qdistro-tier3s-silo@s125b.service, io.buildah.version=1.44.1, org.opensuse.base.disturl=obs://build.opensuse.org/openSUSE:Factory/images/561f9d4c8e4e1a441f95ad4ec6b5a914-opensuse-tumbleweed-image:docker, org.opensuse.base.source=https://build.opensuse.org/package/show/openSUSE:Factory/opensuse-tumbleweed-image?rev=561f9d4c8e4e1a441f95ad4ec6b5a914, org.qdistro.tier3s.workload=weston-terminal, org.opencontainers.image.url=https://www.opensuse.org, org.opensuse.base.description=Image containing a minimal environment for containers based on openSUSE Tumbleweed., org.opencontainers.image.source=https://build.opensuse.org/package/show/openSUSE:Factory/opensuse-tumbleweed-image?rev=561f9d4c8e4e1a441f95ad4ec6b5a914, org.opensuse.base.reference=registry.opensuse.org/opensuse/tumbleweed:20260930.37.208, org.opencontainers.image.created=2026-09-30T20:05:54.126624488Z, qdistro_tier3s_token=03f8d3e0b857b4aa4d168fe10d4c4e5b, execID=7e73d722007ca6da711fc3a42ab3e3fd4c43f93e3ac96262f6e87809c9e21a01, org.opencontainers.image.version=20260930.37.208, org.opensuse.base.url=https://www.opensuse.org, org.opensuse.base.created=2026-09-30T20:05:54.126624488Z, org.opencontainers.image.vendor=openSUSE Project, org.opensuse.base.title=openSUSE Tumbleweed Base Container, org.opensuse.base.vendor=openSUSE Project, org.opensuse.lifecycle-url=https://en.opensuse.org/Lifetime, org.opensuse.reference=registry.opensuse.org/opensuse/tumbleweed:20260930.37.208, org.opencontainers.image.title=openSUSE Tumbleweed Base Container, org.qdistro.snapshot=20260930, org.openbuildservice.disturl=obs://build.opensuse.org/openSUSE:Factory/images/561f9d4c8e4e1a441f95ad4ec6b5a914-opensuse-tumbleweed-image:docker, org.opencontainers.image.description=Image containing a minimal environment for containers based on openSUSE Tumbleweed., org.opensuse.base.lifecycle-url=https://en.opensuse.org/Lifetime, org.opensuse.base.version=20260930.37.208)
Oct 03 16:44:23 baseweed-admin weston[938]: [16:44:23.038] qdwin: toplevel_removed handle=2
Oct 03 16:44:23 baseweed-admin qdistro-tier3s-silo-launch[12582]: time="2026-10-03T16:44:23Z" level=error msg="forwarding signal 15 to container 2c2c557d8858fca472b8169556a90e3f064f1c43e7528a6f2faf79f03a8bf9ca: sending signal to container 2c2c557d8858fca472b8169556a90e3f064f1c43e7528a6f2faf79f03a8bf9ca: `/usr/libexec/qdistro/tier3s-runsc --network=none --host-uds=open kill 2c2c557d8858fca472b8169556a90e3f064f1c43e7528a6f2faf79f03a8bf9ca 15` failed: signal: terminated"
Oct 03 16:44:23 baseweed-admin podman[13536]: 2026-10-03 16:44:23.097381366 +0000 UTC m=+0.024872269 container died 2c2c557d8858fca472b8169556a90e3f064f1c43e7528a6f2faf79f03a8bf9ca (image=localhost/qdistro/tier3s-weston-terminal:latest, name=qdistro-tier3s-s125a, org.opensuse.base.source=https://build.opensuse.org/package/show/openSUSE:Factory/opensuse-tumbleweed-image?rev=561f9d4c8e4e1a441f95ad4ec6b5a914, qdistro_tier3s_unit=qdistro-tier3s-silo@s125a.service, org.openbuildservice.disturl=obs://build.opensuse.org/openSUSE:Factory/images/561f9d4c8e4e1a441f95ad4ec6b5a914-opensuse-tumbleweed-image:docker, org.opensuse.reference=registry.opensuse.org/opensuse/tumbleweed:20260930.37.208, org.opencontainers.image.version=20260930.37.208, org.opensuse.base.lifecycle-url=https://en.opensuse.org/Lifetime, org.opensuse.base.reference=registry.opensuse.org/opensuse/tumbleweed:20260930.37.208, org.opensuse.base.disturl=obs://build.opensuse.org/openSUSE:Factory/images/561f9d4c8e4e1a441f95ad4ec6b5a914-opensuse-tumbleweed-image:docker, org.opensuse.base.version=20260930.37.208, org.qdistro.snapshot=20260930, org.opencontainers.image.description=Image containing a minimal environment for containers based on openSUSE Tumbleweed., org.opencontainers.image.title=openSUSE Tumbleweed Base Container, org.opensuse.lifecycle-url=https://en.opensuse.org/Lifetime, org.opencontainers.image.source=https://build.opensuse.org/package/show/openSUSE:Factory/opensuse-tumbleweed-image?rev=561f9d4c8e4e1a441f95ad4ec6b5a914, org.opencontainers.image.url=https://www.opensuse.org, org.opensuse.base.vendor=openSUSE Project, qdistro_tier3s_token=687c12461869c1afb331a3a87210c2f5, org.opensuse.base.url=https://www.opensuse.org, org.opensuse.base.created=2026-09-30T20:05:54.126624488Z, org.opencontainers.image.vendor=openSUSE Project, io.buildah.version=1.44.1, org.opensuse.base.description=Image containing a minimal environment for containers based on openSUSE Tumbleweed., org.opensuse.base.title=openSUSE Tumbleweed Base Container, org.qdistro.tier3s.workload=weston-terminal, org.opencontainers.image.created=2026-09-30T20:05:54.126624488Z)
Oct 03 16:44:23 baseweed-admin podman[13536]: 2026-10-03 16:44:23.343527274 +0000 UTC m=+0.271018157 container remove 2c2c557d8858fca472b8169556a90e3f064f1c43e7528a6f2faf79f03a8bf9ca (image=localhost/qdistro/tier3s-weston-terminal:latest, name=qdistro-tier3s-s125a, org.qdistro.tier3s.workload=weston-terminal, qdistro_tier3s_token=687c12461869c1afb331a3a87210c2f5, org.opensuse.base.created=2026-09-30T20:05:54.126624488Z, org.opensuse.base.disturl=obs://build.opensuse.org/openSUSE:Factory/images/561f9d4c8e4e1a441f95ad4ec6b5a914-opensuse-tumbleweed-image:docker, org.opencontainers.image.description=Image containing a minimal environment for containers based on openSUSE Tumbleweed., org.opensuse.base.url=https://www.opensuse.org, org.opencontainers.image.source=https://build.opensuse.org/package/show/openSUSE:Factory/opensuse-tumbleweed-image?rev=561f9d4c8e4e1a441f95ad4ec6b5a914, io.buildah.version=1.44.1, org.opencontainers.image.title=openSUSE Tumbleweed Base Container, org.opencontainers.image.created=2026-09-30T20:05:54.126624488Z, org.opensuse.lifecycle-url=https://en.opensuse.org/Lifetime, org.openbuildservice.disturl=obs://build.opensuse.org/openSUSE:Factory/images/561f9d4c8e4e1a441f95ad4ec6b5a914-opensuse-tumbleweed-image:docker, org.opencontainers.image.url=https://www.opensuse.org, org.opencontainers.image.version=20260930.37.208, org.opensuse.base.vendor=openSUSE Project, org.opensuse.base.lifecycle-url=https://en.opensuse.org/Lifetime, org.opensuse.base.version=20260930.37.208, org.opensuse.reference=registry.opensuse.org/opensuse/tumbleweed:20260930.37.208, org.qdistro.snapshot=20260930, org.opencontainers.image.vendor=openSUSE Project, org.opensuse.base.reference=registry.opensuse.org/opensuse/tumbleweed:20260930.37.208, qdistro_tier3s_unit=qdistro-tier3s-silo@s125a.service, org.opensuse.base.description=Image containing a minimal environment for containers based on openSUSE Tumbleweed., org.opensuse.base.title=openSUSE Tumbleweed Base Container, org.opensuse.base.source=https://build.opensuse.org/package/show/openSUSE:Factory/opensuse-tumbleweed-image?rev=561f9d4c8e4e1a441f95ad4ec6b5a914)
Oct 03 16:44:23 baseweed-admin dbus-run-session[1026]:   INFO qml: [20261003-164423]        PodApps auto-scan: qdistro-tier3s-s125b transitioned to running
Oct 03 16:44:23 baseweed-admin dbus-run-session[1026]:   WARN: Process failed to start, likely because the binary could not be found. Command: QList("bluetoothctl", "show")
Oct 03 16:44:24 baseweed-admin systemd[862]: qdistro-polkit-agent.service: Scheduled restart job, restart counter is at 38.
Oct 03 16:44:24 baseweed-admin systemd[862]: Started qdistro polkit authentication agent (PAM / fprintd / broker).
Oct 03 16:44:24 baseweed-admin qdistro-polkit-agent[13585]: registration failed: org.freedesktop.PolicyKit1.Error.Failed: Cannot determine session the caller is in
Oct 03 16:44:24 baseweed-admin python3[13585]: qdistro-polkit-agent: registration failed: org.freedesktop.PolicyKit1.Error.Failed: Cannot determine session the caller is in
Oct 03 16:44:24 baseweed-admin systemd[862]: qdistro-polkit-agent.service: Main process exited, code=exited, status=1/FAILURE
Oct 03 16:44:24 baseweed-admin systemd[862]: qdistro-polkit-agent.service: Failed with result 'exit-code'.
Oct 03 16:44:25 baseweed-admin systemd[862]: Started podman-13632.scope.
Oct 03 16:44:25 baseweed-admin dbus-run-session[1026]:   WARN: Process failed to start, likely because the binary could not be found. Command: QList("bluetoothctl", "show")
Oct 03 16:44:25 baseweed-admin systemd[862]: Started podman-13763.scope.
Oct 03 16:44:25 baseweed-admin podman[13772]: 2026-10-03 16:44:25.607829694 +0000 UTC m=+0.122892748 container exec ff5cf8118f5533a28685596748667115c443c8a83305b4aa72d2ac3ed6309b01 (image=localhost/qdistro/tier3s-weston-terminal:latest, name=qdistro-tier3s-s125b, org.opensuse.base.description=Image containing a minimal environment for containers based on openSUSE Tumbleweed., org.qdistro.tier3s.workload=weston-terminal, qdistro_tier3s_unit=qdistro-tier3s-silo@s125b.service, org.opensuse.reference=registry.opensuse.org/opensuse/tumbleweed:20260930.37.208, org.opencontainers.image.source=https://build.opensuse.org/package/show/openSUSE:Factory/opensuse-tumbleweed-image?rev=561f9d4c8e4e1a441f95ad4ec6b5a914, org.opensuse.base.created=2026-09-30T20:05:54.126624488Z, org.opencontainers.image.description=Image containing a minimal environment for containers based on openSUSE Tumbleweed., org.opencontainers.image.version=20260930.37.208, org.opencontainers.image.created=2026-09-30T20:05:54.126624488Z, org.opencontainers.image.vendor=openSUSE Project, org.opensuse.base.reference=registry.opensuse.org/opensuse/tumbleweed:20260930.37.208, org.opencontainers.image.url=https://www.opensuse.org, org.opensuse.lifecycle-url=https://en.opensuse.org/Lifetime, org.opensuse.base.vendor=openSUSE Project, org.openbuildservice.disturl=obs://build.opensuse.org/openSUSE:Factory/images/561f9d4c8e4e1a441f95ad4ec6b5a914-opensuse-tumbleweed-image:docker, org.opencontainers.image.title=openSUSE Tumbleweed Base Container, org.opensuse.base.source=https://build.opensuse.org/package/show/openSUSE:Factory/opensuse-tumbleweed-image?rev=561f9d4c8e4e1a441f95ad4ec6b5a914, org.opensuse.base.url=https://www.opensuse.org, org.qdistro.snapshot=20260930, org.opensuse.base.title=openSUSE Tumbleweed Base Container, qdistro_tier3s_token=03f8d3e0b857b4aa4d168fe10d4c4e5b, io.buildah.version=1.44.1, org.opensuse.base.disturl=obs://build.opensuse.org/openSUSE:Factory/images/561f9d4c8e4e1a441f95ad4ec6b5a914-opensuse-tumbleweed-image:docker, org.opensuse.base.version=20260930.37.208, org.opensuse.base.lifecycle-url=https://en.opensuse.org/Lifetime)
Oct 03 16:44:25 baseweed-admin systemd[862]: Started podman-13791.scope.
Oct 03 16:44:25 baseweed-admin conmon[13786]: conmon ff5cf8118f5533a28685 <nwarn>: Failed to open cgroups file: /sys/fs/cgroup/user.slice/user-1000.slice/user@1000.service/app.slice/qdshell.service/memory.events
Oct 03 16:44:25 baseweed-admin podman[13810]: 2026-10-03 16:44:25.689692617 +0000 UTC m=+0.056981579 container exec_died ff5cf8118f5533a28685596748667115c443c8a83305b4aa72d2ac3ed6309b01 (image=localhost/qdistro/tier3s-weston-terminal:latest, name=qdistro-tier3s-s125b, org.opensuse.base.created=2026-09-30T20:05:54.126624488Z, org.qdistro.snapshot=20260930, qdistro_tier3s_token=03f8d3e0b857b4aa4d168fe10d4c4e5b, org.opencontainers.image.title=openSUSE Tumbleweed Base Container, org.opencontainers.image.created=2026-09-30T20:05:54.126624488Z, org.opencontainers.image.source=https://build.opensuse.org/package/show/openSUSE:Factory/opensuse-tumbleweed-image?rev=561f9d4c8e4e1a441f95ad4ec6b5a914, org.opensuse.base.disturl=obs://build.opensuse.org/openSUSE:Factory/images/561f9d4c8e4e1a441f95ad4ec6b5a914-opensuse-tumbleweed-image:docker, org.opensuse.base.lifecycle-url=https://en.opensuse.org/Lifetime, org.qdistro.tier3s.workload=weston-terminal, org.opensuse.base.url=https://www.opensuse.org, org.opensuse.base.version=20260930.37.208, io.buildah.version=1.44.1, execID=1fc61288fd89784bfc4d47d69c8689ed9dd82c51b82c2a9a516aef5b4e6016bc, qdistro_tier3s_unit=qdistro-tier3s-silo@s125b.service, org.opensuse.base.vendor=openSUSE Project, org.openbuildservice.disturl=obs://build.opensuse.org/openSUSE:Factory/images/561f9d4c8e4e1a441f95ad4ec6b5a914-opensuse-tumbleweed-image:docker, org.opensuse.base.description=Image containing a minimal environment for containers based on openSUSE Tumbleweed., org.opensuse.base.reference=registry.opensuse.org/opensuse/tumbleweed:20260930.37.208, org.opensuse.lifecycle-url=https://en.opensuse.org/Lifetime, org.opencontainers.image.description=Image containing a minimal environment for containers based on openSUSE Tumbleweed., org.opensuse.base.source=https://build.opensuse.org/package/show/openSUSE:Factory/opensuse-tumbleweed-image?rev=561f9d4c8e4e1a441f95ad4ec6b5a914, org.opensuse.base.title=openSUSE Tumbleweed Base Container, org.opencontainers.image.url=https://www.opensuse.org, org.opencontainers.image.vendor=openSUSE Project, org.opensuse.reference=registry.opensuse.org/opensuse/tumbleweed:20260930.37.208, org.opencontainers.image.version=20260930.37.208)
Oct 03 16:44:25 baseweed-admin podman[13772]: 2026-10-03 16:44:25.723036362 +0000 UTC m=+0.238099396 container exec_died ff5cf8118f5533a28685596748667115c443c8a83305b4aa72d2ac3ed6309b01 (image=localhost/qdistro/tier3s-weston-terminal:latest, name=qdistro-tier3s-s125b, org.opencontainers.image.title=openSUSE Tumbleweed Base Container, org.qdistro.tier3s.workload=weston-terminal, qdistro_tier3s_unit=qdistro-tier3s-silo@s125b.service, org.opensuse.reference=registry.opensuse.org/opensuse/tumbleweed:20260930.37.208, org.opensuse.base.disturl=obs://build.opensuse.org/openSUSE:Factory/images/561f9d4c8e4e1a441f95ad4ec6b5a914-opensuse-tumbleweed-image:docker, org.opensuse.base.vendor=openSUSE Project, org.opensuse.base.description=Image containing a minimal environment for containers based on openSUSE Tumbleweed., qdistro_tier3s_token=03f8d3e0b857b4aa4d168fe10d4c4e5b, org.opensuse.base.reference=registry.opensuse.org/opensuse/tumbleweed:20260930.37.208, org.opensuse.base.source=https://build.opensuse.org/package/show/openSUSE:Factory/opensuse-tumbleweed-image?rev=561f9d4c8e4e1a441f95ad4ec6b5a914, org.opensuse.base.url=https://www.opensuse.org, org.opensuse.lifecycle-url=https://en.opensuse.org/Lifetime, org.opencontainers.image.version=20260930.37.208, execID=1fc61288fd89784bfc4d47d69c8689ed9dd82c51b82c2a9a516aef5b4e6016bc, io.buildah.version=1.44.1, org.opensuse.base.lifecycle-url=https://en.opensuse.org/Lifetime, org.openbuildservice.disturl=obs://build.opensuse.org/openSUSE:Factory/images/561f9d4c8e4e1a441f95ad4ec6b5a914-opensuse-tumbleweed-image:docker, org.opencontainers.image.created=2026-09-30T20:05:54.126624488Z, org.opencontainers.image.vendor=openSUSE Project, org.opencontainers.image.url=https://www.opensuse.org, org.opencontainers.image.description=Image containing a minimal environment for containers based on openSUSE Tumbleweed., org.opensuse.base.version=20260930.37.208, org.opensuse.base.title=openSUSE Tumbleweed Base Container, org.opencontainers.image.source=https://build.opensuse.org/package/show/openSUSE:Factory/opensuse-tumbleweed-image?rev=561f9d4c8e4e1a441f95ad4ec6b5a914, org.opensuse.base.created=2026-09-30T20:05:54.126624488Z, org.qdistro.snapshot=20260930)
Oct 03 16:44:25 baseweed-admin qs[13849]: Detected locale "C" with character encoding "ANSI_X3.4-1968", which is not UTF-8.
                                          Qt depends on a UTF-8 locale, and has switched to "C.UTF-8" instead.
                                          If this causes problems, reconfigure your locale. See the locale(1) manual
                                          for more information.
Oct 03 16:44:25 baseweed-admin dbus-run-session[1026]:   INFO qml: [20261003-164425]  Tier3FocusIPC findSiloHandle silo=s125b → HANDLE=3
Oct 03 16:44:25 baseweed-admin dbus-run-session[1026]:   INFO qml: [20261003-164425]        PodApps cache refresh loaded 0 apps
Oct 03 16:44:25 baseweed-admin systemd[862]: Started podman-13864.scope.
Oct 03 16:44:26 baseweed-admin dbus-run-session[1026]:   WARN qml: [20261003-164426]       Location Weather is still fetching
Oct 03 16:44:26 baseweed-admin dbus-run-session[1026]:   INFO qml: [20261003-164426]        PodApps cache refresh loaded 0 apps
Oct 03 16:44:26 baseweed-admin dbus-run-session[1026]:  ERROR qml: [20261003-164426]       Location Geocoding error: 0
Oct 03 16:44:26 baseweed-admin weston[938]: [16:44:26.264] qdwin: toplevel_removed handle=3
Oct 03 16:44:26 baseweed-admin weston[938]: [16:44:26.265] qdwin: focus handle=4294967295 (was 3) seat=default
Oct 03 16:44:26 baseweed-admin weston[938]: [16:44:26.265] qdwin: seat_focus_changed seat=default handle=4294967295
Oct 03 16:44:26 baseweed-admin podman[13169]: 2026-10-03 16:44:26.285119032 +0000 UTC m=+4.762544690 container died ff5cf8118f5533a28685596748667115c443c8a83305b4aa72d2ac3ed6309b01 (image=localhost/qdistro/tier3s-weston-terminal:latest, name=qdistro-tier3s-s125b, org.opensuse.lifecycle-url=https://en.opensuse.org/Lifetime, org.opencontainers.image.version=20260930.37.208, qdistro_tier3s_unit=qdistro-tier3s-silo@s125b.service, org.opensuse.base.url=https://www.opensuse.org, org.opensuse.base.version=20260930.37.208, org.opencontainers.image.vendor=openSUSE Project, org.qdistro.snapshot=20260930, org.opencontainers.image.created=2026-09-30T20:05:54.126624488Z, qdistro_tier3s_token=03f8d3e0b857b4aa4d168fe10d4c4e5b, org.opencontainers.image.title=openSUSE Tumbleweed Base Container, org.opensuse.base.vendor=openSUSE Project, org.qdistro.tier3s.workload=weston-terminal, org.opensuse.base.source=https://build.opensuse.org/package/show/openSUSE:Factory/opensuse-tumbleweed-image?rev=561f9d4c8e4e1a441f95ad4ec6b5a914, org.opencontainers.image.url=https://www.opensuse.org, org.opencontainers.image.description=Image containing a minimal environment for containers based on openSUSE Tumbleweed., org.opensuse.base.disturl=obs://build.opensuse.org/openSUSE:Factory/images/561f9d4c8e4e1a441f95ad4ec6b5a914-opensuse-tumbleweed-image:docker, org.opensuse.reference=registry.opensuse.org/opensuse/tumbleweed:20260930.37.208, io.buildah.version=1.44.1, org.opensuse.base.title=openSUSE Tumbleweed Base Container, org.openbuildservice.disturl=obs://build.opensuse.org/openSUSE:Factory/images/561f9d4c8e4e1a441f95ad4ec6b5a914-opensuse-tumbleweed-image:docker, org.opensuse.base.lifecycle-url=https://en.opensuse.org/Lifetime, org.opencontainers.image.source=https://build.opensuse.org/package/show/openSUSE:Factory/opensuse-tumbleweed-image?rev=561f9d4c8e4e1a441f95ad4ec6b5a914, org.opensuse.base.reference=registry.opensuse.org/opensuse/tumbleweed:20260930.37.208, org.opensuse.base.created=2026-09-30T20:05:54.126624488Z, org.opensuse.base.description=Image containing a minimal environment for containers based on openSUSE Tumbleweed.)
Oct 03 16:44:26 baseweed-admin podman[13169]: 2026-10-03 16:44:26.559980554 +0000 UTC m=+5.037406202 container remove ff5cf8118f5533a28685596748667115c443c8a83305b4aa72d2ac3ed6309b01 (image=localhost/qdistro/tier3s-weston-terminal:latest, name=qdistro-tier3s-s125b, org.opencontainers.image.description=Image containing a minimal environment for containers based on openSUSE Tumbleweed., org.opensuse.base.disturl=obs://build.opensuse.org/openSUSE:Factory/images/561f9d4c8e4e1a441f95ad4ec6b5a914-opensuse-tumbleweed-image:docker, org.opensuse.base.url=https://www.opensuse.org, qdistro_tier3s_unit=qdistro-tier3s-silo@s125b.service, org.openbuildservice.disturl=obs://build.opensuse.org/openSUSE:Factory/images/561f9d4c8e4e1a441f95ad4ec6b5a914-opensuse-tumbleweed-image:docker, org.opencontainers.image.version=20260930.37.208, org.opensuse.base.lifecycle-url=https://en.opensuse.org/Lifetime, org.opencontainers.image.url=https://www.opensuse.org, qdistro_tier3s_token=03f8d3e0b857b4aa4d168fe10d4c4e5b, org.opensuse.base.source=https://build.opensuse.org/package/show/openSUSE:Factory/opensuse-tumbleweed-image?rev=561f9d4c8e4e1a441f95ad4ec6b5a914, org.opensuse.base.title=openSUSE Tumbleweed Base Container, org.opensuse.base.version=20260930.37.208, org.opensuse.base.description=Image containing a minimal environment for containers based on openSUSE Tumbleweed., org.opensuse.reference=registry.opensuse.org/opensuse/tumbleweed:20260930.37.208, org.opensuse.lifecycle-url=https://en.opensuse.org/Lifetime, org.opencontainers.image.vendor=openSUSE Project, org.opensuse.base.reference=registry.opensuse.org/opensuse/tumbleweed:20260930.37.208, org.qdistro.tier3s.workload=weston-terminal, org.qdistro.snapshot=20260930, org.opencontainers.image.created=2026-09-30T20:05:54.126624488Z, org.opensuse.base.vendor=openSUSE Project, org.opensuse.base.created=2026-09-30T20:05:54.126624488Z, io.buildah.version=1.44.1, org.opencontainers.image.title=openSUSE Tumbleweed Base Container, org.opencontainers.image.source=https://build.opensuse.org/package/show/openSUSE:Factory/opensuse-tumbleweed-image?rev=561f9d4c8e4e1a441f95ad4ec6b5a914)
Oct 03 16:44:27 baseweed-admin dbus-run-session[1026]:   WARN: Process failed to start, likely because the binary could not be found. Command: QList("bluetoothctl", "show")
Oct 03 16:44:27 baseweed-admin systemd[862]: qdistro-polkit-agent.service: Scheduled restart job, restart counter is at 39.
Oct 03 16:44:27 baseweed-admin systemd[862]: Started qdistro polkit authentication agent (PAM / fprintd / broker).
Oct 03 16:44:28 baseweed-admin qdistro-polkit-agent[15224]: registration failed: org.freedesktop.PolicyKit1.Error.Failed: Cannot determine session the caller is in
Oct 03 16:44:28 baseweed-admin python3[15224]: qdistro-polkit-agent: registration failed: org.freedesktop.PolicyKit1.Error.Failed: Cannot determine session the caller is in
Oct 03 16:44:28 baseweed-admin systemd[862]: qdistro-polkit-agent.service: Main process exited, code=exited, status=1/FAILURE
Oct 03 16:44:28 baseweed-admin systemd[862]: qdistro-polkit-agent.service: Failed with result 'exit-code'.
Oct 03 16:44:28 baseweed-admin systemd[862]: Started podman-15483.scope.
Oct 03 16:44:28 baseweed-admin systemd[862]: Started podman-15541.scope.
Oct 03 16:44:28 baseweed-admin systemd[862]: Started podman-15609.scope.
Oct 03 16:44:28 baseweed-admin systemd[862]: Started podman-15619.scope.
Oct 03 16:44:28 baseweed-admin systemd[862]: Started podman-15674.scope.
Oct 03 16:44:29 baseweed-admin dbus-run-session[1026]:   WARN: Process failed to start, likely because the binary could not be found. Command: QList("bluetoothctl", "show")
